run_date,ticker,close,rs_rank,template_score,passes_template,dist_50d,dist_200d,off_52w_low,off_52w_high,base_tight,vol_dryup,new_today,universe_policy
2026-08-28,ANRO,35.130001068115234,99,8,True,0.2225424256366817,0.6200026768135727,9.302052839848372,-0.0627000667775589,False,True,False,all
2026-08-28,TXG,61.540000915527344,99,8,True,0.28015511684939876,1.214063324112074,4.514337074995377,-0.08066927590278505,False,True,False,all
2026-08-28,SLS,13.210000038146973,99,8,True,0.0707801078788024,1.033089652192762,8.503597247551815,-0.16813602374384784,False,True,False,all
2026-08-28,BWET,426.3800048828125,99,8,True,0.5682334764375201,2.20206808483003,32.75930332694907,-0.120575843364079,False,False,False,all
2026-08-28,DLLL,25.030000686645508,99,8,True,0.046425380873867494,1.3444698025729833,10.547866420478632,-0.22037062627218462,False,True,False,all
2026-08-28,MRNA,137.99000549316406,99,8,True,0.7970092537587072,1.6658180222750727,5.193447093377982,-0.21889503774101515,False,False,False,all
2026-08-28,IMMX,13.9399995803833,99,8,True,0.31700768733073903,0.688571206014553,6.185566582073135,-0.07682124316433425,False,True,False,all
2026-08-28,CLYM,14.569999694824219,99,8,True,0.056624000947449904,0.7370103848887257,8.461038997230009,-0.20512821846873308,False,True,False,all
2026-08-28,ETON,59.779998779296875,99,8,True,0.3264635647012615,1.1977496292638454,3.1892079090139926,-0.0992919043931263,False,False,False,all
2026-08-28,TWST,141.3800048828125,99,8,True,0.32474785067007383,1.2726707236974302,5.067811567046581,-0.09045289074730767,False,False,False,all
2026-08-28,QMCO,22.260000228881836,99,8,True,0.5333957991059097,1.3998835893131227,4.312649146751697,-0.19928054533157202,False,True,False,all
2026-08-28,ABCL,11.350000381469727,98,8,True,0.44306571096888625,1.295201391446334,3.13479083958433,-0.09777420903783052,False,True,False,all
2026-08-28,BFLY,8.430000305175781,98,8,True,0.038637849561205195,0.6804378075810946,4.734693973540728,-0.16119401540435463,False,True,False,all
2026-08-28,PLSE,47.56999969482422,98,8,True,0.3473630463769146,1.0567275364557904,2.7874202313343504,-0.06542243086891908,False,True,False,all
2026-08-28,DNTH,105.83999633789062,98,8,True,0.024124564758355005,0.4249219525463832,3.6400700927643754,-0.10213777736729834,False,True,False,all
2026-08-28,PRAX,344.75,98,8,True,0.031247629277601163,0.13521020562211805,8.269965386672766,-0.12210341409857672,False,True,False,all
2026-08-28,CRNX,84.83999633789062,98,8,True,0.1487684483391185,0.6889875167515676,1.8046279781120869,-0.0005301972928929422,True,True,False,all
2026-08-28,LITE,895.0,98,8,True,0.09916170270591529,0.337127837954712,6.16,-0.17563190284207442,False,True,False,all
2026-08-28,CDNA,49.790000915527344,98,8,True,0.2982915680975171,1.0558621825906975,3.0250607418075175,-0.07231093914928655,True,False,False,all
2026-08-28,CRWL,75.04000091552734,98,8,True,0.14735746908989777,0.877213409951765,3.9206557977394976,-0.11888686539254179,False,False,False,all
2026-08-28,DELL,456.239990234375,98,8,True,0.05326435324364476,0.8642528218741858,3.1393575138944687,-0.11237355985530151,False,True,False,all
2026-08-28,OMER,18.610000610351562,98,8,True,0.46977527728017865,0.5700998188244288,3.7233503401216463,-0.05292615920450072,False,True,False,all
2026-08-28,DRTS,14.640000343322754,98,8,True,0.13735241541787535,0.7183905716217314,3.60377359622255,-0.030463577915631812,False,True,False,all
2026-08-28,AMLX,34.7400016784668,98,8,True,0.5454149783303037,1.1262727860854014,2.7987971503024016,-0.15556630544802574,False,False,False,all
2026-08-28,IOVA,8.010000228881836,98,8,True,0.46585173633757937,1.1201414002876793,3.551136518343668,-0.1442307133881513,False,True,False,all
2026-08-28,MBX,63.0,98,8,True,0.02431196167687011,0.5827425766231695,5.542055997021921,-0.13270924381398308,False,True,False,all
2026-08-28,RVMD,207.8800048828125,98,8,True,0.07820516394498678,0.5931464735996295,4.534611216245491,-0.07324681402793665,False,True,False,all
2026-08-28,MEI,18.209999084472656,97,8,True,0.14547027380519162,0.8220475889386574,2.7315571019323435,-0.10647694630289273,False,True,False,all
2026-08-28,XMAX,8.930000305175781,97,8,True,0.01803509692811378,0.23431197686545713,4.41212147527928,-0.04999992898169692,False,True,False,all
2026-08-28,CMPS,13.729999542236328,97,8,True,0.05067413757035499,0.5312893327386752,2.1204543737833204,-0.10844156608189093,False,True,False,all
2026-08-28,APGE,134.97000122070312,97,8,True,0.013735801656573177,0.4849700160156283,2.8137893062575694,-0.0001481907670709548,False,True,False,all
2026-08-28,DK,72.25,97,8,True,0.19361510741720722,0.6355904471771963,1.794970945214824,-0.014644619427706451,False,False,False,all
2026-08-28,LABU,295.760009765625,97,8,True,0.07081828063739826,0.5130618231408823,3.3494119083180145,-0.13502759014748011,False,True,False,all
2026-08-28,CADL,13.069999694824219,97,8,True,0.23553653159333754,0.818782676477372,2.0045976968655137,-0.06642859322684147,False,True,False,all
2026-08-28,NESR,34.439998626708984,97,8,True,0.1606393216311146,0.503616544029905,2.909193755544382,-0.06767731708014757,False,True,False,all
2026-08-28,RNG,69.37999725341797,97,8,True,0.3578096032028304,0.792808799202839,1.8740678959241839,-0.014838562343715278,False,True,False,all
2026-08-28,ELVN,57.86000061035156,97,8,True,0.06119770508772082,0.577204959765182,2.9134258510309747,-0.0715660960576524,False,True,False,all
2026-08-28,PSNL,17.06999969482422,97,8,True,0.22486759671626388,0.7673917494897389,2.6693894834035143,-0.09634726064742827,False,False,False,all
2026-08-28,ACRS,6.010000228881836,97,8,True,0.06802676749180714,0.457959392884008,2.454023101115922,-0.08939389155696942,False,True,False,all
2026-08-28,FET,80.61000061035156,97,8,True,0.2862080188312768,0.5423515410730013,2.215396952198358,-0.07789976780179009,False,True,False,all
2026-08-28,MRVI,7.679999828338623,97,8,True,0.1639537801052906,0.7444633388152748,2.3610501268522435,-0.18471340062237884,False,False,False,all
2026-08-28,VSXY,87.8499984741211,97,8,True,0.02576974883337968,0.4226789537832838,3.0094017291925237,-0.1425922383456828,False,True,False,all
2026-08-28,INBX,123.41000366210938,97,8,True,0.31020318120417745,0.40596762801326314,3.712103900174662,-0.20529326423037642,False,False,False,all
2026-08-28,MAN,62.38999938964844,97,8,True,0.2699271990377161,0.8074889351980361,1.480715719123912,-0.023325010230948573,True,True,False,all
2026-08-28,TVTX,65.66999816894531,97,8,True,0.10737878594577932,0.5769406535406623,2.802547563884029,-0.032129703083298655,False,True,False,all
2026-08-28,PBF,71.27999877929688,97,8,True,0.1793514041905071,0.6430607044905128,1.7822012663692681,-0.058139554811523775,False,True,False,all
2026-08-28,CLMT,47.75,97,8,True,0.14162893039875057,0.5499623453704967,1.984375,-0.07281553398058249,False,True,False,all
2026-08-28,RAPP,48.77000045776367,96,8,True,0.12460079845972949,0.4245353440442121,2.4564140074010807,-0.07859436658656738,False,True,False,all
2026-08-28,DINO,99.70999908447266,96,8,True,0.18142608886962241,0.5484638283251357,1.181360776232074,-0.004194528917067064,False,True,False,all
2026-08-28,VLO,352.3599853515625,96,8,True,0.1634302761259352,0.4994226877954937,1.3566076463553265,-0.0018130726584631995,False,True,False,all
2026-08-28,ACHV,8.100000381469727,96,8,True,0.22497131892002198,0.603325488385988,2.0916033340746756,-0.05923336765896425,False,True,False,all
2026-08-28,LFST,12.3100004196167,96,8,True,0.1044519445581813,0.5242978069769362,1.5807128865492435,-0.05052061128132335,False,True,False,all
2026-08-28,HNST,5.670000076293945,96,8,True,0.3250449925847372,0.7573358097519451,1.7391305599761537,-0.048641727344414076,False,False,False,all
2026-08-28,ARWR,84.91000366210938,96,8,True,0.015690552182633377,0.21217750131534552,2.929199503189094,-0.11079688384488251,True,True,False,all
2026-08-28,MPC,368.8299865722656,96,8,True,0.19612286795660583,0.5561724467778975,1.2777126119602977,-0.0007856755222100942,False,False,False,all
2026-08-28,URGN,43.619998931884766,96,8,True,0.04554669620478102,0.5706282758352594,1.7503152507018016,-0.14150762147362927,False,False,False,all
2026-08-28,ATAI,7.289999961853027,96,8,True,0.1368066459263657,0.5894039642841196,1.2327717389359725,-0.021476490135359017,True,True,False,all
2026-08-28,AXGN,51.470001220703125,96,8,True,0.15053785461226488,0.39398021533597505,2.377296718747047,-0.027216001339289697,False,True,False,all
2026-08-28,HPE,52.310001373291016,96,8,True,0.05499445649013257,0.6086327137360743,1.6365927908759517,-0.1858365545013072,False,True,False,all
2026-08-28,AYA,27.969999313354492,96,8,True,0.25917251748195813,0.5661132368588517,2.2561116200828044,-0.07506615327198907,False,False,False,all
2026-08-28,PANW,371.5899963378906,96,8,True,0.08204295205040646,0.6185385865782094,1.6623914654865168,-0.06841658697065911,False,True,False,all
2026-08-28,CAKE,112.06999969482422,96,8,True,0.19159768070013472,0.6712173914000394,1.6020431968633568,-0.05394225425488808,False,True,False,all
2026-08-28,KNSA,78.08000183105469,96,8,True,0.12018136661075518,0.5039745023342186,1.3482707317610432,-0.05859658147207025,True,True,False,all
2026-08-28,PUBM,16.81999969482422,96,8,True,0.18217596384949664,0.6442158841218137,1.7349592575606794,-0.08785253754420186,False,False,False,all
2026-08-28,HZO,52.18000030517578,96,8,True,0.29529691622083676,0.6701528300374515,1.4360410886704291,-0.005337376747681866,False,True,False,all
2026-08-28,OKTA,166.22999572753906,96,8,True,0.1800676559186165,0.6668295613945512,1.6528885434461813,-0.04929945710652872,False,False,False,all
2026-08-28,NRIX,26.209999084472656,96,8,True,0.08128397948456212,0.41099451162151746,2.1982916486288966,-0.0715551006205809,False,True,False,all
2026-08-28,TH,18.549999237060547,96,8,True,0.06306157894154185,0.4825825963031205,2.107202661470286,-0.11031180346899594,False,False,False,all
2026-08-28,DSGN,15.109999656677246,96,8,True,0.0875745631528031,0.31986099548792635,1.9656526553279559,-0.12405799091726111,False,True,False,all
2026-08-28,KYMR,118.1500015258789,96,8,True,0.051922138422915154,0.34672422634274525,1.9656124767410228,-0.09150327755965448,False,True,False,all
2026-08-28,AAMI,95.76000213623047,95,8,True,0.13959574085525905,0.5008863666197361,1.3091391202666296,-0.025839276059736793,False,True,False,all
2026-08-28,PGEN,6.949999809265137,95,8,True,0.15184457505421278,0.5184950105588517,1.3244146445143112,-0.09974093288251218,False,False,False,all
2026-08-28,OSCR,30.469999313354492,95,8,True,0.008719923392055184,0.5177892848585472,1.8503274564452283,-0.09174916512278775,False,True,True,all
2026-08-28,HNGE,87.3499984741211,95,8,True,0.048443221284693916,0.5723751304567157,1.9039228289784846,-0.08601026731140915,False,True,False,all
2026-08-28,SN,191.22999572753906,95,8,True,0.17346948052968436,0.5183020825771227,1.3006495357148267,-0.01696398022138379,False,True,False,all
2026-08-28,GEO,32.279998779296875,95,8,True,0.05266586987656674,0.5257397105633124,1.5803355866270925,-0.026244425536537386,False,False,False,all
2026-08-28,ECO,66.86000061035156,95,8,True,0.15005402304086757,0.3842793538772953,1.5335355118112513,-0.01400968857757745,False,False,False,all
2026-08-28,CGAU,23.440000534057617,95,8,True,0.2726542556147349,0.36663239674388004,2.0323415881268163,-0.04404173190144689,False,False,False,all
2026-08-28,LIND,29.59000015258789,95,8,True,0.005600644048753267,0.44396053253392687,1.6024626605467112,-0.1545714242117745,False,True,False,all
2026-08-28,BVS,13.84000015258789,95,8,True,0.11645317324488325,0.4506387294729375,1.2126298799956028,-0.12917633812336715,False,True,False,all
2026-08-28,ATI,210.75999450683594,95,8,True,0.043300202543360866,0.35225607246012425,1.830893259181149,-0.13470465094542217,False,True,False,all
2026-08-28,GKOS,179.8699951171875,95,8,True,0.10804054833815369,0.41478913863808886,1.4585837358335834,-0.061319279299710594,False,True,False,all
2026-08-28,IMVT,41.20000076293945,95,8,True,0.02436092087897901,0.36638869195593204,1.8472702144185402,-0.0929105586994754,False,True,False,all
2026-08-28,CXW,33.810001373291016,95,8,True,0.07318347240477352,0.4927284766886695,1.1480306140366077,-0.030120459514528908,False,False,False,all
2026-08-28,KFRC,58.099998474121094,95,8,True,0.051321089443488566,0.48334993118389846,1.3723968565585807,-0.05804153393874545,True,True,False,all
2026-08-28,MRX,72.83999633789062,95,8,True,0.10242198184041129,0.4718823060505426,1.6098171528526377,-0.033952322761023224,False,True,False,all
2026-08-28,PTGX,144.3300018310547,95,8,True,0.04486862569143368,0.381096469424002,1.6482569143312786,-0.10248116396826823,False,True,False,all
2026-08-28,SEPN,38.90999984741211,95,8,True,0.04214653085216202,0.3288605339192794,2.325641066814342,-0.2385518393485363,False,True,False,all
2026-08-28,TGB,9.180000305175781,95,8,True,0.2018538818445863,0.3185961292130697,1.9235668784972644,-0.06517305596106682,False,True,False,all
2026-08-28,PARR,78.8499984741211,95,8,True,0.10520544995947767,0.431823130582913,1.445719428320789,-0.09399058278651473,False,True,False,all
2026-08-28,TWLO,237.77999877929688,95,8,True,0.1273115785016461,0.48091771560845165,1.4154814392739272,-0.07963135051503645,False,True,False,all
2026-08-28,EWTX,42.7599983215332,95,8,True,0.019476342732487995,0.3169737706675868,2.1245887475632874,-0.11652898815158219,False,True,False,all
2026-08-28,CRWD,218.39999389648438,95,8,True,0.11299750743915427,0.5547092272924377,1.54901952752784,-0.04662130194344405,False,False,False,all
2026-08-28,FROG,98.73999786376953,95,8,True,0.1239958209677472,0.5218613083776007,1.899853159359234,-0.06637498990957313,False,True,False,all
2026-08-28,CGEM,21.700000762939453,95,8,True,0.16433803443383677,0.5196903746454196,2.8204227849926915,-0.06425182133695517,False,True,False,all
2026-08-28,FTNT,166.0,95,8,True,0.05434045680746724,0.5354603483402374,1.2569679552995296,-0.045373508639612536,False,True,False,all
2026-08-28,MYE,32.79999923706055,94,8,True,0.01938697453943372,0.37926101031180237,1.1106820667681259,-0.12416559228699808,False,True,False,all
2026-08-28,MGTX,13.819999694824219,94,8,True,0.06866684391597055,0.44289745544745673,1.0876132830411782,-0.09967430935653265,False,True,False,all
2026-08-28,ECPG,98.94000244140625,94,8,True,0.053678635166322985,0.35318018805195184,1.4765957584959608,-0.057534775408524697,False,True,False,all
2026-08-28,ILMN,215.58999633789062,94,8,True,0.1140600163428307,0.4417880927327391,1.4498863220214844,-0.06997110302200515,False,True,False,all
2026-08-28,PRCH,17.399999618530273,94,8,True,0.17270426782107196,0.685695286338802,1.735848939191043,-0.10475412220259306,False,True,False,all
2026-08-28,FDMT,14.670000076293945,94,8,True,0.20844179150149666,0.4660580605438498,1.4572865312986898,-0.1334908557674932,False,False,False,all
2026-08-28,BJRI,65.12000274658203,94,8,True,0.013152990755949556,0.40728652787045183,1.2881238524744196,-0.12707769331694685,True,True,True,all
2026-08-28,DCTH,16.34000015258789,94,8,True,0.16684282382543114,0.4765382854859177,1.0123153180885596,-0.06199769913754338,False,True,False,all
2026-08-28,GH,161.5,94,8,True,0.030189986636460997,0.39533879223002666,2.024344482869224,-0.08540039457855875,False,True,False,all
2026-08-28,IMNM,27.56999969482422,94,8,True,0.1438979515097245,0.24887319063314384,2.1817657029658335,-0.08283432519482592,False,True,False,all
2026-08-28,ERO,38.83000183105469,94,8,True,0.3045611473272545,0.35715852258406033,1.7915170565784604,-0.048983588300474445,False,False,False,all
2026-08-28,PSX,244.00999450683594,94,8,True,0.1849701144454674,0.4391272289971879,0.925280090103187,-0.0119052540098733,False,True,False,all
2026-08-28,PTEN,12.430000305175781,94,8,True,0.20345450554907596,0.3355252120774712,1.4372550073746142,-0.04969416072795385,False,True,False,all
2026-08-28,VCTR,118.30999755859375,94,8,True,0.1737219397943215,0.49621611122934284,1.0745221829031992,-0.04241202236934716,False,False,False,all
2026-08-28,DAVE,378.54998779296875,94,8,True,0.014182717456485472,0.47738989552695266,1.4870243157178753,-0.17392255800770595,False,True,False,all
2026-08-28,OII,50.59000015258789,94,8,True,0.10311113478871348,0.4121975527783541,1.2974568165711,-0.06746543497533841,True,True,False,all
2026-08-28,WT,24.43000030517578,94,8,True,0.19316240362123138,0.467628682254595,1.285313495241486,-0.056027778308006315,False,True,False,all
2026-08-28,CGON,74.33999633789062,94,8,True,0.02034648950747675,0.23451146367204379,1.8352402091798465,-0.08188223765417557,False,True,False,all
2026-08-28,OOMA,22.90999984741211,94,8,True,0.12222504309323434,0.4768401592067115,1.339426052262676,-0.12523866436658437,False,False,False,all
2026-08-28,ADPT,25.190000534057617,94,8,True,0.10283174534165229,0.4457734819996204,1.0991667111714682,-0.06252326954611709,False,True,False,all
2026-08-28,TGTX,53.93000030517578,94,8,True,0.010509834761338821,0.40477920155789127,1.0153213693537118,-0.09055647556448354,False,True,False,all
2026-08-28,CHEF,115.0,94,8,True,0.11885989236350625,0.5105839409497721,1.1616541043381354,-0.01985853400402815,True,True,False,all
2026-08-28,CRL,291.5,94,8,True,0.1893046614831937,0.47854336574568146,1.0206572237612757,-0.038937053356812856,False,True,False,all
2026-08-28,RELY,26.549999237060547,93,8,True,0.10917541745764758,0.4459543475287493,1.1978476328429646,-0.022099461874769855,False,True,False,all
2026-08-28,SLDB,9.770000457763672,93,8,True,0.06583760552080098,0.3624320800543612,1.5778365583378187,-0.14672483663641978,False,True,False,all
2026-08-28,CMBT,18.350000381469727,93,8,True,0.14805177510480894,0.36402326473921076,1.2966208895024445,-0.026008480209638307,False,False,False,all
2026-08-28,ARKG,47.63999938964844,93,8,True,0.1330231881187327,0.447251182350366,0.9685949540384164,-0.05728703802325086,False,False,False,all
2026-08-28,XMTR,94.11000061035156,93,8,True,0.027581245958536504,0.38407236879105655,1.6243725323079108,-0.11283937607549077,False,True,False,all
2026-08-28,EAT,230.19000244140625,93,8,True,0.13129044186771432,0.4312245688431018,1.295014909646825,-0.09725872590101448,False,True,False,all
2026-08-28,PLPC,404.04998779296875,93,8,True,0.04463285436023301,0.32796795960235414,1.1956851342896955,-0.19940956658859443,False,True,False,all
2026-08-28,NAT,6.769999980926514,93,8,True,0.06678011757387847,0.3089713799654903,1.2871621262426358,-0.05972219996246231,False,True,False,all
2026-08-28,RHI,45.310001373291016,93,8,True,0.17924776507199547,0.5155164401511756,1.075584128797321,-0.029764440405566805,False,True,False,all
2026-08-28,NWL,6.170000076293945,93,8,True,0.09319632707984149,0.39817355673017185,1.0097720555246594,-0.1346423594303474,False,True,False,all
2026-08-28,FIVN,34.04999923706055,93,8,True,0.2565178020675347,0.6278313311187942,1.562076699382695,-0.03184529400612002,False,True,False,all
2026-08-28,TRLV,11.819999694824219,93,8,True,0.275961795310286,0.4873518071016203,1.5606584154007654,-0.10993976411928141,False,False,False,all
2026-08-28,MATX,224.30999755859375,93,8,True,0.07267054222098634,0.33030709926063184,1.579165165116693,-0.027866896860071377,False,True,False,all
2026-08-28,INSW,98.80999755859375,93,8,True,0.0904904844028196,0.3555726860199382,1.3381448528890738,-0.03468154582444194,False,True,False,all
2026-08-28,CBRL,55.65999984741211,93,8,True,0.028212099474069108,0.5308157060901326,1.2398389936813419,-0.1070110987919044,True,True,False,all
2026-08-28,CIB,97.23999786376953,93,8,True,0.10340505181072324,0.3017211002151201,0.9688195801871156,-0.060483112427347496,False,True,False,all
2026-08-28,PVLA,149.97000122070312,93,8,True,0.03186273360345182,0.2811283095904389,2.011083041316926,-0.07070270985798299,False,True,False,all
2026-08-28,AMN,34.619998931884766,93,8,True,0.031917272268183305,0.45711972450947114,1.3126251378989466,-0.06985497591472789,False,True,False,all
2026-08-28,DGII,75.7699966430664,93,8,True,0.04456167147032564,0.3470712548751018,1.2678837769864715,-0.12747581945710051,False,True,False,all
2026-08-28,NSIT,155.64999389648438,93,8,True,0.19738870121714114,0.6222556402872716,1.4465576314003434,-0.01838368177113381,False,True,False,all
2026-08-28,NTRA,326.260009765625,93,8,True,0.1483515937829496,0.4022819833089917,1.072478980091606,-0.04930352372302016,False,True,False,all
2026-08-28,RCUS,29.209999084472656,92,8,True,0.0074914853068308584,0.19852119762381237,1.8100045981870738,-0.07956519544087493,False,True,False,all
2026-08-28,VIRT,66.38999938964844,92,8,True,0.09426249207697857,0.41454859754672957,1.1042789538854474,-0.03446635993705627,False,False,False,all
2026-08-28,CTRN,67.25,92,8,True,0.02434046349557306,0.33818729056605923,1.2719594301796033,-0.13682458171021428,False,False,False,all
2026-08-28,UCO,42.58000183105469,92,8,True,0.09373559994845215,0.26515713040865485,1.3498896169397812,-0.19569318217601028,False,True,False,all
2026-08-28,MGNI,23.700000762939453,92,8,True,0.12931358993822673,0.5087997921805547,1.1903883023468498,-0.11069414250721521,False,True,False,all
2026-08-28,GCT,52.95000076293945,92,8,True,0.26687978508602606,0.3147301478881046,1.1053678555098827,-0.059001238098731035,False,True,False,all
2026-08-28,NEOG,11.65999984741211,92,8,True,0.11416885138964705,0.26303245463437497,1.3795917592809297,-0.09260704270278863,True,True,False,all
2026-08-28,CRSR,12.0,92,8,True,0.13898460174920757,0.6123018690835271,1.6785714171674786,-0.19882492651811257,False,True,False,all
2026-08-28,LILAK,8.479999542236328,92,8,True,0.09813259412586839,0.40560899952900575,0.841085545781348,-0.04061547869888138,True,True,False,all
2026-08-28,EPC,29.049999237060547,92,8,True,0.052208343442874394,0.3399847905852815,0.8467895793041149,-0.030050133654506594,True,True,False,all
2026-08-28,ZD,55.81999969482422,92,8,True,0.05526231475427035,0.31521592369615337,1.4864141558058246,-0.0385808065016211,False,True,False,all
2026-08-28,VAC,110.08999633789062,92,8,True,0.051112944077080114,0.4605725153686633,1.469492862631542,-0.1617938220839552,False,True,False,all
2026-08-28,SENEA,199.83999633789062,92,8,True,0.13353395305802263,0.3957305087703542,1.0068286067812582,-0.010349654872968794,False,True,False,all
2026-08-28,ZETA,30.540000915527344,92,8,True,0.29495674999334587,0.5441985598879113,1.1260007937438434,-0.009566991331414143,False,True,False,all
2026-08-28,GSAT,81.76000213623047,92,8,True,0.007598921500420852,0.14057252019787936,1.9580319805235136,-0.0364171643306872,False,True,False,all
2026-08-28,TGT,163.17999267578125,92,8,True,0.13150657047716074,0.35212839558960995,0.9556566143483818,-0.04433386427068087,False,False,False,all
2026-08-28,SGMT,10.550000190734863,92,8,True,0.2730936972394349,0.5596703506179264,1.3444444868299694,-0.05381160971505916,False,True,False,all
2026-08-28,HUM,385.5400085449219,92,8,True,0.0014869003186772645,0.3981657402410448,1.3636809950477926,-0.10105389816373667,False,True,False,all
2026-08-28,STGW,8.739999771118164,92,8,True,0.08517503781471425,0.3613918888483292,1.0372960020594029,-0.08481679617164184,False,True,False,all
2026-08-28,FRO,44.189998626708984,92,8,True,0.12110691139942609,0.33505132556674666,1.1757754696552656,-0.02428797232462032,False,False,False,all
2026-08-28,GUSH,43.7400016784668,92,8,True,0.18142780304882633,0.3260653898732355,1.1023792855982482,-0.10110970374791262,False,True,False,all
2026-08-28,HALO,105.3499984741211,92,8,True,0.21386628706526967,0.4382330839108861,0.7205618040459216,-0.039303347109749476,False,True,False,all
2026-08-28,KRYS,351.4599914550781,92,8,True,0.00965296015971795,0.22749843860118624,1.570467362227013,-0.08123442798578406,False,True,False,all
2026-08-28,DXPE,185.9199981689453,91,8,True,0.06651001456460293,0.28806670352175767,1.2122798208417733,-0.1061538549569937,False,True,False,all
2026-08-28,HBM,29.290000915527344,91,8,True,0.18429568418706888,0.26047621455763603,1.5337370114471436,-0.08895802409369802,False,True,False,all
2026-08-28,APA,42.540000915527344,91,8,True,0.15551356847835285,0.2855556558826631,0.9721836586643502,-0.0683311200681399,False,True,False,all
2026-08-28,ABNB,189.42999267578125,91,8,True,0.19308768819950606,0.3741408820796912,0.7095027240264586,-0.02079580152792182,False,False,False,all
2026-08-28,TBBB,48.9900016784668,91,8,True,0.13437442695252177,0.3144973441872039,1.0575389658677512,-0.05094919232540829,False,False,False,all
2026-08-28,MITK,18.850000381469727,91,8,True,0.02998713040964307,0.3372208783541524,1.209847710616967,-0.1045130135547706,False,True,False,all
2026-08-28,MLAB,129.08999633789062,91,8,True,0.2385941309605104,0.38409005614462677,1.194288497705735,-0.004396169274406114,False,True,False,all
2026-08-28,CVE,31.579999923706055,91,8,True,0.11180740828736391,0.3028778413325066,1.020473428821575,-0.05449106344389487,False,True,False,all
2026-08-28,NHC,222.6999969482422,91,8,True,0.016808613327913502,0.27996964191292095,1.0043200047241685,-0.06933008819158193,False,True,False,all
2026-08-28,LPG,49.779998779296875,91,8,True,0.14632312492359545,0.39977725815290577,1.0951177735590267,-0.04452974592651093,False,True,False,all
2026-08-28,LTH,43.5099983215332,91,8,True,0.017634911110059326,0.36038464117363156,0.8024026272424385,-0.07886106151551575,False,True,False,all
2026-08-28,WNC,13.329999923706055,91,8,True,0.04197607066625131,0.3340939486833199,1.0105580231698266,-0.06913406370224906,False,True,False,all
2026-08-28,TENB,37.66999816894531,91,8,True,0.06613001203729407,0.4571433932681812,1.3947869844368594,-0.13739409781488676,False,False,False,all
2026-08-28,FLKR,59.5,91,8,True,0.022723367025620833,0.25400081522721973,1.447753769049652,-0.1791971064502118,False,True,False,all
2026-08-28,CYRX,16.09000015258789,91,8,True,0.027340419916141334,0.37999649585860684,1.114323241825924,-0.0645349163439145,False,True,False,all
2026-08-28,ROKU,157.6750030517578,91,8,True,0.07756119463649624,0.3520335983284413,1.0078314720835855,-0.01385325127491388,False,True,False,all
2026-08-28,ERX,104.0199966430664,91,8,True,0.1463673396828391,0.2790756575948772,1.0598019137240873,-0.06347351283990632,False,False,False,all
2026-08-28,OGN,13.760000228881836,91,8,True,0.01347868776808725,0.35838180692711363,1.4182776960469026,-0.0007262330101229786,False,False,False,all
2026-08-28,EWY,180.1999969482422,91,8,True,0.01755478317947823,0.2403898834564242,1.5241630268786808,-0.18420934652468968,False,True,False,all
2026-08-28,SSRM,37.290000915527344,91,8,True,0.23704571769600924,0.34535218305191817,1.0579469750788912,-0.054273379992024307,False,True,False,all
2026-08-28,OPY,119.01000213623047,91,8,True,0.05707740033621245,0.27638697025287695,0.8650681644718556,-0.03810867970127185,False,True,False,all
2026-08-28,NTAP,187.02000427246094,91,8,True,0.06252551799109773,0.4525120488838148,0.9961575344116711,-0.1054242492275721,False,True,False,all
2026-08-28,MT,74.38999938964844,91,8,True,0.09020936321912165,0.2724123835150123,1.32978386090369,-0.020281850511495003,False,False,False,all
2026-08-28,STT,193.3300018310547,91,8,True,0.05993604003992026,0.3139517696645686,0.8475726582446823,-0.013269999193175841,False,True,False,all
2026-08-28,DYN,25.06999969482422,90,8,True,0.03171270683018301,0.26782482063895086,1.1031878803996409,-0.08185316188873681,False,True,False,all
2026-08-28,VIR,10.829999923706055,90,8,True,0.1311531830268584,0.28301952734907765,1.2799999839381169,-0.07118352783600335,False,True,False,all
2026-08-28,SKM,39.34000015258789,90,8,True,0.1438241165168226,0.28264694508695354,1.001017317289873,-0.16617210898423462,False,True,False,all
2026-08-28,SM,36.619998931884766,90,8,True,0.18021668049118733,0.39257013428862075,1.0985671822810925,-0.04261440700954866,False,True,False,all
2026-08-28,EC,16.5,90,8,True,0.018958807441724623,0.22070763948657102,0.9253209553747173,-0.09290821794608439,False,True,False,all
2026-08-28,UGP,6.449999809265137,90,8,True,0.07798238930727486,0.2464249459908121,0.8067226694333018,-0.05147064289007064,False,True,False,all
2026-08-28,NET,299.8399963378906,90,8,True,0.09413804391600578,0.3589114034423535,0.8878045261047491,-0.09746554922592254,False,True,False,all
2026-08-28,BLFS,36.380001068115234,90,8,True,0.15910078704602215,0.4451389825262353,1.0369540775395931,-0.04514429067954284,False,True,True,all
2026-08-28,TEN,42.52000045776367,90,8,True,0.0767010304131841,0.2427661350753505,1.07414636379335,-0.07262809437686146,False,True,False,all
2026-08-28,HP,42.54999923706055,90,8,True,0.1628923700699061,0.22511791760245226,1.1842915932725813,-0.05444446139865455,False,True,True,all
2026-08-28,BLMN,10.579999923706055,90,8,True,0.12740291866718478,0.43327417032874593,1.0385356082967458,-0.1623119692921403,False,True,False,all
2026-08-28,EQNR,41.38999938964844,90,8,True,0.09961051365780627,0.2552408960881498,0.8593889920964992,-0.04762999858331307,False,True,False,all
2026-08-28,CLBK,11.5600004196167,90,8,True,0.09167459793678945,0.3323341641477848,0.8617863255668221,-0.0366666316986084,False,True,False,all
2026-08-28,USO,129.6999969482422,90,8,True,0.07217726167646954,0.2262821189380393,0.9654493278814202,-0.158229520983162,False,True,False,all
2026-08-28,NMM,87.16000366210938,90,8,True,0.12152808280309535,0.30163381586121396,1.0260344661707204,-0.052196557961620926,False,False,False,all
2026-08-28,EZPW,33.0,90,8,True,0.04427075142983794,0.21905493588188762,1.0232986560734556,-0.11123083623236962,False,False,False,all
2026-08-28,ITGR,125.33000183105469,90,8,True,0.16564145283378062,0.401747928576244,1.0214516424363658,-0.006421417175464295,True,True,False,all
2026-08-28,BWLP,23.940000534057617,90,8,True,0.13626657316575574,0.3581784568958559,1.042662115068941,-0.0602551452179233,False,False,False,all
2026-08-28,CON,34.2599983215332,90,8,True,0.06594810121955086,0.3798852654604814,0.8473981224366629,-0.04568253856935045,False,True,False,all
2026-08-28,FA,21.040000915527344,90,8,True,0.03765447581489645,0.3959151508718566,1.3854877146848548,-0.16341943400964198,False,True,False,all
2026-08-28,SAFT,103.63999938964844,89,8,True,0.15742498134085636,0.3157877983728834,0.5459426905473692,-0.001541461054000104,True,True,False,all
2026-08-28,UFCS,53.97999954223633,89,8,True,0.03199212617478753,0.27134261093945433,0.8150638855975616,-0.0329630985784205,False,True,False,all
2026-08-28,BFH,105.73999786376953,89,8,True,0.004161351316821271,0.24788014924976665,0.9643320502873884,-0.07674845899951477,False,True,False,all
2026-08-28,DAR,64.31999969482422,89,8,True,0.06079797226532824,0.21965903431757083,1.206518028697909,-0.08088029995140866,False,False,False,all
2026-08-28,TNK,88.69999694824219,89,8,True,0.1484370816467826,0.2648498269207493,0.8800338358308901,-0.06077938738645583,False,False,False,all
2026-08-28,TDW,92.62000274658203,89,8,True,0.17372144903962994,0.27863365702284204,0.9854233594226454,-0.0500512538812099,False,True,False,all
2026-08-28,FCX,76.44999694824219,89,8,True,0.16494522689668112,0.2718338590948206,1.1749642568850671,-0.04723331276705611,False,False,False,all
2026-08-28,TECK,69.33999633789062,89,8,True,0.11778127363796687,0.23881039564518836,1.1887624895812285,-0.0360072842526985,False,True,False,all
2026-08-28,WHD,69.6500015258789,89,8,True,0.15932237385553494,0.2915895837638858,1.097891564015502,-0.05967325755577357,False,True,False,all
2026-08-28,WLY,53.709999084472656,89,8,True,0.056559662467714045,0.35544713306878073,0.8925299743744546,-0.06509850136256967,False,True,False,all
2026-08-28,SCCO,209.8000030517578,89,8,True,0.12527918612093303,0.19629923646646086,1.3163197790665264,-0.05356198716936933,False,True,False,all
2026-08-28,ZBRA,356.45001220703125,89,8,True,0.17376384622741492,0.40042381121656834,0.7907561253055879,-0.07710431072729618,False,True,False,all
2026-08-28,FLTW,103.44000244140625,89,8,True,0.040836560499406316,0.29179462524922917,0.9546486398426834,-0.062364007183193904,False,True,False,all
2026-08-28,CLDX,39.119998931884766,89,8,True,0.01888264324401412,0.2541194530779727,0.8019346191434906,-0.13336288301200527,False,True,False,all
2026-08-28,BNO,51.47999954223633,89,8,True,0.08701159217797816,0.21682708789166272,0.8968312711853448,-0.1534287390289817,False,True,False,all
2026-08-28,ETSY,83.58999633789062,89,8,True,0.035026674077360154,0.31842924267210315,0.8997726440429688,-0.04983293625630136,False,True,False,all
2026-08-28,EWT,107.9000015258789,89,8,True,0.04743249268456484,0.2991719917544675,0.8745656523897627,-0.04327005946300644,False,True,False,all
2026-08-28,MSGE,78.30000305175781,89,8,True,0.0027688566614856303,0.2140965917128157,0.992366528544856,-0.13394536135194113,False,True,False,all
2026-08-28,FTI,75.83999633789062,89,8,True,0.05302615341326944,0.19432312752291758,1.1490505630596788,-0.05847307927276857,False,True,False,all
2026-08-28,DAC,150.67999267578125,88,8,True,0.11060821213337935,0.28925546995220164,0.8032551110370938,-0.015034665420269544,False,False,False,all
2026-08-28,THC,266.79998779296875,88,8,True,0.16355232126991304,0.2916693479788113,0.6931081653305946,-0.05741035400392147,True,True,False,all
2026-08-28,SLDE,23.479999542236328,88,8,True,0.12993805257914026,0.270296385973662,0.8739026370807914,-0.011368440326891438,False,True,False,all
2026-08-28,SXC,10.15999984741211,88,8,True,0.1484638032715777,0.33166436525783216,0.8405796888620256,-0.019305001534071664,False,True,False,all
2026-08-28,TALO,16.670000076293945,88,8,True,0.1260774438611345,0.2216436900740557,0.8793686912480974,-0.09598700686014527,False,True,False,all
2026-08-28,LB,86.94000244140625,88,8,True,0.13097982631880045,0.28848488734242195,0.9872000558035714,-0.05180499371276004,False,True,False,all
2026-08-28,UFPT,300.04998779296875,88,8,True,0.09282030328144852,0.27190404967833093,0.7258137969608627,-0.11413895260670726,False,True,False,all
2026-08-28,VOYA,102.55000305175781,88,8,True,0.0498352093896941,0.26960824170187325,0.5899225279342297,-0.012518010991470874,False,True,False,all
2026-08-28,TRGP,287.82000732421875,88,8,True,0.04640663950275492,0.22525243959910246,0.9968087175175113,-0.06533738701588754,False,False,False,all
2026-08-28,NVRI,22.280000686645508,88,8,True,0.011706401399002475,0.1464532595731043,1.0610545626080108,-0.07933884362657895,False,True,False,all
2026-08-28,IMAX,50.380001068115234,88,8,True,0.1037208590190486,0.28055393076865554,0.7903341208546006,-0.09339569291364203,False,True,False,all
2026-08-28,MRK,148.35000610351562,88,8,True,0.12855745513258898,0.26848326655779187,0.9122196777795415,-0.05461376603001833,False,False,False,all
2026-08-28,AMAL,48.689998626708984,88,8,True,0.01314653128500165,0.21141397839932696,0.937524880729987,-0.0562124736829146,False,True,False,all
2026-08-28,KMX,62.11000061035156,88,8,True,0.09240121810418978,0.36263515632504384,1.0525446179960802,-0.04856002187841124,False,True,False,all
2026-08-28,VG,14.180000305175781,88,8,True,0.09302256094592476,0.2647897248032085,1.4790211233033412,-0.1952327111357438,True,True,False,all
2026-08-28,ANET,195.3800048828125,88,8,True,0.08256724312348385,0.2986081084113672,0.7060776336884547,-0.09079061176532244,False,True,False,all
2026-08-28,MFG,10.640000343322754,87,8,True,0.032989691210361105,0.20938641947377,0.7471264493813488,-0.037974689001729844,False,True,False,all
2026-08-28,S,21.540000915527344,87,8,True,0.11717362205304926,0.3520215033808183,0.8238780821505203,-0.10062629522506639,False,False,False,all
2026-08-28,PK,15.829999923706055,87,8,True,0.06487460235519293,0.3022536426361113,0.6087398046983579,-0.022839556901740665,False,True,False,all
2026-08-28,OVV,64.58999633789062,87,8,True,0.08914491906454125,0.24151365564163996,0.8209753063157705,-0.0422598754499125,False,False,False,all
2026-08-28,CODI,11.449999809265137,87,8,True,0.06666416603755598,0.33192964473157627,1.5,-0.13584907099885757,False,True,False,all
2026-08-28,ARTY,74.56999969482422,87,8,True,0.038547560968140715,0.26127954561113276,0.8038219501592363,-0.08894317550413422,False,True,False,all
2026-08-28,PR,22.700000762939453,87,8,True,0.10510689125809836,0.23651818066134545,0.9043624679235005,-0.05770026487522106,False,False,False,all
2026-08-28,BHP,95.1500015258789,87,8,True,0.10375917395804635,0.2588135354784864,0.8358093413932395,-0.03606521721823974,False,False,False,all
2026-08-28,JHX,29.93000030517578,87,8,True,0.09482910404461409,0.3080750701668109,0.818347628792391,-0.04559949863979773,False,True,False,all
2026-08-28,TECX,35.619998931884766,87,8,True,0.07924346233816038,0.316407000161685,1.4753299570568221,-0.0989122177625743,False,False,False,all
2026-08-28,ROM,143.97000122070312,87,8,True,0.017477413388718777,0.2734498632145177,1.017516815993674,-0.1620882604839119,False,True,False,all
2026-08-28,MBIN,53.40999984741211,87,8,True,0.03860596159457441,0.21643750735594414,0.7586433444682212,-0.06084049849582063,True,True,False,all
2026-08-28,SHG,79.1500015258789,87,8,True,0.11345887930121967,0.24322238120512418,0.7109815044899384,-0.010995842394609823,False,True,False,all
2026-08-28,FTDR,82.88999938964844,87,8,True,0.06271137616981637,0.2946030009960523,0.7101299216440582,-0.1128117401380706,False,True,False,all
2026-08-28,TX,54.84000015258789,87,8,True,0.12599017291287606,0.2601682088820858,0.7078791376574647,-0.05837914539648781,False,True,False,all
2026-08-28,XBI,162.3800048828125,87,8,True,0.0383017129152281,0.2107375557461657,0.8177544112213675,-0.0442050416964892,False,False,False,all
2026-08-28,AMTB,28.84000015258789,87,8,True,0.05537421391631958,0.2555561896020391,0.8463508555624826,-0.05751634663206184,True,True,False,all
2026-08-28,DBO,21.3799991607666,87,8,True,0.06681299018757492,0.20920415767546796,0.7981495831304402,-0.10842370438290905,False,True,False,all
2026-08-28,MUFG,22.899999618530273,86,8,True,0.04879409506542953,0.22669807306027612,0.5663474553888177,-0.015053779848160254,False,True,False,all
2026-08-28,NUE,250.5,86,8,True,0.01360537696547559,0.23250992313640584,0.9075539600110989,-0.10570842490459376,False,False,False,all
2026-08-28,ALRS,33.119998931884766,86,8,True,0.025386960202431474,0.24307288422366535,0.6307237716782481,-0.037209376081893564,True,True,False,all
2026-08-28,ATKR,93.5999984741211,86,8,True,0.14199261253961515,0.3031909845085383,0.7413953204487644,-0.0057361474296623305,True,True,False,all
2026-08-28,UVE,43.43000030517578,86,8,True,0.0356553552513732,0.19912751560184105,0.8028227492771631,-0.038095263844393434,True,True,False,all
2026-08-28,FLYW,18.790000915527344,86,8,True,0.06331812445390295,0.28506317027343764,0.7810427086085694,-0.04764311447127578,False,True,False,all
2026-08-28,VFLO,55.65999984741211,86,8,True,0.11876698083029669,0.2925307551781664,0.5224288226661458,-0.0040386069693307824,False,False,False,all
2026-08-28,BNY,162.5,86,8,True,0.044033136711406184,0.23474941757624412,0.58335773505624,-0.019252835985287264,False,True,False,all
2026-08-28,SRRK,57.79999923706055,86,8,True,0.09233643516067169,0.2257871109305889,1.135205019899276,-0.06411915790308509,False,True,False,all
2026-08-28,BUG,42.95000076293945,86,8,True,0.08597813310076163,0.3439325385383585,0.8556923704243207,-0.03591466894549522,False,False,False,all
2026-08-28,AMG,370.8699951171875,86,8,True,0.02853392188826298,0.1889526342701804,0.6598191508453932,-0.05611833848367287,False,True,False,all
2026-08-28,PAYO,7.110000133514404,86,8,True,0.0003799065007359381,0.2269833013078706,0.7426471241342718,-0.009749261350667227,False,True,False,all
2026-08-28,RPRX,60.849998474121094,86,8,True,0.047936395305115065,0.2509359853885591,0.7854521928827989,-0.025698555918311272,False,True,False,all
2026-08-28,BZH,33.220001220703125,86,8,True,0.04987046750652269,0.33147898389358255,0.863152067462162,-0.038216550661144266,True,True,False,all
2026-08-28,IBTA,37.060001373291016,86,8,True,0.12298270835475811,0.2986330881188364,0.9403141692732933,-0.08459921416389493,False,True,False,all
2026-08-28,HACK,115.54000091552734,86,8,True,0.058927482148372956,0.30219957005328046,0.658627545814698,-0.05271788342070094,False,False,False,all
2026-08-28,BBVA,29.0,86,8,True,0.08340742312773108,0.2240496192368595,0.6319639422029371,-0.010914041546893571,True,True,False,all
2026-08-28,ARMK,58.18000030517578,85,8,True,0.013366404788962338,0.261405610374446,0.658967801866341,-0.0713487807156189,False,True,False,all
2026-08-28,SMFG,25.920000076293945,85,8,True,0.0245707298840685,0.1853450775115204,0.7075098521214289,-0.02812148473395204,False,True,False,all
2026-08-28,TILE,38.58000183105469,85,8,True,0.09164997494201255,0.2667871233996293,0.5811476407465019,-0.04740736219618058,False,True,False,all
2026-08-28,COPP,45.39500045776367,85,8,True,0.13228434905184216,0.18584995750714373,0.8954070568552337,-0.0435102963873546,False,False,False,all
2026-08-28,VLUE,201.2899932861328,85,8,True,0.021729933216617203,0.2205089213139304,0.7067151866995733,-0.025560409792689698,False,True,False,all
2026-08-28,JXN,134.16000366210938,85,8,True,0.10123374286169384,0.20333719144849405,0.4961526307755846,-0.027755646630830966,False,True,False,all
2026-08-28,KB,124.16000366210938,85,8,True,0.07190095908351335,0.2019151951684124,0.6270476691704066,-0.011936972435822812,False,True,False,all
2026-08-28,SCSC,56.54999923706055,85,8,True,0.05106053012965006,0.29163700487549704,0.6750593023872029,-0.15318957366330221,False,False,False,all
2026-08-28,TEVA,36.439998626708984,85,8,True,0.06380490099774594,0.12839167447169086,1.0368921112313734,-0.0502997226714017,False,True,False,all
2026-08-28,COLO,48.47999954223633,85,8,True,0.06251012306269965,0.19137139114577795,0.5385591618561754,-0.041328854364256595,False,True,False,all
2026-08-28,EXPD,190.97000122070312,85,8,True,0.08713102274961049,0.2123693892837255,0.690748175125782,-0.006812968415385701,False,True,False,all
2026-08-28,IBKR,95.83999633789062,85,8,True,0.039452296679908905,0.2242345371700365,0.6257844800257082,-0.029468391515031667,False,True,False,all
2026-08-28,CF,125.79000091552734,85,8,True,0.0659302365567056,0.1779363859688341,0.6678600367206349,-0.11390536090162284,False,True,False,all
2026-08-28,DHT,19.65999984741211,85,8,True,0.0682228110034222,0.19123718779111365,0.8153277918661708,-0.04655678723323364,False,False,False,all
2026-08-28,IEO,134.80999755859375,84,8,True,0.10733264222773986,0.22054839796068593,0.5688350643526507,-0.02354049005846659,False,False,False,all
2026-08-28,ACA,145.27999877929688,84,8,True,0.00290488246995535,0.18821241312718806,0.6318095110777473,-0.011162533420144616,False,True,False,all
2026-08-28,SAN,14.670000076293945,84,8,True,0.04340034146096072,0.18383783747419402,0.575724964027222,-0.021999994913736942,False,False,False,all
2026-08-28,FBT,266.95001220703125,84,8,True,0.057121428068168,0.21371974816144057,0.5590143016285636,-0.028601526223174023,False,True,False,all
2026-08-28,SBLK,30.479999542236328,84,8,True,0.10571794363701392,0.259780020376956,0.8229665546631653,-0.024640014648437458,False,False,False,all
2026-08-28,TPC,88.83999633789062,84,8,True,0.04367844422116329,0.14090068090722063,0.569056835284778,-0.13157386424570494,False,True,False,all
2026-08-28,CNO,55.369998931884766,84,8,True,0.035456463254758486,0.21148335641147842,0.44871787450105516,-0.0385483801844263,False,True,False,all
2026-08-28,WEX,197.32000732421875,84,8,True,0.15497183453707186,0.25744405518065827,0.5749062645250937,-0.0326976714021846,True,True,False,all
2026-08-28,MLKN,23.1299991607666,84,8,True,0.06135968279365778,0.24876158839109497,0.679738445304529,-0.06394172327990488,True,True,False,all
2026-08-28,ASH,74.37000274658203,84,8,True,0.067353688333601,0.22627366240146296,0.6062635847098032,-0.04958462943665132,False,True,False,all
2026-08-28,USFD,107.2699966430664,84,8,True,0.04914252253491003,0.19801603789651057,0.5351698982907536,-0.03724646916244145,False,True,False,all
2026-08-28,CSX,51.279998779296875,84,8,True,0.028797479911701895,0.19815601018222773,0.612578616653985,-0.04328357762816637,True,True,False,all
2026-08-28,LQDT,41.47999954223633,84,8,True,0.03779909037167184,0.22021531913066883,0.9141670233593435,-0.05919711048579723,False,True,False,all
2026-08-28,PAGP,27.969999313354492,84,8,True,0.09703480107645746,0.22880505816359809,0.6768584413439993,-0.010961858761107002,False,False,False,all
2026-08-28,TRMD,32.619998931884766,84,8,True,0.10832874202773346,0.2046401530377604,0.6901554518845099,-0.07670542764557287,False,False,False,all
2026-08-28,SEIC,111.62999725341797,84,8,True,0.11571979517627207,0.269057719677388,0.4868139921547714,-0.004636685380168704,False,True,False,all
2026-08-28,CHRD,146.0,84,8,True,0.11467909421074585,0.22111917022067518,0.7329376854599408,-0.04575163398692805,False,True,False,all
2026-08-28,INVX,30.110000610351562,84,8,True,0.10414377163444466,0.1681703867731157,0.8483731686995326,-0.10679319406387366,False,True,False,all
2026-08-28,NMR,10.300000190734863,84,8,True,0.07733825862302335,0.1963876289058577,0.5350223743932052,-0.005791454433467291,False,True,False,all
2026-08-28,BAX,26.1299991607666,84,8,True,0.08023411850489537,0.29603126627602006,0.6611570197828314,-0.12900002797444665,True,True,False,all
2026-08-28,ICOP,58.84000015258789,84,8,True,0.13401235476281048,0.1830196100536099,0.846829850137238,-0.03430165997242496,False,False,False,all
2026-08-28,ORIC,13.239999771118164,84,8,True,0.12280461716277613,0.24353400272930004,0.8312586080483648,-0.11319494303504773,False,True,False,all
2026-08-28,CNK,35.9900016784668,84,8,True,0.05370102584014824,0.25305740869816207,0.6662037519842827,-0.07670594917605766,True,True,False,all
2026-08-28,IVZ,32.86000061035156,83,8,True,0.099070191210469,0.21612271693476792,0.5897436134041485,-0.023476994939206297,False,True,False,all
2026-08-28,CIBR,98.55999755859375,83,8,True,0.06365295420439598,0.28216549413075676,0.6407524231615058,-0.03702980920400922,False,False,False,all
2026-08-28,SLAB,218.5399932861328,83,8,True,0.001479230690958122,0.14032864180265414,0.8919573131718115,-0.010683570283200106,False,True,False,all
2026-08-28,RVTY,128.8000030517578,83,8,True,0.1316312317493089,0.26951525420117717,0.5858163151433993,-0.009764005542763354,False,True,False,all
2026-08-28,PHVS,35.31999969482422,83,8,True,0.02125789283744428,0.20675811135825684,0.7104116390941637,-0.07369528703320105,False,False,False,all
2026-08-28,BEN,34.650001525878906,83,8,True,0.029289484198519844,0.22655306556147137,0.6414022038866181,-0.04492826097745417,False,True,False,all
2026-08-28,P,93.4000015258789,83,8,True,0.09124389066544558,0.2430850283997006,0.6449454655489428,-0.2157850317170782,False,False,False,all
2026-08-28,SPB,88.68000030517578,83,8,True,0.015621425605372385,0.17551851647330508,0.7739547375005331,-0.10478495365677987,False,True,False,all
2026-08-28,TD,121.25,83,8,True,0.0055831629319347265,0.1701934150646751,0.6671249058651505,-0.03363354729932688,False,True,False,all
2026-08-28,PAG,217.00999450683594,83,8,True,0.06290852053676832,0.257921027440013,0.5487439485374126,-0.04400883477164785,True,True,False,all
2026-08-28,INCY,124.37000274658203,83,8,True,0.04850773164018651,0.1934332166771493,0.533728059726994,-0.06206638746689619,False,True,False,all
2026-08-28,HSBC,103.52999877929688,83,8,True,0.02534390256687602,0.1704673100881675,0.6291109366201397,-0.04067827524214773,False,True,False,all
2026-08-28,DRH,12.699999809265137,83,8,True,0.016211355338579647,0.21042295799346045,0.6978609327381029,-0.07904279591030705,False,True,False,all
2026-08-28,AMGN,432.4200134277344,83,8,True,0.11480349748507335,0.21489655108031913,0.6029211218369417,-0.03268233763160844,False,True,False,all
2026-08-28,KNTK,53.810001373291016,83,8,True,0.0650384324938591,0.20656584828278457,0.7175231887752198,-0.04081991378103966,False,True,False,all
2026-08-28,PCVX,59.834999084472656,83,8,True,0.04352692718410767,0.11413790816578295,0.9734498577414827,-0.0794615525465745,False,True,False,all
2026-08-28,RSPT,64.7699966430664,83,8,True,0.03424153364454918,0.22036689732101933,0.5890578829795707,-0.04030228636535926,False,True,False,all
2026-08-28,KSPI,106.29000091552734,83,8,True,0.1523162912751277,0.2925385456245606,0.5496429011589028,-0.033199940374971426,False,False,False,all
2026-08-28,MD,26.610000610351562,83,8,True,0.023398585123711735,0.1628034289734983,0.6949045180655378,-0.04760200065439668,False,True,False,all
2026-08-28,NTRS,186.7899932861328,83,8,True,0.021967981831937156,0.1893406496468768,0.542189473665645,-0.04591891689251926,False,True,False,all
2026-08-28,HELE,28.6200008392334,82,8,True,0.01365713209736219,0.29553560071220053,1.066425996458804,-0.06714470161184638,False,True,False,all
2026-08-28,REPX,38.279998779296875,82,8,True,0.09946919141642097,0.19027441567423353,0.5897009510208235,-0.07825668421690779,False,True,False,all
2026-08-28,HLX,10.140000343322754,82,8,True,0.0678180622243405,0.15590466610260556,0.681592038227314,-0.05674415410951128,False,True,False,all
2026-08-28,OSBC,25.239999771118164,82,8,True,0.03864892316713586,0.18438154370515591,0.5159159369005526,-0.03146583697731342,True,True,False,all
2026-08-28,GEF,84.08000183105469,82,8,True,0.04745438953984782,0.18307479366860324,0.5081614678216086,-0.07165725831553038,True,True,False,all
2026-08-28,IHAK,65.41000366210938,82,8,True,0.05171362611109909,0.26004942887805726,0.5965340911207035,-0.04441188344290903,False,True,False,all
2026-08-28,YPF,50.20000076293945,82,8,True,0.01785505465956838,0.1704046361607392,1.1998247780137028,-0.126804673903112,False,True,False,all
2026-08-28,PAA,25.479999542236328,82,8,True,0.08174197092476332,0.2042896720413152,0.6239643227328793,-0.010485454670433825,False,False,False,all
2026-08-28,ING,35.2400016784668,82,8,True,0.04899064891137672,0.19227261381837413,0.4913247113853705,-0.027593817706531243,True,True,False,all
2026-08-28,SRCE,86.41000366210938,82,8,True,0.017270447606803963,0.18626540082806864,0.518896195977677,-0.05521534521008575,False,True,False,all
2026-08-28,AMBP,5.139999866485596,82,8,True,0.05878956986917383,0.18491876288503284,0.5623100079279613,-0.06032905600796967,False,True,False,all
2026-08-28,BNS,92.38999938964844,82,8,True,0.04792150932171313,0.18897479378792092,0.4976495614582124,-0.027064024005919007,False,True,False,all
2026-08-28,OBK,53.25,82,8,True,0.011123306126632926,0.1856836212734907,0.6575875486381324,-0.041749139959781245,False,False,False,all
2026-08-28,TRV,369.8999938964844,82,8,True,0.03371086565154835,0.1917593477029993,0.4663442557335842,-0.07223480669369031,True,True,False,all
2026-08-28,SFL,12.369999885559082,82,8,True,0.06463550130134643,0.19534808258894487,0.8380386107728497,-0.044049436886251736,False,True,False,all
2026-08-28,GSG,33.38999938964844,82,8,True,0.0705834587187486,0.16122972087633647,0.49262396678536224,-0.04436174293022699,False,False,False,all
2026-08-28,IBB,208.9499969482422,82,8,True,0.07391317559136867,0.18486098083958646,0.5180906558762801,-0.03762895335611849,False,False,False,all
2026-08-28,DXCM,90.81999969482422,82,8,True,0.1462887537353985,0.2950964673847547,0.6784327974568498,-0.01911649976318308,False,True,False,all
2026-08-28,WEAT,28.0,81,8,True,0.15563994034499262,0.24126955112884496,0.4155712349850542,-0.0067399975330992845,False,False,False,all
2026-08-28,RBCAA,94.9000015258789,81,8,True,0.015648922795421738,0.21503262048969685,0.48350788986956683,-0.07161024855614717,False,True,False,all
2026-08-28,SU,65.43000030517578,81,8,True,0.056624613162935544,0.1383337331856358,0.7323272309287612,-0.06914213326291152,False,True,False,all
2026-08-28,DJCO,623.6799926757812,81,8,True,0.06587950955093325,0.1681938269429064,0.7889452541109401,-0.0756873024441923,False,False,False,all
2026-08-28,SXT,135.1199951171875,81,8,True,0.08925573634857287,0.2764148051110831,0.6358353221946018,-0.026653306525115994,False,True,False,all
2026-08-28,NVCR,17.81999969482422,81,8,True,0.08245354397196336,0.2551770550170023,0.8146639764374455,-0.16926952042510646,False,True,False,all
2026-08-28,SAIC,125.95999908447266,81,8,True,0.06882535266840417,0.22263128598267845,0.5535273339896294,-0.03729744260169121,False,True,False,all
2026-08-28,FBP,28.010000228881836,81,8,True,0.006692118967464689,0.19020556702327052,0.4618998148199398,-0.06258363401629996,False,True,True,all
2026-08-28,LAUR,38.79999923706055,81,8,True,0.027705646717059107,0.12684071363515614,0.5534291688802739,-0.05192425264789402,False,True,False,all
2026-08-28,XOP,185.94000244140625,81,8,True,0.0948170343460979,0.18453493303794755,0.5227254238965557,-0.027713882553445424,False,True,False,all
2026-08-28,TMP,97.80000305175781,81,8,True,0.01568815011845115,0.17443834718655982,0.5804783672208274,-0.046690646818589254,True,False,False,all
2026-08-28,EE,38.560001373291016,81,8,True,0.015640254632984574,0.1196998999967065,0.6867891663935526,-0.10689051407806649,False,False,False,all
2026-08-28,FDX,330.8800048828125,81,8,True,0.03562076428326333,0.1450870011248846,0.8554159199429459,-0.041954977094806445,False,True,False,all
2026-08-28,AVNT,44.66999816894531,81,8,True,0.12833229530689394,0.23180348046405963,0.625545811974568,-0.0422384486810341,False,True,False,all
2026-08-28,KFY,86.27999877929688,81,8,True,0.09916147534129793,0.24887096104441753,0.46361319190243644,-0.014055574527570003,True,True,False,all
2026-08-28,TRST,57.130001068115234,81,8,True,0.0245475548973475,0.19271056240333828,0.6651121766666175,-0.03136653930958899,False,False,False,all
2026-08-28,BSTZ,31.290000915527344,81,8,True,0.05831741189213813,0.2274102368531068,0.5123247997998437,-0.018814627958752994,False,True,False,all
2026-08-28,GSL,44.52000045776367,81,8,True,0.07124295736972819,0.15539881173969716,0.6319647850873307,-0.020462052575676015,False,True,False,all
2026-08-28,RRBI,100.7699966430664,81,8,True,0.027183582300041698,0.15190657410259334,0.6358766094028574,-0.03430763664019154,False,True,False,all
2026-08-28,IDT,68.98999786376953,81,8,True,0.08861674893739635,0.2783725957152705,0.5089675420334239,-0.013018650103640783,False,True,False,all
2026-08-28,SJM,132.33999633789062,81,8,True,0.12570577000444727,0.24498050702164953,0.4996033579364376,-0.02612409351462719,False,False,False,all
2026-08-28,AGM,221.42999267578125,80,8,True,0.038999880252833075,0.22851700077327308,0.6213661917005242,-0.10817995624736165,False,True,False,all
2026-08-28,HG,35.349998474121094,80,8,True,0.017746465186593063,0.15374505413119532,0.5600175954175148,-0.05253290879193118,True,True,False,all
2026-08-28,SUN,74.6500015258789,80,8,True,0.03328379663045289,0.16770625828069874,0.555856653565935,-0.04429649286181314,False,True,False,all
2026-08-28,APLE,16.549999237060547,80,8,True,0.002167788548065097,0.21206345558399753,0.5253454981739554,-0.04224545257970547,False,True,True,all
2026-08-28,SWK,97.80000305175781,80,8,True,0.0368077633757562,0.204166599487843,0.5799677001763881,-0.06572408514864891,False,True,False,all
2026-08-28,THG,227.6699981689453,80,8,True,0.037576421116665815,0.1964634162381178,0.36705900892997434,-0.035582703836395724,False,True,False,all
2026-08-28,UDOW,73.87000274658203,80,8,True,0.032300844522268335,0.18786793884073583,0.5971892485747465,-0.06800402781196269,False,True,False,all
2026-08-28,OSPN,16.540000915527344,80,8,True,0.07866288494396056,0.2865438670889937,0.6425026233147333,-0.10497828326646264,False,True,False,all
2026-08-28,ALL,260.5799865722656,80,8,True,0.02767192193313428,0.1816957606904266,0.38547418138763634,-0.06002458183091153,False,True,False,all
2026-08-28,UNP,307.4100036621094,80,8,True,0.05839945116271594,0.18898297582749768,0.45802508538017794,-0.027152716343646577,False,True,False,all
2026-08-28,JNJ,268.0400085449219,80,8,True,0.03833924990624671,0.14601570416583454,0.546414387084478,-0.0304915276108082,False,True,False,all
2026-08-28,LNG,282.3299865722656,80,8,True,0.08646122596903072,0.18446980644820243,0.5162727776560845,-0.061683762081162996,False,True,False,all
2026-08-28,PSTL,23.770000457763672,80,8,True,0.006614795035609022,0.17405909855124446,0.668070207562363,-0.05749400852770903,False,True,True,all
2026-08-28,WAB,292.2300109863281,80,8,True,0.033506689552268876,0.1581981409419162,0.5859655904607475,-0.046993226499256524,True,True,False,all
2026-08-28,WASH,39.470001220703125,80,8,True,0.04035429091295972,0.17579072412538976,0.5644075282137162,-0.025432068624614224,True,True,False,all
2026-08-28,GRMN,285.19000244140625,80,8,True,0.06269447735111555,0.20686635485698424,0.5277763177738697,-0.09256076253939116,True,True,False,all
2026-08-28,CTBI,76.66000366210938,80,8,True,0.01886756254858457,0.17725474375951178,0.5255722121812811,-0.040790722992066875,True,True,False,all
2026-08-28,QTEC,316.1300048828125,80,8,True,0.007049003157152844,0.19580839027088448,0.5378216355473582,-0.07083445118098086,False,True,False,all
2026-08-28,DGX,242.75999450683594,80,8,True,0.08587033072971018,0.21503535643271832,0.418156355261849,-0.017921468873403956,True,True,False,all
2026-08-28,FXN,23.40999984741211,79,8,True,0.08022553638324936,0.16550289658960815,0.5421606967577084,-0.02336251489295571,False,True,False,all
2026-08-28,HGER,34.970001220703125,79,8,True,0.0912915534584029,0.17986719615370683,0.43085108251007376,-0.009348385934551673,False,True,False,all
2026-08-28,THFF,79.23999786376953,79,8,True,0.010987637146842033,0.16705754509699977,0.547354018363883,-0.05857194264493537,False,True,False,all
2026-08-28,AIA,138.5800018310547,79,8,True,0.014499335779543321,0.16244932640542387,0.6497619265601748,-0.08121726348396707,True,False,False,all
2026-08-28,BGC,12.119999885559082,79,8,True,0.07133385249700686,0.18829935599669323,0.4655379945210434,-0.05973626355739747,False,True,False,all
2026-08-28,RHP,129.3300018310547,79,8,True,0.010580122596219432,0.20706714325412667,0.5429492042701671,-0.059144511026655855,False,True,False,all
2026-08-28,LH,335.1099853515625,79,8,True,0.1187778354453286,0.22315435900901148,0.37048085840109835,-0.019572857461476745,False,True,False,all
2026-08-28,UPRO,151.77999877929688,79,8,True,0.0480017556520651,0.2018308461470053,0.72183773286422,-0.043182285145714094,False,True,False,all
2026-08-28,SPXL,290.1400146484375,79,8,True,0.048580851243622325,0.2045854919986947,0.726612867416609,-0.04301068125326002,False,True,False,all
2026-08-28,SCL,62.650001525878906,79,8,True,0.04406228613488716,0.17576739549282783,0.498087087112836,-0.07867644814883956,True,True,False,all
2026-08-28,INGM,28.700000762939453,79,8,True,0.011453772740910972,0.14419216002164736,0.5290356986149418,-0.09435152163865623,False,True,False,all
2026-08-28,CALF,57.84000015258789,79,8,True,0.07479887129910123,0.20287942749294507,0.3903846700515994,-0.008400508539088025,False,False,False,all
2026-08-28,BY,38.29999923706055,79,8,True,0.005449882525642824,0.1566768379628598,0.4978490298853264,-0.043217576692284765,False,True,False,all
2026-08-28,CNXN,79.66999816894531,79,8,True,0.016512728488129458,0.20806292477268062,0.44933593596027666,-0.09783716032735468,False,True,False,all
2026-08-28,FRHC,174.85000610351562,79,8,True,0.14270219891121805,0.24488451540515888,0.6193564118958779,-0.03867298101082639,False,False,False,all
2026-08-28,RSPG,112.87000274658203,79,8,True,0.07494217362732014,0.15540667556173515,0.5164584479886556,-0.025806989884500253,False,True,False,all
2026-08-28,COKE,198.49000549316406,79,8,True,0.06784064420043268,0.11136932274445832,0.7946655355479779,-0.09633502841476282,False,True,False,all
2026-08-28,MET,96.51000213623047,78,8,True,0.034553759380076876,0.18424518955202163,0.4333877842212839,-0.043792709358771775,False,True,False,all
2026-08-28,GBTG,9.479999542236328,78,8,True,0.006155764309441869,0.22766912068477718,0.913218907810968,-0.006289352186228392,False,True,False,all
2026-08-28,RGA,245.5399932861328,78,8,True,0.048349401478607446,0.15773431760343737,0.3778126033089164,-0.021753014796283665,False,True,False,all
2026-08-28,IYE,66.25,78,8,True,0.07293704317711613,0.14991807286294434,0.46830677234753626,-0.0319988656236706,False,True,False,all
2026-08-28,DCOM,40.470001220703125,78,8,True,0.003590834050598568,0.1506541163000763,0.5790090731900224,-0.03573981311346908,False,True,False,all
2026-08-28,NDSN,324.5899963378906,78,8,True,0.07213800726965225,0.17157157040016857,0.47500681604553985,-0.042846187156483806,False,False,False,all
2026-08-28,EDC,79.62319946289062,78,8,True,0.02262391775624928,0.1286375983624488,0.9486832666056964,-0.23350787862799272,True,False,False,all
2026-08-28,VRTX,541.6900024414062,78,8,True,0.08219262477299605,0.16938032896149857,0.44771088810414783,-0.02519390296476709,False,True,False,all
2026-08-28,DBRG,15.930000305175781,78,8,True,0.005440631367428228,0.06432379369060492,0.7818793124029191,-0.003128863485158173,False,False,False,all
2026-08-28,BIIB,218.5,78,8,True,0.05345068747342885,0.15222500542626438,0.6613442282692494,-0.019519883259482618,False,True,False,all
2026-08-28,FENY,34.72999954223633,78,8,True,0.07583171587723614,0.1505066638102972,0.476615598056775,-0.030700592592908027,False,True,False,all
2026-08-28,BMY,66.58000183105469,78,8,True,0.07968037302763675,0.15479012055767938,0.5658513902696332,-0.03001161971024746,False,True,False,all
2026-08-28,LXP,60.689998626708984,78,8,True,0.03682264091833032,0.17064981947386504,0.37931815060702245,-0.01493267285389377,True,True,False,all
2026-08-28,CPAY,407.8800048828125,78,8,True,0.08124444747731863,0.2222727810541063,0.6131941575324551,-0.042422835559013716,False,True,False,all
2026-08-28,HPK,8.100000381469727,78,8,True,0.10522874014097461,0.29654979737767695,1.103896255094262,-0.1127176428187141,False,True,False,all
2026-08-28,NIC,171.74000549316406,78,8,True,0.018550286089737078,0.1605046306650133,0.5049071272328531,-0.04588885837131074,False,True,False,all
2026-08-28,VDE,176.55999755859375,78,8,True,0.07561467310989367,0.1501193570146686,0.47329775495636905,-0.030688973511947548,False,True,False,all
2026-08-28,IPAR,117.77999877929688,78,8,True,0.00248705385239556,0.2024287344378295,0.5254500735123446,-0.08902463535103655,False,True,False,all
2026-08-28,XLE,62.68000030517578,78,8,True,0.07786861095808106,0.15316297232200604,0.4800472860342082,-0.031220969680761157,False,True,False,all
2026-08-28,BDX,189.52000427246094,77,8,True,0.1426862761777259,0.19276774461891488,0.4854238903690513,-0.018387128591114466,False,True,False,all
2026-08-28,DIVB,69.1050033569336,77,8,True,0.058976629962149474,0.19030399832257028,0.36625149970842985,-0.0036764309569500275,False,False,False,all
2026-08-28,IXN,140.60000610351562,77,8,True,0.016537949397243956,0.17728087969134876,0.5074516046309698,-0.06160312096870035,False,False,False,all
2026-08-28,AIZ,285.6499938964844,77,8,True,0.02570342814980231,0.16883207476735929,0.39334667357868525,-0.060176378225988314,False,True,False,all
2026-08-28,NEU,914.6900024414062,77,8,True,0.09105644212061814,0.2536354086407695,0.5769700812735736,-0.0682211483968338,False,True,True,all
2026-08-28,ASC,17.360000610351562,77,8,True,0.046905759033452954,0.15579616484495618,0.6838021245198906,-0.1333000491644566,False,False,False,all
2026-08-28,GNK,25.8799991607666,77,8,True,0.021939282857670994,0.14507190842425688,0.6643086072877766,-0.067723380857874,False,False,False,all
2026-08-28,IMO,130.50999450683594,77,8,True,0.04777819484093593,0.12646462315145035,0.5673111536951532,-0.06404193759479293,False,True,False,all
2026-08-28,GREK,85.26000213623047,77,8,True,0.07490282772532209,0.1874230423944372,0.40855780366200856,-0.009641006353427573,False,True,False,all
2026-08-28,RUM,8.979999542236328,77,8,True,0.31474913233572366,0.37077255481839555,0.943722892787394,-0.15243045626136453,False,False,False,all
2026-08-28,CFFN,8.65999984741211,76,8,True,0.004663666346496731,0.14064432752072076,0.4505862900765871,-0.06479485600857027,False,True,False,all
2026-08-28,E,52.810001373291016,76,8,True,0.02637759255644112,0.10428501131956103,0.5518660966106026,-0.08948273494325831,False,True,False,all
2026-08-28,IHE,103.95999908447266,76,8,True,0.023923716556903285,0.1445696143826103,0.506230138232211,-0.043254228043760445,False,True,False,all
2026-08-28,UNM,93.05000305175781,76,8,True,0.04113522744001008,0.15443717605918406,0.3544396970186279,-0.015864621381121324,False,True,False,all
2026-08-28,ALSN,126.31999969482422,76,8,True,0.05130522978637031,0.1114425267377388,0.6618865431476326,-0.0821101280576344,False,True,False,all
2026-08-28,CAH,234.5500030517578,76,8,True,0.0077604760900469305,0.09187179539217061,0.6079386501886663,-0.09194729331635465,False,True,False,all
2026-08-28,RNR,330.739990234375,76,8,True,0.03268017446138782,0.11587366941091526,0.43072194858374835,-0.015566898732998657,False,True,False,all
2026-08-28,OFG,52.43000030517578,76,8,True,0.023599610223037137,0.18002001256404188,0.4682162321301564,-0.03745182430346583,False,True,False,all
2026-08-28,FRDM,68.5999984741211,76,8,True,0.007132123356842657,0.12793233199565157,0.6723548929443632,-0.10793241725703528,True,True,False,all
2026-08-28,BAC,62.31999969482422,76,8,True,0.01958679806283814,0.14065552366238787,0.3512576135759553,-0.04461142897979109,False,True,False,all
2026-08-28,CFR,161.69000244140625,76,8,True,0.0033833108085885577,0.13540011227522042,0.3587395163143383,-0.053337239154445104,False,True,False,all
2026-08-28,WTS,366.3399963378906,76,8,True,0.012955444546585149,0.16703688303235675,0.408999985914964,-0.07147567191229587,False,True,False,all
2026-08-28,DBC,30.790000915527344,76,8,True,0.06577410988480414,0.13982793108231184,0.401456617106565,-0.03145643193459502,False,True,False,all
2026-08-28,PDBC,18.389999389648438,76,8,True,0.06685382589794031,0.14251984354087655,0.40381670642250866,-0.0295515224667543,False,True,False,all
2026-08-28,CNS,82.7300033569336,75,8,True,0.02575233811054911,0.1835301956826889,0.4168522730212638,-0.044246699511140575,False,True,False,all
2026-08-28,MFC,42.7599983215332,75,8,True,0.0013582133972600552,0.11909923062546257,0.4158939483871473,-0.05669542037743369,False,False,False,all
2026-08-28,WELL,238.07000732421875,75,8,True,0.013606465958247771,0.13487020584427767,0.4538626401479007,-0.06712378459588153,False,True,False,all
2026-08-28,FCFS,219.2100067138672,75,8,True,0.02284501316760279,0.12378302968674837,0.5163946486995197,-0.08253457735075276,False,False,False,all
2026-08-28,PRAA,19.139999389648438,75,8,True,0.04380258861018205,0.1286142262547454,0.8673170136242379,-0.15121951054472016,False,True,False,all
2026-08-28,ACT,49.06999969482422,75,8,True,0.04388263588057484,0.1540132584133318,0.4165704549489091,-0.02946996910593258,False,True,False,all
2026-08-28,SPYU,35.439998626708984,75,8,True,0.04868821161694514,0.20160333411596976,0.9292322813082645,-0.06292969559280415,False,True,False,all
2026-08-28,SDCI,30.06999969482422,75,8,True,0.05963334756090344,0.15139547593747493,0.3686845987539986,-0.011830450435136197,False,False,False,all
2026-08-28,FMBH,50.34000015258789,75,8,True,0.00933950006341866,0.15024340765509958,0.4736534068340035,-0.056596709580580606,True,True,False,all
2026-08-28,CHE,523.3800048828125,75,8,True,0.02915366544334752,0.1739735486895091,0.4330933356931166,-0.0603590576610189,False,True,False,all
2026-08-28,RUSHA,76.2699966430664,75,8,True,0.006559902607707668,0.13208382333108748,0.6700240792855665,-0.08658686655010295,False,True,False,all
2026-08-28,RAMP,37.7400016784668,75,8,True,0.00038705141119721453,0.2063752371058356,0.7383695656375711,-0.012817103574071065,False,True,False,all
2026-08-28,XLK,185.69000244140625,74,8,True,0.015946356755394797,0.1654175708198833,0.4658194031739318,-0.06561663345482471,False,True,False,all
2026-08-28,IEX,230.27999877929688,74,8,True,0.006773013357993296,0.12632132206754232,0.45571777751626774,-0.05545530805260368,False,True,False,all
2026-08-28,SVXY,62.54999923706055,74,8,True,0.0697574068822735,0.17232963521025435,0.44490639672463006,-0.007300414168007641,False,True,False,all
2026-08-28,CQP,68.91000366210938,74,8,True,0.06685043988841999,0.1323769051034318,0.39127812155152286,-0.0244903134553619,False,True,False,all
2026-08-28,SOBO,37.43000030517578,74,8,True,0.018869372939396056,0.14365156803519685,0.4963022673774218,-0.03877756483785533,False,True,False,all
2026-08-28,GFF,98.9800033569336,74,8,True,0.034743060105226986,0.1670085291730561,0.5225349962228572,-0.08833007612459076,False,True,False,all
2026-08-28,HOG,28.100000381469727,74,8,True,0.0743643792959654,0.22475310457913378,0.6442364031936314,-0.10079998779296873,False,True,False,all
2026-08-28,HOPE,13.920000076293945,74,8,True,0.009441769961997304,0.13853855337798948,0.4204081434053666,-0.045921869039535546,False,True,False,all
2026-08-28,JOYY,74.52999877929688,74,8,True,0.04061946531533622,0.14941995265143948,0.44830936854379533,-0.07873921664320793,False,False,False,all
2026-08-28,ADAM,9.800000190734863,74,8,True,0.044531160887173904,0.1745248235808805,0.5193799194625712,-0.05405400429540086,False,True,False,all
2026-08-28,SRTA,5.96999979019165,74,8,True,0.08289493333423015,0.17537033884026432,0.5506493345644403,-0.08153849381666922,False,True,False,all
2026-08-28,HTO,63.54999923706055,74,8,True,0.020077297413796824,0.13229296487325892,0.4525714111328125,-0.05276490228142672,False,True,False,all
2026-08-28,OKE,94.76000213623047,74,8,True,0.043263072784814005,0.12446752089869251,0.48016256021614945,-0.03207353769875487,False,True,False,all
2026-08-28,AMP,559.3200073242188,74,8,True,0.0626466056675048,0.15282923825435457,0.3242418111850822,-0.023124197098698063,True,True,False,all
2026-08-28,AAPU,41.38999938964844,73,8,True,0.030006804858627723,0.18049037296940984,0.5986867657554811,-0.15340560633322464,True,True,True,all
2026-08-28,IXC,57.099998474121094,73,8,True,0.06189486362427887,0.123046315058144,0.42571784174425686,-0.035147039883890896,False,True,False,all
2026-08-28,IFF,87.94999694824219,73,8,True,0.09360075329646178,0.18634278820954808,0.48714910138528866,-0.015338140968012337,False,True,True,all
2026-08-28,MTCH,41.58000183105469,73,8,True,0.07816855670285516,0.2074503506004044,0.44324896222953103,-0.021416799516703278,False,True,False,all
2026-08-28,GGB,4.590000152587891,73,8,True,0.0028403221543931156,0.09651221985820868,0.5402684977213426,-0.11389955507777738,False,True,False,all
2026-08-28,IYW,251.1999969482422,73,8,True,0.0205673446420922,0.15947647012521515,0.45589432434753285,-0.037584814567808156,False,True,False,all
2026-08-28,EMXC,98.1500015258789,73,8,True,0.018808791331867525,0.13794365299181832,0.5651411729996563,-0.08373787332627136,True,True,False,all
2026-08-28,PSO,16.729999542236328,73,8,True,0.021317611077324772,0.1622494394065246,0.3918468307071059,-0.057464814521897,True,True,True,all
2026-08-28,WSBC,40.41999816894531,73,8,True,7.418164300077024e-05,0.12547887782000022,0.36692589063571157,-0.060437058604195015,False,True,False,all
2026-08-28,WSM,235.08999633789062,73,8,True,0.007119086937354968,0.15564710250515024,0.42039758407569083,-0.07768058024704882,False,False,False,all
2026-08-28,OPRA,19.6200008392334,73,8,True,0.014309979922451976,0.21169831041212572,0.6754910995148151,-0.06837600490150575,False,False,False,all
2026-08-28,RTX,211.7100067138672,73,8,True,0.02847136102365866,0.10026206936801807,0.4056835924301574,-0.06686353068786688,False,True,False,all
2026-08-28,STNG,78.02999877929688,73,8,True,0.01249560525511284,0.10401478421870536,0.5947271263565252,-0.10710608394237242,False,True,False,all
2026-08-28,WDS,23.059999465942383,73,8,True,0.060746826565502454,0.13359565128224138,0.6159774860691376,-0.08455740464298167,False,True,True,all
2026-08-28,FTEC,286.6000061035156,73,8,True,0.025398119585451573,0.16466239639864444,0.44623307640736476,-0.04717577724755784,False,True,False,all
2026-08-28,VGT,120.06999969482422,73,8,True,0.025644964292856898,0.16449652822899696,0.445059633972688,-0.04706349448552205,False,True,False,all
2026-08-28,BCRX,9.819999694824219,72,8,True,0.012579886695859743,0.15530087940736315,0.6366666158040364,-0.12477723162972143,False,True,False,all
2026-08-28,GABC,49.91999816894531,72,8,True,0.021126141868692994,0.14539937400655978,0.34229631654500636,-0.04422748216612582,True,True,True,all
2026-08-28,AIQ,64.22000122070312,72,8,True,0.03182562052330962,0.15504014492399865,0.4592138984309293,-0.08596642089216133,False,True,False,all
2026-08-28,FHI,64.41000366210938,72,8,True,0.06417786338491949,0.15052996035235422,0.3804115703545534,-0.04151775911956779,False,True,False,all
2026-08-28,EPOL,43.47999954223633,72,8,True,0.04193125879320991,0.1373743000585086,0.4098573063264972,-0.03506439820020113,False,False,False,all
2026-08-28,AXTA,37.02000045776367,72,8,True,0.05959129277887443,0.16919356468377678,0.4845410454353891,-0.0411810444820766,False,True,False,all
2026-08-28,FLR,53.27000045776367,72,8,True,0.03115734376192303,0.12008950108357808,0.3544367652610192,-0.08044190959542874,False,True,False,all
2026-08-28,HSTM,29.3799991607666,72,8,True,0.04618448916117468,0.22454930384265137,0.5066666236290565,-0.0556091744019227,False,True,True,all
2026-08-28,BTX,8.960000038146973,72,8,True,0.03879240829912134,0.1864328284215313,0.4616639267329219,-0.0503445003014662,False,True,False,all
2026-08-28,MBWM,60.209999084472656,72,8,True,0.023697535343222276,0.14143909491277662,0.4084210312157346,-0.034941502268029834,False,True,False,all
2026-08-28,CLH,310.7099914550781,72,8,True,0.010848596462789128,0.11001887907944985,0.5432104753475895,-0.07510272906760684,False,True,False,all
2026-08-28,CCK,118.44000244140625,72,8,True,0.026138657403763865,0.1196860874440191,0.32765389145734436,-0.03636808304872852,True,True,True,all
2026-08-28,IVES,39.40999984741211,72,8,True,0.04887473334907222,0.16390419631915987,0.4639673007325509,-0.06010017742481644,False,True,False,all
2026-08-28,XCEM,51.11000061035156,72,8,True,0.022548089848590136,0.1365047731486151,0.5076695666616629,-0.0779361297319141,False,True,False,all
2026-08-28,IWX,113.2300033569336,71,8,True,0.03475757701446547,0.13885986666197314,0.317700488243958,-0.004396377255268202,False,True,True,all
2026-08-28,BUSE,30.290000915527344,71,8,True,0.00718901185647991,0.13701844662089768,0.37681822343306104,-0.04447948938413093,False,True,False,all
2026-08-28,GARP,83.80999755859375,71,8,True,0.03024473405912098,0.14568445657416307,0.3733714946824278,-0.01953680080435305,False,False,False,all
2026-08-28,SON,56.470001220703125,71,8,True,0.001926869700477507,0.10941611353528757,0.46106077597157324,-0.0692269173397142,True,True,True,all
2026-08-28,WES,48.29999923706055,71,8,True,0.043769140857324196,0.13197331040336002,0.3089430146279677,-0.03535051864493299,False,True,True,all
2026-08-28,XYZ,83.56999969482422,71,8,True,0.05032300771749809,0.2233521632330835,0.7334578154294182,-0.03854117055559236,False,True,False,all
2026-08-28,TRIN,18.559999465942383,71,8,True,0.044098510878544994,0.14649993017592222,0.31351729056066935,-0.017729610145822527,False,True,True,all
2026-08-28,PRK,198.1199951171875,71,8,True,0.02058370513106378,0.14962802247904383,0.3291291987262299,-0.07851165061773258,True,True,True,all
2026-08-28,ET,21.309999465942383,71,8,True,0.05454326339989146,0.13485674287838356,0.3170580385666357,-0.015249534797302733,False,True,True,all
2026-08-28,NWSA,30.969999313354492,71,8,True,0.11015518738701724,0.18656955214125337,0.3950449661720563,-0.021794078881336998,False,True,False,all
2026-08-28,ADM,81.54000091552734,71,8,True,0.017426273374222756,0.14076899971823487,0.46707445536584724,-0.07822742754425349,False,True,True,all
2026-08-28,DDM,68.08000183105469,71,8,True,0.02375942133275366,0.13434718712864013,0.3820544894597495,-0.04449120237116233,False,True,False,all
2026-08-28,HSIC,89.5199966430664,71,8,True,0.034308217691627396,0.13823904419934552,0.4450362476285914,-0.028856624574778,False,True,False,all
2026-08-28,BSAC,35.13999938964844,71,8,True,0.03399165136381477,0.07057604874592127,0.487722190563179,-0.06839877379533643,False,True,True,all
2026-08-28,COMT,34.47999954223633,71,8,True,0.060575189823771414,0.12355905595891148,0.42244223877093723,-0.05920878290033138,False,True,True,all
2026-08-28,CNI,126.01000213623047,71,8,True,0.007897790842527286,0.14292661487654534,0.3886930251575802,-0.04211327090085781,False,True,False,all
2026-08-28,IOSP,95.37999725341797,71,8,True,0.09465592049971305,0.1920346482023949,0.4559608325927351,-0.013446452706395107,False,True,False,all
2026-08-28,QLD,90.16999816894531,71,8,True,0.0027913780638486596,0.14731375239625777,0.5931095512338793,-0.10890408149601571,True,True,False,all
2026-08-28,KO,89.66000366210938,71,8,True,0.05191534162771183,0.1492323321049358,0.3719970276298501,-0.03059784049112546,False,True,True,all
2026-08-28,DXJ,180.10000610351562,71,8,True,0.020763296521864927,0.11187942902377745,0.4507814321653161,-0.01643817648846524,False,True,True,all
2026-08-28,FANG,197.6699981689453,71,8,True,0.021668646692870164,0.10126549579661215,0.47185401099928015,-0.08865835070846795,False,True,False,all
2026-08-28,IGM,160.9499969482422,70,8,True,0.014153394674312203,0.1438431432895233,0.42939608462990697,-0.06140657243791725,False,True,False,all
2026-08-28,IHF,56.849998474121094,70,8,True,0.007628525008938292,0.14421539146162954,0.39167688121545874,-0.024871368471952038,False,True,False,all
2026-08-28,SPNT,24.18000030517578,70,8,True,0.00588222813577044,0.08969232505290003,0.4082702503047926,-0.08685797873190992,False,True,True,all
2026-08-28,NWS,34.849998474121094,70,8,True,0.10093883408371696,0.17176331018159208,0.36720277705174476,-0.025447424220491177,False,True,True,all
2026-08-28,SFST,62.2599983215332,70,8,True,0.004789914033796805,0.09496429666311701,0.5222492909233525,-0.04347823284036667,False,True,True,all
2026-08-28,QCRH,100.62999725341797,70,8,True,0.005893590664023174,0.1099125277194497,0.5098273810893357,-0.06918881985666536,False,False,True,all
2026-08-28,GVAL,38.5099983215332,70,8,True,0.033240190734556974,0.11077471496290148,0.3588566730482756,-0.011042637913213582,False,True,True,all
2026-08-28,DE,630.3300170898438,70,8,True,0.032155638297118205,0.1195534249190282,0.45572752214744505,-0.06505582282848277,False,False,True,all
2026-08-28,AGL,92.54000091552734,99,6,False,-0.11272955288049946,0.8615954066579721,11.37165784486052,-0.30441968140738707,False,True,False,all
2026-08-28,AXTI,58.630001068115234,99,4,False,-0.09743066657760402,0.09742837352041134,20.32000038840554,-0.5904582315707706,False,True,False,all
2026-08-28,ERAS,18.030000686645508,99,6,False,-0.004054453354552123,0.4436502546533698,12.55639105629197,-0.25741350178122635,False,True,False,all
2026-08-28,MU,932.8599853515625,99,6,False,-0.023187153250832537,0.5853554126410989,7.165076458219366,-0.25668527063620517,False,True,False,all
2026-08-28,MULL,20.34000015258789,99,6,False,-0.14555994298958652,0.5595951104477157,28.090390293649214,-0.5326974102523316,False,True,False,all
2026-08-28,MUU,29.18000030517578,99,6,False,-0.14736737082198714,0.5645747832986674,28.278082450990407,-0.5341634644077293,False,True,False,all
2026-08-28,ORKA,91.1449966430664,99,7,False,-0.03391093040436066,0.6107119900247524,5.238535166659649,-0.21100242995430352,False,True,False,all
2026-08-28,SNDK,1484.97998046875,99,6,False,-0.07457251854821656,0.5296467383094914,29.58031174779824,-0.36927185036346977,False,True,False,all
2026-08-28,CRWU,34.5099983215332,99,7,False,2.534571246696893,3.4007189997655107,15.958229418180196,-0.20939296414289565,False,True,False,all
2026-08-28,AAOI,106.2300033569336,98,5,False,-0.13317152436011015,0.06797927790556368,4.742162343618032,-0.5453844986974817,False,True,False,all
2026-08-28,ABSI,8.710000038146973,98,6,False,-0.05637891667684969,0.6981453989760396,2.8883928576180216,-0.277478239929421,True,True,False,all
2026-08-28,AEHR,80.80999755859375,98,6,False,-0.1343405997298036,0.3186805612918302,3.3213900674671004,-0.4517639015959203,False,True,False,all
2026-08-28,AMDG,80.78009796142578,98,6,False,-0.20731132706470357,0.3803175693691272,3.779887561231253,-0.42863138229212083,False,True,False,all
2026-08-28,AMUU,168.21380615234375,98,6,False,-0.20646242656319047,0.39013242046710905,3.780159497496273,-0.4271622351484148,False,True,False,all
2026-08-28,ATEX,92.33000183105469,98,7,False,-0.03062459822521002,0.7779130362122408,4.251991025696803,-0.1829203377782771,False,True,False,all
2026-08-28,BAND,49.0,98,6,False,-0.12968879893973317,0.49281923694010965,2.92,-0.3803743188488683,True,True,False,all
2026-08-28,BLZE,14.329999923706055,98,6,False,-0.06403491108756654,0.8866930756518507,3.394357646155674,-0.4026677757221946,False,True,False,all
2026-08-28,INTW,18.389999389648438,98,5,False,-0.33895231480659815,0.022399885132530217,6.121006592631504,-0.6505463298879157,True,True,False,all
2026-08-28,MVLL,25.059999465942383,98,6,False,-0.21953834443348597,0.2867244866587435,4.799583173044984,-0.6773390521050008,False,False,False,all
2026-08-28,QURE,48.720001220703125,98,6,False,0.0942020114373543,0.7432359236410693,4.580756446205119,-0.3186013815286276,False,True,False,all
2026-08-28,SYRE,90.36000061035156,98,7,False,-0.08233214398345057,0.4968591894938603,5.229576001201873,-0.17985025543496103,False,True,False,all
2026-08-28,RLAY,18.770000457763672,98,7,False,-0.023225056114961173,0.4832053204907847,4.332386522576953,-0.11753643376568357,False,True,False,all
2026-08-28,WDC,459.45001220703125,98,6,False,-0.13503406090742287,0.256743631122071,4.897946125898327,-0.4255941402831118,False,True,False,all
2026-08-28,AMDL,47.59000015258789,98,6,False,-0.2082479259766763,0.3910069820161639,4.362253538319762,-0.4320324664924444,False,True,False,all
2026-08-28,MXL,61.72999954223633,98,6,False,-0.2260939173663502,0.3332224565815731,3.833985695333852,-0.5188620571011703,False,True,False,all
2026-08-28,NUAI,4.659999847412109,98,5,False,-0.08758055531590869,-0.022861101740353607,13.51713303895572,-0.5066172580221733,True,True,False,all
2026-08-28,CHRN,18.739999771118164,98,6,False,-0.1499900331976145,0.41408346948351293,4.400576258388022,-0.37533334096272786,True,True,False,all
2026-08-28,STX,829.760009765625,98,6,False,-0.052703406863629954,0.4314110688736712,4.0638350218168275,-0.27531876876364625,False,True,False,all
2026-08-28,XNCR,26.059999465942383,98,6,False,0.3190528465401483,0.7568075084694186,2.328224740723599,-0.14864426833335243,False,False,False,all
2026-08-28,OPTX,8.520000457763672,98,5,False,-0.01853489197363467,0.21447108652373337,6.220339691936916,-0.42895439583134387,False,True,False,all
2026-08-28,DMRA,29.0,98,7,False,-0.0015046301753735003,0.11699566559624452,10.836734463502252,-0.24331377892513428,False,True,False,all
2026-08-28,DFTX,40.97999954223633,98,7,False,-0.05858895415687604,0.689353503859188,3.710344878237162,-0.17545273816586138,False,True,False,all
2026-08-28,ALM,18.040000915527344,97,6,False,0.1830905160156311,0.22883475930739383,3.532663524892876,-0.26095858138893424,False,True,False,all
2026-08-28,ALMS,22.3799991607666,97,5,False,-0.15518480971331394,0.016683476887363158,4.952127451470881,-0.28612443737018545,False,True,False,all
2026-08-28,ANAB,56.279998779296875,97,7,False,-0.036801131184660774,0.2344446667817366,3.9351102583458832,-0.2222222456525842,True,True,False,all
2026-08-28,APPS,11.09000015258789,97,7,False,0.042606814953017214,0.7682888193606121,3.0474452970760746,-0.2770534522636896,False,True,False,all
2026-08-28,ASX,37.779998779296875,97,7,False,-0.029704730747486252,0.37229863211114744,2.8316430116416944,-0.17003518454812971,True,True,False,all
2026-08-28,EVC,8.069999694824219,97,6,False,-0.23912431380218668,0.3819320845697487,3.1384612807625674,-0.4126637678853847,False,True,False,all
2026-08-28,FCEL,17.760000228881836,97,6,False,-0.19164700928600964,0.3443953415323393,3.6614174529160843,-0.5311510103459058,True,True,False,all
2026-08-28,HYMC,23.825000762939453,97,5,False,0.028340361864715335,-0.19393988881938518,4.768765158052463,-0.5943299685230639,False,False,False,all
2026-08-28,IBRX,8.050000190734863,97,7,False,0.027650856405662783,0.24808139930801376,3.128205125070104,-0.3523732909819086,False,True,False,all
2026-08-28,MRVL,216.6199951171875,97,6,False,-0.05222354417378383,0.4572955934247609,2.5257161451663706,-0.3433369955413327,False,True,False,all
2026-08-28,SOXL,111.33999633789062,97,5,False,-0.3045596724296914,0.03981874956757614,3.678151256598184,-0.6313245154374483,True,True,False,all
2026-08-28,TRT,10.100000381469727,97,6,False,-0.0742268049491922,0.20645277682666752,2.9453127371962236,-0.5275958476180043,False,True,False,all
2026-08-28,KORU,20.770000457763672,97,4,False,-0.13639795984216585,-0.07240011246716183,4.46435143687804,-0.6753926660992564,True,True,False,all
2026-08-28,SIMO,245.80999755859375,97,6,False,-0.11025897339563528,0.362424543234354,2.1832426013053556,-0.3075774716659331,True,True,False,all
2026-08-28,MNPR,111.88999938964844,97,6,False,0.05729660617000509,0.507073532011961,2.4144033514390792,-0.10358917110069454,False,True,False,all
2026-08-28,REPL,15.5,97,6,False,0.31272495976647363,0.8380990519261318,9.333333333333334,-0.040247655348825684,False,True,False,all
2026-08-28,LRCU,47.79999923706055,97,5,False,-0.2352071083871694,0.05862268952776439,5.221258369811378,-0.5794474951878297,True,True,False,all
2026-08-28,RLMD,4.329999923706055,97,4,False,-0.21628960251073504,-0.207293644364133,5.873015803935155,-0.45875000953674316,False,True,False,all
2026-08-28,SILC,42.20000076293945,97,7,False,-0.018435713542075294,0.4555689595369474,2.1634183118620784,-0.20302171567718075,False,False,False,all
2026-08-28,TNGX,23.34000015258789,97,6,False,-0.1580147287315965,0.2135234635281349,2.7344000244140627,-0.3213143190804084,False,True,False,all
2026-08-28,ALTO,4.070000171661377,96,5,False,-0.16533362360925008,0.017423739088235468,3.4239131498145223,-0.3338788735311602,False,True,False,all
2026-08-28,AMD,465.5799865722656,96,7,False,-0.08001853831880024,0.3875096882847784,2.1200910250875267,-0.20376925739461405,True,True,False,all
2026-08-28,BE,210.77000427246094,96,5,False,-0.10920095112699679,0.11810114034063535,3.3128710636198937,-0.3999942922885169,True,True,False,all
2026-08-28,BNAI,12.609999656677246,96,4,False,-0.12547768009759186,-0.3628223956515295,9.68644086203676,-0.853847938860854,False,True,False,all
2026-08-28,ICHR,55.44499969482422,96,5,False,-0.3105596515974186,0.039047919094669314,2.943456475112662,-0.5118418841259023,False,True,False,all
2026-08-28,INTC,89.47000122070312,96,6,False,-0.14726641575368382,0.22924525590688516,2.7782939217761538,-0.37147876793457,True,True,False,all
2026-08-28,KOD,37.720001220703125,96,7,False,-0.06185020577949574,0.15324882412833785,3.5500604818183543,-0.21153843853692644,False,True,False,all
2026-08-28,NBIS,209.17999267578125,96,6,False,-0.04647470552625277,0.3777511243906193,2.3066708540296945,-0.30240778064957885,False,True,False,all
2026-08-28,NEO,18.049999237060547,96,6,False,0.19726713325825873,0.572107861556741,1.597122263657886,-0.08653851072946339,False,True,False,all
2026-08-28,UMC,19.790000915527344,96,6,False,-0.08253049084702746,0.4192383060615805,2.01676845855918,-0.3166435931920297,True,True,False,all
2026-08-28,DOCN,111.20999908447266,96,5,False,-0.14180014613890368,0.16396511625169485,2.6003107677237263,-0.4068800048828125,False,True,False,all
2026-08-28,LQDA,67.69000244140625,96,6,False,-0.14439702973344581,0.34457892146580926,2.200472986396681,-0.2768934729189504,False,True,False,all
2026-08-28,PENG,49.5099983215332,96,6,False,-0.18405624755645145,0.37988597097234234,2.086658073292602,-0.4490318497078908,True,True,False,all
2026-08-28,TSEM,208.00999450683594,96,6,False,-0.12802789106580026,0.13396370936365964,2.678988170120652,-0.34984686841424006,False,True,False,all
2026-08-28,CORT,113.87999725341797,96,6,False,0.12797367991512543,0.7274279546596005,2.973482130485807,-0.09890805722154683,True,True,False,all
2026-08-28,FSLY,23.040000915527344,96,7,False,0.05829345013489684,0.2519885476145234,2.26576916741797,-0.33831128324357507,False,True,False,all
2026-08-28,ANF,148.4199981689453,95,6,False,0.45678904078738913,0.5581293231040605,1.2676853336802405,-0.039849939119821154,False,False,False,all
2026-08-28,AVAH,13.319999694824219,95,6,False,0.31153995567976067,0.6050658045306112,1.2462057471182106,-0.04857145036969868,False,False,False,all
2026-08-28,TEAM,190.4149932861328,95,5,False,0.6575236710952286,0.7577840883089626,2.3996607568711035,-0.02331254242520031,False,True,False,all
2026-08-28,UMAC,23.979999542236328,95,7,False,0.05837384896736375,0.41325677010793194,2.3098688641850598,-0.31340547319406686,False,False,False,all
2026-08-28,CIEN,378.44000244140625,95,4,False,-0.09019353910855787,0.013337074508524838,3.2048889160156246,-0.4063779444333173,False,True,False,all
2026-08-28,AUGO,84.52999877929688,95,7,False,0.27699236185632237,0.2553905840183033,1.9922123461698007,-0.2337814248055704,False,False,False,all
2026-08-28,PACS,42.75,95,7,False,-0.03186796291019389,0.15560060761503403,4.7,-0.13618915841337276,False,True,False,all
2026-08-28,BB,8.15999984741211,95,6,False,-0.1277018911900275,0.38212550423740654,1.6153846624099777,-0.39955851686593014,True,True,False,all
2026-08-28,NIQ,19.200000762939453,95,6,False,0.5249230168436063,0.520563302033284,1.4211855206259134,-0.019908085074563764,False,True,False,all
2026-08-28,NUTX,189.25,95,6,False,0.10866304620034817,0.3605926407949147,1.4511073985760374,-0.07230392156862742,False,True,False,all
2026-08-28,UCTT,69.4800033569336,95,5,False,-0.2644660975671289,0.05176161543463098,2.2331318798017104,-0.5182360090913689,False,True,False,all
2026-08-28,RXT,3.1500000953674316,95,5,False,-0.33924861330537637,0.17170285251489448,7.015267282085878,-0.6337209353903421,False,True,False,all
2026-08-28,IRDM,46.599998474121094,95,7,False,-0.03376436740128996,0.3987272934566959,1.9776357578274117,-0.18502976171017993,True,True,False,all
2026-08-28,AMPL,14.300000190734863,94,6,False,0.4248420881597377,0.6249954046642756,1.5952812335248874,-0.03083699899539416,False,True,False,all
2026-08-28,ASMG,44.73460006713867,94,6,False,-0.11026368844754131,0.13915549883506362,2.6637673978195773,-0.32034943368958424,False,True,False,all
2026-08-28,AVR,8.739999771118164,94,7,False,-0.035320106455022704,0.29204884263230424,1.6484848173962914,-0.20940755044337445,False,True,False,all
2026-08-28,ENVA,232.72000122070312,94,7,False,-0.031299610679257794,0.3303922809186153,1.2589789245189804,-0.1298560830105473,False,True,False,all
2026-08-28,FORM,101.69499969482422,94,5,False,-0.1452916068297493,0.008495529829319448,2.656778196611092,-0.3654770263689424,False,True,False,all
2026-08-28,IRWD,4.130000114440918,94,7,False,0.0011150689085750454,0.05710412572509482,3.089109062809605,-0.2854671341650594,True,True,False,all
2026-08-28,OILU,51.529998779296875,94,7,False,0.22397302783974316,0.3475631301123978,1.605156571813843,-0.16098150458463045,False,True,False,all
2026-08-28,QLYS,187.0500030517578,94,6,False,0.190194424624067,0.5092790073745013,1.5104012574011834,-0.07189635167747122,False,True,False,all
2026-08-28,TER,354.9700012207031,94,6,False,-0.07018666326142864,0.13774387547094546,2.239959922697714,-0.27246828604373263,False,True,False,all
2026-08-28,VSTS,12.479999542236328,94,6,False,-0.12102775258760234,0.2712252380868989,2.1356782619165857,-0.2615384719563878,False,True,False,all
2026-08-28,IMOS,55.45500183105469,94,6,False,-0.06948605632997762,0.2260430955498005,2.660396252632676,-0.29221438530887267,True,True,False,all
2026-08-28,VIAV,36.540000915527344,94,5,False,-0.11587075181575635,0.0630081305614627,2.2948602716656055,-0.3953334315572108,False,True,False,all
2026-08-28,CHYM,33.20000076293945,94,6,False,0.33294792442652743,0.47967071227748725,1.0906801337330037,-0.02810301782086755,False,True,False,all
2026-08-28,ROIV,34.709999084472656,94,7,False,-0.010626311254620102,0.2332683698859579,1.9291137524982647,-0.08585730922897505,False,True,False,all
2026-08-28,LRCX,301.8999938964844,94,6,False,-0.08848821718045596,0.17314768204303466,2.2079480601265358,-0.31151654755647806,True,True,False,all
2026-08-28,SPHR,141.67999267578125,94,7,False,-0.08025446032417838,0.1610910991570702,2.281148487134187,-0.21995271228895774,False,True,False,all
2026-08-28,ACMR,74.41999816894531,93,6,False,-0.16498363830269436,0.19497552038539379,1.8513408843388923,-0.41489113341884687,True,True,False,all
2026-08-28,ALAB,289.4700012207031,93,6,False,-0.1550696768508354,0.3056807132907522,1.9570947290384155,-0.4204526472139076,True,True,False,all
2026-08-28,AMAT,461.6700134277344,93,6,False,-0.16232831763632993,0.14956785460504518,1.9887357401396732,-0.37584324888872644,False,True,False,all
2026-08-28,ATRO,75.70999908447266,93,7,False,-0.0061461282666086525,0.239433461911847,1.6662347189134477,-0.19849672011146702,False,True,False,all
2026-08-28,FTRE,18.809999465942383,93,6,False,0.03828571863420227,0.3033761975225777,1.2649005147199999,-0.12061711067437575,False,True,False,all
2026-08-28,HUT,79.41999816894531,93,5,False,-0.20124792859806062,0.07309820633449804,2.2815469494479315,-0.43593752523037466,False,False,False,all
2026-08-28,MTRN,237.74000549316406,93,7,False,-0.06838112952683029,0.29670520157738056,1.2070182213057001,-0.21944968161341383,False,True,False,all
2026-08-28,NSP,53.540000915527344,93,6,False,0.10869981053615518,0.4548379553284796,1.8831449539791794,-0.06431318117211604,True,True,False,all
2026-08-28,PAYC,238.52999877929688,93,6,False,0.3958902089339209,0.6173526468864057,1.2738798408925796,-0.01637113905444587,False,True,False,all
2026-08-28,COHU,48.0,93,6,False,-0.13455193619796602,0.20832536099978527,1.5709694592314194,-0.35656835145041854,False,True,False,all
2026-08-28,HTFL,47.779998779296875,93,6,False,0.47620853899077864,0.6218986462616174,1.3735718217226838,-0.06661457196509679,False,False,False,all
2026-08-28,HAE,103.95999908447266,93,6,False,0.22512278537728658,0.44476677418152866,1.1969568840856022,-0.05120015173840109,False,False,False,all
2026-08-28,WTTR,19.280000686645508,93,7,False,-0.017058682275596926,0.2518139767411902,1.3563921179553606,-0.14501102709754643,False,True,False,all
2026-08-28,UTZ,14.199999809265137,93,6,False,0.24690467858274578,0.5024785441618065,1.0943951872925575,-0.004905441223055473,True,True,False,all
2026-08-28,VICR,187.75,93,5,False,-0.24266504284938117,-0.06161620554298297,2.947644965911157,-0.5093427335822964,False,True,False,all
2026-08-28,PATH,18.149999618530273,93,5,False,0.38054306186425313,0.4177305855943718,0.9728260863931508,-0.08518147787600583,False,True,False,all
2026-08-28,ONTO,270.7900085449219,93,6,False,-0.10118420612478041,0.13865656084293687,1.6810891935140782,-0.29930648829815976,False,True,False,all
2026-08-28,VOR,22.649999618530273,93,6,False,0.11664914138078952,0.48122471357709373,2.4846153259277344,-0.5465465611096545,False,True,False,all
2026-08-28,ALNT,92.86000061035156,92,7,False,-0.026218474641318545,0.28233278939998296,1.2241916313856662,-0.21749387340386728,False,True,False,all
2026-08-28,APPN,42.5099983215332,92,6,False,0.47503777347286946,0.4934325781121385,1.2818035553676306,-0.07705334315049828,False,True,False,all
2026-08-28,ATRC,48.540000915527344,92,6,False,0.28305440077978417,0.4245549582753929,0.9140378449247379,-0.028811497396915575,False,True,False,all
2026-08-28,ESTC,99.91000366210938,92,5,False,0.4634625531311316,0.5662587887920645,1.3759811052280404,-0.07486456668226293,False,False,False,all
2026-08-28,FTK,23.93000030517578,92,6,False,-0.09567752998990342,0.21597692557135661,1.1853881937904567,-0.39677334485211047,False,False,False,all
2026-08-28,INTA,43.470001220703125,92,6,False,0.35844602700957484,0.4073130804894567,1.286691251831722,-0.09305234834290288,False,True,False,all
2026-08-28,JBIO,20.84000015258789,92,6,False,-0.02307309416457226,0.17348785512678289,2.0159190467121006,-0.2557142802647182,False,True,False,all
2026-08-28,MRAM,16.549999237060547,92,5,False,-0.07060591672843375,0.0790721455160941,1.6693547977741239,-0.6786407915133874,False,True,False,all
2026-08-28,NBR,91.70999908447266,92,7,False,0.08016365812307802,0.17781378742369558,1.642939396774349,-0.1876882387512553,False,True,False,all
2026-08-28,NEXA,13.350000381469727,92,7,False,-0.015254309389788001,0.11211079426618387,1.7864747839129413,-0.2095914230966941,False,False,False,all
2026-08-28,DCO,176.3000030517578,92,7,False,-0.03163684160165914,0.28432970764576515,1.0799905451677518,-0.16203239905312683,False,True,False,all
2026-08-28,COHR,279.20001220703125,92,5,False,-0.1268003152023528,0.021674769531406124,2.2487782671101195,-0.36545451771129256,False,False,False,all
2026-08-28,KOPN,4.480000019073486,92,7,False,0.060957708924403775,0.31445757276141517,1.4751382103326138,-0.32223904257448777,False,True,False,all
2026-08-28,SVM,12.770000457763672,92,7,False,0.195670535410416,0.19375363662105394,1.7882097533814836,-0.19023461717929635,False,True,False,all
2026-08-28,CNC,64.75,92,7,False,-0.006981036648974093,0.3059372252578858,1.2928470440790027,-0.06646482943749499,True,True,False,all
2026-08-28,SNOW,328.0,92,6,False,0.1422474193540959,0.5099033320009314,1.7726119318568037,-0.04079547217148605,False,True,False,all
2026-08-28,CLOV,4.230000019073486,92,7,False,-0.08045476712717525,0.3667757279794761,1.6772151292277706,-0.243291609372281,False,True,False,all
2026-08-28,AIS,67.81999969482422,91,7,False,-0.05589986616920728,0.23456092843350262,1.298749249179067,-0.23621824321920848,True,True,False,all
2026-08-28,ARCB,136.5399932861328,91,7,False,-0.057170561742119985,0.2198596913042119,1.2974927239608562,-0.22723418756297742,False,True,False,all
2026-08-28,ENLT,77.54000091552734,91,5,False,-0.09012074656673119,0.0824567195212127,1.8697261140588814,-0.2863322611453586,False,True,False,all
2026-08-28,FIGS,15.420000076293945,91,7,False,0.3052531795494151,0.24574351333930822,1.374134002770134,-0.11784894278543179,False,True,False,all
2026-08-28,GSHD,71.26000213623047,91,5,False,0.2070049355296344,0.28038814323616945,1.1157957687215214,-0.1845282326006199,True,True,False,all
2026-08-28,NWPX,112.02999877929688,91,6,False,-0.12534645602778227,0.20857164387814708,1.2747207873968907,-0.26310596804034914,False,True,False,all
2026-08-28,QNST,19.18000030517578,91,6,False,0.11915044176811884,0.37115080973883097,0.8639456147988012,-0.1395244720777521,False,True,False,all
2026-08-28,TECL,200.82000732421875,91,7,False,0.009988271635190449,0.32865971924299253,1.67189991404243,-0.2708060574623625,False,True,False,all
2026-08-28,TRVI,16.790000915527344,91,7,False,-0.06896010885916093,0.20817014810885293,1.4227996149247422,-0.16963395224063005,False,True,False,all
2026-08-28,SEZL,124.12000274658203,91,6,False,-0.19393802573551455,0.2855622061025882,1.5074748029612532,-0.36579633902905895,False,True,False,all
2026-08-28,CRDO,232.75,91,7,False,-0.027075515304963327,0.33422893089708805,1.6912181113188507,-0.24595849977344408,False,True,False,all
2026-08-28,BTSG,59.130001068115234,91,7,False,-0.102116909207984,0.19618327879594566,1.5866141508911307,-0.19823727365267474,True,True,False,all
2026-08-28,U,43.310001373291016,91,6,False,0.23293367926614028,0.3542225661939231,1.5810488439228498,-0.16951102385301242,False,False,False,all
2026-08-28,DDOG,236.97999572753906,91,7,False,-0.04998695117029084,0.34970176803861786,1.4179164428355504,-0.19042089799370276,False,True,False,all
2026-08-28,OBE,11.380000114440918,91,7,False,0.16300461283837198,0.268305739841209,1.0919117637391116,-0.22001370833279954,False,True,False,all
2026-08-28,AMBQ,57.34000015258789,90,6,False,-0.20250347323677043,0.22465368666944951,1.5922241400138706,-0.37408580099814237,True,True,False,all
2026-08-28,AMRX,17.540000915527344,90,7,False,-0.007109812183448416,0.23328757537520017,0.8921251401705708,-0.0893042208159075,False,True,False,all
2026-08-28,ARIS,20.270000457763672,90,7,False,0.25310651929540473,0.17608494710855127,1.5242840761918108,-0.12966940056023146,False,True,False,all
2026-08-28,ASML,1696.1600341796875,90,7,False,-0.040748052190025974,0.1585458256351664,1.368277024951209,-0.15190300440584992,False,True,False,all
2026-08-28,AVTR,14.579999923706055,90,6,False,0.20464008918156562,0.4177293848406005,1.0068823388374062,-0.08474578503498842,True,True,False,all
2026-08-28,EXPE,329.44000244140625,90,6,False,0.1404943438333386,0.27880083309726533,0.7774900666384443,-0.036725139060215684,False,True,False,all
2026-08-28,FLEX,110.5,90,6,False,-0.13395552917285536,0.17986288949581297,1.1348532376986142,-0.3377681913232303,False,True,False,all
2026-08-28,FTXL,220.22999572753906,90,6,False,-0.08616666757841107,0.16620642342454373,1.3002924654428027,-0.25938254446990994,True,True,False,all
2026-08-28,SATL,4.849999904632568,90,5,False,0.00881935301715342,0.03513590788053733,2.864541771362661,-0.5958333412806194,False,True,False,all
2026-08-28,VSAT,67.37000274658203,90,6,False,-0.10105969410495119,0.19551469164936086,1.5812261211464524,-0.27582496366134834,False,True,False,all
2026-08-28,CARE,31.469999313354492,90,7,False,-0.040981528020034186,0.26121140813069976,0.8754468430028213,-0.12728790585505234,False,True,False,all
2026-08-28,CBLL,23.729999542236328,90,6,False,0.18164342866022287,0.21924900825249005,1.1870966551083102,-0.06316622133000105,False,True,False,all
2026-08-28,ZBIO,31.270000457763672,90,5,False,0.06115829584282806,0.19984384978974745,1.3162963302047164,-0.29887888951592856,False,True,False,all
2026-08-28,SMTC,131.1699981689453,90,6,False,-0.032221421515150284,0.24053777116703356,1.37712934837809,-0.26038909695676005,False,False,False,all
2026-08-28,CBL,55.040000915527344,90,7,False,-3.631592917840987e-05,0.2655594000282322,0.9632602537933685,-0.08874172971758987,True,True,False,all
2026-08-28,SITM,557.8599853515625,90,6,False,-0.10514321175651808,0.1317985265300552,1.5115252909007273,-0.3813996442024181,False,True,False,all
2026-08-28,WTI,3.569999933242798,90,7,False,0.02198555514567091,0.2069781389355052,1.3799999554951987,-0.29724409707503574,False,True,False,all
2026-08-28,CRVS,14.15999984741211,90,4,False,-0.006022839769486921,0.037233446144358195,1.6818180463530856,-0.4745825808330081,False,True,False,all
2026-08-28,TIGO,93.37999725341797,90,7,False,-0.003955197361564244,0.24078839188492696,1.0806130918205552,-0.1283487384721398,False,True,False,all
2026-08-28,ALKS,47.40999984741211,89,7,False,-0.06522708260649435,0.27072533409898836,0.8835915655028002,-0.14837432357130775,True,True,False,all
2026-08-28,ASYS,15.0600004196167,89,5,False,-0.12034763236926671,-0.0036123708453182912,1.6749556151851372,-0.4142356687709078,False,False,False,all
2026-08-28,BRZE,34.529998779296875,89,6,False,0.33983652397349595,0.4027603801953874,1.2627783919651376,-0.07493237897940008,False,False,False,all
2026-08-28,EGO,45.47999954223633,89,7,False,0.3040860140852777,0.2776913777869514,0.9101218211823368,-0.11102424398195343,False,False,False,all
2026-08-28,ELF,104.0999984741211,89,4,False,0.2488992461564099,0.383934898954712,1.132322800591036,-0.31055040276269064,False,True,False,all
2026-08-28,HL,20.3799991607666,89,5,False,0.229666406409067,0.08201660348795015,1.541146882484024,-0.40357037597711853,False,True,False,all
2026-08-28,PDFS,44.810001373291016,89,6,False,-0.14644690083136336,0.10034750090349265,1.367142136867225,-0.3749476935795173,False,False,False,all
2026-08-28,RDVT,73.30000305175781,89,6,False,0.1078582846844316,0.4105343273167774,1.1946107695523214,-0.020380808001091433,False,True,False,all
2026-08-28,VELO,11.869999885559082,89,4,False,-0.14347976924202854,-0.13083274491803631,3.1358886267853565,-0.6261417358879029,False,True,False,all
2026-08-28,VSH,30.559999465942383,89,5,False,-0.24053779380465312,0.07483388580464512,1.596431459421443,-0.5600978993961061,False,True,False,all
2026-08-28,PEB,18.489999771118164,89,7,False,-0.010054724928562853,0.28478614548707637,0.8508508703447757,-0.07225291078814744,False,True,False,all
2026-08-28,SOXX,508.6199951171875,89,7,False,-0.07542868851815698,0.1935497197154108,1.1357128202920181,-0.2246055558321164,True,True,False,all
2026-08-28,STRO,20.450000762939453,89,4,False,-0.1994895220623878,-0.06877831293363423,1.8601399286958396,-0.5336373666008585,False,True,False,all
2026-08-28,MSGS,389.3399963378906,89,7,False,-0.011168866147418188,0.20008709979377226,1.0083046723541824,-0.1129792840894348,False,True,False,all
2026-08-28,HRTG,33.86000061035156,89,6,False,0.14986248370683053,0.24493305875325277,0.6533203792569127,-0.07232875040132702,False,True,False,all
2026-08-28,LGND,280.489990234375,89,7,False,-0.055134966561729004,0.21778158794174018,0.7707702086003703,-0.14126079649354784,False,True,False,all
2026-08-28,TNET,70.2699966430664,89,6,False,0.14225239560003278,0.3660933310722898,1.0907466637005627,-0.038451082616068,True,True,False,all
2026-08-28,GPCR,47.369998931884766,89,3,False,-0.06426118939620085,-0.1242349753611034,1.593626757018571,-0.5008430119048299,False,True,False,all
2026-08-28,NUVB,6.659999847412109,89,5,False,0.06321836871130371,0.12739950512118248,1.3197491215425674,-0.316923092573117,False,True,False,all
2026-08-28,CBZ,54.5099983215332,89,6,False,0.20367790484496107,0.3804158284710264,1.2441332345396403,-0.17195812235541175,True,True,False,all
2026-08-28,ADEA,25.719999313354492,88,5,False,-0.08798532540076098,0.09409792507372305,1.2153316170480828,-0.2510192428925714,False,True,False,all
2026-08-28,AIR,133.19000244140625,88,7,False,-0.039822923861001835,0.17900072822617563,0.8232716889421305,-0.13512985427658275,False,True,False,all
2026-08-28,AVT,88.62999725341797,88,7,False,-0.007709502786440003,0.2543599028135728,1.0029377910376942,-0.11370002746582031,False,True,False,all
2026-08-28,BTE,4.739999771118164,88,7,False,0.11111104777127978,0.1815292012438594,1.2046509585424485,-0.11567170652097036,False,True,False,all
2026-08-28,EMEQ,64.40339660644531,88,7,False,-0.021736226062757602,0.19856872244847246,1.0758548718234038,-0.18176346899297124,True,True,False,all
2026-08-28,GRAL,80.0,88,4,False,0.12957336140737485,0.09198059647175572,1.5957170925421802,-0.32682596377282946,False,False,False,all
2026-08-28,LNTH,100.7699966430664,88,7,False,-0.02750719492449083,0.2137329582373133,1.0287900212984074,-0.09914181929888966,True,True,False,all
2026-08-28,MDB,446.6199951171875,88,6,False,0.22526062542479885,0.3087075119175997,1.0707530150400388,-0.05597127593469997,False,True,False,all
2026-08-28,OMDA,23.690000534057617,88,7,False,0.06806974002403621,0.40018237038464366,1.3044748199823717,-0.11982167088128215,False,True,False,all
2026-08-28,PBI,17.209999084472656,88,7,False,-0.013335219460774317,0.28963600994755745,0.9229049666187343,-0.09753542947650828,False,True,False,all
2026-08-28,PSI,131.80999755859375,88,6,False,-0.12696931645468224,0.11891137470902469,1.168641003716035,-0.30347709927880373,False,True,False,all
2026-08-28,SOXQ,90.27999877929688,88,7,False,-0.07065800716043469,0.17875856511173382,1.0825836668296969,-0.21723674950415717,True,True,False,all
2026-08-28,STM,49.380001068115234,88,5,False,-0.1831994950395167,0.10663896093484104,1.3391757290571138,-0.3935150800955258,True,True,False,all
2026-08-28,TTMI,118.6500015258789,88,5,False,-0.1745317416311012,-0.0018423525358323145,1.7793395489042152,-0.4699101972244315,False,True,False,all
2026-08-28,CVI,41.7599983215332,88,7,False,0.2589233590306175,0.3696517911070878,1.1284401903809944,-0.010309310971374996,False,True,False,all
2026-08-28,ODC,91.69000244140625,88,7,False,-0.05067482814493518,0.25987089830239407,1.0103047843546062,-0.14308408933265182,False,True,False,all
2026-08-28,SKE,33.2400016784668,88,7,False,0.1381925025241142,0.1587514378511905,1.1542450434895257,-0.1426360256384649,False,True,False,all
2026-08-28,TBN,37.150001525878906,88,7,False,0.09384389677837701,0.1691508342174497,0.9002559066833304,-0.28845044670902165,False,True,False,all
2026-08-28,SSL,11.819999694824219,88,7,False,0.06377231686437512,0.17271790756835181,1.2557252311295328,-0.17745304182621802,False,True,False,all
2026-08-28,NKTR,72.5199966430664,88,7,False,0.025214701297317177,0.12408572092933201,1.6020808919739222,-0.3346789298801247,False,True,False,all
2026-08-28,IQV,261.75,88,6,False,0.18303373652155996,0.30371635307053535,0.6941747572815533,-0.013195098963242224,False,True,False,all
2026-08-28,MANH,223.27999877929688,88,6,False,0.28623141743902436,0.4214363186322909,0.8753569910784911,-0.01651764092923025,False,False,False,all
2026-08-28,SNX,253.97000122070312,88,7,False,-0.006372481109390149,0.25684294259467433,0.7857544581692242,-0.14335345844438896,False,True,False,all
2026-08-28,ARM,239.0500030517578,87,6,False,-0.16956331004548852,0.19923582587889843,1.3900221063277676,-0.47194610866846154,True,True,False,all
2026-08-28,ARW,203.9199981689453,87,7,False,-0.03559393534899791,0.22164329635407976,1.0033401742296157,-0.14077446342368705,False,True,False,all
2026-08-28,ATLC,91.08000183105469,87,7,False,-0.08967335265730991,0.2353817485210552,0.9174737227590462,-0.20342832999661298,False,True,False,all
2026-08-28,BCAX,23.43000030517578,87,7,False,-0.11913649017970762,0.12663190134563695,1.2758620817427184,-0.24394964574953293,False,True,False,all
2026-08-28,BHVN,15.40999984741211,87,7,False,0.04317568234799385,0.3367279086647217,1.0601604021547684,-0.1699881579189333,False,False,False,all
2026-08-28,FEIM,60.459999084472656,87,7,False,-0.09057818395639938,0.09632757578947504,1.3209213380113285,-0.2498759276790179,False,True,False,all
2026-08-28,FRSH,13.859999656677246,87,6,False,0.23734530396467335,0.3651103649460543,1.0412370743069603,-0.009292360011992185,False,True,False,all
2026-08-28,HCC,107.06999969482422,87,7,False,0.21823840457859078,0.2106184285484447,0.9588364433538041,-0.037140264089577824,False,True,False,all
2026-08-28,IAG,20.59000015258789,87,7,False,0.23402777557882493,0.16552888463302762,1.3239278725107457,-0.17209491524799791,False,False,False,all
2026-08-28,KLIC,81.02999877929688,87,5,False,-0.2077769546577366,0.03921585942632211,1.3138206087982254,-0.4033137190106417,False,True,False,all
2026-08-28,MKSI,255.75999450683594,87,5,False,-0.22731679359027523,-0.015176870922238406,1.6231794308393428,-0.4286224983316984,False,True,False,all
2026-08-28,MOV,34.47999954223633,87,7,False,-0.07811432029267285,0.21999113733628817,1.058507435357393,-0.14864198661144867,False,False,False,all
2026-08-28,NOK,10.210000038146973,87,5,False,-0.06537777841060033,0.07158413352231952,1.4137115820588835,-0.41489973686241277,True,True,False,all
2026-08-28,RPD,13.289999961853027,87,4,False,0.24473166507151234,0.34294988691897355,1.6740443708027892,-0.37488241680268264,False,True,False,all
2026-08-28,SPT,11.489999771118164,87,4,False,0.320006865534759,0.414985389378856,1.335365770923556,-0.2832190094233489,False,False,False,all
2026-08-28,VEEV,276.69000244140625,87,5,False,0.33271231663840983,0.3911916420549064,0.8688956213305601,-0.10888888102606686,False,False,False,all
2026-08-28,WBD,28.770000457763672,87,7,False,0.06770680194061995,0.0596587674772886,1.5573333740234374,-0.040999984741210915,False,True,False,all
2026-08-28,RLJ,11.460000038146973,87,7,False,-0.017152655390482607,0.2673976908334472,0.7522935940354234,-0.11093873290054224,False,True,False,all
2026-08-28,TSAT,42.81999969482422,87,6,False,-0.03625413562876467,0.09855996017431123,1.1593545062818906,-0.30419241050059564,False,True,False,all
2026-08-28,CURE,136.19000244140625,87,6,False,0.11702016001855675,0.26246920951466435,0.831988285584446,-0.092066650390625,False,True,False,all
2026-08-28,HIBL,102.7300033569336,87,6,False,-0.05865303806493416,0.19051637766500784,1.1885386954076291,-0.2561887841558641,True,True,False,all
2026-08-28,TSMU,66.57520294189453,87,6,False,-0.05851755416100135,0.1139330773040188,1.5179728289391816,-0.28636292969728505,True,True,False,all
2026-08-28,ACHC,28.549999237060547,86,7,False,-0.05848912176556176,0.2599265801136561,1.497812639964009,-0.20318175333400057,False,True,False,all
2026-08-28,ASTH,37.959999084472656,86,6,False,-0.07738676185118865,0.2258091328667764,1.0995574803460277,-0.2643410812597077,True,True,False,all
2026-08-28,HRB,52.47999954223633,86,5,False,0.189644999865888,0.36033613187639646,0.863636357478859,-0.10550534889884178,False,True,False,all
2026-08-28,HYLN,3.509999990463257,86,6,False,-0.14933838226476237,0.15826293190138707,1.2500000764162142,-0.5865724281402451,False,True,False,all
2026-08-28,IGPT,91.58000183105469,86,7,False,-0.024522201022696533,0.2170326303943988,0.841544393204239,-0.16227586821525974,True,True,False,all
2026-08-28,JAZZ,244.5399932861328,86,7,False,-0.009665250137436354,0.20478956342046684,0.9740070932184794,-0.08198817927902535,False,False,False,all
2026-08-28,KOP,46.560001373291016,86,7,False,-0.020119514185412024,0.2273060112985985,0.8624000549316406,-0.12150940805111288,False,True,False,all
2026-08-28,MOG.A,374.6600036621094,86,7,False,-0.07865718177631797,0.15439076403890284,0.9625983008950172,-0.1652890752647027,False,True,False,all
2026-08-28,NVEC,100.88999938964844,86,6,False,-0.05265827052817196,0.22023344489881858,0.7635029016637576,-0.2526666711877894,False,True,False,all
2026-08-28,PGC,45.11000061035156,86,7,False,-0.023576160285150305,0.20107728390586055,0.8255767819391755,-0.0820105581878744,False,True,False,all
2026-08-28,RGEN,176.27000427246094,86,6,False,0.16132749759521303,0.2458489998229174,0.7454204178738608,-0.066020196773946,False,True,False,all
2026-08-28,USD,82.81999969482422,86,6,False,-0.07482708399586768,0.164762482349619,1.099898645501931,-0.2890987150658866,False,True,False,all
2026-08-28,WCLD,42.93000030517578,86,6,False,0.1988345230312043,0.3446455295701283,0.7969862453733421,-0.013998802658473197,False,True,False,all
2026-08-28,CSTL,33.5,86,6,False,0.2326599712116053,0.13753474180890546,0.8903058215353672,-0.24345074698459712,False,True,False,all
2026-08-28,BW,7.159999847412109,86,4,False,-0.3270044306028992,-0.38025829799774447,2.934065736847335,-0.6749886688949369,False,True,False,all
2026-08-28,CRS,476.42999267578125,86,7,False,-0.14572259855550584,0.11125609608360176,1.0896052310341284,-0.23891755442063445,False,True,False,all
2026-08-28,SMH,553.1099853515625,86,7,False,-0.050715709380830365,0.17129848443870666,0.9631930308914938,-0.17671141318236872,True,True,False,all
2026-08-28,MAMA,16.3799991607666,86,7,False,-0.08254829862745383,0.08074756252081139,1.0747307410182332,-0.22000003996349515,False,True,False,all
2026-08-28,IDYA,40.11000061035156,86,6,False,0.08298278791294189,0.19591048491967022,0.72664663800033,-0.06021555005735457,False,True,False,all
2026-08-28,TSMX,76.74459838867188,86,6,False,-0.05359382974369509,0.12365645338098252,1.4614194260690914,-0.27817345175925645,True,True,False,all
2026-08-28,HIMX,13.640000343322754,86,6,False,-0.03759311109513397,0.17369682751734494,0.9912409537550788,-0.4563571040107839,False,True,False,all
2026-08-28,WKC,35.45000076293945,86,7,False,-0.01152704883402944,0.25653302553063795,0.5961279704744824,-0.13956310421169427,False,True,False,all
2026-08-28,AG,20.760000228881836,85,6,False,0.17460678147371578,0.06506327102989262,1.3404735622015536,-0.3520599364645758,False,True,False,all
2026-08-28,AMR,226.22999572753906,85,6,False,0.3873063968977084,0.21462280560384772,0.6928314633400283,-0.10869912063881315,False,False,False,all
2026-08-28,AU,113.19000244140625,85,7,False,0.26382291297028626,0.19802691861680866,1.080316169065196,-0.12350934662866897,False,False,False,all
2026-08-28,AVTX,19.59000015258789,85,6,False,0.0363324841852144,0.16418656299475565,1.2647400019095536,-0.19283066406695126,False,True,False,all
2026-08-28,GLW,148.97999572753906,85,5,False,-0.12940326518878975,0.04770066012104324,1.2524946643839234,-0.45183605711721064,True,True,False,all
2026-08-28,GOLD,45.54999923706055,85,6,False,0.07767287174269555,0.07464473663526205,1.0704545107754795,-0.3170914344657857,False,False,False,all
2026-08-28,GRC,76.22000122070312,85,7,False,-0.0695914231766408,0.14194196166326956,0.821266523291166,-0.17848671886692224,False,True,False,all
2026-08-28,GTLB,44.869998931884766,85,5,False,0.2755602146847127,0.4243856276092315,1.3956219983189264,-0.14337537195664474,False,True,False,all
2026-08-28,NEM,127.9800033569336,85,7,False,0.22632725873171133,0.1896556603195052,0.7718399198253447,-0.054032007479953736,False,False,False,all
2026-08-28,NPK,152.6199951171875,85,7,False,0.1554557899463196,0.20576253553278168,0.6719982160188536,-0.03508884817606006,False,False,False,all
2026-08-28,RBRK,93.05000305175781,85,6,False,0.09886610100705306,0.35929610345435603,1.2023669361362797,-0.13770734969930665,False,False,False,all
2026-08-28,W,103.76000213623047,85,6,False,0.08824019170510744,0.17386988289916339,0.866187139996512,-0.13518920459144812,False,True,False,all
2026-08-28,DHC,7.650000095367432,85,6,False,-0.13214138634833272,0.07100858325044346,1.1016483172790519,-0.20807451177995118,False,True,False,all
2026-08-28,BWIN,30.68000030517578,85,6,False,0.09939727490813,0.2909469715961279,0.9319899297277758,-0.05860692968608172,False,True,False,all
2026-08-28,GTX,26.65999984741211,85,6,False,-0.13570081506668907,0.13016862765518256,1.1738421379723505,-0.26455172834725216,False,False,False,all
2026-08-28,NTNX,69.16000366210938,85,5,False,0.19099492877440571,0.4166725019165525,1.033519761108638,-0.16088321768286706,False,False,False,all
2026-08-28,SVIX,27.850000381469727,85,6,False,0.12806472194317697,0.29225195687312877,0.970983733609946,-0.015553217384878804,False,True,False,all
2026-08-28,UNF,281.8800048828125,85,7,False,-0.0025964633836791373,0.1639077269927447,0.9089800751179646,-0.08083610219283321,True,False,False,all
2026-08-28,PKE,32.41999816894531,85,7,False,-0.07314764124945039,0.11747049287570377,0.7822978129244413,-0.18665334489418184,False,True,False,all
2026-08-28,VRNS,43.91999816894531,85,4,False,0.025080831028952533,0.35886774157746304,1.2294414450769784,-0.31267610140575475,False,True,False,all
2026-08-28,ZIM,27.440000534057617,85,7,False,0.06567248130248338,0.12695726124190698,1.225466399338786,-0.08441771228768491,False,False,False,all
2026-08-28,KURA,12.65999984741211,85,6,False,0.16800441478620654,0.2980421517793588,0.7205762691917565,-0.08920861907543531,False,False,False,all
2026-08-28,TNA,69.94999694824219,85,7,False,-0.02941858617602655,0.20014543727178769,0.8890088915517484,-0.09438116412671238,False,True,False,all
2026-08-28,COPX,94.41999816894531,85,7,False,0.1511292876462027,0.1799638335528062,0.9468040859576352,-0.05570556869511101,False,False,False,all
2026-08-28,BULZ,37.33000183105469,85,7,False,0.04766561121348434,0.22489392433370958,1.4953209716487796,-0.33446244019429994,False,True,False,all
2026-08-28,BBNX,19.719999313354492,84,4,False,0.1844127954435153,0.16414122122431696,1.2409089643107984,-0.397126265200187,False,True,False,all
2026-08-28,EGY,5.769999980926514,84,7,False,0.06296745954385208,0.13214951041828948,0.7147102420724405,-0.14136902364963366,False,True,False,all
2026-08-28,HNI,49.130001068115234,84,6,False,0.12313061734378228,0.2071787221989978,0.6982371430990111,-0.06933130865575676,True,True,False,all
2026-08-28,KEYS,319.9700012207031,84,7,False,-0.030009468012055285,0.12292339129188012,1.015051418537003,-0.14666249633345996,False,False,False,all
2026-08-28,KLAC,175.5399932861328,84,5,False,-0.1784458661829792,0.03234352996164791,1.109247276578206,-0.428896782136439,False,True,False,all
2026-08-28,PRLB,79.73999786376953,84,7,False,-0.010028859600370144,0.22093313578109353,0.7680709658898386,-0.14258066813151038,False,True,False,all
2026-08-28,RIGL,46.47999954223633,84,6,False,0.14454003133837756,0.28411445952568193,0.8629257763902507,-0.11026037425654844,False,True,False,all
2026-08-28,XENE,59.9900016784668,84,7,False,-0.04813130872668936,0.14721897078858204,0.685112478925404,-0.17437381427286813,False,True,False,all
2026-08-28,BXC,79.41999816894531,84,6,False,0.17753808861190823,0.284996801234108,0.773559632289752,-0.15330495111900766,False,True,False,all
2026-08-28,DIOD,88.0,84,5,False,-0.08471388802341029,0.11809639136310857,1.081362406355856,-0.3015318557656248,False,True,False,all
2026-08-28,KALU,156.3800048828125,84,7,False,-0.07917404679726381,0.08200864577751421,1.1398467564947463,-0.21766969152879567,False,True,False,all
2026-08-28,DBX,35.70000076293945,84,6,False,0.14338790346738262,0.29581521432270375,0.6455405054214594,-0.018313819103884965,False,True,False,all
2026-08-28,URTY,81.33999633789062,84,7,False,-0.03000848484051366,0.196430659201841,0.8772211608722829,-0.09471343662494935,False,True,False,all
2026-08-28,PAY,35.9900016784668,84,6,False,0.10937129751492147,0.2526387269496848,0.7896569162678717,-0.2056940942914669,False,True,False,all
2026-08-28,COGT,34.66999816894531,84,4,False,-0.10309613184413002,-0.061341782503391284,1.9887928473113208,-0.20718045890991776,False,True,False,all
2026-08-28,DASH,236.74000549316406,84,5,False,0.19131610682862132,0.25958732912866145,0.6520586214339237,-0.17078807182779665,False,True,False,all
2026-08-28,AIP,22.010000228881836,83,5,False,-0.31482968417765067,-0.07183670797894981,1.6140142552789043,-0.5620771793887634,False,True,False,all
2026-08-28,BLTE,151.72000122070312,83,5,False,-0.028952839262526786,-0.030591127501537585,1.440012873529596,-0.24139999389648437,False,True,False,all
2026-08-28,FIX,1518.72998046875,83,5,False,-0.13324185102142683,0.029034246614961123,1.2661185259944703,-0.2677255012705615,False,True,False,all
2026-08-28,PD,13.829999923706055,83,5,False,0.29890865385006404,0.43273005325698866,1.4263158572787855,-0.2001157205673728,False,True,False,all
2026-08-28,PGY,21.979999542236328,83,4,False,0.16596731123373876,0.26531449868202994,1.1134615719671093,-0.5114470166211076,False,True,False,all
2026-08-28,PRSU,49.77000045776367,83,7,False,-0.028423060080078777,0.20615072362126496,0.5538558337358834,-0.11942675062510211,False,True,False,all
2026-08-28,SII,132.9499969482422,83,7,False,0.16300631790871978,0.09332260867147779,1.0596435424122217,-0.2162353762821052,False,False,False,all
2026-08-28,SLB,57.33000183105469,83,7,False,0.15259815488655915,0.1815819501979694,0.8119469954797525,-0.02533148370452376,False,True,False,all
2026-08-28,TECH,72.3499984741211,83,6,False,0.024778803876393196,0.1920983478915117,0.6747684536197724,-0.003718042718934611,True,True,False,all
2026-08-28,VET,12.460000038146973,83,7,False,0.1664482334064481,0.16130596213377113,0.7549296064098736,-0.1592442446204273,False,True,False,all
2026-08-28,WPP,25.81999969482422,83,6,False,0.22093076646995669,0.3238683267083462,0.7434165403955115,-0.07055438961034677,False,True,False,all
2026-08-28,CLOU,28.84000015258789,83,6,False,0.1492741418111907,0.29537461365839657,0.6461186871606481,-0.015363630893602931,False,True,False,all
2026-08-28,MAX,12.850000381469727,83,5,False,-0.007461390322320294,0.17324279603576476,0.8124118624707508,-0.12585030284350007,False,True,False,all
2026-08-28,CRGY,13.539999961853027,83,7,False,0.20623607063088167,0.2355649196138263,0.7630208677728667,-0.05248425486368902,False,True,False,all
2026-08-28,PLXS,240.8699951171875,83,7,False,-0.08804476451254428,0.09972514785373043,0.8243580803164972,-0.2155604864445938,False,True,False,all
2026-08-28,ZYME,28.270000457763672,83,6,False,0.13607595706603814,0.1430327527021269,1.0786764459420248,-0.0767472343912764,False,False,False,all
2026-08-28,ZLAB,26.079999923706055,83,7,False,0.22549479995469013,0.32254035909664336,0.6340852043465319,-0.24884795487406663,False,False,False,all
2026-08-28,TSHA,5.769999980926514,83,7,False,-0.06267260588346169,0.06816740226396911,1.128365936554098,-0.20958906436060387,False,True,False,all
2026-08-28,SVCO,6.860000133514404,83,5,False,-0.24240749651413862,-0.033693918155151104,1.2345277793762954,-0.5232800576896733,True,True,False,all
2026-08-28,AGYS,117.87999725341797,82,5,False,0.10205505847105445,0.2400230088210138,0.9167479228198043,-0.18843375384910177,False,True,False,all
2026-08-28,AMDW,78.04000091552734,82,6,False,-0.16022468405109658,0.13239487916615067,1.0375979757203977,-0.3266609155470799,False,True,False,all
2026-08-28,ARGX,1023.2100219726562,82,6,False,0.12578180828381247,0.2164489995887955,0.5459848299711816,-0.03613508883752903,False,False,False,all
2026-08-28,ASST,21.739999771118164,82,4,False,0.6072392256481765,0.4815925277792854,2.0968660726760966,-0.91373015963842,False,False,False,all
2026-08-28,BIO,387.70001220703125,82,6,False,0.18979450772825568,0.2913584006641201,0.6377308292323416,-0.021527896784151457,False,True,False,all
2026-08-28,BPOP,169.75,82,7,False,-0.006297644558504567,0.17414407139140997,0.5610631169283666,-0.0529458000575993,False,True,False,all
2026-08-28,ENTG,134.9199981689453,82,5,False,-0.07623209648764939,0.08069053049053254,0.9849933168435747,-0.27827112224825123,False,True,False,all
2026-08-28,EVER,25.65999984741211,82,6,False,0.03664201574662895,0.1998279231092588,0.8487031437928547,-0.1068569350414007,False,True,False,all
2026-08-28,FIVE,241.88999938964844,82,7,False,0.13786251639731173,0.17460675919031066,0.7557522819791347,-0.08333335260824215,False,False,False,all
2026-08-28,KYTX,8.369999885559082,82,5,False,0.023189846099677558,-0.0029779733074316583,1.357746478305689,-0.3877103263463726,False,True,False,all
2026-08-28,SDGR,19.700000762939453,82,5,False,0.1681412259187436,0.31027172250213764,0.7999087539724088,-0.14422239916613566,False,True,False,all
2026-08-28,SLG,57.540000915527344,82,6,False,0.07571912243594969,0.25566841806228036,0.6548748966921407,-0.13199577431217768,False,True,False,all
2026-08-28,SLVP,40.25,82,7,False,0.20507539211737402,0.12341675242234573,0.9295301448853432,-0.19740780108990041,False,False,False,all
2026-08-28,VECO,44.29499816894531,82,5,False,-0.20330014426429377,0.01799090004304027,0.900257365242052,-0.4886875265692374,False,True,False,all
2026-08-28,XERS,8.479999542236328,82,5,False,0.026435506797466868,0.2088467553584643,0.6152380080450148,-0.15873019777578168,False,True,False,all
2026-08-28,MEOH,57.66999816894531,82,7,False,0.0828216433764164,0.11850810301986603,0.802187442779541,-0.13602998997834737,False,True,False,all
2026-08-28,VIST,70.13999938964844,82,7,False,0.05513667244922371,0.12814243192017583,1.2175150569289008,-0.13875248910862747,False,False,False,all
2026-08-28,VPG,62.54999923706055,82,5,False,-0.35705695930545456,-0.07513443136067333,1.2712417268582659,-0.5878903693495582,False,False,False,all
2026-08-28,LPTH,11.229999542236328,82,5,False,-0.11780420959916083,-0.05040951186973208,1.3842886308456337,-0.4070750144889006,False,False,False,all
2026-08-28,SKYY,165.13999938964844,82,6,False,0.13760516898245934,0.28159260276849385,0.5915574015970992,-0.02312927294601852,False,True,False,all
2026-08-28,FFIV,394.239990234375,82,7,False,-0.02383418235477941,0.21972571552450693,0.7618877364708321,-0.09370117187500004,False,True,False,all
2026-08-28,CXM,8.15999984741211,82,5,False,0.3215430813209059,0.3146765022780271,0.7306467833163026,-0.07744492921839141,False,True,False,all
2026-08-28,BELFB,248.69000244140625,81,5,False,-0.10601049292800868,0.06736173966223546,0.9138833135973492,-0.2582838852828895,False,True,False,all
2026-08-28,BOX,34.97999954223633,81,6,False,0.1530322151167558,0.28107230601349564,0.6391752245603579,-0.0324989427944159,False,False,False,all
2026-08-28,DT,53.66999816894531,81,6,False,0.16939820216093882,0.2975003289396714,0.6965385737518082,-0.016672840446692816,False,False,False,all
2026-08-28,ICUI,175.10000610351562,81,6,False,0.0654546035330077,0.20907716789422492,0.5564444986979167,-0.09204044302945147,False,True,False,all
2026-08-28,JBHT,261.0299987792969,81,7,False,-0.057771807140020615,0.11110921526116346,1.0060713846800438,-0.12920339513135914,False,True,False,all
2026-08-28,OSS,10.40999984741211,81,5,False,-0.234840142447161,-0.05200107851365743,1.49640279543206,-0.5014367688782077,False,True,False,all
2026-08-28,WPM,153.3300018310547,81,7,False,0.2500061233741122,0.19593509816981824,0.6563681790703051,-0.07498789266229522,False,False,False,all
2026-08-28,CRMG,9.989999771118164,81,4,False,0.8624507848252108,0.33126333674726927,1.7369861671503624,-0.31008286692422904,False,True,False,all
2026-08-28,CROX,122.2300033569336,81,7,False,-0.05420209599588888,0.19541397558267537,0.6695807251124217,-0.1348385871104273,False,True,False,all
2026-08-28,FAS,182.72999572753906,81,6,False,0.07417590543190711,0.20841263800277865,0.7091945511952267,-0.0241388746192841,False,True,False,all
2026-08-28,PLGO,24.520000457763672,81,7,False,-0.005725575784831682,0.16183479090953568,0.44575482201602257,-0.06909641929692267,False,False,False,all
2026-08-28,CNQ,48.9900016784668,81,7,False,0.0909844392048762,0.1645293210040617,0.6506065085829402,-0.048368257302073836,False,True,False,all
2026-08-28,TSM,417.5199890136719,81,7,False,-0.013963057361778386,0.12986213615180664,0.8504630588937983,-0.12835075362490211,True,True,False,all
2026-08-28,WK,79.1500015258789,81,5,False,0.3240081457224535,0.20007522578235304,0.8262575276237685,-0.1848189862424956,False,True,False,all
2026-08-28,CERS,2.6500000953674316,81,7,False,-0.06400109777641749,0.13095623590368843,1.2649574295460337,-0.2363112180063054,False,True,False,all
2026-08-28,SKWD,58.290000915527344,81,7,False,-0.013381700758612669,0.1746267560515966,0.4357143622229951,-0.1126503463366364,False,True,False,all
2026-08-28,NMAX,10.710000038146973,81,4,False,0.22380420454362948,0.39706890395826044,1.0958903636625088,-0.3226234820060395,False,False,False,all
2026-08-28,SNEX,68.63999938964844,81,6,False,-0.08042829831367981,0.12493227978339227,0.8831849992387815,-0.2748785470718955,True,True,False,all
2026-08-28,BHE,71.30999755859375,80,5,False,-0.13466722154159827,0.08285894858949439,0.9857977683542869,-0.28981182195192745,False,True,False,all
2026-08-28,FNGU,33.61000061035156,80,6,False,0.16875893178824786,0.325574218792426,1.4923990705264276,-0.08618809880792266,False,True,False,all
2026-08-28,HPQ,30.520000457763672,80,6,False,0.15656881433199765,0.3452519705159187,0.7380410812060223,-0.05187941100313265,False,True,False,all
2026-08-28,JLL,378.010009765625,80,6,False,0.09989842237966573,0.1613929724601828,0.4548359669813953,-0.0401939536854059,False,True,False,all
2026-08-28,NTCT,39.060001373291016,80,7,False,-0.036397776140854154,0.15667878250632983,0.6093943401964876,-0.13736743758150882,False,True,False,all
2026-08-28,SPSC,84.91999816894531,80,4,False,0.24932323200156303,0.23527364159525677,0.7316475649179164,-0.2607295539437765,False,True,False,all
2026-08-28,TRFK,93.33000183105469,80,7,False,-0.02929422663283554,0.1879296509351296,0.5867052416742384,-0.19250735116376982,True,True,False,all
2026-08-28,UHAL,68.58999633789062,80,7,False,-0.019490170613708613,0.2118844993001172,0.6350415992956586,-0.1028123077058185,False,True,False,all
2026-08-28,XES,119.69000244140625,80,7,False,0.047669920043846625,0.10723553424287902,0.7585954559925387,-0.11570005878043776,False,True,False,all
2026-08-28,XHR,19.459999084472656,80,7,False,-0.03409940995473415,0.16881785439622932,0.6561701348487368,-0.11786040092538397,False,True,False,all
2026-08-28,CCC,7.489999771118164,80,4,False,0.21760896546507857,0.20778201688733922,0.8357842919552427,-0.26097685229707057,False,False,False,all
2026-08-28,COP,130.35000610351562,80,7,False,0.10966962640900801,0.16796580148759532,0.5233143224073187,-0.04069766397245966,False,True,False,all
2026-08-28,CART,50.540000915527344,80,6,False,0.06797062761924688,0.2011384233285669,0.5441491482548955,-0.02901053494075856,False,True,False,all
2026-08-28,FSM,12.260000228881836,80,7,False,0.291831763442562,0.22886942894986495,0.6589987077648254,-0.11480145189852797,False,False,False,all
2026-08-28,MEDP,600.6500244140625,80,6,False,0.06610967195282003,0.15326987453460794,0.6103217812709449,-0.11395485649490933,False,True,False,all
2026-08-28,CSCO,109.93000030517578,80,7,False,-0.04700064610914889,0.17057266003152893,0.6623318444111077,-0.1567845023974921,False,True,False,all
2026-08-28,UNIT,10.020000457763672,80,6,False,-0.04635001293337393,0.08335455257520308,0.8905660560692101,-0.22553712548490856,False,True,False,all
2026-08-28,CHAT,87.04000091552734,80,7,False,-0.022786665148170182,0.16835901341591852,0.6712749204172728,-0.172623541440305,False,True,False,all
2026-08-28,DPST,134.52000427246094,80,7,False,-0.06180426749175394,0.14031217725473955,0.8513624758129514,-0.1533232619694287,False,True,False,all
2026-08-28,BULL,9.369999885559082,80,4,False,0.2329271664313357,0.30857695704615695,1.082222196790907,-0.41583545194884886,False,False,False,all
2026-08-28,ABX,9.739999771118164,79,7,False,-0.04412344692885106,0.09272142622509016,0.9479999542236328,-0.21704179263179235,False,True,False,all
2026-08-28,ALOY,10.399999618530273,79,4,False,-0.12359799539806715,-0.06504251044853637,0.8277679286370041,-0.6133829083266547,False,True,False,all
2026-08-28,ANNX,4.96999979019165,79,4,False,-0.07991932688958325,-0.06929714220214211,1.4482757932203856,-0.30779945556883714,True,True,False,all
2026-08-28,ARX,19.729999542236328,79,5,False,0.3522775190654106,0.41484399487298806,1.1492373514532832,-0.30528169692780527,False,True,False,all
2026-08-28,AVBP,30.170000076293945,79,7,False,-0.04395524149631669,0.14037972518937414,0.7747058868408203,-0.15796822398862087,False,True,False,all
2026-08-28,BRKR,57.08000183105469,79,7,False,-0.027385838493198533,0.1987341045868385,1.000701032502009,-0.12588056411249815,False,True,False,all
2026-08-28,HURN,159.83999633789062,79,5,False,0.2473759067856689,0.1454644291399132,0.8831291412589455,-0.14423387202844518,True,True,False,all
2026-08-28,KN,34.22999954223633,79,7,False,-0.08285150765314508,0.13831356367430803,0.6640738964546125,-0.20265550200544846,False,True,False,all
2026-08-28,LION,11.399999618530273,79,5,False,-0.14366843194390921,0.047476376127022046,0.9404254669838763,-0.31736532348973967,False,True,False,all
2026-08-28,PNRG,209.6999969482422,79,7,False,0.1115127547264565,0.08031666215628719,0.6590189431707292,-0.24811759936404387,False,False,False,all
2026-08-28,SDRL,47.599998474121094,79,7,False,0.10468000127992894,0.14313980391002445,0.693950100638093,-0.1418785392715063,False,True,False,all
2026-08-28,STLD,234.6649932861328,79,7,False,-0.03293102157603456,0.12724339375298777,0.8495034549648941,-0.18727920889776517,False,False,False,all
2026-08-28,TTAN,99.87000274658203,79,5,False,0.23349903428484708,0.27537309125525344,0.8436405043822894,-0.16768060234512805,False,True,False,all
2026-08-28,DNLI,24.0,79,7,False,-0.023024063685779028,0.15929287753248,0.9077901546544387,-0.12087909631076843,False,True,False,all
2026-08-28,CTOS,9.199999809265137,79,7,False,-0.1238429169682661,0.1317296152244818,0.7760617980977511,-0.2477514183469166,False,True,False,all
2026-08-28,CLPT,15.550000190734863,79,3,False,-0.025102803842318777,0.15591039766649173,0.8802901245473218,-0.4833887045294587,False,True,False,all
2026-08-28,VTRS,16.34000015258789,79,7,False,-0.018807190243439575,0.12117470432457123,0.732767722565127,-0.11147358918426464,False,True,False,all
2026-08-28,CNR,100.95999908447266,79,7,False,0.16772651226954016,0.12842607906899417,0.43490617124325515,-0.12055752264262021,False,True,False,all
2026-08-28,TK,13.050000190734863,79,7,False,0.130202843204545,0.1499975911799627,0.6730769066180473,-0.09248956280399612,False,False,False,all
2026-08-28,CSTM,26.979999542236328,79,5,False,-0.081669485428016,0.024926048967041536,0.986745191002427,-0.2706137248449396,False,True,False,all
2026-08-28,SMHX,55.16279983520508,79,7,False,-0.0520157789982596,0.16012695070823124,0.6208620545293322,-0.19305442740367773,False,True,False,all
2026-08-28,CCCC,3.8499999046325684,79,6,False,-0.027163631629363305,0.27823103091021006,1.2781063753125892,-0.25531917837177365,False,True,False,all
2026-08-28,ACAD,29.110000610351562,78,6,False,0.09018053492701794,0.195480118299034,0.4784154302078487,-0.059754474445347205,False,True,False,all
2026-08-28,BAP,368.3999938964844,78,7,False,-0.04351340516992963,0.09478377484106959,0.598611407138465,-0.10852996032308682,False,True,False,all
2026-08-28,BMO,171.86000061035156,78,7,False,-0.03364855201527284,0.13944134274814646,0.4506626052124858,-0.08204251955027242,False,False,False,all
2026-08-28,HAFN,8.470000267028809,78,7,False,0.12888181735858906,0.18535316150528836,0.6382978998136553,-0.11169371761157942,False,True,False,all
2026-08-28,ITIC,299.3399963378906,78,6,False,0.05512566816015774,0.17604118041679273,0.42712751531771453,-0.03298333664256747,False,False,False,all
2026-08-28,LSCC,114.4000015258789,78,5,False,-0.1262092819139562,0.0714966538574453,0.8909091161302298,-0.27138395307122865,False,True,False,all
2026-08-28,MTSI,265.2699890136719,78,5,False,-0.11802924841586382,0.015794226604656236,1.1748789567827362,-0.3667462571526713,False,True,False,all
2026-08-28,NOV,20.989999771118164,78,7,False,0.06906386046494051,0.11623107467235538,0.7078925822838971,-0.031379801697355436,False,True,False,all
2026-08-28,OIH,418.30999755859375,78,7,False,0.07343252774880216,0.11700843905131775,0.7268411000362132,-0.08920484525691463,False,True,False,all
2026-08-28,PCTY,157.92999267578125,78,6,False,0.2051888283023353,0.2623036154450826,0.6983546220438557,-0.13210973448181074,False,True,False,all
2026-08-28,QUIK,10.8100004196167,78,5,False,-0.2502531220121075,-0.08338558292804477,1.2520833312637278,-0.5556925419846006,False,True,False,all
2026-08-28,TE,4.789999961853027,78,4,False,-0.22285678077866855,-0.26218019550283056,2.060702739117068,-0.616493190582004,True,True,False,all
2026-08-28,VRT,257.0799865722656,78,5,False,-0.11140058112460682,0.00789001476698492,1.1657960672430554,-0.32335797380019293,True,True,False,all
2026-08-28,CVSA,134.47000122070312,78,7,False,0.05772453464971705,0.18235082878523934,0.5461653367056947,-0.13944703732329622,False,True,False,all
2026-08-28,CAT,800.25,78,5,False,-0.1047734456084547,0.042937894606010385,0.9493569653519323,-0.2545134153852312,True,True,False,all
2026-08-28,KEEL,3.2200000286102295,78,4,False,-0.25435346035432016,-0.04327543622694352,1.6178861615268403,-0.5630936121288741,False,False,False,all
2026-08-28,CVLG,34.97999954223633,78,6,False,-0.14276052840094522,0.10517309939025488,0.9433333079020183,-0.29871694480382494,True,True,False,all
2026-08-28,PDS,90.1500015258789,78,7,False,0.10130545677405478,0.08522346050329599,0.6875702848354996,-0.1315029010073594,False,True,False,all
2026-08-28,XSD,481.8399963378906,78,6,False,-0.09682242544576114,0.1122991842170562,0.7457970881807632,-0.26787615763603445,False,True,False,all
2026-08-28,WTAI,40.63999938964844,78,7,False,-0.03083491679552397,0.15777470668669835,0.6159045728058494,-0.1687461669665471,True,True,False,all
2026-08-28,SIL,99.13999938964844,78,7,False,0.20141444529402452,0.11548862004924287,0.7805315884747364,-0.1685675849901066,False,False,False,all
2026-08-28,APPF,234.49000549316406,77,5,False,0.2706324288533626,0.2454254167708365,0.6448513573857635,-0.18787117117916963,False,True,False,all
2026-08-28,DV,13.380000114440918,77,6,False,0.12719246893755543,0.24398000291842536,0.7513089461081006,-0.18613140633891756,False,True,False,all
2026-08-28,EXK,10.760000228881836,77,6,False,0.21362510858089245,0.10289409539384442,0.8713043876316235,-0.2897689439067008,False,False,False,all
2026-08-28,GRND,15.59000015258789,77,7,False,-0.0019206060466686603,0.1684992522958968,0.601931729386201,-0.15729728904930318,False,True,False,all
2026-08-28,LAD,370.3599853515625,77,6,False,0.0767943940389979,0.19642978595842342,0.5445824807616948,-0.15729597128240913,True,True,False,all
2026-08-28,MOH,200.0,77,7,False,-0.05111545594388833,0.13749175611751596,0.6520733853740484,-0.18330678876854922,True,True,False,all
2026-08-28,MPTI,76.9800033569336,77,6,False,-0.10097816531769477,0.08829116256531733,0.7714470058542469,-0.26580825486674975,False,True,False,all
2026-08-28,PNTG,37.08000183105469,77,7,False,-0.047075652885769426,0.1306309140629378,0.666142585007288,-0.13141243795085067,False,True,False,all
2026-08-28,RING,87.45999908447266,77,7,False,0.22627990814004106,0.13534503725860692,0.6880910396879443,-0.12897125889184202,False,False,False,all
2026-08-28,RIO,103.30000305175781,77,7,False,0.07304387789216715,0.11664573129145506,0.6824104313453294,-0.0824302596230464,False,True,False,all
2026-08-28,SIBN,19.209999084472656,77,6,False,0.07622660256253821,0.17370671378893832,0.6733449347098588,-0.12243035084062759,False,False,False,all
2026-08-28,TCAI,44.81999969482422,77,7,False,-0.09253510451960667,0.09470491654198576,0.7764566194221769,-0.2355449619938914,False,True,False,all
2026-08-28,TQQQ,71.8499984741211,77,7,False,-0.004673969867712291,0.17666853022873075,0.9252411324131313,-0.18435689112163278,True,True,False,all
2026-08-28,WDAY,204.72000122070312,77,5,False,0.3011346318606911,0.27278210814560633,0.8550199355607901,-0.18062839215667115,False,True,False,all
2026-08-28,YEXT,6.909999847412109,77,5,False,0.2762734701517131,0.21286582924693342,1.1163857964454529,-0.24891304449232854,False,True,False,all
2026-08-28,BVN,35.119998931884766,77,7,False,0.10038159259605894,0.06969133701622421,0.8953047830805316,-0.21379000735441556,False,False,False,all
2026-08-28,CRM,256.0,77,5,False,0.41521690048433557,0.2779326203889283,0.7495898522800792,-0.04871608660093285,False,False,False,all
2026-08-28,CALY,15.6899995803833,77,6,False,-0.11905405608358932,0.05627755178511551,0.8700833061193265,-0.22633140783297645,False,True,False,all
2026-08-28,PEBO,39.65999984741211,77,7,False,-0.0008263517973499113,0.15525946666227775,0.4427064451662934,-0.062189666852184744,True,True,False,all
2026-08-28,CM,114.33000183105469,77,7,False,-0.026169807622667074,0.1042450783459099,0.5244000244140625,-0.08433444440031412,False,True,False,all
2026-08-28,MSM,119.19999694824219,77,7,False,-0.022723345346831403,0.17939926724329314,0.5126902580187547,-0.08631005048406237,False,True,False,all
2026-08-28,RXO,21.90999984741211,77,6,False,-0.10837824344834568,0.17204947301823204,1.1016786039854893,-0.26722407602194176,True,True,False,all
2026-08-28,NUGT,194.47000122070312,77,5,False,0.4011493377405104,0.06219497050237344,0.9681206965457474,-0.3937778732485975,False,False,False,all
2026-08-28,UWM,64.44999694824219,77,7,False,-0.01701506968206723,0.15010621020689374,0.5750244338269321,-0.06349902304505084,False,True,False,all
2026-08-28,RY,204.22999572753906,77,7,False,-0.02272198151554028,0.13103795107447125,0.42688457179018546,-0.06560832280802475,False,True,False,all
2026-08-28,SGDJ,99.1624984741211,77,7,False,0.19470745421466962,0.11718706801830558,0.7865506993222064,-0.1434895515682153,False,False,False,all
2026-08-28,WSFS,78.30000305175781,77,7,False,-0.009963548572770486,0.15208394562484995,0.5685097340501786,-0.05594404693834454,False,True,False,all
2026-08-28,QTUM,148.22999572753906,77,7,False,-0.019581941240555567,0.14097412097859485,0.6063068670173697,-0.12805884866153494,False,True,False,all
2026-08-28,PL,19.979999542236328,77,4,False,-0.18176458977706156,-0.2543232066648524,2.194244472691296,-0.6139876315659724,True,True,False,all
2026-08-28,ACIW,53.83000183105469,76,6,False,0.00010036147992709132,0.1668715536282468,0.41471755349273387,-0.1186967875353584,False,True,False,all
2026-08-28,ASM,7.46999979019165,76,6,False,0.17095647716661988,0.0887387365529908,0.8674999475479126,-0.37698082295334245,False,False,False,all
2026-08-28,BBIO,76.5999984741211,76,7,False,-0.04084307643934748,0.040792311362996214,0.5703157111728248,-0.18000323584658107,False,True,False,all
2026-08-28,BILL,50.310001373291016,76,5,False,0.14997968972741038,0.14864328150652018,0.6017192492102508,-0.12060824718758589,False,False,False,all
2026-08-28,EXEL,54.45000076293945,76,7,False,-0.0008367489565543895,0.15174355000309614,0.6128555530232211,-0.05419487490748187,False,True,False,all
2026-08-28,FRPT,70.81999969482422,76,7,False,0.13472676933069128,0.12408772622897701,0.5246501298516357,-0.1765116314555324,False,True,False,all
2026-08-28,IEZ,29.93000030517578,76,7,False,0.06832574213006759,0.10800966817261082,0.6758118299183322,-0.08944322245952696,False,True,False,all
2026-08-28,IFS,54.650001525878906,76,7,False,-0.046567265138419134,0.11281707809710628,0.4272656103206638,-0.10964482608541903,False,True,False,all
2026-08-28,LLYX,25.559999465942383,76,5,False,-0.04468955855446277,0.10202099647369511,1.0985220710611059,-0.18058542571179026,False,True,False,all
2026-08-28,MS,214.77000427246094,76,7,False,-0.008029228373987118,0.13218321735098493,0.474461065994942,-0.07526370603891952,True,True,False,all
2026-08-28,NE,45.7599983215332,76,7,False,0.09134787871388328,0.10471758131190367,0.7141786418677283,-0.16769736808782987,False,True,False,all
2026-08-28,NVT,148.47999572753906,76,7,False,-0.06958560197888097,0.1052326629551874,0.7035336104751337,-0.19584057507387875,False,True,False,all
2026-08-28,PBR,18.530000686645508,76,7,False,0.03949290831069163,0.09661196331067523,0.6211723702452285,-0.16681650731357578,True,False,False,all
2026-08-28,POWL,182.7100067138672,76,5,False,-0.2049615711072157,-0.08110944860571223,1.1790102568726653,-0.44295729660406347,False,True,False,all
2026-08-28,RAL,61.709999084472656,76,7,False,-0.09740323997707645,0.13161355416005582,0.6557552542669185,-0.18167356998180928,False,True,False,all
2026-08-28,RGLD,262.8500061035156,76,7,False,0.22101231294081392,0.11954397965972952,0.5564305927508104,-0.1417142657844388,False,True,False,all
2026-08-28,RSI,26.40999984741211,76,7,False,-0.09451222476500787,0.13162838303124658,0.7027723699341355,-0.23515781114806378,False,True,False,all
2026-08-28,SLF,78.76000213623047,76,7,False,-0.019038794662286418,0.13738849872296943,0.3764418115344923,-0.06660340483668181,False,False,False,all
2026-08-28,SLVR,63.150001525878906,76,6,False,0.17811451908947817,0.0711668940840573,0.8773969015636436,-0.2648428358077055,False,False,False,all
2026-08-28,VSTM,7.21999979019165,76,4,False,0.2474515023703876,0.1529402005149909,1.1049561660847425,-0.3582222408718533,False,True,False,all
2026-08-28,MMSI,90.48999786376953,76,6,False,0.1355393878655331,0.1820553072394635,0.5147304205112959,-0.0449604447095564,True,True,False,all
2026-08-28,XNTK,358.0299987792969,76,7,False,-0.0018745392627352864,0.15564974560173295,0.515663351659986,-0.0876822022424868,True,False,False,all
2026-08-28,WF,73.33000183105469,76,7,False,0.1190875311958206,0.13573797854098668,0.5017407143412924,-0.1343406608005019,False,True,False,all
2026-08-28,TNDM,21.43000030517578,76,5,False,0.15476429416063242,0.08712884986257863,0.869982568398046,-0.27723438175753845,False,True,False,all
2026-08-28,SNDR,34.439998626708984,76,7,False,-0.04533287302987343,0.1314784814035106,0.7125806853024708,-0.1229946976000047,True,True,False,all
2026-08-28,AZTA,32.95000076293945,75,6,False,0.14074630227994311,0.16553623806220807,1.0684243648277736,-0.21040016476420864,False,False,False,all
2026-08-28,BELFA,207.35000610351562,75,5,False,-0.11328559334991462,0.006507745571986634,0.87358823108483,-0.2935504779919099,False,True,False,all
2026-08-28,BH,376.9700012207031,75,5,False,-0.027617850475105565,0.08115689450490393,0.6046739492548479,-0.2204921495803044,True,False,False,all
2026-08-28,EDU,58.83000183105469,75,5,False,0.13666665589597415,0.09571235835115943,0.3294915668034957,-0.09450514505595986,False,True,False,all
2026-08-28,GMAB,33.22999954223633,75,6,False,0.12180513309595398,0.13578392939892736,0.40685852504460907,-0.06209429139118772,False,False,False,all
2026-08-28,GSBC,78.87000274658203,75,7,False,-0.0007829225378108706,0.15403359599857147,0.46707598975112297,-0.04872754477242491,False,True,False,all
2026-08-28,IOT,41.15999984741211,75,6,False,0.11828376929719164,0.2237653049421442,0.7604790985827616,-0.13292608407473627,False,True,False,all
2026-08-28,IX,39.0,75,7,False,-0.014006176769644108,0.15087702495625166,0.6122364257533219,-0.07997167818965034,False,False,False,all
2026-08-28,KGS,57.66999816894531,75,5,False,-0.10364296527287409,0.043241958670042324,0.7717357763647446,-0.2575952891042562,False,True,False,all
2026-08-28,OUST,34.619998931884766,75,6,False,-0.1795353333210299,0.16611689126845985,1.1109755937291492,-0.45728173012993656,False,True,False,all
2026-08-28,PAYX,127.04000091552734,75,6,False,0.11829214551316825,0.2251355393975789,0.48671744239472114,-0.08951478515760414,False,True,False,all
2026-08-28,PICK,65.76000213623047,75,7,False,0.08949573916958586,0.12749665329463555,0.6297398915245649,-0.047232608887172844,False,False,False,all
2026-08-28,RIG,5.800000190734863,75,6,False,0.0841121929141051,0.05246925503276301,0.979522204296075,-0.24281980335882603,False,True,False,all
2026-08-28,TMO,622.1799926757812,75,6,False,0.11604794494684434,0.16234047375648708,0.4294116488151416,-0.03836168056293465,False,True,False,all
2026-08-28,UHAL.B,60.43000030517578,75,7,False,-0.016992376295729583,0.1777557618754777,0.5252398267114506,-0.09671152575684672,False,True,False,all
2026-08-28,CFG,69.70999908447266,75,7,False,-0.023532722573531673,0.09689097246744804,0.4536543931342294,-0.07460510566807388,False,True,False,all
2026-08-28,UAN,125.27999877929688,75,7,False,0.0470468934649122,0.08689427461405064,0.48912400890643193,-0.10193549262152779,False,False,False,all
2026-08-28,GWRE,205.85000610351562,75,5,False,0.351406394274554,0.30500387622640224,1.0122189634673577,-0.24486426451015086,False,True,False,all
2026-08-28,LFUS,405.4150085449219,75,7,False,-0.06125705484317112,0.10542162028321767,0.7372943412948301,-0.19009328842521933,False,True,False,all
2026-08-28,ROG,125.5199966430664,75,5,False,-0.08852334675471918,0.07190158057794171,0.6704817362609468,-0.2572781263723881,False,True,False,all
2026-08-28,XPRO,17.610000610351562,75,7,False,0.09044303117900165,0.10873264581777198,0.5181034509690563,-0.08424331619595915,False,True,False,all
2026-08-28,SCHW,110.16000366210938,75,6,False,0.06632390988050885,0.1347599941751536,0.3120534166666289,-0.03815589944786979,False,True,False,all
2026-08-28,MANU,22.100000381469727,75,7,False,-0.02443760533111239,0.1726377642769481,0.5147361309348413,-0.09611453203027231,False,False,False,all
2026-08-28,PLTR,186.2899932861328,75,5,False,0.29597186941209896,0.2306811724547777,0.7513395550995117,-0.10230344327891605,False,True,False,all
2026-08-28,ZGN,13.729999542236328,75,7,False,-0.01122012554482521,0.1531806560497604,0.668286792942578,-0.13918497138409003,False,True,False,all
2026-08-28,CDE,21.1299991607666,75,7,False,0.23398386281728878,0.12447743056363314,0.6958265727187762,-0.23910699270949132,False,True,False,all
2026-08-28,VAL,86.29000091552734,75,6,False,0.08368854476396037,0.09210984013227508,0.8477515954133781,-0.2438661160292358,False,True,False,all
2026-08-28,ADP,287.4800109863281,74,6,False,0.12494095389867921,0.2164732961198379,0.5278486681078827,-0.05839961584894959,False,True,False,all
2026-08-28,ATEN,25.700000762939453,74,5,False,-0.19400867211176054,0.043697236718947874,0.5556900757143495,-0.3322941116597222,False,False,False,all
2026-08-28,BH.A,1905.6800537109375,74,7,False,-0.022212205752038416,0.05941255884008667,0.5393215296534228,-0.2416712878189664,True,True,False,all
2026-08-28,BTG,5.659999847412109,74,7,False,0.2995361758509403,0.2154007736164032,0.5854341605745821,-0.10015900131346278,False,False,False,all
2026-08-28,EFXT,20.0,74,4,False,-0.11297976172595481,-0.035382178535937614,1.0449898308866254,-0.3138936445376054,False,False,False,all
2026-08-28,EGBN,27.56999969482422,74,7,False,-0.009014850799557994,0.09483615007999258,0.8343313496103482,-0.05872315353159685,False,True,False,all
2026-08-28,EMBJ,72.54000091552734,74,6,False,0.05770886002240716,0.10413397098599564,0.3543689144059874,-0.10167181528758706,False,False,False,all
2026-08-28,FNV,266.1600036621094,74,7,False,0.1876088329192902,0.15185227710490423,0.4664463011686466,-0.06829561679059615,False,False,False,all
2026-08-28,GHM,86.08000183105469,74,5,False,-0.19297073139391208,-0.013852781843970985,0.8480034016157019,-0.3158480206657026,False,True,False,all
2026-08-28,IART,16.889999389648438,74,7,False,-0.057309373173090816,0.23590938308965326,0.9413792827513965,-0.1756954817805384,False,True,False,all
2026-08-28,ICLR,170.02000427246094,74,5,False,0.02005555618112642,0.15360087779853937,1.5540033806802,-0.16620076887353752,False,True,False,all
2026-08-28,LIVN,80.31999969482422,74,7,False,-0.0023934174362656435,0.16191894031936815,0.645227369867017,-0.06343286270871074,False,True,False,all
2026-08-28,PFG,111.41000366210938,74,7,False,-0.003568551056085889,0.13515141890524496,0.43016689961293797,-0.04459306166730759,False,True,False,all
2026-08-28,WRLD,188.35000610351562,74,7,False,-0.026098560794389214,0.20382402375325803,0.712272782759233,-0.17274239211818643,True,True,False,all
2026-08-28,COMP,10.970000267028809,74,5,False,-0.07100028387486834,0.08563881453130007,0.7221350807082463,-0.21390180386934132,False,True,False,all
2026-08-28,HRMY,39.209999084472656,74,6,False,0.06552384948544843,0.1520544115348803,0.5364419428348493,-0.04061658651322009,False,True,False,all
2026-08-28,SILJ,31.709999084472656,74,7,False,0.1667009737532963,0.0724703552432211,0.8234617709847842,-0.2284671469163415,False,False,False,all
2026-08-28,ONC,366.7300109863281,74,6,False,0.12846531982918163,0.153016131905511,0.44411459750367976,-0.047998520782366105,False,True,False,all
2026-08-28,LPLA,370.69000244140625,74,6,False,0.11284699717915658,0.11941020616224018,0.4249087493306134,-0.07364554415984881,True,True,False,all
2026-08-28,WTW,343.75,74,6,False,0.11617435283526789,0.14649696536966172,0.42866048430245973,-0.025624332679395567,True,True,False,all
2026-08-28,CAI,25.6299991607666,74,4,False,0.32963267060491286,0.22460335587248492,0.8062015446567252,-0.3459232292323887,False,False,False,all
2026-08-28,C,132.89999389648438,74,7,False,-0.02455283887339932,0.0864721863992417,0.42964710849145216,-0.1017843480266033,False,True,False,all
2026-08-28,CYTK,72.08999633789062,74,7,False,-0.09850993652328743,0.035551142148310566,1.0468482066807674,-0.18367117731988547,False,True,False,all
2026-08-28,TKR,120.81999969482422,74,7,False,-0.10558031724698991,0.09754945374802038,0.7120589516409686,-0.17455760247793484,False,True,False,all
2026-08-28,CENX,46.59000015258789,74,5,False,0.018489781195027977,-0.050211959495521374,1.2281205400560546,-0.338492120535117,False,True,False,all
2026-08-28,ARMG,15.569999694824219,73,5,False,-0.3846613621908407,-0.0710509024730368,2.359223069246834,-0.7639120482895001,True,True,False,all
2026-08-28,GDX,99.6500015258789,73,7,False,0.20905122191659165,0.11557542232168538,0.6416803998908758,-0.14959889685648498,False,False,False,all
2026-08-28,GEN,31.020000457763672,73,6,False,0.14854859060594827,0.2657995566573441,0.7446568762543793,-0.008628969314912527,False,False,False,all
2026-08-28,GEV,911.9299926757812,73,6,False,-0.11604660254280386,0.039317888375277166,0.7201034383393039,-0.2374784375848462,False,True,False,all
2026-08-28,GEVX,16.290000915527344,73,5,False,-0.24589543524000523,-0.07338976545638598,1.2593621122523606,-0.4719610789595954,False,True,False,all
2026-08-28,GLBE,39.95000076293945,73,6,False,0.04296114225160408,0.12413695806934588,0.48817291058993106,-0.09183907163852034,False,True,False,all
2026-08-28,JPM,357.6199951171875,73,7,False,0.02999489392548349,0.12760592778910151,0.28133281009155375,-0.024229208411493897,False,True,False,all
2026-08-28,PBR.A,16.770000457763672,73,7,False,0.050738737160562986,0.08631230096099607,0.5585501952639258,-0.16359096778587923,False,False,False,all
2026-08-28,PSMT,169.33999633789062,73,7,False,-0.08616218368525586,0.08219337654590753,0.5845418918856211,-0.15262210047497415,False,True,False,all
2026-08-28,RHLD,135.5500030517578,73,4,False,0.017482257046058658,-0.13923198056906005,1.1668931722560067,-0.42609762627279324,False,False,False,all
2026-08-28,RS,387.5899963378906,73,7,False,-0.025598564348602748,0.12791105472229836,0.48895547605945144,-0.10491430841163052,False,False,False,all
2026-08-28,SOLV,91.12000274658203,73,6,False,0.10605884390214948,0.18379790716476818,0.4607246102334053,-0.01715021414725615,False,True,False,all
2026-08-28,USB,62.470001220703125,73,7,False,-0.004760308113147982,0.10887948935792302,0.3876055216683192,-0.05463075832808195,False,True,False,all
2026-08-28,DNOW,15.930000305175781,73,6,False,0.10543629473515326,0.17200866156497696,0.45679009546249016,-0.0770567732369154,False,True,False,all
2026-08-28,CNMD,49.97999954223633,73,6,False,0.150462427176991,0.23885205247118635,0.5896946149251847,-0.11758474433580757,True,True,False,all
2026-08-28,WEAV,7.289999961853027,73,5,False,0.1256253442434221,0.21317013116253536,0.7193397064572302,-0.08875000476837158,False,False,False,all
2026-08-28,MAC,23.75,73,7,False,-0.05094904950236079,0.12500858697418438,0.4815969421502255,-0.10982010013723187,False,True,False,all
2026-08-28,REGN,794.1900024414062,73,6,False,0.10824364386128993,0.08989100159406083,0.4680037013704368,-0.06234946583068923,False,True,False,all
2026-08-28,WST,337.4700012207031,73,7,False,-0.03480060343242719,0.15607253493328233,0.507706734843451,-0.1257253854385929,True,True,False,all
2026-08-28,DLO,15.029999732971191,73,5,False,0.04524526387230687,0.12253602952729103,0.4125939142852968,-0.10429087497398426,False,False,False,all
2026-08-28,XSW,209.1999969482422,73,6,False,0.13865087501834283,0.22534374924138723,0.5474516840763664,-0.010125860824881427,False,True,False,all
2026-08-28,SA,32.38999938964844,73,7,False,0.14285107902252836,0.0812813613749277,0.9689968320621927,-0.1914628487445923,False,False,False,all
2026-08-28,UNHG,19.758800506591797,73,3,False,-0.11253423531333928,0.12108997416814637,1.1606123037224685,-0.2838419573282076,False,True,False,all
2026-08-28,GPC,137.50999450683594,73,6,False,0.0870355244534553,0.1496520288122054,0.5147609204220018,-0.09276250008557085,False,True,False,all
2026-08-28,AWR,89.87999725341797,72,7,False,0.047171624592964756,0.1581272436169754,0.29416848384314975,-0.02006109837327208,False,True,False,all
2026-08-28,B,45.650001525878906,72,6,False,0.15584840250052778,0.07777069131308645,0.7463658221796485,-0.16529525192591998,False,False,False,all
2026-08-28,GDXJ,128.8000030517578,72,7,False,0.20022963771711333,0.09665323132575421,0.6845409965210718,-0.18217030567474046,False,False,False,all
2026-08-28,GL,172.7899932861328,72,7,False,-0.032161252771884974,0.1297125965957635,0.351505634324339,-0.09793792465018103,False,True,False,all
2026-08-28,HIW,31.149999618530273,72,7,False,-0.017443155978090874,0.16330744164773847,0.5232273083814212,-0.12104963810426328,False,True,False,all
2026-08-28,IGE,65.29000091552734,72,7,False,0.08418411212149612,0.12293943850688427,0.3995712493022743,-0.02128613683755587,False,False,False,all
2026-08-28,MUSA,503.19000244140625,72,6,False,-0.1216040415535824,0.029489784395701824,0.43838442030600633,-0.2088829304322034,False,True,False,all
2026-08-28,NCNO,22.989999771118164,72,4,False,0.2566412191918257,0.19811500490011857,0.6659419893742715,-0.3124999786107725,False,False,False,all
2026-08-28,SHC,19.270000457763672,72,6,False,0.0660780501037681,0.15133104671685493,0.4721161369852236,-0.029219139171780206,False,True,False,all
2026-08-28,SMBC,73.9800033569336,72,7,False,-0.027781385287613647,0.10897173220434953,0.5542018010180112,-0.07362881553316436,False,True,False,all
2026-08-28,SXI,298.44000244140625,72,7,False,-0.05545303978812954,0.10659547372700873,0.5149238702609453,-0.17986207252832698,False,True,False,all
2026-08-28,UMBF,144.5850067138672,72,7,False,-0.0004292716250481332,0.13835324835439544,0.39857816362136633,-0.05697234668062634,False,True,False,all
2026-08-28,DB,40.36000061035156,72,6,False,0.10446439000590435,0.1530176916508561,0.4352773615156069,-0.00798822052277992,False,True,False,all
2026-08-28,CASY,755.469970703125,72,6,False,-0.09287245293403268,0.04693297066173141,0.5417754504145409,-0.18578435029214124,False,True,False,all
2026-08-28,GPN,91.81999969482422,72,6,False,0.11831592147340575,0.22001207216829366,0.5013080432293271,-0.04234457316329365,False,True,False,all
2026-08-28,GWW,1306.300048828125,72,7,False,-0.027697663268882677,0.11820485396236924,0.4410051854161987,-0.0800121012013254,False,True,False,all
2026-08-28,USAS,5.440000057220459,72,5,False,0.16788322587606297,-0.06633484049120675,1.247933837073024,-0.48190475645519437,False,False,False,all
2026-08-28,FYC,120.5199966430664,72,7,False,-0.010528558659349985,0.12063984523544247,0.4145540018772609,-0.055263800804444485,False,False,False,all
2026-08-28,WIX,87.62000274658203,72,4,False,0.47253579267794654,0.14775818148463649,1.1817729850471657,-0.541088324999992,False,True,False,all
2026-08-28,XOM,156.7100067138672,72,7,False,0.040965083220480425,0.09089762076326768,0.44633141597410053,-0.11167165432395199,False,True,False,all
2026-08-28,UVSP,41.56999969482422,72,7,False,-0.042602687972485676,0.11435620677354219,0.4825249050475082,-0.08556971992938533,False,True,False,all
2026-08-28,CGNX,60.459999084472656,72,7,False,-0.06109265837379496,0.14189120907497554,0.747398894531554,-0.17041710533767662,False,True,False,all
2026-08-28,CVX,201.86000061035156,72,7,False,0.0763421244306095,0.12292108847644756,0.3779779714717215,-0.059848193850788545,False,True,False,all
2026-08-28,NMIH,44.810001373291016,72,7,False,0.04542138387225081,0.13087388590387783,0.286165360994195,-0.04129226007419973,True,True,False,all
2026-08-28,XTL,209.82000732421875,72,7,False,-0.02348255628620355,0.08600099097020597,0.606216026038177,-0.15265321273865506,False,False,False,all
2026-08-28,AFRM,77.76000213623047,71,6,False,0.006809195670824275,0.16901438496986887,0.8472502644325051,-0.22239997863769534,True,False,False,all
2026-08-28,EWS,33.93000030517578,71,7,False,0.060710278673068885,0.15748125330488882,0.27078649197163407,-0.009343056783188919,False,True,False,all
2026-08-28,GS,1033.989990234375,71,7,False,-0.015531155283931009,0.09690867092938471,0.4337872715339235,-0.103987037162799,True,True,False,all
2026-08-28,HAL,36.18000030517578,71,6,False,0.06871312934942941,0.04711285183556191,0.6906542500051025,-0.16999311359195268,False,True,False,all
2026-08-28,HXL,94.87000274658203,71,7,False,-0.059886964654743635,0.07782998674183328,0.5743445965660001,-0.15097543797839474,False,True,False,all
2026-08-28,KMTS,25.639999389648438,71,6,False,0.021933281591290044,0.08665706450025223,0.6627755682742367,-0.1453333536783854,False,True,False,all
2026-08-28,LLY,1174.6099853515625,71,7,False,-0.01030535674024946,0.10835323349282322,0.6496173098637632,-0.09131631673933216,False,True,False,all
2026-08-28,NSC,348.67999267578125,71,7,False,0.04906549020048789,0.13305166284521897,0.29992908471958324,-0.02766317138564356,False,False,False,all
2026-08-28,OXY,59.099998474121094,71,7,False,0.07003958666660148,0.13783162281539485,0.5231958669130752,-0.12379538698168469,False,True,False,all
2026-08-28,RJF,179.36000061035156,71,5,False,0.054524121662086644,0.12147803273523539,0.29203278452111237,-0.018442484518044644,False,True,False,all
2026-08-28,ROST,228.5500030517578,71,7,False,-0.024724328675955642,0.0836910208157915,0.593904763404701,-0.1107003772305144,False,False,False,all
2026-08-28,SHOP,152.89999389648438,71,5,False,0.16935534695266186,0.16324624131450372,0.6265956797498338,-0.160766277800242,False,True,False,all
2026-08-28,CDP,36.59000015258789,71,7,False,-0.008487062605405882,0.12560025882430703,0.35218037231079524,-0.059383066392793005,False,True,False,all
2026-08-28,AQST,5.019999980926514,71,4,False,0.18031554081196322,0.12267832340083618,0.7133105346589406,-0.3350993570719496,False,False,False,all
2026-08-28,UNFI,45.79999923706055,71,6,False,-0.054020011874526985,0.05883711218471466,0.6832047327482729,-0.1967730819120932,False,True,False,all
2026-08-28,UNH,392.95001220703125,71,7,False,-0.04816414280173187,0.12341934978860802,0.5351408771851389,-0.14875868384497426,False,True,False,all
2026-08-28,ZVRA,11.5649995803833,71,7,False,-0.045595248163127655,0.13240243611999536,0.6152234395037484,-0.23079483220786867,True,True,False,all
2026-08-28,TFSL,17.530000686645508,71,7,False,-0.012672452192712291,0.142775234061701,0.39792669377768575,-0.10056434620266852,False,True,False,all
2026-08-28,ABUS,5.070000171661377,70,6,False,0.08111570109809141,0.13210079454155155,0.44857147761753624,-0.06972470658764995,False,False,False,all
2026-08-28,AXSM,199.02000427246094,70,6,False,-0.1253505741168125,0.03058085783048292,0.7627989511305864,-0.23509741955869556,False,True,False,all
2026-08-28,BCS,26.860000610351562,70,7,False,-0.021949670646074115,0.08355388927442364,0.3924312771147047,-0.06378528719557464,False,True,False,all
2026-08-28,DVN,47.349998474121094,70,7,False,0.07070977824060565,0.09670325260172152,0.5046075471005118,-0.10168849750427167,False,True,False,all
2026-08-28,EBC,22.290000915527344,70,7,False,-0.015133067916139997,0.09083439546020533,0.3415589059636359,-0.06246051427254362,False,True,False,all
2026-08-28,ENS,185.4600067138672,70,6,False,-0.0727055271412328,0.0018932385857195477,0.8836076420715162,-0.2408513941992243,True,True,False,all
2026-08-28,FCG,30.780000686645508,70,7,False,0.07819923707150789,0.11530429567659128,0.41452207550032627,-0.06811983577975977,False,True,False,all
2026-08-28,FDS,308.9800109863281,70,6,False,0.17196453850154492,0.2415163044761337,0.6701622215477196,-0.1904736509236109,False,True,False,all
2026-08-28,FESM,47.400001525878906,70,7,False,-0.004343888458889444,0.12270466418389492,0.36089575176584443,-0.03126913488155103,False,False,False,all
2026-08-28,GO,12.170000076293945,70,4,False,0.20127532037612372,0.3185944137264296,1.1520777408965635,-0.35231508870033534,False,False,False,all
2026-08-28,GPRE,14.65999984741211,70,5,False,-0.08464248499072602,0.03213268895201504,0.6947977449625597,-0.25394401363817387,False,False,False,all
2026-08-28,HWM,264.8500061035156,70,7,False,-0.04574031260282885,0.08424994587951629,0.5505533041920623,-0.1456451416015625,False,True,False,all
2026-08-28,IWD,258.3299865722656,70,7,False,0.029899032054971464,0.13052373120094507,0.2972931262884875,-0.007148683084237661,False,True,False,all
2026-08-28,KNX,67.23999786376953,70,7,False,-0.07677440083406228,0.07237234407464688,0.7406159980479179,-0.1885107727676103,False,True,False,all
2026-08-28,NBN,129.22999572753906,70,7,False,-0.014131597566797716,0.10536078937940085,0.6003714641181308,-0.09191203749173849,False,True,False,all
2026-08-28,NTB,59.29999923706055,70,7,False,-0.02230723366679621,0.08859770660389565,0.4609509488577759,-0.07589214696661117,False,True,False,all
2026-08-28,NWBI,15.34000015258789,70,7,False,-0.00164005641681364,0.1336846347958347,0.3635555691189236,-0.05074255585191323,False,True,False,all
2026-08-28,STBA,49.790000915527344,70,7,False,-0.008728116975324052,0.1226100483436674,0.44822569425990166,-0.06934577727986269,False,True,False,all
2026-08-28,ULCC,5.840000152587891,70,6,False,-0.13936658390002277,0.12152945905036172,0.9337748971760662,-0.3051754505501413,False,True,False,all
2026-08-28,WAT,414.69000244140625,70,6,False,0.07173814983308135,0.15176518236113878,0.4665276321857341,-0.0270517543669343,False,True,False,all
2026-08-28,CECO,69.66999816894531,70,5,False,-0.11284573846639445,-0.0003759408515917606,0.6285647535516456,-0.3118332710487155,False,True,False,all
2026-08-28,BTU,28.920000076293945,70,3,False,0.20176524835688214,-0.0023561236115139383,0.7569867366259626,-0.2970345040021868,False,True,False,all
2026-08-28,SPHB,146.22000122070312,70,7,False,-0.007027265565244023,0.11688745216276941,0.4277902157209177,-0.07203151346031011,False,True,False,all
2026-08-28,KBWB,96.27999877929688,70,7,False,-0.00020978176782782132,0.10434942131330627,0.3131478338794025,-0.04303748936275409,False,True,False,all
2026-08-28,MSFL,26.729999542236328,70,4,False,0.373479545336457,0.2856545854457424,1.0632960015170454,-0.2596593302551615,True,True,False,all
2026-08-28,TOST,35.150001525878906,70,5,False,0.11689422512673886,0.1645378086645386,0.5790656408112966,-0.2298421999135425,False,True,False,all
2026-08-28,SCHL,38.959999084472656,70,6,False,-0.09952389481547386,0.04303870960921308,0.7170558910297875,-0.18951530410208117,False,True,False,all
2026-08-28,BWA,64.08999633789062,70,7,False,-0.025484353906086055,0.1222211933796804,0.5824690453800154,-0.1868815454702527,False,True,False,all
2026-08-28,MGA,65.86000061035156,70,7,False,-0.019502744005395867,0.10028811363368795,0.5277197791209791,-0.10051899054421898,False,True,False,all
2026-08-28,CATY,61.869998931884766,70,7,False,-0.010716320198473461,0.13029957359969768,0.3881534519972085,-0.05194610930703103,False,True,False,all
2026-08-28,VONV,113.27999877929688,70,7,False,0.029842517653071,0.1296764344340704,0.2964065271227254,-0.007012649359372958,False,True,False,all
2026-08-28,A,153.83999633789062,69,5,False,0.09758548183502813,0.16982585432545805,0.4198430872579533,-0.060519106333492334,False,False,False,all
2026-08-28,AGIX,45.029998779296875,69,7,False,0.010921880739553913,0.14239248658163373,0.4579892648725794,-0.09341654038049596,False,True,False,all
2026-08-28,ALRM,57.470001220703125,69,5,False,0.08964808211660924,0.17670547348998977,0.3851530223130819,-0.03216570921278927,True,True,False,all
2026-08-28,AVPT,14.0,69,4,False,0.11448996643558051,0.19940800567324057,0.5846066711434128,-0.1651759321497991,False,True,False,all
2026-08-28,DVA,180.67999267578125,69,5,False,-0.14547380909617524,0.11096725270263885,0.7889108185720917,-0.2699503468200787,False,True,False,all
2026-08-28,EIG,49.16999816894531,69,6,False,-0.0092965753890063,0.11569582805938006,0.37615445840746786,-0.06503141231640186,False,True,False,all
2026-08-28,EOG,143.35000610351562,69,7,False,0.02262404445096644,0.12205778002247136,0.41106419205617706,-0.06715684381074727,False,True,False,all
2026-08-28,EUFN,42.33000183105469,69,6,False,0.03684439474975254,0.12122802259106491,0.2940997559106817,-0.010750153648763638,True,True,False,all
2026-08-28,FCF,20.850000381469727,69,6,False,-0.002917116901638317,0.12344719285847261,0.3900000254313152,-0.06669649780398779,False,True,False,all
2026-08-28,FULT,23.674999237060547,69,6,False,-0.021431404027892675,0.10199950584327455,0.4262047405425671,-0.0616329898291369,False,True,False,all
2026-08-28,GLUE,13.380000114440918,69,4,False,-0.3173016515517395,-0.27753779098294007,1.9086957373556,-0.48079162294271693,True,True,False,all
2026-08-28,GM,86.2699966430664,69,7,False,0.04438543593805311,0.08552995626520654,0.5878887122318301,-0.060751245767596385,True,True,False,all
2026-08-28,HCSG,22.440000534057617,69,6,False,-0.03577595325654215,0.08347961584207098,0.48314609149537446,-0.12854366858028676,False,True,False,all
2026-08-28,IWC,195.02999877929688,69,7,False,0.000709108661192337,0.10992610411920811,0.3907865985978627,-0.04058441582812633,False,True,False,all
2026-08-28,JNUG,195.9499969482422,69,3,False,0.3760398224077002,-0.007145575729737286,0.979692769272025,-0.4610094800502921,False,False,False,all
2026-08-28,NRGV,3.5399999618530273,69,1,False,-0.010731061430268696,-0.13341494328328563,1.1585365809336223,-0.4672686272364075,False,True,False,all
2026-08-28,OILK,53.0,69,6,False,0.03741464917923043,0.10101912733339047,0.46692494971367604,-0.13582262485498175,False,True,False,all
2026-08-28,PDM,9.539999961853027,69,7,False,0.00029359393919903276,0.13422224233393631,0.5094936238498851,-0.05824285744546143,False,False,False,all
2026-08-28,SHOO,44.2400016784668,69,4,False,-0.0026196624785935763,0.07830380869698894,0.5495622718279856,-0.10985913482206822,False,True,False,all
2026-08-28,SW,48.290000915527344,69,7,False,0.03454778669544445,0.14582791735643696,0.47544993065617236,-0.08281102533697937,True,True,False,all
2026-08-28,VOD,16.040000915527344,69,6,False,0.05799172714324441,0.09944725721819037,0.44244614034192487,-0.034316657066766565,True,True,False,all
2026-08-28,DFUV,57.20000076293945,69,7,False,0.023515825919971034,0.1204871533082772,0.31313128924765965,-0.011919133425183026,False,False,False,all
2026-08-28,COWZ,72.4000015258789,69,7,False,0.08650634394620793,0.142147272215986,0.30169009198550745,-0.0016546486864595922,False,True,False,all
2026-08-28,CPER,39.66999816894531,69,7,False,0.02111203178837262,0.0865456273581493,0.4316131172726909,-0.031730608079671985,False,False,False,all
2026-08-28,CACC,594.8900146484375,69,6,False,-0.00996901601416389,0.1555988074661001,0.48019413705604763,-0.11059111372052755,True,True,False,all
2026-08-28,CCEP,109.0999984741211,69,6,False,0.030139354506338645,0.12117644947767547,0.2886840745903503,-0.040204097549398465,False,True,False,all
2026-08-28,QTWO,65.12999725341797,69,5,False,0.14582375191072927,0.14120402484252748,0.5967147779255193,-0.23547370129242062,True,True,False,all
2026-08-28,SSO,70.73999786376953,69,7,False,0.03429517615973099,0.1448023333166497,0.4546575428753372,-0.02829677337408487,False,False,False,all
2026-08-28,FFBC,32.81999969482422,69,6,False,-0.030376812154894295,0.11074258241237889,0.4232437317831039,-0.09462069807381468,False,True,False,all
2026-08-28,DIN,33.599998474121094,69,4,False,-0.04607247541402659,0.04903615173998177,0.5013404706924109,-0.15322585141869627,False,True,False,all
2026-08-28,WEBL,30.59000015258789,69,4,False,0.1865235144009778,0.26287282217935304,1.0530201970303987,-0.13195236391603982,False,True,False,all
2026-08-28,MTG,30.989999771118164,69,4,False,0.05209195660377408,0.11821143062791917,0.255163997601793,-0.028222001748373082,True,True,False,all
2026-08-28,PRGS,44.7599983215332,69,4,False,0.1346352356103504,0.21245935760400658,0.8790931526023058,-0.055098177521696545,False,True,False,all
2026-08-28,DC,6.039999961853027,69,6,False,0.19722496539849366,0.10715986895131446,0.5936675521495038,-0.1668965569857893,False,True,False,all
2026-08-28,DFLV,41.88999938964844,69,7,False,0.0289248417099357,0.12134420770459653,0.30640889392571435,-0.010861844180555247,False,True,False,all
2026-08-28,UBSI,47.599998474121094,69,7,False,0.004969919587677563,0.10900127745498067,0.39589444586765343,-0.04070940147613877,False,True,False,all
2026-08-28,SRPT,20.860000610351562,69,4,False,0.17902402926583405,0.09354648647176234,0.4209809384674792,-0.17614530561721709,False,True,False,all
2026-08-28,TFII,133.30999755859375,69,6,False,-0.0720024854338096,0.0691395734812521,0.653354856748958,-0.20502119614927827,False,True,False,all
2026-08-28,SGHC,13.819999694824219,69,6,False,-0.012448034692455812,0.1477118182880448,0.6335696965140047,-0.12862547326690288,False,True,False,all
2026-08-28,AAPL,319.70001220703125,68,7,False,0.02467952830912168,0.1312724010284958,0.4149148772959008,-0.07217690045142666,False,True,False,all
2026-08-28,AEM,206.25,68,6,False,0.24440395450674646,0.11052361750531325,0.534826555333604,-0.1919370178609251,False,False,False,all
2026-08-28,AJG,267.55999755859375,68,4,False,0.07505538139580636,0.14454156766856618,0.40267364381962656,-0.1466751459889749,False,True,False,all
2026-08-28,AVLV,94.05000305175781,68,7,False,0.015840881021262465,0.11269615951032996,0.341654851625687,-0.01327177629173415,False,False,False,all
2026-08-28,AVSC,73.12999725341797,68,7,False,0.0007438581536169941,0.10903310043047565,0.34652909969143164,-0.028818136924221416,False,True,False,all
2026-08-28,BALL,63.77000045776367,68,7,False,0.018804026435419896,0.08619097683484545,0.42248489522899924,-0.06618832035680855,False,True,False,all
2026-08-28,BCH,41.630001068115234,68,7,False,0.02311158516031897,0.05351600825918035,0.47050518733485447,-0.10989949410606037,False,True,False,all
2026-08-28,GGLL,102.81999969482422,68,3,False,-0.04139117029650974,-0.02727522703572216,1.2191526404179576,-0.32797385820376324,False,True,False,all
2026-08-28,GNR,77.80000305175781,68,6,False,0.08143576429349975,0.10862221657574733,0.35942693821516825,-0.02126047122190189,False,False,False,all
2026-08-28,GNW,9.979999542236328,68,6,False,0.02474582053038543,0.11584426537679104,0.2729591005099725,-0.029182898689449233,False,True,False,all
2026-08-28,GOOX,72.63249969482422,68,3,False,-0.05128959607738137,-0.035468423394795945,1.2341588263545256,-0.3243488400481468,False,True,False,all
2026-08-28,HBCP,69.44000244140625,68,6,False,-0.005094839538503648,0.09985843973788744,0.3739612422538021,-0.06791943031669467,False,True,False,all
2026-08-28,IHG,162.3800048828125,68,6,False,-0.0014144008774108485,0.10591762041361652,0.3844317811861826,-0.07680933852815186,False,True,False,all
2026-08-28,J,151.97999572753906,68,4,False,0.11859553983904814,0.1438079747942238,0.4381150197640158,-0.09772029491386991,False,True,False,all
2026-08-28,KODK,9.039999961853027,68,4,False,0.0069730638452438765,0.001501143358989987,0.5776614191555889,-0.39206455740243995,False,True,False,all
2026-08-28,LNC,43.290000915527344,68,5,False,0.03825899056684645,0.10027388488467182,0.34524550978840884,-0.09188163250803993,False,True,False,all
2026-08-28,LYFT,17.700000762939453,68,3,False,0.11189291408426194,0.0982346512059582,0.4205458032704599,-0.3069694546416978,False,True,False,all
2026-08-28,NBTB,51.54999923706055,68,7,False,0.0018267874672319717,0.1279112454691067,0.3150509753509254,-0.054128454365861556,True,True,False,all
2026-08-28,NVST,27.1299991607666,68,7,False,0.0016835997532240743,0.08039437313270192,0.44539150235049974,-0.10815256105443649,False,True,False,all
2026-08-28,NWG,18.3799991607666,68,5,False,0.008526886354457641,0.09292536899962234,0.35545712330340384,-0.05355308503818579,False,True,False,all
2026-08-28,OMC,88.27999877929688,68,7,False,0.08282081237675443,0.13549613671015748,0.3309210966728111,-0.014402153845288979,False,True,False,all
2026-08-28,PH,995.02001953125,68,7,False,0.0037143915895454516,0.0663767262090702,0.3909166254145897,-0.09538695516489937,False,False,False,all
2026-08-28,PRU,119.79000091552734,68,5,False,0.016656577077485357,0.11271396372178222,0.3036239167613042,-0.06208894636222684,True,True,False,all
2026-08-28,R,245.86000061035156,68,6,False,-0.06190667537323924,0.09661922016862223,0.5593328056420068,-0.13505716583869287,False,True,False,all
2026-08-28,SWBI,12.779999732971191,68,4,False,-0.13487315974714265,-0.02397674103127634,0.595505539049807,-0.27220956027031784,False,True,False,all
2026-08-28,TAL,11.9399995803833,68,5,False,0.0996297384176612,0.08753070077319425,0.3445945300120121,-0.10695589509468306,True,True,False,all
2026-08-28,TTC,99.02999877929688,68,7,False,0.03244006008824285,0.0933697673903382,0.46407450728706445,-0.05856073314135213,False,False,False,all
2026-08-28,WCC,336.4200134277344,68,6,False,-0.01983402695905956,0.09305317277520864,0.653982416533146,-0.1270207393146109,False,True,False,all
2026-08-28,CNOB,31.729999542236328,68,6,False,-0.03172453999547198,0.09731445012026918,0.36767234908556623,-0.07059167810479938,False,True,False,all
2026-08-28,CACI,628.2000122070312,68,5,False,0.17204206367447994,0.1233301135874445,0.44513456306930865,-0.08090707797069308,False,True,False,all
2026-08-28,CCS,69.16000366210938,68,7,False,0.012419623024593873,0.10509956133376863,0.462929697088436,-0.08999995181435028,True,True,False,all
2026-08-28,CLSE,33.70000076293945,68,6,False,-0.0032799881886306226,0.10717360397258657,0.3961967923637144,-0.03049475287048853,False,True,False,all
2026-08-28,QQQJ,45.650001525878906,68,7,False,0.013075257565773546,0.12738238893810072,0.3374546339709006,-0.027481830817439934,False,False,False,all
2026-08-28,PVAL,54.290000915527344,68,7,False,0.027456905750666838,0.11246126453504868,0.31166952684481486,-0.007495426722002763,True,True,False,all
2026-08-28,SQM,78.62999725341797,68,6,False,0.07809797191604106,0.04142312209671162,0.9376538616428729,-0.19765308925083702,False,False,False,all
2026-08-28,WERN,38.41999816894531,68,6,False,-0.058573349922414475,0.09918085443438285,0.6660884240560505,-0.19098764348189234,True,True,False,all
2026-08-28,CHCO,143.4600067138672,68,6,False,0.02862458111654642,0.127871032213154,0.26720261349726915,-0.03711657544405289,True,True,False,all
2026-08-28,ZION,67.77999877929688,68,6,False,-0.029009396524322106,0.09401276930739866,0.4674172070683642,-0.07581126037936836,False,True,False,all
2026-08-28,MSI,486.0,68,7,False,0.11417292022423364,0.15629490494136,0.35240432939283806,-0.015337251477774871,False,False,False,all
2026-08-28,SIRI,28.540000915527344,68,6,False,-0.03590198167187375,0.14840548558357813,0.44360142917041245,-0.12614816139416551,False,True,False,all
2026-08-28,ABBV,255.47999572753906,67,7,False,0.014742908966331125,0.12224510656818999,0.3393446696070199,-0.04482747761783756,False,True,False,all
2026-08-28,AEG,9.1899995803833,67,7,False,0.017989237040090256,0.1359141200763867,0.3614814193160445,-0.04370448400610705,False,True,False,all
2026-08-28,AHR,55.529998779296875,67,7,False,0.01784946361096096,0.09926762686185708,0.38824996948242196,-0.05400344024601744,False,True,False,all
2026-08-28,ALX,270.19000244140625,67,6,False,-0.006327799338701978,0.10309729024306513,0.3423589232910771,-0.06647545424197832,True,False,False,all
2026-08-28,APH,157.74000549316406,67,6,False,-0.021006066884984853,0.08707791197559556,0.4958749175743198,-0.11640151401510168,False,True,False,all
2026-08-28,ASND,247.91000366210938,67,6,False,-0.02728436397101419,0.0733706412482451,0.3324626319430406,-0.12135385778862362,True,True,False,all
2026-08-28,BAI,44.119998931884766,67,6,False,-0.03461980123275599,0.10686847717869763,0.4529886140111137,-0.18986412644902106,True,True,False,all
2026-08-28,BLKB,48.619998931884766,67,3,False,0.3029682334424375,0.09811925987146441,0.9007036386589893,-0.31240277808798156,True,True,False,all
2026-08-28,EDIT,3.1600000858306885,67,5,False,0.06018924925403657,0.21490569564624673,0.9036145478136621,-0.3035045270100335,False,False,False,all
2026-08-28,EG,377.6099853515625,67,6,False,0.021704660819606092,0.10588830783293335,0.24854510747042946,-0.05849358352466261,True,True,False,all
2026-08-28,EWP,62.349998474121094,67,7,False,0.02707455546413784,0.10405176427835383,0.3391322301353701,-0.01718159168006328,True,True,False,all
2026-08-28,FITB,54.540000915527344,67,6,False,-0.036902811291744886,0.07774422402424386,0.3617978016104024,-0.08336132915080097,False,True,False,all
2026-08-28,FMX,120.12000274658203,67,6,False,-0.04036811113866423,0.05595824813187744,0.4414976611918995,-0.15091537633348573,False,True,False,all
2026-08-28,HWC,75.06999969482422,67,6,False,-0.012948569524248055,0.09361182486250175,0.3888991813963034,-0.06314735719497255,False,True,False,all
2026-08-28,ICFI,90.22000122070312,67,5,False,0.11618909092232599,0.15508584520125734,0.5335712801742349,-0.11113299289947665,False,True,False,all
2026-08-28,IDCC,335.1499938964844,67,4,False,0.12005189882804479,0.049229886139361856,0.3452275616823719,-0.1877120966101007,False,True,False,all
2026-08-28,KWR,165.91000366210938,67,7,False,0.044398445478288195,0.13490383984804488,0.47896241050780763,-0.09343746985407309,False,True,False,all
2026-08-28,LYG,5.920000076293945,67,6,False,-0.013859263409708666,0.07462471279036276,0.4095238916998314,-0.06624606722170312,False,True,False,all
2026-08-28,LYV,181.64999389648438,67,7,False,0.0038373701319287523,0.13930036352855946,0.4492580118384053,-0.04015855272663471,False,True,False,all
2026-08-28,M,22.010000228881836,67,4,False,-0.08031855312489267,0.023773321631378463,0.6814362087330048,-0.1722452011065635,False,False,False,all
2026-08-28,MQQQ,227.83909606933594,67,7,False,0.002283009503500688,0.13415978089376646,0.5670783331208096,-0.10253633571716736,True,True,False,all
2026-08-28,NPO,298.9599914550781,67,6,False,-0.10604504689607386,0.07087428844284105,0.47999995769840664,-0.23426058815395545,False,True,False,all
2026-08-28,PNC,242.22000122070312,67,6,False,-0.02747418912271893,0.08504564161247985,0.36940295417325464,-0.0646431525592589,False,True,False,all
2026-08-28,RDVY,82.05999755859375,67,6,False,0.011458071637440614,0.10680399298299115,0.2673358696307915,-0.023327769135710885,False,False,False,all
2026-08-28,SBUX,107.8499984741211,67,7,False,0.02691202737070819,0.11027151132767754,0.3828696169797321,-0.024070252562571448,False,True,False,all
2026-08-28,TTE,86.3499984741211,67,6,False,0.032445183232229,0.0806927507938009,0.5046175186002222,-0.08304130664625031,False,True,False,all
2026-08-28,TXN,258.6400146484375,67,6,False,-0.09532328226456366,0.09144761813478341,0.6934460936529809,-0.22569824388938098,False,True,False,all
2026-08-28,VSEC,215.82000732421875,67,7,False,0.0005378096401857935,0.0963165929148102,0.3953579225395707,-0.12923138184600003,False,True,False,all
2026-08-28,DFEV,42.59000015258789,67,7,False,0.028817528102875523,0.11364136967662541,0.3996056432948454,-0.05239736473972045,False,True,False,all
2026-08-28,SCHD,34.900001525878906,67,7,False,0.047362425888168636,0.12793684451401743,0.3259879152940086,-0.011611436745007864,False,False,False,all
2026-08-28,DAL,80.06999969482422,67,6,False,-0.08529480330978878,0.08644769308573785,0.45502455880387505,-0.16314799916976108,False,True,False,all
2026-08-28,MNTN,13.229999542236328,67,3,False,0.2578914915335657,0.27022831804773695,0.7249021395875801,-0.3903226231756035,False,True,False,all
2026-08-28,KSTR,23.969999313354492,67,5,False,-0.08778849230618835,0.08284335801349885,0.44833839385794527,-0.26336820408887707,True,False,False,all
2026-08-28,V,381.6000061035156,67,4,False,0.06470541363178572,0.14595577265553406,0.2984449524765249,-0.01029644719581324,False,True,False,all
2026-08-28,VTR,91.80999755859375,67,6,False,-0.00385181404444479,0.08243211083899293,0.3830973389181085,-0.09635827817478748,False,True,False,all
2026-08-28,JIVE,97.9000015258789,67,7,False,0.031929749481861336,0.10686249825291294,0.35041931359866707,-0.007300762529415805,False,True,False,all
2026-08-28,TMV,41.790000915527344,67,7,False,0.03393505917169426,0.10720173542316247,0.31332499422760285,-0.05941929713065741,False,False,False,all
2026-08-28,QQEW,165.54339599609375,67,7,False,0.04277025749667973,0.14518034122453338,0.3526997851887128,-0.010322282730110821,False,True,False,all
2026-08-28,VIK,88.5,67,6,False,-0.11440311126446023,0.08262839737011007,0.5699840638091875,-0.1961122450365621,False,False,False,all
2026-08-28,ACLS,115.56999969482422,66,4,False,-0.18586761260264062,-0.003171963578611492,0.5702445936253713,-0.40360202073047224,False,True,False,all
2026-08-28,AEIS,272.82000732421875,66,3,False,-0.12941861962244272,-0.08279980084241023,0.8934000573117971,-0.31355674907323894,False,True,False,all
2026-08-28,AIT,322.2200012207031,66,6,False,-0.054289562807600444,0.09322748358883559,0.3519342375246881,-0.14028812242467215,False,True,False,all
2026-08-28,AMKR,47.880001068115234,66,4,False,-0.23921021436688472,-0.14112584643996995,1.0487804599362538,-0.5047579549340158,True,True,False,all
2026-08-28,BEAM,29.31999969482422,66,6,False,-0.01701780779118467,0.0345344568461885,0.8302121633595243,-0.2336643758208803,True,True,False,all
2026-08-28,BFC,152.80999755859375,66,6,False,0.01381159508014096,0.09115899656422655,0.2832549144179024,-0.03953493591212931,False,True,False,all
2026-08-28,BFST,31.209999084472656,66,7,False,0.005386090393264986,0.10188263369567419,0.3834219779831427,-0.040430511290213245,False,True,False,all
2026-08-28,BKDV,34.810001373291016,66,6,False,0.02222108737107975,0.10990803497012958,0.28166426984011284,-0.00939095111238486,False,True,False,all
2026-08-28,DTCR,28.0,66,6,False,-0.025839603353132512,0.06820691924813671,0.5444016158915288,-0.14608114613559198,False,True,False,all
2026-08-28,EQIX,1044.4100341796875,66,6,False,-0.007599113518723555,0.09342883248100908,0.44932147491944785,-0.07466245128916937,False,True,False,all
2026-08-28,EWBC,129.44000244140625,66,6,False,-0.015049695301195265,0.08479896438501333,0.3967843422789983,-0.05841273520035106,False,True,False,all
2026-08-28,GRDN,37.060001373291016,66,5,False,-0.07233575135295767,0.04251647905331657,0.6015558492136184,-0.21182473388998269,False,True,False,all
2026-08-28,IYM,193.42999267578125,66,7,False,0.0576984767274884,0.10687462699322747,0.390782212605572,-0.019912889756872998,False,True,False,all
2026-08-28,IYZ,43.04999923706055,66,7,False,0.025385722625080875,0.09933323010054407,0.38602704369861063,-0.06555243060057925,False,True,False,all
2026-08-28,JBL,301.45001220703125,66,4,False,-0.09767928234247836,0.038162902327035786,0.58992617353846,-0.29720463163113264,False,True,False,all
2026-08-28,MCRI,122.56999969482422,66,6,False,-0.019290931550399848,0.1338029960296354,0.39078637824501405,-0.0982858360981681,False,True,False,all
2026-08-28,PRM,30.6200008392334,66,6,False,-0.09531938937289108,0.045293818779337025,0.5543147032175324,-0.19779925836764933,False,True,False,all
2026-08-28,SBH,16.549999237060547,66,5,False,0.08075276018822342,0.12226971520627217,0.43414205301288766,-0.07645093936387581,False,True,False,all
2026-08-28,SHEL,90.91000366210938,66,7,False,0.05466488539006287,0.09929446840043976,0.324735936788479,-0.042044233926397445,True,True,False,all
2026-08-28,TRNS,85.8499984741211,66,6,False,-0.04585244456721116,0.1387912453426341,0.7091379505574826,-0.14150001525878908,False,True,False,all
2026-08-28,TTEK,36.540000915527344,66,5,False,0.11775253261843521,0.10936373670222399,0.4157304018445931,-0.1529902310500445,False,True,False,all
2026-08-28,CARG,36.560001373291016,66,5,False,0.037802033986235495,0.07568488615395874,0.3853733315216292,-0.11305190949561594,False,True,False,all
2026-08-28,TEX,63.72999954223633,66,6,False,-0.0463264215944722,0.048766916428856444,0.5282973231711752,-0.14673989209958804,False,True,False,all
2026-08-28,CERT,8.350000381469727,66,3,False,0.137602225895592,0.1555094802241448,0.8764046605315758,-0.39841496306745083,False,True,False,all
2026-08-28,MSOS,4.989999771118164,66,5,False,0.09549940549136271,0.13847658227258353,0.6858107117599963,-0.31172416950094284,False,True,False,all
2026-08-28,CP,94.12000274658203,66,7,False,0.03591588290784942,0.13843641398163875,0.3756212403598327,-0.028689357435710883,False,True,False,all
2026-08-28,PUMP,10.979999542236328,66,3,False,-0.11039816917278367,-0.13478589964256238,1.4292034487986078,-0.40648651123046875,False,True,False,all
2026-08-28,RYAM,8.600000381469727,66,4,False,0.03945082855412663,0.029065151035253978,0.6475097178411919,-0.2742615945466249,False,True,False,all
2026-08-28,XPEL,49.7599983215332,66,5,False,0.056166097193658615,0.061529647508052454,0.5796824863978796,-0.10999823900309968,False,True,False,all
2026-08-28,IWN,223.13999938964844,66,7,False,0.0029368045490911765,0.10212675544650573,0.3223111074942129,-0.020714479101465844,False,True,False,all
2026-08-28,SPIR,13.170000076293945,66,3,False,-0.0749455533148552,-0.012154912188682254,0.9954545858477764,-0.49209410253400054,True,True,False,all
2026-08-28,CMPR,89.27999877929688,66,6,False,-0.06597201018041199,0.08100645638680715,0.5846645107826811,-0.1623194103447373,False,True,False,all
2026-08-28,CSW,318.5,66,5,False,0.04446571541465283,0.09959689546861372,0.382078560285394,-0.10403592163672692,False,True,False,all
2026-08-28,SNDA,37.459999084472656,66,6,False,-0.06278304712847027,0.05980272978137857,0.5014027230057427,-0.15611625141837304,False,True,False,all
2026-08-28,FHLC,83.0,66,6,False,0.04307260816734271,0.1122658117901667,0.2908242000111534,-0.028785386272249802,False,True,False,all
2026-08-28,TFIN,71.86000061035156,66,6,False,-0.060550430121784404,0.08040005429980601,0.547706227396707,-0.13960723780372453,False,True,False,all
2026-08-28,VHT,320.9599914550781,66,6,False,0.04222746223025586,0.11060934024894808,0.28605193747546753,-0.02959942114866776,False,True,False,all
2026-08-28,VVX,77.69000244140625,66,6,False,-0.02310150324221827,0.10904123940496713,0.5266561051422889,-0.17333475562517642,False,True,False,all
2026-08-28,CVLT,136.39999389648438,66,2,False,-0.017910933007212693,0.204254920575625,0.9010452111008276,-0.311736810286232,False,True,False,all
2026-08-28,ASB,30.920000076293945,65,5,False,-0.0010532203090876102,0.10766012473355047,0.2958926775081234,-0.04744297756050686,False,True,False,all
2026-08-28,AVUV,125.56999969482422,65,7,False,0.0016943532385893523,0.09487682598039271,0.33770103356470216,-0.026966317509794058,False,False,False,all
2026-08-28,AXON,600.72998046875,65,4,False,0.07798226288109955,0.1864771254080917,0.7720125163385749,-0.24368933627906153,False,True,False,all
2026-08-28,EEMA,116.80000305175781,65,7,False,0.02350919363263393,0.10937352303858416,0.37622244929716,-0.04831744596249754,False,True,False,all
2026-08-28,EXLS,38.400001525878906,65,4,False,0.23436951746099455,0.14465764157451355,0.5452716674609475,-0.1481810122858972,False,True,False,all
2026-08-28,FBNC,63.9900016784668,65,6,False,-1.2474661209571636e-05,0.09891905789040889,0.3922977143854096,-0.041778933091191295,False,True,False,all
2026-08-28,FNDX,32.5099983215332,65,6,False,0.022745094338260108,0.10454058643697106,0.27841124386130756,-0.010350081229249963,False,True,False,all
2026-08-28,IJS,137.52999877929688,65,7,False,0.005386232158749893,0.096243965198342,0.31444138764711815,-0.025853478437745436,False,True,False,all
2026-08-28,IMCR,36.619998931884766,65,5,False,0.08573186882741357,0.1185307897463932,0.32897835334105463,-0.10057721246116325,False,True,False,all
2026-08-28,INFL,55.25,65,6,False,0.07290928428918808,0.10073125473573663,0.30862146855901673,-0.01830132909803417,False,False,False,all
2026-08-28,IRON,80.02999877929688,65,4,False,0.04117877762042288,0.0773347271379754,1.0007499694824218,-0.19567840422817206,False,True,False,all
2026-08-28,IYH,72.30999755859375,65,4,False,0.046872523045780934,0.11050530491992583,0.2811835456773848,-0.03056708528270391,False,True,False,all
2026-08-28,KEX,139.05999755859375,65,7,False,0.002949836665112837,0.057605485632017395,0.7487424978496755,-0.11814322147489953,False,True,False,all
2026-08-28,KOLD,29.219999313354492,65,3,False,0.064395539124531,0.11904927987162628,1.174107159646292,-0.4093390217842573,True,False,False,all
2026-08-28,OUT,29.600000381469727,65,5,False,-0.06686421108691587,0.04682787532748467,0.7442546599383826,-0.1533180447188156,False,True,False,all
2026-08-28,PBA,48.0099983215332,65,6,False,-0.011895979653289923,0.08445582934581486,0.32624301960469837,-0.06921293879001178,True,True,False,all
2026-08-28,PCAR,125.33999633789062,65,6,False,-0.015662723788254396,0.051895673556791255,0.3586991472942074,-0.09982769755029819,False,True,False,all
2026-08-28,PSC,69.3198013305664,65,6,False,0.004637479009572232,0.10674662921726163,0.2901507895244848,-0.022287731471144157,False,False,False,all
2026-08-28,RCKT,3.859999895095825,65,4,False,0.09896363793712348,0.08392709719074887,0.5256916753937606,-0.2917431137275036,True,True,False,all
2026-08-28,RDNT,74.61000061035156,65,4,False,0.11345081102612697,0.12871402543047372,0.46812280713079657,-0.13082474611642114,False,True,False,all
2026-08-28,SETM,34.68000030517578,65,6,False,0.10401911441371237,0.050117371990310966,0.6357718954642331,-0.14475953248649875,False,True,False,all
2026-08-28,SHO,11.329999923706055,65,6,False,-0.007533291971803191,0.12791872002132987,0.3037975225317915,-0.06130901324177218,False,True,False,all
2026-08-28,VCEL,40.95000076293945,65,6,False,-0.08537401070934059,0.07346907829183769,0.41450776109691456,-0.1697080085903394,False,True,False,all
2026-08-28,VNO,38.20000076293945,65,4,False,-0.024220767683337918,0.1450067245097999,0.5547416051041489,-0.11920678571067322,False,True,False,all
2026-08-28,DNN,3.390000104904175,65,5,False,0.07749033786771031,0.015137253724846422,0.5841121208991589,-0.23476292635082963,False,False,False,all
2026-08-28,DOC,20.959999084472656,65,6,False,-0.02506190352758908,0.13116306110612874,0.33503180503883856,-0.08671030990466577,False,True,False,all
2026-08-28,CVS,93.05999755859375,65,6,False,-0.08129541380723737,0.08061468556833651,0.33880009636898567,-0.15919771140222938,False,True,False,all
2026-08-28,CURB,29.989999771118164,65,6,False,-0.015559355513057205,0.10593401626667442,0.3675330302681352,-0.06718512137618604,False,False,False,all
2026-08-28,PJT,182.8000030517578,65,5,False,0.09848904645961887,0.13623475083466974,0.43114380527286533,-0.06553518242217404,False,True,False,all
2026-08-28,HTLD,12.180000305175781,65,4,False,-0.11476122353097695,0.03668841133180667,0.7400000435965401,-0.26802880096541193,True,False,False,all
2026-08-28,OC,143.1300048828125,65,6,False,-0.01056007783735935,0.15459407352423749,0.4675485150646319,-0.10493401535249225,False,True,False,all
2026-08-28,MTDR,56.38999938964844,65,6,False,0.08367699487287061,0.09894820405830318,0.5183091092178453,-0.15634346979038116,False,True,False,all
2026-08-28,NVDA,217.5500030517578,65,7,False,0.04380579449595201,0.11093977095275465,0.3259583917848998,-0.08028236566069225,False,False,False,all
2026-08-28,PRF,56.119998931884766,65,6,False,0.020868483037912222,0.10675052727965961,0.28244975055836585,-0.009530549187814819,False,True,False,all
2026-08-28,CRBG,32.61000061035156,65,5,False,0.03758998630545207,0.12923334560397803,0.46958088443040547,-0.07397414541953062,False,True,False,all
2026-08-28,CENTA,37.810001373291016,65,6,False,-0.012339837774285045,0.12018514442769912,0.4559107575273622,-0.07328426273727906,False,True,False,all
2026-08-28,AAXJ,116.8499984741211,65,7,False,0.020520436882310866,0.10743648953110907,0.3716398066133477,-0.0643766590985646,False,True,False,all
2026-08-28,MTB,237.2899932861328,65,6,False,-0.028740371544478283,0.08114976272415242,0.3578049939618815,-0.07290487940846813,False,True,False,all
2026-08-28,BRUN,17.049999237060547,65,4,False,-0.3062958556979968,-0.036788509357396304,0.6617932608875492,-0.5940476372128441,True,False,False,all
2026-08-28,ANDE,64.55999755859375,64,5,False,-0.08294415781214337,-0.021583989412563565,0.7129211968939517,-0.21373770455855157,False,True,False,all
2026-08-28,APEI,46.0099983215332,64,3,False,-0.09165574319721248,-0.037968999046327334,0.5838209820961349,-0.25296317247045896,False,True,False,all
2026-08-28,BOKF,137.47999572753906,64,6,False,-0.021601940084961968,0.05793962978473588,0.3383955811307964,-0.06374285510613509,False,True,False,all
2026-08-28,EQH,50.20000076293945,64,5,False,0.03941496525384247,0.12866945797437324,0.4263390026487732,-0.08975522440587214,False,True,False,all
2026-08-28,ESNT,68.9000015258789,64,4,False,0.04413558885661839,0.1023039031638544,0.24503074333036312,-0.020889600160979405,False,True,False,all
2026-08-28,FTGC,30.68000030517578,64,7,False,0.06569962899635562,0.11869835283516594,0.35154181823926023,-0.004865378491776595,False,True,False,all
2026-08-28,GOOGL,346.5899963378906,64,6,False,-0.00911322665973191,0.03592995382838837,0.6808438480476187,-0.1517828521990492,False,True,False,all
2026-08-28,HASI,40.0,64,7,False,0.020574783588227508,0.0734307067521176,0.4662756229174645,-0.09358715087589786,False,True,False,all
2026-08-28,HCI,186.2899932861328,64,3,False,0.03432725209810816,0.10421683703783713,0.2869775011131801,-0.11501190837941655,False,True,False,all
2026-08-28,HMN,51.349998474121094,64,5,False,-0.00909665590337172,0.10411227349519625,0.243642463926675,-0.07577398839291194,False,True,False,all
2026-08-28,INN,6.059999942779541,64,6,False,-0.07545846409483847,0.1347995763831591,0.5226130436527643,-0.15481173245511948,False,True,False,all
2026-08-28,IPI,37.599998474121094,64,5,False,0.06745397178497248,0.08036349248623087,0.6674057537140012,-0.25307909495133074,False,False,False,all
2026-08-28,JQUA,74.88999938964844,64,6,False,0.02775726598810957,0.1207646694957678,0.25443883471670947,-0.00991538876324527,False,True,False,all
2026-08-28,MCY,102.97000122070312,64,6,False,-0.035254383487898666,0.06943597672911528,0.3860546500435078,-0.08924461839530329,False,True,False,all
2026-08-28,NVGS,22.059999465942383,64,7,False,0.046946462718449045,0.10119676118525711,0.5667613341957944,-0.0944171217890617,False,True,False,all
2026-08-28,RPV,121.73999786376953,64,6,False,0.026406293638109757,0.099555152637129,0.2699770194933975,-0.013132317919639314,False,True,False,all
2026-08-28,SLYV,109.6500015258789,64,7,False,0.004783390164310841,0.09335279965873555,0.30706880824472993,-0.024466191838679263,False,True,False,all
2026-08-28,SPMO,146.77999877929688,64,6,False,-0.0226707451624647,0.1136240954443537,0.368705722707644,-0.09562540961574462,False,True,False,all
2026-08-28,TAK,18.030000686645508,64,6,False,0.05910553440113553,0.08235637458007705,0.38799083944044654,-0.04603169044679689,False,True,False,all
2026-08-28,VLY,13.920000076293945,64,6,False,-0.04352247195905323,0.06512407873938364,0.44398335897734453,-0.08421050980480738,False,True,False,all
2026-08-28,XLV,171.16000366210938,64,4,False,0.045296617923870075,0.10515361890104558,0.2798923886218472,-0.030804089770062326,False,True,False,all
2026-08-28,CSWC,25.469999313354492,64,7,False,0.054859283504794076,0.10612884529193245,0.31491988692977846,-0.01048952836692052,False,True,False,all
2026-08-28,CTO,21.56999969482422,64,6,False,-0.007143791989059567,0.09639033361260685,0.4313205130476825,-0.0501981257422367,False,True,False,all
2026-08-28,CZR,29.729999542236328,64,6,False,-0.004060151991671868,0.13301598449698604,0.664613579296575,-0.037240921301298524,False,True,False,all
2026-08-28,QQQE,122.2699966430664,64,6,False,0.017387164636583963,0.11791397484008703,0.2784399563296134,-0.021840026855468708,False,True,False,all
2026-08-28,MSFT,513.530029296875,64,4,False,0.19244614188758935,0.1909996081097307,0.47058995230623557,-0.07258170832310051,True,True,False,all
2026-08-28,PRG,39.099998474121094,64,6,False,-0.09203642268868495,0.12203488909919757,0.5155038616418133,-0.18080873980479584,False,True,False,all
2026-08-28,URBN,81.08999633789062,64,5,False,0.09353503391880857,0.1338506862212192,0.36194146944904215,-0.050801872313960605,False,False,False,all
2026-08-28,SKY,90.22000122070312,64,5,False,0.04411872205296663,0.08840748651737318,0.4165489584870008,-0.09024903815158936,False,True,False,all
2026-08-28,OPLN,35.09000015258789,64,6,False,-0.08612651196908283,0.08204117513085984,0.4428454191163391,-0.182051307587477,False,False,False,all
2026-08-28,OGC,30.06999969482422,64,4,False,0.14678197868826182,-0.002082463082080488,0.7291547297421799,-0.3060235766416931,False,False,False,all
2026-08-28,ELV,394.42999267578125,64,6,False,-0.000963016504818559,0.10395007933983336,0.43512588390106677,-0.09584173504160143,True,True,False,all
2026-08-28,PWR,602.7000122070312,64,5,False,-0.08958280421551845,0.03308434273749694,0.6602848296005956,-0.23587954078347861,False,True,False,all
2026-08-28,DFSV,39.970001220703125,64,7,False,0.011304783615430525,0.09766081245911495,0.3182718213393061,-0.023931612307154015,False,True,False,all
2026-08-28,VPL,115.30999755859375,64,7,False,0.021000843680999193,0.10724189127230765,0.35626913798517035,-0.048832843639455836,False,True,False,all
2026-08-28,IWS,170.75,64,6,False,0.016982868461163703,0.10735722672391335,0.27673091810010164,-0.015963601914805614,False,True,False,all
2026-08-28,MSFU,40.22999954223633,64,3,False,0.3747266102125364,0.2646131370747229,1.0662558274792815,-0.3168619466939938,True,True,False,all
2026-08-28,VIOO,134.91000366210938,64,5,False,-0.007138622570601827,0.09440248402345763,0.2939766055810198,-0.03428771217444959,False,True,False,all
2026-08-28,NTR,73.51000213623047,64,6,False,0.0924292686566277,0.0766318794134031,0.38619656474382325,-0.13882378619247637,False,True,False,all
2026-08-28,GUNR,56.060001373291016,64,6,False,0.07403280251715438,0.08801766396978383,0.32310603697240325,-0.01804166713161559,False,True,False,all
2026-08-28,AM,22.290000915527344,63,7,False,0.0005027641153527718,0.06948284061337007,0.3142689928523905,-0.06482056758088162,False,False,False,all
2026-08-28,BBCA,106.33999633789062,63,6,False,0.030959780960533534,0.08911729049106731,0.26715918324747845,-0.015917094758127193,False,True,False,all
2026-08-28,EMGF,72.04000091552734,63,7,False,0.021433089026500873,0.10026544122090941,0.35822020497812224,-0.05928441899940362,False,True,False,all
2026-08-28,EPD,39.02000045776367,63,7,False,0.03022015887702434,0.08032084154700003,0.30023326091849034,-0.02862827392585454,False,True,False,all
2026-08-28,EWC,61.72999954223633,63,6,False,0.03256777996259008,0.08803129596183079,0.28230162702308115,-0.015627484556589355,False,False,False,all
2026-08-28,EXTR,22.579999923706055,63,5,False,-0.202463956357412,0.08269580398715481,0.6750742351998655,-0.330566254665031,False,True,False,all
2026-08-28,GLNG,50.290000915527344,63,6,False,-0.002241912483816666,0.07045097488324825,0.436036557914391,-0.12978023673962014,False,False,False,all
2026-08-28,HPP,13.140000343322754,63,2,False,-0.10664506669914642,0.1931570863660801,1.49809881588466,-0.394470051551149,False,True,False,all
2026-08-28,IJR,145.5800018310547,63,5,False,-0.0068628596100978045,0.093036917422185,0.2998214449201311,-0.03391068105091122,False,True,False,all
2026-08-28,IMCG,97.37999725341797,63,6,False,0.0015530085403816507,0.11342452163422378,0.28690365547520735,-0.033832757526883195,False,False,False,all
2026-08-28,JAVA,83.25,63,6,False,0.023690592976686853,0.09638003543221307,0.2399094772122654,-0.009635945540316548,False,True,False,all
2026-08-28,JMOM,82.58999633789062,63,5,False,-0.0055015136699486655,0.10148641114291101,0.2783839028935957,-0.03860035341435086,False,True,False,all
2026-08-28,KGC,31.270000457763672,63,6,False,0.21115175798342056,0.06603122078669132,0.5580468825730864,-0.2004602411208558,False,False,False,all
2026-08-28,KYN,14.829999923706055,63,7,False,0.0325428502525269,0.09510341179319193,0.3112289454900523,-0.02241266650480822,False,True,False,all
2026-08-28,MGV,167.2899932861328,63,6,False,0.014066815965756208,0.09688070911279434,0.254706300072729,-0.01501414923893818,False,False,False,all
2026-08-28,MIRM,97.45999908447266,63,4,False,-0.11618303485376946,0.0221504288739256,0.5413082218395646,-0.25030769935021036,False,True,False,all
2026-08-28,MLPX,75.2300033569336,63,7,False,0.006413369630982713,0.07751124442519908,0.30471737003152377,-0.03994381354055898,False,True,False,all
2026-08-28,OIS,8.609999656677246,63,4,False,0.03259692021458571,-0.04406094978456665,0.6033519255430748,-0.4062069202291554,False,True,False,all
2026-08-28,PTIR,21.420000076293945,63,3,False,0.55028661492764,0.18031648828518088,1.7304016123843216,-0.4747425032496956,False,True,False,all
2026-08-28,RGNX,9.65999984741211,63,1,False,-0.11875787933190796,-0.06949416091657801,0.7708524257593818,-0.4033354213243455,False,True,False,all
2026-08-28,RWL,134.16000366210938,63,6,False,0.020634865622788157,0.0983253612494146,0.25394902645886064,-0.011421435230092203,False,True,False,all
2026-08-28,SANM,194.00999450683594,63,5,False,-0.07485825505617638,0.06234519653382575,0.756700382271067,-0.32794097468081185,False,True,False,all
2026-08-28,SPSM,56.599998474121094,63,5,False,-0.00698620692942431,0.09148302729345437,0.2963810964712128,-0.034129693721463794,False,True,False,all
2026-08-28,DOCU,64.0,63,3,False,0.1987757488260269,0.19235365915782654,0.593625504062947,-0.2613964353954945,False,True,False,all
2026-08-28,CORN,19.950000762939453,63,5,False,0.11635874914312816,0.11429484969331472,0.2186927147325488,-0.006968610681190257,False,False,False,all
2026-08-28,MA,595.2999877929688,63,4,False,0.08601738559796601,0.12422198147284935,0.2815379356590997,-0.010504982173984545,False,True,False,all
2026-08-28,PLMR,131.6300048828125,63,4,False,-0.0031737861901609543,0.052684439380443315,0.3057237185856021,-0.10831859343770756,False,True,False,all
2026-08-28,FMTM,39.286598205566406,63,6,False,-0.013179517158896203,0.06320113859643972,0.45775870476381364,-0.18152920405069983,True,True,False,all
2026-08-28,CUZ,29.440000534057617,63,6,False,-0.030130508425679547,0.11560580660419562,0.39990487745217407,-0.10652504241607519,False,True,False,all
2026-08-28,VTV,225.2899932861328,63,6,False,0.016654348213805736,0.09545702364036468,0.24579737806004798,-0.014350150645239035,False,True,False,all
2026-08-28,CARS,11.9399995803833,63,5,False,0.027379545065626454,0.0973407032014737,0.6135134360144145,-0.1453114279057387,True,True,False,all
2026-08-28,XME,118.73999786376953,63,6,False,0.09052634795360026,0.05916194854578216,0.48165708470303525,-0.12485256284241741,False,False,False,all
2026-08-28,FLS,80.33000183105469,63,6,False,0.06594447352483246,0.06010870113023259,0.6491480874747455,-0.13072179799087935,False,True,False,all
2026-08-28,DISV,44.599998474121094,63,7,False,0.05551882807462594,0.09953676350151364,0.3086853309227313,-0.011741736403592329,False,False,False,all
2026-08-28,URI,1030.25,63,6,False,-0.06046476481261642,0.11582362750113773,0.4684501782580739,-0.12629967174414736,False,True,False,all
2026-08-28,NVDL,33.75,63,7,False,0.05704162494352705,0.11020588912056528,0.5670948621501501,-0.2200739696284637,False,False,False,all
2026-08-28,THRM,39.54499816894531,63,5,False,0.019109056199763774,0.1429297617042702,0.46462956181278936,-0.18210962943232722,True,True,False,all
2026-08-28,SMMD,90.70999908447266,63,5,False,-0.000865757613021656,0.09526332909399549,0.29696877206241057,-0.029008768332148382,False,True,False,all
2026-08-28,COCO,61.709999084472656,63,4,False,-0.10667627128800816,0.01684021800709523,0.8014887508473238,-0.28102064816518535,False,True,False,all
2026-08-28,ADI,361.7799987792969,62,5,False,-0.05764028640627705,0.04794360140026366,0.6189197512107956,-0.1886703688903164,False,True,False,all
2026-08-28,AGRO,10.739999771118164,62,4,False,0.07766404473020816,0.03164576342313552,0.5587808387863367,-0.32410323857347856,False,False,False,all
2026-08-28,ASAN,10.1899995803833,62,3,False,0.2556992779124718,0.14659280538924047,0.8940519263245836,-0.35136858334564125,False,True,False,all
2026-08-28,AVDV,112.41999816894531,62,7,False,0.05505980499552443,0.09505242225276866,0.3329064326824138,-0.01273385916099179,False,True,False,all
2026-08-28,AX,97.8499984741211,62,6,False,-0.0005617893201105284,0.07398592336382936,0.30658297865664386,-0.0746169807929592,False,True,False,all
2026-08-28,BCI,25.440000534057617,62,7,False,0.06782629752866431,0.09732389591246582,0.30635715919269235,-0.020408116800539777,False,True,False,all
2026-08-28,BKNG,205.6300048828125,62,5,False,0.07138021613511425,0.10580431356010367,0.369588422264173,-0.09265722012247901,False,True,False,all
2026-08-28,EEM,67.13999938964844,62,7,False,0.018074838300664142,0.09290595171279126,0.36048635188623845,-0.06189744759068583,False,True,False,all
2026-08-28,EWN,68.51000213623047,62,7,False,0.0013242144624789898,0.08480688064036945,0.32719882901650044,-0.046485684186807985,False,False,False,all
2026-08-28,FLNG,31.479999542236328,62,7,False,0.02941752270572162,0.08750849129957605,0.3116666475931804,-0.057485086704410104,False,False,False,all
2026-08-28,GFI,45.959999084472656,62,4,False,0.24679211865036632,0.05478524048722311,0.4773384179613258,-0.25438028002007107,False,False,False,all
2026-08-28,GOOG,342.8800048828125,62,6,False,-0.014738109521230336,0.028094818018364887,0.6567452346329969,-0.1522733358518804,False,True,False,all
2026-08-28,IAT,62.209999084472656,62,6,False,-0.017551747266332907,0.0718137438629125,0.3132784565591171,-0.05970381437416594,False,True,False,all
2026-08-28,IJT,171.05999755859375,62,5,False,-0.019022020452956867,0.08978700286788843,0.2863588739247389,-0.047974151093948536,False,False,False,all
2026-08-28,LAR,6.869999885559082,62,3,False,-0.008285953196157991,-0.06556676185555588,1.3131312523164533,-0.4298755371936539,True,False,False,all
2026-08-28,LIT,76.06999969482422,62,5,False,0.03357382458483693,0.029888703847325893,0.6440457951640324,-0.1729724188024837,False,False,False,all
2026-08-28,MCK,893.3900146484375,62,6,False,0.0736368993788381,0.0614147254727071,0.3190851287552643,-0.10571570105261507,False,True,False,all
2026-08-28,MMI,32.5,62,7,False,0.04343917654487539,0.14057498995973505,0.33033154293962474,-0.03331347315488975,False,True,False,all
2026-08-28,MUR,35.630001068115234,62,5,False,0.0008483452148444481,0.011734500477726728,0.4656520711994194,-0.17789568660193655,False,True,False,all
2026-08-28,MUX,20.420000076293945,62,4,False,0.1049305255217341,-0.030071577916126024,0.8820275906320181,-0.31245792755080903,False,True,False,all
2026-08-28,OSW,25.260000228881836,62,6,False,-0.05425845124359674,0.08301392598914292,0.3252886115772462,-0.13635117179539435,False,True,False,all
2026-08-28,PFS,23.510000228881836,62,6,False,-0.01886319082729504,0.06950413119051091,0.3289994075251317,-0.07767750333524115,False,True,False,all
2026-08-28,SLYG,114.12999725341797,62,5,False,-0.019166368648052323,0.08918830479606554,0.2871320583086405,-0.047646856299738416,False,True,False,all
2026-08-28,STOK,31.6200008392334,62,5,False,0.013819003530475493,-0.0072002820078016505,0.6819150065123785,-0.2138239711699189,False,True,False,all
2026-08-28,SYBT,79.83999633789062,62,5,False,-0.008260400109085353,0.11806943466114239,0.29800030103301944,-0.10513343145568022,True,True,False,all
2026-08-28,UTHR,515.4600219726562,62,4,False,-0.02757043354424249,-0.01365618623075715,0.7057480982435957,-0.15408214880619098,False,True,False,all
2026-08-28,WCMI,19.774999618530273,62,6,False,0.016223581418514543,0.08740328196011471,0.2824253904467562,-0.022974316099125258,False,False,False,all
2026-08-28,DFAT,71.16999816894531,62,6,False,0.007140662552408861,0.08958658745987447,0.2912999365243807,-0.02252437089190462,False,True,False,all
2026-08-28,BATRK,50.54999923706055,62,6,False,-0.01831700514480361,0.10963182668476334,0.338718259641279,-0.07179581184618322,False,True,False,all
2026-08-28,AUPH,16.290000915527344,62,5,False,0.018500629424690995,0.05272347081098605,0.5754352683882977,-0.15376618620637172,False,True,False,all
2026-08-28,ZM,98.43000030517578,62,7,False,0.04006847935861879,0.09253741382198988,0.39222071504803724,-0.14214744520004752,False,False,False,all
2026-08-28,TFX,139.6699981689453,62,7,False,0.044756901374318314,0.14160260224061094,0.39419043465234727,-0.03675863331761853,False,False,False,all
2026-08-28,RES,6.400000095367432,62,5,False,0.07704219022632919,0.021621681278635396,0.5311005641622639,-0.21568624815634652,False,True,False,all
2026-08-28,RYTM,107.16999816894531,62,4,False,-0.020687390516809123,0.07774099120580691,0.43852346535497055,-0.12299508309859308,False,True,False,all
2026-08-28,HIMS,28.84000015258789,62,2,False,-0.10187658612423345,0.008204779341942414,1.0989811232173614,-0.5583393534030365,True,True,False,all
2026-08-28,PWB,155.24000549316406,62,6,False,-0.02159989473163526,0.08850982282485753,0.32265486802746834,-0.08147440661040273,False,False,False,all
2026-08-28,VTWO,119.58000183105469,62,5,False,-0.004770560334457441,0.09044255088431719,0.2920583240195096,-0.03072060331645199,False,True,False,all
2026-08-28,TS,53.970001220703125,62,4,False,-0.024960413339522036,0.030199744812664076,0.6038632622110551,-0.16455104496134576,False,False,False,all
2026-08-28,IWM,295.75,62,5,False,-0.005259094980611945,0.09009451374589883,0.2920489641155135,-0.030899773583124568,False,True,False,all
2026-08-28,ADUS,115.55000305175781,61,5,False,0.03412295417035249,0.09557690536149033,0.313814747711225,-0.0714400451240298,False,True,False,all
2026-08-28,AUB,40.65999984741211,61,6,False,-0.02962206937448275,0.06401491024517236,0.31713633761021387,-0.06785876104891408,False,True,False,all
2026-08-28,AVEM,94.72000122070312,61,7,False,0.020718265432365435,0.09304437618165573,0.3466023052617011,-0.06059704948323963,False,True,False,all
2026-08-28,AVIV,83.0,61,6,False,0.03409008337417463,0.08413784734815244,0.27829970136907267,-0.011104217882973,False,True,False,all
2026-08-28,BBT,31.389999389648438,61,7,False,0.014603283815369794,0.07260315128973138,0.3761508165099634,-0.043862392966549146,False,True,False,all
2026-08-28,BHRB,71.70999908447266,61,6,False,0.0035405656035021327,0.08282614137620303,0.24886801412780013,-0.04501261710293114,False,True,False,all
2026-08-28,EAGL,36.14500045776367,61,6,False,0.07092807564154158,0.11077820591319942,0.2365720500794195,-0.0037210122953542646,False,True,False,all
2026-08-28,ESTA,70.63999938964844,61,4,False,-0.16806814325906672,-0.03427081596460302,0.9337531275715008,-0.2761553228768643,False,True,False,all
2026-08-28,EWI,62.22999954223633,61,6,False,0.015167967174862351,0.09036464026990543,0.24335665316367971,-0.023996217370980677,False,True,False,all
2026-08-28,FCNCA,2194.070068359375,61,5,False,0.019364650410682804,0.07795345076584814,0.35122804796508644,-0.04451943487129273,False,True,False,all
2026-08-28,FEGE,53.279998779296875,61,6,False,0.04973222134194488,0.09040270978044518,0.2700833804600753,-0.0045773515104632345,False,False,False,all
2026-08-28,FELC,43.77000045776367,61,6,False,0.025279456096451547,0.10024220287635432,0.24718617852456504,-0.0133002737707405,False,True,False,all
2026-08-28,FOXF,20.559999465942383,61,5,False,0.07655812497807424,0.1584778909900002,0.5718654117634707,-0.3139806494162667,False,True,False,all
2026-08-28,HAFC,31.139999389648438,61,6,False,-0.026047158786921654,0.07239896463635098,0.3628008258109925,-0.07044777941347946,False,True,False,all
2026-08-28,HBNC,19.559999465942383,61,6,False,-0.02498357087619596,0.07728824881784946,0.30661316747087675,-0.07034227115896807,False,True,False,all
2026-08-28,HDV,29.440000534057617,61,6,False,0.03261290937004113,0.09622259537082667,0.2519135736530891,-0.022900718417790622,False,True,False,all
2026-08-28,HMY,20.229999542236328,61,5,False,0.1696210445133457,0.10842631336755226,0.6081080814725945,-0.22371450664552917,False,False,False,all
2026-08-28,HRI,150.60000610351562,61,4,False,-0.026039493562980742,0.06657643600918584,0.7026569960385802,-0.20042473467854793,False,True,False,all
2026-08-28,IDEQ,35.77000045776367,61,7,False,0.019640279037282493,0.07741452369477475,0.32619013406033015,-0.019059363551789166,False,False,False,all
2026-08-28,IYG,97.80999755859375,61,4,False,0.02987379092924969,0.08852241101250224,0.22461492669448346,-0.005995975184309166,False,True,False,all
2026-08-28,LW,54.97999954223633,61,4,False,0.1052100363822932,0.16385404706404683,0.4614567013088915,-0.1802594335410571,True,True,False,all
2026-08-28,PGNY,26.0,61,4,False,-0.10329986020872262,0.07940026694645641,0.6149067940349036,-0.21367001119431694,False,True,False,all
2026-08-28,QLTY,43.400001525878906,61,6,False,0.03279975878144881,0.09435775261207513,0.2631333874985762,-0.0068672250078759545,False,False,False,all
2026-08-28,SANA,3.930000066757202,61,3,False,0.10567185750274843,0.061846495044133976,0.505747212535008,-0.40000000727995644,False,True,False,all
2026-08-28,SCHA,34.2400016784668,61,5,False,-0.013080097724280426,0.08307137099033457,0.29402883080822284,-0.05414361997691586,False,True,False,all
2026-08-28,SVV,10.569999694824219,61,6,False,0.02845019001071769,0.13254648337993435,0.5307747101600149,-0.2390209191099507,False,False,False,all
2026-08-28,TMSL,42.84000015258789,61,5,False,-0.011630184583537151,0.08275534473500534,0.27956991452594115,-0.04310923130314814,False,True,False,all
2026-08-28,VOE,207.77999877929688,61,6,False,0.018023387542527303,0.08811232136839142,0.23121596078791273,-0.015587285880310664,False,False,False,all
2026-08-28,VYMI,105.08000183105469,61,6,False,0.02972868291180797,0.08618420703792373,0.26839278511344866,-0.008866202997311556,True,True,False,all
2026-08-28,ESGE,54.0099983215332,61,7,False,0.021332412987482785,0.09437951150699386,0.3478911587940339,-0.054281251193971536,False,True,False,all
2026-08-28,WGS,86.33499908447266,61,3,False,0.22368477272284704,0.004045068360204462,1.6803788121214764,-0.4947328287493561,False,True,False,all
2026-08-28,ROP,426.20001220703125,61,4,False,0.13567327452576583,0.13092097955262294,0.3929926268467918,-0.19914311309579036,False,True,False,all
2026-08-28,XSOE,47.650001525878906,61,7,False,0.01413837676088292,0.09226164052602903,0.3544627945574095,-0.07259633057016512,True,True,False,all
2026-08-28,DFIV,57.95000076293945,61,6,False,0.027988985208337258,0.08072625552494128,0.2910196587738205,-0.0088086784966106,True,True,False,all
2026-08-28,DFAE,39.790000915527344,61,7,False,0.023410634907897965,0.09336543183323065,0.3424427036062532,-0.05623676910038167,False,True,False,all
2026-08-28,HST,22.280000686645508,61,6,False,-0.06373176020013205,0.07011463445899335,0.427290273969682,-0.1334110665098649,False,True,False,all
2026-08-28,CWBC,25.81999969482422,61,6,False,-0.014586576409073682,0.06908251055830972,0.3046992673237172,-0.08342209354295793,True,True,False,all
2026-08-28,WTV,108.77999877929688,61,6,False,0.0311447693348883,0.09884946908203518,0.2378243306677621,-0.005530953468192212,False,False,False,all
2026-08-28,TPG,53.970001220703125,61,4,False,0.1795896491241573,0.09547835951096828,0.4606224656654023,-0.23316278307922067,False,True,False,all
2026-08-28,AMZZ,36.83340072631836,60,7,False,0.09057648769565407,0.14379951861916784,0.65841522938509,-0.14559498481023148,False,True,False,all
2026-08-28,AVGE,101.41000366210938,60,6,False,0.016561130248782474,0.08823758095850498,0.2621033676157596,-0.013617293354048488,False,True,False,all
2026-08-28,AVUS,130.52999877929688,60,6,False,0.01392288527200547,0.09110513861430714,0.24840995600348648,-0.01716737309848204,False,True,False,all
2026-08-28,BBY,82.44000244140625,60,4,False,-0.007698614059633346,0.15720452099539672,0.4961888334738518,-0.09674585873156105,False,False,False,all
2026-08-28,BLCR,49.400001525878906,60,6,False,-0.0011565218795763776,0.08250605800639876,0.31348047658053835,-0.03175223279791739,False,True,False,all
2026-08-28,DSI,147.3350067138672,60,6,False,0.03047975596370578,0.09939498478777642,0.258413088568876,-0.010709635670138828,False,False,False,all
2026-08-28,DYNF,69.58999633789062,60,6,False,0.02060864335985757,0.0944722982609405,0.23869697329779838,-0.013047876478039622,False,True,False,all
2026-08-28,FDL,53.15999984741211,60,6,False,0.03857334472060603,0.08692429228174503,0.262707880621174,-0.011160686251003304,False,True,False,all
2026-08-28,FSUN,40.06999969482422,60,7,False,0.04817634045097563,0.07808370589716684,0.3378964498861514,-0.05361361477522164,True,True,False,all
2026-08-28,IEMG,81.81999969482422,60,7,False,0.020942932569187,0.08872249795243681,0.3325732518156157,-0.05399466162897859,False,True,False,all
2026-08-28,IGV,109.5,60,4,False,0.14054896710041498,0.16883969689235423,0.48113079329087993,-0.0719552336425332,False,True,False,all
2026-08-28,IOO,144.85000610351562,60,6,False,0.03097410072690021,0.09447263323964439,0.2854988082287231,-0.012476047611418961,False,False,False,all
2026-08-28,JMEE,76.86000061035156,60,5,False,-0.0053729971859468595,0.08223569967889466,0.26539345548947413,-0.03840860356690656,False,False,False,all
2026-08-28,KIE,63.90999984741211,60,4,False,0.01004194189547336,0.08038204388807046,0.19569689308078164,-0.03938071516544306,True,True,False,all
2026-08-28,LSTR,180.02999877929688,60,5,False,-0.07795418976298385,0.05496444290718361,0.5087998595352501,-0.21198462098981752,True,True,False,all
2026-08-28,MHK,129.88999938964844,60,7,False,0.06201360936557343,0.1463298024734545,0.396816887553191,-0.09250335388449338,False,True,False,all
2026-08-28,MOAT,114.98999786376953,60,4,False,0.06190226420560041,0.10578842100539498,0.22238756497090062,-0.005104723636772168,False,True,False,all
2026-08-28,PI,170.05999755859375,60,3,False,0.12989769002077023,0.20204408028067888,0.9466574676104433,-0.31167632373999676,False,True,False,all
2026-08-28,QGRW,67.66999816894531,60,7,False,0.025503439639788406,0.10733741008002684,0.32842559861131226,-0.019275388855864994,True,True,False,all
2026-08-28,SIGI,92.45999908447266,60,5,False,-0.027023627164089015,0.07761734297983214,0.2704039658595596,-0.07908368845352709,False,True,False,all
2026-08-28,WABC,58.06999969482422,60,5,False,-0.02091700903330085,0.08375339803974913,0.29245491432001525,-0.08709323789293899,False,True,False,all
2026-08-28,WMB,73.7300033569336,60,7,False,0.003885971138731792,0.05649903073295737,0.31449461858366257,-0.07929568342815141,False,True,False,all
2026-08-28,XLF,58.099998474121094,60,4,False,0.029408087703488572,0.08882341392091408,0.21879590320543407,-0.005307333917151991,False,True,False,all
2026-08-28,DFEM,40.29999923706055,60,7,False,0.025411352474132842,0.09123227636828912,0.3217448192713652,-0.0533239481803347,False,True,False,all
2026-08-28,CTVA,83.9000015258789,60,7,False,0.01645717042627015,0.09212655442612694,0.3859750844529928,-0.07771792459001547,False,True,False,all
2026-08-28,DES,40.41999816894531,60,5,False,-0.006684402952844115,0.08127045484355166,0.2730708084707185,-0.03416966206247429,False,True,False,all
2026-08-28,OMFL,70.90499877929688,60,6,False,0.020632873604756075,0.09392469248086477,0.2413340354549136,-0.008460401885893254,False,True,False,all
2026-08-28,PKG,240.38999938964844,60,5,False,-0.008395166410847699,0.08120847256925035,0.25530025790939126,-0.0753519915718055,False,True,False,all
2026-08-28,FGD,35.630001068115234,60,6,False,0.04693737786160179,0.09444548481852766,0.2684229574428356,-0.007797236994893875,False,True,False,all
2026-08-28,DBEF,55.91999816894531,60,6,False,0.013991307201637548,0.0843891815680533,0.2429427891244078,-0.016185819513948263,False,True,False,all
2026-08-28,GILD,145.67999267578125,60,6,False,0.08638581645764365,0.08942223763868018,0.34316793200708307,-0.07381270968224485,False,True,False,all
2026-08-28,ONB,25.850000381469727,60,6,False,-0.016594239391182763,0.07806259040804253,0.3331614850524458,-0.055190065613906936,False,True,False,all
2026-08-28,SNPE,71.02999877929688,60,6,False,0.025813569668379888,0.09252297377270513,0.24341354537062365,-0.013746152595313199,False,True,False,all
2026-08-28,DLTR,128.25999450683594,60,5,False,0.019665046830108057,0.10124050434544318,0.5141069046516611,-0.09929775277888919,False,True,False,all
2026-08-28,FMDE,42.119998931884766,60,6,False,0.0213830645094224,0.0979042608100853,0.22691513793580098,-0.019781295431027912,False,True,False,all
2026-08-28,NULG,114.2699966430664,60,6,False,-0.0020518201406835024,0.10235030488837649,0.31088676199806997,-0.03748319181166504,False,False,False,all
2026-08-28,PM,191.88999938964844,60,7,False,0.02579317023306582,0.10521103005037902,0.35029201720846936,-0.07638619338077302,True,True,False,all
2026-08-28,FFSM,36.61000061035156,60,5,False,-0.017993162232320614,0.07005766268823965,0.29684736818991064,-0.04859664641711392,False,True,False,all
2026-08-28,SMLF,88.2699966430664,60,6,False,0.0027880510621411947,0.08820343239982975,0.26099995204380577,-0.027167068393714633,False,True,False,all
2026-08-28,AMCR,46.66999816894531,59,6,False,0.039916530460386346,0.09388876304979754,0.2874482253502155,-0.0838241180384488,False,True,False,all
2026-08-28,AMZN,266.42999267578125,59,7,False,0.05869363480372658,0.11626606051875732,0.3593366973254146,-0.072319006436106,False,True,False,all
2026-08-28,APD,308.0899963378906,59,7,False,0.03500450084508944,0.09502384866898095,0.3447252215841101,-0.0215326924903515,False,True,False,all
2026-08-28,AR,38.45000076293945,59,6,False,0.08359310094670858,0.06361498426789303,0.32130585082134955,-0.15956282485378248,False,True,False,all
2026-08-28,ATHM,22.829999923706055,59,4,False,0.07452485971194367,0.11018446680044969,0.46628133405135563,-0.23696524513732875,True,False,False,all
2026-08-28,AZZ,138.33999633789062,59,5,False,-0.06924863076502619,0.04840317230038216,0.4878467556817365,-0.14710234931733845,False,True,False,all
2026-08-28,BMRN,64.66500091552734,59,7,False,0.04954693787150721,0.12325445462718165,0.312728443339392,-0.08896875377210556,False,True,False,all
2026-08-28,EQWL,134.97000122070312,59,6,False,0.02717989832078027,0.09479593676016274,0.20951703244096054,-0.00808411879404547,False,False,False,all
2026-08-28,FEOE,56.279998779296875,59,7,False,0.027414117643014935,0.07789978035631484,0.3033811575158989,-0.02467766223784784,False,False,False,all
2026-08-28,FNCL,82.62999725341797,59,4,False,0.027386158330560573,0.08738417387071418,0.21945092456301274,-0.00637333315718569,False,True,False,all
2026-08-28,FOXA,68.41999816894531,59,5,False,0.15940159593004366,0.07907085463417518,0.4153909382079808,-0.10433304469672677,False,True,False,all
2026-08-28,IRM,117.4000015258789,59,6,False,-0.053799619219208394,0.07661778534313379,0.5095796141627547,-0.12830406956956797,False,True,False,all
2026-08-28,IVLU,44.22999954223633,59,6,False,0.02692812145542911,0.08020714120550032,0.2831447048418212,-0.008962615198427115,True,True,False,all
2026-08-28,IYF,137.33999633789062,59,4,False,0.02444676372680754,0.08246481415227147,0.20876600086178176,-0.010447417093340738,False,False,False,all
2026-08-28,NGVT,69.43000030517578,59,5,False,-0.05611897914100428,0.01928389337426939,0.5142857713368048,-0.12435364480391475,False,True,False,all
2026-08-28,OSK,153.9600067138672,59,7,False,0.03136157757682034,0.062259440108028086,0.3184894334156776,-0.14698874160265718,False,True,False,all
2026-08-28,RACE,420.5400085449219,59,5,False,0.07926576662350082,0.15218224075420395,0.34568492337354817,-0.16640564394637802,False,True,False,all
2026-08-28,RF,30.329999923706055,59,6,False,-0.015560190652252892,0.07054552472382447,0.33612329974999455,-0.06590702853539132,False,True,False,all
2026-08-28,RILY,7.050000190734863,59,3,False,-0.04271783946187935,-0.02292316686677698,0.9368131833942512,-0.3727757709701871,False,True,False,all
2026-08-28,SBCF,34.369998931884766,59,6,False,0.015163925856678473,0.06704994878230375,0.20258918907050516,-0.05238493250341847,False,True,False,all
2026-08-28,SPUS,58.790000915527344,59,6,False,0.022374345742474544,0.09789862325641163,0.2769330961437919,-0.014417444901128063,False,True,False,all
2026-08-28,TEO,13.0600004196167,59,6,False,-0.023901675045058357,0.05266130906064226,1.0311043185503674,-0.20073437590829601,False,True,False,all
2026-08-28,VFH,142.0,59,4,False,0.02749489817272721,0.08696609087704998,0.21710810172787776,-0.007062405046016962,False,False,False,all
2026-08-28,DFAS,82.08999633789062,59,6,False,0.002165678942448679,0.08304577959731807,0.26234042563176274,-0.02875059632855681,False,True,False,all
2026-08-28,BUD,80.12999725341797,59,6,False,-0.013830774009490066,0.07694878058623122,0.38657200179915874,-0.07471133180951006,False,False,False,all
2026-08-28,BKR,62.40999984741211,59,6,False,0.05116889373273503,0.07406135380766443,0.42099276979343303,-0.11362027266876007,False,True,False,all
2026-08-28,FAF,74.47000122070312,59,7,False,0.034035575821791175,0.11820344469026245,0.325088971703567,-0.06760988281185443,True,True,False,all
2026-08-28,PAAS,52.869998931884766,59,5,False,0.13241572998730144,0.01663690723726674,0.6287738885727603,-0.2446063645437967,False,False,False,all
2026-08-28,ESE,276.9599914550781,59,5,False,-0.13007209519393337,0.004365055797157957,0.42998761838403676,-0.23523402975883145,False,True,False,all
2026-08-28,KRE,74.30000305175781,59,5,False,-0.016274453852494375,0.06951491304750479,0.2910513299174944,-0.0516910721281123,False,True,False,all
2026-08-28,PPH,113.62000274658203,59,7,False,0.027170040372792803,0.07558897616189153,0.32254682694995807,-0.037118620791677714,False,True,False,all
2026-08-28,SFNC,22.690000534057617,59,6,False,-0.01815693453835987,0.08825464466456068,0.3347059137680952,-0.06702299264886491,False,True,False,all
2026-08-28,JKHY,169.72999572753906,59,5,False,0.12371376071044149,0.06157847142862183,0.4022636685701284,-0.1223434703799674,False,True,False,all
2026-08-28,FAST,49.779998779296875,59,6,False,0.028516625692234898,0.10236514360640925,0.27739279496996394,-0.059334835568665256,False,True,False,all
2026-08-28,CORO,36.970001220703125,59,6,False,0.018743582924367397,0.08661998647292957,0.2779122305812396,-0.01623205376875425,False,True,False,all
2026-08-28,CGDV,50.36000061035156,59,6,False,0.014193895539122314,0.09007633887691746,0.23250122021763375,-0.024692509976318333,False,True,False,all
2026-08-28,DFAC,45.61000061035156,59,6,False,0.017385457253513703,0.08916543285859091,0.24379609729507057,-0.015859328751581137,False,True,False,all
2026-08-28,TXRH,198.99000549316406,59,6,False,0.005675561317068478,0.11059054645821553,0.29357084524842425,-0.08002772683480586,False,True,False,all
2026-08-28,REX,41.349998474121094,59,5,False,-0.06933093990579886,0.019757612652074208,0.3774149847964874,-0.22507499997855307,False,True,False,all
2026-08-28,CB,339.9200134277344,59,5,False,-0.01965077867257292,0.045302421406043125,0.281266600332438,-0.07102836756104325,False,True,False,all
2026-08-28,ABM,47.20000076293945,58,4,False,0.010425375761030864,0.08785841084494894,0.2770563293322359,-0.05826014028678883,False,True,False,all
2026-08-28,AME,236.25,58,6,False,-0.022596332602267344,0.05003593547461471,0.3180651236311762,-0.09538215390109317,False,False,False,all
2026-08-28,BRC,93.25,58,7,False,0.00491844093265148,0.08796535431708041,0.32138302966209586,-0.06083191519623388,False,True,False,all
2026-08-28,DRD,28.770000457763672,58,3,False,0.24837283406870592,0.005186663720152529,0.634659081488109,-0.269240507028219,False,False,False,all
2026-08-28,EMR,155.17999267578125,58,6,False,0.04145967787212301,0.09146711439730226,0.2653293660149789,-0.06714765865883732,False,True,False,all
2026-08-28,ENR,22.270000457763672,58,3,False,0.03768663584807719,0.1114355328909642,0.4139682830326141,-0.2647738598664894,False,True,False,all
2026-08-28,FNDA,37.33000183105469,58,5,False,-0.00761893304319694,0.07667996430516144,0.27362683422875467,-0.03265090221692335,False,False,False,all
2026-08-28,FWD,128.64999389648438,58,6,False,-0.0365042853490406,0.06107109042249936,0.4215468938838052,-0.13986191198383535,True,True,False,all
2026-08-28,GD,379.32000732421875,58,6,False,0.008882930259691113,0.07139847952702305,0.2364964661106843,-0.05169998168945311,False,True,False,all
2026-08-28,GE,342.5799865722656,58,5,False,-0.04840478868970677,0.06843893341649054,0.2782357900432604,-0.11896926808276787,False,True,False,all
2026-08-28,IAI,195.13999938964844,58,4,False,0.03711702895671731,0.08804803077933188,0.2367854030890877,-0.010797408813712162,False,False,False,all
2026-08-28,IYT,86.38999938964844,58,5,False,-0.007004655044904773,0.0760107697813619,0.2685756435439244,-0.040750591477171416,True,True,False,all
2026-08-28,MDGL,533.760009765625,58,5,False,0.013754147667885075,0.03624108092242806,0.35606318342987175,-0.1320975450965447,False,True,False,all
2026-08-28,MPWR,1256.260009765625,58,4,False,-0.07183966354196147,0.0106108337815225,0.5684233563248662,-0.26709797337596786,False,True,False,all
2026-08-28,MTUM,299.7099914550781,58,6,False,-0.04368161538559301,0.07952950269243741,0.3063812825696701,-0.13275848655629097,False,True,False,all
2026-08-28,PCOR,63.720001220703125,58,4,False,0.26838785706868795,0.11039278684303655,0.6755194127271866,-0.22590051229044772,False,True,False,all
2026-08-28,SAIL,19.829999923706055,58,4,False,0.21518520858897672,0.23774079081508082,0.9252426753878793,-0.17375000317891443,False,True,False,all
2026-08-28,SLM,26.40999984741211,58,5,False,0.022985199169445414,0.07541548847977242,0.48621267119178047,-0.17520301468301025,False,True,False,all
2026-08-28,TCBK,53.810001373291016,58,6,False,-0.043775544708499425,0.05660735483449675,0.330613333348426,-0.12801811421788567,False,True,False,all
2026-08-28,DGRO,79.36000061035156,58,6,False,0.018713218738401594,0.08238821861864642,0.19888210554001584,-0.01514024811343384,False,True,False,all
2026-08-28,CWT,50.47999954223633,58,6,False,0.01418002977812427,0.0980023550833542,0.2225720131493878,-0.06205871741967128,True,True,False,all
2026-08-28,CGXU,35.0099983215332,58,6,False,0.01901813223545301,0.08981896526371669,0.2671926304048131,-0.034739512553845664,False,True,False,all
2026-08-28,DFAX,38.29999923706055,58,6,False,0.03257880030741367,0.08125075703513107,0.2703150819783513,-0.008465572620374284,False,True,False,all
2026-08-28,CNEQ,39.65999984741211,58,7,False,0.0011869816975003111,0.09354361020567548,0.3457753909563195,-0.059074770778786534,True,False,False,all
2026-08-28,DCOR,84.58000183105469,58,6,False,0.017591428690776567,0.08852280826125947,0.21980423178950836,-0.015137348206092804,False,True,False,all
2026-08-28,MSA,190.33999633789062,58,6,False,0.06251616511734936,0.09530012559599577,0.25961217370845313,-0.08893357263017865,True,True,False,all
2026-08-28,MSEX,58.4900016784668,58,7,False,0.03152239881816277,0.0955758665126556,0.3242020399174361,-0.05934381808618028,False,True,False,all
2026-08-28,QQQ,716.4299926757812,58,6,False,0.00613146069755488,0.09349609720322305,0.2894708858117423,-0.04303750843192522,False,True,False,all
2026-08-28,JCI,139.58999633789062,58,5,False,-0.03691450727674206,0.04018638574733524,0.3445385932210676,-0.11123138604523197,False,True,False,all
2026-08-28,GIII,33.459999084472656,58,6,False,-0.03253976466260311,0.07327006305874817,0.3596098437477717,-0.10868411645049036,False,True,False,all
2026-08-28,KBE,68.45999908447266,58,5,False,-0.011050931955589594,0.070476963616811,0.25292825492678217,-0.048108998506157685,False,True,False,all
2026-08-28,LGIH,57.5,58,6,False,-0.02382876312283333,0.1430809308291765,0.7138599495550335,-0.17266187050359716,False,True,False,all
2026-08-28,RLI,64.30999755859375,58,5,False,0.0459121022479374,0.08513615841031141,0.3607702040330376,-0.0606193628597369,False,True,False,all
2026-08-28,QQQM,295.0,58,6,False,0.006220828364768227,0.09359322861684016,0.2896174863387979,-0.0428603608621283,False,True,False,all
2026-08-28,SCHF,28.299999237060547,58,6,False,0.02057005096848874,0.08356463129043368,0.26508708875088116,-0.013593631569790432,False,True,False,all
2026-08-28,VRSN,291.92999267578125,58,7,False,0.06068729501049952,0.11956480206191356,0.3977304980497667,-0.06576426519469747,False,True,False,all
2026-08-28,VBR,246.80999755859375,58,6,False,0.0061384864276472495,0.078299588079763,0.24174886486075664,-0.02001194529592476,False,False,False,all
2026-08-28,SSB,105.9800033569336,58,6,False,0.016772262602295473,0.08135688033885957,0.2544980959477603,-0.055436664531977486,False,True,False,all
2026-08-28,LECO,284.8949890136719,58,7,False,0.06420487849842615,0.09350522006131179,0.3176162584647748,-0.08098390640751008,False,False,False,all
2026-08-28,AESI,12.850000381469727,57,3,False,-0.03531422408954643,-0.006444550957192874,0.6814969965873885,-0.3616492341184794,False,True,False,all
2026-08-28,AMLP,55.2400016784668,57,6,False,0.026163106349387233,0.07331644217450117,0.23745525165209558,-0.007545780993473028,True,True,False,all
2026-08-28,EL,103.38999938964844,57,4,False,0.19262118206496015,0.12427482697820724,0.561310744242699,-0.15003288467258147,False,False,False,all
2026-08-28,HFWA,28.670000076293945,57,6,False,-0.029983558825489198,0.06647918717311718,0.3447467395252384,-0.08255999755859378,False,True,False,all
2026-08-28,HFXI,38.15999984741211,57,6,False,0.011541536733936208,0.07806765729960152,0.2707292365924605,-0.01522581038936488,False,False,False,all
2026-08-28,IUSG,191.22999572753906,57,6,False,0.018513561192053718,0.09286179798897942,0.28869867588178666,-0.02254142136509696,False,False,False,all
2026-08-28,IVW,140.02000427246094,57,6,False,0.01985373891842257,0.09401269115922584,0.29492285054168854,-0.022616154953296497,False,True,False,all
2026-08-28,LLYVK,103.55000305175781,57,6,False,-0.0009898120113841502,0.1023689047315095,0.34594146146419336,-0.05649199952840267,False,True,False,all
2026-08-28,LVHI,42.86000061035156,57,6,False,0.01926036692630051,0.07293640516710709,0.2513868791343521,-0.01130329598655111,True,False,False,all
2026-08-28,MCB,91.79000091552734,57,6,False,-0.03184091700080627,0.05045419967947673,0.4195792718353353,-0.10047723435848133,True,True,False,all
2026-08-28,MLPA,56.83000183105469,57,6,False,0.028977247019180474,0.0750135838893553,0.2250485574211034,-0.0033321400418038216,True,True,False,all
2026-08-28,PFBC,103.52999877929688,57,5,False,-0.015125579529521538,0.07501423800004026,0.27030673348830514,-0.07776592901129209,False,True,False,all
2026-08-28,RPG,57.11000061035156,57,6,False,-0.03060444202792345,0.08206736332208031,0.315595503595842,-0.10849199520941655,True,True,False,all
2026-08-28,RSP,220.69000244140625,57,6,False,0.020579943896519293,0.08793899293753205,0.2118499901254831,-0.012307554466309822,False,True,False,all
2026-08-28,SVRA,5.260000228881836,57,3,False,-0.07495335550271387,-0.053130837937585995,0.6468378896238429,-0.24910775975031563,False,True,False,all
2026-08-28,TDAY,6.340000152587891,57,4,False,-0.19935340240684818,-0.06176235453659473,0.8538011728520718,-0.31161779301539705,False,False,False,all
2026-08-28,TDIV,115.76390075683594,57,6,False,0.023420681730804693,0.10452652748699376,0.28455278771311954,-0.09911361278726893,False,False,False,all
2026-08-28,TUR,40.869998931884766,57,5,False,0.03975330228140983,0.05237541606354923,0.28846153267973174,-0.0707139755052717,False,True,False,all
2026-08-28,VEA,73.05999755859375,57,6,False,0.022112636669108454,0.08169007119990224,0.26379511889007556,-0.013236133776547199,False,True,False,all
2026-08-28,VSGX,83.44999694824219,57,6,False,0.022819443761944003,0.08423227231980879,0.2541327893004106,-0.020079927669472752,False,True,False,all
2026-08-28,VXF,242.38999938964844,57,6,False,0.0007010142216812287,0.08274520210318914,0.23731499204502216,-0.03333998249392445,False,True,False,all
2026-08-28,BX,142.38999938964844,57,3,False,0.08972327281500836,0.08766765592053205,0.3996853896687067,-0.25093375699504994,False,True,False,all
2026-08-28,DBB,25.479999542236328,57,7,False,0.023794766854247307,0.054565904739740656,0.30465942889901654,-0.046050152916379705,False,True,False,all
2026-08-28,SPYG,121.25,57,6,False,0.020140301797377136,0.09409881446304857,0.29526759117008217,-0.02249275149092722,False,True,False,all
2026-08-28,TARS,71.76000213623047,57,4,False,0.11519314290777505,0.046624479982974476,0.4887967012524632,-0.15824044414978922,False,True,False,all
2026-08-28,IWO,378.9100036621094,57,5,False,-0.013713419631791623,0.07736294980295999,0.2645507446883488,-0.04482088953558416,False,False,False,all
2026-08-28,ESGV,136.5399932861328,57,6,False,0.023254361417046843,0.09288605813206474,0.2621556008592485,-0.011439341781862455,False,True,False,all
2026-08-28,CVBF,22.190000534057617,57,5,False,-0.01570259462481094,0.08083361956368074,0.23621167637342388,-0.05211445199942444,False,True,False,all
2026-08-28,VOOG,84.16999816894531,57,6,False,0.019869065745049985,0.0939822169059723,0.29512234090821843,-0.022869761256811283,True,True,False,all
2026-08-28,RLY,37.45000076293945,57,5,False,0.041116476573507255,0.07101596180688663,0.24501332639383078,-0.011612526624352304,False,False,False,all
2026-08-28,SPG,214.55999755859375,57,5,False,-0.038999881103486844,0.06695228590985125,0.24606536103398557,-0.10037736872707026,False,True,False,all
2026-08-28,NATL,46.2599983215332,57,7,False,0.007145334777700185,0.08538422554604153,0.3887720328533488,-0.04618560161787211,True,True,False,all
2026-08-28,TOUS,39.75,57,6,False,0.02176526401583101,0.08445252407806847,0.2204482767102014,-0.013157864830156907,False,True,False,all
2026-08-28,QSR,78.26000213623047,57,6,False,0.043466693026801284,0.07004299436036243,0.2760476080175691,-0.04514393593914956,False,True,False,all
2026-08-28,IWR,112.27999877929688,57,6,False,0.01135840429750079,0.08698755117755286,0.22522915241289176,-0.02339742900621844,False,True,False,all
2026-08-28,ODFL,198.6300048828125,57,5,False,-0.08736031087441942,0.017573310553375077,0.5763034800052771,-0.211879514959038,False,True,False,all
2026-08-28,QTOP,37.150001525878906,57,5,False,-0.00047187346541799347,0.08687452659718065,0.2939743194199853,-0.05746541512209258,True,True,False,all
2026-08-28,SCHV,34.61000061035156,57,6,False,0.001904815365239454,0.07789262910996042,0.2234004768573692,-0.02479574602694834,False,True,False,all
2026-08-28,DFAW,85.29000091552734,57,6,False,0.018953332573561577,0.08389891848172382,0.23125111996941672,-0.012389991746896367,False,True,False,all
2026-08-28,ADX,25.959999084472656,56,6,False,0.007138389907652476,0.07884813627182274,0.24151120391737124,-0.022590376262586198,True,True,False,all
2026-08-28,BANR,70.5,56,6,False,0.010578816748832542,0.08433762116492782,0.23575812344975677,-0.05799033338131443,False,True,False,all
2026-08-28,BNL,21.09000015258789,56,5,False,-0.017845491447413098,0.07464969191496462,0.22937914942816784,-0.0870129954843728,False,True,False,all
2026-08-28,EBAY,105.62000274658203,56,6,False,-0.036588099066473534,0.07593482380708028,0.35358201203260053,-0.11474306505863852,False,False,False,all
2026-08-28,EFV,81.75,56,6,False,0.027547060242914645,0.0743298240282868,0.23863636363636354,-0.01112856162238196,True,True,False,all
2026-08-28,ESLT,708.6799926757812,56,3,False,-0.0854104043356454,-0.04927611759119199,0.5644149948692743,-0.3025215101680908,False,True,False,all
2026-08-28,FOX,61.31999969482422,56,5,False,0.16030441168934773,0.0767888029955548,0.3911070133310164,-0.10055009974446705,False,True,False,all
2026-08-28,HEFA,47.279998779296875,56,6,False,0.010584612452691378,0.07118701482663448,0.2315707093250321,-0.015000025431315067,False,False,False,all
2026-08-28,HOOD,104.26000213623047,56,3,False,0.028550025812486224,0.09275788158323195,0.6415020568074283,-0.3223709754150622,False,True,False,all
2026-08-28,IAK,145.0800018310547,56,6,False,0.0006883832481510144,0.06769345937941607,0.16417909351260884,-0.04790656790811798,True,True,False,all
2026-08-28,INTF,42.9900016784668,56,6,False,0.026383757090981064,0.07137107267644116,0.23569992949553664,-0.00967514790190327,False,False,False,all
2026-08-28,IXJ,104.7699966430664,56,4,False,0.03863682052050832,0.07614738333525262,0.22738983006006452,-0.02711491997531157,False,False,False,all
2026-08-28,LYB,63.66999816894531,56,5,False,0.06282464676050536,0.06169748590455448,0.5312649197959476,-0.2414820548356581,False,True,False,all
2026-08-28,MHO,151.39999389648438,56,6,False,0.00027084328023385673,0.10417532766482696,0.296454833696445,-0.07491145968038027,False,True,False,all
2026-08-28,NVDU,134.3699951171875,56,7,False,0.05697697758646547,0.10008542697503398,0.562078590571746,-0.22280065017321804,False,False,False,all
2026-08-28,RDVI,29.239999771118164,56,5,False,-1.3689148692708208e-05,0.0664711619696261,0.18046020309835953,-0.028087064619211177,False,False,False,all
2026-08-28,TRMK,46.27000045776367,56,5,False,-0.010466337076401544,0.06549809358580583,0.2736030312614057,-0.05571427637216997,False,True,False,all
2026-08-28,VEU,85.43000030517578,56,6,False,0.020625160007590404,0.07700735395046143,0.2482465993234766,-0.010654292822263711,False,True,False,all
2026-08-28,VFMO,227.1199951171875,56,6,False,-0.028202350302127366,0.059694779580092616,0.3007049105347537,-0.09224621148108625,False,True,False,all
2026-08-28,DFUS,83.93000030517578,56,6,False,0.01774783239597766,0.08436762537747544,0.22364783184586634,-0.01571474599089928,False,True,False,all
2026-08-28,CUBI,78.58000183105469,56,6,False,-0.005935528221313491,0.05284456096296286,0.3242332596729478,-0.06873661544387333,False,True,False,all
2026-08-28,DIA,535.0599975585938,56,6,False,0.014471751511989872,0.07616892427699651,0.18859959393507197,-0.021380891525205725,False,True,False,all
2026-08-28,RDWR,28.600000381469727,56,6,False,-0.010134000311750269,0.0862031444508844,0.3191881909079999,-0.1277828733476335,True,False,False,all
2026-08-28,IQLT,51.66999816894531,56,6,False,0.027399945190691888,0.07523745377160274,0.21662342085729458,-0.013178044945817646,False,True,False,all
2026-08-28,TBBK,65.69999694824219,56,3,False,-0.009659265069452028,0.06461495077576185,0.30876485955645094,-0.19534604139084277,False,True,False,all
2026-08-28,ESGU,168.72000122070312,56,6,False,0.02065632689196617,0.0887753342446278,0.23315299070911322,-0.012467104516940775,False,False,False,all
2026-08-28,CR,207.0,56,5,False,-0.04548120959435764,0.061932736324863846,0.297155017075061,-0.10195227765726678,False,True,False,all
2026-08-28,LOB,40.130001068115234,56,6,False,-0.036924655911944715,0.07126318900590078,0.36682562104465544,-0.09880974246123964,False,True,False,all
2026-08-28,DFAU,53.15999984741211,56,6,False,0.018061200496946483,0.08464118474897608,0.217172313132018,-0.014643204900008588,False,True,False,all
2026-08-28,CWI,41.41999816894531,56,6,False,0.01988048789734531,0.07544047115503116,0.2479662513638492,-0.011691760445020738,False,True,False,all
2026-08-28,VB,300.75,56,6,False,0.0013871262479330237,0.07605095005559992,0.24704566191238042,-0.02830283186078042,False,False,False,all
2026-08-28,DLN,100.61000061035156,56,6,False,0.018779736276134606,0.07918859241074361,0.1891029415504164,-0.01198076400634085,False,True,False,all
2026-08-28,THRO,43.849998474121094,56,6,False,0.017113453196643924,0.0896981539884496,0.2548289843200604,-0.016375130707712793,False,True,False,all
2026-08-28,SCHM,35.58000183105469,56,5,False,-0.004627122089557512,0.0747637988287222,0.2594690913647677,-0.036294593833911426,False,False,False,all
2026-08-28,LRGF,78.4800033569336,56,6,False,0.023579682267335977,0.09129634136256914,0.2283613101685058,-0.012146722154918632,False,False,False,all
2026-08-28,CMCO,18.0,56,4,False,0.09161036878182283,0.07465252409613199,0.5012510711934197,-0.2622950704339304,False,True,False,all
2026-08-28,XMHQ,118.02999877929688,56,6,False,0.024660244382562757,0.08886173492377192,0.2106882897282396,-0.01633468721866249,False,True,False,all
2026-08-28,SPDW,51.83000183105469,56,6,False,0.02354775212506821,0.07938918367808112,0.2613775039811086,-0.011443800698621498,False,True,False,all
2026-08-28,ONEQ,104.05999755859375,56,6,False,0.017765391206704395,0.08706834163903032,0.2775936336095777,-0.02811246983104243,True,True,False,all
2026-08-28,ACWI,161.08999633789062,55,6,False,0.020674515997052723,0.08067202022689313,0.2248326574273185,-0.010503726546758907,False,True,False,all
2026-08-28,ACWX,77.61000061035156,55,6,False,0.021168093456358505,0.07522711480609678,0.25399905276671264,-0.010707410714685173,False,True,False,all
2026-08-28,BCPC,178.44000244140625,55,6,False,0.046292787236892785,0.07273259419850975,0.2821729164987783,-0.029690003459986514,False,True,False,all
2026-08-28,BP,42.150001525878906,55,4,False,0.017909441808301674,0.038140300928333204,0.2882029325600721,-0.1267868007840558,False,False,False,all
2026-08-28,EWJ,95.87000274658203,55,6,False,0.019924025167810777,0.08135181552537096,0.23895071270950896,-0.02955762872643486,False,True,False,all
2026-08-28,GSUS,106.31999969482422,55,6,False,0.02073301028951202,0.08465457145342503,0.22658051823375125,-0.01253829754880098,False,True,False,all
2026-08-28,ITOT,168.47000122070312,55,6,False,0.018437922988170374,0.08458152945754338,0.22319034666910698,-0.014968120077561764,False,True,False,all
2026-08-28,IVV,773.0,55,6,False,0.02063182091592286,0.08412509338146346,0.22283035733768775,-0.012884887445171134,False,True,False,all
2026-08-28,IWB,421.1499938964844,55,6,False,0.02017678846789872,0.08379693030197344,0.21998205243514302,-0.013515458047802964,False,True,False,all
2026-08-28,LLYVA,99.88999938964844,55,6,False,-0.00037827757259722983,0.0952400478597506,0.34296858131516283,-0.05813022391954559,False,True,False,all
2026-08-28,MCHB,15.890000343322754,55,5,False,-0.020526396100127076,0.05222731168702621,0.26916931009130596,-0.08573066106972849,False,True,False,all
2026-08-28,MTUS,19.56999969482422,55,6,False,-0.020902763479438202,0.04996591479157941,0.37914025888192393,-0.13330381926714396,False,True,False,all
2026-08-28,PBUS,77.19000244140625,55,6,False,0.020726632970492265,0.08444772662425071,0.22465498867755707,-0.01316797191540131,False,True,False,all
2026-08-28,PCRX,25.760000228881836,55,5,False,0.025257314959140853,0.0840313751081756,0.3702128337378332,-0.0686912374913855,False,True,False,all
2026-08-28,TCAF,42.81999969482422,55,6,False,0.026665485631566677,0.09303398164928778,0.2436828148499084,-0.007302622904049927,False,True,False,all
2026-08-28,VT,161.00999450683594,55,6,False,0.02091279722359185,0.08122987245497759,0.22079001631622597,-0.010448110975871283,False,True,False,all
2026-08-28,VXUS,87.5199966430664,55,6,False,0.022690323427144055,0.07695247521748083,0.24388851455169291,-0.012412616445761193,False,True,False,all
2026-08-28,CGNG,36.81999969482422,55,6,False,0.012661288199391274,0.07442916320692139,0.26878012108968896,-0.03738562889348451,True,True,False,all
2026-08-28,CGGO,40.41999816894531,55,5,False,-0.002871538295672438,0.08017242456697127,0.26549772990283693,-0.057369469167274256,True,True,False,all
2026-08-28,COWG,40.02000045776367,55,6,False,0.031077648358792453,0.09588412078449426,0.22595267807655772,-0.01379993464816609,False,True,False,all
2026-08-28,VTHR,339.67999267578125,55,6,False,0.018631510149080155,0.0834931982480589,0.21989577225525392,-0.014163004752119068,False,True,False,all
2026-08-28,VTI,379.3599853515625,55,6,False,0.018190290887400318,0.08353058866614949,0.22216492529338017,-0.014956402780053724,False,True,False,all
2026-08-28,VOO,707.239990234375,55,6,False,0.02025446300199918,0.08350720880439866,0.22262552876611097,-0.01277240640847399,False,True,False,all
2026-08-28,CDW,147.69000244140625,55,4,False,0.0731538086093304,0.12232159458282754,0.52069602826081,-0.13908481600640277,False,True,False,all
2026-08-28,EEMV,75.70999908447266,55,6,False,0.02853989859020034,0.09383170857011303,0.21174775350779051,-0.02170823515215703,False,True,False,all
2026-08-28,INDV,34.869998931884766,55,5,False,-0.11282200013455346,-0.018023122166016092,0.5693069311180161,-0.1854707354987376,False,True,False,all
2026-08-28,IWV,437.510009765625,55,6,False,0.01864914192916367,0.08392902455712425,0.2202204006718549,-0.014417322979177194,False,True,False,all
2026-08-28,SPY,769.3499755859375,55,6,False,0.02041868554127446,0.08382621624778608,0.22258762358241269,-0.012856563113830655,False,True,False,all
2026-08-28,SCHK,37.09000015258789,55,6,False,0.019448962713628504,0.08459806928513203,0.22409244509888815,-0.014088218882102987,False,False,False,all
2026-08-28,SCHB,29.700000762939453,55,6,False,0.01822523005128751,0.08400691107997527,0.22322899188693412,-0.01492533536598284,False,True,False,all
2026-08-28,PRI,290.3900146484375,55,5,False,-0.04654174292353752,0.06237172448268491,0.26207144713060626,-0.11271689155601694,False,True,False,all
2026-08-28,SPYM,90.56999969482422,55,6,False,0.02061283734354702,0.08425513447968758,0.22292739239112613,-0.012753413954540438,False,True,False,all
2026-08-28,QUAL,223.6199951171875,55,6,False,0.015392973243612662,0.07959852269527845,0.20296947577288615,-0.016276667639527398,False,True,False,all
2026-08-28,FEZ,71.36000061035156,55,6,False,0.026363867873972824,0.07374472310759139,0.21443163119017594,-0.013819789822623996,False,True,False,all
2026-08-28,VV,354.5,55,6,False,0.020847756393494343,0.08447195337632185,0.22617694981694303,-0.013139583555101586,False,True,False,all
2026-08-28,SSNC,83.41999816894531,55,4,False,0.13507716115045043,0.10679318241932245,0.3586318582383976,-0.07578111904940421,True,True,False,all
2026-08-28,MGC,282.1499938964844,55,6,False,0.022147044250131476,0.08543650864202479,0.23549502968505043,-0.011906825571113222,False,True,False,all
2026-08-28,SPGM,87.7300033569336,55,6,False,0.01904986695254096,0.08033693627377869,0.23302883310584543,-0.012494293411892121,False,True,False,all
2026-08-28,CTS,56.56999969482422,55,5,False,-0.08680591218279654,0.041862343170553595,0.5700805332063956,-0.18662836502356606,False,True,False,all
2026-08-28,AVDE,93.81999969482422,54,6,False,0.02749552601709815,0.06953273425166917,0.2397589274327414,-0.010546298283257483,False,False,False,all
2026-08-28,BBUS,138.8000030517578,54,6,False,0.020851728287597515,0.08371649481305576,0.22366219411377708,-0.013503865939551551,False,True,False,all
2026-08-28,BKLC,49.13999938964844,54,6,False,0.01971785438304896,0.08382134832293509,0.22198274962520226,-0.014044959084999253,False,False,False,all
2026-08-28,BLK,1164.47998046875,54,4,False,0.0775016762862224,0.1009321904848135,0.26934015181645776,-0.04546122235621708,False,True,False,all
2026-08-28,DVY,163.8000030517578,54,6,False,0.01643296882704459,0.07318775107738462,0.1942257121491151,-0.01951391448867068,False,True,False,all
2026-08-28,FBCG,61.810001373291016,54,6,False,0.009062153686669516,0.08424237315354222,0.29852948224138154,-0.039023605930383454,True,True,False,all
2026-08-28,FDT,96.22779846191406,54,7,False,0.03241670771279348,0.07090062493187665,0.3376118320303054,-0.050258598975995494,False,True,False,all
2026-08-28,HLIO,73.08000183105469,54,5,False,-0.10060031714932038,0.038162585029217544,0.5545629534213357,-0.2311415098928481,False,True,False,all
2026-08-28,IDMO,62.56999969482422,54,6,False,0.025707430521451302,0.0732878705503699,0.20535542051140165,-0.02050722215696521,False,True,False,all
2026-08-28,JOE,67.31999969482422,54,6,False,0.04371121818919965,0.03993041694170896,0.45180076009305004,-0.08457983605205288,False,True,False,all
2026-08-28,LMT,563.8499755859375,54,4,False,0.023105430188409937,0.016101702161552378,0.28953682238064604,-0.18518789655211343,False,True,False,all
2026-08-28,MPLX,59.25,54,6,False,0.022486066737075205,0.05322847868700786,0.2395397687383638,-0.027891726688429097,False,True,False,all
2026-08-28,NOG,25.729999542236328,54,6,False,0.19110441733051342,0.08050449441140195,0.4976716580432601,-0.1745268052852832,False,True,False,all
2026-08-28,NVTS,11.489999771118164,54,3,False,-0.17254194873410778,-0.1047166183427336,1.1121322886509164,-0.6637401115941349,False,True,False,all
2026-08-28,NX,19.420000076293945,54,6,False,0.030140361830180984,0.08254549291160718,0.7590579840033227,-0.1549172992540424,False,True,False,all
2026-08-28,POET,7.5,54,3,False,-0.12290959867291273,-0.07008462021017425,0.9379845534327471,-0.6395963386604363,False,True,False,all
2026-08-28,PSLV,21.84000015258789,54,4,False,0.0976198178307599,-0.06353510560735254,0.6621004248060118,-0.42722267136649095,False,True,False,all
2026-08-28,SCHX,30.34000015258789,54,6,False,0.02029836545447572,0.08394307239896381,0.22289402683126802,-0.013974660343798795,False,True,False,all
2026-08-28,SECT,72.05000305175781,54,6,False,0.00919697398788899,0.07969478019027387,0.23394423368552153,-0.0221093905161861,False,False,False,all
2026-08-28,SLV,60.02000045776367,54,4,False,0.0790733226324456,-0.0765919376262243,0.7036616871313681,-0.45351907987683493,False,False,False,all
2026-08-28,SPTM,93.25,54,6,False,0.01827767361327237,0.08247659261796136,0.21831720518156894,-0.014478997112812086,False,False,False,all
2026-08-28,TMFC,79.66000366210938,54,6,False,0.026663925250452136,0.08717404425348274,0.24937273775313717,-0.013742639929307465,False,True,False,all
2026-08-28,TSPA,48.41999816894531,54,6,False,0.01644530065686034,0.08213881252635713,0.22489247822351088,-0.015253203740684396,False,True,False,all
2026-08-28,VERA,34.189998626708984,54,2,False,-0.056127202758335715,-0.13009077624965792,0.6127357262400599,-0.3900089368047238,False,True,False,all
2026-08-28,DEM,55.31999969482422,54,6,False,0.02200675815836961,0.08039700050393939,0.25073480143262894,-0.02140454821512927,False,True,False,all
2026-08-28,CGUS,45.34000015258789,54,6,False,0.012982898061728587,0.0799590151248275,0.2189810599433093,-0.0311137968439813,False,False,False,all
2026-08-28,DFAI,43.16999816894531,54,6,False,0.024777885040638603,0.06885599489489702,0.22921410825420363,-0.009635282912877963,False,False,False,all
2026-08-28,FSMD,51.29999923706055,54,5,False,-0.007596834389649643,0.07161599569466226,0.22557210431881525,-0.04076290807471128,False,True,False,all
2026-08-28,IWL,190.6199951171875,54,6,False,0.021886203671950044,0.08210471396906027,0.2267987458293168,-0.011819589691228205,False,False,False,all
2026-08-28,KDP,32.18000030517578,54,6,False,0.03198579476256169,0.10968962054410514,0.2934084160228023,-0.048491998948758774,False,True,False,all
2026-08-28,URTH,209.42999267578125,54,6,False,0.021679494820205925,0.07978845811729873,0.2093895876320362,-0.011843020367610535,False,True,False,all
2026-08-28,DFIC,39.2400016784668,54,6,False,0.0284582483002771,0.07026685295617896,0.2362949578271032,-0.009841013856601077,False,False,False,all
2026-08-28,DFIS,37.619998931884766,54,6,False,0.040681138488665836,0.07642207685837721,0.24281461390714854,-0.011041061344221448,False,True,False,all
2026-08-28,CTAS,204.17999267578125,54,4,False,0.05128526776121389,0.09490955538032075,0.26693961303121005,-0.06839442267827711,True,True,False,all
2026-08-28,SCHG,35.779998779296875,54,6,False,0.035882369370894285,0.09245066431354232,0.27968526290714313,-0.009138793283766544,False,True,False,all
2026-08-28,SIVR,63.130001068115234,54,4,False,0.07978765324266379,-0.07537527905345065,0.7076007298794074,-0.452281798559232,False,False,False,all
2026-08-28,SPGP,126.8499984741211,54,6,False,0.01594597038295431,0.08243022917231824,0.22135564922650453,-0.021521142615418154,True,True,False,all
2026-08-28,SNA,391.8599853515625,54,5,False,-0.028852430921043504,0.04399489436807236,0.2276314861084794,-0.0736608303895121,False,True,False,all
2026-08-28,SF,81.29000091552734,54,4,False,0.03048743597955328,0.033271944325106384,0.1987907954912651,-0.0950348830760196,False,True,False,all
2026-08-28,VONE,348.3599853515625,54,6,False,0.020398558341296003,0.08357161895655807,0.21991871526081974,-0.0138149841969325,False,True,False,all
2026-08-28,BLX,54.540000915527344,53,6,False,-0.05928211283378282,0.05129751266789784,0.41994275272568116,-0.13702531238718496,False,True,False,all
2026-08-28,FDN,294.4100036621094,53,5,False,0.06724426170384934,0.1172007920442979,0.3115783938212746,-0.010689775118987166,False,True,False,all
2026-08-28,FENI,41.43000030517578,53,6,False,0.01892751031399653,0.06579544448561592,0.2282834529332738,-0.015563711382817647,False,True,False,all
2026-08-28,FLJP,40.84000015258789,53,6,False,0.018418303857423268,0.07686507054661984,0.22202281239313248,-0.028197533141344322,False,True,False,all
2026-08-28,FNDE,42.0,53,6,False,0.029881279189886145,0.06927910555676431,0.23275610144430026,-0.010134346030709951,False,False,False,all
2026-08-28,FWONA,93.41999816894531,53,4,False,0.027401765310696158,0.10444263816497701,0.2675712623780979,-0.06129419895379473,False,True,False,all
2026-08-28,FWONK,101.80000305175781,53,4,False,0.028535317016455952,0.10379976562852411,0.2701185416557794,-0.06915497912822044,False,True,False,all
2026-08-28,GENI,8.020000457763672,53,3,False,0.14758327143625039,0.13022223572717828,1.0967321196820112,-0.41587758738866043,False,True,False,all
2026-08-28,GRNY,27.809999465942383,53,6,False,0.009422716574950973,0.07013602851558409,0.21920210947244878,-0.017314480011592415,False,False,False,all
2026-08-28,GSIE,47.970001220703125,53,6,False,0.025006593029169855,0.0692162280142492,0.20075094629794377,-0.010621829084570211,False,True,False,all
2026-08-28,HQY,96.37000274658203,53,4,False,-0.016176854578249023,0.07726654642335795,0.3244914776960277,-0.10453447047841946,False,False,False,all
2026-08-28,ICOW,45.189998626708984,53,6,False,0.03922322951075152,0.06724855691609943,0.28173124956247886,-0.01931430488238184,False,True,False,all
2026-08-28,IHS,8.359999656677246,53,7,False,0.01350528443050436,0.04888739745189241,0.464098003647345,-0.06592180616329357,False,True,False,all
2026-08-28,IVE,237.2899932861328,53,6,False,0.02077159239392201,0.07236216138355456,0.17925649461589654,-0.011003207061385911,False,True,False,all
2026-08-28,IXUS,97.70999908447266,53,6,False,0.022404796362100576,0.07267006924117081,0.2417079178162307,-0.010832149301954419,False,False,False,all
2026-08-28,MLI,62.79999923706055,53,6,False,-0.009712088013053455,0.019496643583318374,0.33305027432458556,-0.11698542165651615,False,True,False,all
2026-08-28,PDBA,38.94129943847656,53,6,False,0.054134053823374106,0.08795954197333722,0.15587120884013372,-0.0012490956115329688,False,True,False,all
2026-08-28,RRC,41.459999084472656,53,5,False,0.0762680878859674,0.05855632159060442,0.26866581081109464,-0.14179263287302446,False,True,False,all
2026-08-28,TEM,64.04000091552734,53,3,False,0.1763193336590163,0.13234005011797834,0.5707628206153836,-0.3861196213298622,False,False,False,all
2026-08-28,TMQ,3.619999885559082,53,2,False,0.05594769082204243,-0.12684824342779366,1.320512832269161,-0.6793622765464623,False,True,False,all
2026-08-28,TRU,85.66999816894531,53,5,False,0.09971499919000237,0.11919188704773642,0.3519015245846919,-0.1029788950035353,False,True,False,all
2026-08-28,VO,82.5,53,6,False,0.0119694560309489,0.07745813806666835,0.18803331192037942,-0.024707370000847773,False,True,False,all
2026-08-28,VRTS,168.52000427246094,53,4,False,0.05070862441594781,0.11202103589144996,0.38574133234661256,-0.17233925756447666,False,True,False,all
2026-08-28,VYM,164.25,53,6,False,0.012537587124087146,0.06897126149493027,0.19524088333977163,-0.02004654017132701,False,True,False,all
2026-08-28,VZ,50.099998474121094,53,6,False,0.0898221941227586,0.10148014887605394,0.3050273318740966,-0.030572790668045857,False,True,False,all
2026-08-28,ZBH,100.91000366210938,53,4,False,0.07473175287883072,0.10740188693159225,0.27540445094927235,-0.05585697740198692,False,True,False,all
2026-08-28,MMM,174.33999633789062,53,4,False,0.019256769930091844,0.08378843711525863,0.25118416046981396,-0.05711194108803341,True,True,False,all
2026-08-28,OMF,62.84000015258789,53,5,False,0.0178199482467849,0.049874907648234545,0.37265185295299896,-0.12637286409039283,False,True,False,all
2026-08-28,FFLC,60.029998779296875,53,6,False,0.013171034678429283,0.07539005306959567,0.21518212398939474,-0.018155064138575927,False,True,False,all
2026-08-28,DIVI,44.36000061035156,53,6,False,0.01963417732075956,0.06892082791889598,0.22707530668683673,-0.011806611416864787,False,False,False,all
2026-08-28,WFRD,93.79000091552734,53,5,False,0.080541171575647,0.02229952391700496,0.5570681491685625,-0.1711003124107221,False,True,False,all
2026-08-28,CGIC,36.939998626708984,53,6,False,0.0177491300433279,0.06452505111622009,0.25475536537355037,-0.010712413611256633,False,True,False,all
2026-08-28,CBSH,58.040000915527344,53,5,False,-0.00910650908745958,0.08314323628984188,0.2351563916228634,-0.047275071240663324,False,True,False,all
2026-08-28,OEF,380.9100036621094,53,6,False,0.024899935272376883,0.08382724966281119,0.24139619413452618,-0.01016060388672857,False,True,False,all
2026-08-28,RECS,45.34000015258789,53,6,False,0.02277444596229916,0.0789153864167329,0.199788278754933,-0.009611154181768278,False,True,False,all
2026-08-28,TBT,37.77000045776367,53,6,False,0.02279559114044427,0.0696913789759217,0.19185862484198468,-0.03942012332376943,False,True,False,all
2026-08-28,COLD,15.010000228881836,53,6,False,-0.0031214620960045014,0.13099500398939146,0.4861385803925702,-0.11078193275217196,False,True,False,all
2026-08-28,XT,82.66169738769531,53,6,False,0.013975096503133999,0.09157966760308534,0.26258890860621786,-0.018619326923120516,False,True,False,all
2026-08-28,VBK,351.8399963378906,53,5,False,-0.00549095336862071,0.07174383611361224,0.2553609381300097,-0.04141241241599125,False,True,False,all
2026-08-28,ARKK,84.58999633789062,52,4,False,0.07055076271805416,0.10198969473930153,0.3438715823021319,-0.08699411824334369,False,False,False,all
2026-08-28,BBAX,64.83999633789062,52,6,False,0.03335611350456413,0.0705976331357463,0.20430899246150913,-0.014589767011288002,False,True,False,all
2026-08-28,ETN,402.7799987792969,52,5,False,-0.03465631725122742,0.059919190420658186,0.29129257963632704,-0.15736401929017385,False,True,False,all
2026-08-28,GDE,68.44000244140625,52,6,False,0.06822035500897461,0.04571883285602141,0.3684442399620216,-0.13246288539854378,False,True,False,all
2026-08-28,GSLC,146.83999633789062,52,6,False,0.020850096786199313,0.07808456720212775,0.21235132932685152,-0.014066547521034534,False,True,False,all
2026-08-28,HAS,94.2300033569336,52,6,False,0.06721063544489803,0.05614685804060304,0.3558273864306991,-0.1191811516163469,True,True,False,all
2026-08-28,IHDG,53.540000915527344,52,6,False,0.012582974261673874,0.06119261743061277,0.21021697297057718,-0.01108235095835286,False,False,False,all
2026-08-28,IJK,113.69999694824219,52,5,False,-0.01014753130958257,0.06494823728689858,0.24534494137733875,-0.04765895360159955,False,True,False,all
2026-08-28,INR,15.380000114440918,52,6,False,0.15413478403509062,0.036803849048975046,0.3818508496226989,-0.2147050889252039,False,True,False,all
2026-08-28,IPAC,85.47000122070312,52,6,False,0.024306774100414597,0.07402168393430841,0.1961374155833755,-0.018263225160562557,False,False,False,all
2026-08-28,IUSV,114.88999938964844,52,6,False,0.019817600385133805,0.07203157615614009,0.1766693988921595,-0.011188596475100288,False,False,False,all
2026-08-28,KEY,21.90999984741211,52,6,False,-0.040533211405214487,0.027919428210116948,0.3302975568217943,-0.08973825819684467,False,True,False,all
2026-08-28,MDYG,108.45999908447266,52,5,False,-0.010459251553628923,0.06465579446434955,0.24537838609696316,-0.048011947740288274,False,True,False,all
2026-08-28,MOO,84.98999786376953,52,5,False,0.042226130194377376,0.06148199858961978,0.22605306171279915,-0.018137704934215848,False,False,False,all
2026-08-28,MRSH,192.63999938964844,52,4,False,0.05590184896784911,0.08344171622324503,0.23014043347041557,-0.07308859311734128,True,True,False,all
2026-08-28,NDAQ,99.30999755859375,52,4,False,0.08950361286795783,0.10180089773864909,0.29732192814476055,-0.024363919192727734,False,True,False,all
2026-08-28,PXH,29.510000228881836,52,6,False,0.031003478633232495,0.06385472522442304,0.2219461985514417,-0.019926946838501602,False,True,False,all
2026-08-28,RAAX,41.18000030517578,52,5,False,0.023874327046069732,0.04375125769708954,0.2674668568105494,-0.036725139060215684,False,True,False,all
2026-08-28,SDVY,43.63999938964844,52,6,False,0.001703165176035748,0.058917052859435826,0.19873646073203632,-0.0325656018145879,False,True,False,all
2026-08-28,VCYT,43.34000015258789,52,3,False,-0.1641450201155571,0.018023890921839092,0.5180385748076852,-0.28845837693054466,True,False,False,all
2026-08-28,WAFD,36.09000015258789,52,6,False,-0.03399874632320454,0.0555841598747151,0.37172181243505786,-0.0860977812450402,False,True,False,all
2026-08-28,XLB,53.18000030517578,52,6,False,0.028360162381377174,0.06689511188448427,0.26513620787963,-0.018638094613927514,False,True,False,all
2026-08-28,CGGE,35.38999938964844,52,6,False,0.010845360504379453,0.07216024755867756,0.2041510760327978,-0.019015434635560324,False,True,False,all
2026-08-28,DBA,29.190000534057617,52,6,False,0.05468921321035003,0.0872743658916828,0.14921263671052953,-0.00034247358289551943,False,False,False,all
2026-08-28,CNA,49.310001373291016,52,5,False,-0.028818321505426625,0.03803536174947797,0.18733452498613,-0.114880592646885,False,True,False,all
2026-08-28,VOOV,229.19000244140625,52,6,False,0.021007308805158775,0.07206165016345834,0.1785365403546204,-0.010662182429668654,False,True,False,all
2026-08-28,JIRE,84.94999694824219,52,6,False,0.018431232262107633,0.07039328142503831,0.19867353825295586,-0.013012696067772667,False,True,False,all
2026-08-28,SPYV,63.54999923706055,52,6,False,0.020798253432476654,0.07188365955839338,0.17816093539151612,-0.01104890873898079,False,True,False,all
2026-08-28,VALE,15.029999732971191,52,5,False,0.024330385114578634,-0.004411606951874036,0.491071413366162,-0.16220739768441084,False,False,False,all
2026-08-28,BXP,69.31999969482422,52,4,False,0.014265854848034332,0.08897311970866473,0.39420752198131015,-0.12618179635931803,False,True,False,all
2026-08-28,IBCP,36.86000061035156,52,5,False,-0.0015169466612696691,0.06279609591642843,0.235668813430292,-0.06065242014047301,False,True,False,all
2026-08-28,DAN,30.350000381469727,52,5,False,0.07530312406172834,0.01390064486615894,0.7108230424490443,-0.232810937110822,False,True,False,all
2026-08-28,CMG,38.029998779296875,52,4,False,0.11009914868976955,0.09657687152116745,0.35627665968575273,-0.11186363731119608,False,True,False,all
2026-08-28,MFSI,33.65999984741211,52,6,False,0.02060122589496216,0.06960248785756162,0.19319393618623826,-0.009125739244957187,True,True,False,all
2026-08-28,PRGO,14.479999542236328,52,3,False,0.2629521892421751,0.18851698067693023,0.568797427992936,-0.3961634771204857,False,True,False,all
2026-08-28,JHMM,75.12000274658203,52,6,False,0.0029774573634226975,0.06513347151156812,0.21259082843339216,-0.030083851432779696,False,True,False,all
2026-08-28,STVN,21.030000686645508,52,4,False,0.05555335333020328,0.14464867870099085,0.6314972945318358,-0.24892854690551758,False,False,False,all
2026-08-28,XPO,188.55999755859375,52,5,False,-0.07477738955322377,0.0054002279054379265,0.5521895978597,-0.18741652627112348,False,True,False,all
2026-08-28,CGMM,32.810001373291016,52,6,False,0.0058493595820490185,0.062736650217182,0.2244822272763738,-0.030437316035830664,False,True,False,all
2026-08-28,AER,147.49000549316406,51,5,False,-0.013060561584311126,0.028871788610084437,0.24014130257044464,-0.07128009721965467,False,True,False,all
2026-08-28,AIPO,28.040000915527344,51,5,False,-0.07659271967332737,0.019117571104947828,0.43905568576840937,-0.1940212653741945,False,True,False,all
2026-08-28,APO,135.0399932861328,51,5,False,0.06703578065608529,0.05769251704209899,0.35636798511026613,-0.11905539043200519,False,True,False,all
2026-08-28,BBJP,77.38999938964844,51,6,False,0.019674074647965112,0.07081950105362855,0.20940767869507426,-0.02928816718924865,False,True,False,all
2026-08-28,BEKE,18.31999969482422,51,4,False,0.1179184125531445,0.0924236800275906,0.32657488328539075,-0.12678741208059008,False,False,False,all
2026-08-28,EHC,120.8499984741211,51,4,False,0.0687445391985384,0.1289839533113013,0.30268408803648894,-0.05578560441299585,False,True,False,all
2026-08-28,EIX,70.16999816894531,51,5,False,-0.054954613793468665,0.02373764461101424,0.3494230417104869,-0.1402842954218867,False,False,False,all
2026-08-28,EXPO,71.52999877929688,51,4,False,0.11341135650084522,0.0678406326643275,0.3779618375950138,-0.1271506840387847,False,True,False,all
2026-08-28,FIBK,37.040000915527344,51,5,False,-0.03162890046432221,0.03384851414876899,0.27285224845267164,-0.08768467222635323,False,True,False,all
2026-08-28,FTV,59.689998626708984,51,5,False,-0.021802563705827116,0.030641224180073534,0.28255258814991446,-0.075433691388616,False,True,False,all
2026-08-28,GRPN,19.530000686645508,51,5,False,-0.17774649988059055,0.12752332717361736,1.1297710495263766,-0.34682271117682706,False,True,False,all
2026-08-28,HMC,31.860000610351562,51,5,False,0.08235552055054152,0.12761200204430945,0.3703226068968415,-0.08684433454578533,False,True,False,all
2026-08-28,IDEV,92.88999938964844,51,6,False,0.024371416132279666,0.0661760182078075,0.20433038632750722,-0.01033455374382497,False,False,False,all
2026-08-28,IJH,75.76000213623047,51,5,False,-0.007212616440587127,0.06019655233922738,0.2176149252633257,-0.03747931625658141,False,False,False,all
2026-08-28,ITW,280.1000061035156,51,6,False,0.0017467248793909818,0.052123714900753404,0.17284983465918624,-0.07606543501792384,False,True,False,all
2026-08-28,IVOO,128.2100067138672,51,5,False,-0.00730136946759985,0.05975279892909757,0.21768454363228873,-0.037028636761166744,False,True,False,all
2026-08-28,KMLM,29.639999389648438,51,6,False,0.03410016561670837,0.06578908192486899,0.15017457753745833,-0.017567142370077615,False,True,False,all
2026-08-28,LTC,40.619998931884766,51,6,False,0.02009038782500361,0.07283495607130352,0.2074910722021055,-0.05534886204919154,False,True,False,all
2026-08-28,MCO,514.9500122070312,51,4,False,0.06372520563961714,0.08924826037157296,0.2800785864811255,-0.058385737987665776,False,True,False,all
2026-08-28,MORN,217.64999389648438,51,4,False,0.18302442331014768,0.15811468515428184,0.5382711530603475,-0.17963892842592055,False,True,False,all
2026-08-28,NVDX,19.040000915527344,51,6,False,0.05193374891354763,0.08338637208185706,0.5342466679802422,-0.22977340435275184,False,False,False,all
2026-08-28,SAH,79.68000030517578,51,5,False,-0.09141703915769916,0.09789116161022449,0.4725558936684344,-0.2990234750708003,True,True,False,all
2026-08-28,TROW,111.23999786376953,51,4,False,-0.025345935353325744,0.07543460410300051,0.30532734417217045,-0.0881967388215612,False,True,False,all
2026-08-28,VRTL,26.920900344848633,51,3,False,-0.28199006995106113,-0.24077540830778932,1.6018909848932652,-0.6312205432212517,True,True,False,all
2026-08-28,XIFR,11.720000267028809,51,6,False,-0.013667243609240431,0.09286053428128982,0.35100864661030085,-0.11547167796008995,True,True,False,all
2026-08-28,CBOE,310.45001220703125,51,6,False,0.11110955892675278,0.09210441892329646,0.36671811819862055,-0.16361329184516826,False,True,False,all
2026-08-28,EZU,70.83999633789062,51,6,False,0.017456426828083016,0.06389524007997283,0.20701990109865753,-0.018836574346762114,False,True,False,all
2026-08-28,BUFQ,39.689998626708984,51,6,False,0.01586111602945417,0.06672511243841206,0.1762787607332874,-0.03548002053539989,False,True,False,all
2026-08-28,DXYZ,34.7400016784668,51,5,False,0.2658228340746298,0.11953831308862606,0.7624677032401315,-0.5232605960057237,False,True,False,all
2026-08-28,UMH,16.479999542236328,51,4,False,0.04988211723903291,0.0643656807428965,0.1830580891023439,-0.01729283885577282,False,False,False,all
2026-08-28,SPHQ,85.70999908447266,51,5,False,-0.009435286374169682,0.06283115292251318,0.20042012959071287,-0.0514608399122366,True,False,False,all
2026-08-28,MTD,1398.5799560546875,51,5,False,0.04228999679208245,0.058964886487220536,0.3670690315649694,-0.08300063877675012,True,True,False,all
2026-08-28,NOBL,58.34000015258789,51,6,False,0.017865868003040797,0.0661564358931448,0.1641224822637326,-0.01618885492114286,False,True,False,all
2026-08-28,ESGD,106.66000366210938,51,6,False,0.02076561838811264,0.06412435259751836,0.19279809713920737,-0.01240737349898724,False,False,False,all
2026-08-28,TOWN,37.43000030517578,51,6,False,0.013500719333944255,0.0645287046698082,0.17298653977309075,-0.04099406928420912,True,True,False,all
2026-08-28,MGK,90.12000274658203,51,7,False,0.02482462014261766,0.08117631377080192,0.413868848030281,-0.024464110998361432,True,True,False,all
2026-08-28,SPYD,50.0099983215332,51,6,False,0.014899779105401745,0.07383843902537657,0.19441126337000414,-0.017485327655505145,True,True,False,all
2026-08-28,VGK,91.9800033569336,51,6,False,0.021904656482020668,0.061282828574516834,0.19439034937593225,-0.014042207586426492,False,True,False,all
2026-08-28,CNH,11.680000305175781,51,5,False,0.08544135924293372,0.09505820441932955,0.297777811686198,-0.12246431728421081,False,False,False,all
2026-08-28,AFG,143.6199951171875,50,4,False,0.010243087910326798,0.06567649319774693,0.16678852376386955,-0.04266103834825896,False,True,False,all
2026-08-28,AGIO,33.31999969482422,50,4,False,-0.06996997917551451,0.08337288002028309,0.49820144054565274,-0.27565218054729956,True,True,False,all
2026-08-28,ARHS,8.979999542236328,50,3,False,0.06982446409550991,0.051002233482098314,0.6122081266575334,-0.25846409605099285,False,True,False,all
2026-08-28,ARQT,23.780000686645508,50,2,False,-0.10774585699083705,-0.07168842567129452,0.5748344427744267,-0.251495110355456,False,False,False,all
2026-08-28,BBEU,80.2300033569336,50,6,False,0.018849330804133535,0.056729617872534055,0.19541095002021747,-0.013282428164899218,False,False,False,all
2026-08-28,BG,115.4800033569336,50,5,False,0.024107520096359414,0.0165775103374739,0.5192737812316097,-0.14376801707011322,False,True,False,all
2026-08-28,BLCO,17.149999618530273,50,4,False,0.03569053822580592,0.03938761801298485,0.2459134900675497,-0.09331225014893751,False,False,False,all
2026-08-28,DUHP,42.349998474121094,50,6,False,0.013429403490715641,0.07235954527977095,0.18660689559197774,-0.01282058350105253,False,True,False,all
2026-08-28,DUOL,146.97999572753906,50,3,False,0.11053600495800042,0.1124078032111202,0.6723176328164835,-0.5836260744262349,False,True,False,all
2026-08-28,EFA,107.72000122070312,50,6,False,0.021439623768923166,0.06350840562588966,0.1963571759818461,-0.010744771563076516,False,True,False,all
2026-08-28,EFSC,63.59000015258789,50,5,False,-0.02980907150279677,0.073538846504142,0.2424775258580274,-0.07478543508360203,False,True,False,all
2026-08-28,EXI,199.6699981689453,50,5,False,-0.00048356756107004184,0.05046044497827773,0.20500906364720062,-0.039077892966703276,False,True,False,all
2026-08-28,FDVV,63.220001220703125,50,6,False,0.012926772282054522,0.0704096791584925,0.17574857136857247,-0.020376576536530577,False,True,False,all
2026-08-28,FNB,18.40999984741211,50,5,False,-0.027818856325724783,0.039252814512510836,0.27316734431843903,-0.06023482878941688,False,True,False,all
2026-08-28,FTCS,101.30000305175781,50,6,False,0.03304523643926904,0.0645559423318105,0.12856506952855096,-0.01583597832104544,False,True,False,all
2026-08-28,GCOW,47.36000061035156,50,5,False,0.040191005703269056,0.05926601429852041,0.21373654676440457,-0.014503581324247783,False,True,False,all
2026-08-28,IDV,44.650001525878906,50,5,False,0.02999325055064772,0.054615662188811864,0.24442586947292866,-0.01846559950745208,True,True,False,all
2026-08-28,IEV,75.2699966430664,50,6,False,0.019534601539147767,0.057910988469232816,0.19952185885364782,-0.013757901676577422,False,False,False,all
2026-08-28,JTEK,100.86000061035156,50,6,False,-0.0043682958598670885,0.07642518042671842,0.34024323023639,-0.09801465850817703,True,True,False,all
2026-08-28,MDY,690.5499877929688,50,5,False,-0.007476240785344146,0.05864976164033431,0.21530765225784743,-0.037359711026794584,False,True,False,all
2026-08-28,MGM,42.279998779296875,50,6,False,-0.07127954356294619,0.07381729064847886,0.44844117868262523,-0.18046135580063571,False,True,False,all
2026-08-28,TREX,45.77000045776367,50,5,False,-0.019586838227993897,0.12112264876500345,0.5374538042987294,-0.30714498714344185,False,True,False,all
2026-08-28,USPH,78.62999725341797,50,4,False,0.05125940199897916,0.04313076690823703,0.35126308831578323,-0.15903746253028905,False,True,False,all
2026-08-28,VWO,60.790000915527344,50,6,False,0.022650054055298963,0.062134627853913216,0.19172716949229218,-0.011866052288759477,False,True,False,all
2026-08-28,DHR,216.07000732421875,50,4,False,0.08592190329878746,0.06400872537763047,0.34263354972945104,-0.11009059057483217,False,True,False,all
2026-08-28,DIHP,35.3650016784668,50,6,False,0.022103961215169665,0.05912031076951019,0.19881361621921356,-0.014215981088033569,False,True,False,all
2026-08-28,CRAI,174.99000549316406,50,4,False,0.05875522743166939,0.025758591503069805,0.323976756581962,-0.23010246529916034,True,True,False,all
2026-08-28,VIG,243.07000732421875,50,6,False,0.011803504898017847,0.06468021839686,0.1645188152138164,-0.017700503851449167,False,True,False,all
2026-08-28,IEFA,100.48999786376953,50,6,False,0.022942643035933408,0.06368562771101405,0.19389331174828883,-0.009365186856984398,False,True,False,all
2026-08-28,MAZE,27.440000534057617,50,1,False,-0.04139066467267061,-0.20155729633347486,0.9920146129909899,-0.48853681726697606,False,True,False,all
2026-08-28,BUFR,37.439998626708984,50,6,False,0.016101808038970544,0.061401649338165054,0.1518227163953112,-0.002825912358515148,False,False,False,all
2026-08-28,SGML,12.260000228881836,50,4,False,0.07566508115772175,-0.07852456783297346,1.656554894240303,-0.49918298782117354,False,True,False,all
2026-08-28,UCB,35.18000030517578,50,5,False,-0.009053159593211624,0.05451842937092222,0.2279232381707268,-0.053792361043138115,False,True,False,all
2026-08-28,SPMD,66.37999725341797,50,5,False,-0.007286126982679608,0.05924964152973189,0.21731154849429646,-0.03755261594090997,False,True,False,all
2026-08-28,HTGC,17.479999542236328,50,3,False,0.07078971091993513,0.0614009251557559,0.27591239310929216,-0.10907243656777976,False,False,False,all
2026-08-28,NTLA,12.869999885559082,50,2,False,-0.025959296247860864,0.03288870890365225,0.6188679489727849,-0.5444247828120679,True,True,False,all
2026-08-28,SCHE,37.150001525878906,50,6,False,0.02385602139675469,0.06477962553105576,0.19223368767006832,-0.009201157909954794,False,True,False,all
2026-08-28,VRDN,23.079999923706055,50,2,False,0.12550228092254523,-0.035365073022107896,0.7511380416768692,-0.3269174888457098,False,True,False,all
2026-08-28,RYAN,43.869998931884766,50,3,False,0.05677737435289254,0.04228411557310152,0.49829227811096666,-0.2587649249986771,False,True,False,all
2026-08-28,VIVO,4.059999942779541,50,5,False,-0.08223700597297001,0.22923209341738437,2.383333151208037,-0.40816328516606204,False,True,False,all
2026-08-28,APAM,43.470001220703125,49,3,False,0.10221968787332925,0.09673442522333642,0.28003540614283096,-0.0861887429141015,True,True,False,all
2026-08-28,DRI,215.6300048828125,49,6,False,0.03087216415208882,0.07711599363541466,0.27591718865569526,-0.06149891174202238,False,True,False,all
2026-08-28,EPP,57.720001220703125,49,6,False,0.035655862890736856,0.0675515041745931,0.17964440753534072,-0.014344264564361997,False,True,False,all
2026-08-28,EWU,48.54999923706055,49,6,False,0.023669847746836226,0.05285412778097309,0.19375464526409103,-0.017007494694643466,False,True,False,all
2026-08-28,FLQM,61.310001373291016,49,6,False,0.024163330663817373,0.06630150666331347,0.13811031351260405,-0.013261620248703698,False,True,False,all
2026-08-28,FRT,116.75,49,5,False,-0.03902188492952585,0.05480800699976496,0.2967899764855668,-0.0893846510705133,False,True,False,all
2026-08-28,ICVT,114.25,49,5,False,-0.02141830514026355,0.04671030470779747,0.22546386234258486,-0.09726610142272296,False,True,False,all
2026-08-28,IDVO,42.79999923706055,49,6,False,0.007696613409877262,0.03528618764545688,0.21944269639474268,-0.023343965065268035,False,False,False,all
2026-08-28,IEUR,77.86000061035156,49,6,False,0.02100228496456502,0.057306536745960424,0.18852080707368657,-0.013231252245070046,False,False,False,all
2026-08-28,IJJ,147.36000061035156,49,5,False,-0.004262415936115316,0.05470004745043622,0.18944225794115344,-0.029312937354633917,False,True,False,all
2026-08-28,ILF,34.650001525878906,49,5,False,0.01082299464206371,0.015106528505747452,0.30312152414585714,-0.0999999603667816,False,False,False,all
2026-08-28,ITT,202.99000549316406,49,6,False,0.012864541291731424,0.04460667287327191,0.21580017567347354,-0.11866099757709092,False,True,False,all
2026-08-28,LAMR,150.3800048828125,49,6,False,-0.039862468667114515,0.07100904333878777,0.31393629438731185,-0.09589368588141411,False,True,False,all
2026-08-28,MDYV,94.69000244140625,49,5,False,-0.004112258173324945,0.05361956961192993,0.18897542901932773,-0.029616717928044767,False,True,False,all
2026-08-28,PFIX,50.349998474121094,49,4,False,0.04147099558728207,0.06818802424465642,0.21721253308522348,-0.13219582769955418,False,False,False,all
2026-08-28,STRA,84.63999938964844,49,4,False,0.046724155368732534,0.05250394811578918,0.2143472467079215,-0.0567257748452078,True,True,False,all
2026-08-28,SYF,78.05000305175781,49,4,False,0.01881781603779098,0.04096511598008323,0.23731770428283805,-0.12076145090342194,True,True,False,all
2026-08-28,XLI,177.13999938964844,49,5,False,-0.02607827652288064,0.040713797862858225,0.20388745497106853,-0.058717269293825924,False,True,False,all
2026-08-28,DGRW,99.3499984741211,49,6,False,0.0213270641758736,0.06642878316501277,0.1637577050224328,-0.012327248324020879,False,True,False,all
2026-08-28,DCI,91.88999938964844,49,3,False,-0.0004786068735820326,0.006289161254834363,0.17027513140835882,-0.18566109206091297,False,True,False,all
2026-08-28,CGIE,37.970001220703125,49,6,False,0.02338506822958153,0.06011440714472238,0.17299976748847845,-0.015300833287743565,False,True,False,all
2026-08-28,WFC,86.69000244140625,49,4,False,0.005731153806251887,0.020935745813538187,0.19112398867017077,-0.11323649194890517,False,True,False,all
2026-08-28,INDB,82.05999755859375,49,5,False,-0.02616979227726457,0.03816512444663811,0.2957523320069535,-0.062171456473214315,False,True,False,all
2026-08-28,VOYG,34.290000915527344,49,6,False,0.04141360373915304,0.1219980973027881,0.9695577952933954,-0.34561068860670807,False,True,False,all
2026-08-28,HTHT,47.81999969482422,49,6,False,0.10736995939061211,0.004027021270790243,0.3398711553616487,-0.1557203352730997,False,False,False,all
2026-08-28,PLUS,87.27999877929688,49,4,False,0.0012802668853031385,0.026025027340424334,0.2636455648607341,-0.11065825023325859,False,True,False,all
2026-08-28,COF,215.6699981689453,49,4,False,0.025665650243738236,0.03924352124843722,0.23777543256222322,-0.1693499229655694,False,True,False,all
2026-08-28,PRKS,42.4900016784668,49,4,False,-0.06804639621804898,0.10888561068097036,0.47688567961078165,-0.2539069164312038,False,True,False,all
2026-08-28,RZLT,4.619999885559082,49,2,False,-0.0492653529345195,0.08422705501988292,3.317756690732459,-0.5967530789230646,False,True,False,all
2026-08-28,DD,136.97999572753906,49,4,False,-0.015427726989397983,0.004591329791862275,0.4810992455932859,-0.13292822235682134,False,True,False,all
2026-08-28,WWD,341.80999755859375,49,5,False,-0.11876385871592732,-0.04485915675045504,0.46504650951681215,-0.2419719964073559,False,True,False,all
2026-08-28,NVDG,19.200000762939453,49,4,False,0.055025094661790286,0.08482425683474992,0.555915763818926,-0.24230463112374445,False,False,False,all
2026-08-28,VAW,238.52000427246094,49,5,False,0.032981634661282566,0.057264602620235694,0.2534553191864706,-0.02748100132648068,False,True,False,all
2026-08-28,KSS,17.5,49,3,False,-0.03956972944960524,0.016260163164449004,0.5377855732877335,-0.30610624597704084,False,False,False,all
2026-08-28,SPEM,52.75,49,6,False,0.02309975252625862,0.06058504243560692,0.20132088780020552,-0.014755339970459969,False,True,False,all
2026-08-28,CHD,101.26000213623047,49,6,False,0.02263823711187407,0.07090377269199721,0.24505102491668462,-0.04507731740878307,False,True,False,all
2026-08-28,CINF,171.97000122070312,49,5,False,-0.03199476583353611,0.028925949773357162,0.14646667480468745,-0.11724242402405938,False,True,False,all
2026-08-28,WWW,20.34000015258789,49,5,False,0.08609752256888314,0.15582301998857595,0.5100222531082736,-0.3798780297041644,False,True,False,all
2026-08-28,VUG,88.54000091552734,49,6,False,0.023645359569250513,0.07654659746971992,0.2715175227731408,-0.022737280279117922,True,True,False,all
2026-08-28,ADUR,14.170000076293945,48,6,False,-0.05073254987733966,0.08605053816055075,0.5744444529215496,-0.2210005684297216,False,True,False,all
2026-08-28,AOA,99.12000274658203,48,6,False,0.014532241060324136,0.0598037758726353,0.17232405876916523,-0.009097231268818007,False,False,False,all
2026-08-28,ASPN,4.929999828338623,48,4,False,-0.089162357045804,0.16935480123330726,1.1434782306728826,-0.47261445724625206,False,True,False,all
2026-08-28,BALI,34.83000183105469,48,6,False,0.019542006792100608,0.06552461515401742,0.16332669371313302,-0.01582361029250401,False,True,False,all
2026-08-28,BORR,4.449999809265137,48,4,False,0.046664740535850235,-0.06711533449537577,0.8237703708639996,-0.3313298769387586,False,True,False,all
2026-08-28,EIS,123.25,48,5,False,0.01918802416520715,0.023445835803100668,0.3523151286524868,-0.11235149742727046,False,True,False,all
2026-08-28,EMLP,43.959999084472656,48,5,False,-0.00035931148717804895,0.04271920937676854,0.1829924452363556,-0.028078719226555138,False,True,False,all
2026-08-28,ESI,34.93000030517578,48,4,False,-0.1148087644946102,0.00020331347106483655,0.5279964729904087,-0.2907614151233344,False,True,False,all
2026-08-28,ESQ,112.3499984741211,48,4,False,-0.07644504496684523,0.014582292183931367,0.21986971048311132,-0.16663578652567967,False,False,False,all
2026-08-28,ESS,284.0299987792969,48,5,False,-0.01824217172209852,0.06607062804634833,0.19110119425648597,-0.06368883117024216,False,True,False,all
2026-08-28,FBK,57.849998474121094,48,3,False,-0.010725574034923135,0.032079173166416064,0.17485776811862985,-0.07668981563787858,False,True,False,all
2026-08-28,FLOC,21.15999984741211,48,4,False,0.0008229765596752259,-0.015449907728408596,0.5081967391407047,-0.2512385111099007,False,True,False,all
2026-08-28,GDOT,13.34000015258789,48,7,False,0.0005550446624025263,0.0702738371649092,0.3207920444302683,-0.134328339735308,False,True,False,all
2026-08-28,GHC,1161.1300048828125,48,5,False,-0.010536562811659156,0.03392828546287241,0.2488491575105618,-0.08018376255455018,False,False,False,all
2026-08-28,ILCG,115.16999816894531,48,6,False,0.0034764701412344223,0.06749837555796434,0.2619986354703636,-0.044787273281470474,False,False,False,all
2026-08-28,IT,198.38999938964844,48,3,False,0.25910580594103716,0.11110115119184982,0.5967001962949572,-0.2537521352833818,False,True,False,all
2026-08-28,KMI,31.559999465942383,48,3,False,-0.014230589101189683,0.019435799798073194,0.23281246076803708,-0.09336402697881796,False,False,False,all
2026-08-28,MRTN,14.359999656677246,48,5,False,-0.10617586676983193,0.02106113997479575,0.5358287776262098,-0.22294372227351833,True,True,False,all
2026-08-28,NOW,144.7100067138672,48,3,False,0.2911682579393642,0.21328245910811705,0.7812655159904094,-0.25685317699720633,False,True,False,all
2026-08-28,NVS,153.80999755859375,48,5,False,-0.006392794640803001,0.032174147621210514,0.2651969889339576,-0.09767692420206231,False,True,False,all
2026-08-28,OTTR,90.83999633789062,48,5,False,-0.0027226823790604815,0.0384983632092748,0.22508421400620993,-0.044694501668694486,False,True,False,all
2026-08-28,PFE,27.959999084472656,48,5,False,0.09344321810515188,0.07188651909856003,0.18575060114241926,-0.0274782927139946,False,True,False,all
2026-08-28,QDPL,46.5,48,6,False,0.015464766139279718,0.064531925635962,0.18865033920285113,-0.01315787236712418,False,True,False,all
2026-08-28,SCHY,33.20000076293945,48,6,False,0.015321600616746478,0.046403447848695434,0.2092515336076497,-0.02467685458271318,False,True,False,all
2026-08-28,SDY,157.5,48,6,False,0.013100191725348154,0.058083405687428646,0.16407979636001757,-0.01740591055582874,False,True,False,all
2026-08-28,USRT,66.12999725341797,48,5,False,-0.018400032247265163,0.05695451045327937,0.17168672683353692,-0.05649877716332374,False,True,False,all
2026-08-28,DON,57.7599983215332,48,6,False,0.005844178614945905,0.05620117772533173,0.1652208730508451,-0.020518956658001852,True,False,False,all
2026-08-28,DOW,30.510000228881836,48,4,False,0.01723736068528292,-0.02452748622028944,0.47748187857125646,-0.28614882941725905,False,True,False,all
2026-08-28,RWR,112.88999938964844,48,5,False,-0.016824337263153244,0.05487962041592476,0.16790808103291233,-0.05649813664873504,False,True,False,all
2026-08-28,AUR,5.829999923706055,48,5,False,-0.08616393854478277,0.09858529767686974,0.6194444661523095,-0.3193228010123089,False,False,False,all
2026-08-28,EVTC,29.979999542236328,48,5,False,0.01590613299238175,0.058060992579721526,0.37459882055714355,-0.17907997901289796,False,True,False,all
2026-08-28,MAR,351.0799865722656,48,5,False,-0.0430152837897374,0.021937948581216116,0.3673468344729287,-0.14574924038350656,False,True,False,all
2026-08-28,SCHC,51.4900016784668,48,5,False,0.04569883637997907,0.0632915874814024,0.18504029400121524,-0.011708192198072509,False,True,False,all
2026-08-28,PTL,282.55999755859375,48,5,False,-0.0026894553441192404,0.056956974762723656,0.19018235040204812,-0.036354967661587745,False,True,False,all
2026-08-28,CBT,83.6500015258789,48,6,False,-0.04656282216096086,0.08563191199803,0.43408192868157847,-0.11509570923427126,False,True,False,all
2026-08-28,TFPM,34.0,48,4,False,0.1214238122194089,0.02572456453359151,0.29770988587503555,-0.18465229309498643,False,True,False,all
2026-08-28,KTB,76.98999786376953,48,5,False,-0.06623330454722276,0.06804019143959827,0.37017262405081475,-0.1345548712218052,False,True,False,all
2026-08-28,SKT,37.72999954223633,48,5,False,-0.05243385459193972,0.042350123368919634,0.2120141522453931,-0.1128614948232054,False,True,False,all
2026-08-28,REAL,10.930000305175781,48,2,False,-0.05829439382324708,-0.09892082315285466,0.4972602766569927,-0.37155012761535255,False,True,False,all
2026-08-28,ABT,112.47000122070312,47,4,False,0.09784454288538158,0.05309433758952964,0.37208734348898154,-0.18197689484931268,False,True,False,all
2026-08-28,ACDC,4.989999771118164,47,4,False,0.014846398043456777,-0.07497953777265498,0.6201298359494354,-0.392944086494313,False,True,False,all
2026-08-28,ACGL,98.83999633789062,47,5,False,-0.006952571321283019,0.03030075201175797,0.19878714367857686,-0.07703800805043992,True,True,False,all
2026-08-28,AMZU,39.58000183105469,47,5,False,0.08664620693508152,0.11640139060021415,0.6128769500579354,-0.1603733062468784,False,True,False,all
2026-08-28,ARLP,26.18000030517578,47,5,False,0.045577275828226904,0.036952842273499265,0.1792792524980682,-0.1110356663174934,False,True,False,all
2026-08-28,AROC,31.239999771118164,47,4,False,-0.13118930765472403,-0.050191776527874765,0.3653846554630493,-0.2602415318552518,False,False,False,all
2026-08-28,AVES,66.5199966430664,47,6,False,0.028342758529026124,0.05683216269858904,0.2094544844193893,-0.0367796264888699,False,True,False,all
2026-08-28,BOH,77.29000091552734,47,5,False,-0.042568470423726024,0.020773387930022702,0.302055258099998,-0.10450697367872075,False,True,False,all
2026-08-28,ECG,115.7300033569336,47,4,False,-0.15307694378996883,-0.03936221409041174,0.5853425117388165,-0.32549230866372536,False,True,False,all
2026-08-28,FTLS,76.45880126953125,47,6,False,0.018270089418665814,0.05244071580351406,0.14083564755656153,-0.013689311396920312,False,True,False,all
2026-08-28,FVD,50.5,47,6,False,0.01555712873239301,0.052263097387693414,0.1315258523728433,-0.017700833497627744,True,True,False,all
2026-08-28,GFL,42.83000183105469,47,3,False,0.07606581145965907,0.04428652005965983,0.28502848719163665,-0.14510971785401727,False,True,False,all
2026-08-28,HOMB,29.6200008392334,47,5,False,-0.012245193275283728,0.047637097517088556,0.16156866036209405,-0.06561513796989515,False,True,False,all
2026-08-28,NOVT,142.1999969482422,47,5,False,-0.06516621991242122,0.04088395225207697,0.44703370108719076,-0.19378618317467233,False,True,False,all
2026-08-28,PNFP,101.08999633789062,47,5,False,-0.009282920549454565,0.0497103815000417,0.24679321725387338,-0.08374880213736446,False,True,False,all
2026-08-28,SCI,83.36000061035156,47,6,False,0.03375067182626568,0.044922523318770224,0.2185352455480516,-0.08385534050502585,True,True,False,all
2026-08-28,SCZ,86.97000122070312,47,6,False,0.03122000506156053,0.061006353785387324,0.18390964204471505,-0.010017043468443565,False,True,False,all
2026-08-28,SYNA,95.08000183105469,47,4,False,-0.16281148709481996,-0.0035793638005272577,0.6314345199476992,-0.36234993332530363,False,True,False,all
2026-08-28,TCMD,23.15999984741211,47,2,False,-0.15657912983298927,-0.14094079754465016,0.7939581813437959,-0.38681494395768423,False,False,False,all
2026-08-28,TDY,621.9600219726562,47,4,False,-0.0392178454375518,0.01742380549351541,0.2876486193515517,-0.10851830061785772,False,True,False,all
2026-08-28,TR,41.27000045776367,47,5,False,0.04994556602051037,0.05060703945705303,0.23426539320302453,-0.08411009320949192,False,True,False,all
2026-08-28,VOLT,35.59000015258789,47,5,False,-0.07189126581260041,0.005501728977574949,0.33475850372131144,-0.15583490793649757,False,True,False,all
2026-08-28,CEF,45.540000915527344,47,4,False,0.07892706288828566,-0.019259450582258753,0.4397724351512,-0.25806451412423026,False,True,False,all
2026-08-28,CGDG,38.66999816894531,47,6,False,0.011546285166630144,0.04622867800581765,0.1485001565759403,-0.012260621666037586,False,False,False,all
2026-08-28,DBMF,31.40999984741211,47,6,False,0.014220388401182671,0.039216263684805686,0.21885911096091148,-0.007896399280002964,False,True,False,all
2026-08-28,BZ,17.799999237060547,47,3,False,0.16877654648489138,0.08723200049560753,0.4160699816396827,-0.2953286193280258,False,False,False,all
2026-08-28,SMIG,32.5,47,5,False,-0.017132145524450415,0.05187235597087625,0.17498192983687688,-0.035608330438351765,False,True,False,all
2026-08-28,WTFC,152.9499969482422,47,5,False,-0.04027400230846723,0.03200704185387648,0.2787392038103982,-0.08533670714202934,False,True,False,all
2026-08-28,TYRA,24.940000534057617,47,3,False,-0.15352892402553198,-0.17017899638290768,1.1310775346260051,-0.3864698745907764,False,True,False,all
2026-08-28,EWA,30.0,47,6,False,0.03136022840961217,0.06135705088206267,0.20288690287045252,-0.015748016714081325,False,False,False,all
2026-08-28,VTOL,43.72999954223633,47,3,False,-0.015045725305010471,0.012811257888002192,0.2483585802486883,-0.1319968516254676,False,True,False,all
2026-08-28,CGCV,33.279998779296875,47,6,False,0.004627643796428327,0.05453908856507783,0.14089813823288488,-0.020312111174895287,False,True,False,all
2026-08-28,WTRG,41.099998474121094,47,6,False,0.043237195989229704,0.05499172666512253,0.13818880585504778,-0.029974049794180058,False,True,False,all
2026-08-28,CXT,50.130001068115234,47,2,False,-0.012769191658076884,0.03982254764047899,0.4038085229162789,-0.2734782453896343,False,True,False,all
2026-08-28,PTLC,59.95000076293945,47,6,False,0.01977463022156023,0.05933384272766973,0.16227217205807576,-0.013168711721161297,False,True,False,all
2026-08-28,TOPT,33.619998931884766,47,6,False,0.01417795483256401,0.060982814752707615,0.22076971003038182,-0.024800567950079566,True,True,False,all
2026-08-28,PLTU,57.43000030517578,47,3,False,0.5491225382894271,0.14233884889468595,1.7295626333738858,-0.551450785624716,False,True,False,all
2026-08-28,CWB,102.45999908447266,47,5,False,-0.017805280038304727,0.04491896191272082,0.2001873701307202,-0.08534188399465081,False,True,False,all
2026-08-28,GTY,32.869998931884766,47,4,False,-0.03192558257063416,0.030804945737164635,0.2946041639247121,-0.10752111600034964,False,False,False,all
2026-08-28,AAT,22.43000030517578,46,5,False,-0.0644343112864566,0.07513482441777963,0.2658014206733996,-0.13631109363789418,False,True,False,all
2026-08-28,ARKW,155.19000244140625,46,4,False,0.06216605854313384,0.09703696199826473,0.3690014255983953,-0.1519671997737363,False,True,False,all
2026-08-28,AVO,12.770000457763672,46,3,False,-0.0008293457975510066,-0.003977812693007121,0.2681232219229559,-0.17772049727392225,False,True,False,all
2026-08-28,BRO,73.30999755859375,46,4,False,0.06499192936406195,0.052512151776566984,0.3623860934332126,-0.24802544707165142,False,True,False,all
2026-08-28,DRUG,72.80999755859375,46,2,False,-0.014890995572431232,-0.0616040969793995,0.9160525673314144,-0.41163638336489894,False,True,False,all
2026-08-28,EPR,59.54999923706055,46,5,False,-0.01811095967876486,0.06114265406872588,0.23778837001817665,-0.08342314732657663,False,True,False,all
2026-08-28,EUAD,45.290000915527344,46,6,False,0.0235028490779996,0.046854198219493215,0.20388097292426766,-0.06502885632710953,False,True,False,all
2026-08-28,EWD,53.68000030517578,46,5,False,0.04364732934382731,0.0540743321928574,0.18394354046141004,-0.02275623508201985,False,True,False,all
2026-08-28,GRBK,73.30999755859375,46,5,False,-0.00045542690031052935,0.055747496965965704,0.21293843852268712,-0.11865836391404627,False,False,False,all
2026-08-28,GRID,179.19000244140625,46,4,False,-0.022959536858069063,0.03089433827613508,0.2874695492967012,-0.10400521266283369,False,True,False,all
2026-08-28,GSBD,10.130000114440918,46,3,False,0.0900912649530663,0.08340509035205468,0.21244771627234438,-0.1214223461364734,False,True,False,all
2026-08-28,HOV,129.77000427246094,46,6,False,-0.015548495022707831,0.10047136097520437,0.4179415322595772,-0.19924715397122095,False,False,False,all
2026-08-28,IYJ,162.86000061035156,46,5,False,-0.012603457382566408,0.04211758799884602,0.1724982560598487,-0.04899269716583032,False,True,False,all
2026-08-28,NBIX,154.05999755859375,46,5,False,-0.07442899843126605,0.046187113507762056,0.26133943285127104,-0.172254450890178,False,True,False,all
2026-08-28,NXE,10.399999618530273,46,4,False,0.05498069047487286,-0.0339600559758616,0.43250678934648623,-0.2550143560092173,False,False,False,all
2026-08-28,PSA,313.510009765625,46,5,False,-0.026437786796352114,0.05553274865451718,0.22207062962160662,-0.06568314358259553,False,True,False,all
2026-08-28,SAMT,42.81999969482422,46,5,False,-0.03066468061926053,0.02677011213752878,0.25535030573495154,-0.10530716362835257,True,True,False,all
2026-08-28,SWX,89.0999984741211,46,5,False,-0.018661962627404827,0.02406611108727663,0.1633372859954234,-0.05684347070173634,False,True,False,all
2026-08-28,TRUP,29.6200008392334,46,3,False,0.0996273000103034,0.025736950341719522,0.39981101383873385,-0.3695189202246758,False,True,False,all
2026-08-28,USMV,101.73999786376953,46,6,False,0.034336201751625994,0.06344502408139552,0.11777633065337789,-0.004598387877048027,False,True,False,all
2026-08-28,VMI,476.2799987792969,46,5,False,-0.07683934275093607,0.021110188330365043,0.3214949472540658,-0.18683310697809452,True,True,False,all
2026-08-28,UTL,53.099998474121094,46,5,False,-0.010148337469065183,0.02962945043146803,0.19031602213875476,-0.07265106478090311,True,True,False,all
2026-08-28,RNST,41.09000015258789,46,5,False,-0.0409750369583296,0.04685097793591786,0.24364403795392753,-0.07745847983888854,False,True,False,all
2026-08-28,VIGI,98.56999969482422,46,6,False,0.023697605480736295,0.05877540569771278,0.15651760896951084,-0.01311571480393614,False,True,False,all
2026-08-28,IMTM,53.31999969482422,46,6,False,0.008260846667227595,0.04590629699053239,0.1690418544463428,-0.026865238118511492,False,True,False,all
2026-08-28,PAVE,55.310001373291016,46,5,False,-0.03492821076382435,0.030428978285408803,0.21720957405092411,-0.08472611130280339,False,True,False,all
2026-08-28,KRP,14.90999984741211,46,7,False,0.0022586036784801866,0.05728558241459658,0.31830232486564447,-0.05632913497334324,False,False,False,all
2026-08-28,BUFD,30.325000762939453,46,6,False,0.01277789304046184,0.04879665100228214,0.1229402594093103,-0.010280634235763197,False,True,False,all
2026-08-28,TSLS,59.25,46,6,False,0.0060416889137098195,0.06162647807669841,0.282467511289068,-0.20894527646266647,True,True,False,all
2026-08-28,DEA,24.6299991607666,46,5,False,-0.007247172908688038,0.05978099473639853,0.1979571887424496,-0.051232664507355974,False,True,False,all
2026-08-28,ROK,430.8599853515625,46,5,False,-0.0596243815372578,0.02718829566460057,0.29500164232289494,-0.13370597144640417,False,True,False,all
2026-08-28,RDW,10.869999885559082,46,3,False,-0.007595966457770165,0.038963509088247195,1.2320328831611858,-0.5919669619143136,False,True,False,all
2026-08-28,DIVO,48.45000076293945,46,6,False,0.028575078800579412,0.052866059544970145,0.12152777563152006,-0.01193023526650483,False,True,False,all
2026-08-28,PLD,140.6999969482422,46,5,False,-0.012326628627777114,0.02723671886363732,0.2731878945653734,-0.0824910900018766,False,True,False,all
2026-08-28,SPHD,52.84000015258789,46,6,False,0.010301869265697983,0.05039782741215193,0.1343924017916136,-0.022205787242957964,False,True,False,all
2026-08-28,XOVR,20.709999084472656,46,3,False,0.03591951024002826,0.08058154932952188,0.26511899955666096,-0.04912771204956512,False,True,False,all
2026-08-28,PRDO,33.56999969482422,46,3,False,0.02204847834542889,0.02578988537365068,0.2591897932093523,-0.12805195597859176,True,True,False,all
2026-08-28,ROBO,80.63999938964844,46,6,False,-0.014585708895281546,0.04813504747199304,0.30169488937100963,-0.10904875166974659,True,False,False,all
2026-08-28,PLOW,41.81999969482422,46,5,False,-0.07442246185363943,0.007979226716372745,0.4663393767036228,-0.2396363691850142,False,True,False,all
2026-08-28,ABEO,5.920000076293945,45,6,False,-0.07473976095313106,0.084288813829545,0.48000001907348633,-0.2261437905237561,False,True,False,all
2026-08-28,AON,355.3999938964844,45,4,False,0.008402010399325421,0.05196183666017906,0.16681440024126304,-0.07046085342742481,False,True,False,all
2026-08-28,AWK,138.3000030517578,45,5,False,0.03289430071885846,0.053110121375778974,0.14705153356398903,-0.05039821730741045,False,True,False,all
2026-08-28,BCAT,16.0,45,6,False,0.012504428631438858,0.06139507060945304,0.16533142996696237,-0.012345725525951368,False,True,False,all
2026-08-28,BHC,6.320000171661377,45,5,False,0.14405709290208324,0.07962216226393481,0.45958436097432487,-0.20999997854232788,True,True,False,all
2026-08-28,DRN,10.600000381469727,45,6,False,-0.03987243358257708,0.06220411249078861,0.3167702025236947,-0.13185910332901074,False,False,False,all
2026-08-28,EFG,125.0199966430664,45,6,False,0.014329757442463453,0.05026209732746434,0.1665577939637728,-0.01898937344616347,False,True,False,all
2026-08-28,EGP,200.0,45,5,False,-0.03584813042719781,0.029452376284821336,0.22624152370089323,-0.1178157378274799,False,True,False,all
2026-08-28,EVH,4.599999904632568,45,2,False,-0.03458698537837501,0.19283776527600294,1.1957039817723025,-0.5436507996578126,False,True,False,all
2026-08-28,FIDU,93.77999877929688,45,5,False,-0.03181847262797599,0.028626698374993653,0.1981602504336435,-0.0622000122070312,False,False,False,all
2026-08-28,FPX,180.5399932861328,45,5,False,-0.03964717363361936,0.030764754382343495,0.23640588962907105,-0.12435735910597023,False,True,False,all
2026-08-28,FRME,41.93000030517578,45,5,False,-0.02413024474688652,0.046199461135460584,0.2097518894913235,-0.07500554574320872,False,True,False,all
2026-08-28,GDYN,7.96999979019165,45,4,False,0.20731963228835393,0.11063109552493744,0.5596868066440304,-0.2193927756695545,False,True,False,all
2026-08-28,HAPN,17.889999389648438,45,4,False,-0.0725428368278046,0.013286252956479228,0.3708811592470196,-0.17443473342580496,False,True,False,all
2026-08-28,HESM,39.560001373291016,45,6,False,0.004371945346627992,0.055839983286022576,0.2507114265864627,-0.04983780549761718,False,False,False,all
2026-08-28,HLT,321.8500061035156,45,5,False,-0.018696127889128333,0.032320122482892844,0.2694250004980141,-0.10097763658235859,False,True,False,all
2026-08-28,JACK,16.190000534057617,45,4,False,0.018905475670600635,0.02099056528043408,0.8150224658724656,-0.3214585029376046,False,True,False,all
2026-08-28,JPEF,81.30850219726562,45,6,False,0.007432564904864769,0.05395899839550622,0.16685088147744986,-0.02273431274466564,False,True,False,all
2026-08-28,JSMD,93.22090148925781,45,5,False,-0.031728867682334405,0.052515369645406595,0.23792760585703743,-0.08337360583500908,False,True,False,all
2026-08-28,KNSL,380.6099853515625,45,4,False,0.07690466535609342,0.06187249755911983,0.3252436252586077,-0.21523714360502577,False,True,False,all
2026-08-28,KVUE,19.170000076293945,45,7,False,0.0019128892285296129,0.07115917311610165,0.36733234310833596,-0.07925070330046435,False,False,False,all
2026-08-28,L,109.72000122070312,45,4,False,-0.036074282002416025,0.009330244379920583,0.15373294407108196,-0.09329808045798815,False,True,False,all
2026-08-28,LOAR,71.69000244140625,45,3,False,-0.024506373784955793,0.0612746156436772,0.34882408999556014,-0.14071674242869703,True,True,False,all
2026-08-28,RIOT,18.989999771118164,45,3,False,-0.13347023330006214,0.02475546799226991,0.6513043279233186,-0.3736807400311466,True,True,False,all
2026-08-28,SAP,221.5399932861328,45,4,False,0.23228386938624546,0.1229336843470159,0.5281781845946121,-0.21263817347025982,False,True,False,all
2026-08-28,ST,41.029998779296875,45,5,False,-0.10177545993583359,0.026507016155243646,0.45703121454624274,-0.23863426899243578,False,True,False,all
2026-08-28,VLTO,98.55999755859375,45,3,False,0.0492718985025653,0.05467484878012585,0.23153816146365402,-0.10285821034933684,False,True,False,all
2026-08-28,VSS,160.66000366210938,45,6,False,0.03522313062912019,0.05508496533365337,0.17587643943881437,-0.01381130654607754,False,False,False,all
2026-08-28,DG,122.88999938964844,45,3,False,0.013149755094957083,-0.020266353114522406,0.292082836726145,-0.2233457453841029,False,False,False,all
2026-08-28,CNXT,48.790000915527344,45,5,False,-0.07882980204956258,-0.006746130907272163,0.31152390084555814,-0.2204824924655311,False,True,False,all
2026-08-28,QQH,84.0199966430664,45,6,False,0.010843496221595306,0.06404793439918799,0.22531715060527224,-0.06269525641285345,False,True,False,all
2026-08-28,EW,90.20999908447266,45,4,False,0.009191339384420738,0.063454796855974,0.24771777699502318,-0.06314260850810993,True,True,False,all
2026-08-28,CBRE,150.82000732421875,45,3,False,0.05124491990748181,0.02346051262033022,0.2393787846034321,-0.13456129209464807,False,True,False,all
2026-08-28,VIS,339.25,45,5,False,-0.03211689086183511,0.029636063826581793,0.20288622298467174,-0.06338861985237554,False,True,False,all
2026-08-28,CRVL,69.23999786376953,45,3,False,0.09387684422223463,0.12629773188174664,0.5445013391858826,-0.25906901953010764,False,True,False,all
2026-08-28,MAGS,69.06999969482422,45,4,False,0.04184893052812377,0.05912758994030809,0.2538803820057365,-0.029370487067555073,True,True,False,all
2026-08-28,CGBL,38.189998626708984,45,6,False,0.010237237456790504,0.047420494848449346,0.13407570874358088,-0.012668088795263821,False,True,False,all
2026-08-28,MYRG,294.4200134277344,45,4,False,-0.2279783938827794,-0.08402357337605915,0.7166347318377388,-0.41533449342590645,True,True,False,all
2026-08-28,TFC,50.43000030517578,45,5,False,-0.01911966672665255,0.018124561296770203,0.23663565018981814,-0.10266904589739156,False,True,False,all
2026-08-28,CIFR,15.170000076293945,45,3,False,-0.26269385833061165,-0.17438469655030542,1.1827338838298407,-0.49668213724303956,False,False,False,all
2026-08-28,ALLE,157.47999572753906,44,3,False,0.04635784812676258,0.04066816912435356,0.25983996582031255,-0.13997053572924067,True,True,False,all
2026-08-28,ATR,132.99000549316406,44,6,False,0.019185152347636292,0.053369079988453194,0.2882882996073408,-0.09475187408585928,True,True,False,all
2026-08-28,BBDC,9.350000381469727,44,4,False,0.07288754136108744,0.06902963063683054,0.1746231578720363,-0.05745964621374955,False,False,False,all
2026-08-28,DSGX,81.83499908447266,44,4,False,0.10727442756598227,0.08347854367221808,0.3081041765995036,-0.24922019188557198,False,True,False,all
2026-08-28,ECH,40.9900016784668,44,5,False,0.023920666768419974,0.0025179541560147456,0.3020966415031556,-0.14336461890096852,False,True,False,all
2026-08-28,ELAN,24.110000610351562,44,6,False,-0.019918672856150454,0.018307170280019935,0.4091174605665995,-0.13831304486059515,False,True,False,all
2026-08-28,EWW,76.4800033569336,44,4,False,0.00780632891372357,0.01868413105406619,0.24967324188739504,-0.06331902109403742,False,True,False,all
2026-08-28,FELG,44.08000183105469,44,6,False,0.014030378676870292,0.05427121282207792,0.22700077292086251,-0.0339688626074488,False,True,False,all
2026-08-28,FHN,24.649999618530273,44,5,False,-0.03137330083806367,0.018268929606447326,0.24494952365411016,-0.07191264630337368,False,True,False,all
2026-08-28,FR,61.939998626708984,44,4,False,-0.03647520500357282,0.017116400946786348,0.23288209708115692,-0.11362333913544376,False,True,False,all
2026-08-28,GOOD,13.010000228881836,44,6,False,0.02289526189392821,0.08141358713759606,0.2594385600163962,-0.0341499650354824,False,True,False,all
2026-08-28,HLIT,12.020000457763672,44,5,False,-0.06994735176161804,0.060825399202260044,0.4191263375225569,-0.32013573244991156,False,True,False,all
2026-08-28,ITA,232.82000732421875,44,4,False,-0.03404208142633025,0.01678470928630138,0.19646442112031615,-0.09267341470640389,False,True,False,all
2026-08-28,IVT,32.54999923706055,44,4,False,-0.06192183292133968,0.029955708043904128,0.21409921243787688,-0.12547022650404838,False,True,False,all
2026-08-28,MDT,91.2300033569336,44,3,False,0.06712991563396553,0.015844563353751173,0.24444150041086954,-0.14201070454332476,False,True,False,all
2026-08-28,OVL,57.20000076293945,44,6,False,0.005525123816031652,0.04625700946891875,0.18133008934364825,-0.029027314359223788,False,False,False,all
2026-08-28,PRMB,23.0,44,6,False,-0.03624555711652577,0.11862263306233811,0.6016713474853912,-0.12247230814953847,False,True,False,all
2026-08-28,PTF,97.08000183105469,44,4,False,-0.11927203326630031,-0.01959248243979439,0.46979556919900944,-0.3048334688577553,False,True,False,all
2026-08-28,RDN,36.40999984741211,44,5,False,-0.030436985279599926,0.02842648127535674,0.1558730110289559,-0.11303287395580208,False,True,False,all
2026-08-28,RIVN,16.06999969482422,44,1,False,-0.023100317972294948,-0.014482282741433372,0.2970136601719062,-0.2917585140333866,True,True,False,all
2026-08-28,SBSW,12.09000015258789,44,2,False,0.25916514272890745,-0.04574352510829638,0.7028169457719957,-0.43212777676442726,False,False,False,all
2026-08-28,SE,119.36000061035156,44,3,False,0.09861182437540639,0.12036983330171913,0.5491238920545181,-0.40110386963037825,False,True,False,all
2026-08-28,TRNO,66.58999633789062,44,5,False,-0.038011524237685834,0.027587721901149553,0.19529702804196258,-0.1564480076205027,False,True,False,all
2026-08-28,CAMT,135.57000732421875,44,3,False,-0.10997632687748327,-0.10297161778136521,0.789703066986386,-0.37233203446300456,False,True,False,all
2026-08-28,DNP,10.930000305175781,44,6,False,0.001190837585609783,0.04290413123035797,0.12796705660367325,-0.02060927825995107,False,True,False,all
2026-08-28,CMI,564.8499755859375,44,5,False,-0.12906844654163707,-0.05527787270813589,0.4501180722874576,-0.2343716545907908,False,True,False,all
2026-08-28,DFAR,26.149999618530273,44,5,False,-0.016048030084970577,0.04757113204013441,0.1547802645137477,-0.052364549040771924,False,False,False,all
2026-08-28,HTH,38.5,44,5,False,-0.00945774358188145,0.04083309982755767,0.250812187821164,-0.04726552473705159,False,True,False,all
2026-08-28,JETS,29.18000030517578,44,5,False,-0.0707538973277958,0.031622164038794365,0.24011897380593528,-0.143276596340422,False,True,False,all
2026-08-28,SCHH,23.739999771118164,44,5,False,-0.015003165869823754,0.04692415613210521,0.15075136872841233,-0.051538189378301125,False,True,False,all
2026-08-28,GPIX,56.34000015258789,44,6,False,0.013922089443345831,0.05166387913277104,0.1626083618858365,-0.006962200643593541,False,False,False,all
2026-08-28,XSMO,84.1500015258789,44,5,False,-0.04855692996115457,0.03287084359752601,0.2268553144592107,-0.10172927784213881,False,False,False,all
2026-08-28,DLR,185.47000122070312,44,5,False,-0.010612426506160677,0.04044479735354245,0.2683444343818313,-0.10891706656780542,False,True,False,all
2026-08-28,TNL,71.20999908447266,44,4,False,-0.04859501272987388,-0.002374641105643782,0.22627861991911824,-0.12086420883367088,False,True,False,all
2026-08-28,RMD,240.3300018310547,44,4,False,0.13710024003728605,0.05028640689751396,0.3331668948530049,-0.15635199933152077,False,True,False,all
2026-08-28,WTM,2135.409912109375,44,4,False,0.0015319376394304918,0.007264146269008176,0.2957584418139412,-0.08469356531959926,True,False,False,all
2026-08-28,UGI,38.0099983215332,44,4,False,0.053474674679822254,0.03806507318129482,0.2020872015402111,-0.0805515679429969,False,False,False,all
2026-08-28,NNN,45.66999816894531,44,5,False,-0.02926451605671665,0.03887532596192678,0.17403589659405405,-0.08660003662109372,False,True,False,all
2026-08-28,VOT,303.05999755859375,44,6,False,0.0037000315197146527,0.060630683554742104,0.22088386889083678,-0.03836267355874279,False,True,False,all
2026-08-28,ACWV,127.4000015258789,43,6,False,0.030876122639932557,0.0488600988688197,0.08926130748227967,-0.0036756175069033725,False,True,False,all
2026-08-28,AFL,116.5199966430664,43,5,False,-0.04133801041346907,0.01766188898818255,0.11331924867159904,-0.10520660765789192,False,True,False,all
2026-08-28,AGNC,10.899999618530273,43,6,False,0.002981305473608087,0.013232407206841712,0.13305610688131542,-0.105824446780864,False,True,False,all
2026-08-28,AOR,69.93000030517578,43,6,False,0.010166673894582257,0.04153790149621517,0.12481908259258545,-0.007944354881043059,False,False,False,all
2026-08-28,AYI,335.1600036621094,43,3,False,-0.01956137061071428,0.04790846062592413,0.3039215395277066,-0.11839442400993272,False,True,False,all
2026-08-28,BKU,46.38999938964844,43,5,False,-0.025735385896195617,0.00019942163043173977,0.3216524617188048,-0.10976782102679261,False,True,False,all
2026-08-28,ECL,286.75,43,6,False,0.03123221946051169,0.05287333584133669,0.17931321076683782,-0.07281659977902455,False,False,False,all
2026-08-28,EFAV,93.80000305175781,43,5,False,0.02742730399822091,0.04161002080134657,0.12510495335929916,-0.013980807737407619,False,True,False,all
2026-08-28,EWG,44.59000015258789,43,6,False,0.04947773443977099,0.057425640271905554,0.17403898604582113,-0.005777107307507912,False,True,False,all
2026-08-28,EWL,63.310001373291016,43,6,False,0.002387639356503657,0.033955100316869435,0.17895717828339053,-0.03387757435312555,False,True,False,all
2026-08-28,GLTR,202.47999572753906,43,4,False,0.06785474647501677,-0.03895467826283139,0.4116991289627854,-0.3146493567075558,False,True,False,all
2026-08-28,GNL,9.15999984741211,43,4,False,0.017438613325385877,0.0073239757485383805,0.2245989069591896,-0.08719481946236907,False,True,False,all
2026-08-28,HELO,69.69000244140625,43,6,False,0.017222015568556737,0.04018724763840753,0.10199241922436064,-0.007689034454161581,False,True,False,all
2026-08-28,HYDR,43.402400970458984,43,3,False,-0.0434274724222482,-0.023891322117073677,0.7360266358980401,-0.419754021394535,True,True,False,all
2026-08-28,ICF,67.77999877929688,43,5,False,-0.01326804757204747,0.04367961839205048,0.1505686463225211,-0.04548659709567304,False,True,False,all
2026-08-28,INMD,14.850000381469727,43,2,False,-0.007087433818838029,0.03445215842371563,0.16745283567029778,-0.11290319088948186,True,True,False,all
2026-08-28,ITRN,50.779998779296875,43,4,False,-0.08900420098079198,-0.011359270958481993,0.5524304555362094,-0.25651542444565134,False,True,False,all
2026-08-28,IYK,75.16000366210938,43,6,False,0.01143861536503965,0.04953895923895035,0.15258403185602787,-0.04046978290365033,False,True,False,all
2026-08-28,NWE,70.31999969482422,43,5,False,-0.011973776498618527,0.01767103384741775,0.26702702152836433,-0.06464486021047511,False,True,False,all
2026-08-28,QGRO,118.87999725341797,43,4,False,0.017754168807127435,0.04760714642892139,0.17644724060550132,-0.017601891126442504,False,True,False,all
2026-08-28,RSPA,54.470001220703125,43,6,False,0.009543136627470528,0.042386912539731814,0.11095253063117183,-0.012509039677623512,False,False,False,all
2026-08-28,SPRX,44.347198486328125,43,5,False,-0.08082162011229355,0.013646984922195182,0.3603435755229354,-0.249624371720635,False,True,False,all
2026-08-28,TCBI,98.63999938964844,43,5,False,-0.024050470861866846,0.0068300878688793976,0.30804925871143074,-0.09438118758826652,True,True,False,all
2026-08-28,VNOM,44.18000030517578,43,4,False,0.023675693339847204,0.023718982360437568,0.25868952210209617,-0.13592803868086534,False,True,False,all
2026-08-28,WRBY,25.0,43,5,False,-0.0711292091684711,0.013664193247641787,0.6711229903911575,-0.19354838709677424,False,True,False,all
2026-08-28,XLG,62.63999938964844,43,6,False,0.018798314535686256,0.04865338890739257,0.19087454765739142,-0.032885554482207646,True,True,False,all
2026-08-28,CGGR,46.9900016784668,43,6,False,0.015130863310814036,0.05361937234848502,0.21893651383765378,-0.021449370459769468,False,True,False,all
2026-08-28,MAS,73.25,43,5,False,-0.042728922580226536,0.0563682388062432,0.2594566745560152,-0.12422285348479256,True,True,False,all
2026-08-28,PEN,321.67999267578125,43,5,False,0.003328601920563834,-0.005472428342573443,0.45385519597779256,-0.11238655272966058,False,True,False,all
2026-08-28,RYLD,16.209999084472656,43,6,False,0.005589306856380816,0.03806776522149469,0.10951399489350155,-0.01578629263639486,False,True,False,all
2026-08-28,TIC,9.5600004196167,43,3,False,0.14923188622636352,0.06459394545955299,0.5031446885102566,-0.3602783549628843,False,True,False,all
2026-08-28,GATX,177.60000610351562,43,3,False,-0.007176688660408659,-4.5291462900776125e-05,0.18069411159042081,-0.13601864072365677,True,True,False,all
2026-08-28,SFLR,39.0,43,6,False,0.008966346860284524,0.043964420478761035,0.12511906141472529,-0.027916225366463432,False,True,False,all
2026-08-28,DFIN,48.31999969482422,43,4,False,0.035691929192511296,0.0356042469058655,0.33813344996101846,-0.15774794152960647,True,True,False,all
2026-08-28,MAIN,58.54999923706055,43,4,False,0.06690427269979482,0.03672997848613169,0.1961184540244043,-0.13053159457753272,False,True,False,all
2026-08-28,CNX,36.20000076293945,43,3,False,0.0507677715708581,-0.022209597942188797,0.261324034865003,-0.17010541840067628,False,True,False,all
2026-08-28,STRL,470.5199890136719,43,4,False,-0.2668253109445272,-0.09482852825460852,0.7680080426138358,-0.5321374667484693,False,True,False,all
2026-08-28,COLB,30.06999969482422,43,5,False,-0.0508866242920073,0.01648791727967369,0.26185479610138906,-0.10718529031001212,False,True,False,all
2026-08-28,NTST,20.469999313354492,43,5,False,-0.029047961331797878,0.0377929678727662,0.20270263001180489,-0.08900756836300161,False,False,False,all
2026-08-28,ACVA,7.159999847412109,42,2,False,-0.03114937620960445,0.07690223150650066,0.7613775514453327,-0.3988245223220649,False,True,False,all
2026-08-28,ARES,142.52999877929688,42,4,False,0.10450013218628618,0.06807806841202835,0.4877869962310155,-0.2371956429033526,False,True,False,all
2026-08-28,ARGT,93.80000305175781,42,7,False,0.0069261373663365156,0.015654426591540593,0.4107385481338619,-0.09781665912801973,False,True,False,all
2026-08-28,AVY,177.75,42,4,False,0.0535043925272769,0.02697076571039969,0.16618555396502765,-0.10920113270168741,False,True,False,all
2026-08-28,BKH,72.80000305175781,42,4,False,-0.012200913077207831,0.0027507158542745547,0.2538753243166052,-0.07485066980439126,False,True,False,all
2026-08-28,EME,740.1699829101562,42,4,False,-0.06343731509715167,-0.021395146440792767,0.31022092562066694,-0.22247787110180073,False,True,False,all
2026-08-28,EQX,12.989999771118164,42,3,False,0.23983504714842319,-0.021476313734558716,0.5889907606167863,-0.314873396710427,False,True,False,all
2026-08-28,ETR,105.75,42,4,False,-0.0469143464981463,0.005006021378171299,0.22395831171745173,-0.1072182125407024,False,True,False,all
2026-08-28,EWZ,35.54999923706055,42,4,False,0.012745478888316342,-0.008086002727702546,0.24040472527324797,-0.1539743253264939,False,False,False,all
2026-08-28,EZA,70.72000122070312,42,4,False,0.07988262657758849,0.024578605164772283,0.2565743204443376,-0.1350293618771221,False,True,False,all
2026-08-28,GSK,50.81999969482422,42,4,False,-0.017857144700205496,-0.026818043974730865,0.3155578123131473,-0.17633713020390085,False,True,False,all
2026-08-28,HLN,10.109999656677246,42,4,False,0.03412295760334705,0.027204111605887427,0.16878613902124573,-0.10372341347438696,False,True,False,all
2026-08-28,IYR,103.43000030517578,42,5,False,-0.00879558249167256,0.03799057858559585,0.11876694125885923,-0.04381989409268883,False,True,False,all
2026-08-28,KOID,36.2400016784668,42,5,False,-0.05498008675785271,0.018572121360205474,0.3064167980346746,-0.163434858407982,False,True,False,all
2026-08-28,MKTX,162.72000122070312,42,4,False,0.19456981783641947,0.03438511046099224,0.49627587329382195,-0.16966882580438192,True,False,False,all
2026-08-28,MTX,72.08000183105469,42,5,False,-0.02712126621550104,0.026427541321353942,0.3362996601072119,-0.14536394402625796,False,True,False,all
2026-08-28,ORI,42.06999969482422,42,4,False,0.002459081184329248,0.011863592641201182,0.14788534633806782,-0.10029937542895973,True,True,False,all
2026-08-28,PB,72.30000305175781,42,5,False,-0.011890083375194926,0.02555959440132316,0.18388739828150613,-0.06347142603865019,False,True,False,all
2026-08-28,PYPL,53.65999984741211,42,2,False,-0.0029988113012264783,0.0462848402911713,0.39521583787754455,-0.32260301296327754,False,True,False,all
2026-08-28,QYLD,18.260000228881836,42,6,False,0.011096610880059643,0.027325990509452502,0.11205847405837432,-0.015102517412014071,True,True,False,all
2026-08-28,SBRA,20.610000610351562,42,6,False,0.011047471609952897,0.04055701251531585,0.2003494769232479,-0.09486165147070236,True,True,False,all
2026-08-28,TTWO,235.38999938964844,42,2,False,-0.02715566085066501,0.030537873869084686,0.2545434805945097,-0.11487554625592211,False,True,False,all
2026-08-28,CMRE,15.40999984741211,42,5,False,0.02789523901567681,-0.0367997589437985,0.4215866817799996,-0.1467330950661241,False,True,False,all
2026-08-28,MELI,1966.25,42,4,False,0.07923355844439017,0.055707956596464436,0.3152173913043479,-0.22846772611340005,False,True,False,all
2026-08-28,PINS,23.190000534057617,42,3,False,0.018857004824162082,0.0508762063688053,0.6755780547965822,-0.3987554908596609,False,True,False,all
2026-08-28,IAUM,44.43000030517578,42,5,False,0.05946652761208182,-0.012892599206956734,0.3102329845208336,-0.1961280995622865,False,False,False,all
2026-08-28,HIG,138.5500030517578,42,6,False,0.0015223647587496725,0.01796297529000923,0.15141694459777622,-0.051482192752749345,False,True,False,all
2026-08-28,REET,27.68000030517578,42,5,False,-0.014111581035461285,0.03919898758820484,0.12314870322739324,-0.047487927946589514,False,False,False,all
2026-08-28,ON,72.61000061035156,42,4,False,-0.17748848654413496,-0.06559915220115564,0.6294882938193431,-0.46182922031002305,False,True,False,all
2026-08-28,GPIQ,56.93000030517578,42,5,False,-0.0004670188825619537,0.0473371417355668,0.1931258539897145,-0.04847069090968448,True,True,False,all
2026-08-28,BIP,38.099998474121094,42,5,False,-0.01679453182597357,0.02540911487087727,0.2662013386810935,-0.13487743682838937,True,True,False,all
2026-08-28,NVAX,9.260000228881836,42,6,False,0.0943298432115598,0.09210351051765597,0.4935484699602579,-0.22639932979881616,False,False,False,all
2026-08-28,NLY,23.040000915527344,42,4,False,0.007997516157647322,0.022747742413321337,0.15200004577636728,-0.06035887090563741,False,True,False,all
2026-08-28,CNNE,15.640000343322754,42,4,False,0.058802843981620834,0.09802161864071501,0.49521991264671517,-0.21327962758728547,False,True,False,all
2026-08-28,REYN,24.049999237060547,42,3,False,-0.06847216848717808,0.02139511591743637,0.17661441334054095,-0.11969255103553955,False,False,False,all
2026-08-28,FSS,118.12999725341797,42,5,False,-0.034642725306727296,0.026459126962631085,0.1674077913163483,-0.1217753172429542,False,True,False,all
2026-08-28,ZS,184.22999572753906,42,3,False,0.18292167341228183,0.0481089925215632,0.6072409659981597,-0.4533072166345121,False,True,False,all
2026-08-28,COR,322.0299987792969,42,3,False,0.0495210390911327,-0.0021796675043191938,0.31537451656403137,-0.14703080073438124,False,True,False,all
2026-08-28,OCSL,13.020000457763672,42,3,False,0.06202490523804638,0.056548079609120894,0.22483540146682834,-0.09014674521495092,False,True,False,all
2026-08-28,AAAU,43.935001373291016,41,5,False,0.05903965016683621,-0.01365800549626861,0.30836804578908783,-0.19694750304318154,False,False,False,all
2026-08-28,ALKT,20.219999313354492,41,4,False,0.10086345257717899,0.09362911396807294,0.44635192957380987,-0.24804760980625484,False,True,False,all
2026-08-28,ALLW,30.15999984741211,41,6,False,0.02148436122966646,0.031012940175352277,0.13888677017284756,-0.01098543966558263,False,False,False,all
2026-08-28,AMH,33.540000915527344,41,5,False,-0.005438332079527042,0.0587823332841475,0.23218228367376104,-0.06443508108546392,False,True,False,all
2026-08-28,BALT,34.75,41,6,False,0.008003695208577577,0.02624621312623976,0.0697573808470826,-0.0017236820144757026,False,True,False,all
2026-08-28,BAR,43.849998474121094,41,5,False,0.05851394418454925,-0.014107181903180388,0.3066149189439382,-0.197254032510369,False,False,False,all
2026-08-28,FREL,29.530000686645508,41,5,False,-0.010600917759948314,0.03539924883284118,0.11983313412378238,-0.044954702012246606,False,False,False,all
2026-08-28,FWRD,16.989999771118164,41,2,False,0.09498458140064492,-0.1306594873962157,1.1615775423048889,-0.4690625071525574,False,True,False,all
2026-08-28,GLD,408.8900146484375,41,5,False,0.05911946043977223,-0.014230328083109423,0.30606575233183064,-0.1977830000868167,False,False,False,all
2026-08-28,GLDM,88.19999694824219,41,5,False,0.05939325771342041,-0.013077317371470998,0.3098685400974628,-0.19628213354138158,False,False,False,all
2026-08-28,IAU,83.81999969482422,41,5,False,0.05930435161175307,-0.01363576547284806,0.3078484082432227,-0.1971264514393064,False,False,False,all
2026-08-28,IFRA,59.20000076293945,41,4,False,-0.037188577655344,0.01149440052074091,0.16857483105506943,-0.0785992099153392,False,False,False,all
2026-08-28,ITRI,97.52999877929688,41,2,False,0.057366427224443406,0.054746099069797216,0.25408258954826857,-0.3131690226810079,True,True,False,all
2026-08-28,KIM,23.780000686645508,41,4,False,-0.04981856714618793,0.03597150482146505,0.20344131635625762,-0.10769226915445052,False,True,False,all
2026-08-28,KKR,108.68000030517578,41,3,False,0.07368175523772624,0.025517632280129376,0.31462444311509663,-0.2854701121365454,False,True,False,all
2026-08-28,LRMR,4.010000228881836,41,4,False,0.03435828673039776,0.02260054758829444,0.47697987316833723,-0.3753893798710549,True,True,False,all
2026-08-28,LSPD,10.600000381469727,41,4,False,0.02954606560492712,0.041185807448785194,0.35376762257394634,-0.22712356809783874,False,True,False,all
2026-08-28,MC,68.4000015258789,41,5,False,0.018821407345304353,0.036423331011604665,0.33960046388988685,-0.12549863791474147,False,True,False,all
2026-08-28,MO,68.6500015258789,41,5,False,-0.01955461439388917,0.03842554535153031,0.25502743269413086,-0.10913569036023096,False,False,False,all
2026-08-28,NWN,49.5,41,3,False,-0.014462518109129574,-0.006950345739136443,0.2102689035030858,-0.11591358249526162,False,True,False,all
2026-08-28,OUNZ,42.880001068115234,41,5,False,0.06014758047379454,-0.012808369081194981,0.3089134085800651,-0.19625112849974347,False,False,False,all
2026-08-28,PGR,218.63999938964844,41,3,False,0.008814672289563896,0.03785901964560434,0.15560255241156207,-0.12484490338553578,False,True,False,all
2026-08-28,PTCT,70.08999633789062,41,3,False,-0.08960432901255888,-0.0458487250658981,0.43172288257231606,-0.22867839529665934,True,True,False,all
2026-08-28,RVLV,22.90999984741211,41,2,False,-0.04514613704603987,-0.06620718158058336,0.3204610572735558,-0.2768308198636872,False,True,False,all
2026-08-28,SEI,49.88999938964844,41,3,False,-0.20319552811121655,-0.15984784200224,1.0305250309041716,-0.42116257133691704,False,True,False,all
2026-08-28,VNQ,97.23999786376953,41,5,False,-0.010855785196222878,0.03516239292318102,0.11976050166346108,-0.04479376278279534,False,True,False,all
2026-08-28,CVNA,74.04000091552734,41,5,False,0.08788924590297764,0.016991909760172508,0.3594300815462972,-0.23966396754377262,False,True,False,all
2026-08-28,CWST,93.68000030517578,41,4,False,0.01152980327834996,0.01762762065871115,0.2650911066093735,-0.13227120137453474,False,True,False,all
2026-08-28,WDFC,217.1699981689453,41,3,False,-0.07418775629797236,-0.005410321912320271,0.23828254146792016,-0.2734359230393426,False,True,False,all
2026-08-28,NJR,53.599998474121094,41,4,False,-0.054420266426474684,0.008074912271053059,0.2333179844283808,-0.1192902080746221,False,True,False,all
2026-08-28,IWMI,52.11000061035156,41,5,False,-0.012717761181691989,0.02841554056280038,0.14176164126265478,-0.032491644637368644,False,False,False,all
2026-08-28,PALL,25.790000915527344,41,1,False,0.10038745499114343,-0.05212709660450077,0.29767536493373137,-0.34679089376982675,False,False,False,all
2026-08-28,UPS,105.33000183105469,41,4,False,-0.025427866966855506,0.0060354648470914984,0.2845122174518864,-0.13953109484581783,False,True,False,all
2026-08-28,SMIN,71.80750274658203,41,3,False,0.01872025799857968,0.058494351894939234,0.24277439016338898,-0.05441795578045672,True,True,False,all
2026-08-28,DDS,620.2899780273438,41,4,False,0.07040928307733751,0.024528255464137505,0.2330337952484398,-0.16400712370235093,False,False,False,all
2026-08-28,CEVA,27.1200008392334,41,4,False,-0.2692508506713448,-0.05330893803238501,0.5934195129156188,-0.47441857284482536,False,False,False,all
2026-08-28,H,172.25,41,5,False,-0.07007303019040201,0.01906886405845931,0.28372342675712625,-0.1673112274399734,False,True,False,all
2026-08-28,SGOL,42.439998626708984,41,5,False,0.05925748661734942,-0.013419067836090481,0.3086647618666727,-0.19682061877075063,False,False,False,all
2026-08-28,TBPH,17.049999237060547,41,4,False,0.005840317033726006,-0.014947708266784154,0.30351676884640555,-0.1892535102061288,False,True,False,all
2026-08-28,ARKF,46.099998474121094,40,3,False,0.10104535549327975,0.0740124727189233,0.2869186611777279,-0.22128381959446286,False,True,False,all
2026-08-28,ARKX,32.349998474121094,40,3,False,-0.004805282601024197,0.013410808505702088,0.2857710123336319,-0.14621274755261338,False,True,False,all
2026-08-28,DTM,129.52999877929688,40,4,False,-0.07306294196944152,-0.029134227205488417,0.2858872639814225,-0.15273420563672901,False,False,False,all
2026-08-28,EMN,73.02999877929688,40,6,False,0.03450423627000565,0.038492312839385034,0.30155048983948496,-0.12507490462114434,False,True,False,all
2026-08-28,ES,70.83999633789062,40,3,False,-0.026832227919452833,0.00843943312679385,0.13434740548362267,-0.07483352983898361,False,True,False,all
2026-08-28,EWM,28.360000610351562,40,4,False,0.01878796574985908,0.0028802953717761426,0.1505071419568036,-0.07441249427919905,False,True,False,all
2026-08-28,GMED,82.97000122070312,40,4,False,0.022926784543487733,-0.03532340146273105,0.5322252794591484,-0.1817554243376629,False,True,False,all
2026-08-28,IBN,29.8799991607666,40,3,False,0.009527643995510315,0.03399050600787801,0.1913875299705845,-0.09536783938680271,False,True,False,all
2026-08-28,IDEF,33.29999923706055,40,4,False,0.013350637036125823,0.005835786667322429,0.16678339764675698,-0.0970716303517083,False,True,False,all
2026-08-28,IWY,287.20001220703125,40,6,False,0.010069071621852999,0.03870086918362392,0.20293198830170156,-0.052520398411861624,True,True,False,all
2026-08-28,KNG,51.54999923706055,40,6,False,0.007422273003014013,0.02819968284223373,0.08116608446130114,-0.031015065831133226,False,True,False,all
2026-08-28,MDLZ,62.36000061035156,40,6,False,0.015291247740530922,0.05739989983675908,0.21796874377178033,-0.06436610378563334,True,True,False,all
2026-08-28,MRCY,88.54000091552734,40,4,False,-0.15498011622019625,-0.019415652713243636,0.36131610807511105,-0.3107045307972738,False,False,False,all
2026-08-28,NEXT,7.349999904632568,40,6,False,0.013681237252877398,0.095735190125956,0.5473684009752775,-0.3478261219085129,False,True,False,all
2026-08-28,NOMD,11.880000114440918,40,4,False,0.027646114687564838,0.06024570710952348,0.32146834448287187,-0.2384615497476248,False,False,False,all
2026-08-28,PHYS,33.79999923706055,40,4,False,0.06255224152199212,-0.013187688069771775,0.29353235065580163,-0.1965771456561506,False,False,False,all
2026-08-28,QQA,56.05690002441406,40,5,False,-0.0001362374916056286,0.034782799784077945,0.1630062061641233,-0.04225352479859601,True,True,False,all
2026-08-28,RSG,222.11000061035156,40,6,False,0.027492633803306576,0.034872856790205686,0.13084871681207622,-0.05557442160247006,False,True,False,all
2026-08-28,SHW,344.8599853515625,40,4,False,0.00734987481210525,0.03168216886006259,0.18974678389392774,-0.08711651168488754,False,True,False,all
2026-08-28,SYY,81.94000244140625,40,5,False,-0.011897239182351083,0.033909327144327595,0.2016424623509141,-0.10789326289980294,False,True,False,all
2026-08-28,TRP,61.86000061035156,40,4,False,-0.0679860832507565,-0.006778810499227683,0.2555307496573005,-0.1344620182763867,False,True,False,all
2026-08-28,TRS,39.529998779296875,40,5,False,-0.030314655041173477,0.05140245686054268,0.29904693995593856,-0.1298701625852009,False,True,False,all
2026-08-28,UTF,27.139999389648438,40,5,False,-0.010868083367908898,0.03809865780406407,0.15883856965141208,-0.034507335455052246,False,True,False,all
2026-08-28,XLP,85.44999694824219,40,6,False,0.006812592898740588,0.02792969591369565,0.13690783375148152,-0.05203020271980219,False,True,False,all
2026-08-28,XLRE,44.47999954223633,40,5,False,-0.0088994200722472,0.03452204398890424,0.11969795470761024,-0.042514308706755655,False,True,False,all
2026-08-28,XYLD,41.52000045776367,40,6,False,0.009609775993154823,0.024077672285995666,0.08634220647991486,-0.0045552297022157795,True,True,False,all
2026-08-28,YANG,28.5,40,4,False,-0.0972156233575786,0.034039866299842014,0.4292878253098269,-0.3249644913315479,True,True,False,all
2026-08-28,DFGR,29.110000610351562,40,5,False,-0.012728359235994025,0.03466926029138451,0.11884084107199477,-0.04322099127967083,False,True,False,all
2026-08-28,PAHC,37.66999816894531,40,3,False,0.10382126385203194,-0.10359364278040228,0.3334512626175332,-0.3730027127017478,False,True,False,all
2026-08-28,CHPY,65.95999908447266,40,3,False,-0.10562227730905993,0.005003676826913495,0.29714849682918754,-0.2659693007294027,True,True,False,all
2026-08-28,KRG,26.0,40,4,False,-0.06880793307945621,0.011002427630229406,0.2189404638067407,-0.13101604499659802,False,True,False,all
2026-08-28,RNW,6.820000171661377,40,4,False,0.07111448491822236,0.15559926165583393,0.5553021244426388,-0.17233005326456385,False,False,False,all
2026-08-28,TOL,146.22000122070312,40,5,False,-0.03461442989895913,0.013795304886462967,0.18733251651626048,-0.13150391606904743,False,False,False,all
2026-08-28,USAC,26.93000030517578,40,4,False,0.023479613741235417,0.022368350893118727,0.23249427162547032,-0.1184942396821177,False,False,False,all
2026-08-28,PECO,39.06999969482422,40,4,False,-0.05913461810431231,0.012404339513314433,0.18465737529161097,-0.1195493026518486,False,True,False,all
2026-08-28,CRSP,57.720001220703125,40,3,False,0.07888860963776345,0.0858707205088518,0.30825028599422444,-0.26452600978891716,False,False,False,all
2026-08-28,KSA,39.2599983215332,40,4,False,0.041923717559561036,0.02902347848336584,0.09634171504990152,-0.05397594405944084,False,True,False,all
2026-08-28,CPK,132.7100067138672,40,6,False,0.012571160788592994,0.02930391626783435,0.11633588307516196,-0.05765813400278563,True,True,False,all
2026-08-28,OCUL,10.359999656677246,40,3,False,0.0705354391807207,0.039359693726769285,0.662921288115496,-0.3698297250529191,False,False,False,all
2026-08-28,PPLT,16.489999771118164,40,3,False,0.08084368553723631,-0.059284487373801875,0.3484340213971169,-0.36969653093958976,False,False,False,all
2026-08-28,AGX,417.739990234375,39,4,False,-0.3125809988231476,-0.18312228576051537,1.1205075646414975,-0.48155136179413593,False,True,False,all
2026-08-28,APOG,40.33000183105469,39,6,False,-0.02523790553284133,0.06276595101541571,0.3115447749936484,-0.20735060958306217,False,True,False,all
2026-08-28,AXP,333.20001220703125,39,1,False,-0.0274718364403842,-0.014030351659297335,0.14513527445840135,-0.14010678829279233,False,True,False,all
2026-08-28,BAM,52.119998931884766,39,3,False,0.06105761700559631,0.05970711644385518,0.23507104240759102,-0.1670129585089941,False,True,False,all
2026-08-28,BCC,78.75,39,5,False,-0.0015949088768962838,0.024207718063503414,0.21153846153846145,-0.14374253610129561,False,True,False,all
2026-08-28,BKD,11.720000267028809,39,4,False,-0.16960702735254152,-0.11822680096615412,0.6076818008720168,-0.3142188319258685,False,True,False,all
2026-08-28,BKGI,44.2400016784668,39,4,False,-0.016235194997313518,0.010567135978950759,0.17973337809244794,-0.055508079966934964,False,False,False,all
2026-08-28,BRK.A,757985.0,39,4,False,0.007575469161944515,0.026217380889512754,0.08593839541547288,-0.05969212371123789,False,True,False,all
2026-08-28,BRK.B,505.0,39,4,False,0.0065728235045809935,0.025574373118738114,0.08833859048661341,-0.06088442524072868,False,True,False,all
2026-08-28,ED,107.48999786376953,39,4,False,-0.02137695530480932,0.003449836828879116,0.13195028327823266,-0.07519577768852126,False,True,False,all
2026-08-28,FLG,13.449999809265137,39,4,False,-0.06580355848694153,-0.006753351494909299,0.2724692712953587,-0.12888599904150788,False,True,False,all
2026-08-28,ICE,162.3300018310547,39,5,False,0.1201599946527776,0.04719946081457227,0.3328680565791735,-0.086802391722553,False,True,False,all
2026-08-28,IIPR,56.310001373291016,39,5,False,-0.06516142936883051,0.03716367401038689,0.26312245537112444,-0.13872738239756943,False,True,False,all
2026-08-28,IWF,122.75,39,6,False,0.009085467600247199,0.038027644428244356,0.2007238185390774,-0.04948117871960156,True,True,False,all
2026-08-28,OR,37.400001525878906,39,6,False,0.17080626882398997,0.01887927499539166,0.35802470161837907,-0.2218060662257143,False,False,False,all
2026-08-28,PFGC,100.8499984741211,39,5,False,-0.08216554214761396,0.0400380986317137,0.24783468021442734,-0.14151947406632548,False,True,False,all
2026-08-28,PHIN,68.6500015258789,39,5,False,-0.10893219986877933,-0.03178739150839871,0.35151105424883466,-0.2103295168368855,False,True,False,all
2026-08-28,PHO,71.9000015258789,39,3,False,0.024794636214763077,0.02767800506664453,0.13157067185859317,-0.04043772543649082,False,True,False,all
2026-08-28,SBET,8.199999809265137,39,3,False,0.3297872044274639,0.08315167977076543,0.8385649639303698,-0.580348033517795,False,False,False,all
2026-08-28,SONY,24.850000381469727,39,3,False,0.12792535903719515,0.08475731993010283,0.2862319241199047,-0.18094923347091307,False,True,False,all
2026-08-28,SPPP,14.949999809265137,39,2,False,0.10565473408500381,-0.04212105693292467,0.2594776708846602,-0.3721125516760516,False,True,False,all
2026-08-28,VDC,230.35000610351562,39,5,False,0.0018920327730769237,0.018668166046818424,0.12119741798558592,-0.05721767946126288,False,False,False,all
2026-08-28,CL,90.75,39,5,False,-0.012644674606789974,0.03777144868684945,0.21730377310642113,-0.08637875438327258,False,True,False,all
2026-08-28,CMP,24.6200008392334,39,4,False,-0.13080315245880014,-0.01952972390298713,0.5012195982867822,-0.28637678726859717,False,True,False,all
2026-08-28,DEO,92.98999786376953,39,3,False,0.06604207903573833,0.08278234955158403,0.28350589069314913,-0.17911371057708347,False,True,False,all
2026-08-28,VONG,126.37999725341797,39,6,False,0.009234656560457521,0.03818306548456962,0.20098824690468664,-0.049345607548635484,True,False,False,all
2026-08-28,PPA,170.00999450683594,39,4,False,-0.033005588279996556,-0.0009534769945006571,0.178252147879024,-0.08743965796069364,False,False,False,all
2026-08-28,CBU,63.15999984741211,39,4,False,-0.04062605262614627,0.01428933900224072,0.18144408771149423,-0.11179863162287984,False,True,False,all
2026-08-28,UAL,110.5999984741211,39,6,False,-0.10267187444723858,0.024376632129654574,0.3067107664422737,-0.2029978016216738,False,True,False,all
2026-08-28,NBHC,41.220001220703125,39,4,False,-0.05288405623235559,0.0025440860581316116,0.1756987908193537,-0.12817254050453408,False,True,False,all
2026-08-28,INCM,29.530000686645508,39,6,False,0.008900074050964157,0.02081825249363245,0.07773726634195799,-0.014023374477294182,False,True,False,all
2026-08-28,QRVO,94.7300033569336,39,6,False,0.028129519370154066,0.08276442078528112,0.26441545211088413,-0.1348067841338414,False,True,False,all
2026-08-28,NMRK,15.829999923706055,39,3,False,0.02982122134279286,0.0034881105859245753,0.18488026425916249,-0.20191577240363057,False,True,False,all
2026-08-28,DLX,23.639999389648438,39,3,False,-0.043967801531183404,-0.05437165419291967,0.3310810295601445,-0.2628625003241363,False,False,False,all
2026-08-28,JJSF,89.26000213623047,39,3,False,0.103634873864624,0.06744353759938493,0.2960650294247358,-0.21653645311036274,False,True,False,all
2026-08-28,LIN,489.510009765625,39,4,False,-0.029951378987900124,0.02197143487126718,0.26233949999114636,-0.10705946941723454,True,True,False,all
2026-08-28,D,65.55000305175781,39,5,False,-0.049950394184939184,0.024408469870709437,0.17367958536527728,-0.1019317033807553,False,True,False,all
2026-08-28,FSTA,53.68000030517578,39,5,False,0.0025249949202961197,0.018975772297755045,0.12113615513101861,-0.057087651195823486,False,False,False,all
2026-08-28,CVCO,568.4000244140625,39,3,False,-0.02373802649006007,0.012889346783089728,0.28208604932828485,-0.20281620646405452,False,True,False,all
2026-08-28,ABEV,2.859999895095825,38,4,False,-0.05210131557589981,-0.015710804270027245,0.3619047737986598,-0.1710145346183427,False,False,False,all
2026-08-28,ADSK,260.6600036621094,38,4,False,0.15509958841444282,0.04916012507206036,0.4051752218981637,-0.20793701855805202,False,True,False,all
2026-08-28,ALLY,42.18000030517578,38,2,False,-0.052654273494600945,-0.012857652469005276,0.17427623762081823,-0.10805668241536726,False,True,False,all
2026-08-28,BC,76.63999938964844,38,5,False,-0.051818423799878,-0.02391249744629409,0.3087431282848916,-0.1508033308626212,False,True,False,all
2026-08-28,BOXX,118.05999755859375,38,6,False,0.0042958459577837615,0.015740255441388573,0.040909887714306814,0.0,False,False,False,all
2026-08-28,EWQ,46.20000076293945,38,6,False,0.003375008692191983,0.017928335001921036,0.11111108052992535,-0.04525725675411907,False,True,False,all
2026-08-28,FELE,100.55999755859375,38,4,False,-0.043690142534789755,0.007786366924905863,0.1230734479605684,-0.13175619216404133,False,True,False,all
2026-08-28,HEI,336.5299987792969,38,4,False,-0.04699415508692051,0.04354302450074843,0.31400577106488736,-0.10701583649068735,False,False,False,all
2026-08-28,INVH,29.239999771118164,38,5,False,-0.02286444577514901,0.04907398154237308,0.20577318643786247,-0.06670922941836577,False,True,False,all
2026-08-28,KHC,25.700000762939453,38,4,False,0.022153313874154312,0.07046093390554131,0.22177328021712683,-0.08508363747474923,False,True,False,all
2026-08-28,KMB,109.55000305175781,38,5,False,0.0012119004542201495,0.06204147537499494,0.18534954795712677,-0.16711013404950148,False,True,False,all
2026-08-28,PHM,128.5500030517578,38,5,False,-0.00628154540249648,0.02782156676250147,0.18490188573123167,-0.11038060171793906,False,True,False,all
2026-08-28,PNW,97.63999938964844,38,4,False,-0.05731786574479014,-0.006630778190874542,0.14439755905873009,-0.12162651877520081,True,True,False,all
2026-08-28,PWRD,105.71479797363281,38,4,False,-0.06072381602600796,-0.002365401802170042,0.18611418848089567,-0.14213426037625176,False,True,False,all
2026-08-28,SLGN,42.099998474121094,38,4,False,-0.03666179666364722,0.0064209780083801515,0.17993268256822348,-0.15035319631987565,True,True,False,all
2026-08-28,TCHP,50.7400016784668,38,4,False,0.017061983082226506,0.03424118323701619,0.2008046478728922,-0.04731499666697436,True,True,False,all
2026-08-28,USLM,119.95999908447266,38,3,False,0.07737599319714716,0.019592900730605933,0.24607877082659546,-0.15186653694970076,False,True,False,all
2026-08-28,VYX,8.779999732971191,38,3,False,0.07976482631148807,0.04645269711307365,0.4584717210613507,-0.3623820304217249,False,False,False,all
2026-08-28,DGP,158.64999389648438,38,4,False,0.11020290248814546,-0.07618897564018712,0.5049326185932299,-0.37230467301094217,False,False,False,all
2026-08-28,CHH,108.86000061035156,38,5,False,-0.00586471688955903,0.0365782873218663,0.29533554764917236,-0.12082053885756872,False,True,False,all
2026-08-28,NICE,108.83499908447266,38,3,False,0.11444928225906326,0.0353580337414261,0.30968713697829875,-0.2918076244701423,False,True,False,all
2026-08-28,OZK,49.400001525878906,38,5,False,-0.028981147646510053,0.024102724116509044,0.16591934791633522,-0.07938871288943272,False,True,False,all
2026-08-28,AOM,49.810001373291016,38,6,False,0.005848113174398373,0.022582658094229657,0.0769730026657518,-0.006977641052348438,False,False,False,all
2026-08-28,GTN,4.829999923706055,38,4,False,0.12341254631712317,0.04181269128553855,0.3605633770655696,-0.25000001851075904,False,True,False,all
2026-08-28,DIS,108.0999984741211,38,3,False,0.07341949189982055,0.038974003137898894,0.17257832315198018,-0.09751210906836794,False,True,False,all
2026-08-28,GIS,41.54999923706055,38,4,False,0.11632328808956949,0.03672448082802693,0.3086613932932456,-0.19053189645664947,False,True,False,all
2026-08-28,JEPQ,60.150001525878906,38,6,False,0.009811057901414566,0.024734195215027732,0.12408901911091386,-0.025437454046867147,False,True,False,all
2026-08-28,O,61.97999954223633,38,4,False,-0.019831109813374326,0.0038327969529676764,0.10955959300062479,-0.08772450228140671,False,True,False,all
2026-08-28,PPG,114.22000122070312,38,5,False,-0.020626682338250935,0.028886665591066008,0.22304317343601499,-0.1439705651618829,False,True,False,all
2026-08-28,IMKTA,82.12000274658203,38,4,False,-0.07024556059682852,-0.01961775955799605,0.23656073209097106,-0.1411838486951159,False,True,False,all
2026-08-28,UUP,28.18000030517578,38,5,False,-0.003324597581245259,0.01628472826233951,0.06742426940779644,-0.014685317157060895,False,True,False,all
2026-08-28,XRT,86.88999938964844,38,3,False,-0.018342945795631227,0.014180905694050505,0.12493528991156766,-0.07089389960868353,False,True,False,all
2026-08-28,SNDX,19.540000915527344,38,4,False,-0.06378610758943248,-0.06469245501708876,0.504234123157753,-0.23642044552503516,True,True,False,all
2026-08-28,HIFS,295.6700134277344,38,5,False,-0.004782996167599141,0.01686199704198632,0.18967535058131735,-0.12523664666350776,False,False,False,all
2026-08-28,RL,354.0400085449219,38,4,False,-0.08200119651790583,-0.03250085755674603,0.20874023872477565,-0.16024667120618052,False,True,False,all
2026-08-28,XMMO,153.1699981689453,38,4,False,-0.0495886815694504,0.006128924588335138,0.18451783358467688,-0.1194090144931299,False,True,False,all
2026-08-28,EVRG,80.6500015258789,38,4,False,-0.04547851682148285,0.0014671406447110957,0.1452712812117758,-0.08993456300711433,False,True,False,all
2026-08-28,CCJ,100.01000213623047,38,4,False,0.03968498817312427,-0.04842461168097356,0.3662569167447498,-0.26049986635584954,False,True,False,all
2026-08-28,SPLV,75.08000183105469,38,5,False,-0.010662893438746601,0.014844216117445574,0.07827092909111366,-0.0474498588968546,False,True,False,all
2026-08-28,ADBE,291.5199890136719,37,4,False,0.21376237847504576,0.08299114398470109,0.5333473411567402,-0.21393517627057834,False,True,False,all
2026-08-28,AOK,41.33000183105469,37,6,False,0.002634602176640799,0.01284005183188075,0.052993677224323354,-0.00720632306902147,False,True,False,all
2026-08-28,ARKQ,122.31999969482422,37,3,False,-0.008471602579775528,-0.006801042721420347,0.2889356978721225,-0.15300244166405075,False,True,False,all
2026-08-28,ARQQ,20.040000915527344,37,2,False,-0.05957431887890208,0.016700261909954772,0.7395833436813615,-0.6767741787818171,False,True,False,all
2026-08-28,ASHR,34.290000915527344,37,4,False,-0.019204010093599067,0.003979054414576355,0.11295038980548444,-0.08143586301671113,False,True,False,all
2026-08-28,BEP,31.729999542236328,37,4,False,-0.04682657871077922,-0.001431937383515658,0.29616013625699966,-0.16762853013365753,False,True,False,all
2026-08-28,BLOK,62.06999969482422,37,4,False,0.006846942211980345,0.04056780546625949,0.32345410821734566,-0.18210567671594025,False,False,False,all
2026-08-28,BNTX,102.07499694824219,37,3,False,0.07147802366128753,0.04425404163449631,0.2836393518276439,-0.17681454073998237,False,False,False,all
2026-08-28,ETD,23.469999313354492,37,3,False,0.0334654034942532,0.03990355692010805,0.2839167632253181,-0.23798701640505648,False,True,False,all
2026-08-28,ETH,23.260000228881836,37,3,False,0.2791324435010012,0.062430353576723885,0.6008259226667911,-0.4812088612947628,False,False,False,all
2026-08-28,FTS,54.65999984741211,37,4,False,-0.0397858259461894,-0.01006506517393091,0.12376645833274513,-0.07979800600512965,False,True,False,all
2026-08-28,GSOL,7.860000133514404,37,3,False,0.3282187551640503,0.10176466031969422,0.7049891335951834,-0.6579634338517704,False,True,False,all
2026-08-28,GTES,25.8700008392334,37,5,False,-0.04765757932712744,0.039438005840371604,0.23898476432139804,-0.1473302337137008,False,True,False,all
2026-08-28,HBAN,16.920000076293945,37,2,False,-0.036940069745145854,-0.0023349573760929054,0.13633308839254132,-0.13052410728042652,False,True,False,all
2026-08-28,HLF,12.430000305175781,37,4,False,0.0023062163379434786,-0.11252951839166803,0.6441799469916021,-0.39068624815634645,False,True,False,all
2026-08-28,HR,18.989999771118164,37,4,False,-0.06526876074545362,0.015231129880218797,0.1643163944163215,-0.13838480116670193,False,True,False,all
2026-08-28,IBOC,70.93000030517578,37,4,False,-0.05171514120507059,-0.003900554771391951,0.12231011786267576,-0.09597245561002143,False,True,False,all
2026-08-28,INSP,61.439998626708984,37,2,False,0.15920150931596622,-0.08052240506303354,0.5790284982690725,-0.582126102585806,False,True,False,all
2026-08-28,IP,39.310001373291016,37,3,False,-0.006183826135383486,0.023540687593293308,0.34347235358149675,-0.2177114154568952,True,True,False,all
2026-08-28,JANX,18.030000686645508,37,3,False,0.12052307660280737,0.14023900139663192,0.4876238330767777,-0.4898132255575217,False,True,False,all
2026-08-28,JBSS,74.66000366210938,37,4,False,-0.09872494261615583,-0.0419176609798384,0.263924226304866,-0.18918329520569455,False,False,False,all
2026-08-28,MGY,26.25,37,4,False,0.00917289838938773,-0.005907747664597229,0.2461428594582442,-0.19871790766406028,False,True,False,all
2026-08-28,NPKI,13.15999984741211,37,4,False,-0.06731492890739121,-0.05799488667905317,0.3016815325726012,-0.2024242516719934,True,True,False,all
2026-08-28,PCG,16.600000381469727,37,4,False,-0.045658876950994576,-0.013935561290362886,0.15760113004419884,-0.1336116642134606,False,False,False,all
2026-08-28,TT,448.9599914550781,37,4,False,-0.050437889282311854,0.011726803662608587,0.28989253175955243,-0.11249926702793644,False,True,False,all
2026-08-28,UL,65.06999969482422,37,3,False,0.04376531203830858,0.03039142644667936,0.18849314511094462,-0.1321686212113642,False,True,False,all
2026-08-28,WAY,26.239999771118164,37,3,False,0.15245928381954577,0.02829575965703479,0.5202780662314095,-0.3672534603635764,False,True,False,all
2026-08-28,AKAM,107.47000122070312,37,4,False,-0.0837272189147944,-0.015352410319019794,0.5175092019741625,-0.35043817949224243,False,True,False,all
2026-08-28,BMNR,23.799999237060547,37,3,False,0.36118224818722555,0.05254077049546746,0.85937491268851,-0.637195125142426,False,False,False,all
2026-08-28,PAM,80.44999694824219,37,3,False,-0.02690793748754583,-0.04290399410900214,0.4640581588945305,-0.1486772809709821,False,True,False,all
2026-08-28,KT,19.6299991607666,37,4,False,0.07277134165865329,-0.010210554410924666,0.14594279757618622,-0.20138327006931556,False,True,False,all
2026-08-28,XAR,261.7900085449219,37,4,False,-0.04880904432531541,-0.015356369752030918,0.23602457399846188,-0.12089055699318185,False,True,False,all
2026-08-28,OCFC,18.8799991607666,37,5,False,-0.021792110885224925,0.003918857376958185,0.10733137862717879,-0.08393990287977249,False,True,False,all
2026-08-28,SKYW,98.87000274658203,37,3,False,-0.03344566498606849,0.019177513076525265,0.26935426269526763,-0.2005336442916742,False,True,False,all
2026-08-28,SPGI,442.8900146484375,37,3,False,0.053218498735395636,0.02801275394105951,0.226736057018474,-0.1523137015580126,False,True,False,all
2026-08-28,CME,285.79998779296875,37,6,False,0.12523223271542383,0.02527562066767919,0.30914750120988344,-0.1317292969581162,False,True,False,all
2026-08-28,ELS,63.7400016784668,37,4,False,-0.015829470365242737,-0.0014279610414766886,0.08549046923373949,-0.07623185973236524,True,True,False,all
2026-08-28,KREF,7.590000152587891,37,4,False,0.03600776859121324,0.03850260769905178,0.44571431477864576,-0.23970747236274126,False,True,False,all
2026-08-28,SPYI,53.72999954223633,37,4,False,0.008427012153686686,0.022910288935855228,0.12476447618505371,-0.013585490396235467,False,True,False,all
2026-08-28,ARCC,19.950000762939453,36,3,False,0.04545506066291405,0.03401364243000149,0.1465517931215088,-0.1137272074594532,False,True,False,all
2026-08-28,AXS,99.5199966430664,36,2,False,-0.06920717188775827,-0.033547640560640524,0.1300101849428652,-0.1705975630064075,False,True,False,all
2026-08-28,BANC,18.600000381469727,36,2,False,-0.06908768195424364,-0.030108334774887946,0.21330727162672702,-0.1518467796336569,True,True,False,all
2026-08-28,BCO,110.97000122070312,36,3,False,0.007973327886978021,-0.015906269294365227,0.21878086217769477,-0.18625793653990586,True,True,False,all
2026-08-28,DUOT,9.34000015258789,36,2,False,-0.0323148657342186,-0.012778895874562157,0.5514950468738056,-0.3887434348291229,False,False,False,all
2026-08-28,EFC,13.569999694824219,36,4,False,0.004114112803343062,0.02643231267000523,0.20301418582124686,-0.03895185518360833,False,True,False,all
2026-08-28,ETHA,18.3700008392334,36,3,False,0.27587170949457196,0.052998182845605424,0.5939263728649073,-0.4902885579195717,False,False,False,all
2026-08-28,ETHW,17.40999984741211,36,3,False,0.27568216339544804,0.05280980345111219,0.592863619515893,-0.48959250847598657,False,False,False,all
2026-08-28,EWH,22.940000534057617,36,5,False,0.034265129554179374,0.010541552209392124,0.11359223831339271,-0.06974855328456109,True,True,False,all
2026-08-28,FCPT,25.229999542236328,36,5,False,-0.002971734988337471,0.02067853355241156,0.10755042940043036,-0.06068507189411787,False,True,False,all
2026-08-28,FIW,110.47000122070312,36,3,False,0.0096034461341592,0.015469209901084024,0.12129521909070973,-0.05012899121301073,False,True,False,all
2026-08-28,FTHI,23.84000015258789,36,5,False,-0.0008047138678706212,0.006661114038924554,0.06571297533330211,-0.022550194785735722,False,True,False,all
2026-08-28,GBCI,46.880001068115234,36,4,False,-0.0640024089130441,-0.012310283548161771,0.1749373251955677,-0.14107732694428643,False,True,False,all
2026-08-28,KVYO,20.149999618530273,36,2,False,0.17241135917485773,-0.02263937804528604,0.6081404667158903,-0.4437543004197694,False,True,False,all
2026-08-28,KYIV,13.4399995803833,36,4,False,-0.046991029208933166,0.038802407180640985,0.44671686066428085,-0.18791539577313088,True,True,False,all
2026-08-28,MGRC,112.27999877929688,36,4,False,-0.05116349420497368,0.002201117372808703,0.18201917364314402,-0.12061404675023824,False,True,False,all
2026-08-28,MIAX,43.0,36,2,False,0.01836852014596846,-0.010370398394180635,0.2639623580659598,-0.24746236508028485,False,True,False,all
2026-08-28,NFG,82.97000122070312,36,4,False,0.028860690506363085,-0.0075061907269580175,0.10376484291282306,-0.1451679032794606,False,True,False,all
2026-08-28,SMA,33.040000915527344,36,4,False,-0.019118840535697124,0.021029401488737554,0.12342744260281435,-0.1692230189784304,True,True,False,all
2026-08-28,TETH,12.149999618530273,36,3,False,0.2761130209493934,0.053249761812642626,0.5903141139869261,-0.48906647318334473,False,False,False,all
2026-08-28,WCN,165.92999267578125,36,2,False,-0.008558715860900179,0.0016754528987330541,0.1296207595156038,-0.1046781900588245,False,True,False,all
2026-08-28,WMK,71.19999694824219,36,4,False,-0.061149281624916174,0.003151009546357608,0.18686439333438432,-0.1497492385410345,False,True,False,all
2026-08-28,YUM,153.86000061035156,36,4,False,0.004272696772160467,-0.005894783838356066,0.12036698870529627,-0.09568589889325796,False,True,False,all
2026-08-28,CDNS,340.3900146484375,36,4,False,-0.023113025478752713,0.04021402182239364,0.2954900652652237,-0.1831097154861493,False,True,False,all
2026-08-28,CWK,14.119999885559082,36,2,False,0.03172630943777199,-0.005952328100675586,0.22039760224674798,-0.18850573591266795,False,True,False,all
2026-08-28,COO,71.16999816894531,36,2,False,-0.01695638774012531,-0.03082581067215584,0.20852434889743643,-0.20772574064067884,False,True,False,all
2026-08-28,CUBE,40.02000045776367,36,5,False,-0.025058090852962067,0.025178623105763354,0.1404958758545971,-0.07489593133333017,False,True,False,all
2026-08-28,JEPI,57.790000915527344,36,4,False,0.012467083596252149,0.008503098021278355,0.048820372339386964,-0.035225384918228575,False,True,False,all
2026-08-28,MTN,141.92999267578125,36,2,False,-0.03137442970344617,0.026581635215125132,0.1976203705795978,-0.1424169626841012,False,True,False,all
2026-08-28,FFIN,33.38999938964844,36,5,False,-0.03519418686340081,0.03198088232338847,0.18741103816263993,-0.12408183826783914,False,True,False,all
2026-08-28,CASH,81.5,36,3,False,-0.06374570414358005,-0.03343313270489989,0.23728551088042882,-0.19514123759987967,False,False,False,all
2026-08-28,KRC,36.209999084472656,36,3,False,-0.048547491393115316,0.01602317324534308,0.3234648492943646,-0.19586941891900134,False,True,False,all
2026-08-28,UE,21.389999389648438,36,4,False,-0.04967125158151764,0.016999892124475835,0.15872158453357166,-0.1128163065883665,False,True,False,all
2026-08-28,FETH,24.260000228881836,36,3,False,0.2764860444253392,0.05339145802914169,0.5939553090177299,-0.48969289521073356,False,False,False,all
2026-08-28,DAPP,19.049999237060547,36,3,False,0.018498679385413386,0.03242235723811482,0.3925437728135901,-0.3070207567962565,False,False,False,all
2026-08-28,CGBD,11.779999732971191,36,3,False,0.09614022513124554,0.024058396078552535,0.1845148410715367,-0.15857144764491493,False,True,False,all
2026-08-28,JGRO,94.23999786376953,36,3,False,-0.004916308645937728,0.017331534687923922,0.16116305583370405,-0.055048684531929015,True,True,False,all
2026-08-28,CTRE,39.029998779296875,36,4,False,-0.03899663203799175,0.0031665106194633807,0.19030185085522966,-0.10522696618483307,False,True,False,all
2026-08-28,UBER,78.81999969482422,36,3,False,0.06968563088818813,0.027105841420716592,0.20501445164240173,-0.22717912201443546,False,True,False,all
2026-08-28,AES,14.729999542236328,35,4,False,2.712833612972254e-05,0.01089818015500188,0.19464717221254446,-0.16543910138266027,True,False,False,all
2026-08-28,ARCO,8.0,35,3,False,-0.020400164061037063,-0.018422973649497743,0.22324159734907711,-0.17948717948717952,False,True,False,all
2026-08-28,AWI,175.08999633789062,35,3,False,0.041135197392379474,0.001918668866133455,0.16509181368193926,-0.15037851910817535,True,True,False,all
2026-08-28,BBSI,34.369998931884766,35,2,False,-0.0537103055530922,0.0183748637855623,0.35688902626952945,-0.3077543227471966,False,True,False,all
2026-08-28,ERIE,260.3999938964844,35,2,False,0.07099580613278533,0.02113660280413021,0.27254062299226467,-0.2721174174801275,False,True,False,all
2026-08-28,EXR,142.91000366210938,35,4,False,-0.028267321038641158,0.012451103291152288,0.13682288364411588,-0.10051611738357102,False,True,False,all
2026-08-28,FDIS,102.29000091552734,35,4,False,0.0043792547776371205,0.012807882644169766,0.13718737505222678,-0.04802230041198019,True,True,False,all
2026-08-28,GEHC,71.7249984741211,35,2,False,0.06115254370870771,-0.014950524790577124,0.22085103785738025,-0.20101368880177028,True,True,False,all
2026-08-28,GGOV,50.189998626708984,35,3,False,0.001142143012639929,0.0101711202171626,0.0445369286915176,-0.02201872710122399,False,True,False,all
2026-08-28,JAAA,50.70000076293945,35,3,False,0.0019961046768250945,0.0019812519760191716,0.007551690588629256,-0.0029498075847136374,False,False,False,all
2026-08-28,MCHP,72.93000030517578,35,4,False,-0.11290754045512885,-0.05170625708777432,0.5030915007649444,-0.31139648962860533,False,True,False,all
2026-08-28,OHI,45.9900016784668,35,4,False,-0.046760318098659326,-0.006665392206158138,0.17142138677174468,-0.12216067542933007,False,True,False,all
2026-08-28,POR,49.599998474121094,35,3,False,-0.0271610638875317,-0.02043366454865636,0.18660285596715864,-0.09190773628582438,False,True,False,all
2026-08-28,QDVO,29.610000610351562,35,3,False,-0.0004928127467602739,0.01683742160187851,0.1499029363243325,-0.043913423737677926,True,True,False,all
2026-08-28,QGEN,43.11000061035156,35,3,False,0.043992512353857816,0.008425783448464674,0.32523831011601945,-0.2544102241804306,False,False,False,all
2026-08-28,SDIV,24.899999618530273,35,4,False,0.009511284949675236,-0.004270854087866538,0.08733624599633782,-0.05824511665737875,False,True,False,all
2026-08-28,TSPY,25.760000228881836,35,4,False,0.01086207632223224,0.023444683474623806,0.13655412258263655,-0.03412072908919772,False,True,False,all
2026-08-28,UGL,53.06999969482422,35,4,False,0.10821544753261247,-0.08702743595960694,0.4559670393418249,-0.41294249116100057,False,False,False,all
2026-08-28,UI,599.3499755859375,35,2,False,0.08012823591284102,-0.08638146124700341,0.1851184674941908,-0.4551314276430516,False,False,False,all
2026-08-28,USDU,26.3799991607666,35,2,False,-0.007188317572222935,0.004554356681963911,0.049323778887152336,-0.0319266363021431,False,False,False,all
2026-08-28,VCR,393.80999755859375,35,4,False,0.003835268527474067,0.012249756497260789,0.13660235820684385,-0.04941102945114251,True,True,False,all
2026-08-28,VKTX,32.15999984741211,35,1,False,-0.0940589883708225,-0.044157914427113476,0.4007578884265417,-0.2546929615257515,True,True,False,all
2026-08-28,VZLA,4.0,35,2,False,0.16069874263332284,-0.018850339180173314,0.3888888336994052,-0.44367177076959063,False,False,False,all
2026-08-28,CTSH,64.04000091552734,35,3,False,0.2748744006954955,0.016352272274917867,0.7270765305597564,-0.26416176245240286,False,True,False,all
2026-08-28,CLS,298.70001220703125,35,3,False,-0.10584010425128665,-0.09070606080018584,0.6263748570786707,-0.3698710778300285,False,True,False,all
2026-08-28,EPAC,37.61000061035156,35,3,False,0.04322694395132398,0.009558745762081378,0.16259667339515627,-0.16422220865885417,True,True,False,all
2026-08-28,FLTR,25.600000381469727,35,6,False,0.001353406256192402,0.0031348100615129493,0.01026046674491754,-0.00039048139959019235,False,False,False,all
2026-08-28,PAAA,51.5099983215332,35,6,False,0.0022004872006597953,0.0028309022603092426,0.0068412524465399915,-0.0005821224963367122,False,False,False,all
2026-08-28,BRX,29.170000076293945,35,4,False,-0.05890475524870764,0.0027397479068425046,0.18288727724202025,-0.11229459724645263,False,True,False,all
2026-08-28,IWP,140.91000366210938,35,3,False,-0.00552600064587605,0.022179532565944404,0.14616886988649358,-0.0497672800468969,False,False,False,all
2026-08-28,ZWS,48.04999923706055,35,4,False,-0.02750512164164698,-0.005437508369080413,0.11588475858397662,-0.12636365023526275,False,True,False,all
2026-08-28,REG,75.5199966430664,35,4,False,-0.0445731375616264,-0.003540170306169821,0.12952431878042892,-0.09729866916955054,False,True,False,all
2026-08-28,CAG,16.09000015258789,35,3,False,0.08999024977586623,0.011208775607751686,0.28411815606420054,-0.20816927193723167,False,True,False,all
2026-08-28,WFG,67.66999816894531,35,5,False,-0.011507849291622296,0.029892261298455347,0.18015343545288087,-0.12105468182133938,False,True,False,all
2026-08-28,CSL,356.5299987792969,35,4,False,-0.007273994693841379,0.016866438174707232,0.2150427961644552,-0.17643391059733482,False,True,False,all
2026-08-28,ZTO,21.5,35,3,False,-0.06760917707737346,-0.06518081136103504,0.21195041022510908,-0.1793893368731393,False,False,False,all
2026-08-28,MNDY,100.70999908447266,35,3,False,0.20564717698235313,0.04335879803070464,0.7514782449473505,-0.543885880015748,False,True,False,all
2026-08-28,MTH,71.05999755859375,35,3,False,-0.049715458629447595,0.010736726946398711,0.22453901522302866,-0.16772077952076714,True,True,False,all
2026-08-28,TPL,364.3800048828125,35,3,False,-0.061364947196992814,-0.06727434196843995,0.3533985367431711,-0.33410088312470543,False,True,False,all
2026-08-28,PENN,17.360000610351562,35,6,False,-0.13559589537193706,0.05272736139752565,0.4901288565485502,-0.22361358960273237,False,True,False,all
2026-08-28,ALGM,35.77000045776367,34,4,False,-0.25137919319068125,-0.08647985274897241,0.5961624587826297,-0.5016023111209194,False,True,False,all
2026-08-28,BIL,91.6500015258789,34,5,False,0.0011185627327265912,0.0014013234200549451,0.004273497485418165,-0.0014164006880253988,False,True,False,all
2026-08-28,BILS,99.41000366210938,34,3,False,0.0011803844219400172,0.00112921566121571,0.0033306603245464306,-0.0011052349745501733,False,True,False,all
2026-08-28,BSCQ,19.524999618530273,34,1,False,-0.0004760994831449761,-0.0013914212142884796,0.0012820317195012532,-0.0048420599714325,False,True,False,all
2026-08-28,DUSB,50.7599983215332,34,3,False,-0.0004096325379231436,-0.000156429973530825,0.004154284622000404,-0.0029464059384893826,False,True,False,all
2026-08-28,FLOT,51.060001373291016,34,6,False,0.0014317665337335583,0.0023409824920133104,0.007696925566196944,-0.0005871751655368573,False,True,False,all
2026-08-28,FTSM,59.88999938964844,34,2,False,0.0009211905107813223,-0.0003461914397286936,0.0031825565206178297,-0.004156967119009147,False,True,False,all
2026-08-28,GBIL,100.1500015258789,34,3,False,0.0010735554190526297,0.0009529940504338086,0.003004537369478033,-0.0010971534810272354,False,True,False,all
2026-08-28,IDA,135.77999877929688,34,4,False,-0.06550032922068438,-0.024524125933252372,0.11022073091718787,-0.12349108792572872,False,True,False,all
2026-08-28,IGF,64.95999908447266,34,3,False,-0.022799356330291176,-0.009582488281478785,0.09360265009709501,-0.06666665935881733,False,True,False,all
2026-08-28,JBBB,47.61000061035156,34,3,False,0.003763332773669026,0.002888503153434696,0.025635555543868094,-0.020350180723042843,False,True,False,all
2026-08-28,LUV,39.63999938964844,34,4,False,-0.1481680572765003,-0.07640942616638069,0.3547504811883342,-0.2807113237047819,False,True,False,all
2026-08-28,LWLG,5.489999771118164,34,3,False,-0.22573551143243953,-0.2360995503583292,0.933098569379347,-0.7065740224608408,False,True,False,all
2026-08-28,MINT,100.77999877929688,34,6,False,0.0012677151415592114,0.002242054677563443,0.004986039151241295,-0.00039675575925834927,False,True,False,all
2026-08-28,NVO,45.61000061035156,34,0,False,-0.0476488587365137,-0.017339282086298202,0.29869026188788195,-0.2891209786933473,False,False,False,all
2026-08-28,RBC,500.6199951171875,34,4,False,-0.13043841573761394,-0.07728023319039534,0.37344305930641286,-0.25022092095632376,False,False,False,all
2026-08-28,SBIL,100.05999755859375,34,1,False,-0.0011910861929579353,-0.001154893500910803,0.0005499755680848928,-0.006454190564868401,False,False,False,all
2026-08-28,SGVT,100.76000213623047,34,6,False,0.0011303175072538973,0.001544233804965156,0.0045862320087397546,-0.0002976364621924965,False,True,False,all
2026-08-28,SHV,110.36000061035156,34,3,False,0.001117600326529855,0.0010962598490773523,0.003090383363564486,-0.0012669628022482504,False,True,False,all
2026-08-28,STC,69.91000366210938,34,3,False,0.024553585165379754,0.025183854648405335,0.22412892514376415,-0.11067290269295016,False,True,False,all
2026-08-28,USFR,50.36000061035156,34,4,False,-0.0012137666196679886,-0.0005755106253040321,0.0025881160521596946,-0.0029696637530414183,False,True,False,all
2026-08-28,CRI,33.54999923706055,34,4,False,-0.13763413458624785,-0.07830052231416207,0.23572742940895575,-0.24504949878876492,False,False,False,all
2026-08-28,CLIP,100.3499984741211,34,3,False,0.0011932346730125776,0.0012304471986126497,0.0029984549046748743,-0.000995504999095398,False,True,False,all
2026-08-28,FLRN,30.84000015258789,34,5,False,0.0012466897671574717,0.0019835004767947417,0.00685605607493045,-0.0009718395150601911,False,True,False,all
2026-08-28,VGUS,75.67500305175781,34,6,False,0.0012848023116669438,0.0015689981127806618,0.004179968668458045,-0.004276275634765625,False,False,False,all
2026-08-28,TBLL,105.61000061035156,34,2,False,-0.0002593740201306538,-0.0004167783030780692,0.0014223547049223573,-0.002738441089223942,False,False,False,all
2026-08-28,FMS,23.100000381469727,34,1,False,-0.03477322663253801,-0.0016897664183457284,0.15384614651752626,-0.16425467107206249,False,True,False,all
2026-08-28,WEN,8.270000457763672,34,4,False,0.05237712459792965,0.07412368232050426,0.3624382576417866,-0.22128055114114498,False,True,False,all
2026-08-28,CLOI,52.9900016784668,34,3,False,0.0021704219443783312,0.0032450028170174505,0.01199347184225652,-0.0030103451141804127,False,True,False,all
2026-08-28,SRLN,40.77000045776367,34,3,False,0.00928334228909744,0.0037978012429888963,0.03503430031730059,-0.020658193328999097,False,True,False,all
2026-08-28,PULS,49.709999084472656,34,3,False,0.001603837069672931,0.0011035931216383243,0.004242405746922362,-0.0026083681323681995,False,False,False,all
2026-08-28,TFLO,50.650001525878906,34,6,False,0.001241455206508757,0.0019108808576695502,0.00515979637586339,-0.00039464463763616564,False,True,False,all
2026-08-28,STRF,101.6500015258789,34,3,False,0.060320294812750364,0.02076359218904944,0.23212123061671397,-0.1315677157143622,False,True,False,all
2026-08-28,TBUX,49.779998779296875,34,1,False,-0.0013493429247098954,-0.001631849304652433,0.0034266915310183776,-0.007179908550734582,False,False,False,all
2026-08-28,SGOV,100.69000244140625,34,6,False,0.0012031804560681536,0.0016294511134715695,0.004188748503053619,-0.0004962817492898397,False,True,False,all
2026-08-28,TBIL,49.869998931884766,34,1,False,-0.0011897017088179362,-0.0011736967611626348,0.0006019016694429613,-0.0029988309577398953,False,True,False,all
2026-08-28,CLOA,51.974998474121094,34,6,False,0.0019813823706273936,0.0026509439326238837,0.008635740449561391,-0.0014409368691412627,False,False,False,all
2026-08-28,CSHI,49.75,34,2,False,-0.0003628848266485907,-6.63283933683978e-05,0.004036342401996684,-0.0036050531559304044,False,False,False,all
2026-08-28,VBIL,75.69999694824219,34,6,False,0.0011796850438039463,0.002008278208310621,0.005178587203445328,-0.00039622880445389086,False,False,False,all
2026-08-28,AIG,76.93000030517578,33,1,False,-0.011360416938186124,-0.006046021098853993,0.07971930252878279,-0.11868484937211976,False,True,False,all
2026-08-28,ALB,137.36000061035156,33,4,False,0.05856477726055087,-0.1197704278865861,0.9278596576891447,-0.3784615356997667,False,True,False,all
2026-08-28,AMDY,42.150001525878906,33,3,False,-0.14624608722941468,-0.007214443989242536,0.43611587659435,-0.2945606439183447,False,True,False,all
2026-08-28,AN,200.08999633789062,33,2,False,-0.0059269960243168995,-0.005872420788041399,0.13288416866465624,-0.15147789148264368,True,True,False,all
2026-08-28,AVGO,368.7900085449219,33,3,False,-0.04485123036952532,-0.0016064389345709085,0.28422185918003917,-0.2549696797072285,False,True,False,all
2026-08-28,BILZ,100.93000030517578,33,3,False,0.001120847560297067,0.0008533027031647489,0.0029812487324460957,-0.0031604908130786757,False,True,False,all
2026-08-28,BJ,90.5999984741211,33,3,False,-0.015307314221509993,-0.030200287809808324,0.08878527937207403,-0.1435053930833169,False,False,False,all
2026-08-28,BKLN,20.520000457763672,33,2,False,0.003648766317174257,-0.004941323598852798,0.020387858526521585,-0.026103428809999052,False,True,False,all
2026-08-28,ETHE,19.6200008392334,33,3,False,0.27468820042118014,0.043392287962671805,0.5873787527683367,-0.4990425027296538,False,False,False,all
2026-08-28,FLGT,19.610000610351562,33,2,False,0.002023502538242239,-0.06313895658963475,0.4569094022863951,-0.3682345350530605,True,True,False,all
2026-08-28,GSST,50.57500076293945,33,3,False,0.0015089654262052665,0.000930788423467499,0.0040699193051783045,-0.0050167432407889345,False,False,False,all
2026-08-28,GSY,50.130001068115234,33,1,False,-0.0007175989537797633,-0.0016608903689039334,0.0015984382072766756,-0.005159720672404222,False,True,False,all
2026-08-28,HEI.A,250.05999755859375,33,3,False,-0.028262244181636365,0.02716274647126382,0.25437667370196193,-0.10584282956414082,False,True,False,all
2026-08-28,HLNE,106.04000091552734,33,2,False,0.172127174663546,-0.010545141824841675,0.4752365743932334,-0.32092242224982837,False,True,False,all
2026-08-28,IBTG,22.889999389648438,33,3,False,0.0011108596093758472,0.0004173585188353979,0.003067471330426619,-0.002614438836442523,False,False,False,all
2026-08-28,ICSH,50.540000915527344,33,2,False,0.0007247240487613382,-0.000578397246796869,0.002777765583529934,-0.004530225333121085,False,True,False,all
2026-08-28,JMST,50.95000076293945,33,2,False,0.0006650303581368089,-0.00015972382080897685,0.002952785986844564,-0.0035204439940453858,False,True,False,all
2026-08-28,JPST,50.540000915527344,33,2,False,0.0009942776942002407,-0.000625826794700135,0.002976811424802772,-0.004922228696467079,False,False,False,all
2026-08-28,SPOT,547.510009765625,33,3,False,0.11015587827077411,0.07449902126097174,0.3518765673225308,-0.2650872352139262,False,True,False,all
2026-08-28,TUSI,25.295000076293945,33,1,False,-0.0012634740602266437,-0.002419902936507068,0.0025763192721743877,-0.009980397979688527,False,True,False,all
2026-08-28,VNLA,48.970001220703125,33,2,False,0.000798295632548518,-0.001791429441827419,0.0034836472602539637,-0.009446346893228985,False,False,False,all
2026-08-28,WATT,11.100000381469727,33,3,False,-0.3530374939778571,-0.2670085939325466,2.066298544856284,-0.6998377361040263,False,True,False,all
2026-08-28,XHLF,50.29999923706055,33,3,False,0.0011902688893474789,0.0005958643601882141,0.0031910620135575662,-0.002379986835435388,False,True,False,all
2026-08-28,CAIE,27.190000534057617,33,3,False,0.006366893729990553,0.015641041866959915,0.1129758573231412,-0.024748875447599294,False,True,False,all
2026-08-28,IR,78.58000183105469,33,3,False,-0.0410828260284577,-0.042207214821772365,0.1543999145489876,-0.22167192409236014,False,True,False,all
2026-08-28,IBDR,24.239999771118164,33,3,False,0.0013218710819746793,0.0008065409846536031,0.0033112551411966784,-0.003289470588401344,False,False,False,all
2026-08-28,QQQI,54.529998779296875,33,2,False,-0.005163030214786701,0.008691222022398692,0.13912680167151792,-0.05722685623372914,True,True,False,all
2026-08-28,IBDS,24.219999313354492,33,2,False,0.00196252884999204,-0.00037416767583087207,0.004145873575528203,-0.006562750324847766,False,True,False,all
2026-08-28,JD,28.739999771118164,33,1,False,-0.019092557436045432,-0.015551994132066649,0.17267832752884416,-0.22029301966297365,False,True,False,all
2026-08-28,GAP,23.479999542236328,33,2,False,0.16820568245272605,-0.02076088945394572,0.2965211900001432,-0.200272511780606,False,False,False,all
2026-08-28,DEC,14.75,33,5,False,0.07634379001172409,0.019868420118358987,0.1962692693648096,-0.21957670382498085,False,True,False,all
2026-08-28,VUSB,49.7400016784668,33,2,False,0.0007847280757202757,-0.0008643180954064356,0.002923690980839,-0.005796464279549052,False,True,False,all
2026-08-28,VRIG,25.040000915527344,33,1,False,-0.0016665046043635723,-0.0021280109071148967,0.0016000366210937589,-0.005559943921829902,False,True,False,all
2026-08-28,UDR,37.119998931884766,33,4,False,-0.04474664416086771,0.0016703213935487238,0.1268974037475059,-0.11619050162179134,False,True,False,all
2026-08-28,WLFC,53.41999816894531,33,4,False,-0.17974027033314233,-0.10176866440012,1.3281197717853663,-0.3448614270879129,True,True,False,all
2026-08-28,PMMF,100.2979965209961,33,2,False,4.464130801817845e-05,-0.00029073164394288753,0.001978002496435538,-0.002704615438535396,False,False,False,all
2026-08-28,CMCSA,27.059999465942383,33,4,False,0.10701104736433353,0.006054299815759778,0.27161647522521815,-0.17650642229696312,False,True,False,all
2026-08-28,UYLD,51.13079833984375,33,2,False,0.000743404624983679,-0.0005491832522092066,0.003351633799835385,-0.006397216293931862,False,True,False,all
2026-08-28,UFO,43.97999954223633,33,3,False,-0.05172191517181468,-0.05009774367171993,0.42376174850215387,-0.35524539903718766,False,True,False,all
2026-08-28,AA,50.31999969482422,32,4,False,0.0218628228807507,-0.12259518629703836,0.6656736583844423,-0.403650138270348,False,True,False,all
2026-08-28,ABG,211.6199951171875,32,1,False,-0.01010664605976963,-0.015020011458690363,0.2302773203610411,-0.19652216875254047,False,True,False,all
2026-08-28,ADT,7.539999961853027,32,3,False,0.061732563591102574,0.025996906957758803,0.20833337154144038,-0.15612763203692337,False,True,False,all
2026-08-28,ALV,122.06999969482422,32,4,False,0.011741067652260906,0.02469827289769655,0.23104069369320857,-0.07641672553563061,False,True,False,all
2026-08-28,BMA,76.05000305175781,32,2,False,-0.13185919414350122,-0.09960038028687024,0.9856398059185576,-0.2835609801360469,False,False,False,all
2026-08-28,BSCR,19.614999771118164,32,1,False,-0.00037713254546700714,-0.0030571657280487052,0.002299441849549222,-0.009343407730850406,False,True,False,all
2026-08-28,EFX,194.35000610351562,32,2,False,0.11039633746379707,0.03182576244818347,0.28922060433509533,-0.28505735461406057,False,True,False,all
2026-08-28,EMLC,25.56999969482422,32,3,False,0.0017472683627512975,-0.004149711469222606,0.031048406510150173,-0.039804712705513556,False,False,False,all
2026-08-28,FLDR,50.0099983215332,32,1,False,-0.002342460353305209,-0.003769115476714102,0.020216595485289313,-0.012050585207881825,False,False,False,all
2026-08-28,FXE,106.97799682617188,32,2,False,0.009083973733024164,-0.0032637563466862973,0.022734210198283256,-0.04090016184248024,False,True,False,all
2026-08-28,FXU,47.34000015258789,32,4,False,-0.033060575352557575,-0.01615835527114262,0.09608709557384709,-0.08291357744785222,False,True,False,all
2026-08-28,IBTH,22.364999771118164,32,2,False,0.0008233847208105605,-0.0022117396784189225,0.0033646860704512616,-0.008203967725122552,False,False,False,all
2026-08-28,IYC,102.04000091552734,32,3,False,0.00745422239746607,0.002583104138506931,0.085647443714443,-0.04955290298602388,True,True,False,all
2026-08-28,LUNR,15.369999885559082,32,3,False,-0.0725431833704786,-0.21734470788559035,0.9755783381833227,-0.6712299489719982,False,True,False,all
2026-08-28,LXU,10.390000343322754,32,3,False,-0.03517565669108813,-0.09209666471799804,0.34760055666872525,-0.39663177946441164,False,True,False,all
2026-08-28,MDU,19.790000915527344,32,3,False,-0.044625917612734045,-0.049457922746538374,0.25571069975367844,-0.13881630505892284,False,True,False,all
2026-08-28,MEAR,50.22999954223633,32,1,False,-0.00022373436814526748,-0.00200573496202916,0.0027949568620875276,-0.011025819318696173,False,True,False,all
2026-08-28,MISL,44.63999938964844,32,3,False,-0.007876548167779052,-0.020655750864346456,0.16950488685029708,-0.12641877255131884,False,True,False,all
2026-08-28,MRP,30.610000610351562,32,3,False,0.044873961121685735,0.031894007070262465,0.1638783839665514,-0.14972220526801217,False,True,False,all
2026-08-28,NG,8.75,32,2,False,0.27740955847837756,-0.007199222871401734,0.7224409707503576,-0.39236109501417726,False,False,False,all
2026-08-28,NGG,79.3499984741211,32,3,False,-0.026468787189921406,-0.04471080259969307,0.17520738180115858,-0.16155960496761945,False,True,False,all
2026-08-28,SHLD,66.19000244140625,32,4,False,0.03384079562737696,-0.028933887437240124,0.14337542130363135,-0.1567400197157257,False,True,False,all
2026-08-28,SHM,47.7599983215332,32,1,False,-0.00022611185535548195,-0.003995729839097573,0.00589719422907331,-0.015460730281391943,False,False,False,all
2026-08-28,SMG,60.43000030517578,32,4,False,-0.07748626721393503,-0.03293818761450862,0.1621153904841497,-0.19790279741779315,False,True,False,all
2026-08-28,TDC,28.770000457763672,32,4,False,-0.05215298438391036,-0.03406294801657073,0.42074076334635424,-0.311392979934217,False,True,False,all
2026-08-28,VSDM,76.16000366210938,32,1,False,-0.0013937570250704967,-0.004619792611437634,0.003822339594424351,-0.019062284121248774,False,False,False,all
2026-08-28,WM,219.66000366210938,32,4,False,-0.03753802014308416,-0.023156110273704567,0.13162641271144926,-0.114738244712279,False,True,False,all
2026-08-28,YEAR,50.290000915527344,32,2,False,0.00039946249942102163,-0.0025094749420683238,0.002591727841122493,-0.009649426458223975,False,True,False,all
2026-08-28,BUXX,20.170000076293945,32,1,False,-0.0030545841989463307,-0.004577113548557055,0.0004960431030518464,-0.012242899072768876,False,True,False,all
2026-08-28,CMC,67.62999725341797,32,3,False,-0.008808350752792737,-0.027766839184658942,0.27411444838818255,-0.2031342634056692,False,True,False,all
2026-08-28,CGSM,26.299999237060547,32,2,False,-0.0010513930730010612,-0.003382467219171459,0.004583610790143577,-0.01424291843210801,False,True,False,all
2026-08-28,EVSM,50.16999816894531,32,1,False,-0.0011225481728687203,-0.0041630178017133534,0.004605517592331632,-0.013954459203320613,False,False,False,all
2026-08-28,NU,14.300000190734863,32,2,False,0.023651371557286582,-0.046097494257374194,0.27678575305914466,-0.2465753142452416,False,True,False,all
2026-08-28,SMMU,50.290000915527344,32,1,False,-0.0007232540658281827,-0.0037391794264878264,0.0031916984640536494,-0.011984294539587048,False,True,False,all
2026-08-28,PPLI,39.13999938964844,32,5,False,-0.08465215031185302,-0.024690494627285675,0.32408660679252277,-0.18998345122421623,False,True,False,all
2026-08-28,UAE,19.59000015258789,32,4,False,0.01245019745160536,0.006386892837218827,0.13302481869709015,-0.12113058106958696,False,False,False,all
2026-08-28,CGHM,25.3700008392334,32,3,False,-0.010020726887000286,-0.009020150110691683,0.03466559402940761,-0.15433330535888667,True,False,False,all
2026-08-28,GVA,122.5199966430664,32,4,False,-0.06351613778141418,-0.02710019427073318,0.25971616236913797,-0.2440770282642516,True,True,False,all
2026-08-28,SUB,106.30000305175781,32,2,False,0.0004235367663196765,-0.00280908456018647,0.0056765006701886556,-0.011254758259044761,False,False,False,all
2026-08-28,AAL,13.640000343322754,31,2,False,-0.1263578418135296,-0.02029439222697227,0.3518335120960683,-0.27408197558675074,False,True,False,all
2026-08-28,ABVX,113.3499984741211,31,3,False,-0.0824069108645582,-0.04962493556131442,0.6236929156025659,-0.23839281677365654,False,True,False,all
2026-08-28,AEE,106.12000274658203,31,4,False,-0.041655275034731654,-0.015537355647679107,0.09889202735774316,-0.10311018407461903,False,True,False,all
2026-08-28,AEO,16.8700008392334,31,2,False,-0.016441185039083095,-0.14697594593082552,0.3388889149593499,-0.4072381805367866,False,True,False,all
2026-08-28,AIN,58.349998474121094,31,5,False,-0.15589171036543348,-0.016737396032705742,0.41798289940342404,-0.24220781202440134,False,True,False,all
2026-08-28,EBND,21.1299991607666,31,2,False,0.007783697778339427,-0.0007543191133019267,0.03781918110668192,-0.03691893133884139,False,True,False,all
2026-08-28,EMA,49.900001525878906,31,4,False,-0.05160483257685444,-0.025236385012453733,0.09023380001768588,-0.1007388715714731,False,True,False,all
2026-08-28,FTSL,44.900001525878906,31,2,False,0.0009273905684368255,-0.007150036377027602,0.011945066638558766,-0.027085589570328694,False,True,False,all
2026-08-28,GOLF,86.91000366210938,31,3,False,-0.15571682328149383,-0.07846166702716773,0.18908206343765155,-0.27363140364597693,False,False,False,all
2026-08-28,HYMB,24.799999237060547,31,2,False,-0.010469893797308005,-0.010848785186113319,0.03204321799470278,-0.02706946019040113,True,True,False,all
2026-08-28,JPLD,52.0,31,1,False,-0.0002722380305792971,-0.004671346933706966,0.002409638554216942,-0.014218009478673022,False,True,False,all
2026-08-28,KMT,29.540000915527344,31,3,False,-0.11145598859184125,-0.13615119356628425,0.4515970693752829,-0.32572472062197766,False,False,False,all
2026-08-28,LMBS,49.540000915527344,31,1,False,-0.0022673351641945283,-0.007656094309877237,0.034886192206080135,-0.0469411051980938,True,True,False,all
2026-08-28,OGS,79.47000122070312,31,3,False,0.003911058834152437,-0.027084189428855376,0.07304893114301225,-0.12458688819869301,False,True,False,all
2026-08-28,OWL,12.020000457763672,31,3,False,0.1674437093087613,0.04440914763683623,0.5119497793893342,-0.376846869536421,False,True,False,all
2026-08-28,PRN,199.06539916992188,31,4,False,-0.1210585115531696,-0.05104183865205081,0.2760602510892427,-0.24231952633579878,False,True,False,all
2026-08-28,SPSB,29.920000076293945,31,1,False,-0.00032074984475960466,-0.005264580524726448,0.0026809625769763645,-0.013843113849098643,False,False,False,all
2026-08-28,STRC,97.33000183105469,31,4,False,0.08362858015811137,0.008288381726607508,0.3660351134183113,-0.030751433598024902,False,True,False,all
2026-08-28,TAFI,25.059999465942383,31,1,False,-0.00236789935152637,-0.006245683536450386,0.0028011082619183725,-0.02300195560867213,False,False,False,all
2026-08-28,TRI,106.2249984741211,31,3,False,0.11301807713888179,0.035375517003175094,0.3925668612222315,-0.40986111958821614,False,True,False,all
2026-08-28,USTB,50.45000076293945,31,1,False,-0.0008080532563614629,-0.004902099970508167,0.0027827347610203113,-0.013106380730524947,False,True,False,all
2026-08-28,VTES,100.7699966430664,31,1,False,-0.0013866108635576246,-0.006237646113340212,0.004385475969118646,-0.018888155571014198,False,False,False,all
2026-08-28,XLY,117.20999908447266,31,3,False,0.00881344720389965,0.0017574054191278332,0.11426938267980247,-0.06239503174520156,True,True,False,all
2026-08-28,DOO,61.90999984741211,31,1,False,-0.0008521252132300816,-0.0672896798172743,0.26786806319632084,-0.24398583088476566,False,False,False,all
2026-08-28,MMYT,59.02000045776367,31,3,False,0.04179905690222774,0.026091271831735874,0.806550467268331,-0.4283223394130288,False,True,False,all
2026-08-28,MYCH,24.84469985961914,31,1,False,-8.347364977001615e-05,-0.00479357792817825,0.003420825119319071,-0.0168302568436981,False,True,False,all
2026-08-28,CGSD,25.700000762939453,31,1,False,-0.0009197391732835847,-0.00735519910857374,0.0035142581196001554,-0.01720836948968618,False,True,False,all
2026-08-28,CARY,20.709999084472656,31,1,False,-0.001549547083160685,-0.007044466845601116,0.0062679031147307995,-0.03875613779830267,False,True,False,all
2026-08-28,COST,945.469970703125,31,3,False,-0.00032801049463215826,-0.015071425048462816,0.12014545581813518,-0.13773828481247152,False,True,False,all
2026-08-28,ROCK,45.27000045776367,31,2,False,0.0019388237121753527,-0.0011550488728263586,0.3489272528395111,-0.3970431625770281,False,True,False,all
2026-08-28,CLOZ,26.25,31,1,False,-0.0028876378528729374,-0.0020115660862231044,0.04042808070829085,-0.02597405354815674,False,True,False,all
2026-08-28,CHT,42.9900016784668,31,2,False,-0.00127305223541474,0.00392091025579977,0.0944501785760068,-0.07508601329907871,False,False,False,all
2026-08-28,LEA,124.0199966430664,31,4,False,-0.06421472578447063,-0.01970124894168135,0.291336895676928,-0.17501499945138188,False,True,False,all
2026-08-28,FHB,25.790000915527344,31,4,False,-0.08605729066860901,-0.030992971706181094,0.13888277298247664,-0.15663829366021143,False,True,False,all
2026-08-28,RYZ,25.31999969482422,31,5,False,-0.07371503241926769,-0.02581476730778387,0.30920369674537684,-0.20875000953674316,False,True,False,all
2026-08-28,JEF,53.09000015258789,31,2,False,-0.027356397133737165,-0.009115609876838682,0.4942302836082033,-0.2526745570327842,False,True,False,all
2026-08-28,G,38.02000045776367,31,4,False,0.17287759908538125,0.006353908709371581,0.41601489451012497,-0.2183387965696585,False,False,False,all
2026-08-28,EVSD,50.80500030517578,31,1,False,-0.0009599952913443843,-0.007354906883992762,0.0038529874031325573,-0.017691432597280676,False,False,False,all
2026-08-28,TYL,377.94000244140625,31,3,False,0.1962715952185201,0.05009951161687165,0.3961065877545269,-0.3329450544644331,False,True,False,all
2026-08-28,USA,6.0,31,3,False,0.020720629293830006,0.012154283071827754,0.11111109148818321,-0.09638552399916434,False,True,False,all
2026-08-28,AEP,122.30999755859375,30,4,False,-0.06053415859850386,-0.03586214940077981,0.15714286745424344,-0.1299616164069861,False,True,False,all
2026-08-28,AMPH,22.010000228881836,30,2,False,0.08930198833373537,-0.026312985147445733,0.3219219659552581,-0.29590530813412186,False,True,False,all
2026-08-28,ANGL,29.030000686645508,30,1,False,-0.000316790172753878,-0.005975082674888443,0.02362482587709791,-0.025184687129182315,False,True,False,all
2026-08-28,APG,39.689998626708984,30,3,False,-0.038643239550291475,-0.05218027312490037,0.1883232578883709,-0.2060412623709621,False,True,False,all
2026-08-28,BSCS,20.295000076293945,30,1,False,-0.002727201596887885,-0.008690743412381186,0.0022222259898243557,-0.019091370109607597,False,True,False,all
2026-08-28,EMB,94.88999938964844,30,1,False,-0.005614835540974195,-0.009982602051484157,0.021750797709982228,-0.02975463774340925,True,True,False,all
2026-08-28,FCOM,71.18000030517578,30,3,False,0.011737756638270147,-0.008207571994940599,0.090714035782397,-0.0626810901132534,True,True,False,all
2026-08-28,HUBB,459.6600036621094,30,3,False,-0.0662543750556851,-0.05259619906624946,0.13827941985315717,-0.18716162177622597,False,True,False,all
2026-08-28,HUBG,39.61000061035156,30,3,False,-0.11730621743291669,-0.06590101085006483,0.20395133049445668,-0.2562898637130242,False,False,False,all
2026-08-28,HYG,79.73999786376953,30,2,False,0.0010645591028470847,-0.005023573871467457,0.014891156592716559,-0.01991153803378798,False,True,False,all
2026-08-28,HYLB,36.369998931884766,30,2,False,0.0005254077576930527,-0.006357483810313647,0.012527861522234174,-0.022048930494859342,False,True,False,all
2026-08-28,IBTI,22.079999923706055,30,1,False,-0.0005250846651234653,-0.007348454183559672,0.002269597616983088,-0.018230317989537448,False,False,False,all
2026-08-28,JNK,95.97000122070312,30,2,False,0.0006485507980709126,-0.005736919741158419,0.015663069006175423,-0.02310664385614336,False,True,False,all
2026-08-28,JPIE,45.83000183105469,30,1,False,-0.0010392432697362564,-0.006452920017452568,0.003833162992814998,-0.016734579898796342,False,False,False,all
2026-08-28,NBSD,50.439998626708984,30,1,False,-0.0030489886041974446,-0.009260024746892026,0.0012902953192850397,-0.021911985161959358,False,False,False,all
2026-08-28,NEAR,50.52000045776367,30,1,False,-9.103853678971152e-05,-0.006540462543929704,0.003974577983950622,-0.016546593182689584,False,False,False,all
2026-08-28,POWI,51.5099983215332,30,4,False,-0.23156106753691053,-0.07970695138931183,0.6691509171342946,-0.4350735013256052,False,True,False,all
2026-08-28,SHY,81.88999938964844,30,1,False,-0.000773617369856483,-0.0067257474199307055,0.0017125307602254836,-0.015745163541396323,False,False,False,all
2026-08-28,SLQD,50.1057014465332,30,1,False,-0.0013714704995850813,-0.007409452609555278,0.002114028930664036,-0.01734262017698729,False,False,False,all
2026-08-28,SOLZ,10.3100004196167,30,3,False,0.3151416591008158,0.05644938052071913,0.6709887021281002,-0.619837754403693,False,False,False,all
2026-08-28,SPTS,28.93000030517578,30,1,False,-0.000573452587652068,-0.0067651798570519395,0.00207826339446604,-0.01598637140995951,False,False,False,all
2026-08-28,STE,233.77999877929688,30,3,False,0.048706667556375205,0.00027489888594800505,0.1980116814108086,-0.13234858721419507,True,True,False,all
2026-08-28,TPR,125.48999786376953,30,4,False,-0.12416738520380177,-0.08954413934803951,0.34935481573945726,-0.23853158046145428,False,False,False,all
2026-08-28,VCRM,74.79000091552734,30,1,False,-0.008764576344228114,-0.011974006239655721,0.023679214546183713,-0.029331629418785754,True,False,False,all
2026-08-28,WPC,70.51000213623047,30,4,False,-0.027442881465080116,-0.005346359895116115,0.11778693864143075,-0.08689457366485598,True,True,False,all
2026-08-28,WRB,68.44000244140625,30,1,False,-0.03729290702065191,-0.01477261618581327,0.08859557188089329,-0.13323197524118446,False,True,False,all
2026-08-28,TXNM,57.63999938964844,30,3,False,0.004195167438009184,-0.013501891693909807,0.0359453634424749,-0.03174868853358237,True,True,False,all
2026-08-28,FALN,27.030000686645508,30,1,False,-0.0009077745303295304,-0.005335398621714171,0.024911899120614756,-0.02734797422972357,False,True,False,all
2026-08-28,VOX,188.55999755859375,30,3,False,0.01182355009260494,-0.00677026444134432,0.09392587399216046,-0.06081589108947383,True,True,False,all
2026-08-28,XP,17.65999984741211,30,3,False,0.0713808975482757,-0.02011375594980036,0.1932432175553398,-0.2364893865898955,False,False,False,all
2026-08-28,CGMU,27.040000915527344,30,1,False,-0.007433203509561892,-0.013222382040222969,0.011976108173510136,-0.03186535552896175,True,False,False,all
2026-08-28,VGSH,58.04499816894531,30,1,False,-0.0008314530135146159,-0.0069906169076636715,0.001639299478087608,-0.016353163532217163,False,False,False,all
2026-08-28,IBDT,25.170000076293945,30,1,False,-0.0004765296426260113,-0.006112582848168513,0.0027888324207316906,-0.022144510485341717,False,True,False,all
2026-08-28,VTIP,49.650001525878906,30,2,False,-0.0020381058685166042,-0.005388700619198605,0.006079089382649672,-0.022830147924811528,False,True,False,all
2026-08-28,RELX,36.540000915527344,30,4,False,0.07297652854112391,0.026705900329148324,0.3253536931444756,-0.24504132719934235,False,True,False,all
2026-08-28,SCHO,24.06999969482422,30,1,False,-0.0006477015634873684,-0.006974297276710062,0.0020815668654321495,-0.015944374662548944,False,False,False,all
2026-08-28,VRP,24.149999618530273,30,1,False,-0.0040662316810158305,-0.007638934849020229,0.018557593886444623,-0.031287632454764513,False,False,False,all
2026-08-28,CPT,106.3499984741211,30,4,False,-0.048156920735056286,-0.008370817587051493,0.10173003023937,-0.11234454017820983,False,True,False,all
2026-08-28,HIMU,48.220001220703125,30,1,False,-0.013978491555481809,-0.012225778579109114,0.019019474464987196,-0.034441278600395586,True,False,False,all
2026-08-28,AIRR,109.4800033569336,29,4,False,-0.10386722587607577,-0.05684227657234886,0.2232402609713251,-0.18933727594974237,False,False,False,all
2026-08-28,BIZD,13.359999656677246,29,3,False,0.04526888157744713,0.0076060442098337955,0.11612358885882146,-0.17172967440859477,False,True,False,all
2026-08-28,BLBD,59.22999954223633,29,3,False,-0.18000786700380222,-0.035791153990805014,0.28370178425976844,-0.289722988658652,False,False,False,all
2026-08-28,BSCT,18.47439956665039,29,1,False,-0.00348177341009992,-0.012027052296004537,0.0029532839376291697,-0.025868736197745545,False,True,False,all
2026-08-28,BSJQ,22.895000457763672,29,1,False,-0.0013565111482692904,-0.011511480846826516,0.0024080693874053427,-0.026159071251842914,False,True,False,all
2026-08-28,BSV,77.48999786376953,29,1,False,-0.0018728855846643633,-0.010352439512919864,0.001809946896059511,-0.023071127560456817,False,True,False,all
2026-08-28,FLMI,24.540000915527344,29,2,False,-0.011496249019045113,-0.016097630182084877,0.020374290811274287,-0.0361350432846792,True,False,False,all
2026-08-28,FPEI,19.020000457763672,29,1,False,-0.008564275001042176,-0.013739948596576124,0.016568754059869795,-0.030086697308741917,False,False,False,all
2026-08-28,GCO,33.310001373291016,29,6,False,-0.06581629554572388,0.03885172677637705,0.5189238900935811,-0.23600911607686725,False,False,False,all
2026-08-28,IHI,55.189998626708984,29,2,False,0.049902196513907926,-0.010556004622303439,0.16508338338932438,-0.1471179198339383,False,True,False,all
2026-08-28,ISTB,47.9900016784668,29,1,False,-0.0015229565682390866,-0.009517798472941763,0.0022974228884220516,-0.021610551989424964,False,True,False,all
2026-08-28,JSCP,46.869998931884766,29,1,False,-0.0015202160265975762,-0.008890929553480476,0.0023524511184789265,-0.0208899106394993,False,True,False,all
2026-08-28,MMIT,23.93000030517578,29,1,False,-0.008801895845361174,-0.015967790495455936,0.0067311671994456646,-0.03391199584433635,True,True,False,all
2026-08-28,MUB,105.22000122070312,29,1,False,-0.010217648030715676,-0.016207049457979683,0.013094556155972326,-0.03467888788345752,True,False,False,all
2026-08-28,MUNI,51.66999816894531,29,1,False,-0.007174815532735024,-0.014187190428711083,0.009179636699264693,-0.03185311592584317,True,True,False,all
2026-08-28,SCYB,26.06999969482422,29,2,False,0.0006617205578185459,-0.0066931164755438255,0.01439684517123907,-0.026512358984940088,False,True,False,all
2026-08-28,SHYG,42.27000045776367,29,2,False,0.0011178905706004105,-0.006146034256784949,0.010518733144838865,-0.025812374916787006,False,True,False,all
2026-08-28,T,26.010000228881836,29,5,False,0.12252385322986936,0.03485319853760882,0.30769235932799943,-0.12688823667256988,False,True,False,all
2026-08-28,TW,108.87000274658203,29,3,False,0.07111025312388453,2.8270623980253262e-05,0.19087732363972365,-0.14738820060294267,False,True,False,all
2026-08-28,USHY,36.869998931884766,29,2,False,0.0004286941293834001,-0.006841290769067698,0.013190424575078907,-0.026329036699045294,False,True,False,all
2026-08-28,VCSH,78.51000213623047,29,1,False,-0.0020591548875685817,-0.009647424784941738,0.001914261417949703,-0.021804135975845296,False,False,False,all
2026-08-28,VNM,18.18000030517578,29,2,False,0.03164156122355721,-0.0015185769331436116,0.12083853728696226,-0.08413098459448476,False,True,False,all
2026-08-28,VTEB,49.400001525878906,29,1,False,-0.011315800197191805,-0.016927130598856865,0.013125578883850464,-0.03477918657059609,True,False,False,all
2026-08-28,WOR,57.31999969482422,29,6,False,0.016157108023871602,0.04352131407493287,0.2734948196477003,-0.1545723139412437,False,True,False,all
2026-08-28,DORM,129.35000610351562,29,3,False,-0.042473132631506094,0.042527261975612074,0.31386500876702317,-0.2249385428930697,False,True,False,all
2026-08-28,DOV,198.67999267578125,29,3,False,-0.05752211829532583,-0.05292276713237176,0.249795503240561,-0.1635935072353989,False,True,False,all
2026-08-28,BKSY,23.700000762939453,29,3,False,-0.08324304537688931,-0.12010719197209196,0.9097502864096874,-0.5518154257899643,False,True,False,all
2026-08-28,IBDU,23.040000915527344,29,1,False,-0.0014102922538140605,-0.009472098801889484,0.0026110258697236155,-0.025751585606030636,False,False,False,all
2026-08-28,NAC,11.680000305175781,29,3,False,-0.01769492227490166,-0.016280199218663527,0.04941600944111868,-0.0465305873325893,False,False,False,all
2026-08-28,NAD,11.699999809265137,29,1,False,-0.011172918206716176,-0.017607513825820265,0.05310532590640471,-0.049553256665977985,False,True,False,all
2026-08-28,DFNM,47.529998779296875,29,1,False,-0.00862268911102737,-0.014225315841978392,0.004225585051867986,-0.027419688599862435,True,False,False,all
2026-08-28,PPTA,25.110000610351562,29,2,False,0.16444075997791296,-0.05373116310609871,0.5278370201584766,-0.32807060936447463,False,False,False,all
2026-08-28,CPA,129.5,29,4,False,-0.09102139387461372,-0.01090751029414927,0.20532387432348065,-0.1929955816358997,False,True,False,all
2026-08-28,SJNK,24.8799991607666,29,1,False,-0.0007470700282846687,-0.009102510664588892,0.006472485916521498,-0.0300195114703784,False,True,False,all
2026-08-28,SR,82.55999755859375,29,3,False,0.01856258345500339,-0.03280794318246916,0.11703414244205845,-0.13377400405620277,False,True,False,all
2026-08-28,PII,63.779998779296875,29,3,False,-0.07365988857125427,-0.01937723605426822,0.35299108199187734,-0.18209802470307446,False,True,False,all
2026-08-28,SPHY,23.329999923706055,29,2,False,0.0006519351410891883,-0.007010096207024641,0.013466527357858249,-0.027511457011629048,False,True,False,all
2026-08-28,NYF,52.619998931884766,29,1,False,-0.011790176883508807,-0.017021867296466597,0.013287090750126795,-0.034849624173257765,True,False,False,all
2026-08-28,WULF,15.350000381469727,29,4,False,-0.21948885789501493,-0.13660483945097546,0.78488368611519,-0.48558980217905634,True,True,False,all
2026-08-28,AKR,20.719999313354492,28,4,False,-0.035139212399107334,-0.008254208492561754,0.11337982986573736,-0.10030400800771688,False,True,False,all
2026-08-28,AMPG,3.359999895095825,28,4,False,-0.4068006264230333,-0.12883406394996422,1.0487804417096735,-0.6676557854404395,False,True,False,all
2026-08-28,BF.B,27.219999313354492,28,2,False,-0.0018701416647581848,-0.0017145662929398675,0.20389202028116404,-0.14724313131910072,True,True,False,all
2026-08-28,BINC,51.959999084472656,28,1,False,-0.0023616332771317916,-0.009757602589615333,0.0068791695646810425,-0.028966534959445234,False,False,False,all
2026-08-28,EQT,54.56999969482422,28,3,False,0.04365487129058043,-0.03023475290508948,0.1382978985823633,-0.20032237099765626,False,True,False,all
2026-08-28,FE,45.880001068115234,28,3,False,-0.04095383635147054,-0.03465903735290077,0.07021232123222121,-0.12342374982116333,False,True,False,all
2026-08-28,FSIG,18.760000228881836,28,1,False,-0.003780952593866571,-0.013330801017852223,0.0026724290142094986,-0.029487827060215244,False,True,False,all
2026-08-28,HYD,50.06999969482422,28,1,False,-0.01367110885123557,-0.01720818631875254,0.01851098149382957,-0.031153262400238857,True,False,False,all
2026-08-28,HYDB,46.52000045776367,28,2,False,0.000354822175274494,-0.008990864631780005,0.012096417791507497,-0.03063140590309077,False,True,False,all
2026-08-28,HYLS,40.52000045776367,28,1,False,-0.004226863065166286,-0.014894484799075847,0.012746867223835556,-0.044339646237224084,False,True,False,all
2026-08-28,IBP,245.55999755859375,28,1,False,0.05789378569482384,-0.06248849621204555,0.271606839534289,-0.29638969180918695,False,True,False,all
2026-08-28,JMUB,49.599998474121094,28,1,False,-0.009302989976595177,-0.016267611432968843,0.0054732745397230165,-0.0338917349687442,True,True,False,all
2026-08-28,JPIB,47.84000015258789,28,1,False,-0.0035417555477411655,-0.011458113984705753,0.010348504630567357,-0.03206877306907818,True,False,False,all
2026-08-28,JSI,51.095001220703125,28,1,False,-0.002174709301492217,-0.012947948351199057,0.0034368236066539826,-0.038664162675050795,False,False,False,all
2026-08-28,PFXF,17.959999084472656,28,4,False,0.006354098126190255,-0.004936588026382638,0.054609416343502026,-0.05820664017382382,False,True,False,all
2026-08-28,PTC,157.14999389648438,28,3,False,0.1826121292308569,0.05189383175431472,0.4483870405205934,-0.27793606718802966,False,True,False,all
2026-08-28,PYLD,26.15999984741211,28,1,False,-0.004077343578248405,-0.013051977349081811,0.009259250401687513,-0.03254441709763056,False,True,False,all
2026-08-28,VMBS,46.18000030517578,28,1,False,-0.004299311574438636,-0.014636419550922986,0.004568176612927299,-0.035908166302956346,False,False,False,all
2026-08-28,VTEC,98.30500030517578,28,1,False,-0.010775847137917904,-0.01704082198032375,0.012409905767154505,-0.03527969741776815,False,False,False,all
2026-08-28,VTEI,98.9000015258789,28,1,False,-0.009748701532319326,-0.017519432389934475,0.005234531467868786,-0.036644531994898366,True,True,False,all
2026-08-28,VWOB,66.01000213623047,28,1,False,-0.005717731851439423,-0.014021890652625157,0.01553849440354571,-0.035082610691456684,True,True,False,all
2026-08-28,XLC,112.98999786376953,28,2,False,0.02626376236660377,-0.009148231683462571,0.07578786229636414,-0.0615838294979687,True,True,False,all
2026-08-28,CAR,138.1199951171875,28,2,False,-0.09824039167266807,-0.1240126273794333,0.6067938179182315,-0.837065007516533,True,True,False,all
2026-08-28,DCH,6.320000171661377,28,2,False,0.07868239373867092,-0.005546570711266741,0.2845528604995471,-0.31675673819877004,False,True,False,all
2026-08-28,DEI,11.760000228881836,28,2,False,-0.01631114616108642,0.051812518184089384,0.30088498656047125,-0.3078281114003879,False,True,False,all
2026-08-28,CLX,102.52999877929688,28,2,False,0.027723356519460562,-0.00834249102511575,0.21050770334679125,-0.20457716342767585,False,True,False,all
2026-08-28,CAVA,66.94000244140625,28,3,False,-0.046495754529617295,-0.06602295768509103,0.5420410660378494,-0.3224010343046273,False,True,False,all
2026-08-28,FLXR,38.869998931884766,28,1,False,-0.002995905457650827,-0.011585604953031292,0.005171987908188402,-0.027520696903271413,False,True,False,all
2026-08-28,CMF,56.275001525878906,28,1,False,-0.012107475546978885,-0.01847882318859395,0.012868972910637932,-0.0370464947246012,False,False,False,all
2026-08-28,CI,278.8800048828125,28,3,False,-0.01578941591099592,-0.0014148942587575153,0.16437731735179373,-0.11598566011445322,True,True,False,all
2026-08-28,FMB,50.040000915527344,28,1,False,-0.014396800648521113,-0.021066804843581255,0.008464369058514665,-0.03824712493672722,False,True,False,all
2026-08-28,GVI,105.19499969482422,28,1,False,-0.003177284975957706,-0.013100726770566617,0.0018571399507067987,-0.029028952827890087,False,False,False,all
2026-08-28,MNKD,3.950000047683716,28,1,False,-0.020240100257010507,-0.05624312021106881,0.7713004546631572,-0.3932411814427583,False,True,False,all
2026-08-28,UCON,24.59000015258789,28,1,False,-0.005353045909244014,-0.0150782305651187,0.036677945380191534,-0.04039023794778962,True,False,False,all
2026-08-28,DFSD,47.24800109863281,28,1,False,-0.005461438581948697,-0.013616097769866387,0.0021847627504303357,-0.026015198238838133,True,False,False,all
2026-08-28,NNI,127.37000274658203,28,1,False,-0.03249131400471705,-0.03378305534551562,0.09217972686349518,-0.1178141124876454,False,False,False,all
2026-08-28,TSLZ,13.270000457763672,28,4,False,-0.02956638370713771,-0.009385423629620804,0.3631228480487685,-0.5327464564786355,True,True,False,all
2026-08-28,TSLX,18.739999771118164,28,2,False,0.05965505740870225,-0.019287189472382282,0.1683290961023023,-0.24405005732047913,False,True,False,all
2026-08-28,CGMS,27.170000076293945,28,1,False,-0.002485515958084772,-0.011797861200319115,0.008163239596528094,-0.032407402061417345,True,False,False,all
2026-08-28,AHRT,6.539999961853027,27,3,False,-0.054257291826357745,0.0005737194539370272,0.2748537652938776,-0.15175098190727687,False,True,False,all
2026-08-28,AMBA,70.62999725341797,27,2,False,-0.04631383965519131,0.012877106882699607,0.4623188068132231,-0.2695211969177531,False,True,False,all
2026-08-28,BR,183.63999938964844,27,3,False,0.17031215321630055,0.03007199588146192,0.372188574139551,-0.29014305866098733,False,True,False,all
2026-08-28,BSCU,16.475000381469727,27,1,False,-0.0058952191812498,-0.017296160743570987,0.001519733578772664,-0.03429068597806906,False,True,False,all
2026-08-28,BSY,37.29999923706055,27,3,False,0.11479052868786388,0.04559624621878444,0.32848949969817465,-0.34847162904697737,True,True,False,all
2026-08-28,ECAT,15.390000343322754,27,2,False,-0.005197001031602366,0.009150571802197804,0.15194616308473674,-0.08610450095763855,False,True,False,all
2026-08-28,ENB,50.20000076293945,27,3,False,-0.06422543676862913,-0.03642300670111387,0.1148123944879953,-0.14114627702846771,False,True,False,all
2026-08-28,EXE,98.16000366210938,27,2,False,0.06960383330281972,-0.0334612932464613,0.15502739256500098,-0.22477312642665892,False,True,False,all
2026-08-28,FSEC,43.220001220703125,27,1,False,-0.008490437677737273,-0.018656509529329623,0.005818012401627604,-0.05219292397057129,False,True,False,all
2026-08-28,GBDC,13.029999732971191,27,2,False,0.007344393735693178,-0.005499161580120093,0.10705176093484381,-0.1272605849543028,False,True,False,all
2026-08-28,IAGG,49.7400016784668,27,1,False,-0.0049930047934698685,-0.01127076409001948,0.0022164136204749774,-0.04032413811985702,False,True,False,all
2026-08-28,INVA,20.969999313354492,27,3,False,-0.031829160808635404,-0.0381307814299322,0.26937038331009955,-0.16620279795535253,False,True,False,all
2026-08-28,IRMD,87.06999969482422,27,2,False,-0.06154040657416604,-0.07828345165093331,0.28342318936837474,-0.19304913379504252,False,True,False,all
2026-08-28,ITM,45.81999969482422,27,1,False,-0.011468867123828996,-0.022374235834641043,0.00814079044386884,-0.045814259516188005,True,False,False,all
2026-08-28,ITUB,7.5,27,3,False,-0.06378728734605743,-0.07089347473144902,0.14614252891655033,-0.21875003104408464,False,True,False,all
2026-08-28,IUSB,45.4900016784668,27,1,False,-0.004407793140480121,-0.016465355555218997,0.003751147060620852,-0.03684094602231591,False,True,False,all
2026-08-28,JMTG,50.029998779296875,27,1,False,-0.004330576784678741,-0.015782810323246244,0.0037114565967131252,-0.038624175650825876,False,True,False,all
2026-08-28,LMUB,49.310001373291016,27,1,False,-0.018373179805992845,-0.02319594893918009,0.027291695276896233,-0.07866216458266018,False,False,False,all
2026-08-28,LTM,50.529998779296875,27,3,False,-0.0654119397858447,-0.05006835418065381,0.22023663282999784,-0.2824481668109412,False,False,False,all
2026-08-28,NEA,11.229999542236328,27,1,False,-0.017016248163187253,-0.02556698124121637,0.04368023265398513,-0.056302529224508846,False,False,False,all
2026-08-28,OGE,45.7400016784668,27,4,False,-0.044790795424064944,-0.0160234641509851,0.09688251418733462,-0.09586871831375154,False,True,False,all
2026-08-28,PCY,21.06999969482422,27,1,False,-0.009961484481213034,-0.019972664837609067,0.029814302915316393,-0.0500451124922906,True,False,False,all
2026-08-28,PFFA,20.950000762939453,27,2,False,0.005230110835927393,-0.016773479832682514,0.035590768017562224,-0.0688888549804687,False,True,False,all
2026-08-28,PZA,22.649999618530273,27,1,False,-0.020913141346285635,-0.024967732585574276,0.02396016090364861,-0.04147268629037626,False,False,False,all
2026-08-28,QCLN,48.88999938964844,27,3,False,-0.08863827630209786,-0.057734719294032955,0.33251570508531714,-0.2934970874895344,True,True,False,all
2026-08-28,SCMB,25.18000030517578,27,1,False,-0.01231661213991797,-0.019685122922849185,0.0063948778770890335,-0.038931314048146426,True,False,False,all
2026-08-28,YUMC,45.02000045776367,27,4,False,0.003427979864657482,-0.059712033676643794,0.12129511200007759,-0.22897754875221044,False,False,False,all
2026-08-28,CGCB,25.860000610351562,27,1,False,-0.00519634276684211,-0.018177363543878222,0.006225674811762616,-0.03901892393215767,True,True,False,all
2026-08-28,EVTR,50.13999938964844,27,1,False,-0.004939587419589331,-0.018216364226361192,0.013953460385507377,-0.0385427052237578,True,False,False,all
2026-08-28,VPLS,76.49579620361328,27,1,False,-0.0037359946157534685,-0.015590974327147622,0.004409040511522022,-0.03669824107924846,False,True,False,all
2026-08-28,SPMB,21.989999771118164,27,1,False,-0.004581021231161553,-0.015812355800578826,0.0050274503917169255,-0.03847840121656643,False,False,False,all
2026-08-28,SSD,182.07000732421875,27,4,False,-0.05947607558199308,-0.007678504780994411,0.16472619494312513,-0.14717315733991765,False,True,False,all
2026-08-28,DLB,61.5,27,3,False,0.10413719175487235,0.016334060210951407,0.2743473298580539,-0.1664407560649448,False,False,False,all
2026-08-28,IBDV,21.59000015258789,27,1,False,-0.0031627245759356937,-0.014017928186907502,0.0020886551930654473,-0.0365907943064494,False,False,False,all
2026-08-28,TFI,44.70000076293945,27,1,False,-0.01172660633799183,-0.019450833524221056,0.006756739341229334,-0.03870966101205475,False,False,False,all
2026-08-28,IBHF,22.540000915527344,27,1,False,-0.00038489926598117563,-0.013828240035508421,0.005442129179014765,-0.03839588728774135,False,True,False,all
2026-08-28,STRD,72.05000305175781,27,3,False,0.1407193725470297,-0.00042552343072399523,0.47040822554607775,-0.15115450773819994,False,True,False,all
2026-08-28,SPIB,33.09000015258789,27,1,False,-0.003823337959816042,-0.01427351545188793,0.001816572071102307,-0.0307556899775141,True,False,False,all
2026-08-28,MBB,93.16999816894531,27,1,False,-0.004700370464523207,-0.016649537519467517,0.005286985996504789,-0.03918740851729008,False,False,False,all
2026-08-28,AGG,97.48999786376953,26,1,False,-0.004771485796477015,-0.01766274572539539,0.003809669550287609,-0.03912873306255227,False,True,False,all
2026-08-28,ARKB,25.719999313354492,26,3,False,0.18508412609626457,0.030187636978887156,0.33679831701264784,-0.38747324874378,False,False,False,all
2026-08-28,ATAT,35.5,26,2,False,0.06171717070259364,-0.033465244646655345,0.1535337267274799,-0.17772682639686022,False,False,False,all
2026-08-28,BDC,115.20999908447266,26,2,False,-0.01746743969907838,-0.0355888776677582,0.17561223555584338,-0.2798925237277071,False,True,False,all
2026-08-28,BND,72.30999755859375,26,1,False,-0.004869029507220457,-0.01757192498496085,0.0033300661133035536,-0.038814378147581485,False,True,False,all
2026-08-28,BNDW,67.40499877929688,26,1,False,-0.006196824958480063,-0.016671955787490145,0.0018579072869790991,-0.0419983201452665,False,True,False,all
2026-08-28,BSCV,16.184999465942383,26,1,False,-0.007043061364797043,-0.02014027999243395,0.0015470061117777156,-0.050176138711698015,False,False,False,all
2026-08-28,BTC,34.29999923706055,26,3,False,0.1851698087829503,0.03046632976744834,0.33723195895415414,-0.3870621908823826,False,False,False,all
2026-08-28,BTCO,77.1500015258789,26,3,False,0.18505072225994423,0.029912194116563207,0.33569951121548103,-0.387503952948271,False,True,False,all
2026-08-28,EAGG,46.68000030517578,26,1,False,-0.004928453039716341,-0.017987772162268656,0.0034393775975427587,-0.03950613640384548,False,False,False,all
2026-08-28,EPI,42.97999954223633,26,2,False,0.004501318541662469,-0.01670099380024548,0.09058613825543183,-0.08940680407820223,False,True,False,all
2026-08-28,EZBC,44.790000915527344,26,3,False,0.18457281059458763,0.029650696348612948,0.33701495270230875,-0.38778022589513983,False,False,False,all
2026-08-28,FLCB,21.06999969482422,26,1,False,-0.0051748012317864855,-0.018747663482249544,0.005008325374296074,-0.04052820704704552,False,True,False,all
2026-08-28,FPE,17.690000534057617,26,1,False,-0.008274631272736421,-0.021088892795039116,0.00855185921897439,-0.04430036113909619,False,False,False,all
2026-08-28,HODL,21.90999984741211,26,3,False,0.18395312959900556,0.029837550873339724,0.33597563152721754,-0.38730422606818726,False,False,False,all
2026-08-28,IGOV,41.20109939575195,26,2,False,0.003978698700679351,-0.010460885728027058,0.023121403710060662,-0.050447108197440804,False,True,False,all
2026-08-28,IRT,16.309999465942383,26,2,False,-0.02369240112363169,-0.012116895710826747,0.11712322190367752,-0.1028603304644069,False,True,False,all
2026-08-28,JBND,52.68000030517578,26,1,False,-0.00534710454947529,-0.018737213276992182,0.004768262417410574,-0.055660115635554175,False,False,False,all
2026-08-28,JMBS,44.439998626708984,26,1,False,-0.004926140824207947,-0.019909497951624222,0.008853561779867736,-0.04203493831850713,False,True,False,all
2026-08-28,LKFN,59.61000061035156,26,4,False,-0.031153896195467712,-0.002612672999503185,0.09657836536153863,-0.14106629251119973,False,True,False,all
2026-08-28,LTRX,5.369999885559082,26,3,False,-0.06263093919374041,-0.10376021975637773,0.39119171800541475,-0.38628572736467637,False,False,False,all
2026-08-28,OMAH,18.290000915527344,26,1,False,-0.021349404716173415,-0.017747888236085196,0.026374928661734742,-0.06540617267538351,False,False,False,all
2026-08-28,SCHZ,22.790000915527344,26,1,False,-0.004881672510873236,-0.018178098331528614,0.004407244562186108,-0.03961224799165752,False,True,False,all
2026-08-28,SYSB,87.31999969482422,26,1,False,-0.004513216254051211,-0.018884015616630556,0.005759041715705182,-0.04254383095670433,False,True,False,all
2026-08-28,UITB,46.130001068115234,26,1,False,-0.005269269010441557,-0.018588084928806592,0.0033714540323779296,-0.040058250438783416,True,False,False,all
2026-08-28,VCRB,76.05509948730469,26,1,False,-0.004479253856257359,-0.0176715662481971,0.004757246765734413,-0.03946578436255488,False,True,False,all
2026-08-28,CGCP,22.030000686645508,26,1,False,-0.00441525815175714,-0.018806549656582572,0.007315950675460314,-0.042382026067789846,True,False,False,all
2026-08-28,DFCF,41.52000045776367,26,1,False,-0.007280408282285156,-0.019823653766527394,0.003334795040911942,-0.040443725017017096,True,False,False,all
2026-08-28,GOVT,22.459999084472656,26,1,False,-0.004697378897959736,-0.01771270541025849,0.002678547632328998,-0.039760595529872766,False,False,False,all
2026-08-28,TYG,43.47999954223633,26,4,False,0.0026796392447292483,-0.03570744431800377,0.07757128095364596,-0.1504494083045318,False,True,False,all
2026-08-28,PUK,27.649999618530273,26,2,False,-0.017796891461985154,-0.06505557714642651,0.12352697817081792,-0.18748161591613266,False,False,False,all
2026-08-28,IBDW,20.56999969482422,26,1,False,-0.005323978235700633,-0.018163049149883204,0.0009732583214701052,-0.055555599342253736,False,False,False,all
2026-08-28,SMTH,25.31999969482422,26,1,False,-0.006663059348163469,-0.020455546045132444,0.002772265141553154,-0.04344539661359503,True,False,False,all
2026-08-28,SUZ,8.899999618530273,26,2,False,0.07991356642281366,-0.02296047122268574,0.17802777243575685,-0.2284352200900116,False,False,False,all
2026-08-28,USAR,17.989999771118164,26,2,False,-0.010532698779116001,-0.06252281190434927,0.5711790454844354,-0.5909504329612052,False,False,False,all
2026-08-28,JCPB,46.2400016784668,26,1,False,-0.004424078270047094,-0.017431107189739503,0.004344065138191633,-0.04006636005485187,False,True,False,all
2026-08-28,GTO,46.06999969482422,26,1,False,-0.007796346745770122,-0.021017216792095894,0.004141207983559214,-0.040328309024962095,True,False,False,all
2026-08-28,REXR,37.130001068115234,26,3,False,0.028719969336316264,0.0009826810853654777,0.15525830034937593,-0.16336187078663134,True,True,False,all
2026-08-28,SPAB,25.1200008392334,26,1,False,-0.005211519159057043,-0.018308971518485984,0.003595691175346527,-0.04012224814671239,False,True,False,all
2026-08-28,BITB,42.09000015258789,26,3,False,0.1849995738416439,0.030105311982149274,0.33661481290932804,-0.38769273406142957,False,False,False,all
2026-08-28,ADC,73.19999694824219,25,4,False,-0.04554277257877526,-0.03137899577617431,0.05232891773152071,-0.108187191577922,False,False,False,all
2026-08-28,AGCO,113.38999938964844,25,3,False,0.021978989970107055,-0.010461759196200071,0.15444917512124534,-0.2113645823317697,False,False,False,all
2026-08-28,AVIG,40.75,25,1,False,-0.006046163078542222,-0.020111753285217193,0.0027067079725295873,-0.04205555850487619,True,True,False,all
2026-08-28,BNDX,47.599998474121094,25,1,False,-0.007456625226911262,-0.015620850891003513,0.0014727476671998474,-0.04666536785126274,False,False,False,all
2026-08-28,BOND,90.5199966430664,25,1,False,-0.0066109289775112545,-0.020766557248087847,0.002991652554752422,-0.04393751213245367,False,True,False,all
2026-08-28,BSCW,20.174999237060547,25,1,False,-0.009006654299243855,-0.023372534988838067,0.0007440173493038493,-0.050141268622130086,False,False,False,all
2026-08-28,EFOR,31.950000762939453,25,2,False,0.31030695446831014,-0.07627054120529397,0.8905326321964746,-0.418456469574664,True,True,False,all
2026-08-28,FBIN,45.5,25,1,False,-0.06820341444122624,-0.039580878352758586,0.40692640028819005,-0.29827263155764383,False,True,False,all
2026-08-28,FBND,44.77000045776367,25,1,False,-0.008609608551247261,-0.02200007403798132,0.0026875459750033137,-0.0446009416424592,False,True,False,all
2026-08-28,FBTC,67.44000244140625,25,3,False,0.18411561875436755,0.02931034795903864,0.33597470390188056,-0.3882992975836168,False,False,False,all
2026-08-28,FIXD,42.869998931884766,25,1,False,-0.007435811966291395,-0.022558808407597608,0.008373688512749,-0.05060347490164829,True,True,False,all
2026-08-28,FLIN,35.689998626708984,25,2,False,0.005083113272369211,-0.013736293517736198,0.10838502425709073,-0.10439146817317058,True,True,False,all
2026-08-28,HTRB,33.189998626708984,25,1,False,-0.008059290036986466,-0.02185433207002807,0.004387969913702161,-0.04681220799543906,True,False,False,all
2026-08-28,LNT,68.02999877929688,25,4,False,-0.065077645043084,-0.034101774787732464,0.07506321257316517,-0.13678466074411622,True,True,False,all
2026-08-28,PFF,30.540000915527344,25,2,False,1.967218313492225e-05,-0.015534159006529658,0.01461795775685415,-0.05331672335698112,False,True,False,all
2026-08-28,RITM,10.079999923706055,25,2,False,0.04391052395183492,-0.0060151900372926725,0.1957294850294633,-0.20879120056519807,True,True,False,all
2026-08-28,SBGI,14.350000381469727,25,3,False,0.014306340237790316,-0.019031448648876514,0.1516854203480269,-0.19742723405953044,False,True,False,all
2026-08-28,SCCR,25.145000457763672,25,1,False,-0.0055667485767257885,-0.01948835598903642,0.0037924640158302214,-0.04209522065662208,False,True,False,all
2026-08-28,SMBS,24.9950008392334,25,1,False,-0.006206456367413349,-0.020223080435436747,0.003613738209457207,-0.04307044272028504,False,False,False,all
2026-08-28,SONO,15.300000190734863,25,2,False,0.020871159168341924,-0.010653246218098045,0.22990359379605696,-0.2280524507409405,True,True,False,all
2026-08-28,SPTI,28.040000915527344,25,1,False,-0.00488327982974579,-0.018851386961140526,0.0014286041259765625,-0.04103963286539147,False,True,False,all
2026-08-28,STAG,37.18000030517578,25,3,False,-0.03590838225738058,-0.02641866373348123,0.08081391441815788,-0.12743487977929369,False,True,False,all
2026-08-28,STIP,100.63999938964844,25,1,False,-0.005594528961657574,-0.018794902027914007,0.0010942068207229205,-0.03379420265651756,False,True,False,all
2026-08-28,USIG,50.31999969482422,25,1,False,-0.005773313346424502,-0.020176732209745585,0.005997585652040671,-0.04552354837458594,False,False,False,all
2026-08-28,YOU,43.43000030517578,25,4,False,-0.1600522922562262,-0.05948644551779103,0.4754544281689641,-0.3712175981313893,False,False,False,all
2026-08-28,DX,12.90999984741211,25,1,False,-0.007045302723517444,-0.036991187361483435,0.09129331620212855,-0.13529808549725209,False,True,False,all
2026-08-28,NYT,68.16000366210938,25,3,False,-0.036002762196102656,-0.07167859086109762,0.25988919749626116,-0.21745114975678348,False,True,False,all
2026-08-28,NZF,12.1899995803833,25,1,False,-0.019623647625547358,-0.028495637734734958,0.0295607621017564,-0.06374814502294823,False,True,False,all
2026-08-28,MGEE,78.1500015258789,25,1,False,-0.03042346841595822,-0.012499475052052844,0.08300994401022788,-0.11132591134563985,False,True,False,all
2026-08-28,STRT,75.04000091552734,25,5,False,-0.08456991615562304,-0.05066372807534203,0.31626036002151636,-0.19311826972551238,False,False,False,all
2026-08-28,SCHR,24.350000381469727,25,1,False,-0.005586667982953375,-0.0198446089602613,0.0008220492324861883,-0.04209282815156534,False,True,False,all
2026-08-28,DFGP,53.30670166015625,25,1,False,-0.009412049784797705,-0.018161038047294076,0.003420266544117645,-0.050975549263451714,True,True,False,all
2026-08-28,CORP,95.08899688720703,25,1,False,-0.005833774800604541,-0.02068537405016546,0.006339284971739634,-0.045578645903808335,True,False,False,all
2026-08-28,WY,23.639999389648438,25,3,False,-0.027080447537681462,-0.02496368114662184,0.1172022476427208,-0.14810813010275903,False,True,False,all
2026-08-28,IBIT,43.900001525878906,25,3,False,0.18399693456278388,0.029308361642236935,0.3367844495097987,-0.3887496280643593,False,False,False,all
2026-08-28,TSLQ,20.920000076293945,25,4,False,-0.026016344479219855,-0.007352325813512972,0.41590528706727237,-0.5589289491526515,True,True,False,all
2026-08-28,BXSL,24.75,25,2,False,0.03675343353474547,-0.0018390372786327713,0.10146865849214537,-0.17417415525360003,False,True,False,all
2026-08-28,REM,21.780000686645508,25,1,False,-0.005352251680405984,-0.02037949520465876,0.06712400046426792,-0.0943866371071238,False,True,False,all
2026-08-28,VGIT,58.2400016784668,25,1,False,-0.005199444281952181,-0.019222305970134523,0.0010313058263369257,-0.0414746002745251,False,False,False,all
2026-08-28,ALGT,78.94000244140625,24,4,False,-0.19961225392684367,-0.11046903312115586,0.3822448187314125,-0.36148180704401156,False,False,False,all
2026-08-28,ARR,16.31999969482422,24,2,False,-0.02155927881482056,-0.05141098516783649,0.16738199064444093,-0.1548420431803592,True,True,False,all
2026-08-28,ATMU,47.72999954223633,24,2,False,-0.06805375578619288,-0.12461130307501445,0.12042256459778145,-0.2822556459814086,False,True,False,all
2026-08-28,BIV,75.41000366210938,24,1,False,-0.006594540890591638,-0.022197275041989872,0.0013279259959850798,-0.04652917999969908,True,True,False,all
2026-08-28,DUK,120.25,24,2,False,-0.0396395271179486,-0.03300255911416883,0.05575064432881782,-0.10588151469655382,False,True,False,all
2026-08-28,FTCB,20.510000228881836,24,1,False,-0.00792305932484394,-0.02380398783664961,0.002737838787734148,-0.06218566795442493,True,True,False,all
2026-08-28,GBTC,60.0099983215332,24,3,False,0.18369453140198155,0.024612178496177917,0.33414848671093633,-0.39457226938381484,False,False,False,all
2026-08-28,GDDY,97.69999694824219,24,3,False,0.07218184260261284,0.008239776101968355,0.36471576960442254,-0.35070116198816326,False,True,False,all
2026-08-28,HCA,417.82000732421875,24,2,False,0.04383968616864009,-0.078818113887966,0.18031588138292332,-0.24922735452330458,True,True,False,all
2026-08-28,IGEB,44.2599983215332,24,1,False,-0.0060321075750155995,-0.021012110952783658,0.005566260031401704,-0.047352578697633096,True,True,False,all
2026-08-28,IGIB,52.209999084472656,24,1,False,-0.006356595057268932,-0.0213289012778215,0.003459548518140787,-0.043422547949303225,True,True,False,all
2026-08-28,MEC,19.31999969482422,24,4,False,-0.32587093653221566,-0.15721148339262436,0.5771428322305485,-0.5015479739045564,False,True,False,all
2026-08-28,MIDD,112.75,24,4,False,-0.13055897441412567,-0.06270070440937026,0.2646475710608467,-0.24099631313561376,False,True,False,all
2026-08-28,NRDS,9.899999618530273,24,2,False,0.05485227737094922,-0.08842091077507697,0.35061387743164185,-0.39039410356785775,False,True,False,all
2026-08-28,NTES,122.76000213623047,24,1,False,-0.032238213464669596,-0.021605011133871033,0.15745808940275197,-0.2305860245179232,False,False,False,all
2026-08-28,NVG,12.199999809265137,24,2,False,-0.02594812050406614,-0.035596010098904673,0.037414929576505385,-0.10228111315054411,False,False,False,all
2026-08-28,PRME,3.609999895095825,24,3,False,0.07841669756410008,0.01860862133964436,0.35205984716923044,-0.4798271087418885,False,True,False,all
2026-08-28,QLTA,46.529998779296875,24,1,False,-0.006580121910910508,-0.023310022357178384,0.0064892762282307,-0.05079562740135468,False,True,False,all
2026-08-28,RARE,25.610000610351562,24,1,False,-0.09914344323135083,-0.025659636520267814,0.4002186620236792,-0.3579844321331971,True,True,False,all
2026-08-28,VCIT,81.1500015258789,24,1,False,-0.006362204448775444,-0.021519911695841887,0.0035864570039370047,-0.0434935758049263,True,False,False,all
2026-08-28,VTC,75.30249786376953,24,1,False,-0.0060974741167165725,-0.02179467027561255,0.007121856956141759,-0.049690814060462274,False,True,False,all
2026-08-28,YETI,41.56999969482422,24,5,False,-0.14200561551351298,-0.06225715307498747,0.3130132626397393,-0.2300426300708217,False,False,False,all
2026-08-28,DGXX,3.7300000190734863,24,3,False,-0.14246959362586253,-0.04970573668607203,1.005376338917391,-0.5945652069126048,True,True,False,all
2026-08-28,BWX,21.799999237060547,24,2,False,0.004386091632185618,-0.017776921431490345,0.024436021317488565,-0.06917168377267369,False,True,False,all
2026-08-28,CAAP,24.100000381469727,24,4,False,-0.03945793909182216,-0.06692398935908073,0.38824882109158354,-0.20983605306656639,False,False,False,all
2026-08-28,DFGX,51.93000030517578,24,1,False,-0.015150706306886974,-0.019270119462156288,0.0009637478032218372,-0.0511602276718407,True,False,False,all
2026-08-28,MAA,129.61000061035156,24,2,False,-0.03500804608236052,-0.020088894021895842,0.07738983642908326,-0.11474627847513419,False,True,False,all
2026-08-28,INDA,49.560001373291016,24,2,False,0.003145482524727683,-0.019733862985890305,0.09621770353701176,-0.10702700228304474,False,True,False,all
2026-08-28,SCHI,22.219999313354492,24,1,False,-0.006807552478934387,-0.022482494655451046,0.0036133661206629863,-0.04545066458129443,True,True,False,all
2026-08-28,TSDD,8.800000190734863,24,4,False,-0.027978727954829696,-0.012603313028771601,0.3394216074289049,-0.5543175580297153,True,True,False,all
2026-08-28,FXY,57.25,24,2,False,0.0038400171015304796,-0.01340646889410746,0.023052196866194752,-0.09500471832114243,False,True,False,all
2026-08-28,SPBO,28.450000762939453,24,1,False,-0.006613243891371634,-0.022046046286109178,0.0060113179691054786,-0.04944869786654804,False,True,False,all
2026-08-28,MTBA,48.400001525878906,24,1,False,-0.008757312891113589,-0.02608646258766778,0.0006202727859554447,-0.04874212834461711,False,False,False,all
2026-08-28,KBH,54.86000061035156,24,1,False,-0.0366277993072156,-0.03191964242778056,0.24596870613921085,-0.20157180408478526,False,True,False,all
2026-08-28,PKX,60.25,24,4,False,0.107601919251191,-0.004615117635096255,0.3391864359239838,-0.3479437337116764,False,True,False,all
2026-08-28,FSK,12.260000228881836,24,2,False,0.09793668636638753,0.003942909541302164,0.26131686132447496,-0.3282191655407213,False,True,False,all
2026-08-28,CGNT,8.800000190734863,24,3,False,0.0007505855245686366,-0.00943287367622292,0.39904614373676295,-0.2851340462416595,False,False,False,all
2026-08-28,MNR,12.510000228881836,24,3,False,-0.032587331655454355,-0.019319621443258828,0.1959847211528336,-0.16711052945304306,False,False,False,all
2026-08-28,XEL,76.44999694824219,24,2,False,-0.03426866510590609,-0.029239674047886743,0.07238036143145798,-0.0923662127344671,False,True,False,all
2026-08-28,ALGN,157.5800018310547,23,3,False,-0.08893282244788359,-0.07339184624765027,0.2916393592709401,-0.2138295753757069,False,True,False,all
2026-08-28,ATO,166.64999389648438,23,2,False,-0.03804307534915308,-0.05208690736253241,0.04091185223774274,-0.13433069112384854,False,True,False,all
2026-08-28,BANF,110.55000305175781,23,4,False,-0.029570211556682158,-0.012417339856965914,0.08937721122182563,-0.20335807704737108,False,True,False,all
2026-08-28,EPRT,30.3700008392334,23,3,False,-0.02374887682813276,-0.027817763395139417,0.049050087698504274,-0.12553984337663426,True,True,False,all
2026-08-28,FXI,35.5099983215332,23,2,False,0.02992013090471124,-0.03587573580154313,0.1385058580796883,-0.1545238494873047,True,True,False,all
2026-08-28,GDXU,166.4499969482422,23,2,False,0.5437995550577479,-0.20944225116416793,1.5826222626808355,-0.6922038760109885,False,False,False,all
2026-08-28,GGG,79.29000091552734,23,2,False,0.014140941741749957,-0.03772869469174667,0.09350432463867175,-0.17138678135075924,False,False,False,all
2026-08-28,IDU,108.66999816894531,23,2,False,-0.04126776585708691,-0.039915483408139996,0.03436132395051894,-0.10056283360841123,False,True,False,all
2026-08-28,INOD,56.59000015258789,23,3,False,-0.14498276449727543,-0.06993485008460054,0.6532281889972451,-0.5477864757184183,False,True,False,all
2026-08-28,NEE,81.83999633789062,23,3,False,-0.05853124234420959,-0.06849322631737886,0.18197572014533758,-0.17124054341376582,False,True,False,all
2026-08-28,PFFD,18.40999984741211,23,1,False,-0.008616053568637372,-0.02535868125788132,0.010705445687109405,-0.07440923014842227,False,True,False,all
2026-08-28,STEP,50.31999969482422,23,1,False,0.11110373992705225,-0.06199772377962798,0.2952381382548461,-0.35317178637184843,False,True,False,all
2026-08-28,TM,194.47999572753906,23,2,False,0.06691007748264921,-0.03910434191622336,0.17086085840560816,-0.21864202291454526,False,True,False,all
2026-08-28,UHS,171.66000366210938,23,1,False,0.06799694569796433,-0.08425116659733933,0.22544261435077773,-0.3031299379446183,True,True,False,all
2026-08-28,WAL,78.52999877929688,23,2,False,-0.033769487397596665,-0.03607449584973543,0.19310238747193598,-0.1923275113854369,False,False,False,all
2026-08-28,XHB,104.5999984741211,23,2,False,-0.037987548233973434,-0.02262219650370456,0.11787964962349995,-0.1504913440480281,False,True,False,all
2026-08-28,DFEN,67.7300033569336,23,3,False,-0.1237511803464515,-0.07132476185576764,0.2619714117322949,-0.3071099400825208,False,False,False,all
2026-08-28,CLF,11.619999885559082,23,3,False,0.06250684796131356,0.02066807997874265,0.5032341341380551,-0.30419165540721893,False,True,False,all
2026-08-28,CTA,27.522300720214844,23,3,False,0.024419289826447477,-0.033333875520549894,0.0839819370549395,-0.15988088735265937,False,True,False,all
2026-08-28,CRC,52.22999954223633,23,2,False,-0.00807895233622724,-0.05888925489714758,0.20776970360211688,-0.27438181291491726,False,True,False,all
2026-08-28,COUR,6.46999979019165,23,2,False,0.12776709135400388,0.03148661461803903,0.2939999580383301,-0.4748376663588899,False,True,False,all
2026-08-28,NUKZ,65.33000183105469,23,2,False,-0.010697998943995368,-0.043938343232462373,0.15179831496916218,-0.1552882735391593,True,False,False,all
2026-08-28,IEF,92.8499984741211,23,1,False,-0.006960381526258219,-0.024480459796418552,0.0017261412072568927,-0.05303421127780872,False,True,False,all
2026-08-28,URNM,56.65999984741211,23,2,False,0.06582694158457558,-0.06873005728910486,0.21016660010093213,-0.333019401025599,False,False,False,all
2026-08-28,COLM,58.0099983215332,23,4,False,-0.05163143300411266,-0.016835516237457715,0.22203490267097914,-0.16000578667390208,False,False,False,all
2026-08-28,SUI,122.91999816894531,23,3,False,0.014126136039413595,-0.021900236846235654,0.06056942666647802,-0.10830618261531977,False,False,False,all
2026-08-28,GAB,5.659999847412109,23,1,False,-0.0005650762831089784,-0.024548840751891787,0.07196962547422947,-0.10257463883556406,False,True,False,all
2026-08-28,PLAB,27.729999542236328,23,3,False,-0.09776541872091704,-0.21622497463436785,0.38304242381117004,-0.5048214367457798,False,False,False,all
2026-08-28,RETL,8.520000457763672,23,3,False,-0.07375190340886562,-0.04209384883538947,0.31278902284086807,-0.24534982404328687,False,True,False,all
2026-08-28,TIP,106.94000244140625,23,1,False,-0.008356708847580219,-0.027417633641575234,0.0019675731084760617,-0.04738998390867888,False,True,False,all
2026-08-28,UEC,12.399999618530273,23,2,False,0.151624312384246,-0.06547693773751284,0.3916947060478151,-0.39036383847064027,False,False,False,all
2026-08-28,POWR,25.440000534057617,23,4,False,-0.049142563636794256,-0.027160333050054275,0.09749785155857871,-0.10548523008666699,False,True,False,all
2026-08-28,GOVI,26.43000030517578,23,1,False,-0.010023362248756551,-0.030845714774003663,0.00724087407450158,-0.06673726730279084,True,False,False,all
2026-08-28,MSCI,570.760009765625,23,4,False,-0.014244349678130708,-0.004234115147942474,0.13905968120981838,-0.1147851288424212,True,True,False,all
2026-08-28,TOTL,38.779998779296875,23,1,False,-0.005832241103740254,-0.02469452199962685,0.004402956909038025,-0.05088235936671115,True,True,False,all
2026-08-28,LQD,106.3499984741211,23,1,False,-0.007719925846180975,-0.02618630822758672,0.008821858483485823,-0.05826619864759808,True,True,False,all
2026-08-28,IMXI,14.470000267028809,23,2,False,0.06741616548071838,-0.03628418304182712,0.2977579158819881,-0.09278994106173066,False,False,False,all
2026-08-28,SCHP,25.93000030517578,23,1,False,-0.008139890576782549,-0.023708837936651905,0.0023192680323145254,-0.046340573892361125,False,False,False,all
2026-08-28,URA,45.56999969482422,23,2,False,0.057122170388554494,-0.060298064618901526,0.2256589381598384,-0.268304422157879,False,False,False,all
2026-08-28,AEVA,15.630000114440918,22,4,False,-0.22786598075611053,-0.07853933459110529,0.7701019535095106,-0.5006389618075668,False,True,False,all
2026-08-28,AGI,36.75,22,4,False,0.15875768145643088,-0.05879400311837202,0.358595232403915,-0.3367623154448287,False,True,False,all
2026-08-28,AIPI,37.29999923706055,22,2,False,0.028432699761938185,-0.005621058891942421,0.15802546716127064,-0.17258212684087904,False,True,False,all
2026-08-28,ALC,72.01000213623047,22,2,False,0.031153728731316388,-0.034902175228222365,0.16455087252217404,-0.1783431921756049,False,True,False,all
2026-08-28,BA,209.82000732421875,22,3,False,-0.04835765373641454,-0.045749592356032265,0.18696612690474823,-0.17507370831819058,False,True,False,all
2026-08-28,BOTZ,35.75,22,2,False,-0.014347792123122538,-0.03078577124734294,0.1215686274509804,-0.14289137413794328,False,True,False,all
2026-08-28,DTE,135.86000061035156,22,3,False,-0.06203571011472142,-0.04019984027698331,0.0762892893711471,-0.127704650976876,False,True,False,all
2026-08-28,ECHO,86.83999633789062,22,3,False,-0.06152809285881111,-0.18992653930666914,0.5864083608906989,-0.41025469380040325,True,True,False,all
2026-08-28,ENOV,24.899999618530273,22,1,False,-0.02659088961492906,-0.0030209837968896425,0.300940460426401,-0.273628923418503,False,True,False,all
2026-08-28,ENSG,172.97999572753906,22,2,False,-0.0007452213138520181,-0.05216232986865443,0.22178269169648357,-0.20651378106633456,False,True,False,all
2026-08-28,FCN,153.74000549316406,22,1,False,-0.005949779544228373,-0.06849897531563631,0.11689075416000172,-0.18784995766149593,False,True,False,all
2026-08-28,FERG,228.49000549316406,22,2,False,-0.03624141550314863,-0.04893196663455046,0.10041420807553258,-0.15884997359876873,False,True,False,all
2026-08-28,IIIN,30.489999771118164,22,1,False,-0.01402803914864914,-0.030051242072446138,0.2521560284787905,-0.23603107272135881,False,True,False,all
2026-08-28,ITB,96.41000366210938,22,1,False,-0.021796223538969484,-0.02230957680087975,0.1345022340981492,-0.18296607066009007,False,True,False,all
2026-08-28,LINE,39.31999969482422,22,4,False,-0.0714589370737081,0.02137496700455377,0.2550271238613211,-0.1405464547579406,False,True,False,all
2026-08-28,LRN,86.83999633789062,22,3,False,0.014350853433503508,0.05262260386364148,0.43276679530439166,-0.4863969990687518,True,True,False,all
2026-08-28,MLYS,25.600000381469727,22,1,False,-0.045321125270214035,-0.1478795058552469,0.7135208233260828,-0.4627492222100714,True,True,False,all
2026-08-28,PHG,26.719999313354492,22,1,False,-0.006824392668416612,-0.03691411193797656,0.12033538305997737,-0.20095692551814692,True,True,False,all
2026-08-28,RCI,36.59000015258789,22,2,False,0.05793029516888648,-0.0009569916658314082,0.1660293540840876,-0.11059794128741307,False,True,False,all
2026-08-28,RPM,106.6500015258789,22,3,False,-0.021862930326466024,5.017946758134606e-05,0.1477615543208468,-0.17010344654395126,False,False,False,all
2026-08-28,RQI,12.300000190734863,22,3,False,-0.00879991494613419,-0.012528031809357576,0.08849557372750527,-0.09358876438101549,False,True,False,all
2026-08-28,RRR,56.970001220703125,22,2,False,-0.09939531366461862,-0.04851375490102161,0.12767222297101632,-0.17422810574369896,False,True,False,all
2026-08-28,SAIA,352.25,22,3,False,-0.111705465312814,-0.08082827013067939,0.4128428912723794,-0.28796667525566666,True,True,False,all
2026-08-28,STCE,64.40670013427734,22,1,False,-0.024072503306262316,-0.02244119193877958,0.33209311617146087,-0.4125620166652587,False,True,False,all
2026-08-28,TRN,29.270000457763672,22,4,False,-0.12146423864231504,-0.06975412524721636,0.1821486343776786,-0.23596973613866423,False,True,False,all
2026-08-28,VNT,32.7599983215332,22,1,False,0.04388385024121089,-0.05554583526891976,0.20206942390625238,-0.3203319957886376,False,True,False,all
2026-08-28,XLU,42.72999954223633,22,2,False,-0.04380206911212792,-0.04432281031308871,0.03839606215722191,-0.10606694091520652,False,True,False,all
2026-08-28,CNP,39.2400016784668,22,3,False,-0.07183571626324337,-0.05363114730308238,0.072131238098613,-0.1330092104798486,False,True,False,all
2026-08-28,CX,10.869999885559082,22,3,False,-0.08328836202682932,-0.08468168842478341,0.24513178184824502,-0.20482810351921865,False,True,False,all
2026-08-28,CG,49.09000015258789,22,1,False,0.06478046706750051,-0.03871666966384624,0.23964651626612032,-0.2972082859704661,False,True,False,all
2026-08-28,TBLA,3.7799999713897705,22,4,False,-0.18915441137568045,-0.08657593578419409,0.3333333053005789,-0.33800351206013857,False,True,False,all
2026-08-28,GPOR,176.3699951171875,22,2,False,0.0815427934651729,-0.059670460289481864,0.18226306325473107,-0.21884136738971438,False,True,False,all
2026-08-28,NMZ,9.970000267028809,22,1,False,-0.030985120359653506,-0.03795584893884063,0.0009939752518259848,-0.07428042309489169,False,False,False,all
2026-08-28,SPIP,25.059999465942383,22,1,False,-0.00873392416466412,-0.03125237677105319,0.002399978637695366,-0.057185871411836287,False,False,False,all
2026-08-28,F,13.880000114440918,22,5,False,-0.015393335852399215,0.0299563035037127,0.24932498140077497,-0.21934760526381003,True,True,False,all
2026-08-28,TGS,28.149999618530273,22,3,False,-0.04870368611158338,-0.07920476208690208,0.4260384977165441,-0.22558457220923134,False,True,False,all
2026-08-28,DXC,11.210000038146973,22,2,False,0.11415906148195765,-0.06126481844513232,0.4189873294711133,-0.2850765420937724,True,True,False,all
2026-08-28,CELC,88.44000244140625,22,3,False,-0.06151110555516848,-0.16557651788968752,0.9909951843094849,-0.41438220143439886,True,True,False,all
2026-08-28,XTEN,44.43000030517578,22,1,False,-0.00772157965180531,-0.028929394531992614,0.008626585123650221,-0.06463157252261509,False,True,False,all
2026-08-28,AB,36.880001068115234,21,2,False,0.004001879440163503,-0.04106041850486952,0.05612837920801983,-0.16390839814542235,False,False,False,all
2026-08-28,ALG,165.27000427246094,21,2,False,0.0065789986287723146,-0.03584273902150237,0.13385023669653062,-0.24836274057505403,False,False,False,all
2026-08-28,BFAM,74.80999755859375,21,1,False,0.017731717938130442,-0.0820059439186791,0.2981085575579425,-0.3748642207466236,False,True,False,all
2026-08-28,BLV,66.41000366210938,21,1,False,-0.010238850569473379,-0.035478530170869105,0.017933872419539032,-0.08563945788963778,False,True,False,all
2026-08-28,EXC,43.93000030517578,21,2,False,-0.0456929025419901,-0.0447040590594201,0.03170498863474691,-0.1326752422163232,False,True,False,all
2026-08-28,FUTY,55.13999938964844,21,2,False,-0.0431236510427756,-0.045214653705861196,0.03588201885849318,-0.10356038214448748,False,False,False,all
2026-08-28,GBX,45.90999984741211,21,3,False,-0.04785409841448984,-0.0690714162131334,0.20088936429860405,-0.2243622079305876,False,True,False,all
2026-08-28,IGLB,48.209999084472656,21,1,False,-0.01006161734034361,-0.03436024945722205,0.017947602685108643,-0.08346006686308727,False,False,False,all
2026-08-28,INGR,104.62000274658203,21,2,False,0.032085235082287555,-0.03427437132699673,0.10779330836518985,-0.19819124638045205,False,True,False,all
2026-08-28,JBS,13.59000015258789,21,3,False,0.05569798967216277,-0.06282647015407705,0.1827676608617863,-0.2713136498359424,True,True,False,all
2026-08-28,LBRT,19.020000457763672,21,3,False,-0.1407428635977267,-0.22851960738721666,0.921212241479594,-0.44834386843133933,True,True,False,all
2026-08-28,MCHI,55.22999954223633,21,2,False,0.024033160068264614,-0.04603573710642683,0.10725738491495274,-0.18019894180517337,False,True,False,all
2026-08-28,ORC,6.690000057220459,21,1,False,-0.0021180625564920508,-0.05892612661917762,0.060221888730085826,-0.20357138559120658,False,True,False,all
2026-08-28,PG,143.77999877929688,21,2,False,-0.02232244664954086,-0.025873841628830774,0.04476096410891417,-0.14032885632707404,False,False,False,all
2026-08-28,SNY,44.81999969482422,21,2,False,0.02665358804414497,-0.024137471913336594,0.09611152760669128,-0.14920274420688118,False,True,False,all
2026-08-28,SO,88.25,21,3,False,-0.06139987359562904,-0.04569731221068052,0.0531025869473265,-0.12485121772222774,False,True,False,all
2026-08-28,SPTL,25.290000915527344,21,1,False,-0.010145090768711618,-0.03576327295617299,0.017706258643992667,-0.0870036022033801,False,False,False,all
2026-08-28,SYK,330.69000244140625,21,2,False,0.006163745894314232,-0.026704332202874936,0.17683274890180156,-0.1667338238989725,False,True,False,all
2026-08-28,TLH,97.29000091552734,21,1,False,-0.008125428475282193,-0.03256839555315949,0.015129430645266506,-0.0775576013131789,False,False,False,all
2026-08-28,TROX,5.400000095367432,21,3,False,-0.12011990923908322,-0.19342189116398,0.8881119907126791,-0.4900849841774717,False,True,False,all
2026-08-28,ULTA,517.5,21,2,False,0.040295949592054514,-0.06869696038969786,0.16659150784420773,-0.276193377057398,False,False,False,all
2026-08-28,VCLT,72.3499984741211,21,1,False,-0.010698430273500481,-0.03627780172679784,0.018727145788798527,-0.08741171054338459,False,True,False,all
2026-08-28,VNQI,45.2599983215332,21,1,False,-0.005034221320512011,-0.028901272593961025,0.04744270494088498,-0.11045602650554764,False,False,False,all
2026-08-28,DHI,147.38999938964844,21,1,False,-0.024397027712910857,-0.01635668565313897,0.11870967278670541,-0.20135466295109028,True,True,False,all
2026-08-28,DOLE,13.779999732971191,21,2,False,-0.004809868303807807,-0.056280753462507604,0.10063891606538977,-0.16837658498717456,False,True,False,all
2026-08-28,DAKT,19.299999237060547,21,2,False,-0.034884227125894895,-0.061925132792370996,0.1426879771759586,-0.31729752654601495,False,True,False,all
2026-08-28,KAI,302.239990234375,21,3,False,-0.034933256744879904,-0.023072921845712413,0.23428756589688304,-0.146383528730756,False,False,False,all
2026-08-28,PIPR,75.61000061035156,21,2,False,0.0016108480424048555,-0.06413754424458096,0.10062226804714491,-0.2046494643814465,False,True,False,all
2026-08-28,GIB,74.7699966430664,21,2,False,0.07439269815790728,-0.017821006632078418,0.25389896534894874,-0.23312823955829332,True,True,False,all
2026-08-28,LEVI,21.290000915527344,21,4,False,-0.10007773983947565,-0.029811937230345698,0.20146736684590927,-0.17159531970798714,False,True,False,all
2026-08-28,CW,596.3699951171875,21,3,False,-0.17022419636891373,-0.11766064417544941,0.2811110021403147,-0.2620644242046213,False,False,False,all
2026-08-28,SNPS,442.6099853515625,21,1,False,0.0613873449272595,-0.009003326489434138,0.2093168998676571,-0.28123223640396966,False,False,False,all
2026-08-28,WGMI,42.70000076293945,21,3,False,-0.19703635799294528,-0.12070531607133583,0.5061197494175391,-0.4450221028332084,False,False,False,all
2026-08-28,KBR,38.029998779296875,21,1,False,0.049456615805650195,-0.009334895120030828,0.2702070173992366,-0.2718744186749701,False,True,False,all
2026-08-28,SCHQ,30.170000076293945,21,1,False,-0.010326456362801717,-0.037887368728190984,0.01788126509984367,-0.0909912225180014,False,False,False,all
2026-08-28,VGLT,53.18000030517578,21,1,False,-0.010265832025249888,-0.0371375497781512,0.01799384755947364,-0.09000681802085486,False,False,False,all
2026-08-28,SPLB,21.530000686645508,21,1,False,-0.01083348220300151,-0.03645836340954256,0.0189305036330345,-0.08771185005783066,True,False,False,all
2026-08-28,VPU,184.75999450683594,21,2,False,-0.04350214931588381,-0.04548418525166553,0.03501204522058665,-0.10354202311843441,False,True,False,all
2026-08-28,WEC,106.22000122070312,21,2,False,-0.05237707481010423,-0.050505040564565507,0.031763034185468886,-0.11416897692691996,False,True,False,all
2026-08-28,BYD,79.47000122070312,21,4,False,-0.07145159066384732,-0.05789213799228876,0.04113715857885558,-0.13062030372016642,False,True,False,all
2026-08-28,BCE,23.459999084472656,20,3,False,0.049063577781977674,-0.0186708087891867,0.12410149214610167,-0.11538466517617296,False,True,False,all
2026-08-28,BTI,56.130001068115234,20,3,False,-0.057867368809936814,-0.050688286948874506,0.12530071904900542,-0.16597327603465584,False,False,False,all
2026-08-28,GSIT,5.699999809265137,20,2,False,-0.10256009601284422,-0.20050497185420102,1.0212765759574132,-0.685950417131375,False,True,False,all
2026-08-28,HD,330.19000244140625,20,1,False,-0.03022316229064581,-0.043059278900646425,0.14213073493736927,-0.22626830125036612,False,True,False,all
2026-08-28,HLMN,7.769999980926514,20,0,False,-0.059674944268722996,-0.08486224550059063,0.11637930148563558,-0.28387099467788224,False,True,False,all
2026-08-28,ICL,5.599999904632568,20,4,False,0.07168826972108433,0.03164951737971289,0.1764705116302181,-0.196556660946673,False,True,False,all
2026-08-28,ICLN,17.479999542236328,20,2,False,-0.062332394629690424,-0.0670317680855822,0.28058608283817965,-0.26492855182914965,True,False,False,all
2026-08-28,LASR,42.939998626708984,20,3,False,-0.30318001741948586,-0.24776831525295062,0.577516521304321,-0.5061529599331738,False,True,False,all
2026-08-28,LNN,113.87999725341797,20,1,False,-0.016658459592351238,-0.03375701416790655,0.17076180922779494,-0.23054055909852722,False,True,False,all
2026-08-28,MH,13.220000267028809,20,3,False,0.2037003508072741,-0.005831881726294674,0.4779207063224611,-0.2655555407206217,False,True,False,all
2026-08-28,MKC,55.33000183105469,20,2,False,0.05936506806538877,-0.03638920550448688,0.23449357893333844,-0.2358790355923196,False,True,False,all
2026-08-28,OMAB,100.66000366210938,20,2,False,-0.060474563191506014,-0.08436467040021078,0.05193856300449351,-0.2543151376699009,False,True,False,all
2026-08-28,ORLY,88.5,20,1,False,-0.004747977665900072,-0.042671432529742925,0.07155834755011337,-0.1859823490956024,False,True,False,all
2026-08-28,PBW,31.809999465942383,20,3,False,-0.08194130275128375,-0.0856108183008385,0.30905351706464845,-0.32634479789052584,True,True,False,all
2026-08-28,PGX,10.600000381469727,20,1,False,-0.01472334711657941,-0.04474810906493132,0.005692639452927528,-0.11073822872278205,False,False,False,all
2026-08-28,RKLB,64.38999938964844,20,3,False,-0.17382837069255397,-0.1855756289478846,0.7138674451072471,-0.5735761629824607,False,True,False,all
2026-08-28,SBAC,190.9499969482422,20,3,False,0.04418323871400842,-0.011647255969997716,0.1757280502592049,-0.1492916722948433,False,True,False,all
2026-08-28,SMCI,37.08000183105469,20,3,False,0.1881188743277531,0.18323941820593892,0.9034908984806813,-0.36917314390767264,False,True,False,all
2026-08-28,SWKS,65.79000091552734,20,2,False,0.010403522995806824,0.031027210271179717,0.2668977571519513,-0.2762376258398943,False,True,False,all
2026-08-28,TLT,82.87999725341797,20,1,False,-0.01185349340024655,-0.04108538199654843,0.021066885832786486,-0.10098714547605636,False,False,False,all
2026-08-28,UTG,37.720001220703125,20,3,False,-0.05094499755311055,-0.04821739324567742,0.0533370503815922,-0.14077448953009009,False,True,False,all
2026-08-28,VMC,274.510009765625,20,1,False,-0.04232387163613893,-0.05007411425940467,0.08781455568112495,-0.17089005164180038,True,True,False,all
2026-08-28,DNUT,3.4700000286102295,20,1,False,0.03218514795112526,-0.03318379942733973,0.20486107316834112,-0.3209393467816338,False,True,False,all
2026-08-28,CARR,58.790000915527344,20,4,False,-0.11174029987960044,-0.041001689108936534,0.17018310014756888,-0.23410631475505583,False,True,False,all
2026-08-28,CTMX,3.2100000381469727,20,1,False,-0.06561097634337898,-0.2291251305400911,0.6894737254879817,-0.6090133954650405,True,True,False,all
2026-08-28,CE,45.0,20,2,False,-0.02298376267239577,-0.11026223438396754,0.2809564085337588,-0.36350775187524487,False,True,False,all
2026-08-28,CALM,80.20999908447266,20,0,False,-0.04566212034410555,-0.019383716199738,0.11526697895700067,-0.3129175899242844,False,False,False,all
2026-08-28,URNJ,25.6299991607666,20,2,False,0.07827345078476688,-0.08842737490073449,0.24417469350250598,-0.37196769668474683,False,False,False,all
2026-08-28,WH,76.0199966430664,20,2,False,-0.020847916681861256,-0.033025612603235555,0.09839615154859294,-0.15860544629847695,False,True,False,all
2026-08-28,CHDN,89.9000015258789,20,2,False,0.031074466670973022,-0.04751005572986711,0.13224181106064248,-0.2403886549644796,False,True,False,all
2026-08-28,XDTE,38.95000076293945,20,2,False,0.0011129350089487122,-0.018525533154942653,0.08586567947502455,-0.1307743903316284,False,True,False,all
2026-08-28,SRE,84.30999755859375,20,2,False,-0.059254397535438263,-0.0758264386767531,0.0676205680048878,-0.16557802063878058,False,True,False,all
2026-08-28,VRSK,191.77000427246094,20,1,False,0.014612089937995343,-0.017636874547197423,0.22976786757790157,-0.2996749308832489,False,True,False,all
2026-08-28,UFPI,86.01000213623047,20,0,False,-0.02512171304828492,-0.06854947253631805,0.10424961882412309,-0.27110167681160624,False,True,False,all
2026-08-28,NAVI,9.460000038146973,20,1,False,0.08401705610038146,-0.020465636658444253,0.2905866489237272,-0.3179524069069124,False,True,False,all
2026-08-28,DPZ,350.0,20,1,False,0.06505800313797239,-0.04433494216575473,0.24113475177304955,-0.25373134328358204,False,True,False,all
2026-08-28,PEP,141.07000732421875,20,3,False,0.008999293322309532,-0.05278818855999867,0.05488680050236594,-0.17733840191854278,False,True,False,all
2026-08-28,BBAR,14.470000267028809,20,2,False,-0.2046653649269491,-0.14454877752155193,0.8646907010612084,-0.3560302310098906,False,False,False,all
2026-08-28,MSDL,15.180000305175781,20,1,False,-0.007311088155329326,-0.027406235825215175,0.11127382684792897,-0.16455694873767002,True,True,False,all
2026-08-28,AGO,75.52999877929688,19,1,False,-0.05823883778776062,-0.09110820596653946,0.03807032107943131,-0.18257578428564392,False,False,False,all
2026-08-28,AMT,176.22999572753906,19,2,False,0.030267856945331406,-0.008953913442764416,0.10102460587022,-0.14126306071885686,False,True,False,all
2026-08-28,AOS,60.380001068115234,19,0,False,-0.014670590206580347,-0.07592757427569297,0.11484492685057357,-0.26248932402001146,False,True,False,all
2026-08-28,ATOM,4.199999809265137,19,3,False,-0.2932624681274222,-0.18571515692372786,1.2198730962899824,-0.6603315902135813,False,True,False,all
2026-08-28,AVA,37.65999984741211,19,2,False,-0.06227435098284706,-0.06822425045361624,0.06084506612428475,-0.134252877070986,False,True,False,all
2026-08-28,BBD,3.25,19,2,False,-0.04826051178496027,-0.10137834875185758,0.09797295882285662,-0.2441860800372243,False,True,False,all
2026-08-28,DSL,10.680000305175781,19,1,False,-0.008227600496873544,-0.03476820119949042,0.01811253939020485,-0.15706391153394939,False,False,False,all
2026-08-28,ECVT,10.109999656677246,19,3,False,-0.1281025522772039,-0.13079366295112205,0.36437245139864505,-0.3297978368504433,False,True,False,all
2026-08-28,ERIC,9.949999809265137,19,2,False,-0.03981628624811373,-0.08398354039916367,0.2905317457892682,-0.27741470744431085,True,True,False,all
2026-08-28,FEPI,42.099998474121094,19,2,False,0.012162267990855735,-0.027662798334270433,0.11081785696959257,-0.15257652545273803,True,True,False,all
2026-08-28,GDS,33.40999984741211,19,2,False,0.039825209683806984,-0.11532310606258023,0.23878385977076322,-0.31269287332003437,False,True,False,all
2026-08-28,GFS,44.7599983215332,19,4,False,-0.2520428738748498,-0.15572421558145233,0.41690402359388434,-0.5163695640668802,True,True,False,all
2026-08-28,HON,217.42999267578125,19,3,False,-0.06218726943792463,-0.05357294042988281,0.11008510488457968,-0.16464060854319973,False,True,False,all
2026-08-28,IAUI,51.650001525878906,19,2,False,0.03198538398714179,-0.07016288725136144,0.07918932025060621,-0.20009289499781346,False,False,False,all
2026-08-28,MKL,1818.68994140625,19,1,False,-0.04292613659569866,-0.07443562079383037,0.0577406815436714,-0.17616501750828795,False,True,False,all
2026-08-28,MORT,9.8100004196167,19,1,False,-0.01090920255958494,-0.053591202911411284,0.022940590566042918,-0.14248244934917975,False,True,False,all
2026-08-28,NHI,72.02999877929688,19,2,False,-0.046536147670085404,-0.08413254608141241,0.060200120561049175,-0.21175310851081608,False,True,False,all
2026-08-28,NVMI,349.05999755859375,19,3,False,-0.2016719535586683,-0.200319546156835,0.4998496281813376,-0.4333349517160472,False,True,False,all
2026-08-28,OTF,11.380000114440918,19,1,False,0.07194666328649268,-0.05261798425176978,0.16717949891701722,-0.2806573745912222,False,False,False,all
2026-08-28,RCL,279.4100036621094,19,4,False,-0.07537384429645555,-0.02849899448112614,0.20383453819253106,-0.23762618373230726,False,True,False,all
2026-08-28,SAM,183.1300048828125,19,2,False,0.008875131222568111,-0.10283142374559873,0.15408377448685728,-0.30753228919346975,False,True,False,all
2026-08-28,SPXC,198.72999572753906,19,4,False,-0.08783801430312344,-0.0756832524639891,0.10639127675002902,-0.20849930588554244,True,True,False,all
2026-08-28,TDOC,6.5,19,1,False,-0.1791063592746932,-0.030942743790057237,0.47727269525370386,-0.3425710584781665,True,True,False,all
2026-08-28,TEL,202.66000366210938,19,1,False,-0.014060784821549377,-0.06634646367276809,0.06511798555439308,-0.1975767911737789,False,True,False,all
2026-08-28,TLTW,21.399999618530273,19,1,False,-0.012186131779009512,-0.04619493581397738,0.020505499249203085,-0.11129569408915985,False,True,False,all
2026-08-28,CQQQ,48.939998626708984,19,1,False,-0.06087613085522259,-0.0597231696362478,0.10474039434670468,-0.20032682979400696,False,True,False,all
2026-08-28,CLSK,11.65999984741211,19,3,False,-0.13968657955039565,-0.06977858537222925,0.45749998092651367,-0.5061414847105128,False,True,False,all
2026-08-28,BIOA,9.649999618530273,19,3,False,-0.4552977446732043,-0.42851307674179073,1.120878948132905,-0.6282026720517758,True,True,False,all
2026-08-28,TXT,83.04000091552734,19,3,False,-0.06355932236200379,-0.07825915993921884,0.06298000506868351,-0.1824357471199355,False,True,False,all
2026-08-28,PPL,34.20000076293945,19,2,False,-0.042134844263598814,-0.05886106492403165,0.031052235479423596,-0.14734479574869064,False,True,False,all
2026-08-28,REMX,77.41999816894531,19,3,False,-0.006472958412386043,-0.10080884669503554,0.354206763137519,-0.3059614876655503,False,True,False,all
2026-08-28,OBDC,11.300000190734863,19,2,False,0.019745170394616096,-0.026885499955502823,0.07414445808275216,-0.21745148759658672,False,True,False,all
2026-08-28,XRAY,11.119999885559082,19,2,False,-0.07875334071033413,-0.051522309655936294,0.18172157979548187,-0.25168235918751314,False,True,False,all
2026-08-28,ROAD,110.0999984741211,19,1,False,-0.0026044795148938427,-0.04137500092579949,0.17854849745352008,-0.2708609372574762,False,True,False,all
2026-08-28,LOPE,151.19000244140625,19,1,False,0.0316122852257541,-0.05257312056127339,0.12601472875960607,-0.3221394951915726,True,True,False,all
2026-08-28,HROW,37.27000045776367,19,2,False,-0.09729454117036429,-0.09809842257671597,0.30588644927081,-0.32051045588728466,False,True,False,all
2026-08-28,PTLO,4.699999809265137,19,2,False,0.013280402160742666,-0.056395469127003106,0.24503303060385018,-0.34025831534986584,False,True,False,all
2026-08-28,UPBD,19.219999313354492,19,2,False,-0.046116013456749094,0.006812448691850159,0.21491780557003692,-0.31430614190061057,False,True,False,all
2026-08-28,PAGS,8.890000343322754,19,0,False,-0.02062306107085876,-0.09412348655044567,0.055819508642531934,-0.2784090451676269,False,True,False,all
2026-08-28,AI,10.529999732971191,18,2,False,0.11586798195582615,-0.017659759123653918,0.3719869017961508,-0.4792284821683178,False,True,False,all
2026-08-28,ARE,51.56999969482422,18,3,False,0.017248041196262553,0.0283898950573771,0.30855112647788063,-0.41557115884747375,False,False,False,all
2026-08-28,ARVN,9.180000305175781,18,2,False,0.0761512043685475,-0.13172191435498348,0.31707325416194365,-0.36733286282772115,False,True,False,all
2026-08-28,AVS,7.913300037384033,18,1,False,0.03324783540202758,-0.08410948093223214,0.26612800598144526,-0.36337088953336705,False,True,False,all
2026-08-28,EEFT,69.94999694824219,18,0,False,-0.053686264861100175,-0.03190496884429361,0.1191999511718751,-0.2629860473162313,False,True,False,all
2026-08-28,FSV,141.5399932861328,18,0,False,-0.004013133555853088,-0.0337442502543126,0.18532776941071005,-0.32490703608762506,True,False,False,all
2026-08-28,FTAI,194.97999572753906,18,3,False,-0.1287772655870053,-0.1654423629457924,0.3176104970737832,-0.3972984147575611,False,True,False,all
2026-08-28,FUTU,124.26000213623047,18,2,False,0.1916315615222679,-0.10470906990080353,0.5436025110090741,-0.38646125075209037,False,False,False,all
2026-08-28,GLL,21.719999313354492,18,1,False,-0.12001363858367153,-0.04119297519535292,0.39230761424559524,-0.4857954912339182,False,False,False,all
2026-08-28,GNTX,22.670000076293945,18,3,False,-0.05796800463382756,-0.0332437038369332,0.10693362221718483,-0.22838663295242845,False,True,False,all
2026-08-28,GRRR,14.40999984741211,18,4,False,-0.030804423169185746,0.052833451933506526,0.5940265385198447,-0.386547467525745,False,True,False,all
2026-08-28,GSM,4.070000171661377,18,2,False,0.10814641512857537,-0.05300382427521921,0.3214286598955789,-0.2909407083707022,False,True,False,all
2026-08-28,HAYW,14.149999618530273,18,1,False,-0.07662392700266285,-0.07203989686265388,0.09435415967207184,-0.20191765460443434,False,True,False,all
2026-08-28,HGV,43.810001373291016,18,4,False,-0.09646254062659043,-0.047811524827241714,0.19081272854225073,-0.2092057731654371,False,True,False,all
2026-08-28,HYT,8.289999961853027,18,1,False,-0.014573380596594854,-0.04909928619133819,0.008515777682513548,-0.13735689302621912,False,True,False,all
2026-08-28,IVR,7.360000133514404,18,2,False,-0.040967354120365784,-0.09460513314496055,0.036619751038615256,-0.225263143840589,True,True,False,all
2026-08-28,JBLU,4.800000190734863,18,3,False,-0.14058579614180078,-0.05802928348714986,0.24031016348245404,-0.2749244299526923,False,True,False,all
2026-08-28,MQ,16.469999313354492,18,0,False,-0.003141323632790294,-0.03449189224175642,0.11283777710118459,-0.3624187501402897,False,True,False,all
2026-08-28,MWA,24.3799991607666,18,3,False,-0.04261505284136613,-0.07319412959153893,0.07211958690216802,-0.2135484141688193,False,True,False,all
2026-08-28,OTEX,25.100000381469727,18,1,False,0.06355031797680866,-0.02925761893856116,0.2689585192186583,-0.3709273327924558,False,True,False,all
2026-08-28,PBH,52.470001220703125,18,1,False,0.04612356623466951,-0.07930971633718364,0.23111221341325283,-0.26171378294624736,False,True,False,all
2026-08-28,PDO,12.550000190734863,18,1,False,-0.033619254292159395,-0.06324931412193957,0.014551358677530546,-0.11929823222913238,False,False,False,all
2026-08-28,SBS,4.869999885559082,18,2,False,-0.09476190595636347,-0.1250465085661795,0.1128884749132546,-0.31964237346328606,False,False,False,all
2026-08-28,WMT,103.08999633789062,18,3,False,-0.07959633123480869,-0.13063866989648976,0.07722047675346522,-0.23727438928154765,False,False,False,all
2026-08-28,DBD,67.3499984741211,18,3,False,-0.14710993826505936,-0.10518734077977321,0.23623346255550404,-0.26861053218517505,False,True,False,all
2026-08-28,CHRW,150.38999938964844,18,2,False,-0.12371068529994822,-0.12990452643923955,0.21635393183477802,-0.28498075367085485,True,True,False,all
2026-08-28,NXST,183.32000732421875,18,1,False,0.005887655261278768,-0.08139142627912288,0.18676769518694702,-0.2791191304590447,False,True,False,all
2026-08-28,SFM,81.45999908447266,18,1,False,-0.002082575168285139,0.02866522444390851,0.25806948393007967,-0.43704215063936647,False,True,False,all
2026-08-28,OPCH,23.899999618530273,18,2,False,0.05851504983542588,-0.12481142827278435,0.327040494991383,-0.3505434751623294,True,True,False,all
2026-08-28,CRWV,84.2300033569336,18,2,False,-0.041507699677481025,-0.07831652059445116,0.3910818235878579,-0.45019578959005946,False,True,False,all
2026-08-28,BURL,272.95001220703125,18,3,False,-0.19586388974987923,-0.1275622202704203,0.1349744520455336,-0.2785398411582306,False,False,False,all
2026-08-28,AQN,5.659999847412109,18,1,False,-0.025012080403156278,-0.07696575274917905,0.06390971142479396,-0.20393815174031138,True,True,False,all
2026-08-28,CAL,12.479999542236328,18,3,False,-0.02518281671552336,-0.0010486188425937737,0.41818173542495773,-0.22676579837787914,False,True,False,all
2026-08-28,SUPN,43.72999954223633,18,1,False,-0.06440280983425606,-0.09891068295471395,0.030153092021010464,-0.2672587245539303,False,True,False,all
2026-08-28,TAP,41.459999084472656,18,2,False,0.010396385490535787,-0.06280412598903573,0.08990531247724864,-0.2437066888858982,False,True,False,all
2026-08-28,PTY,11.800000190734863,18,1,False,-0.002080393346304721,-0.046433812046572376,0.018998296068934772,-0.19673243513959515,True,False,False,all
2026-08-28,KDEF,43.75,18,3,False,0.06412943056144993,-0.1256856355742464,0.3189629911092362,-0.35098653577745575,False,True,False,all
2026-08-28,STRK,71.7300033569336,18,2,False,0.12632138966488204,-0.03897099741200605,0.44044826158448935,-0.284488744569241,False,True,False,all
2026-08-28,SKYQ,2.630000114440918,18,2,False,-0.21153612266082633,-0.24066235252883894,1.3909091431247291,-0.8647814904227566,False,True,False,all
2026-08-28,APLD,25.34000015258789,17,2,False,-0.1860961824759615,-0.21278249424385864,0.9255319488146465,-0.5004435502247306,False,True,False,all
2026-08-28,BKV,24.229999542236328,17,2,False,-0.04842322141159683,-0.11782162087382331,0.20667328856066702,-0.2615056833871162,False,False,False,all
2026-08-28,BN,41.33000183105469,17,1,False,-0.039364396011194014,-0.06915772901192496,0.0896388478387371,-0.1662295322674755,False,True,False,all
2026-08-28,EDV,60.65999984741211,17,1,False,-0.016269027551136128,-0.059816211886860815,0.03994510446109634,-0.149347890559536,False,False,False,all
2026-08-28,HUBS,260.67999267578125,17,2,False,0.20676020126425443,-0.012652077566625675,0.5367563825507751,-0.5039485683782821,False,True,False,all
2026-08-28,JPC,7.380000114440918,17,1,False,-0.04515459604224614,-0.07075131748149732,0.02216071037379086,-0.11084338013882511,False,False,False,all
2026-08-28,LADR,9.819999694824219,17,1,False,-0.006515346559461954,-0.050538090587764595,0.0469082702574708,-0.17617452751918428,False,True,False,all
2026-08-28,LAND,8.970000267028809,17,2,False,0.05143477335227442,-0.06832778731741562,0.1325757803813301,-0.30999997945932245,False,False,False,all
2026-08-28,MBUU,27.360000610351562,17,1,False,-0.021277179965428994,-0.026926651170280036,0.14765102496786553,-0.21951218450533205,False,True,False,all
2026-08-28,MTZ,241.0,17,3,False,-0.25848937296126284,-0.2056800771322017,0.4089447278587659,-0.4540470652228469,False,False,False,all
2026-08-28,NOC,545.5700073242188,17,2,False,0.006859067226367976,-0.09633159849524442,0.13892952243512213,-0.29512918950359335,False,True,False,all
2026-08-28,NVR,6396.27001953125,17,0,False,-0.006948240015045015,-0.06373234352030754,0.16274471270721969,-0.2578252485887159,True,True,False,all
2026-08-28,OXM,38.310001373291016,17,2,False,0.025702843822789312,-0.008554451112128714,0.25318945880713395,-0.2577019779068348,False,True,False,all
2026-08-28,PRVA,20.790000915527344,17,0,False,-0.14305496130807072,-0.10846950182201587,0.06451613848346738,-0.2786259147927397,False,True,False,all
2026-08-28,SH,32.33000183105469,17,1,False,-0.015823478053242246,-0.0755143735237519,0.015708511107354495,-0.17525507138203467,False,True,False,all
2026-08-28,SOLT,59.790000915527344,17,2,False,0.6473343774550611,-0.18374310980656594,1.5682989326467536,-0.9153116134340973,False,False,False,all
2026-08-28,TMDX,88.43000030517578,17,2,False,0.11599368302755608,-0.1621323243991979,0.4712586470121378,-0.4331410236847706,False,True,False,all
2026-08-28,TRMB,61.0099983215332,17,1,False,0.10789890064298935,-0.06542344809797418,0.27316361963199953,-0.27730396061562224,False,True,False,all
2026-08-28,TSN,55.400001525878906,17,3,False,-0.04316134110643177,-0.08403330384342844,0.09572784851909999,-0.20264826066174346,False,True,False,all
2026-08-28,WMG,28.030000686645508,17,2,False,0.027428669938148298,-0.023603482499845674,0.20094260940000885,-0.2086391266044454,False,True,False,all
2026-08-28,WMS,136.99000549316406,17,2,False,-0.06040715618382653,-0.07363730730678875,0.06998365070137047,-0.2360371211107809,False,True,False,all
2026-08-28,YELP,23.18000030517578,17,0,False,-0.07074074753125603,-0.10657330281828403,0.18265305377701235,-0.3279211604200126,False,True,False,all
2026-08-28,CAPR,9.59000015258789,17,2,False,-0.341337098180331,-0.5879495600428513,2.2398648746610994,-0.7624473518374661,True,False,False,all
2026-08-28,CRMD,8.300000190734863,17,2,False,0.030543848442258215,-0.002313888668339037,0.3539967431944915,-0.44518715444047907,False,True,False,all
2026-08-28,PAR,19.149999618530273,17,2,False,0.09800006631232017,-0.11480905658518925,0.6522863991726813,-0.6403080575732665,False,True,False,all
2026-08-28,UUUU,14.670000076293945,17,3,False,0.07493002756947131,-0.1573856523353765,0.37746484523521917,-0.47419353846332646,False,True,False,all
2026-08-28,RYN,20.3799991607666,17,1,False,-0.05026427079397855,-0.053504003735999395,0.04566441252438125,-0.2468588483744505,False,False,False,all
2026-08-28,ROOT,56.43000030517578,17,1,False,-0.008171203833340579,-0.06093324722881399,0.3793693599523549,-0.45984493494968115,False,True,False,all
2026-08-28,PWP,16.979999542236328,17,1,False,0.042722108932893965,-0.06874327863864005,0.20340183950329993,-0.3450337495878141,False,True,False,all
2026-08-28,TKO,184.63999938964844,17,2,False,-0.034220718237531034,-0.06385569971873595,0.049090905623002445,-0.18639289061733078,False,True,False,all
2026-08-28,VC,102.0199966430664,17,3,False,-0.03262270425292557,-0.00344772329794496,0.2219427386922712,-0.2097599394281654,False,True,False,all
2026-08-28,VVV,32.11000061035156,17,4,False,-0.13524255466341795,-0.0667935597877033,0.12666668808251091,-0.22308252630599612,False,True,False,all
2026-08-28,CMS,68.20999908447266,17,2,False,-0.06637613576626011,-0.07431660345700386,0.0045655014967209695,-0.151194642030824,False,True,False,all
2026-08-28,PTON,5.449999809265137,17,1,False,-0.0705844579186814,-0.018212640473878272,0.49315059366224645,-0.4076087041027381,False,True,False,all
2026-08-28,WLDN,87.98999786376953,17,2,False,0.12088598414858964,-0.052923918982046736,0.3605999745647517,-0.35773724187029543,False,True,False,all
2026-08-28,CPB,23.389999389648438,17,1,False,0.03637731100062913,-0.0378168252090868,0.19580777240688585,-0.3154813976283455,False,True,False,all
2026-08-28,SPDN,8.489999771118164,17,1,False,-0.016222499720699446,-0.07336415398858498,0.015550253562161886,-0.17412451443086474,False,True,False,all
2026-08-28,HII,294.2099914550781,17,2,False,-0.007538701831950156,-0.1559611737182841,0.11603822511373774,-0.360413062054178,False,True,False,all
2026-08-28,PVH,75.79000091552734,17,4,False,-0.04786192823978663,-0.011966808021454334,0.27164434321984277,-0.24774192639675097,False,True,False,all
2026-08-28,BDN,3.059999942779541,16,1,False,-0.020925339747543292,0.0011450811815203465,0.23886635924505684,-0.339092901264638,False,True,False,all
2026-08-28,BHF,53.040000915527344,16,2,False,-0.13333615445479174,-0.15172712017344758,0.26075591395957964,-0.20598804652103053,False,False,False,all
2026-08-28,BITO,10.449999809265137,16,2,False,0.17924526042908306,-0.005481764688417767,0.32782718694064794,-0.5001435118807858,False,True,False,all
2026-08-28,BKCH,67.41000366210938,16,1,False,-0.03257300735842383,-0.06653129853868545,0.322023954562386,-0.4550084701142886,False,True,False,all
2026-08-28,BMI,135.61000061035156,16,0,False,-0.013039138716014587,-0.0872650833280667,0.2098314304655775,-0.33524509504729627,False,True,False,all
2026-08-28,BTAL,12.25,16,1,False,0.03587072340055686,-0.06884114602724845,0.12799266917730656,-0.2616033823188898,True,True,False,all
2026-08-28,DRS,38.540000915527344,16,4,False,-0.12703910935781115,-0.07929877080089187,0.1884058141490803,-0.23818934968799632,False,True,False,all
2026-08-28,ETHU,25.719999313354492,16,2,False,0.5537217508336219,-0.1714872012629135,1.3992536075265543,-0.8482148139476771,False,False,False,all
2026-08-28,FNF,47.54999923706055,16,1,False,-0.034980206341819975,-0.06880692783219566,0.11150071514429505,-0.1969161060786525,False,True,False,all
2026-08-28,FWRG,12.510000228881836,16,0,False,-0.0007109093561606938,-0.0808229065370486,0.2547642822290497,-0.34673626746307185,False,True,False,all
2026-08-28,GGAL,42.2400016784668,16,1,False,-0.125856721496593,-0.12857712362131257,0.6315180638959597,-0.32437617771607874,False,False,False,all
2026-08-28,GLPI,42.560001373291016,16,2,False,-0.03375497325433596,-0.06487276986628543,0.033762527718405044,-0.14794793346893143,False,False,False,all
2026-08-28,GLXY,23.209999084472656,16,1,False,-0.029402334531358876,-0.07698123734536433,0.41265968675369047,-0.49455574891183096,False,True,False,all
2026-08-28,IONS,61.04999923706055,16,1,False,-0.029371653965848066,-0.17196200330647904,0.4490861070322716,-0.29617246091078653,True,True,False,all
2026-08-28,LMND,52.959999084472656,16,0,False,-0.10564411517594308,-0.18390117045176335,0.14731367546661245,-0.46986988713154854,True,True,False,all
2026-08-28,NOWL,8.520000457763672,16,3,False,0.5699860706226125,0.05428783127420811,1.4412608694790814,-0.653658523347769,False,True,False,all
2026-08-28,ORA,103.04000091552734,16,1,False,-0.051142872256384364,-0.10883475657751474,0.15671305340730224,-0.2961267754277105,False,True,False,all
2026-08-28,SHEN,12.460000038146973,16,2,False,-0.031947287980061634,-0.07239557677226649,0.2885211933651093,-0.2818443939946772,False,True,False,all
2026-08-28,TDG,1185.969970703125,16,1,False,-0.0568680309215337,-0.0686340824607734,0.05549967174068038,-0.18937414341857606,False,True,False,all
2026-08-28,TTI,6.809999942779541,16,3,False,-0.21955580311873335,-0.26963852356822593,0.5167038507629182,-0.4569378019540893,False,False,False,all
2026-08-28,UTES,73.77999877929688,16,2,False,-0.067440568682261,-0.08016974526655174,0.002445656371026672,-0.165658346624315,False,False,False,all
2026-08-28,WLK,75.70999908447266,16,3,False,-0.006560832792469995,-0.13726943512469492,0.34404396633152223,-0.3905659096945755,False,True,False,all
2026-08-28,DOG,21.290000915527344,16,1,False,-0.010807204675030158,-0.06929161378521154,0.025036131261581218,-0.1554937846610125,False,False,False,all
2026-08-28,CRCL,87.13999938964844,16,4,False,0.23753094913851647,0.02714616898926181,0.7462925195394292,-0.4535649418535558,False,False,False,all
2026-08-28,CAE,24.280000686645508,16,0,False,-0.05108802046859873,-0.11940125323233464,0.06678385072399218,-0.2908878651745229,False,False,False,all
2026-08-28,PPC,31.690000534057617,16,1,False,0.10522095406854115,-0.08596512358337527,0.22355216219327123,-0.3025967981559162,False,False,False,all
2026-08-28,TNC,69.58000183105469,16,3,False,-0.14125267556816867,-0.10182556372696938,0.15619809701247966,-0.2431197476332735,False,False,False,all
2026-08-28,WSC,20.899999618530273,16,4,False,-0.1767796915478128,-0.06101284355778713,0.40174378487051654,-0.297950980948682,False,False,False,all
2026-08-28,UAA,5.079999923706055,16,2,False,-0.18816123148917918,-0.14267392651010902,0.23002416051839236,-0.3766870967507905,False,True,False,all
2026-08-28,NLR,118.12000274658203,16,1,False,0.030625625197129525,-0.10107945118376938,0.15894824243210004,-0.2974065775802166,False,True,False,all
2026-08-28,TNXP,13.59000015258789,16,2,False,0.13524351571332627,-0.04232715476930338,0.44574475575486683,-0.5909091013483037,False,True,False,all
2026-08-28,MFA,8.829999923706055,16,2,False,-0.04618907769908476,-0.08040471174774477,0.005694782717031277,-0.16461682321241544,False,True,False,all
2026-08-28,ZROZ,59.279998779296875,16,1,False,-0.019941761875704733,-0.067870320540932,0.04366196435823522,-0.16764956805329823,False,False,False,all
2026-08-28,CC,15.619999885559082,16,3,False,-0.10516848919890331,-0.13451576454613312,0.496168631549466,-0.4551796357170357,False,True,False,all
2026-08-28,GOVZ,34.0,16,1,False,-0.02244354542859739,-0.06892233992338637,0.04246506976106068,-0.17113604045401776,False,False,False,all
2026-08-28,TKC,5.400000095367432,16,2,False,-0.044856358862017554,-0.10289315217818562,0.020793976239627865,-0.24791083224622645,True,True,False,all
2026-08-28,HHH,64.80000305175781,16,0,False,-0.05216870916804339,-0.10110048511298564,0.06212104301741883,-0.28845939092014083,True,False,False,all
2026-08-28,UA,4.940000057220459,16,2,False,-0.19048242093051582,-0.14172037149375016,0.25063291078117333,-0.3752134299612002,False,True,False,all
2026-08-28,STZ,130.69000244140625,16,2,False,-0.027826937190382983,-0.09977704790735209,0.033531084187369053,-0.22485173362825206,False,True,False,all
2026-08-28,HSY,179.0500030517578,16,3,False,0.00044813673505417206,-0.0698326660165024,0.10914954578090641,-0.2523383737843957,False,True,False,all
2026-08-28,ADBG,5.670000076293945,15,2,False,0.4077583276467742,-0.023259162728930916,1.1807693401031987,-0.5327179694832074,False,True,False,all
2026-08-28,ANIP,72.83000183105469,15,0,False,-0.0844199030030307,-0.08557349271459735,0.03820385241455915,-0.2680401826024654,False,False,False,all
2026-08-28,BABA,118.9000015258789,15,1,False,0.03317096959039256,-0.12949350220013378,0.29253184353761075,-0.3828826353046424,False,False,False,all
2026-08-28,BBWI,19.219999313354492,15,1,False,-0.05163229012946424,-0.04473639308438271,0.3459383524340902,-0.4053217978082959,False,False,False,all
2026-08-28,DRVN,12.470000267028809,15,0,False,-0.1008853947241306,-0.10107659777107647,0.2724489820743292,-0.36828771977627783,False,False,False,all
2026-08-28,FER,58.72999954223633,15,3,False,-0.0961987511775535,-0.12215702195502831,0.10446639181715689,-0.21473460591918192,False,True,False,all
2026-08-28,FIG,28.81999969482422,15,3,False,0.2305301070616521,0.09556128743684011,0.7361445200323882,-0.6003328324658613,False,True,False,all
2026-08-28,FUL,56.349998474121094,15,3,False,-0.038619045950156194,-0.06384387904993138,0.1568466338174055,-0.1789304862413541,False,True,False,all
2026-08-28,GLDI,149.50999450683594,15,2,False,0.03192567621257858,-0.09119785298804328,0.08027457442419572,-0.1857197646651123,False,False,False,all
2026-08-28,IDR,32.33000183105469,15,1,False,0.027242805699847494,-0.133271802064173,0.24250581330825005,-0.40895792723719615,False,True,False,all
2026-08-28,IGLD,22.030000686645508,15,1,False,0.03193231997303991,-0.1022426319988684,0.08951540231238209,-0.27580537043412745,False,False,False,all
2026-08-28,INSM,118.54000091552734,15,2,False,0.046036553963161087,-0.1684493319579221,0.3114282743219343,-0.44282020721256243,False,True,False,all
2026-08-28,LYTS,19.709999084472656,15,3,False,-0.18036880771940766,-0.08977770260128937,0.14526438890142468,-0.27960531269083944,False,False,False,all
2026-08-28,MOD,177.6300048828125,15,3,False,-0.20458787027973846,-0.15130435152584354,0.5976794782806207,-0.4504872238737432,False,True,False,all
2026-08-28,MOS,23.600000381469727,15,1,False,0.05435279626244949,-0.03771856240083293,0.19191925711272484,-0.36198974559095165,False,True,False,all
2026-08-28,PSQ,25.81999969482422,15,1,False,-0.005070987058623744,-0.09683017187672271,0.034455153922123394,-0.23063174498636152,True,True,False,all
2026-08-28,QCOM,164.19000244140625,15,1,False,-0.05373191975666636,-0.022304645553864466,0.34593003784427423,-0.3683056557433734,True,True,False,all
2026-08-28,RH,149.49000549316406,15,1,False,-0.11590829841841233,-0.08184667793983436,0.4063029275773107,-0.418326826874848,False,True,False,all
2026-08-28,SARO,25.010000228881836,15,0,False,-0.10367417586653682,-0.10043412867205981,0.0495174279879842,-0.2746519558897964,False,True,False,all
2026-08-28,SIG,82.69999694824219,15,1,False,-0.0654311534246812,-0.07220014019931331,0.15470530266335314,-0.24954628640249388,False,True,False,all
2026-08-28,TAC,12.1899995803833,15,0,False,-0.0748190194566758,-0.07539795531258597,0.07117745674839804,-0.31823265366078146,True,True,False,all
2026-08-28,WS,34.060001373291016,15,2,False,-0.04847573200237487,-0.08307384730141343,0.2512859012667472,-0.3073011461936038,False,True,False,all
2026-08-28,DOCS,26.729999542236328,15,2,False,0.17872732826974969,-0.09237535668947083,0.5586005910667795,-0.6506339198025113,False,True,False,all
2026-08-28,LCII,102.95999908447266,15,1,False,-0.0035306240612392736,-0.1286867015709633,0.22091778547261254,-0.3551296710329013,False,True,False,all
2026-08-28,IE,11.1899995803833,15,2,False,0.13144586034405292,-0.15666195171782626,0.4245702804852678,-0.4807424604851339,False,True,False,all
2026-08-28,MAT,15.140000343322754,15,1,False,0.05469949900155924,-0.09070432060694722,0.18931664475637922,-0.32651242652931944,True,True,False,all
2026-08-28,NI,40.56999969482422,15,2,False,-0.09486009727271205,-0.10047437970271678,0.05513651208891934,-0.175574061174381,False,True,False,all
2026-08-28,WGO,30.600000381469727,15,0,False,-0.008810560575681858,-0.13372975138165244,0.14179109151444758,-0.3899521436492097,False,True,False,all
2026-08-28,CRTO,17.459999084472656,15,0,False,-0.1121688226394888,-0.08399714755488485,0.12102724226591555,-0.3096086021193969,False,True,False,all
2026-08-28,LDOS,140.66000366210938,15,2,False,0.17361611380110764,-0.08998656165361618,0.4228201779656975,-0.31642124341961486,False,True,False,all
2026-08-28,ONDS,7.900000095367432,15,2,False,-0.02694978621293731,-0.16765440995905,0.6122448860432199,-0.4829842779171778,False,True,False,all
2026-08-28,LOGI,97.95999908447266,15,1,False,-0.035583778383851294,-0.031755101351911286,0.1757081066163022,-0.24448560606435055,False,True,False,all
2026-08-28,GXO,47.599998474121094,15,1,False,-0.046531684073493396,-0.10223745707360732,0.057777743869357634,-0.2879581217560093,False,True,False,all
2026-08-28,EVR,290.1099853515625,15,0,False,-0.10858870211952942,-0.121980879654493,0.09117234242130534,-0.25365956180961835,False,True,False,all
2026-08-28,DMC,31.8700008392334,15,1,False,0.08324725851663994,-0.10650451919009718,0.20400459637165635,-0.2687012505694035,False,True,False,all
2026-08-28,TJX,135.1199951171875,15,3,False,-0.11715475052863988,-0.12858726619739624,0.011755836986549806,-0.20517649931066173,False,False,False,all
2026-08-28,SFD,21.940000534057617,15,2,False,-0.1062772244025404,-0.10850785916443573,0.04079699304858275,-0.2638818886290154,False,False,False,all
2026-08-28,PEG,73.19000244140625,15,1,False,-0.06213797276916433,-0.08717369509995032,0.00909973353395066,-0.16478369581882524,False,True,False,all
2026-08-28,NXPI,223.5800018310547,15,3,False,-0.13438047348556104,-0.08005170542050333,0.22174864388554472,-0.3423150645604527,True,True,False,all
2026-08-28,ACN,189.61000061035156,14,2,False,0.21940710368042238,-0.07185726538608306,0.6048243602334653,-0.3486206912096814,False,True,False,all
2026-08-28,AZN,162.6999969482422,14,2,False,-0.047700449282677804,-0.11700763204615638,0.11591216421638229,-0.23510887211290143,True,True,False,all
2026-08-28,BAH,75.23999786376953,14,1,False,0.08728006182587666,-0.049070109605923284,0.26453777922301724,-0.3194030231863194,False,True,False,all
2026-08-28,EXP,197.55999755859375,14,1,False,-0.06714251801400695,-0.06446817566109819,0.14867138350342102,-0.195373280084698,False,True,False,all
2026-08-28,FBRT,8.460000038146973,14,1,False,0.054205619746928724,-0.06842556881199402,0.15180398635875636,-0.2854729789595607,False,False,False,all
2026-08-28,GGLS,58.17530059814453,14,1,False,0.00020106589387181018,-0.07716627822560851,0.14857450830323637,-0.45117640945146664,False,True,False,all
2026-08-28,MP,56.130001068115234,14,2,False,0.08370791131198585,-0.02833627734927746,0.4845278770014927,-0.44010532188532214,False,True,False,all
2026-08-28,NSSC,35.349998474121094,14,0,False,-0.055731897088328264,-0.12009412951997755,0.04246530914741009,-0.3171721429100385,False,False,False,all
2026-08-28,NVOX,14.010000228881836,14,1,False,-0.11142399160122063,-0.16252335764743708,0.5178765897844635,-0.6108333269755046,False,True,False,all
2026-08-28,OTIS,71.73999786376953,14,1,False,-0.010739305955661194,-0.10825383390759036,0.03730471464786311,-0.24136841313761292,False,True,False,all
2026-08-28,PHR,12.149999618530273,14,2,False,0.10436470725009594,-0.03256246591356782,0.5637065184498853,-0.6291208717631692,False,False,False,all
2026-08-28,QDTE,28.969999313354492,14,1,False,-0.022574930095126344,-0.05658459434746377,0.0831930605459974,-0.2084699311165703,True,True,False,all
2026-08-28,SHNY,10.180000305175781,14,2,False,0.13656665736338747,-0.22554326362126398,0.3890026348034392,-0.622627507098291,False,False,False,all
2026-08-28,VNDA,5.289999961853027,14,2,False,-0.04780762349012113,-0.19234175732880943,0.2388758748203066,-0.4678068224174877,True,True,False,all
2026-08-28,XYL,111.30999755859375,14,0,False,-0.05695707225185165,-0.11102949297142128,0.05717538788793597,-0.27847284322358745,False,True,False,all
2026-08-28,YMM,8.8100004196167,14,0,False,-0.0022423669775979427,-0.06424421083765086,0.18175727830685773,-0.37384501700753126,False,False,False,all
2026-08-28,DOX,62.90999984741211,14,1,False,0.14195367943026627,-0.056972873012036684,0.2647767938183807,-0.2777267399596597,False,True,False,all
2026-08-28,CLB,12.359999656677246,14,1,False,0.07053766123516869,-0.18131058976782588,0.2625127379814387,-0.39292734350935654,False,True,False,all
2026-08-28,CORZ,16.510000228881836,14,2,False,-0.24954885731323817,-0.1603028082625838,0.2569470834556131,-0.45797765183459893,False,True,False,all
2026-08-28,BIPC,38.630001068115234,14,0,False,-0.03183924955687001,-0.099728939557301,0.13019311653621024,-0.2530935777965153,False,True,False,all
2026-08-28,KR,57.720001220703125,14,3,False,0.0021390262085838607,-0.1015580119809606,0.06592797034581932,-0.2462784037529686,False,True,False,all
2026-08-28,CATX,3.109999895095825,14,2,False,-0.0044177333818237186,-0.12212612014905722,0.5867346094728079,-0.49512987465375125,False,True,False,all
2026-08-28,DJT,9.635000228881836,14,2,False,0.07990272870524784,-0.05806786945436171,0.38433910575768526,-0.47378478919109357,False,True,False,all
2026-08-28,PLTY,38.529998779296875,14,2,False,0.1809816527471093,-0.040948277657762655,0.47851111162344573,-0.4240658011884749,False,False,False,all
2026-08-28,SG,6.96999979019165,14,2,False,-0.0075184022830301345,0.02828898379539191,0.5523385624707684,-0.34430858747377957,False,True,False,all
2026-08-28,PAX,11.34000015258789,14,1,False,0.01585596359279995,-0.1290406098765744,0.07488151161805812,-0.36292131243593506,False,False,False,all
2026-08-28,TAN,48.650001525878906,14,2,False,-0.08558816732759433,-0.11785075806104706,0.22389940945607312,-0.35648144830938766,False,False,False,all
2026-08-28,RYAAY,56.130001068115234,14,1,False,-0.07365229031384057,-0.10739841313486587,0.05626649817104146,-0.24393854144347038,False,True,False,all
2026-08-28,DKNG,25.260000228881836,14,1,False,0.015350857831005982,-0.06098486133185965,0.23460417200370065,-0.48216480399744,False,True,False,all
2026-08-28,CEG,276.75,14,1,False,0.044471655053599735,-0.07071264149888667,0.21047104093730873,-0.32941606054237726,False,True,False,all
2026-08-28,RWM,13.600000381469727,14,2,False,0.008199055378713682,-0.09132513786633945,0.033434691425482166,-0.23595500200057307,False,True,False,all
2026-08-28,LOW,208.0500030517578,14,0,False,-0.03226885184159212,-0.12197053968165739,0.043380187663215164,-0.2900771009862553,False,False,False,all
2026-08-28,INDI,3.7799999713897705,14,1,False,-0.034852557982180676,-0.008927529446529858,0.6293103793784365,-0.3752066359967118,False,False,False,all
2026-08-28,CHKP,138.32000732421875,14,1,False,0.05669907549794284,-0.09262953729736845,0.23246906519559785,-0.3433969195876462,False,True,False,all
2026-08-28,SUPV,8.3100004196167,14,1,False,-0.09862022250111901,-0.15738877416506702,0.830396583577266,-0.38671584482346644,False,False,False,all
2026-08-28,IDXX,554.989990234375,14,0,False,-0.007350768515635764,-0.09174001755956818,0.07027288265206733,-0.27921503894619826,False,True,False,all
2026-08-28,SNAP,5.429999828338623,14,2,False,0.10793712410618284,-0.0822121846632935,0.4251968267425301,-0.41487069131627097,False,False,False,all
2026-08-28,GIL,53.119998931884766,14,0,False,-0.01266144518295853,-0.10361500613444796,0.14113855644477757,-0.2792401474698877,False,True,False,all
2026-08-28,NN,15.359999656677246,14,3,False,-0.03217271799138022,-0.0873033783371332,0.4130634607534063,-0.3710073870315759,False,True,False,all
2026-08-28,AGQ,82.66999816894531,13,2,False,0.1374799906877091,-0.34105176518784996,0.5230287403852478,-0.8083991982407639,False,False,False,all
2026-08-28,ALK,42.31999969482422,13,1,False,-0.10707127455186283,-0.07783190839055198,0.28125949920864945,-0.3576198928479982,False,True,False,all
2026-08-28,ARLO,12.890000343322754,13,0,False,-0.05037643598847186,-0.05325006526767717,0.16651584803868902,-0.3535606821420806,False,True,False,all
2026-08-28,BL,32.97999954223633,13,2,False,0.10582821257039043,-0.14808650070872265,0.3352226122891626,-0.4463656251268737,False,True,False,all
2026-08-28,ETHT,16.56999969482422,13,2,False,0.5421986935022274,-0.21086408808479729,1.3437056990806888,-0.8584244739814768,False,False,False,all
2026-08-28,FIZZ,32.58000183105469,13,3,False,0.01518103019976036,-0.03960092702910245,0.08563817336127388,-0.24320551896764098,False,True,False,all
2026-08-28,GLIBK,26.010000228881836,13,2,False,0.11630422153196229,-0.16665998658474557,0.34766845891561005,-0.36830599366542527,False,True,False,all
2026-08-28,GNRC,183.8000030517578,13,4,False,-0.1894235081534169,-0.11527277065632058,0.36350147545015976,-0.3799757065914633,False,True,False,all
2026-08-28,GT,6.349999904632568,13,0,False,-0.037295344126560215,-0.14624719926848306,0.16942911701259322,-0.40207156562523094,False,True,False,all
2026-08-28,HNRG,16.239999771118164,13,1,False,0.006757160007148988,-0.09141263186356563,0.18974360622485942,-0.34251015103266325,False,True,False,all
2026-08-28,HRL,21.56999969482422,13,2,False,-0.1283721629194826,-0.08030589449820691,0.09492379997277434,-0.18909776746279827,False,False,False,all
2026-08-28,IRTC,120.25,13,1,False,0.012330650445447011,-0.11562105701244285,0.1924121849099647,-0.4327830188679245,False,True,False,all
2026-08-28,LBTYA,10.670000076293945,13,2,False,-0.0008240457759103315,-0.06543283234606778,0.1314951994686122,-0.21079883764598195,False,True,False,all
2026-08-28,LBTYK,10.430000305175781,13,3,False,0.005863546389600405,-0.06751359637305698,0.12150538615759188,-0.20503045761030292,False,True,False,all
2026-08-28,LZB,32.56999969482422,13,1,False,-0.16719937725225908,-0.11706901771850431,0.12194278072501707,-0.274610276437253,False,False,False,all
2026-08-28,MCD,265.0,13,1,False,-0.020798249157246818,-0.10805658913539395,0.019819102464953442,-0.22457937088515,False,True,False,all
2026-08-28,NVDY,12.479999542236328,13,0,False,-0.003449632339557862,-0.08554013498752155,0.0785584163220645,-0.28969836317568665,False,True,False,all
2026-08-28,RFIX,35.29999923706055,13,1,False,-0.054594132736473955,-0.0890480264804796,0.013203188359873996,-0.22908935288773158,False,False,False,all
2026-08-28,RRX,157.42999267578125,13,2,False,-0.20698489516325635,-0.1578162800822429,0.2303062972972827,-0.3646893029178092,False,False,False,all
2026-08-28,SHAK,69.88999938964844,13,2,False,0.10029029860953709,-0.12448882860019006,0.354457392565628,-0.34978183680689034,False,True,False,all
2026-08-28,SOFI,18.059999465942383,13,1,False,0.012933664613105744,-0.1083584255794402,0.21370963219383987,-0.448212657545659,True,True,False,all
2026-08-28,ULS,74.43000030517578,13,1,False,-0.12687780173113006,-0.12713583259975825,0.20749514993790297,-0.3078854410310027,False,True,False,all
2026-08-28,VERX,14.225000381469727,13,2,False,0.13781797547468844,-0.03747419995371504,0.39324195184346356,-0.46401658286502445,False,True,False,all
2026-08-28,CRK,14.289999961853027,13,1,False,0.045599550642350994,-0.21968853466209082,0.17904291227588942,-0.49145908299430385,False,True,False,all
2026-08-28,BRSL,11.569999694824219,13,1,False,0.050977376620156445,-0.10694646592457357,0.16868688289322065,-0.37695207943116027,False,True,False,all
2026-08-28,CNXC,29.3799991607666,13,2,False,0.19209432553872663,-0.04325621377869626,0.5366107673217324,-0.49235422616386004,False,True,False,all
2026-08-28,LEU,175.77999877929688,13,1,False,0.00457079827450757,-0.17406398012086333,0.23675503229757222,-0.6213678001522953,False,True,False,all
2026-08-28,RDY,12.180000305175781,13,1,False,-0.05086962466839695,-0.09818524384014626,0.0721831578592127,-0.2227185548261702,True,True,False,all
2026-08-28,CPRT,32.9900016784668,13,1,False,0.10781283595039448,-0.04809853225874483,0.23051109047484597,-0.34164834810136024,False,True,False,all
2026-08-28,ROBN,29.200000762939453,13,1,False,-0.019815155001823515,-0.16788252654412406,1.0151829692324519,-0.7627173627316531,False,False,False,all
2026-08-28,SNN,28.969999313354492,13,0,False,-0.0411729918060747,-0.09806554988149374,0.0143557372226506,-0.2531580657488971,False,True,False,all
2026-08-28,CDRE,30.739999771118164,13,0,False,-0.0003577238516409009,-0.13328371723714227,0.19471435359560796,-0.3695652003838793,False,True,False,all
2026-08-28,CIGI,102.93000030517578,13,1,False,0.03397148705066466,-0.11190872905362514,0.16463004643502765,-0.39986004546765197,False,True,False,all
2026-08-28,TMUS,181.3699951171875,13,1,False,0.0009260103076516035,-0.07156174611005095,0.09483273637444323,-0.29880927646582245,True,True,False,all
2026-08-28,STWD,15.8100004196167,13,1,False,-0.03902258283050142,-0.09672367096776768,0.019342371779996537,-0.24136274933503643,False,True,False,all
2026-08-28,VICI,25.8700008392334,13,1,False,-0.022667142901906745,-0.07540602197814161,0.004660226766345588,-0.23721066958929948,False,True,False,all
2026-08-28,VTS,17.190000534057617,13,1,False,0.07487216159957932,-0.0767569639843334,0.14600003560384112,-0.3630974183092609,False,True,False,all
2026-08-28,META,578.02001953125,13,0,False,-0.02385259357398095,-0.07178398731432623,0.11102142905745471,-0.26906926093355543,True,True,False,all
2026-08-28,CYD,38.209999084472656,13,3,False,-0.15683602682068531,-0.13274890645886095,0.333682359275117,-0.378497082482529,False,True,False,all
2026-08-28,AMZD,8.22189998626709,12,0,False,-0.0761036060498036,-0.14931058689183963,0.07616493847521077,-0.30145287455415526,True,True,False,all
2026-08-28,AORT,26.770000457763672,12,2,False,0.047454361385684596,-0.2178003596719823,0.39718166341109984,-0.4451813376629291,False,True,False,all
2026-08-28,AOSL,24.6299991607666,12,4,False,-0.2836493165487587,-0.1607791452527757,0.44797171248396106,-0.5467427476701319,False,True,False,all
2026-08-28,ASTE,43.38999938964844,12,1,False,-0.158880326703849,-0.16201145655798455,0.07215216409362335,-0.33947331744505305,False,True,False,all
2026-08-28,BOOT,154.85000610351562,12,0,False,-0.03604209104197453,-0.09946790286398166,0.16271222870907298,-0.2634958092579518,False,True,False,all
2026-08-28,ENPH,37.25,12,3,False,-0.10663321896328803,-0.08191307142598558,0.444918503019907,-0.49484674424838926,False,True,False,all
2026-08-28,EPAM,114.80000305175781,12,2,False,0.2160347397627569,-0.17906029601500817,0.5713113453047789,-0.4841144848716987,False,True,False,all
2026-08-28,FND,53.0,12,0,False,-0.06247788938860033,-0.09020294339441148,0.24296437051231812,-0.4264379557367136,False,True,False,all
2026-08-28,GRAB,3.609999895095825,12,0,False,-0.0028175515051768185,-0.11869540105327081,0.1352200689659464,-0.45468278587576616,True,True,False,all
2026-08-28,HE,11.399999618530273,12,2,False,-0.10729670526351964,-0.17033287515398576,0.05653379599942898,-0.34407363814697445,False,False,False,all
2026-08-28,HIVE,2.7750000953674316,12,1,False,-0.1239700454020114,-0.0518573867234684,0.6040462802154201,-0.6460459130920505,False,False,False,all
2026-08-28,HOOG,29.27750015258789,12,1,False,-0.014565013830802664,-0.18463399376371115,1.0289327465978348,-0.7785195581219142,False,True,False,all
2026-08-28,IEP,6.78000020980835,12,0,False,-0.07609285288365597,-0.11910296665649622,0.041474649989818646,-0.27253214250923585,False,False,False,all
2026-08-28,KMPR,27.93000030517578,12,1,False,0.0007022619000573993,-0.13654784875384696,0.2309387240098537,-0.48883600627442303,False,True,False,all
2026-08-28,LAZ,43.63999938964844,12,1,False,0.017434390803656274,-0.07027281874290581,0.1285234408077729,-0.2571914997506649,False,True,False,all
2026-08-28,LKQ,25.530000686645508,12,1,False,0.006171844731498677,-0.11761196485148884,0.205951846699985,-0.312415837537668,False,False,False,all
2026-08-28,MLM,531.0499877929688,12,0,False,-0.05617858779553875,-0.11977508638090206,0.01696697621582044,-0.2530627035234998,True,True,False,all
2026-08-28,OSIS,206.63999938964844,12,0,False,-0.05639699195529735,-0.18213456618538193,0.10798927286674775,-0.33709739965211993,False,False,False,all
2026-08-28,OXLC,9.710000038146973,12,1,False,0.0748522291470557,-0.09873116259418124,0.2122346767401342,-0.49028869149470655,False,True,False,all
2026-08-28,PDD,85.69000244140625,12,1,False,0.008025178411111833,-0.1372418472681255,0.19113149198457569,-0.38533820966611043,False,True,False,all
2026-08-28,PDI,15.329999923706055,12,1,False,-0.047186936506937394,-0.11134041413142026,0.030241922433079438,-0.2399603437917882,False,False,False,all
2026-08-28,PSKY,10.880000114440918,12,2,False,0.15107914438491776,-0.022852490082920895,0.42782155877193273,-0.4784276224305656,False,True,False,all
2026-08-28,SHLS,7.139999866485596,12,3,False,-0.21894657503008375,-0.17690730707799385,0.31491714405268567,-0.45827012889508656,False,True,False,all
2026-08-28,CWEN,31.760000228881836,12,3,False,-0.05235329888740303,-0.12586593927062073,0.1478135215507992,-0.23909921054779293,False,True,False,all
2026-08-28,CTGO,19.270000457763672,12,2,False,0.10694962374216899,-0.14753182416867439,0.3289655488112877,-0.4394997132319728,False,True,False,all
2026-08-28,PAC,207.55999755859375,12,0,False,-0.07890463849895146,-0.15297554290086757,0.021255618720080083,-0.3090776105044426,True,True,False,all
2026-08-28,IREN,35.45000076293945,12,2,False,-0.14820917776280207,-0.2283127429754278,0.5665047316660425,-0.5388318004903973,False,False,False,all
2026-08-28,IBM,235.58999633789062,12,0,False,-0.03355147268483838,-0.10819568649646572,0.18274006451298574,-0.2913733911055476,True,True,False,all
2026-08-28,LPX,71.26000213623047,12,0,False,-0.04698217905566504,-0.09051399397694992,0.07773743460581062,-0.2964059735869876,False,True,False,all
2026-08-28,LINC,25.43000030517578,12,4,False,-0.3776766238404985,-0.2892349642511278,0.4707923052993179,-0.54863329364035,False,False,False,all
2026-08-28,TSLA,348.75,12,0,False,-0.03252330040418039,-0.13014382692803317,0.17274192707552993,-0.30086400299137495,True,True,False,all
2026-08-28,WYFI,17.75,12,3,False,-0.3859215119820363,-0.1782901953596383,0.6888677082253909,-0.621292929283064,False,False,False,all
2026-08-28,MARA,10.670000076293945,12,1,False,-0.09470397147263354,-0.027697403083315808,0.6021021502635635,-0.5449893505693659,False,False,False,all
2026-08-28,NABL,4.190000057220459,12,2,False,0.0392896217341534,-0.18993899345200815,0.43493148895338174,-0.5203205241092916,False,False,False,all
2026-08-28,UNCY,5.264999866485596,12,3,False,-0.06406658369798479,-0.1804873712096018,0.4191374157277088,-0.3975972535051897,False,True,False,all
2026-08-28,LHX,262.82000732421875,12,1,False,-0.07938215357794087,-0.1653324055602673,0.016554493068152043,-0.3069641122529887,False,False,False,all
2026-08-28,UVV,45.7400016784668,12,1,False,-0.09191254457797338,-0.13218190267626917,0.05488932275400016,-0.22970695763379823,False,True,False,all
2026-08-28,SGRY,13.6899995803833,12,0,False,-0.11329604525528847,-0.07401303776093948,0.19982469443137774,-0.41595566260793626,False,False,False,all
2026-08-28,TPB,83.93000030517578,12,1,False,0.007379212551414938,-0.11886179120039952,0.2755318603732746,-0.4286589258518383,False,True,False,all
2026-08-28,TATT,36.29999923706055,12,1,False,-0.12838861869615226,-0.17270238744783017,0.1516497052625998,-0.4372093141541,False,True,False,all
2026-08-28,AAPD,10.899999618530273,11,0,False,-0.028567280688461483,-0.13626356781112137,0.07495061631905986,-0.3155416334078367,False,True,False,all
2026-08-28,ASIX,16.489999771118164,11,1,False,-0.14011577766304484,-0.15564932878228688,0.16950349822609811,-0.38309015886580333,False,True,False,all
2026-08-28,BKE,43.43000030517578,11,0,False,-0.004643307165008603,-0.1329147915307588,0.06629022325766543,-0.2959960889612899,False,True,False,all
2026-08-28,BLSH,32.88999938964844,11,2,False,0.3077326514848153,-0.03897008503670274,0.6004866477237394,-0.5613497210305605,False,False,False,all
2026-08-28,BROS,49.90999984741211,11,0,False,-0.1874723243854175,-0.1302923490067226,0.1195602915530729,-0.32835417188571614,False,False,False,all
2026-08-28,EMBC,5.050000190734863,11,2,False,0.2985009928496116,-0.36277800965378115,0.8231047745515623,-0.6752411492738246,False,True,False,all
2026-08-28,FN,414.3599853515625,11,3,False,-0.17223394479714105,-0.2279345775817041,0.32383381901457664,-0.4467011480369629,False,False,False,all
2026-08-28,FUN,16.219999313354492,11,1,False,-0.11721168458246423,-0.08567180355250703,0.2965626711906353,-0.4073803867004633,False,True,False,all
2026-08-28,GOOY,12.270000457763672,11,1,False,-0.03664967366612415,-0.1210018953268277,0.052315661949768444,-0.23120298067441147,False,True,False,all
2026-08-28,KWEB,26.31999969482422,11,0,False,-0.009930796062101122,-0.14213170935744135,0.13301765878082406,-0.39305894901201854,False,True,False,all
2026-08-28,LMAT,80.44999694824219,11,1,False,-0.13369431343839366,-0.1546910496373035,0.027852311213416803,-0.31827815022517414,False,True,False,all
2026-08-28,NFLX,81.72000122070312,11,1,False,0.09476146064075963,-0.06805489643065021,0.2556852938149152,-0.355062727399883,False,True,False,all
2026-08-28,NTGR,21.09000015258789,11,0,False,-0.08435722117636901,-0.1061400345016339,0.11000000803094157,-0.42783505688100587,False,True,False,all
2026-08-28,ORN,9.270000457763672,11,3,False,-0.23935337704704474,-0.23387159883700026,0.30932211266342113,-0.467241341322128,True,True,False,all
2026-08-28,PFLT,7.389999866485596,11,1,False,0.017261768947335332,-0.11923151904298346,0.08199120776500357,-0.2825242980934014,False,True,False,all
2026-08-28,POOL,188.07000732421875,11,0,False,-0.055994779370707626,-0.13367085900692066,0.08912448054901945,-0.4405175941126629,False,True,False,all
2026-08-28,POST,85.3499984741211,11,0,False,-0.012523099903770207,-0.12029900033578766,0.13196282157669637,-0.2722544392694204,False,True,False,all
2026-08-28,RDDT,153.0,11,0,False,-0.10728663724724274,-0.12893052223733503,0.28280375875146335,-0.4592684453109277,True,False,False,all
2026-08-28,SARK,25.25,11,0,False,-0.07908020654664294,-0.1431005182634606,0.039736469370030614,-0.2921221952295213,False,True,False,all
2026-08-28,SLVM,36.369998931884766,11,0,False,-0.04763653017128844,-0.15936574810028892,0.0236419977891289,-0.3596831087956376,False,True,False,all
2026-08-28,STAA,22.110000610351562,11,1,False,-0.13909242455239812,-0.08322498304278803,0.41821683091397355,-0.3836074360543672,False,True,False,all
2026-08-28,STN,74.79000091552734,11,1,False,0.053104410803644475,-0.12595828905375817,0.12873526266659652,-0.3469262739447042,False,True,False,all
2026-08-28,CIM,11.5,11,2,False,-0.0817776728769698,-0.11019293302984223,0.006124207607634213,-0.22715054357833342,False,True,False,all
2026-08-28,BV,11.220000267028809,11,2,False,-0.13924048332457395,-0.1188216196597841,0.07677544960435334,-0.2519999821980794,False,True,False,all
2026-08-28,UNG,10.329999923706055,11,0,False,-0.02292763516005203,-0.1267372358462553,0.08167536307778556,-0.39342339945960325,True,False,False,all
2026-08-28,PEGA,36.16999816894531,11,2,False,0.15054769861853567,-0.14062550696962461,0.44103576172246184,-0.4688693248254566,False,True,False,all
2026-08-28,GPK,11.5600004196167,11,2,False,0.04326484891471827,-0.042749162302390675,0.31513088393458033,-0.48758862175204354,False,True,False,all
2026-08-28,CCL,24.760000228881836,11,0,False,-0.09688431767984274,-0.11111589240996511,0.05586351485381247,-0.27240666714495176,False,True,False,all
2026-08-28,WU,7.239999771118164,11,0,False,-0.04626413126620843,-0.16583136998958137,0.1547049111869876,-0.30048313968370444,True,True,False,all
2026-08-28,FSLR,204.4600067138672,11,0,False,-0.08754007298295141,-0.11867458149845178,0.11732881893107105,-0.3629537344214877,False,True,False,all
2026-08-28,WYNN,95.26000213623047,11,0,False,-0.03964995258273574,-0.11716225792354829,0.02961527877843273,-0.29290379102526787,False,True,False,all
2026-08-28,CRH,95.86000061035156,11,0,False,-0.05672815844314605,-0.14360438695435718,0.03610034682740615,-0.27130369907604,False,True,False,all
2026-08-28,MFIC,9.619999885559082,11,0,False,-0.014465451000595486,-0.11570723868773447,0.03663794853138769,-0.27831958434966775,False,True,False,all
2026-08-28,CRF,6.440000057220459,11,1,False,-0.08034157828719701,-0.12657239846048662,0.01098903813484653,-0.21939393245812622,False,False,False,all
2026-08-28,AZO,2961.9599609375,11,0,False,-0.02682741132443922,-0.12950535533287955,0.020591279295382403,-0.325003235283023,False,True,False,all
2026-08-28,MBC,8.630000114440918,11,1,False,-0.04393679412677931,-0.1137764994678635,0.30658593331109296,-0.3931083015201582,False,True,False,all
2026-08-28,FG,23.989999771118164,11,0,False,-0.13563255854774592,-0.14225085853559694,0.16626155211633176,-0.32612357305134865,False,False,False,all
2026-08-28,CLM,6.619999885559082,11,1,False,-0.09560372008810625,-0.14082324263520063,0.007595022331171375,-0.2239155811493576,False,False,False,all
2026-08-28,RXRX,3.3399999141693115,11,1,False,0.010192639097234224,-0.09001746037716363,0.20577615060204568,-0.534818942336639,True,True,False,all
2026-08-28,ADNT,19.059999465942383,10,1,False,-0.03719870926942004,-0.08967384582228655,0.07805424982728137,-0.3023426179044466,False,True,False,all
2026-08-28,AMPX,9.890000343322754,10,2,False,-0.12930940761272625,-0.27465545654285106,0.48498507055758155,-0.5917440583040052,False,True,False,all
2026-08-28,AS,31.049999237060547,10,1,False,-0.09665896291453757,-0.12663880303936492,0.07365142306872219,-0.2738540585623854,False,False,False,all
2026-08-28,ATEC,9.4399995803833,10,2,False,0.02557412486938171,-0.26401512704788843,0.38416412650671283,-0.594675860485274,False,True,False,all
2026-08-28,BBUC,27.969999313354492,10,0,False,-0.07496827341082657,-0.15557550133353992,0.011939216027249344,-0.268758187886157,False,True,False,all
2026-08-28,BIDU,97.12000274658203,10,0,False,-0.09130373861746255,-0.21282049919317025,0.09542069405630094,-0.4124621841889963,False,False,False,all
2026-08-28,BITI,19.559999465942383,10,2,False,-0.20294049952690063,-0.1958807602046364,0.18009041119787939,-0.36770648767985936,False,False,False,all
2026-08-28,BITX,17.31999969482422,10,2,False,0.36096113813159625,-0.10673073859689164,0.7174020455439296,-0.7415696723014373,False,False,False,all
2026-08-28,BTCI,32.2599983215332,10,1,False,0.11350420293353114,-0.10556290227755705,0.21644033803510587,-0.4961736852013813,False,False,False,all
2026-08-28,BTCZ,3.5799999237060547,10,4,False,-0.3304907381226172,-0.2582809060656631,0.5565217382290413,-0.5122616009151115,False,True,False,all
2026-08-28,BTDR,10.319999694824219,10,3,False,-0.14970052564632408,-0.14135060804008515,0.49219199825040194,-0.6287769792070177,True,False,False,all
2026-08-28,INFY,12.050000190734863,10,1,False,0.04260402228895388,-0.15377429182349156,0.1699029094751059,-0.5983333269755046,False,True,False,all
2026-08-28,INTU,358.05999755859375,10,2,False,0.1655477418543776,-0.1768815187456022,0.41615251837011225,-0.49217111692307614,False,False,False,all
2026-08-28,JBTM,118.29000091552734,10,0,False,-0.09849009389708241,-0.14924741521753826,0.04468778069928314,-0.3049532920933312,False,True,False,all
2026-08-28,OLMA,10.270000457763672,10,2,False,-0.09801506939092941,-0.4191537595996463,0.9160448137955393,-0.7167599553880615,False,True,False,all
2026-08-28,OMCL,33.08000183105469,10,1,False,-0.16714079460643194,-0.18789896330186473,0.13833456431489788,-0.3985454212535512,True,True,False,all
2026-08-28,RTO,23.530000686645508,10,1,False,-0.12831187091291474,-0.2150766432749227,0.013350619399576269,-0.32131520249914947,True,True,False,all
2026-08-28,SBIT,37.0,10,4,False,-0.3343623751705729,-0.26394818218660754,0.5677965848276723,-0.516434682151933,False,False,False,all
2026-08-28,SDS,54.13999938964844,10,0,False,-0.034875686446806387,-0.15512454389391328,0.03045295862658115,-0.32745342373107533,False,True,False,all
2026-08-28,SEB,3913.2099609375,10,2,False,-0.12274527916459377,-0.19155937405191914,0.24624123769261108,-0.34664081792042056,False,False,False,all
2026-08-28,TDS,33.650001525878906,10,1,False,-0.0360430614478906,-0.16929780514290627,0.06791498830379439,-0.3149429507817838,False,True,False,all
2026-08-28,TEMT,25.34000015258789,10,2,False,0.21537687442458098,-0.17305206565057796,1.1996527036169091,-0.8335304168349892,False,False,False,all
2026-08-28,TMC,4.809999942779541,10,2,False,0.14406677302589999,-0.1390189207866812,0.4147058258419647,-0.5762114730293351,False,False,False,all
2026-08-28,TMF,31.329999923706055,10,0,False,-0.04107493022129194,-0.1335634246651124,0.06383698173388286,-0.2918173884483487,False,False,False,all
2026-08-28,YMAG,11.239999771118164,10,0,False,-0.013117480653270341,-0.122118494151508,0.047530312268358355,-0.29793881259031163,True,False,False,all
2026-08-28,MX,3.140000104904175,10,3,False,-0.1831425367989492,-0.1246532491511273,0.44036697649050716,-0.6815415604220889,False,True,False,all
2026-08-28,THO,77.0199966430664,10,1,False,0.0031519064270901787,-0.1362343460130464,0.10486297022806856,-0.3729545266228783,False,True,False,all
2026-08-28,CHWY,23.260000228881836,10,2,False,0.07320495672683092,-0.10783120894103182,0.33678165165652674,-0.4652873510601877,False,True,False,all
2026-08-28,KD,13.199999809265137,10,2,False,0.05586483094949535,-0.19857930906686283,0.3069306248228385,-0.6106194921794208,False,True,False,all
2026-08-28,HIMZ,27.09000015258789,10,1,False,-0.31109054717332885,-0.46031926880271934,1.1889139679608283,-0.9308187315962624,True,True,False,all
2026-08-28,VIPS,13.5,10,0,False,-0.05147337690086806,-0.15917187819437684,0.06719370807131164,-0.3595825403766616,False,False,False,all
2026-08-28,DXD,16.510000228881836,10,0,False,-0.025705775215870807,-0.14405842602019425,0.04825398278614834,-0.29804422161768784,False,False,False,all
2026-08-28,CLFD,29.530000686645508,10,1,False,-0.07879957993633324,-0.08604569593891553,0.2428451347719205,-0.43997722467279365,False,True,False,all
2026-08-28,MSFD,10.024999618530273,10,1,False,-0.18988200317047,-0.21309291112381812,0.008044235913621023,-0.34605351151843244,True,True,False,all
2026-08-28,CHTR,153.6199951171875,10,2,False,0.0899425764309425,-0.16293211974277044,0.3771402143835867,-0.46252889517657425,False,True,False,all
2026-08-28,COIN,178.63999938964844,10,1,False,0.11384904065232626,-0.08563145635366742,0.28416360150857,-0.5557986926523407,False,False,False,all
2026-08-28,CCI,76.13999938964844,10,1,False,-0.011464120356211582,-0.10609042531259538,0.09208258830378391,-0.24238806577464245,False,True,False,all
2026-08-28,VIV,11.390000343322754,10,1,False,-0.10666663573021962,-0.17957211143363416,0.018783544938702157,-0.34009268874380316,False,True,False,all
2026-08-28,BRSP,4.75,10,1,False,-0.08431969564166364,-0.15420980690087782,0.0,-0.2295214875277498,False,True,False,all
2026-08-28,AMRZ,44.66999816894531,9,1,False,-0.09802040161644254,-0.16768992865925303,0.02243075241566217,-0.32256602191304573,False,False,False,all
2026-08-28,ASO,43.5,9,1,False,-0.08526969360011638,-0.16945820901032194,0.05352383229523183,-0.3033869771384511,False,False,False,all
2026-08-28,AVGG,24.630300521850586,9,1,False,-0.11777049008531171,-0.14318084069046155,0.3783043852899559,-0.5018142959950538,False,False,False,all
2026-08-28,AVGX,42.2599983215332,9,1,False,-0.11655203161839889,-0.14563724742345918,0.3702982526732257,-0.5016509811239069,False,False,False,all
2026-08-28,BEPC,32.290000915527344,9,0,False,-0.06812039340711662,-0.1633024042892094,0.014770623042450026,-0.28530321608191245,False,True,False,all
2026-08-28,EIDO,12.65999984741211,9,1,False,0.03089424400417551,-0.18344444445039054,0.18097010560252502,-0.34370143874790926,True,True,False,all
2026-08-28,EVLV,5.239999771118164,9,0,False,-0.07723739318042855,-0.13752313510594216,0.07708119581551598,-0.40522139369589916,False,True,False,all
2026-08-28,FICO,1153.5699462890625,9,1,False,-0.01485329163959348,-0.12717044090155938,0.32592721157291815,-0.4226405570288504,False,True,False,all
2026-08-28,FOUR,43.959999084472656,9,0,False,-0.0827717338355366,-0.16017279873640078,0.2719906637054197,-0.5246025899842808,False,False,False,all
2026-08-28,GLOB,40.52000045776367,9,2,False,0.17567184226659527,-0.1586072916857374,0.4702467794978289,-0.43800275568233826,False,True,False,all
2026-08-28,GME,17.8700008392334,9,1,False,-0.12831816007791974,-0.1963048569689818,0.0044969038554816265,-0.3640569182690262,False,True,False,all
2026-08-28,HLI,133.02000427246094,9,0,False,-0.007778408784718804,-0.14113346010846028,0.1789417895396086,-0.3718864239448658,True,True,False,all
2026-08-28,JMIA,6.940000057220459,9,1,False,0.07526882594281159,-0.1994416791578596,0.21968365332681916,-0.5285326133610677,False,False,False,all
2026-08-28,MBLY,8.579999923706055,9,1,False,-0.02021241320738798,-0.08188652416546627,0.3261205876255373,-0.45730552207575026,True,True,False,all
2026-08-28,NCLH,16.649999618530273,9,0,False,-0.13503799440976239,-0.16398037862816794,0.14590501889331908,-0.38741723945603934,False,True,False,all
2026-08-28,PMT,9.34000015258789,9,0,False,-0.054158039352835585,-0.18377689739401448,0.032044194004539506,-0.32367850334597414,True,True,False,all
2026-08-28,RBA,86.05999755859375,9,1,False,-0.1663712423202628,-0.17192713675347182,0.049128353520273116,-0.28031446528842463,False,False,False,all
2026-08-28,TCOM,45.349998474121094,9,1,False,0.02536851137421392,-0.1753743610656603,0.1921660720993812,-0.42587669704290687,True,True,False,all
2026-08-28,YINN,29.40999984741211,9,2,False,0.06531723356283203,-0.18569977413532912,0.42145959827311663,-0.49038294378824365,True,True,False,all
2026-08-28,CSR,52.47999954223633,9,1,False,-0.05426447126836076,-0.1512979614753187,0.0005719500259391275,-0.24608534575372298,False,True,False,all
2026-08-28,CNM,43.02000045776367,9,0,False,-0.05175035323186106,-0.14016404564487372,0.027343294513759275,-0.35963083860764344,False,True,False,all
2026-08-28,ASR,257.5199890136719,9,0,False,-0.07876571051893622,-0.17668768432576754,0.006212622136495316,-0.32501573592663435,False,True,False,all
2026-08-28,RWT,4.619999885559082,9,0,False,-0.03838150852895572,-0.14652284178968367,0.10262525595855809,-0.3371592504119647,True,True,False,all
2026-08-28,MMS,59.75,9,1,False,0.03609243284428221,-0.15997694257938477,0.13313105478297427,-0.40249999999999997,False,True,False,all
2026-08-28,RKT,13.770000457763672,9,0,False,-0.03071851804875836,-0.15254756068783548,0.13147086043050904,-0.4347290594109331,False,True,False,all
2026-08-28,MZTI,114.83999633789062,9,1,False,0.026036856613772086,-0.17158549613309104,0.10126580055820122,-0.3857181160067924,False,False,False,all
2026-08-28,TGLS,40.0099983215332,9,0,False,-0.0893489954777279,-0.12992141074156272,0.06636454779824774,-0.45895875628586824,False,True,False,all
2026-08-28,WSO,310.760009765625,9,1,False,-0.12474148890255554,-0.17278558999104443,0.05075235761834329,-0.3229629416870915,True,False,False,all
2026-08-28,DECK,87.76000213623047,9,2,False,-0.11536893128147563,-0.1437338495794398,0.112153061252114,-0.30043838763552744,False,False,False,all
2026-08-28,WINA,337.25,9,0,False,-0.09123882114160942,-0.16765717036139605,0.037500776881070896,-0.36050590074799516,True,True,False,all
2026-08-28,BWXT,152.85000610351562,9,1,False,-0.13198483000215022,-0.20989782536384682,0.03458779220492181,-0.3679182802331865,False,False,False,all
2026-08-28,NXT,85.44000244140625,9,2,False,-0.169293390860769,-0.21444105926444545,0.32877135904071353,-0.4762459395328059,False,True,False,all
2026-08-28,LEN.B,84.94999694824219,9,1,False,0.0033732841294378257,-0.10328862074653278,0.08882338635413989,-0.3816871873816844,False,False,False,all
2026-08-28,KC,10.640000343322754,9,2,False,0.017597582252466992,-0.15095654142908177,0.2742514799083102,-0.425485956785578,False,False,False,all
2026-08-28,TSCO,34.720001220703125,9,1,False,0.07562196249529407,-0.18102194606519262,0.22425953714648816,-0.44774929520326845,False,True,False,all
2026-08-28,RMBS,85.76000213623047,9,1,False,-0.17343900017859748,-0.2079284534422149,0.20959097729959253,-0.5074095397490126,False,True,False,all
2026-08-28,GPGI,13.25,9,0,False,-0.07555989871008673,-0.24216209867627303,0.18092688811573088,-0.5052277946128869,False,True,False,all
2026-08-28,ZSL,23.239999771118164,9,1,False,-0.17726359564576333,-0.35292742672086075,0.6138889157477727,-0.8943636374040084,False,False,False,all
2026-08-28,MATW,20.93000030517578,9,2,False,-0.18204483555410322,-0.19909232018055567,0.0028749144000794757,-0.3233106983942259,False,False,False,all
2026-08-28,ADMA,9.34000015258789,8,1,False,0.031212407410551757,-0.27033956539787085,0.2954230378878535,-0.5434548798029142,False,True,False,all
2026-08-28,ALHC,13.619999885559082,8,0,False,-0.2455631252557302,-0.28138784725080657,0.07244095197724087,-0.4578025704407289,True,True,False,all
2026-08-28,ASTS,58.04999923706055,8,2,False,-0.1451544083931542,-0.2873350429657927,0.6089245091749385,-0.566337972714969,False,True,False,all
2026-08-28,BGS,3.5199999809265137,8,1,False,-0.04627723607173462,-0.21383823934025858,0.060240979429287744,-0.44827587495506294,False,True,False,all
2026-08-28,BITU,13.4399995803833,8,2,False,0.3559048005318426,-0.1694270296083099,0.6969696276407567,-0.7913043592866611,False,False,False,all
2026-08-28,ETOR,31.030000686645508,8,0,False,-0.12681571427829674,-0.11682247777428201,0.254244178404172,-0.3494758869950735,False,False,False,all
2026-08-28,EYE,17.3799991607666,8,0,False,-0.12141911682739903,-0.2642569096493744,0.17830502784858315,-0.42105266836290656,False,True,False,all
2026-08-28,FIS,41.439998626708984,8,0,False,-0.0029689885984116593,-0.17444281692493835,0.10742919974538778,-0.4111963591374469,False,True,False,all
2026-08-28,FISV,53.18000030517578,8,1,False,0.02923985681842667,-0.09238304413856724,0.13052719536877588,-0.6169967737305754,False,True,False,all
2026-08-28,FLNC,10.880000114440918,8,1,False,-0.27392606051687685,-0.40387970618904356,0.6479854172483883,-0.6753207800834315,False,True,False,all
2026-08-28,HWKN,120.3499984741211,8,1,False,-0.11860947287096835,-0.17204477602787216,0.03705295397920416,-0.35347836465121674,False,True,False,all
2026-08-28,KNF,64.23999786376953,8,2,False,-0.15522595179137055,-0.18137921017149994,0.09400539046855805,-0.33277940716402377,False,False,False,all
2026-08-28,LVS,45.040000915527344,8,0,False,-0.030071218969437208,-0.1774890403190318,0.025500974345986194,-0.36068129359016043,False,True,False,all
2026-08-28,LZ,6.150000095367432,8,0,False,-0.07841696334755788,-0.16367208210865203,0.17816098516387813,-0.5040322351157969,False,True,False,all
2026-08-28,MPT,4.090000152587891,8,0,False,-0.08627850940402404,-0.17897037285174722,0.032828311411267075,-0.3678515787916681,False,True,False,all
2026-08-28,PHAT,9.180000305175781,8,0,False,-0.09854172572053865,-0.24765195977399257,0.11814863124504216,-0.4986345945967343,True,True,False,all
2026-08-28,QDEL,14.739999771118164,8,1,False,-0.0694092061948619,-0.24966085630814316,0.48588706227358647,-0.5857223436606769,False,True,False,all
2026-08-28,QID,14.239999771118164,8,0,False,-0.015704502915237395,-0.2073321914298224,0.06348016474990481,-0.42880065797023836,True,False,False,all
2026-08-28,RCAT,8.489999771118164,8,2,False,-0.06943608937746082,-0.22582764837457914,0.47140377802131095,-0.5479233514003321,False,True,False,all
2026-08-28,TRIP,9.869999885559082,8,0,False,-0.22141234950980027,-0.19652234265299284,0.09544946002559351,-0.5104166686377197,False,True,False,all
2026-08-28,VFC,13.670000076293945,8,0,False,-0.1358055870801952,-0.2245115588658435,0.04992316403051178,-0.3861697442611247,True,True,False,all
2026-08-28,VST,137.08999633789062,8,0,False,-0.0973462524569435,-0.13559534718919253,0.03339358173895901,-0.37635341747717843,False,True,False,all
2026-08-28,CLBT,11.989999771118164,8,0,False,-0.15009748096198705,-0.1919600486757519,0.25156574807985943,-0.399899897606497,False,False,False,all
2026-08-28,CRML,7.119999885559082,8,1,False,-0.04680306068272966,-0.26966682325085645,0.3919843996400836,-0.778538116714306,False,False,False,all
2026-08-28,DFH,14.760000228881836,8,0,False,-0.03434738564190554,-0.10091277779732544,0.2098361032491607,-0.5313541884242381,False,True,False,all
2026-08-28,CELH,32.97999954223633,8,2,False,0.1000006474926225,-0.13291759373653966,0.3998302330146999,-0.5058435631125507,False,True,False,all
2026-08-28,CPNG,16.520000457763672,8,0,False,-0.019316826162930845,-0.15781744050821866,0.10723863091743091,-0.5151870847283706,True,True,False,all
2026-08-28,PDYN,5.760000228881836,8,3,False,0.0007645102401880877,-0.07360866835874347,0.3913044479809229,-0.4630872113319412,False,True,False,all
2026-08-28,GTM,4.199999809265137,8,2,False,0.24703082505321472,-0.3122533807057507,0.6535432568278765,-0.6642686065209977,False,True,False,all
2026-08-28,CRNC,8.5,8,1,False,-0.08392340374357465,-0.11035520487791106,0.45299147667830186,-0.3812782026550299,False,True,False,all
2026-08-28,HSAI,17.420000076293945,8,1,False,0.03177048196803045,-0.17618892529056207,0.21903429830625698,-0.4353322573455334,False,False,False,all
2026-08-28,NAMS,25.899999618530273,8,0,False,-0.14330889063760488,-0.21234281280507572,0.1236442722691029,-0.386328669710591,True,True,False,all
2026-08-28,SGI,64.37000274658203,8,0,False,-0.08261191531330525,-0.18955393632847595,0.06590500740451755,-0.3468952481627835,False,False,False,all
2026-08-28,KRUS,47.459999084472656,8,1,False,-0.051116947798252155,-0.16218057157166021,0.11356171454446007,-0.4606205223694564,False,True,False,all
2026-08-28,LEN,86.33000183105469,8,0,False,-0.0005024425900677087,-0.1306142816610807,0.0814230220582488,-0.4014836484795745,False,False,False,all
2026-08-28,PATK,83.47000122070312,8,0,False,-0.031719944723662796,-0.19821987749129688,0.026817570188504947,-0.43791244969223486,False,True,False,all
2026-08-28,SFIX,3.1449999809265137,8,0,False,-0.17258616323287368,-0.21143853370708965,0.06610167121722865,-0.47053872885008474,False,True,False,all
2026-08-28,TSL,13.020000457763672,8,0,False,-0.05001084205049244,-0.18594699298095596,0.21342041129761924,-0.3890192030003463,True,True,False,all
2026-08-28,BIRK,35.650001525878906,8,0,False,-0.12885597258559034,-0.11602836591695409,0.14556557083811117,-0.325959502036669,False,False,False,all
2026-08-28,ACHR,5.75,7,2,False,0.07420415537072822,-0.11615967624263202,0.3372092430110647,-0.6067031432962207,False,True,False,all
2026-08-28,ACM,69.16999816894531,7,1,False,0.007149173353398375,-0.19170320357639759,0.1461474717121385,-0.4895956612436341,False,False,False,all
2026-08-28,AMTM,20.309999465942383,7,0,False,-0.055093956358267304,-0.23158995822610118,0.025653945005134293,-0.46706903330708127,False,False,False,all
2026-08-28,BILI,16.600000381469727,7,0,False,-0.056104877848439316,-0.28619111459750757,0.0512983167557679,-0.5439560525933548,False,False,False,all
2026-08-28,DY,294.3399963378906,7,3,False,-0.29614547802131375,-0.2534294428940572,0.21352295458467307,-0.48039611707476015,False,False,False,all
2026-08-28,GDXY,11.420000076293945,7,1,False,0.0919452297979575,-0.1767025509919795,0.2319309074822793,-0.3954473030553929,False,False,False,all
2026-08-28,GOF,9.609999656677246,7,0,False,-0.0848490867096644,-0.1643805544952437,0.0725445999735399,-0.3660950030736496,False,False,False,all
2026-08-28,HDB,23.079999923706055,7,0,False,-0.05680425174964787,-0.19498856281535082,0.028062322465779443,-0.3837116300796971,True,False,False,all
2026-08-28,IONQ,39.20000076293945,7,1,False,-0.08593172240700919,-0.11870501844089887,0.5140981725404263,-0.5368619914270267,True,True,False,all
2026-08-28,ISRG,372.6000061035156,7,0,False,-0.03022388972837764,-0.20480928976459623,0.13400492375388962,-0.38298999289466207,True,True,False,all
2026-08-28,KEP,11.680000305175781,7,0,False,-0.023721536959246392,-0.24790241314691286,0.046595023734185226,-0.5010679034042385,False,True,False,all
2026-08-28,LUMN,6.039999961853027,7,1,False,-0.08887950866501271,-0.22439807849730897,0.321662961701213,-0.4945606645809264,False,True,False,all
2026-08-28,MLCO,5.320000171661377,7,0,False,-0.022561884641835395,-0.14384110198664724,0.04930966302474071,-0.4758620323542715,False,True,False,all
2026-08-28,OLED,82.9800033569336,7,0,False,-0.015399033091126668,-0.17462233883091283,0.08584147271877396,-0.45899073728460815,False,True,False,all
2026-08-28,QBTS,16.989999771118164,7,1,False,-0.151543610796118,-0.2179498766188307,0.3325490016563266,-0.63657754500282,False,True,False,all
2026-08-28,SLVO,69.91999816894531,7,1,False,0.052393902287093175,-0.1940838218276968,0.14604163403602932,-0.3490364418113252,False,True,False,all
2026-08-28,SSYS,7.739999771118164,7,0,False,-0.07212048695847917,-0.1411832835724759,0.054495859702297755,-0.39578458098522373,False,False,False,all
2026-08-28,TLK,14.579999923706055,7,1,False,0.00593348472080768,-0.19803524484391366,0.10204084869087837,-0.3801020561250299,False,True,False,all
2026-08-28,TLN,296.1050109863281,7,0,False,-0.1762962905361033,-0.17660401689278782,0.004529029488800296,-0.34385523004058216,False,False,False,all
2026-08-28,TWM,21.5,7,1,False,0.013548553957359655,-0.1899142433512614,0.06646826204018574,-0.42910249370387554,False,False,False,all
2026-08-28,WRD,6.050000190734863,7,1,False,0.030243200981297846,-0.1713094786434497,0.1679537434801952,-0.5179282789811172,False,True,False,all
2026-08-28,YMAX,7.619999885559082,7,0,False,-0.010441029638234567,-0.1282462100358357,0.051034466973666426,-0.4205323112845275,True,True,False,all
2026-08-28,DNA,6.960000038146973,7,0,False,-0.1662673593359706,-0.16562768973677622,0.29608942019974593,-0.6040955592518723,False,False,False,all
2026-08-28,CALX,37.4900016784668,7,0,False,-0.015302299884132342,-0.1983157641766916,0.0942791452182723,-0.47360290598297927,False,True,False,all
2026-08-28,CHA,10.800000190734863,7,0,False,-0.023366841972306762,-0.059945844709970664,0.20267268833794305,-0.5206178475482413,False,False,False,all
2026-08-28,NIO,4.369999885559082,7,1,False,-0.07860338398304145,-0.1709274640538765,0.016278998074243267,-0.45511226482178657,False,False,False,all
2026-08-28,NXRT,23.549999237060547,7,0,False,-0.09897159034673919,-0.16194708655560353,0.003408603581020797,-0.32463435737227186,False,False,False,all
2026-08-28,ZG,36.61000061035156,7,1,False,0.0886567020281177,-0.2287622440896412,0.26110918857790577,-0.5942141419307526,False,True,False,all
2026-08-28,METC,13.300000190734863,7,2,False,0.13632482411408864,-0.13421320967734507,0.5537382638738717,-0.7698961874344267,False,False,False,all
2026-08-28,CSIQ,13.140000343322754,7,1,False,-0.1232401167625714,-0.28270996059262654,0.39638688165722447,-0.6201214141266874,False,True,False,all
2026-08-28,LIF,43.4900016784668,7,0,False,-0.17088307750657217,-0.1791202935392433,0.17508791274825297,-0.6135596114744086,False,True,False,all
2026-08-28,OPFI,7.070000171661377,7,0,False,-0.18828930557541357,-0.22169562837687384,0.08769233410175037,-0.43212849156833166,False,True,False,all
2026-08-28,CTRI,20.31999969482422,7,2,False,-0.21344575952794587,-0.2820181338814651,0.06722682341118058,-0.5272769708899155,False,True,False,all
2026-08-28,FLUT,101.77999877929688,7,0,False,-0.005942092424345402,-0.24311353377813705,0.1345446418236933,-0.671051363644837,False,True,False,all
2026-08-28,TIMB,17.649999618530273,7,1,False,-0.11972711008939563,-0.2265166905098237,0.02975497357309398,-0.3745570500358658,True,False,False,all
2026-08-28,CRUS,108.4800033569336,7,1,False,-0.19184090537265786,-0.2262128698368111,0.0033296393008364067,-0.39873625730029716,False,True,False,all
2026-08-28,ODD,14.350000381469727,7,1,False,-0.032810287718709086,-0.3551916451726438,0.5513513925913218,-0.7765841564459353,False,True,False,all
2026-08-28,ONT,17.040000915527344,7,1,False,-0.09548374069122934,-0.2098929860604689,0.34384862030104824,-0.4541959868577444,False,False,False,all
2026-08-28,UPST,29.079999923706055,7,0,False,-0.05208326871166935,-0.15218041273973926,0.21343625030462654,-0.6220922537103448,True,False,False,all
2026-08-28,SVC,7.869999885559082,7,1,False,-0.05590212116457405,-0.11654927689561756,0.3929203102159027,-0.4770764261914069,False,True,False,all
2026-08-28,AAP,42.900001525878906,6,2,False,-0.21857920935075492,-0.18276605102074406,0.13222491995075636,-0.3421254082474914,False,False,False,all
2026-08-28,AIOT,3.049999952316284,6,0,False,-0.1895626415092413,-0.24460076516066165,0.09712229629683633,-0.4812925352117473,False,True,False,all
2026-08-28,AVL,40.11000061035156,6,1,False,-0.11524802642536525,-0.1569691366458702,0.3854922125493918,-0.4999376503157672,False,False,False,all
2026-08-28,BLOX,13.25,6,0,False,-0.06419945012212602,-0.18332629895649022,0.11064540327392458,-0.5267857142857143,False,False,False,all
2026-08-28,BMBL,2.7300000190734863,6,0,False,-0.06311128256746334,-0.17569974110160325,0.07480317325746988,-0.6270491864682737,False,True,False,all
2026-08-28,BRBR,10.6899995803833,6,1,False,-0.10365417113999531,-0.39386381604220977,0.36700758896686647,-0.7515109375491856,False,True,False,all
2026-08-28,ERII,7.769999980926514,6,0,False,-0.08346701940287171,-0.30543450721338705,0.03462047192019724,-0.5758733564214141,False,True,False,all
2026-08-28,FLO,7.099999904632568,6,0,False,-0.07873567133198256,-0.21686714694101816,0.044117603747491074,-0.5310436100641236,True,False,False,all
2026-08-28,HOOW,26.700000762939453,6,1,False,-0.028111922134747336,-0.19784828747844707,0.3263786326915401,-0.6901114249292758,False,False,False,all
2026-08-28,HUN,9.470000267028809,6,2,False,-0.13471727436792325,-0.20738212047854987,0.29726027665699273,-0.41143566331752535,True,True,False,all
2026-08-28,IPGP,76.52999877929688,6,1,False,-0.18848074510880108,-0.24611459088731846,0.10257880336453984,-0.5088564036577221,False,False,False,all
2026-08-28,JBI,4.889999866485596,6,0,False,-0.0727748814794571,-0.15885441485060892,0.1478872309284176,-0.54722224258101,False,True,False,all
2026-08-28,LULU,120.80999755859375,6,1,False,0.025438596511678124,-0.2159911718555214,0.15674066195442227,-0.46539516841016015,False,False,False,all
2026-08-28,MLTX,14.989999771118164,6,4,False,-0.18369348029765986,-0.10978877243456575,1.5193277733851769,-0.7611155414961248,False,True,False,all
2026-08-28,NRG,111.12000274658203,6,0,False,-0.14700497830900738,-0.2492135204397502,0.004066184016283669,-0.4150347503726941,False,True,False,all
2026-08-28,ORCL,150.85000610351562,6,2,False,0.06571174686137216,-0.11606343723573809,0.31746730221411035,-0.5636642208409142,True,True,False,all
2026-08-28,PFSI,73.37999725341797,6,0,False,-0.0861996321153885,-0.26153179931540826,0.02371647518142428,-0.5424046085425049,False,True,False,all
2026-08-28,RGTI,15.59000015258789,6,0,False,-0.08023055995076034,-0.20405984914680553,0.24421392536543118,-0.7319002623645716,False,True,False,all
2026-08-28,SDOW,22.68000030517578,6,0,False,-0.03982928926106921,-0.21824237856391193,0.07335547590968039,-0.4252407290576885,False,True,False,all
2026-08-28,SHOE,13.6899995803833,6,0,False,-0.09957908438619445,-0.2100472552841567,0.01033205813119964,-0.4847572548881104,False,True,False,all
2026-08-28,SPXS,24.459999084472656,6,0,False,-0.05521182177236483,-0.23264192533906158,0.045299123214642245,-0.45438326822621944,False,False,False,all
2026-08-28,SPXU,34.290000915527344,6,0,False,-0.05475733354111134,-0.23440166723133282,0.04478979995039256,-0.45674902573222453,False,True,False,all
2026-08-28,SYM,39.875,6,0,False,-0.04933447286928572,-0.24809088174000837,0.044258179021333666,-0.5462562443531583,False,True,False,all
2026-08-28,WB,6.989999771118164,6,0,False,-0.0807228244298962,-0.22101371043825602,0.014513774538514657,-0.46064816739633296,False,False,False,all
2026-08-28,Z,35.65999984741211,6,1,False,0.06833317768613556,-0.2526373057488428,0.21997948702957237,-0.6201533778153812,False,True,False,all
2026-08-28,AMSF,26.25,6,0,False,-0.14371832661341133,-0.22995687599098225,0.023391828085497002,-0.4515252890673297,False,False,False,all
2026-08-28,GPI,263.95001220703125,6,0,False,-0.09947865311464843,-0.22238868782331955,0.05774633048248634,-0.45955076006819484,False,True,False,all
2026-08-28,SITE,96.38999938964844,6,0,False,-0.06161652787388627,-0.2244984188191621,0.07016764423490263,-0.42815614151784764,False,True,False,all
2026-08-28,LII,393.3900146484375,6,1,False,-0.1955221031472374,-0.2138848662978462,0.015331016271157738,-0.3301377533924932,True,True,False,all
2026-08-28,KTOS,52.0,6,0,False,-0.008806369236494138,-0.2800785258914318,0.2067765099990837,-0.6119402985074627,False,True,False,all
2026-08-28,NB,4.130000114440918,6,0,False,-0.10856893837902581,-0.24055751944637804,0.08115188131298234,-0.6717011017894963,False,True,False,all
2026-08-28,SRAD,12.9399995803833,6,0,False,-0.08706084247976908,-0.2427789196684209,0.12034626551465011,-0.5916693164306978,False,True,False,all
2026-08-28,LEGN,19.8799991607666,6,0,False,-0.15184822108703688,-0.1493759207907449,0.2241378966101928,-0.469866689046224,True,True,False,all
2026-08-28,CSAN,2.819999933242798,6,0,False,-0.026444819882508797,-0.2681265414031778,0.1848738645566157,-0.5303913606160943,False,False,False,all
2026-08-28,SMMT,13.729999542236328,6,0,False,-0.025446314775660284,-0.16695236710399586,0.1375310596009327,-0.53027712086013,False,False,False,all
2026-08-28,ZTS,77.33999633789062,6,1,False,0.02203165436147758,-0.257317034250236,0.089295723068882,-0.5057831578818044,False,True,False,all
2026-08-28,MSTR,127.30999755859375,6,2,False,0.2701152106550242,-0.09735724737793339,0.5561667443812366,-0.651406038889127,False,False,False,all
2026-08-28,FLY,21.260000228881836,6,2,False,-0.11245073017803808,-0.22715217802323295,0.32875001430511475,-0.6580344079935735,False,True,False,all
2026-08-28,UPWK,9.020000457763672,6,1,False,0.01714033324583264,-0.30900813917800385,0.21236564360101529,-0.605078791703,False,True,False,all
2026-08-28,ACI,12.529999732971191,5,0,False,-0.03850582958325455,-0.219324387345336,0.15377533417021327,-0.37350001335144045,True,True,False,all
2026-08-28,AD,36.0,5,1,False,0.015446056946077258,-0.21654653664138623,0.06793239328749068,-0.4080894412917335,False,True,False,all
2026-08-28,ADTN,7.71999979019165,5,1,False,-0.2639487661616263,-0.32384795429686264,0.08579460551651619,-0.613613615261997,True,True,False,all
2026-08-28,ALMU,13.140000343322754,5,1,False,-0.2369825191964703,-0.2597891831837841,0.28320318720943893,-0.5866624735797124,False,True,False,all
2026-08-28,ARKO,4.369999885559082,5,3,False,-0.3599507995901877,-0.28262753775045446,0.17789753116599916,-0.500856672936989,False,True,False,all
2026-08-28,BABX,20.15999984741211,5,2,False,0.029141652510220828,-0.33314964744731257,0.587026666019022,-0.6945454568573923,False,False,False,all
2026-08-28,BKKT,7.690000057220459,5,0,False,-0.02803406179749346,-0.2630887936913525,0.14605067265306926,-0.8455513172159376,False,False,False,all
2026-08-28,BLDR,67.72000122070312,5,0,False,-0.09556650745035189,-0.2567148833055176,0.04024581886316869,-0.5516122507577869,False,True,False,all
2026-08-28,ESRT,4.590000152587891,5,0,False,-0.11362579463774847,-0.20840911624475267,0.0,-0.4312267253824388,True,True,False,all
2026-08-28,IIIV,16.280000686645508,5,0,False,-0.16820793550232227,-0.2623754560762037,0.04560057840317788,-0.5207536031313531,False,True,False,all
2026-08-28,INTR,5.380000114440918,5,0,False,-0.016129597269797902,-0.27234117272283587,0.06746034824628944,-0.48069495243917404,False,True,False,all
2026-08-28,IONZ,2.940000057220459,5,1,False,-0.17171431050832098,-0.7873094613721376,0.6994219796569694,-0.9679319366553876,True,True,False,all
2026-08-28,JBGS,12.079999923706055,5,0,False,-0.11203893730204151,-0.21369524663440154,0.1216341142305204,-0.5028806459679827,False,False,False,all
2026-08-28,NVDS,19.149999618530273,5,0,False,-0.09703546017149534,-0.2553233846028138,0.09054670848206436,-0.5271605032461661,False,False,False,all
2026-08-28,OLLI,72.41999816894531,5,1,False,0.002236394413837939,-0.23303845994966876,0.20119417928709904,-0.48334166287383185,False,True,False,all
2026-08-28,OLN,17.149999618530273,5,1,False,-0.1522826745514857,-0.26569603163415634,0.008526931191987996,-0.4369665090609708,True,True,False,all
2026-08-28,PSN,49.0,5,1,False,-0.0437233108210876,-0.18071434990307522,0.35135141390508773,-0.45251396648044695,True,True,False,all
2026-08-28,QXO,13.520000457763672,5,0,False,-0.09481659104042084,-0.2970122773603,0.028136946765535464,-0.5103223412210015,False,True,False,all
2026-08-28,SEDG,31.40999984741211,5,1,False,-0.2830960419947798,-0.255339581693375,0.11343498287104858,-0.6134153864933894,False,False,False,all
2026-08-28,SOUN,7.110000133514404,5,1,False,0.05805148383267422,-0.16164556471171887,0.2584070820359916,-0.6792963414954147,False,True,False,all
2026-08-28,TU,9.670000076293945,5,0,False,-0.05662217399739877,-0.21690893006917766,0.05108698660574751,-0.41921920133067636,True,True,False,all
2026-08-28,ULTY,26.31999969482422,5,0,False,-0.04708115297204396,-0.20070819661283434,0.039905185704998125,-0.5430555487488521,True,True,False,all
2026-08-28,WD,41.349998474121094,5,0,False,-0.13354514343841062,-0.22981431706221922,0.05998462582081765,-0.5405555725097656,False,False,False,all
2026-08-28,CSGP,32.220001220703125,5,1,False,0.07054574630645383,-0.2782613477813798,0.24449602086841304,-0.6493633536324437,False,True,False,all
2026-08-28,KRMN,45.56999969482422,5,0,False,-0.11219086776427989,-0.36881209172928553,0.043245345791598,-0.6150532120956906,False,True,False,all
2026-08-28,NAIL,38.33000183105469,5,0,False,-0.10208533018765176,-0.21870776033834227,0.2936214281709415,-0.6128517149763033,False,False,False,all
2026-08-28,PLNT,53.33000183105469,5,2,False,0.01109879993726115,-0.28991275676135686,0.44018373181451453,-0.5332574756346483,False,True,False,all
2026-08-28,TIGR,5.045000076293945,5,1,False,0.05347784723639415,-0.2673939404638993,0.26125001907348633,-0.6240685508485356,False,False,False,all
2026-08-28,LI,12.229999542236328,5,0,False,-0.02164700013278631,-0.24284403709688984,0.04978540280666777,-0.548708510329067,False,True,False,all
2026-08-28,MSTZ,5.300000190734863,5,2,False,-0.5254170324537462,-0.5301303715460619,0.31513645528740786,-0.8153953201063917,False,False,False,all
2026-08-28,ESAB,76.43000030517578,5,0,False,-0.13738811992285727,-0.2579377477199053,0.007912415398035444,-0.4438218503597119,False,False,False,all
2026-08-28,FAZ,31.149999618530273,5,1,False,-0.0815815151203575,-0.2462846629544222,0.023324542444678187,-0.4474010961722622,True,False,False,all
2026-08-28,MNRO,12.960000038146973,5,0,False,-0.12210585399183471,-0.25696168266687947,0.171790194072716,-0.45796737261168596,False,False,False,all
2026-08-28,FMC,11.329999923706055,5,1,False,0.032120535412817564,-0.16250568620765182,0.13869348149694471,-0.7166791835918611,False,True,False,all
2026-08-28,SQQQ,38.540000915527344,5,0,False,-0.03195987023260827,-0.3270420161638232,0.07894735717953338,-0.5941021363430299,True,True,False,all
2026-08-28,QUBT,8.149999618530273,5,1,False,-0.06355211296318342,-0.14987721651474528,0.31877020144210055,-0.684597539845059,False,True,False,all
2026-08-28,GILT,9.9399995803833,5,1,False,-0.13563717766047756,-0.32057186816361827,0.09230760040670538,-0.5250836390133622,False,True,False,all
2026-08-28,BXMT,13.729999542236328,5,0,False,-0.13408176469897126,-0.25133255285141765,0.00881703810331902,-0.3357523226145016,True,True,False,all
2026-08-28,PRCT,20.829999923706055,5,1,False,0.024458138721193512,-0.20563492446451515,0.24992491925386218,-0.5090737738890583,False,True,False,all
2026-08-28,ABR,5.059999942779541,4,0,False,-0.011834564463314101,-0.2731138397959689,0.06976742544933323,-0.5977742469422154,False,True,False,all
2026-08-28,ALNY,237.10000610351562,4,0,False,-0.094787310560425,-0.27282026694693495,0.1986249887763316,-0.5215416972170899,True,True,False,all
2026-08-28,AMRC,21.989999771118164,4,0,False,-0.1079758961851085,-0.23423283123755367,0.19640918254541395,-0.5105720093087782,False,False,False,all
2026-08-28,BBW,29.850000381469727,4,0,False,-0.12886391787499674,-0.3175255237506319,0.08545455932617196,-0.6064601057091108,False,False,False,all
2026-08-28,BSX,46.84000015258789,4,1,False,0.00572430162750881,-0.3126421582453992,0.10995259018391623,-0.5722374415288778,False,False,False,all
2026-08-28,FBL,20.850000381469727,4,0,False,-0.07693450252319989,-0.23858575537055926,0.19621342607081815,-0.5863751787382545,True,True,False,all
2026-08-28,FUBO,10.300000190734863,4,1,False,0.07408027025063113,-0.4152063275958038,0.2955975393522621,-0.8181497121870149,False,True,False,all
2026-08-28,FVRR,9.470000267028809,4,0,False,-0.06165155072440032,-0.28280936701683457,0.10052304134901524,-0.6617857047489711,True,True,False,all
2026-08-28,LAC,3.069999933242798,4,0,False,-0.06749288294977973,-0.3181641684108848,0.14981267622436412,-0.7081749239870837,True,True,False,all
2026-08-28,MIR,14.399999618530273,4,0,False,-0.11226191064578128,-0.2890697135118905,0.020552797229572706,-0.5243914715682403,False,True,False,all
2026-08-28,OI,7.389999866485596,4,0,False,-0.11107370652509463,-0.34451822217292427,0.17488074901490291,-0.5629804888722956,True,True,False,all
2026-08-28,PCT,6.5,4,1,False,-0.07295158282630809,-0.2157738063617728,0.31845846375829523,-0.5803744289190012,False,True,False,all
2026-08-28,PNR,61.66999816894531,4,0,False,-0.09940040733251831,-0.29004289347643464,0.07065971879587485,-0.4587977198721931,False,True,False,all
2026-08-28,PODD,145.1300048828125,4,0,False,-0.058113569999953985,-0.324246596027325,0.1481804045160462,-0.5910448521022285,False,True,False,all
2026-08-28,PSIX,36.279998779296875,4,2,False,0.02966381608228441,-0.35846940247253045,0.43512649501082734,-0.6969089414849008,False,True,False,all
2026-08-28,QCML,14.880000114440918,4,1,False,-0.1395780150291882,-0.217730387865809,0.42256214724421404,-0.6448687452851163,True,True,False,all
2026-08-28,STNE,9.704999923706055,4,0,False,-0.08525378983674115,-0.26966239972310635,0.06883259969730293,-0.5135338570144441,False,False,False,all
2026-08-28,TSSI,8.149999618530273,4,1,False,-0.22704859432104996,-0.25319115319389307,0.18631728592336438,-0.6256316285182346,False,False,False,all
2026-08-28,UTI,21.309999465942383,4,2,False,-0.4118653769784033,-0.36432653521163716,0.022062305806069826,-0.5849240474755197,False,False,False,all
2026-08-28,VNET,6.550000190734863,4,0,False,-0.12414417664227462,-0.2829853870452165,0.0615883484184927,-0.5476519062290478,False,False,False,all
2026-08-28,CWEB,21.440000534057617,4,0,False,-0.032517146612850656,-0.3169309509863697,0.2545348357302981,-0.6499020256951373,False,True,False,all
2026-08-28,DPRO,4.465000152587891,4,0,False,-0.03480324861261541,-0.2872876779784176,0.1809045945424277,-0.6899305367451386,False,True,False,all
2026-08-28,AMSC,28.489999771118164,4,1,False,-0.15949776942947336,-0.20776056003415788,0.14555684799873725,-0.595829186629023,True,True,False,all
2026-08-28,NKE,39.599998474121094,4,0,False,-0.05544268570921407,-0.2393187951454676,0.037463986737605204,-0.49955769179038356,False,False,False,all
2026-08-28,LPL,3.3499999046325684,4,0,False,-0.035915759686882875,-0.19668123693266037,0.2137680855825952,-0.42538594365829474,True,True,False,all
2026-08-28,SMPL,10.930000305175781,4,0,False,-0.055723520419537986,-0.2655593859180404,0.10683547394185133,-0.6272169024918093,True,True,False,all
2026-08-28,PLTD,4.889999866485596,4,1,False,-0.31206020659167266,-0.3321364783217544,0.010330519074667865,-0.4973789885425771,False,True,False,all
2026-08-28,SMST,26.299999237060547,4,1,False,-0.5332264774446216,-0.5574952599737731,0.21309957872933283,-0.8293969225268941,False,False,False,all
2026-08-28,SRTY,22.510000228881836,4,1,False,0.015995967325932225,-0.29527526839098317,0.09912112949314267,-0.5883321122302347,False,True,False,all
2026-08-28,ROL,36.380001068115234,4,0,False,-0.09830415148516047,-0.31138391226056206,0.01591733239221127,-0.44995462044396295,True,True,False,all
2026-08-28,XXI,6.010000228881836,4,2,False,0.15929173797256402,-0.21546100007962266,0.448192792956966,-0.7654817169694779,False,False,False,all
2026-08-28,ONON,28.850000381469727,4,0,False,-0.17954463202295146,-0.2771008770112915,0.010507921275869858,-0.43519969954405857,False,False,False,all
2026-08-28,CPRI,13.5,4,0,False,-0.17828230644217047,-0.326946807591439,0.034482743501002,-0.5224619815564046,False,False,False,all
2026-08-28,COLL,25.350000381469727,4,0,False,-0.22917401073135946,-0.34333738959706916,0.007551690588629256,-0.5008564985919939,False,False,False,all
2026-08-28,METU,20.15999984741211,4,0,False,-0.07748064881030081,-0.2466972989022581,0.1964391329974362,-0.594773872413827,True,False,False,all
2026-08-28,UAMY,4.849999904632568,4,1,False,-0.19678051161871124,-0.37267989421861636,0.17149759928608033,-0.7539320076146858,False,True,False,all
2026-08-28,WHR,41.150001525878906,4,1,False,0.04394995490641018,-0.2929692709849955,0.1607898629130189,-0.5738842119092977,False,True,False,all
2026-08-28,TZA,39.939998626708984,4,1,False,0.016093625396065292,-0.2922374058818805,0.09936682118657347,-0.5813417401688975,False,True,False,all
2026-08-28,CWH,6.53000020980835,4,0,False,-0.007387561971035628,-0.23798629814929262,0.19051960817809177,-0.6439670491763386,True,True,False,all
2026-08-28,AGNT,4.239999771118164,3,0,False,-0.06494657513134672,-0.37947060852245684,0.15061053920125578,-0.653198116364493,False,True,False,all
2026-08-28,ANGI,5.039999961853027,3,0,False,-0.0780038077956009,-0.38909091265549667,0.1830985190289358,-0.7304812964584719,False,True,False,all
2026-08-28,APTV,45.75,3,0,False,-0.16695193358206306,-0.3195543703434187,0.019385002477258162,-0.4855504346901782,False,False,False,all
2026-08-28,ARDX,3.809999942779541,3,0,False,-0.2156620690249702,-0.35525086638052106,0.02281880277131365,-0.5464285576424626,False,True,False,all
2026-08-28,ARI,6.849999904632568,3,0,False,-0.15909650412885668,-0.30857319751978696,0.0653188316495592,-0.390569391092512,True,True,False,all
2026-08-28,AVAV,147.94000244140625,3,0,False,-0.07155559259349997,-0.3164476607422628,0.09423081198767513,-0.6459579581018309,False,True,False,all
2026-08-28,EBS,5.909999847412109,3,1,False,-0.14028862987013335,-0.35337047762121054,0.3555045106497092,-0.5796586293719879,False,False,False,all
2026-08-28,ERY,9.319999694824219,3,0,False,-0.15170934751019205,-0.3148973286747252,0.06758306798682301,-0.5857777913411458,False,False,False,all
2026-08-28,FNGD,26.049999237060547,3,0,False,-0.19902052464666975,-0.4522871850598513,0.03168313810140777,-0.7018768590537856,False,True,False,all
2026-08-28,IESC,309.79998779296875,3,3,False,-0.5227809863479824,-0.43098949581638013,0.008726207079935211,-0.6205802940714771,False,True,False,all
2026-08-28,NFXL,19.6200008392334,3,2,False,0.16983477074449826,-0.24286740731416034,0.5608592932036478,-0.6907313798242558,False,True,False,all
2026-08-28,NVDQ,9.15999984741211,3,0,False,-0.14634261621126277,-0.3549943152091364,0.12254902189944805,-0.6245901643188689,False,False,False,all
2026-08-28,PONY,7.579999923706055,3,1,False,0.01762722948706963,-0.3167108433114393,0.19088769776569015,-0.6958266492576457,False,False,False,all
2026-08-28,PZZA,23.719999313354492,3,0,False,-0.21083802837893262,-0.3124239304750803,0.04172151236241661,-0.5744528417817059,False,True,False,all
2026-08-28,QCMU,18.469999313354492,3,1,False,-0.14080717609107285,-0.22739839668140693,0.4099235706497202,-0.6460329780503578,True,True,False,all
2026-08-28,SHMD,3.005000114440918,3,3,False,-0.3761936135777344,-0.5036318902424703,0.502500057220459,-0.7178403547346215,False,False,False,all
2026-08-28,STLA,5.420000076293945,3,0,False,-0.036410177293883184,-0.31752646463940215,0.07326730130385206,-0.556464815232629,False,False,False,all
2026-08-28,TLRY,4.590000152587891,3,1,False,0.027029479952637825,-0.3256842102885814,0.25068121448732605,-0.8021551723429196,False,True,False,all
2026-08-28,TME,8.5600004196167,3,0,False,-0.03818058356762977,-0.31109963166962085,0.07808568739649147,-0.6794007425086563,False,False,False,all
2026-08-28,TREE,28.959999084472656,3,0,False,-0.23098168955742493,-0.34553008638253657,0.045487302773615346,-0.6255979359306416,True,False,False,all
2026-08-28,VXX,18.360000610351562,3,0,False,-0.13099038958459874,-0.3284840833917836,0.016329923474831087,-0.5502755598961655,False,True,False,all
2026-08-28,CONI,32.0099983215332,3,2,False,-0.3401524121561629,-0.4374820713825377,0.1686746635573424,-0.7740204751090521,False,False,False,all
2026-08-28,CONY,20.229999542236328,3,1,False,0.03324989247235588,-0.31480404146466645,0.17479676822910872,-0.741304343584235,False,False,False,all
2026-08-28,WVE,5.039999961853027,3,0,False,-0.12228762908809909,-0.4617167421960028,0.005987970379371932,-0.76806258315575,False,True,False,all
2026-08-28,MNSO,10.329999923706055,3,0,False,-0.13282182577861856,-0.35231658687070155,0.0318649739637662,-0.6014660534992158,False,False,False,all
2026-08-28,MYGN,3.1600000858306885,3,0,False,-0.3123558132197778,-0.3860858924652548,0.15328469884383522,-0.632130380710333,True,True,False,all
2026-08-28,TSLY,21.84000015258789,3,0,False,-0.09436966215268627,-0.29654472548954725,0.0703258719751747,-0.5492260101408746,True,True,False,all
2026-08-28,BUR,4.360000133514404,3,1,False,0.029418733639134498,-0.3355430909830577,0.2144847458926089,-0.6896797100124195,False,True,False,all
2026-08-28,VIXY,17.65999984741211,3,0,False,-0.1320929113709256,-0.3317352048910084,0.017867403984236807,-0.555163740351915,False,True,False,all
2026-08-28,DQ,13.680000305175781,3,1,False,0.044099481971468624,-0.3604592589226542,0.20210897782120618,-0.6261273504201328,False,False,False,all
2026-08-28,DKS,135.08999633789062,3,0,False,-0.341615351219851,-0.354905583007714,0.12200992214152295,-0.4472133822786758,False,False,False,all
2026-08-28,BBAI,3.049999952316284,3,0,False,-0.04334735307672588,-0.3028491855661629,0.17760619822047685,-0.6751863854312694,True,True,False,all
2026-08-28,NVD,4.050000190734863,3,0,False,-0.1407476163010749,-0.3529808512425201,0.12188374194602525,-0.6450481818671154,False,False,False,all
2026-08-28,XPEV,11.529999732971191,3,0,False,-0.08199176959882049,-0.31631535290016577,0.042495415508382095,-0.5916415978845757,False,False,False,all
2026-08-28,SSG,12.619999885559082,3,1,False,0.0016031928481501367,-0.42582600344012866,0.1567369442770974,-0.7344276143941564,False,True,False,all
2026-08-28,QS,5.610000133514404,3,0,False,-0.09683649364352842,-0.3180823511511943,0.17610066162405547,-0.7058206490146399,True,True,False,all
2026-08-28,NNE,17.969999313354492,3,0,False,-0.04964384957019807,-0.2924821073129872,0.22161789712804003,-0.7047806862381676,False,True,False,all
2026-08-28,OPEN,3.2899999618530273,3,0,False,-0.19269748273484555,-0.36715557532096843,0.024922094316309096,-0.6973321070385815,False,True,False,all
2026-08-28,VITL,10.789999961853027,3,1,False,-0.10341847779216484,-0.4291971733074411,0.35723273216661977,-0.7956052325303271,False,True,False,all
2026-08-28,AHCO,5.789999961853027,2,1,False,-0.3335788819857627,-0.4246848959423999,0.11132436074076146,-0.5688756641634907,False,True,False,all
2026-08-28,AIIO,2.2699999809265137,2,1,False,-0.3150271634661217,-0.4736128159029226,3.2037035013422637,-0.9596802839842271,True,True,False,all
2026-08-28,ALIT,14.020000457763672,2,1,False,-0.12704537974331997,-0.3797448014185254,0.4634656126740331,-0.8308805766018346,False,True,False,all
2026-08-28,AMDD,30.543100357055664,2,1,False,0.04193653317301904,-0.5254548425264371,0.1702337130516065,-0.8058289906898107,False,True,False,all
2026-08-28,APP,317.760009765625,2,0,False,-0.22191486414466555,-0.354567920197572,0.06810087316176472,-0.5738254368793116,False,True,False,all
2026-08-28,ARRY,4.590000152587891,2,0,False,-0.22346848547831077,-0.4210648925352074,0.024553601126357405,-0.6246933504178545,False,True,False,all
2026-08-28,ASPI,3.880000114440918,2,0,False,-0.17223132668237406,-0.31309499122285,0.10541314102078614,-0.7322291114058792,True,True,False,all
2026-08-28,DRIP,35.79999923706055,2,0,False,-0.18971895407722073,-0.3868451004937722,0.06042657040732635,-0.6383838460902975,False,True,False,all
2026-08-28,DUST,32.36000061035156,2,0,False,-0.39716390396186196,-0.4407262150233535,0.11547743381727127,-0.81769013740647,False,False,False,all
2026-08-28,ETHD,32.45000076293945,2,2,False,-0.4785087639747586,-0.4657099265133916,0.1757246490737714,-0.6961610502275603,False,False,False,all
2026-08-28,JOBY,6.980000019073486,2,0,False,-0.12315963568006927,-0.3390871254712976,0.0527903316125482,-0.6506506416920455,False,True,False,all
2026-08-28,LCID,5.010000228881836,2,1,False,-0.19850255862252764,-0.4265454256386413,1.1139242492832353,-0.8014268600958618,False,True,False,all
2026-08-28,LTBR,7.550000190734863,2,0,False,-0.10097640045009382,-0.38109172243936607,0.09104047796171688,-0.7590938049146301,False,True,False,all
2026-08-28,OKLO,40.13999938964844,2,0,False,-0.1219435527444952,-0.3954873979283593,0.09642170774230352,-0.7929219967602624,False,True,False,all
2026-08-28,RBLX,38.529998779296875,2,0,False,-0.1615455801056862,-0.3728774996055869,0.13724904263824822,-0.7286619804274868,True,True,False,all
2026-08-28,RUN,8.779999732971191,2,0,False,-0.20843853750181274,-0.4049353941527334,0.019744492807512115,-0.6087344240635993,False,True,False,all
2026-08-28,SCO,25.149999618530273,2,0,False,-0.13257916563863426,-0.4453107345518791,0.10113832970708847,-0.701164466205301,False,True,False,all
2026-08-28,SMCY,5.300000190734863,2,2,False,0.07470195922734435,-0.22726160035241016,0.3283208466333354,-0.700987301739319,False,False,False,all
2026-08-28,SOFX,9.510000228881836,2,1,False,-0.027802173954832088,-0.44122604861116654,0.4099333417695925,-0.8285837846178155,True,True,False,all
2026-08-28,SPRY,5.889999866485596,2,0,False,-0.1417997674019591,-0.31736660487433666,0.1995926781117947,-0.562407143403213,True,True,False,all
2026-08-28,TECS,61.88999938964844,2,0,False,-0.08845346085362604,-0.5313011238754501,0.09269067896493466,-0.7612268654516308,False,True,False,all
2026-08-28,XXRP,32.75,2,2,False,0.40903849637090284,-0.4513658907493202,0.8285873969302231,-0.9181843181171366,False,False,False,all
2026-08-28,CONL,5.650000095367432,2,2,False,0.14891108349915294,-0.4290290635396744,0.5870787039833718,-0.8921755738389234,False,False,False,all
2026-08-28,JDST,21.030000686645508,2,0,False,-0.39678166651520075,-0.47439649177417764,0.10976252453635316,-0.8597999954223633,False,False,False,all
2026-08-28,SMR,9.289999961853027,2,1,False,0.005563604589044591,-0.30529330897562557,0.28848819871027787,-0.8382096785423205,False,False,False,all
2026-08-28,REZI,19.6299991607666,2,0,False,-0.31323916308902,-0.4109026377060432,0.035337558472913866,-0.566571014264727,False,False,False,all
2026-08-28,TSLG,4.46999979019165,2,1,False,-0.11403748839859762,-0.37038798072624524,0.34638550604595775,-0.6348039318808499,True,False,False,all
2026-08-28,PLAY,9.399999618530273,2,0,False,-0.10295075523355623,-0.3106596868011011,0.0329669477455663,-0.6340988936115999,False,True,False,all
2026-08-28,TSLR,15.510000228881836,2,1,False,-0.11248188728494302,-0.3577982689100677,0.34752388535691536,-0.6077390017765258,True,True,False,all
2026-08-28,JKS,13.539999961853027,2,0,False,-0.15400380402645453,-0.4057402702062439,0.038343558394378086,-0.5752822986734534,False,False,False,all
2026-08-28,SFBS,43.20000076293945,2,1,False,-0.45101377076217963,-0.4426739421183581,0.02127663220122189,-0.5308427464825493,False,False,False,all
2026-08-28,TSLL,8.979999542236328,2,1,False,-0.11656784600605852,-0.37380587038688595,0.34129937445661396,-0.6217354832007496,True,False,False,all
2026-08-28,WING,113.58000183105469,2,0,False,-0.1753484377053055,-0.41295931088099413,0.07730248982536336,-0.6679918158297645,True,True,False,all
2026-08-28,MNST,46.86000061035156,2,1,False,-0.4155554954832229,-0.409508159324243,0.040177611630279664,-0.5329878182120664,False,False,False,all
2026-08-28,TSLT,12.550000190734863,2,1,False,-0.11639006890697301,-0.3703173537774589,0.34081203537031457,-0.6200423658931173,True,True,False,all
2026-08-28,TOYO,4.510000228881836,2,1,False,-0.24715384031922238,-0.4639235769246858,0.058685442856330594,-0.7412507085531945,False,False,False,all
2026-08-28,IMSR,5.099999904632568,2,0,False,-0.11805905535556704,-0.3169101691320739,0.16438350944736313,-0.8380952411227756,False,True,False,all
2026-08-28,PRIM,73.12000274658203,2,0,False,-0.14892227212164588,-0.41483446899289667,0.124923119178185,-0.6441849014764864,False,True,False,all
2026-08-28,OCS,12.210000038146973,2,1,False,-0.023325014207776107,-0.4245906205810934,0.16064634095487085,-0.6458302950379389,False,True,False,all
2026-08-28,CCB,48.47999954223633,2,1,False,-0.2346201865141364,-0.41714587269657644,0.3242283183280936,-0.5961682773024597,True,True,False,all
2026-08-28,ABTC,7.690000057220459,1,2,False,0.029106727060977278,-0.6121968832898501,0.5630081174740658,-0.9646923785607431,False,False,False,all
2026-08-28,APPX,13.34000015258789,1,0,False,-0.4692558192783647,-0.7352057859226726,0.13822524305878492,-0.915366066705751,False,False,False,all
2026-08-28,ASTX,9.84000015258789,1,0,False,-0.35682490283519186,-0.7434625611760206,0.11818181128541316,-0.9138202826564379,True,True,False,all
2026-08-28,BETR,13.850000381469727,1,0,False,-0.3382988599113751,-0.5639354013300879,0.24651249260990382,-0.8527535536789483,False,False,False,all
2026-08-28,BOIL,19.959999084472656,1,0,False,-0.1087615103653613,-0.4482415724837955,0.08419333242299998,-0.7869797253515588,True,False,False,all
2026-08-28,EH,4.510000228881836,1,0,False,-0.19577734460517793,-0.5595111421462844,0.020362025120903127,-0.776732670369189,False,True,False,all
2026-08-28,ENVX,3.359999895095825,1,0,False,-0.2815446992911086,-0.4648467382770981,0.0980392019366445,-0.7635468060467381,False,False,False,all
2026-08-28,EOSE,3.259999990463257,1,0,False,-0.25782584005892295,-0.624028718172972,0.04823154354569836,-0.835850962221821,False,True,False,all
2026-08-28,EYPT,4.480000019073486,1,0,False,-0.6177409140595098,-0.6757429665443986,0.13417720632701324,-0.7655677720571737,False,False,False,all
2026-08-28,FULC,3.8499999046325684,1,2,False,0.032337620993226235,-0.4831417042377577,0.3604240312454716,-0.7554002566317022,False,False,False,all
2026-08-28,GDXD,16.690000534057617,1,0,False,-0.5727523938461798,-0.6882081305056212,0.1712281076531661,-0.9551344071665118,False,False,False,all
2026-08-28,GOGO,2.7200000286102295,1,0,False,-0.19834953406903344,-0.38560230645156546,0.07722769341694691,-0.7624454083912513,False,False,False,all
2026-08-28,INV,1.2599999904632568,1,0,False,-0.6430898269954824,-0.7119901279182026,0.0,-0.8396946604249129,False,False,False,all
2026-08-28,IONL,12.600000381469727,1,1,False,-0.26236848226513,-0.522647882797349,0.43835617034887275,-0.9153453326291026,True,True,False,all
2026-08-28,IONX,22.979999542236328,1,1,False,-0.27648937786816086,-0.5531055532295813,0.3682643309226581,-0.9263142697583135,True,True,False,all
2026-08-28,LABD,6.610000133514404,1,0,False,-0.16305804961517378,-0.5742570349525391,0.13769366585434728,-0.8872013599721592,False,False,False,all
2026-08-28,LABX,10.869999885559082,1,2,False,-0.8309245749670592,-0.7909437840575216,0.2925089277978945,-0.9535965853337927,True,False,False,all
2026-08-28,LMB,41.34000015258789,1,1,False,-0.36125635043609905,-0.4660425524431907,0.0041292686714475835,-0.6784631111644911,False,False,False,all
2026-08-28,MRAL,34.459999084472656,1,1,False,-0.29182226796804356,-0.367764732794465,0.5564588994787614,-0.9059241052883974,False,False,False,all
2026-08-28,MRLN,3.2799999713897705,1,0,False,-0.21880583188638014,-0.6122427296434885,0.037974646297370906,-0.8070588252123665,False,True,False,all
2026-08-28,MUD,10.710000038146973,1,0,False,-0.04737337533343566,-0.95189933064764,0.20269515545213102,-0.9934972677364013,False,True,False,all
2026-08-28,OKLL,2.4000000953674316,1,0,False,-0.32972125259274543,-0.8189294123406343,0.0738255964278387,-0.9858787806031835,False,True,False,all
2026-08-28,ORCX,22.920000076293945,1,2,False,0.07975691851158961,-0.38541898369719896,0.6717724297972931,-0.8737815929372788,False,True,False,all
2026-08-28,QBTX,6.239999771118164,1,0,False,-0.3703393715808486,-0.6790280422643992,0.04435144279753622,-0.9635485630529013,False,False,False,all
2026-08-28,QFIN,8.800000190734863,1,0,False,-0.3374242269266092,-0.422139908645057,0.009174302896359121,-0.7308045102349767,False,False,False,all
2026-08-28,QPUX,14.4399995803833,1,0,False,-0.2604020248876402,-0.5734249780445291,0.22062550071932674,-0.9462857556759146,False,True,False,all
2026-08-28,RDTL,13.510000228881836,1,0,False,-0.2981591951902628,-0.4906138637539208,0.2405876770394728,-0.84962154074372,True,False,False,all
2026-08-28,RGTX,9.789999961853027,1,0,False,-0.26458437081407693,-0.6954956215628474,0.2730819101439137,-0.9804902347548639,False,True,False,all
2026-08-28,RIOX,22.18000030517578,1,1,False,-0.36874399699361515,-0.3928656169206135,0.7114197715964736,-0.8557398354134909,True,False,False,all
2026-08-28,RKLX,15.3100004196167,1,1,False,-0.3942918516626813,-0.6142563770763755,0.1519073055282254,-0.8666724708222007,True,True,False,all
2026-08-28,SERV,5.03000020980835,1,0,False,-0.07460211748822931,-0.4308972764651625,0.16435185415141373,-0.7301501945004507,False,False,False,all
2026-08-28,SMCL,16.526199340820312,1,2,False,0.2664242143638551,-0.3280817143537109,1.1976328966405365,-0.8849684541363831,False,True,False,all
2026-08-28,SMCX,11.850000381469727,1,2,False,0.25509721826590503,-0.3639117129764724,1.1703297250326408,-0.8964522882849729,False,True,False,all
2026-08-28,SMCZ,3.200000047683716,1,0,False,-0.5508872717991844,-0.8910052584257806,0.2698412983746097,-0.9520239850960286,False,False,False,all
2026-08-28,SOC,4.489999771118164,1,2,False,-0.0974149118760147,-0.527865429259601,0.5590276363547257,-0.8437717534141972,False,True,False,all
2026-08-28,TDUP,2.7200000286102295,1,0,False,-0.47775665111664645,-0.4784351082745878,0.018726573366127264,-0.7714285616972005,False,True,False,all
2026-08-28,TENX,2.130000114440918,1,2,False,-0.8048431769471842,-0.8227256455083272,0.6259543568540249,-0.8902061775090754,False,False,False,all
2026-08-28,TTD,13.569999694824219,1,0,False,-0.1987955610946932,-0.47279218523916433,0.057677301287497595,-0.7593544982851113,False,True,False,all
2026-08-28,CWVX,15.010000228881836,1,1,False,-0.2045153295304979,-0.46226060999150753,0.6998867903253574,-0.8808730140564933,False,True,False,all
2026-08-28,CRCG,14.649999618530273,1,2,False,0.3927576215273194,-0.3709112066323379,1.1477788308912178,-0.8871340579808108,False,False,False,all
2026-08-28,CABO,25.5,1,0,False,-0.33528663512076917,-0.6779428761164386,0.1601456110588042,-0.8589133604902737,False,False,False,all
2026-08-28,IPX,21.010000228881836,1,0,False,-0.13596341141191826,-0.3886572726437929,0.047880350541201766,-0.6580960135389782,False,True,False,all
2026-08-28,LENZ,5.110000133514404,1,0,False,-0.035612486794152076,-0.5750175057942406,0.12679168808140484,-0.8986111115316024,False,True,False,all
2026-08-28,MSTY,14.800000190734863,1,1,False,0.124585894189291,-0.3672211950292782,0.28360802545491626,-0.8197320284311577,False,False,False,all
2026-08-28,CRWG,17.950000762939453,1,1,False,-0.21254312435225853,-0.4819501230020833,0.6838650112454843,-0.8918348834405954,False,True,False,all
2026-08-28,UVIX,40.83000183105469,1,0,False,-0.26974267217861925,-0.6348969652662728,0.033017084245305695,-0.8606104057102,False,False,False,all
2026-08-28,SOXS,49.81999969482422,1,2,False,0.0908119502834639,-0.987916561578512,0.5716087853558951,-0.9978654670225011,True,True,False,all
2026-08-28,SION,5.869999885559082,1,1,False,-0.8227400146203913,-0.8451041256156522,0.4638402869108802,-0.8932144850790309,False,True,False,all
2026-08-28,MNTS,4.099999904632568,1,1,False,-0.23756393878663273,-0.443152851906909,0.3183279880806038,-0.8810362759593501,True,True,False,all
2026-08-28,VISN,6.059999942779541,1,0,False,-0.48680600700427934,-0.6117307337039785,0.00994950467439959,-0.7051094808874379,False,False,False,all
2026-08-28,SMU,6.139999866485596,1,1,False,-0.09450214068436813,-0.7674194020045914,0.46539374287233737,-0.991272210566474,False,True,False,all
2026-08-28,CCOI,9.479999542236328,1,0,False,-0.2085358273644795,-0.486270772575806,0.053333282470703125,-0.7925147772559877,False,False,False,all
2026-08-28,VRRM,4.389999866485596,1,0,False,-0.028137543293602074,-0.678750723578334,0.2911763951027704,-0.8274981347345589,False,True,False,all
2026-08-28,PLTZ,8.470000267028809,1,1,False,-0.6297355047825248,-0.6925147203157844,0.022946925143128905,-0.8093887813941398,False,False,False,all
2026-08-28,MSTX,13.869999885559082,1,2,False,0.46289498177282273,-0.5188496812448105,1.0639881426489626,-0.9489134442520845,False,False,False,all
2026-08-28,CRCA,21.68000030517578,1,2,False,0.38961890725683923,-0.39042476705204787,1.1529295890961024,-0.8939594002015847,False,True,False,all
2026-08-28,UVXY,18.450000762939453,1,0,False,-0.2027482159160986,-0.49184190689659835,0.02159475683997303,-0.7386685387861244,False,True,False,all
2026-08-28,SSTK,5.96999979019165,1,0,False,-0.23813172142932548,-0.6040536562489989,0.15473882052070986,-0.7976271257562153,True,True,False,all
