run_date,ticker,close,rs_rank,template_score,passes_template,dist_50d,dist_200d,off_52w_low,off_52w_high,base_tight,vol_dryup,new_today
2026-07-22,AMUU,253.07000732421875,99,8,True,0.11633849758544712,1.3692241804577834,6.19153217392115,-0.13819168198781107,False,True,False
2026-07-22,MU,959.47998046875,99,8,True,0.011679185860762331,0.9407020317122996,8.281098916231858,-0.23547411914840632,False,True,False
2026-07-22,DLLL,25.049999237060547,99,8,True,0.25759353011554054,2.142267726935396,10.557092971915337,-0.18200747212899626,False,True,True
2026-07-22,BWET,238.00999450683594,99,8,True,0.2545869304159445,1.6432588290881776,21.007397479566105,-0.134509110884233,False,False,False
2026-07-22,ATEX,103.98999786376953,99,8,True,0.29898679583250054,1.4738525080699993,4.915244500288218,-0.0797345321790307,False,True,False
2026-07-22,ERAS,19.510000228881836,99,8,True,0.31496472961186006,0.8867787882632385,13.669172631089657,-0.19645800341295994,False,False,False
2026-07-22,CLYM,12.579999923706055,99,8,True,0.05621090061410561,0.8780954697933685,8.249999846605695,-0.12729795650385045,False,True,False
2026-07-22,EVC,10.449999809265137,99,8,True,0.029049710415079977,1.1715864668197145,4.358974130117609,-0.23944687166361478,False,True,False
2026-07-22,CHRN,25.540000915527344,99,8,True,0.28596968728855576,1.316616415157779,7.7826688385604506,-0.1486666361490886,False,True,False
2026-07-22,SLS,12.079999923706055,99,8,True,0.22015271579371243,1.3713707841967295,7.690647516566017,-0.2392947206139645,False,True,False
2026-07-22,AGL,119.87999725341797,99,8,True,0.17226688255498956,1.9978543190015565,15.026737559857246,-0.09891759393291066,False,True,False
2026-07-22,AMDG,121.75980377197266,99,8,True,0.11400497979523183,1.3540649264158504,6.204722279311011,-0.13877635049668235,False,True,False
2026-07-22,BAND,64.37000274658203,99,8,True,0.040267800585967795,1.2753000880062553,4.149600219726563,-0.18601414698875296,False,True,False
2026-07-22,AMDL,71.62999725341797,99,8,True,0.10982679980231391,1.3973940044420958,7.070985606018926,-0.14512475867339403,False,True,False
2026-07-22,KOD,41.91999816894531,98,8,True,0.1320733868456503,0.426146182236959,7.383999633789063,-0.12374586046740088,False,True,False
2026-07-22,MBX,58.29999923706055,98,8,True,0.32842672392403593,0.751456833294962,5.05399777198707,-0.12396699378482379,False,True,False
2026-07-22,RLAY,19.270000457763672,98,8,True,0.19343274209920014,0.7665083455383905,5.370247884379998,-0.07311209191089718,False,True,False
2026-07-22,LQDA,87.04000091552734,98,8,True,0.2581852976242085,1.0366022289148615,4.756613860735418,-0.027594695137465042,False,True,False
2026-07-22,ANRO,27.229999542236328,98,8,True,0.16354591206814884,0.4475457120585915,9.011029138168562,-0.05615254134533465,False,False,False
2026-07-22,ICHR,95.33000183105469,98,8,True,0.14254829386147017,1.0311382646146017,6.266006300501762,-0.16067969453941444,False,True,False
2026-07-22,STX,908.0999755859375,98,8,True,0.026071295283262685,0.8259988097885045,5.5661601991873235,-0.20689958464110259,False,False,False
2026-07-22,ALMS,28.809999465942383,98,8,True,0.18412992861350985,0.5039713265925883,7.878274416634902,-0.0810207618698684,False,True,False
2026-07-22,TXG,47.04999923706055,98,8,True,0.42756579452550714,1.1267699143858145,3.215949810068408,-0.01671889785938474,False,True,False
2026-07-22,DRTS,13.010000228881836,98,8,True,0.18657827701070762,0.7978689824727914,3.533101305802826,-0.07795885574489436,False,True,False
2026-07-22,DFTX,43.66999816894531,98,8,True,0.3546629337111198,1.179603861556017,4.486180648199011,-0.1123984249642469,True,True,False
2026-07-22,SYRE,99.16999816894531,98,8,True,0.18111546481727303,1.0029092990607764,5.83695259472721,-0.05633265177696878,False,True,False
2026-07-22,ORKA,92.52999877929688,98,8,True,0.25513079720445675,0.9867051833673233,6.20638611212536,-0.05369196221662864,True,True,False
2026-07-22,DELL,441.79998779296875,98,8,True,0.17708429050338048,1.152159790908077,3.0083467873341254,-0.05893883178006598,True,True,False
2026-07-22,DNTH,102.76000213623047,97,8,True,0.14317756140860638,0.6015398591621728,4.683628460722174,-0.04843037161771924,False,True,False
2026-07-22,CDNA,37.779998779296875,97,8,True,0.4553494653311483,0.8750565555191387,2.3555377358658376,-0.06646904769625095,False,False,False
2026-07-22,MEI,16.43000030517578,97,8,True,0.21484134591463055,0.8620412553485248,2.366803262269616,-0.19381741993370327,False,True,False
2026-07-22,URGN,42.060001373291016,97,8,True,0.26731412717054504,0.7343615253034841,1.7400651679504304,-0.04256769676517491,False,False,False
2026-07-22,BTSG,69.73999786376953,97,8,True,0.0872615119879212,0.5428810504540393,2.668595319521026,-0.0498638090738861,False,False,False
2026-07-22,PACS,45.060001373291016,97,8,True,0.13724701624979674,0.38287886007493577,5.008000183105469,-0.0448330238044391,False,True,False
2026-07-22,ASX,40.4900016784668,97,8,True,0.054229460778945304,0.6653540068977568,3.353763532048635,-0.11050085080653782,False,True,False
2026-07-22,NWPX,133.97999572753906,97,8,True,0.04362209577652787,0.5930437292661606,2.348662867986966,-0.11872658815159987,False,True,False
2026-07-22,BIOA,21.940000534057617,97,8,True,0.09869200291530955,0.37088374710080996,4.338199469910242,-0.15469078795801994,True,True,False
2026-07-22,SILC,44.279998779296875,97,8,True,0.012331766853833415,0.7376050984798364,2.3193402003602515,-0.16373941187383045,False,True,False
2026-07-22,TWST,94.20999908447266,97,8,True,0.2025170979889661,0.8636274017588537,3.0433477325880753,-0.10676023519396904,False,True,False
2026-07-22,NESR,28.93000030517578,97,8,True,0.0971798845397982,0.4297964164015746,3.813643794246282,-0.04552950132240119,False,True,False
2026-07-22,FTRE,18.489999771118164,97,8,True,0.14363115483111533,0.3907823807881641,2.7505071835568744,-0.009641151817901483,True,True,False
2026-07-22,ETON,43.58000183105469,97,8,True,0.2855836917381813,0.9149058459468795,2.162554620867045,-0.008030411436589557,False,False,False
2026-07-22,RVMD,183.02999877929688,97,8,True,0.10305682679127814,0.6555496850515679,4.383235258214614,-0.0556945612738895,False,True,False
2026-07-22,AMD,552.3300170898438,97,8,True,0.09287923230001116,0.8276352590058056,2.701447611389057,-0.05541012853989935,False,True,False
2026-07-22,VSAT,74.37000274658203,97,8,True,0.03501548160056922,0.4639072669897295,4.312143053327288,-0.20058041790351488,False,True,False
2026-07-22,VSTS,15.899999618530273,97,8,True,0.18584147179704757,0.8419192568160332,2.994974759379944,-0.05917159896876767,False,True,False
2026-07-22,XMTR,98.44000244140625,97,8,True,0.08288160980009796,0.5598106737013036,2.2138428056993296,-0.07202110914191029,False,False,False
2026-07-22,ARWR,88.69999694824219,97,8,True,0.14451756338695199,0.3979004204416534,5.202796906654026,-0.07110596855941476,False,False,True
2026-07-22,VSXY,87.33999633789062,97,8,True,0.22815499396983796,0.6147430159412828,3.8414629659312025,-0.029555596245659732,True,True,False
2026-07-22,MRVI,7.099999904632568,97,8,True,0.31068856278966384,0.817995579368862,2.567839130958293,-0.028062960783488133,False,False,False
2026-07-22,TNGX,28.100000381469727,97,8,True,0.04836665131068241,0.6740315358784115,3.8700174132336116,-0.1829019808029433,True,True,False
2026-07-22,IMOS,63.060001373291016,97,8,True,0.022307266644311374,0.5463519731270334,3.187250970534567,-0.19514993488966492,False,False,False
2026-07-22,PRAX,312.1000061035156,96,8,True,0.0030196867470935196,0.1330229399083085,7.392041345206524,-0.1484775306705749,True,True,False
2026-07-22,SEZL,174.24000549316406,96,8,True,0.22671400713510348,0.9865794744211247,2.5200001109730112,-0.10970313465929615,False,False,False
2026-07-22,PBF,64.33000183105469,96,8,True,0.4027597677236028,0.6702280334515249,2.028719516208737,-0.05853943937964412,False,False,False
2026-07-22,TVTX,56.2599983215332,96,8,True,0.09817176188762544,0.5089511419674559,2.743180260882912,-0.06389351497640028,True,True,False
2026-07-22,ENLT,91.5999984741211,96,8,True,0.006907634810083163,0.409681304351196,2.9912852038785247,-0.15692593476583372,True,True,True
2026-07-22,LABU,253.67999267578125,96,8,True,0.1426851693155493,0.46095744531435767,3.3475578287853986,-0.23819822019284909,False,True,False
2026-07-22,LASR,72.44000244140625,96,8,True,0.02784579434423451,0.3507183113690924,2.9135603212135806,-0.16687745849460067,False,False,False
2026-07-22,APGE,134.0800018310547,96,8,True,0.2715465056253261,0.6787741991093763,2.904484602075644,-0.002380893452094579,True,True,False
2026-07-22,CLMT,44.13999938964844,96,8,True,0.23469220513962052,0.6177534815725525,2.411128347837315,-0.010535781534915856,False,False,False
2026-07-22,CRNX,83.72000122070312,96,8,True,0.7644207688078901,0.8764831910375288,2.241192468756736,-0.0033333188011532844,False,False,False
2026-07-22,ACRS,5.619999885559082,96,8,True,0.14951929762599092,0.5534087564192325,2.8493148895338165,-0.044217725139714115,False,False,False
2026-07-22,PVLA,142.17999267578125,96,8,True,0.12851475214487218,0.3289672463111242,3.5849723194570906,-0.11897392258088912,False,True,False
2026-07-22,GH,150.75,96,8,True,0.11785407327428521,0.4451455820460968,2.73605962083704,-0.13401885102055866,False,True,False
2026-07-22,ASMG,52.297698974609375,96,8,True,0.03322436553427144,0.446879576389944,3.6240227262857845,-0.20544364604848475,False,False,False
2026-07-22,DK,66.16999816894531,96,8,True,0.33682705670263746,0.6478172875815253,2.3402322035750514,-0.04004065173380289,False,True,False
2026-07-22,GLUE,23.790000915527344,96,8,True,0.16777361814533753,0.34395585162288356,4.774272227267077,-0.07683350822913226,False,True,False
2026-07-22,LIND,27.799999237060547,95,8,True,0.16138193243958376,0.5547880676604016,1.4450307402701945,-0.07333335876464842,False,True,False
2026-07-22,MTRN,250.66000366210938,95,8,True,0.03787719460816019,0.5051513562990038,1.735865489498258,-0.16130756597421192,False,True,False
2026-07-22,DAVE,423.6600036621094,95,8,True,0.33376317892779883,0.7849081778898181,1.783391268476382,-0.07548280706577337,False,True,False
2026-07-22,PLSE,32.7599983215332,95,8,True,0.24665592499585398,0.6498894333001637,1.6082800340012215,-0.03276955162025996,False,True,False
2026-07-22,IOVA,5.170000076293945,95,8,True,0.25406298632993374,0.610617009454081,1.9375000592659823,-0.0833332981060011,False,False,False
2026-07-22,PARR,79.41999816894531,95,8,True,0.3148353248815412,0.5981277706057089,1.9601192096453404,-0.03487668871857419,False,True,False
2026-07-22,CIFR,24.459999084472656,95,8,True,0.06575801562289962,0.3245050537250742,4.3758237492561864,-0.1884538958261085,False,False,False
2026-07-22,VCYT,58.0099983215332,95,8,True,0.1346854348671631,0.4086772554472484,1.5309772307345098,-0.04761125485378115,True,True,False
2026-07-22,CVLG,48.86000061035156,95,8,True,0.1526521034489179,0.657338644829677,1.7144444783528647,-0.02044908652609645,False,True,False
2026-07-22,ELVN,52.849998474121094,95,8,True,0.17851947233492815,0.669940933441223,2.574568753436388,-0.03698984246510073,True,True,False
2026-07-22,ROIV,34.90999984741211,95,8,True,0.09676061442387107,0.3537448474766849,2.202752391666531,-0.0564864906104835,False,True,False
2026-07-22,CRS,587.6599731445312,95,8,True,0.11407480064625353,0.4896423845063578,1.5774560225637337,-0.061231038335761157,True,True,False
2026-07-22,DHC,9.279999732971191,95,8,True,0.044762653690923804,0.41369667175915015,1.9182388484772739,-0.03933748658833769,False,True,False
2026-07-22,FTK,27.239999771118164,95,8,True,0.19763637299956516,0.510136863504498,1.487671255306283,-0.02783728315141365,False,False,False
2026-07-22,FTNT,155.0500030517578,95,8,True,0.06877082258915945,0.5797168952177678,1.2112093123002001,-0.08981510128306391,False,True,False
2026-07-22,DDOG,245.77000427246094,95,8,True,0.03339650544054629,0.4998674417137823,1.5076012541133226,-0.11817148557284585,False,True,False
2026-07-22,CNC,65.88999938964844,95,8,True,0.04600583156219984,0.44138269952982534,1.6271929661119358,-0.05002885222272113,False,True,False
2026-07-22,LFST,11.010000228881836,95,8,True,0.20612596402945305,0.5239598366092653,1.9438503210714146,-0.06377550896283546,False,True,False
2026-07-22,FEIM,72.38999938964844,95,8,True,0.09593809802698106,0.424610179925645,2.0583016120117676,-0.10091287414261108,False,False,False
2026-07-22,EWTX,38.33000183105469,95,8,True,0.02811564535877098,0.3287770261294709,2.1162602631443264,-0.20805783837506509,False,True,False
2026-07-22,OSCR,29.5,95,8,True,0.08988000033694576,0.5845774938758674,1.7595885086968588,-0.10876128821986852,True,True,False
2026-07-22,IMVT,39.04999923706055,94,8,True,0.11579077946718752,0.4319555004171325,1.7269553120992502,-0.05287412877466979,True,True,False
2026-07-22,AMN,34.189998626708984,94,8,True,0.10021298266057466,0.5666202483449365,1.2992601808902777,-0.05734772001111066,False,True,False
2026-07-22,FET,57.810001373291016,94,8,True,0.10303379998942597,0.24967982976435188,2.190397279017829,-0.11646032242616378,False,True,False
2026-07-22,RCUS,29.969999313354492,94,8,True,0.13966503606437608,0.3135230792257919,2.390271357018115,-0.05561686664727361,False,True,False
2026-07-22,HNGE,79.08000183105469,94,8,True,0.1323770191030338,0.5528185436702242,1.6289894292430405,-0.13573768490650617,False,True,False
2026-07-22,DVA,232.0800018310547,94,8,True,0.09867324976268343,0.5190032626609558,1.2978218003074722,-0.03154731087401397,False,True,False
2026-07-22,CLOV,4.670000076293945,94,8,True,0.06378134202994512,0.5989454812757371,1.9556961705374851,-0.1645796155959014,False,True,False
2026-07-22,PANW,335.2799987792969,94,8,True,0.14571508348642004,0.5931351826145208,1.4022353026065777,-0.09088934415173788,False,True,False
2026-07-22,ATEN,35.540000915527344,94,8,True,0.08195985385509452,0.5315797141863288,1.1513317149349782,-0.07664330044936918,False,True,False
2026-07-22,CGEM,17.649999618530273,94,8,True,0.09983236288125585,0.3915387864888846,2.1073943929489216,-0.09161094486299881,True,True,False
2026-07-22,ATI,195.58999633789062,94,8,True,0.0715428196232808,0.40158199210604884,1.7774780094235267,-0.04734304873745432,True,True,False
2026-07-22,BJRI,67.5199966430664,94,8,True,0.2869286196252423,0.6264196005388922,1.3724525233700478,-0.04090915938054085,False,True,False
2026-07-22,DINO,90.86000061035156,94,8,True,0.242315860638463,0.5337545105811745,1.1551233619354195,-0.029895397632688447,False,False,False
2026-07-22,WTTR,21.350000381469727,94,8,True,0.12380253282727938,0.5009578998706699,1.716284989670045,-0.0028024038472673762,False,True,False
2026-07-22,ESTA,93.87000274658203,94,8,True,0.16049355323520564,0.3643975079084367,1.8146928648114695,-0.0321682151346141,False,True,False
2026-07-22,ARCB,159.3800048828125,94,8,True,0.10692550386000899,0.55344844646692,1.6818106017901542,-0.09796817770905897,True,True,False
2026-07-22,KFRC,57.810001373291016,94,8,True,0.20125676267421677,0.6441816243524265,1.3605554068427632,-0.04761119198227315,False,False,False
2026-07-22,ONTO,295.25,94,8,True,0.0012187581767324485,0.3612031503146804,2.302572650566824,-0.23601405959685307,False,True,False
2026-07-22,MOV,37.619998931884766,94,8,True,0.05845409974769855,0.4581281909838517,1.5453315028120165,-0.05595984009094779,True,True,False
2026-07-22,CYRX,16.420000076293945,94,8,True,0.08820995960269973,0.5128830049995299,1.4544095569284758,-0.027827076988679256,False,True,False
2026-07-22,NRIX,23.600000381469727,94,8,True,0.22231029187846674,0.4206683381857743,1.8798049127902918,-0.05919867479373875,False,True,False
2026-07-22,RAPP,41.33000183105469,93,8,True,0.07020419110636333,0.3079476607813756,2.03450823629417,-0.06662143246538343,False,True,False
2026-07-22,TDAY,8.529999732971191,93,8,True,0.061103613941988266,0.3516082600897572,1.4941519130650591,-0.04157302263122831,False,True,False
2026-07-22,SEPN,34.20000076293945,93,8,True,0.06281486490147836,0.2742294835973753,2.221552392392058,-0.1009463738214702,False,True,False
2026-07-22,MYE,30.790000915527344,93,8,True,0.14191833311461965,0.4284753662739338,1.3757716685878738,-0.1387412331321023,False,True,False
2026-07-22,CERS,3.0199999809265137,93,8,True,0.07312912558626228,0.37833458411365983,1.6260869943802665,-0.12968300979062108,False,True,False
2026-07-22,BELFB,282.05999755859375,93,8,True,0.0058397479018461596,0.3025825913563409,1.7467133202137566,-0.15875811873229861,False,True,False
2026-07-22,TRVI,17.360000610351562,93,8,True,0.09102110954263876,0.34863500375962997,1.6503816953941026,-0.1414440553968771,False,False,False
2026-07-22,KYMR,110.33999633789062,93,8,True,0.1668596266679223,0.3720467148588098,2.0106409752801384,-0.15155714149443678,False,True,False
2026-07-22,ALKS,52.58000183105469,93,8,True,0.14674801288627792,0.5103401926001427,1.088994901536632,-0.05550559438700209,True,True,False
2026-07-22,NEO,14.010000228881836,93,8,True,0.19075953192364659,0.3150237652061969,1.9682205194151026,-0.10019264589073551,False,False,False
2026-07-22,AVNS,24.979999542236328,93,8,True,0.0036884828332321984,0.4883221906142785,1.6851551471091,-0.020007855373137318,False,True,False
2026-07-22,RSI,31.209999084472656,93,8,True,0.06137686389309094,0.40683806260892696,1.1688671535685344,-0.09614827142174087,False,True,False
2026-07-22,EXTR,30.270000457763672,93,8,True,0.041036168167978726,0.5108635661381771,1.2455490716390547,-0.10257928050488363,False,True,False
2026-07-22,PTGX,135.44000244140625,93,8,True,0.17989784633865002,0.42550416956423565,1.6827770784187197,-0.05478394314005641,False,False,False
2026-07-22,NHC,220.33999633789062,93,8,True,0.09545588647958558,0.37628157912419424,1.355569747501626,-0.05128096302307594,False,True,False
2026-07-22,VLO,310.9200134277344,93,8,True,0.18342658816688706,0.4559994145435038,1.377427866110017,-0.028374958038330123,False,True,False
2026-07-22,KNSA,62.439998626708984,93,8,True,0.10050669681728985,0.33433626510354864,1.3768556352748695,-0.07537391151483874,False,True,False
2026-07-22,CBL,56.90999984741211,93,8,True,0.13586012439870676,0.4290018770123274,1.1556818435507377,-0.0005268489641796492,False,True,False
2026-07-22,RXO,28.700000762939453,93,8,True,0.10874170078939938,0.5980890167857085,1.7529976247335086,-0.04013374150169324,False,True,False
2026-07-22,TIGO,97.86000061035156,93,8,True,0.10224053298606495,0.4199720493068142,1.5083303625223738,-0.028684857465493208,False,True,False
2026-07-22,MATX,215.89999389648438,93,8,True,0.10588076215077713,0.4104809628781876,1.482465112868017,-0.0643148619371916,False,False,False
2026-07-22,NVRI,22.969999313354492,92,8,True,0.09685981207519068,0.2638517113373813,1.9831168678362183,-0.025042451865959325,False,True,False
2026-07-22,ECPG,88.20999908447266,92,8,True,0.03931266006232148,0.3410431855969127,1.4729465548800964,-0.06754756334796874,False,True,False
2026-07-22,AMRX,17.75,92,8,True,0.16786303880750886,0.34495933689001546,1.3157208203963129,-0.034801490532331836,True,True,False
2026-07-22,BCAX,27.959999084472656,92,8,True,0.1590165410965767,0.42599945382588955,1.921630091544765,-0.0977734981937427,False,True,False
2026-07-22,INSW,88.91000366210938,92,8,True,0.061906143000612035,0.3372871408985054,1.3165711617442528,-0.040470535849260414,False,True,False
2026-07-22,KOP,51.16999816894531,92,8,True,0.1605174118014734,0.45527863975038363,1.0467999267578123,-0.02066989150343901,False,True,False
2026-07-22,RLJ,12.329999923706055,92,8,True,0.14691272189046245,0.46715848546084326,0.885321100248524,-0.010036130129722709,False,True,False
2026-07-22,JAZZ,250.41000366210938,92,8,True,0.061456932593847435,0.33747344205131813,1.384857177734375,-0.018769566392684123,False,True,False
2026-07-22,MOG.A,402.9100036621094,92,8,True,0.06684722524515663,0.3536648073612443,1.2856251784217108,-0.06413171526557315,False,True,False
2026-07-22,CRWD,188.4199981689453,92,8,True,0.07044105861757743,0.44278414132842503,1.1991129493210702,-0.13370115784392955,False,True,False
2026-07-22,PEB,19.68000030517578,92,8,True,0.1403539479306266,0.4760812076291048,1.1161290216727098,-0.012543903470742856,True,True,False
2026-07-22,ALNT,88.36000061035156,92,8,True,0.050966405354376354,0.3376306362092458,1.397829152487069,-0.1556617360535727,False,True,False
2026-07-22,UCO,42.720001220703125,92,8,True,0.03088308207993462,0.38084852515687184,1.3576158522137507,-0.19304869042534745,False,False,False
2026-07-22,CXW,32.18000030517578,92,8,True,0.21549550003672935,0.54900324901404,1.0444727301854164,-0.01560105056463712,True,True,False
2026-07-22,ENVA,222.49000549316406,92,8,True,0.12903670612902762,0.4193124812925393,1.2336111246850319,-0.09696403488997174,True,True,False
2026-07-22,OII,45.0,92,8,True,0.14358904551883955,0.3989253160953765,1.1718147437870097,-0.01982138641770015,False,True,False
2026-07-22,ARKO,8.180000305175781,92,8,True,0.061483004157267374,0.39576157776451004,1.2048518116084526,-0.065676733495035,False,True,False
2026-07-22,OKTA,136.69000244140625,92,8,True,0.14168639290536156,0.47986035157644213,1.1814555182615694,-0.12936304177448243,False,True,False
2026-07-22,GEO,31.34000015258789,92,8,True,0.1584067734891883,0.6275996090327318,1.5051958096877756,-0.028217049532158422,True,True,False
2026-07-22,PGEN,5.320000171661377,92,8,True,0.12151112336963821,0.26843345425062193,2.619047665387478,-0.11920526402963083,False,True,False
2026-07-22,MPC,315.82000732421875,92,8,True,0.1869960720058883,0.4520533590290676,0.9988608058494857,-0.03395327801174608,False,True,False
2026-07-22,XMAX,8.600000381469727,92,8,True,0.012026685126650616,0.267744796180982,5.099291195074847,-0.07626208444104499,False,True,False
2026-07-22,ILMN,190.8699951171875,92,8,True,0.13681979387214116,0.4012843731293241,1.168977217240767,-0.029441718890995006,False,True,False
2026-07-22,ASML,1801.8599853515625,92,8,True,0.04017763715774447,0.31640873074260156,1.6363025060599372,-0.0990519707669929,False,False,False
2026-07-22,MRX,65.8499984741211,92,8,True,0.09202347473226147,0.4773243796312885,1.3593693598757537,-0.07488060983707412,False,True,False
2026-07-22,LGND,304.260009765625,92,8,True,0.14678867477341773,0.4069530960918182,1.3485912975553314,-0.06848726321151466,False,True,False
2026-07-22,AAMI,82.31999969482422,91,8,True,0.08996155017721774,0.4209137714856559,1.1276264678908219,-0.03977608221840323,False,True,False
2026-07-22,ECO,56.470001220703125,91,8,True,0.0708502184578943,0.2765332453476059,1.5232351804417497,-0.03387509865511851,False,True,False
2026-07-22,INDV,40.45000076293945,91,8,True,0.04412157463509181,0.19371362171324225,1.5424262194143874,-0.055127319192845414,True,True,False
2026-07-22,NAT,6.360000133514404,91,8,True,0.11445996904920075,0.3387360166879225,1.3820224538503796,-0.05074622170594123,False,True,False
2026-07-22,ACHC,34.779998779296875,91,8,True,0.27484252593442315,0.6017463017161122,2.0428694532534393,-0.029034084991285458,False,True,False
2026-07-22,ACHV,6.309999942779541,91,8,True,0.12325547021796046,0.3514960578688733,1.6624473618027262,-0.1125176055853927,False,True,False
2026-07-22,CTRN,64.22000122070312,91,8,True,0.23240250023049414,0.407982910207076,1.2580872016439684,-0.046685916170092545,False,True,False
2026-07-22,ATLC,95.16999816894531,91,8,True,0.03680283427372144,0.4036572708933279,1.0806732548448696,-0.1548708138431809,False,False,False
2026-07-22,CADL,10.09000015258789,91,8,True,0.12283279564304439,0.5751043177606889,1.3195403158152859,-0.11179573437248014,False,True,False
2026-07-22,FTI,75.0999984741211,91,8,True,0.07821430093973225,0.2786449826531672,1.3557089225567975,-0.03445616285981645,False,True,False
2026-07-22,DCO,174.58999633789062,91,8,True,0.08159776807976349,0.40317006532592514,1.0598158558004864,-0.11208873517577989,False,False,False
2026-07-22,AXSM,239.6199951171875,91,8,True,0.008122344086758382,0.322020563078695,1.4937038635592028,-0.07905763915295339,False,True,True
2026-07-22,CARE,32.91999816894531,91,8,True,0.09507013125911179,0.43244711250726664,0.9618591669751806,-0.06023410459262124,False,True,False
2026-07-22,MAN,51.65999984741211,91,8,True,0.48497774349643574,0.6453670224935903,1.0540755718083403,-0.07253143375565985,False,False,True
2026-07-22,OOMA,20.239999771118164,91,8,True,0.08058470083711278,0.4259696841837939,1.0667823255220594,-0.07832419786258815,False,True,False
2026-07-22,ARW,218.7899932861328,91,8,True,0.018541246632791886,0.4189589676506642,1.1494252020657751,-0.07811911010778883,False,True,False
2026-07-22,TKR,141.63999938964844,91,8,True,0.06689243616038487,0.3791317201173694,1.0070851636979201,-0.03231533705902023,False,True,False
2026-07-22,CVE,28.989999771118164,90,8,True,0.04719038725721236,0.2908023018013681,1.0721944421305096,-0.09603991122591549,False,True,False
2026-07-22,SCHL,46.36000061035156,90,8,True,0.06987908992492797,0.3013735337990895,1.171428561218609,-0.03557310370977129,False,True,False
2026-07-22,TRGP,284.45001220703125,90,8,True,0.05792265512581429,0.30072406202424484,0.9734287041176395,-0.00628816696233625,False,True,False
2026-07-22,PNTG,40.45000076293945,90,8,True,0.1299577273918624,0.31221678111171514,0.8614818966892885,-0.04935366655170281,False,True,False
2026-07-22,USO,131.67999267578125,90,8,True,0.04908915660208746,0.3410733549947971,0.9954538102520152,-0.14537908157500257,False,False,False
2026-07-22,LLYX,25.68000030517578,90,8,True,0.048103388033127414,0.17574747528910795,1.674999925494197,-0.14257096323841933,False,True,False
2026-07-22,YPF,52.5099983215332,90,8,True,0.06326537019639566,0.30955627980903677,1.3010516662470835,-0.08662381651658368,False,True,False
2026-07-22,PRLB,79.7300033569336,90,8,True,0.04811361952247539,0.304273910404957,1.0719855588724871,-0.04113046429567291,False,True,False
2026-07-22,KRYS,336.79998779296875,90,8,True,0.016818225648141505,0.2654025598829468,1.5808428183369254,-0.11955772787145524,False,False,False
2026-07-22,HTLD,15.239999771118164,90,8,True,0.027175654345388045,0.36990609064888536,1.1771428244454518,-0.08413459554579061,False,True,False
2026-07-22,CTOS,10.529999732971191,90,8,True,0.02058616049929518,0.38828458246369313,1.0328185486346761,-0.1390024425916112,False,True,False
2026-07-22,LTH,42.060001373291016,90,8,True,0.14528139745620927,0.42779554783145635,0.7423364721097268,-0.043221058934297174,False,True,False
2026-07-22,GUSH,39.959999084472656,90,8,True,0.14248461956815173,0.3050954283553464,0.9206920691335714,-0.17879163152940591,False,True,False
2026-07-22,WNC,13.90999984741211,90,8,True,0.3556711916257138,0.47099256071177087,1.0980391564571015,-0.02863127487078776,True,False,False
2026-07-22,AVT,90.12999725341797,90,8,True,0.03625331864997161,0.3841823770247219,1.0368360961224399,-0.053852663948885104,False,True,False
2026-07-22,DAR,64.77999877929688,90,8,True,0.10026731881507445,0.33291081565642666,1.2222984434660877,-0.01878215581369258,False,True,False
2026-07-22,CALY,18.360000610351562,90,8,True,0.07634047784362119,0.3289085047599327,1.2950000762939453,-0.09467455676953085,True,True,False
2026-07-22,XENE,66.18000030517578,90,8,True,0.14374793030271515,0.34314205227435424,1.206000010172526,-0.08918253551248823,False,True,False
2026-07-22,UGP,6.5,90,8,True,0.20223430655762664,0.34113253231026897,1.2887324635364377,0.0,False,False,False
2026-07-22,NTAP,166.5399932861328,90,8,True,0.0808291636870464,0.39784476067810837,0.7775641898428487,-0.1363377498069802,False,True,False
2026-07-22,PGNY,31.350000381469727,90,8,True,0.14599251175214767,0.36516543552815417,0.9472049465012415,-0.051867482730028946,False,True,False
2026-07-22,MSGE,78.18000030517578,90,8,True,0.0666892320915522,0.3077252536497759,1.2141035758869223,-0.05568306026539671,False,True,False
2026-07-22,TOI,5.289999961853027,90,8,True,0.05584606342070475,0.3878230892741019,1.2801724629616213,-0.20689656651513688,False,False,False
2026-07-22,RAL,70.1500015258789,89,8,True,0.07171886699194951,0.36611359750075767,0.8822109113032233,-0.06975204721908024,False,True,False
2026-07-22,CGON,69.30999755859375,89,8,True,0.056843217406417956,0.24367370406734312,1.930655335160678,-0.09987016157670459,False,True,False
2026-07-22,BRKR,59.7400016784668,89,8,True,0.08705940560886316,0.3318040510290752,1.0939362159367296,-0.07437246930539998,True,True,False
2026-07-22,GPRE,17.770000457763672,89,8,True,0.11634630662557788,0.3199236797880305,1.5098870973520988,-0.09567425940271934,False,False,False
2026-07-22,TEN,39.45000076293945,89,8,True,0.006054199286951389,0.23867883222371944,1.0984043810582418,-0.13958555996013744,False,True,False
2026-07-22,ANDE,80.87000274658203,89,8,True,0.12517604147542727,0.2862795450180706,1.5398870087633805,-0.015101666722106999,False,True,False
2026-07-22,BVS,11.630000114440918,89,8,True,0.16110741066110923,0.3483002899198169,1.0017212098072847,-0.07182758481327278,False,True,False
2026-07-22,LNTH,104.61000061035156,89,8,True,0.02160298720048348,0.36200785674498603,1.2139682668857472,-0.06481315895262996,False,True,False
2026-07-22,WERN,45.81999969482422,89,8,True,0.089758826720987,0.3704407010429611,0.9869904924541035,-0.0351653384842856,False,False,False
2026-07-22,ODC,94.79000091552734,89,8,True,0.04948141398560191,0.39351053929356916,1.0782723009658102,-0.11411214097638,False,False,False
2026-07-22,MIRM,114.4800033569336,89,8,True,0.056991519497941345,0.2558053809398384,1.2782090220285292,-0.11938458956204923,False,True,False
2026-07-22,TGB,7.579999923706055,89,8,True,0.06908125708833923,0.17930765161186724,1.5608107520334045,-0.18054054878853465,False,True,False
2026-07-22,EC,16.690000534057617,89,8,True,0.10682267567186887,0.3375916552162541,1.0181378005111785,-0.05971827977140187,False,True,False
2026-07-22,IX,40.540000915527344,89,8,True,0.043081817912259845,0.27113133135168477,0.8154948971804126,-0.0031963919171560384,False,True,False
2026-07-22,BLBD,80.19999694824219,89,8,True,0.0884803894996713,0.34667295666040254,0.8698996989866727,-0.03825401684560081,False,True,False
2026-07-22,PSX,211.41000366210938,89,8,True,0.1663125035643962,0.3429009134133718,0.7905480156563163,-0.021249983045789955,False,True,False
2026-07-22,CMPR,98.0999984741211,89,8,True,0.02537622142047824,0.24719902738701016,1.2199593012620786,-0.0795646764050133,False,True,False
2026-07-22,JBHT,292.239990234375,89,8,True,0.06070369972115075,0.3309629045765976,1.2459268459945796,-0.02508680039452138,False,False,False
2026-07-22,CHEF,93.93000030517578,89,8,True,0.0646859355271161,0.35218397066682994,0.7656014841753525,-0.08690582485381815,True,False,False
2026-07-22,OGN,13.520000457763672,89,8,True,0.005832673141475064,0.43315988655752036,1.376098474833432,-0.00588234716633218,False,True,False
2026-07-22,TGTX,52.68000030517578,89,8,True,0.09632602230578469,0.46278885961597593,1.083860714964485,-0.11163573384580217,True,True,False
2026-07-22,XHR,21.309999465942383,89,8,True,0.12569064940053054,0.35619320403893795,0.8136169758248837,-0.00837600312205189,False,True,False
2026-07-22,UFCS,49.560001373291016,89,8,True,0.013451357491457872,0.2535395242392995,0.9216750528865822,-0.08930534654864519,False,False,False
2026-07-22,AYA,20.899999618530273,89,8,True,0.09213659625419801,0.30352886147790215,1.5272065854494445,-0.050000017339533076,False,False,False
2026-07-22,CYTK,82.19000244140625,89,8,True,0.05287028462031418,0.2225061039113745,1.4989359673650267,-0.06930127150243526,False,True,False
2026-07-22,MSGS,397.25,89,8,True,0.05355871184334515,0.321799767191276,1.1063654785585677,-0.03516870424781582,False,True,False
2026-07-22,BBAR,20.8700008392334,88,8,True,0.12701159978613963,0.28166160191570966,1.689433018514308,-0.07120598678301582,True,True,False
2026-07-22,MFG,10.5,88,8,True,0.09036532266446118,0.2712941718652062,0.8453426879452801,-0.026876734279730585,False,False,False
2026-07-22,PRSU,51.720001220703125,88,8,True,0.0618422797927507,0.3128819873641362,0.8524355687454694,-0.08492567583483113,True,True,False
2026-07-22,PBI,17.989999771118164,88,8,True,0.060756138179083985,0.44108492158048107,1.0100558831850166,-0.0415557095163992,False,True,False
2026-07-22,STT,185.24000549316406,88,8,True,0.10926808280304723,0.3472588277818025,0.7702600016594516,-0.037764215994581574,False,False,False
2026-07-22,KSTR,26.649999618530273,88,8,True,0.0016161071794278392,0.242714767533452,0.9158878440597813,-0.18100802493175394,False,False,False
2026-07-22,ERX,93.88999938964844,88,8,True,0.08514749179285541,0.2454484450711878,0.8755492771468931,-0.15246433991480535,False,True,False
2026-07-22,HXL,106.62000274658203,88,8,True,0.11818911053794579,0.27860050235906964,0.8319587860637181,-0.029138562712935467,False,False,False
2026-07-22,SION,45.029998779296875,88,8,True,0.09690146187205606,0.1474767235779748,1.7490843154102715,-0.12673324971305622,False,False,False
2026-07-22,VIK,100.3499984741211,88,8,True,0.06992521659899564,0.3142342384945389,0.8064806454069569,-0.05115358881272236,False,True,False
2026-07-22,FRO,37.959999084472656,88,8,True,0.018808757530636155,0.2342387143271336,1.1018826249722635,-0.11925753066406009,False,True,False
2026-07-22,VIRT,59.560001373291016,88,8,True,0.04350266001232117,0.37287379084130623,0.8877972365631064,-0.12437512036598664,False,False,False
2026-07-22,TALK,5.210000038146973,88,8,True,0.0007299230120922928,0.2009174137693237,1.346846833785201,-0.007619040352957573,False,True,False
2026-07-22,CON,31.270000457763672,88,8,True,0.1111821994804989,0.3570635225774057,0.6861687963935941,-0.03338479342499456,False,True,False
2026-07-22,BNO,51.41999816894531,88,8,True,0.05881767915196123,0.30366323904424886,0.8946204615081015,-0.15441544141240526,False,True,False
2026-07-22,ASTH,41.939998626708984,88,8,True,0.0102615724719608,0.39392041923811916,1.319690199318988,-0.18720930490447363,False,True,False
2026-07-22,MT,66.48999786376953,88,8,True,0.018985066634467973,0.23223755148673497,1.203844802639361,-0.08289658118938581,False,True,False
2026-07-22,VTRS,17.010000228881836,87,8,True,0.03903244672178241,0.243230223016625,0.9710312865950412,-0.037895931262953875,False,True,False
2026-07-22,TECX,31.59000015258789,87,8,True,0.02329046970072879,0.2661551037605454,1.1952744544058524,-0.20086007771058711,False,True,False
2026-07-22,ABX,10.300000190734863,87,8,True,0.046492747001784185,0.23225274044303057,1.0600000381469727,-0.17202568021167886,False,False,False
2026-07-22,DRH,12.899999618530273,87,8,True,0.107372141805538,0.31066254990254993,0.731543617288055,-0.011494296552661099,False,False,False
2026-07-22,PRG,45.0,87,8,True,0.13881381936158532,0.3532104937547851,0.7441860980894723,-0.05719672257320152,False,True,False
2026-07-22,BWLP,21.299999237060547,87,8,True,0.058185246283501524,0.3045355096367357,0.8174060368396567,-0.0707617827992475,False,True,False
2026-07-22,LPG,43.95000076293945,87,8,True,0.06998871514499316,0.33224613524896407,0.8497474890389669,-0.08665831798641688,False,True,False
2026-07-22,CROX,136.1999969482422,87,8,True,0.1317518436689058,0.42309708349974295,0.8604015660632522,-0.03005270813083094,False,True,False
2026-07-22,WKC,36.290000915527344,87,8,True,0.14699489534422683,0.3623114221590711,0.6339487803445354,-0.041974659655599766,False,False,False
2026-07-22,BZH,33.0,87,8,True,0.20795051501911144,0.3996246452118384,0.8508132440384657,-0.027982348795010714,False,True,False
2026-07-22,RPRX,58.720001220703125,87,8,True,0.06386257913248428,0.2867324081290712,0.7229541096894718,-0.012113011821005215,False,True,False
2026-07-22,CAKE,85.68000030517578,87,8,True,0.18683840483679237,0.4310361881209561,0.9893197332776407,-0.02525598614522806,False,False,False
2026-07-22,CHRW,207.35000610351562,87,8,True,0.1197685510559714,0.2168891751027915,1.1400558097812161,-0.014168191421082721,False,False,False
2026-07-22,DBO,21.920000076293945,87,8,True,0.07325767314751985,0.3213017771067026,0.8435659750509501,-0.08590490013621876,False,True,False
2026-07-22,PGC,45.86000061035156,87,8,True,0.022081973226826257,0.31156544520894824,0.8779688970955735,-0.0667480427357885,False,False,False
2026-07-22,CVS,108.08000183105469,87,8,True,0.08570522710479334,0.2935920206477538,0.8475213988214476,-0.02349113179392992,False,False,False
2026-07-22,MAMA,17.219999313354492,87,8,True,0.0544363082209105,0.20788911098460083,1.1852790689427857,-0.18000003269740517,False,True,False
2026-07-22,EWT,101.68000030517578,87,8,True,0.00043291837006820266,0.30212235689010125,0.7665044801815679,-0.09842169351183505,False,False,True
2026-07-22,SAH,100.87999725341797,87,8,True,0.19063632217397353,0.436072450099003,0.8643503255499692,-0.03279008339666778,False,False,False
2026-07-22,SMFG,26.079999923706055,87,8,True,0.09373034034089134,0.26684963099792114,0.7550471417398164,-0.02212224037870636,False,True,False
2026-07-22,NTRA,264.2200012207031,86,8,True,0.12162656659601856,0.2153673039621975,1.0045367376191283,-0.08269687063456621,False,True,False
2026-07-22,NUTX,157.2100067138672,86,8,True,0.05286003925709393,0.19654134067409856,1.0361353267453017,-0.2293627121869255,False,True,False
2026-07-22,MD,25.829999923706055,86,8,True,0.07434303867878445,0.18729961481572044,1.1815878032788998,-0.07551898962133397,False,True,False
2026-07-22,SNDR,38.27000045776367,86,8,True,0.0727520517347997,0.3352150450641438,0.9030332817625228,-0.02546473105024627,False,True,False
2026-07-22,URTY,81.11000061035156,86,8,True,0.014712149797961427,0.2671556682320342,1.2040761492371796,-0.09272931514579008,False,True,False
2026-07-22,PR,21.399999618530273,86,8,True,0.0946627330538623,0.24948908967055328,0.795301969929497,-0.056229312521712704,False,True,False
2026-07-22,ACA,145.1300048828125,86,8,True,0.0811427258624422,0.25726942952089993,0.7718227126627266,-0.012183455679562916,True,False,False
2026-07-22,TFII,152.44000244140625,86,8,True,0.023542023477203244,0.29330185636365713,0.8906115296307318,-0.09094161713861626,False,True,False
2026-07-22,BFH,101.87000274658203,86,8,True,0.06255596116947704,0.30149214525287027,0.8924391469705082,-0.07315076560496081,False,True,False
2026-07-22,PRM,34.029998779296875,86,8,True,0.010397889015544282,0.2201921122842756,1.2054438176441242,-0.10846213225696966,False,True,False
2026-07-22,EQNR,39.959999084472656,86,8,True,0.11437078764764874,0.3011137031754396,0.7951481883915472,-0.08053382590269031,False,False,False
2026-07-22,MGTX,12.15999984741211,86,8,True,0.10318798150047281,0.3582797937882036,0.8368580147468017,-0.20781761920400565,False,True,False
2026-07-22,BKD,14.649999618530273,86,8,True,0.05422985273192871,0.15568630340463385,1.0928570883614674,-0.14277358175963117,False,False,False
2026-07-22,ROKU,143.0800018310547,86,8,True,0.0739427956512071,0.3051118740650638,0.8219789132197892,-0.03895756892487445,True,True,False
2026-07-22,WST,358.4100036621094,86,8,True,0.07388893777295147,0.26936197811566265,0.6978209062029035,-0.025159114148573636,False,True,False
2026-07-22,VLUE,195.49000549316406,86,8,True,0.00935680391585425,0.2576286159612502,0.7686601615142772,-0.05363799892626353,False,True,False
2026-07-22,DPST,143.75,86,8,True,0.13295492549027066,0.30449677404208697,0.9783924133623809,-0.09454519416848195,False,True,False
2026-07-22,TALO,15.270000457763672,86,8,True,0.048202227555327326,0.1887709366390875,0.9908735731254332,-0.10439876005553128,False,True,False
2026-07-22,GKOS,152.86000061035156,86,8,True,0.12710328342495747,0.3328549344789298,1.0893930147452955,-0.05367422914917108,False,True,False
2026-07-22,HELE,28.190000534057617,86,8,True,0.056580877489603054,0.3416079554519187,1.0353790438716337,-0.0811603567910687,False,False,False
2026-07-22,SM,33.189998626708984,86,8,True,0.09629850641155646,0.3437328007460567,0.9020055688019424,-0.07497219513175324,False,True,False
2026-07-22,TNA,69.69000244140625,86,8,True,0.01532386065071023,0.27110533278020443,1.223675880730703,-0.09305041953728777,False,True,False
2026-07-22,CMBT,15.34000015258789,86,8,True,0.006997792367973821,0.23191578615599462,0.9717223314786738,-0.13431147025908408,False,True,False
2026-07-22,UNF,290.5,86,8,True,0.08146221264278641,0.2935049531899887,0.9673573939815931,-0.017253064946587515,False,True,False
2026-07-22,R,276.3699951171875,86,8,True,0.06675012362414035,0.29672698130146635,0.7528381957679335,-0.02772209281552329,True,True,False
2026-07-22,KNX,76.04000091552734,86,8,True,0.01825740742479276,0.28326941931006355,0.9684182969979231,-0.08230750234839135,True,True,False
2026-07-22,MSM,127.27999877929688,86,8,True,0.09905481061243493,0.32180662963103845,0.6152283483503953,-0.0021168503802494465,False,True,False
2026-07-22,OVV,60.5099983215332,85,8,True,0.07166004471410714,0.2444010819894391,0.705948583001873,-0.04648598811059956,False,True,False
2026-07-22,BAP,393.6700134277344,85,8,True,0.08960825205921585,0.23158335259795826,0.737980764534669,-0.023877943607025,True,True,False
2026-07-22,LIVN,78.2699966430664,85,8,True,0.009001947277406774,0.1953135307334024,0.9083261686655191,-0.08209218102003046,False,True,False
2026-07-22,TEO,13.989999771118164,85,8,True,0.05632737960158751,0.1832968048566046,1.1757387472174918,-0.1438188714519405,True,True,False
2026-07-22,MUFG,22.40999984741211,85,8,True,0.10974654982678889,0.2675375137935889,0.6526548048621352,-0.018396849658235404,False,False,False
2026-07-22,ALGT,98.27999877929688,85,8,True,0.03002455306166607,0.15263228584149968,1.3092104231221557,-0.20504731082504535,False,True,False
2026-07-22,MUSA,617.8400268554688,85,8,True,0.09095754742937778,0.3360882881410774,0.789647502226962,-0.028629763834579713,False,True,False
2026-07-22,VCTR,96.01000213623047,85,8,True,0.0887018359714058,0.31560829641616306,0.6834999858194664,-0.05918668040082242,False,True,False
2026-07-22,LSTR,210.07000732421875,85,8,True,0.023301117982100994,0.2874425635229303,0.760559904974011,-0.0804954865149804,True,True,False
2026-07-22,PSMT,186.14999389648438,85,8,True,0.039520162299056416,0.25486496232973765,0.788012609789339,-0.06850481731524416,False,False,False
2026-07-22,TRST,55.939998626708984,85,8,True,0.05908856383033956,0.23646712994071506,0.7148988491238066,-0.012881587538789874,False,True,False
2026-07-22,APA,36.18000030517578,85,8,True,0.011665761040333456,0.17012589760906138,1.0257558269178357,-0.20762154125967724,False,True,False
2026-07-22,ALRS,32.15999984741211,85,8,True,0.08239823244699673,0.2844373708108332,0.58736423909641,-0.014705868603311245,False,True,False
2026-07-22,FA,19.959999084472656,85,8,True,0.14575016816455122,0.413237350880199,1.2630385232536514,-0.12379286730338168,False,False,False
2026-07-22,PUBM,12.649999618530273,85,8,True,0.07127126249363891,0.3642821863342707,1.0569104751817893,-0.09900287372502947,False,True,False
2026-07-22,IFS,59.880001068115234,85,8,True,0.11790669356309658,0.27276033844411796,0.6891396270635817,-0.024437927238473045,False,True,False
2026-07-22,M,24.329999923706055,85,8,True,0.07809425462501451,0.17045995546672588,1.0671197092144218,-0.06781610850168118,False,True,False
2026-07-22,NMM,73.66000366210938,85,8,True,0.01384091435560264,0.1853258975872869,0.8318827490486973,-0.0871235415366578,False,True,False
2026-07-22,COMP,11.260000228881836,85,8,True,0.14822975269624394,0.18182965436269738,0.7676609782063706,-0.19312072443985384,False,True,True
2026-07-22,AROC,38.36000061035156,85,8,True,0.032548442300629477,0.21052616973324412,0.8119981328345336,-0.0916409891980744,False,True,False
2026-07-22,NPO,334.489990234375,85,8,True,0.006010343306368737,0.25753907596008796,0.6747108465904554,-0.14325603521785613,False,True,False
2026-07-22,OPLN,39.650001525878906,85,8,True,0.03656340767149935,0.27813142903336874,0.6452282530404205,-0.07575757306300968,False,True,False
2026-07-22,HCSG,23.559999465942383,85,8,True,0.04602321960898603,0.17826508086150294,0.8595106017421454,-0.08504856442942199,False,False,False
2026-07-22,PLGO,25.170000076293945,84,8,True,0.0726705585440055,0.24299979602633215,0.7006756589132301,-0.03839538452951119,False,True,False
2026-07-22,VVX,81.0,84,8,True,0.038110178174773024,0.21277001822684705,0.7505943202645671,-0.11764708815607183,False,True,False
2026-07-22,SCCO,195.47999572753906,84,8,True,0.07863678756853165,0.17334024749578814,1.2834718566623766,-0.11816160146160626,False,True,False
2026-07-22,SCSC,54.81999969482422,84,8,True,0.12195361392687132,0.3046758349804475,0.6238152375694366,-0.018266483792557797,False,True,False
2026-07-22,SOBO,38.470001220703125,84,8,True,0.04733283748797601,0.22790642359323554,0.5378773599579842,-0.0031095861987634477,False,True,False
2026-07-22,SPB,89.0,84,8,True,0.08009708137828642,0.25856691281118693,0.7803560114369184,-0.017660027605608808,False,True,False
2026-07-22,SENEA,165.0,84,8,True,0.04856042284055473,0.23205539346315773,0.6569591982930016,-0.12051596682903076,False,True,False
2026-07-22,RHP,130.7899932861328,84,8,True,0.08563378713927272,0.28467178267246784,0.5603673796506699,-0.012234803498008984,False,True,False
2026-07-22,VAC,97.0,84,8,True,0.07403773468474206,0.39860442105211136,1.1758635266010518,-0.08464660863805551,True,True,False
2026-07-22,PSTL,24.0,84,8,True,0.015984827238004318,0.25321463055240234,0.766004395182422,-0.048374280197084674,False,True,False
2026-07-22,APLE,16.950000762939453,84,8,True,0.07513927671332521,0.30370079881513634,0.5622119969587898,-0.010507787895250198,False,True,False
2026-07-22,BMA,97.62999725341797,84,8,True,0.11044633219788014,0.18981385201947631,1.549086140945597,-0.08026381676861116,True,True,False
2026-07-22,SXI,309.79998779296875,84,8,True,0.04455575718213378,0.19734183680815653,1.0006456285566476,-0.1486438887522824,False,True,False
2026-07-22,AMAL,46.959999084472656,84,8,True,0.06919239317837111,0.26302254236471145,0.8686828751585252,-0.0335460189956065,False,False,False
2026-07-22,ADM,87.31999969482422,84,8,True,0.0925925825159537,0.2683527588028132,0.6487915635260193,-0.003992226319505909,False,True,False
2026-07-22,DXPE,172.57000732421875,84,8,True,0.08578573971745929,0.2712976256752173,1.0534270043342477,-0.06166057371585487,False,True,False
2026-07-22,FDX,321.0199890136719,84,8,True,0.005722787217704806,0.18006891324384178,0.8435252974273639,-0.07050411572450999,False,True,True
2026-07-22,DNLI,23.639999389648438,84,8,True,0.06201367144554637,0.20924888094601823,0.8791732538170094,-0.13406593222330765,False,False,False
2026-07-22,PK,15.0600004196167,84,8,True,0.11586967944198356,0.3028132829277841,0.5304878237889015,-0.006923807616251221,True,True,False
2026-07-22,TD,121.30000305175781,84,8,True,0.043582724111030924,0.23453275244339356,0.679822802792986,-0.028589730249861334,False,False,False
2026-07-22,GNK,25.43000030517578,84,8,True,0.0405925294100975,0.19192138526726366,0.6599217240041573,-0.06678897962657682,False,True,False
2026-07-22,BNY,160.38999938964844,84,8,True,0.10673632509832509,0.28767579112305897,0.6361318105363629,-0.02063872989335247,False,False,False
2026-07-22,LILAK,7.300000190734863,84,8,True,0.18916341777472967,0.2885583676568546,0.6518984432508537,-0.0931676996558598,False,True,False
2026-07-22,BPOP,173.88999938964844,83,8,True,0.0936615545913222,0.2694535419118873,0.5991355784970627,-0.004693533814360884,False,False,False
2026-07-22,UNFI,50.11000061035156,83,8,True,0.002982338737332224,0.1887027142936546,1.014067616584581,-0.12118554528126568,False,True,True
2026-07-22,SNDA,40.0,83,8,True,0.06193751229102307,0.19139988488031134,0.6820857378050205,-0.06520217003582551,False,True,False
2026-07-22,RELY,23.110000610351562,83,8,True,0.061416099966428606,0.3480780282802842,0.9130795328069494,-0.10252424814168692,False,True,False
2026-07-22,FFIV,400.6099853515625,83,8,True,0.009504081420303567,0.29713087346778244,0.7903557167781561,-0.07905750493893682,False,True,False
2026-07-22,LLY,1163.010009765625,83,8,True,0.037550258314825724,0.14849634218156793,0.8644553450622172,-0.06918239608171328,False,True,False
2026-07-22,HSBC,103.11000061035156,83,8,True,0.09169104988373689,0.23169510558917783,0.7012044146513576,-0.003763263232493652,False,True,False
2026-07-22,ZD,52.220001220703125,83,8,True,0.10022546908009478,0.3066727693779405,1.32605788178449,-0.050027286500482715,False,True,False
2026-07-22,LQDT,38.349998474121094,83,8,True,0.03236812649476728,0.20975623501309615,0.769727657549681,-0.07097869166229875,False,False,False
2026-07-22,HST,24.5,83,8,True,0.038787035736173925,0.23371931315173744,0.6203703826347007,-0.03581266638633174,False,True,False
2026-07-22,TRV,372.0799865722656,83,8,True,0.17225548397855328,0.2546181974775261,0.47498610431541377,-0.0051337257426052885,False,False,False
2026-07-22,MNST,95.66999816894531,83,8,True,0.03798455264024625,0.20157343606129907,0.6469271461119672,-0.04654174147285495,False,True,False
2026-07-22,ROST,238.2100067138672,83,8,True,0.059716222742188574,0.19621168718205384,0.7891693541076272,-0.018944816486053062,False,True,False
2026-07-22,CIB,84.66000366210938,83,8,True,0.12350310836755019,0.2171934516463565,0.9597222723833319,-0.034443392250856686,False,True,False
2026-07-22,WT,19.93000030517578,83,8,True,0.06572982579975473,0.29555236874660995,0.864359315948745,-0.06123406806835985,False,True,False
2026-07-22,ESE,325.9599914550781,83,8,True,0.027769555900421627,0.2352003776582161,0.8634804188612661,-0.0999309762566244,False,True,False
2026-07-22,SU,64.72000122070312,83,8,True,0.05454226929207673,0.19691932008274038,0.7135292675751039,-0.07924313020735474,False,True,False
2026-07-22,BMO,179.05999755859375,83,8,True,0.0626050249247303,0.24589434623349038,0.6331630659923146,-0.02795727141616655,False,True,False
2026-07-22,CASY,856.739990234375,83,8,True,0.0386076726550737,0.2576100484834998,0.7484489596619899,-0.0766395292586568,False,True,False
2026-07-22,ARMK,56.630001068115234,83,8,True,0.04414813986792043,0.3025233011342612,0.6147705035900795,-0.034935228807075,False,True,False
2026-07-22,VOYA,98.5199966430664,83,8,True,0.10313873236317805,0.27577245136136397,0.5274418084196342,-0.05132404342194474,False,True,False
2026-07-22,MAC,25.360000610351562,83,8,True,0.058218746461297544,0.2615660450114552,0.5909662031334724,-0.03316808795531501,True,True,False
2026-07-22,RY,211.4499969482422,83,8,True,0.06334187123010548,0.22917321265296753,0.6599937314142812,-0.03257542269015434,False,True,False
2026-07-22,MRTN,17.31999969482422,83,8,True,0.012581247297419607,0.288810319143346,0.8524063088970364,-0.06277055606851678,False,True,False
2026-07-22,GL,184.0,83,8,True,0.09936332580074136,0.2510190043358067,0.5326946715750693,-0.03941531157124423,True,True,False
2026-07-22,PHVS,34.36000061035156,83,8,True,0.06438674522310639,0.24556952593233206,0.7970710827504963,-0.06120212997695551,False,False,False
2026-07-22,RAMP,37.65999984741211,82,8,True,0.023441867936125016,0.2573639715727831,0.7346845433239633,-0.014909748931450695,False,True,False
2026-07-22,INCY,115.79000091552734,82,8,True,0.0952723366134649,0.1579735393971995,0.7230655680640796,-0.031856167284301073,False,True,False
2026-07-22,AAPL,325.8900146484375,82,8,True,0.06888646350364414,0.1838466470560669,0.6173201719525434,-0.027164917911638886,False,True,False
2026-07-22,XPO,213.64999389648438,82,8,True,0.018584790926194472,0.1982757727574056,0.8310763913068582,-0.07929329417491704,False,True,False
2026-07-22,REX,46.779998779296875,82,8,True,0.008715727551560137,0.19976247696791494,0.8806029660018844,-0.12331337623294936,False,True,False
2026-07-22,WASH,38.40999984741211,82,8,True,0.11503335269909876,0.20153844040860536,0.5223939969999514,-0.03613547507772508,False,False,False
2026-07-22,EIX,80.37999725341797,82,8,True,0.10034521157112675,0.21407556447739684,0.5757694549753907,-0.00642774119472167,False,True,False
2026-07-22,UVSP,43.790000915527344,82,8,True,0.051607806990218386,0.2340373594411278,0.5689717361137023,-0.036735552190446885,False,True,False
2026-07-22,WELL,245.0399932861328,82,8,True,0.11268423041146991,0.21547736510154203,0.5485337764141982,-0.00973935620057198,False,True,False
2026-07-22,ZGN,13.880000114440918,82,8,True,0.012902108667375067,0.2244447962649616,0.8251150663549784,-0.10103623758671476,False,True,False
2026-07-22,MGA,67.58000183105469,82,8,True,0.04247655393514704,0.18902573777300224,0.6682301809707147,-0.033743216013306654,False,True,False
2026-07-22,TFSL,18.270000457763672,82,8,True,0.09198496151540247,0.23936671155311728,0.4569378399793811,-0.014031312425650255,False,True,False
2026-07-22,STNG,78.45999908447266,82,8,True,0.010262272890412483,0.15185434930481523,0.8443816971295435,-0.10218560896607076,False,True,False
2026-07-22,IBKR,93.5,82,8,True,0.0429610741581854,0.24122266587234797,0.5860898861731882,-0.044358099962539255,False,True,False
2026-07-22,WSFS,78.86000061035156,82,8,True,0.05907507080283714,0.22695664610811117,0.5797276342732223,-0.02316366491791333,False,True,False
2026-07-22,VIR,9.350000381469727,82,8,True,0.0018430066869421502,0.17471908702813854,1.2503008205385862,-0.1981131643372258,False,True,False
2026-07-22,WWD,404.5899963378906,82,8,True,0.042856635718356406,0.17880057619209122,0.7341305583627269,-0.1027455329331235,True,True,False
2026-07-22,XBI,152.11000061035156,82,8,True,0.06409323733647754,0.19351480149055345,0.8024647672767953,-0.08207112155271867,False,True,False
2026-07-22,PENN,20.93000030517578,82,8,True,0.06035890583444958,0.2946084950021459,0.7965666086276013,-0.06395350027467184,True,True,False
2026-07-22,XIFR,12.880000114440918,82,8,True,0.07979411469685838,0.22420078822945544,0.48472620533162747,-0.027924519664836334,False,True,False
2026-07-22,DAC,132.19000244140625,82,8,True,0.028892124799630547,0.20795209056630282,0.5819770979374703,-0.022335656552786798,False,False,False
2026-07-22,AMG,346.70001220703125,81,8,True,0.03485127587650805,0.17381208161141104,0.7335000610351563,-0.09418677411618226,False,True,False
2026-07-22,AIR,127.5999984741211,81,8,True,0.02213448717833577,0.21219777554512054,0.7863642437206495,-0.1304940478765172,False,False,False
2026-07-22,DHT,18.1299991607666,81,8,True,0.0310274636750707,0.16030138316659204,0.7087652919344587,-0.11776156526223303,False,True,False
2026-07-22,UNH,431.30999755859375,81,8,True,0.06148652585424541,0.2588482854908183,0.8384909903552227,-0.06566006212728981,False,True,False
2026-07-22,MEOH,56.45000076293945,81,8,True,0.015364480579742601,0.15388351295148484,0.7640625238418579,-0.15430710467506437,False,False,True
2026-07-22,BBVA,26.229999542236328,81,8,True,0.09790295755677869,0.16362376156468472,0.7928912738931104,-0.006439396922362839,False,True,False
2026-07-22,PAG,214.57000732421875,81,8,True,0.20225741564761734,0.296896728527402,0.531330393958164,-0.02063074119870334,False,False,False
2026-07-22,YETI,51.7599983215332,81,8,True,0.09017073623334282,0.21689162185832034,0.6964928853896033,-0.027250531627289187,False,True,False
2026-07-22,CSX,49.93000030517578,81,8,True,0.055955274807946154,0.22492589073658453,0.5701258334304002,-0.02651590146374594,False,True,False
2026-07-22,DAL,83.5199966430664,81,8,True,0.012557516004360725,0.1944814834848787,0.6555004039647143,-0.1270903388725385,False,True,False
2026-07-22,OBK,51.630001068115234,81,8,True,0.04738065181477036,0.22131231390763362,0.6071595663226532,-0.029511272035881664,False,True,False
2026-07-22,GS,1098.199951171875,81,8,True,0.058680059101632986,0.20987824435653235,0.5872693869190266,-0.04834534054421824,False,True,False
2026-07-22,HWM,280.70001220703125,81,8,True,0.05184352199496045,0.20467894321246272,0.6565359531565522,-0.03416712833826363,True,True,False
2026-07-22,WLY,49.470001220703125,81,8,True,0.08495886766895078,0.31593126646127456,0.7431290586185781,-0.07081142635065818,False,True,False
2026-07-22,ODFL,232.8000030517578,81,8,True,0.044966807557318855,0.25651468038975445,0.8474724157220137,-0.07630042384112701,False,True,False
2026-07-22,EXPD,177.4499969482422,81,8,True,0.08059554211394926,0.18591931976461362,0.6061729865715617,-0.03307545326343264,False,False,False
2026-07-22,LB,77.79000091552734,81,8,True,0.08399688000500216,0.20644680239812963,0.7780571637834821,-0.09123829086229363,False,True,False
2026-07-22,CNO,53.08000183105469,81,8,True,0.06463210678184872,0.21326411278134993,0.5062428860066974,-0.018672551648807545,True,True,False
2026-07-22,SUN,75.94999694824219,81,8,True,0.11578281061055984,0.24839220408462248,0.5829511811767347,-0.005108716378793732,False,False,False
2026-07-22,SVIX,24.229999542236328,81,8,True,0.08294856564409603,0.16520913192339393,0.7147911780604423,-0.037346067986028575,False,True,False
2026-07-22,ARKG,38.849998474121094,81,8,True,0.07858538472722132,0.24509947337816596,0.7091948639035817,-0.1262791332328378,False,True,False
2026-07-22,EE,39.54999923706055,81,8,True,0.09732477176167165,0.2008774774887283,0.8581160216390205,-0.08396062684555583,False,True,False
2026-07-22,MOH,221.74000549316406,81,8,True,0.08215477061244947,0.28380417503978195,0.8316538077397582,-0.09453221427654157,False,False,False
2026-07-22,CM,117.73999786376953,81,8,True,0.03615723782232405,0.1939880537945602,0.6583098290671765,-0.03885716029575892,False,True,False
2026-07-22,CNXN,80.81999969482422,81,8,True,0.1310076862895604,0.280112008107406,0.4702564653461443,-0.0189366061010523,False,True,False
2026-07-22,MRK,127.47000122070312,81,8,True,0.0592417634028346,0.15806387092017649,0.6627967014265554,-0.03241235839088008,False,True,False
2026-07-22,PHIN,79.73999786376953,81,8,True,0.006950377859160639,0.17193524824696382,0.7045746033464959,-0.08276298265235271,False,True,True
2026-07-22,OPY,110.54000091552734,81,8,True,0.0678563118591411,0.26842131887606846,0.7323303328088648,-0.10305093450489078,False,True,False
2026-07-22,SN,147.11000061035156,81,8,True,0.11434813484824202,0.28333802711405975,0.7698507669551402,-0.0621872600083363,False,True,False
2026-07-22,PAA,24.450000762939453,80,8,True,0.07495211112756595,0.21588562318616367,0.558317489919407,-0.006904958184365317,False,True,False
2026-07-22,PLOW,46.540000915527344,80,8,True,0.0045847576266278,0.16837653435932576,0.685010843642649,-0.15381816517223013,False,False,True
2026-07-22,HG,34.45000076293945,80,8,True,0.0673168921289824,0.181656060574378,0.6404762268066406,-0.032846664908179,False,True,False
2026-07-22,HLX,9.649999618530273,80,8,True,0.023655416433690624,0.15874154456871836,0.7481883427308551,-0.1023256168809048,False,True,False
2026-07-22,PAGP,26.209999084472656,80,8,True,0.06656570970024678,0.21522058461165483,0.5713428420225946,-0.0034220591330309524,False,True,False
2026-07-22,TRP,69.8499984741211,80,8,True,0.02097491237169491,0.15361681675169803,0.4986053971131721,-0.022666891267839495,False,False,False
2026-07-22,INVX,27.190000534057617,80,8,True,0.009317371567848287,0.11121330320767941,0.7829508546923027,-0.15689920824627546,False,True,True
2026-07-22,UWM,64.1050033569336,80,8,True,0.014279546654009545,0.19667483187423596,0.7718353459428513,-0.061694911544473374,False,True,False
2026-07-22,CF,127.3499984741211,80,8,True,0.10698892684322137,0.24988711754540427,0.6885441735075288,-0.10291636763017242,False,True,False
2026-07-22,PBA,50.84000015258789,80,8,True,0.05513955060698339,0.18595792481278717,0.4341325545396779,-0.013964336724709647,False,True,False
2026-07-22,NATL,47.810001373291016,80,8,True,0.06924008756539712,0.15471101667562914,1.0292870312838374,-0.014226775808432679,False,True,False
2026-07-22,TFIN,81.08000183105469,80,8,True,0.11279469631467642,0.27728791825463706,0.7462847576595062,-0.029214498444478543,False,False,False
2026-07-22,GSL,42.060001373291016,80,8,True,0.07119938838776751,0.14640049751023998,0.5417888678382923,-0.014988275836376852,False,True,False
2026-07-22,PBR,18.889999389648438,80,8,True,0.04450043710758145,0.17893024772464083,0.6526683189233677,-0.1506295151054895,False,True,False
2026-07-22,KB,118.94000244140625,80,8,True,0.09945370599015524,0.2100488992955123,0.5586424616260739,-0.053176247087429185,False,False,False
2026-07-22,SIRI,29.829999923706055,80,8,True,0.04069271822996212,0.25201989184941387,0.5088517568542505,-0.050604715109072496,False,True,False
2026-07-22,FBP,28.860000610351562,80,8,True,0.13933347787676564,0.286924987593012,0.5062630918679056,-0.0013840487441758587,False,True,False
2026-07-22,NOV,20.329999923706055,80,8,True,0.02639443794058871,0.13289347265733253,0.725806484256885,-0.05661249914368449,False,True,False
2026-07-22,BNS,87.56999969482422,80,8,True,0.04942118005538432,0.17629438271950715,0.5861257226402046,-0.03205484123742086,False,True,False
2026-07-22,VTR,97.18000030517578,80,8,True,0.10641282447074385,0.18746719874757467,0.49163465892742786,-0.007810499688927552,False,True,False
2026-07-22,TCBK,59.4900016784668,80,8,True,0.12417943326870762,0.21083465049414674,0.4932229279773861,-0.03597467896518658,False,False,False
2026-07-22,MS,218.5,80,8,True,0.0320283049366854,0.19755556665294116,0.6046119037830076,-0.05920344456404736,False,False,False
2026-07-22,SBLK,26.770000457763672,80,8,True,0.011776999818904788,0.17916011872171134,0.6010766481540526,-0.060701738324081655,False,True,False
2026-07-22,WAB,290.0,79,8,True,0.09647713508443534,0.21238294654243894,0.5738630665662001,-0.018313542517325643,False,False,True
2026-07-22,AMLX,17.700000762939453,79,8,True,0.13212620018270793,0.2094005766984477,1.3663102563911318,-0.07571795741383436,False,True,False
2026-07-22,FFBC,33.959999084472656,79,8,True,0.05235755103693451,0.19983038047801172,0.4726799597124287,-0.06317243904903014,False,False,False
2026-07-22,TDW,77.04000091552734,79,8,True,0.039805226224438384,0.1387429154671338,0.6514469109457521,-0.17276921306147797,False,True,False
2026-07-22,TRMD,29.479999542236328,79,8,True,0.0008997069729421714,0.1403670626782898,0.6678925496315338,-0.16558171484939666,False,True,False
2026-07-22,CNQ,45.810001373291016,79,8,True,0.036401926364734605,0.1490087305226806,0.5634813162502592,-0.10771325989211411,False,True,False
2026-07-22,CHRD,137.39999389648438,79,8,True,0.05264927401928232,0.21465859435104262,0.6308604616793398,-0.09575520463296816,False,True,False
2026-07-22,BCS,28.1299991607666,79,8,True,0.0958658274205888,0.17845925472600754,0.505888581435004,-0.010552273696408099,True,False,False
2026-07-22,FLYW,16.540000915527344,79,8,True,0.005776882869726885,0.18022733183277206,0.6368136234340582,-0.12855630587762856,False,True,False
2026-07-22,IVZ,30.5,79,8,True,0.09176558504169163,0.17597162444435233,0.5249999999999999,-0.01676339297517726,False,True,False
2026-07-22,CFG,72.44000244140625,79,8,True,0.08561104282418186,0.19246139190862688,0.5780417028150897,-0.030254278435939308,False,False,False
2026-07-22,RRBI,96.6500015258789,79,8,True,0.04666741154462439,0.16892122634393214,0.6630531978808201,-0.04117064881186561,False,False,False
2026-07-22,ESLT,792.6900024414062,79,8,True,0.0013875883997911398,0.12378865033741793,0.831327229441774,-0.21983937528679875,False,True,True
2026-07-22,RRX,214.7899932861328,79,8,True,0.015730335787915495,0.1831952712938909,0.678571388112776,-0.1332123057267688,False,True,False
2026-07-22,LXP,61.150001525878906,79,8,True,0.13643124142679786,0.2231309059537756,0.6007853482873458,-0.007466305468521117,False,False,False
2026-07-22,FANG,203.02000427246094,79,8,True,0.05698517327527686,0.18188978542389922,0.5116902431805541,-0.05356389225961611,False,True,False
2026-07-22,IEO,125.51000213623047,79,8,True,0.08611375406457644,0.1924147769043396,0.4606074908703415,-0.038237531523138135,False,True,False
2026-07-22,UHAL,71.33000183105469,79,8,True,0.17198029343081633,0.3151442009555889,0.700357581258279,-0.022206925085094698,False,True,False
2026-07-22,VLY,14.520000457763672,79,8,True,0.02945141499355719,0.15632718395648615,0.6223464544359443,-0.04473680000225866,False,False,False
2026-07-22,NMR,9.819999694824219,79,8,True,0.12100453381343423,0.19189941688382306,0.5295949498637671,-0.023856929898778745,False,True,False
2026-07-22,GGB,4.769999980926514,79,8,True,0.05442327243276668,0.192604348012561,0.6736842598391168,-0.04216868219732306,False,True,False
2026-07-22,SAN,13.739999771118164,79,8,True,0.05997252164896105,0.16389385931536893,0.657418556615641,-0.04517029580935372,False,False,False
2026-07-22,TMP,93.08999633789062,79,8,True,0.04018141737437042,0.1828664936776967,0.5208298926687138,-0.041495122474481505,False,False,False
2026-07-22,SMBC,75.41000366210938,79,8,True,0.04537205391855381,0.18952698400763612,0.5842438251990254,-0.039118241125215114,False,True,False
2026-07-22,ING,33.33000183105469,78,8,True,0.07219378776864183,0.182804156387798,0.4787045464623001,-0.003736362073188393,False,True,False
2026-07-22,XOP,176.58999633789062,78,8,True,0.07493170492765877,0.17574365928528524,0.4538942669930066,-0.072336647553636,False,True,False
2026-07-22,DOC,22.190000534057617,78,8,True,0.07784375671929644,0.2254590905131364,0.4133758473654565,-0.02547210856591342,False,True,False
2026-07-22,TRN,36.060001373291016,78,8,True,0.043469240125768804,0.16598283342754616,0.6112601754027869,-0.04804645310203459,False,True,False
2026-07-22,WDS,22.43000030517578,78,8,True,0.056583521140374904,0.16067572322687163,0.5718289828766345,-0.10956729536985266,False,True,False
2026-07-22,AIZ,273.1499938964844,78,8,True,0.041854174949283784,0.16173901532142754,0.4894486875269737,-0.03861045125028406,False,True,False
2026-07-22,CFFN,8.59000015258789,78,8,True,0.05743902568234227,0.18422324756794128,0.5043783003853612,-0.02828054249827283,False,True,False
2026-07-22,SHO,11.75,78,8,True,0.04557832072550272,0.2048378081581741,0.38561328234474335,-0.026511988642505036,False,True,False
2026-07-22,MGM,45.4900016784668,78,8,True,0.014238167861815754,0.2048767634319344,0.5584104435144168,-0.11823993905949037,True,True,False
2026-07-22,BY,37.75,78,8,True,0.07238834019857587,0.19734079054002884,0.48739169614928235,-0.02906381268188618,False,True,False
2026-07-22,GWW,1354.010009765625,78,8,True,0.029961470106221855,0.2103614122421622,0.4936349783712073,-0.04641140834822988,True,True,False
2026-07-22,FBT,245.17999267578125,78,8,True,0.06153230373608798,0.16361734667373384,0.5427887962541651,-0.050426099596038054,False,True,False
2026-07-22,IHE,100.63999938964844,78,8,True,0.06248428967618014,0.1572611349029447,0.5497381522344937,-0.029508174046726676,False,False,False
2026-07-22,AZZ,150.7899932861328,78,8,True,0.03188654457159967,0.199036994923248,0.6217464814157623,-0.0703452766756234,False,False,False
2026-07-22,DBD,87.11000061035156,78,8,True,0.07532590694475072,0.19059091152329044,0.6152419825221367,-0.021785540425851235,False,True,False
2026-07-22,GIII,35.75,78,8,True,0.0793039358156915,0.18488910331596253,0.5536723009297102,-0.021352280464321693,False,True,False
2026-07-22,MANU,22.299999237060547,78,8,True,0.03143323661566777,0.23738336500890744,0.5284440715447902,-0.07927333322570695,False,True,False
2026-07-22,TBBB,40.43000030517578,78,8,True,0.019497290414294044,0.15829673916747633,0.6980260903830133,-0.07715135727377243,True,True,False
2026-07-22,AHR,57.08000183105469,78,8,True,0.12383446293999345,0.1669496850205321,0.5540430858273662,-0.015777172474901513,False,True,False
2026-07-22,AIN,74.30999755859375,78,8,True,0.07588061145511005,0.2791315758834898,0.8058321944863305,-0.03480972047717068,False,True,False
2026-07-22,IMO,125.68000030517578,78,8,True,0.02783698437663329,0.1395949440383517,0.5381226497781071,-0.0986804496221414,False,True,False
2026-07-22,TNK,74.77999877929688,78,8,True,0.0228226959646618,0.12400926301665138,0.7902800564944148,-0.10965590330661912,False,True,False
2026-07-22,EAT,187.22999572753906,77,8,True,0.1819866460637869,0.276404245865562,0.8666998009055171,-0.046641904835161285,False,True,False
2026-07-22,USB,64.47000122070312,77,8,True,0.10722212626829042,0.1918098662196277,0.4834331012155244,-0.005706279119132018,False,True,False
2026-07-22,SRCE,82.83999633789062,77,8,True,0.06596524490811473,0.19936117527366415,0.45614338594920056,-0.04385968465521284,False,True,False
2026-07-22,SDRL,44.81999969482422,77,8,True,0.009336693478207314,0.13033247307025375,0.6357664349934158,-0.19199569661995963,False,True,True
2026-07-22,MUR,38.7599983215332,77,8,True,0.06090626595599047,0.13586073685824318,0.7731014290630365,-0.10567609171503911,False,True,False
2026-07-22,CLDX,34.77000045776367,77,8,True,0.040675249215329945,0.18635539460624106,0.7631846687853197,-0.13722081597985236,False,True,False
2026-07-22,GSG,32.45000076293945,77,8,True,0.0394444618128349,0.18080727222009974,0.4797081765329847,-0.07126496741949262,False,True,False
2026-07-22,HUBG,50.83000183105469,77,8,True,0.15211660223301715,0.23041101951587373,0.5659273957086888,-0.04562517024143542,False,True,False
2026-07-22,EPC,27.649999618530273,77,8,True,0.22072897641340394,0.3471966929746819,0.7577876937814128,-0.07370186716329719,True,True,False
2026-07-22,EXEL,54.97999954223633,77,8,True,0.04096848452718027,0.21585520385303347,0.6285545697781725,-0.04498871228621426,False,True,False
2026-07-22,PEBO,40.06999969482422,77,8,True,0.09999614900659037,0.2231752985796085,0.4576209541086642,-0.0106172914858218,False,False,False
2026-07-22,HAE,78.02999877929688,77,8,True,0.10132219357076222,0.1732687609618233,0.6489856145927166,-0.10639029945024148,True,True,False
2026-07-22,DCOM,39.459999084472656,77,8,True,0.0203395368390904,0.17804756370560337,0.539602043564499,-0.05189812356668155,False,True,False
2026-07-22,JNJ,255.6300048828125,77,8,True,0.06339169210327134,0.14166918119051553,0.5565366347990894,-0.0512191967045591,False,True,False
2026-07-22,CNOB,33.0,77,8,True,0.04507767784568051,0.18607334003949227,0.49524243118766553,-0.033391898360551675,False,True,False
2026-07-22,KEX,149.2100067138672,77,8,True,0.051395166761827316,0.19126559668682352,0.8763834634401644,-0.05377636880112313,False,True,False
2026-07-22,UDOW,69.38999938964844,77,8,True,0.03820672019456173,0.16192813273403694,0.5638945472181209,-0.06495081194297891,False,True,False
2026-07-22,RUSHA,76.3499984741211,77,8,True,0.0705842178870908,0.1989974344758807,0.6717758164053873,-0.04764874369554295,False,True,False
2026-07-22,THFF,75.37000274658203,77,8,True,0.03772548907543727,0.17091256857798265,0.47178293485724576,-0.04279902474747377,True,True,False
2026-07-22,FXN,22.06999969482422,77,8,True,0.036987600667335085,0.14988640238904383,0.4615893468392138,-0.05804526643779573,False,True,False
2026-07-22,SLF,81.3499984741211,77,8,True,0.06925230792213632,0.2223790550755873,0.44699389377038634,-0.01094226779184082,False,True,False
2026-07-22,MBIN,48.130001068115234,77,8,True,0.003795805189631185,0.17433425064762265,0.6740869936735734,-0.06480130330486278,False,True,False
2026-07-22,AIT,341.44000244140625,76,8,True,0.062015832791566305,0.2101328117101242,0.4325753448336571,-0.011693899549753528,False,False,False
2026-07-22,CDP,37.34000015258789,76,8,True,0.0888837112841363,0.193699674950224,0.3875882706918268,-0.018917530076822175,False,True,False
2026-07-22,RBCAA,90.61000061035156,76,8,True,0.06600752780615271,0.21966979249939245,0.4164451912035718,-0.03452315307882459,False,True,False
2026-07-22,UNP,292.55999755859375,76,8,True,0.07020414929005647,0.1777059353159891,0.3875924997159421,-0.03493319000859607,False,True,False
2026-07-22,CNI,127.91000366210938,76,8,True,0.07381640781392318,0.20754057910934187,0.4096319889068567,-0.012506717613328888,False,True,False
2026-07-22,CTBI,74.19000244140625,76,8,True,0.06638344385286699,0.1999427838136436,0.47641795903296025,-0.0492117954371859,False,False,False
2026-07-22,INGM,29.899999618530273,76,8,True,0.06612848061032195,0.23681999235390272,0.6528468416984998,-0.056484723425725636,False,True,False
2026-07-22,CLSE,34.18000030517578,76,8,True,0.012971851847792149,0.16124151777211249,0.47391114782329913,-0.016685789538664175,False,False,False
2026-07-22,MFC,43.040000915527344,76,8,True,0.07379337512650452,0.17374991065675238,0.4491582427578231,-0.011937567524561876,False,True,False
2026-07-22,SFST,60.34000015258789,76,8,True,0.019380738282890997,0.11251851149999426,0.5754569544273149,-0.0580705205710208,False,True,False
2026-07-22,STBA,49.599998474121094,76,8,True,0.05522931109112372,0.170251508906903,0.4583946169358435,-0.027641636812540282,False,True,False
2026-07-22,GSBC,77.79000091552734,76,8,True,0.04554485000058972,0.1892195280883413,0.4469866693498219,-0.05594660831291032,False,False,False
2026-07-22,LAMR,158.91000366210938,76,8,True,0.03330292596808371,0.1722061087400275,0.39811717879686204,-0.033276560762987684,False,True,False
2026-07-22,DXJ,176.4499969482422,76,8,True,0.021010400403800755,0.1310538346198431,0.5407789217650603,-0.022329337736580745,False,False,False
2026-07-22,FMX,130.9199981689453,76,8,True,0.04352814922331172,0.1899540855811388,0.5758304680249584,-0.026761864326320328,False,True,False
2026-07-22,TGT,137.9199981689453,76,8,True,0.06148319816037229,0.22644011853245627,0.6529241866429276,-0.04487531856950322,False,True,False
2026-07-22,ALL,251.8300018310547,76,8,True,0.10123028007536528,0.18783282136203994,0.3389515066958808,-0.02266469240635005,False,True,False
2026-07-22,RSPG,107.06999969482422,76,8,True,0.04017502319360533,0.1450669427233584,0.46070934839144684,-0.0608718736195939,False,True,False
2026-07-22,COKE,184.36000061035156,76,8,True,0.026797212644241508,0.0809571632909678,0.66992751867975,-0.16066466772935184,False,True,False
2026-07-22,PFG,108.25,76,8,True,0.00818469058022786,0.15271719000409134,0.44333333333333336,-0.05787642678473881,False,False,False
2026-07-22,LEA,143.69000244140625,76,8,True,0.03472512805894623,0.16847739674471818,0.5674703317500835,-0.04416948918227692,False,True,False
2026-07-22,EGY,5.630000114440918,76,8,True,0.03181586960238603,0.15729323211638357,0.6731055270386153,-0.162202337765199,False,True,True
2026-07-22,TILE,32.72999954223633,76,8,True,0.03936436161725676,0.12369771619599224,0.6067745799596189,-0.10720131809965638,False,True,False
2026-07-22,ASH,68.41000366210938,76,8,True,0.09956704424084584,0.18962850698108258,0.47753790041860333,-0.017944299946684006,True,True,False
2026-07-22,KNTK,51.619998931884766,76,8,True,0.06856890499960722,0.21008526971991892,0.6476220573759448,-0.009022868483899882,False,True,False
2026-07-22,MTB,250.72999572753906,75,8,True,0.10269733154635774,0.18876087124767027,0.43471048070862395,-0.016745114793964455,False,False,False
2026-07-22,OXY,57.5,75,8,True,0.04553438736455573,0.1541236843114766,0.4819587920269286,-0.14751664045110824,False,True,False
2026-07-22,NTRS,178.66000366210938,75,8,True,0.029180683955829734,0.19622961366390435,0.5014707695570804,-0.0675365450375568,False,False,False
2026-07-22,FESM,47.099998474121094,75,8,True,0.02143935079731829,0.15557225764061333,0.4850548323648851,-0.031242950765932753,True,False,False
2026-07-22,AAT,24.270000457763672,75,8,True,0.018566719195146186,0.19104582861007247,0.36963890509142616,-0.0654601039868582,False,True,False
2026-07-22,HRI,151.0399932861328,75,8,True,0.06588828709132355,0.10244589254825143,0.707631413198534,-0.19808872635171315,False,True,True
2026-07-22,FITB,57.66999816894531,75,8,True,0.08293145271303648,0.1842824967454455,0.4399500441333337,-0.030756333295036797,False,True,False
2026-07-22,ANET,174.8699951171875,75,8,True,0.07659873942386186,0.20491346987204828,0.634497611067532,-0.07874429645316372,False,True,False
2026-07-22,CTO,22.170000076293945,75,8,True,0.05657967903195216,0.1722901726777506,0.4711347395652714,-0.021623997105813086,False,True,False
2026-07-22,BCRX,9.510000228881836,75,8,True,0.03214745680869591,0.16632023435514354,0.5850000381469727,-0.15240641688503287,False,True,False
2026-07-22,SHG,70.6500015258789,75,8,True,0.06225588291130624,0.1636017717582543,0.5272374424837061,-0.04268294574012055,False,True,False
2026-07-22,IYE,62.939998626708984,75,8,True,0.046766876571449956,0.13963000291578354,0.4055381943379601,-0.0615774725944116,False,True,False
2026-07-22,VDE,167.49000549316406,75,8,True,0.046090729175212175,0.1381710366708171,0.41736488185188003,-0.06607556087154287,False,True,False
2026-07-22,PBR.A,16.770000457763672,75,8,True,0.034074543365600896,0.13824562776230787,0.5585501952639258,-0.16359096778587923,False,True,False
2026-07-22,WRLD,186.69000244140625,75,8,True,0.03917228746656165,0.22804393584435112,0.6971818403764205,-0.18003334308230234,False,True,False
2026-07-22,VFLO,47.84000015258789,75,8,True,0.04432851320974507,0.16422396561997,0.40252123414121566,-0.011468133070070996,False,False,False
2026-07-22,LUV,47.65999984741211,75,8,True,0.0505062902691682,0.1535342992222093,0.6445824913817195,-0.13518418944709798,False,True,False
2026-07-22,CURB,30.809999465942383,75,8,True,0.03526136876330854,0.17622578898667451,0.42506930018393296,-0.03416928418879117,False,False,False
2026-07-22,BLX,59.36000061035156,75,8,True,0.029426057060536248,0.18082943506252547,0.545430899405509,-0.060759495351773385,False,True,False
2026-07-22,CX,12.720000267028809,75,8,True,0.006838924904985388,0.09208924745207736,0.651948127547131,-0.0694952307215122,False,False,False
2026-07-22,NGVT,74.69999694824219,75,8,True,0.05157055757439766,0.14044055896326224,0.8797180119073458,-0.05788881213628916,False,True,False
2026-07-22,LYG,6.130000114440918,75,8,True,0.09354932929233284,0.15476271324458413,0.5135802038884949,-0.03312303361085156,False,True,False
2026-07-22,FULT,24.440000534057617,75,8,True,0.06869563322469752,0.18573146319763967,0.47228915496529367,-0.031311891498698285,False,True,False
2026-07-22,CTVA,88.52999877929688,75,8,True,0.08994608092944256,0.19032971306423474,0.46245971755927173,-0.0004516305257442621,False,True,False
2026-07-22,CATY,61.36000061035156,75,8,True,0.02957857819968468,0.1677043092514674,0.4054054242968257,-0.039899847334513905,False,False,False
2026-07-22,COLO,45.220001220703125,75,8,True,0.09380293657132488,0.16247088555989686,0.6202078634155221,-0.04799997430098679,False,True,False
2026-07-22,AGM,207.97999572753906,75,8,True,0.10867910545304893,0.21222680942574912,0.522881925559191,-0.012628198204600372,False,True,False
2026-07-22,NTB,60.66999816894531,75,8,True,0.03964957378421419,0.16517903155807034,0.49470307811953007,-0.028658356416344066,False,True,False
2026-07-22,FENY,32.95000076293945,75,8,True,0.04647693066309766,0.13890691658172627,0.4184245119346821,-0.06551326343039099,False,True,False
2026-07-22,AMTB,25.450000762939453,74,8,True,0.06192108395747864,0.18576157856207387,0.6293214436235912,-0.04538631250555358,False,False,False
2026-07-22,REPX,36.16999816894531,74,8,True,0.03779319016902605,0.1699821525812728,0.5020763406787643,-0.12906334620514304,False,True,False
2026-07-22,SPG,226.22000122070312,74,8,True,0.055967887673021854,0.15990478736914593,0.4165310303294474,-0.02293438252749025,False,True,False
2026-07-22,IPAR,122.22000122070312,74,8,True,0.1874712261187721,0.29467254321051395,0.5829556102828943,-0.0877062020820838,False,True,False
2026-07-22,IVT,36.13999938964844,74,8,True,0.05573113550286268,0.17403223314229943,0.34800448002836615,-0.029016705954699185,False,True,False
2026-07-22,SHOO,43.5099983215332,74,8,True,0.028376639949089233,0.10175184816256366,0.9546270383717241,-0.07641694421942602,False,True,False
2026-07-22,KRG,29.3799991607666,74,8,True,0.04814021199769036,0.17268104804049655,0.4084371189417453,-0.018048158895400346,False,False,False
2026-07-22,ZION,70.06999969482422,74,8,True,0.06154120491523951,0.17417189793025067,0.5169950590625656,-0.04458681219454852,False,False,False
2026-07-22,DIN,34.81999969482422,74,8,True,0.06077683761840724,0.12870365310996768,0.7783452415986309,-0.12247985314953824,False,True,False
2026-07-22,CACC,606.219970703125,74,8,True,0.036298261413375776,0.21069206865111934,0.5083851204517968,-0.09365190924900824,False,True,False
2026-07-22,PTCT,78.4000015258789,74,8,True,0.020161218083520893,0.07726862503831056,0.8158657304290564,-0.1372290177593526,False,True,False
2026-07-22,WTS,341.5400085449219,74,8,True,0.029674080682765336,0.13239479653156172,0.385276837628848,-0.13433365147292908,False,True,False
2026-07-22,ICUI,157.44000244140625,74,8,True,0.11147666290341207,0.14393458395267267,0.47140189197575944,-0.033220776538813945,False,True,False
2026-07-22,JOYY,72.43000030517578,74,8,True,0.09953669668349607,0.15400732692353225,0.4924789228734694,-0.00726423774599072,False,True,False
2026-07-22,SKWD,57.93000030517578,74,8,True,0.11590117387100518,0.20982585263004472,0.42684735178256306,-0.08091382790564583,False,False,False
2026-07-22,UHAL.B,62.77000045776367,74,8,True,0.16010010449656553,0.2692911311199395,0.5843009124174561,-0.01875880475286107,False,True,False
2026-07-22,FYC,119.58000183105469,74,8,True,0.010415116257121326,0.15217354398078298,0.5507716364224977,-0.06263226372096398,False,False,False
2026-07-22,OILK,54.029998779296875,74,8,True,0.013234090679061561,0.1665611847351609,0.4954330800443405,-0.11902825426072994,False,True,False
2026-07-22,THG,212.8699951171875,74,8,True,0.05512502311164802,0.15965412251507383,0.3045103852905191,-0.05512893843079447,False,False,False
2026-07-22,XLE,59.20000076293945,74,8,True,0.04476612137254876,0.13649400027992575,0.4078478439249018,-0.06712887461379646,False,True,False
2026-07-22,BNL,22.690000534057617,74,8,True,0.08313763777121208,0.1806455595696499,0.4479898164380831,-0.017748910850278632,False,True,False
2026-07-22,CBT,89.58000183105469,74,8,True,0.03628264323908614,0.20042294787663417,0.5357448828908249,-0.0523642971772289,False,True,False
2026-07-22,BANC,21.329999923706055,74,8,True,0.07528508360416053,0.13124091570037377,0.5279369531103071,-0.027359798135895064,False,True,False
2026-07-22,EOG,144.0,74,8,True,0.055518829913182355,0.17301240883159608,0.4174623997529514,-0.051820605585157,False,True,False
2026-07-22,PNC,252.50999450683594,73,8,True,0.0782924394904434,0.1772370729544328,0.4275779485314364,-0.015517158092221206,False,False,False
2026-07-22,BUD,83.08000183105469,73,8,True,0.02355862600131209,0.1589714851610715,0.45831139285394795,-0.028985458138199416,False,True,True
2026-07-22,MET,93.2699966430664,73,8,True,0.08215662520289135,0.177159508223788,0.38526650982574884,-0.016761585041689786,False,True,False
2026-07-22,FMBH,48.5,73,8,True,0.054792673991896024,0.161462436740607,0.41978923350827424,-0.039794068270168736,False,True,False
2026-07-22,IXC,55.040000915527344,73,8,True,0.038584639980201674,0.12620034090236554,0.3951837731580887,-0.06995605556437212,False,True,False
2026-07-22,WSBC,40.90999984741211,73,8,True,0.11538251536262267,0.18370759639313072,0.40198764289100186,-0.008723058065385647,False,True,False
2026-07-22,FRT,125.05000305175781,73,8,True,0.03212848041103222,0.1614385981824631,0.38959891121526113,-0.014267677359967257,False,True,False
2026-07-22,RS,386.2099914550781,73,8,True,0.003932422043100292,0.18455787467544282,0.4836540858103049,-0.08008002332487141,False,True,True
2026-07-22,TX,46.25,73,8,True,0.007594543083579097,0.11986828010449702,0.5193823649330576,-0.10593465282678072,False,False,True
2026-07-22,OFG,52.119998931884766,73,8,True,0.09783169821827142,0.21670231762180414,0.45953515172582216,-0.019747964514202576,False,True,False
2026-07-22,AM,22.850000381469727,73,8,True,0.03933557374993346,0.12581820923973286,0.3625521620598,-0.041325728585599464,False,True,True
2026-07-22,SKT,41.41999816894531,73,8,True,0.0775065476410779,0.1723166324308698,0.4165526160454336,-0.014982189763275588,False,True,False
2026-07-22,SWK,89.25,73,8,True,0.06676706905132779,0.15522241317388774,0.4418416445868214,-0.062105962953662774,False,True,False
2026-07-22,COLB,32.630001068115234,73,8,True,0.05993870719967975,0.13075212654543567,0.4330259293863865,-0.03117574903641518,False,True,False
2026-07-22,GGAL,53.2400016784668,73,8,True,0.08100209682331339,0.11069622634778975,1.0563925428192045,-0.14843248098768203,True,True,True
2026-07-22,UMBF,140.77999877929688,73,8,True,0.03421929453621564,0.14966228865439613,0.3617721272926653,-0.05077202416055571,False,True,False
2026-07-22,AEG,9.15999984741211,73,8,True,0.06787286726383512,0.1653721421869967,0.35703701443142366,-0.008121257396139558,False,True,False
2026-07-22,HBNC,20.209999084472656,73,8,True,0.05341613328004957,0.15077349171834964,0.36185976257879693,-0.02178125683751253,False,True,False
2026-07-22,LGIH,57.810001373291016,73,8,True,0.08108211951868816,0.19012452701765925,0.7230999310853035,-0.16820141908933794,False,True,True
2026-07-22,CRL,218.6999969482422,73,8,True,0.1254828301186095,0.18135403280557028,0.5160127913208732,-0.0805516001553207,False,True,False
2026-07-22,XOM,154.4499969482422,73,8,True,0.05576949457028246,0.12197162756109559,0.4635648510832975,-0.12448277454791479,False,True,False
2026-07-22,GNW,10.0,72,8,True,0.08851830399643279,0.140621521678592,0.3661201865423398,-0.01960782480441492,False,True,False
2026-07-22,HFWA,30.18000030517578,72,8,True,0.06226462142465716,0.16102153952741594,0.4155722672220523,-0.03423999023437496,False,False,False
2026-07-22,PM,194.3000030517578,72,8,True,0.06287541252760431,0.15220868050580272,0.3672507368746336,-0.027430151972285155,False,False,True
2026-07-22,EBC,22.575000762939453,72,8,True,0.07719032747794508,0.14329851546338124,0.5171371363788231,-0.04079027366461685,False,True,False
2026-07-22,HR,21.280000686645508,72,8,True,0.04386389876932917,0.15359703361262045,0.39175936819731283,-0.012070576500969987,False,True,False
2026-07-22,WBS,76.62999725341797,72,8,True,0.03186205396214681,0.13421154594527285,0.45435565099015984,-0.013644035972166901,False,False,False
2026-07-22,BUSE,29.600000381469727,72,8,True,0.048678536011740325,0.1560287408637573,0.36846978871637903,-0.03014416980652157,False,True,False
2026-07-22,DVN,44.880001068115234,72,8,True,0.010310224452416472,0.08214855220949313,0.426120179451994,-0.14854862743991182,False,True,True
2026-07-22,NBN,128.61000061035156,72,8,True,0.01469858269340163,0.15206321480495566,0.5926935060105456,-0.09626868936317312,False,True,False
2026-07-22,BG,123.87999725341797,72,8,True,0.03844281355216439,0.11792641214032074,0.6661735009522121,-0.0814858623982333,False,True,False
2026-07-22,HWC,76.4000015258789,72,8,True,0.07103005501760595,0.1550242238578523,0.4135060611341064,-0.037298375273532414,False,False,False
2026-07-22,MLPX,76.97000122070312,72,8,True,0.03300184996049649,0.13615230391030275,0.33489423212611547,-0.017738634237131623,False,False,False
2026-07-22,PDBC,17.809999465942383,72,8,True,0.03184164191886674,0.1487228088413739,0.3838383546472506,-0.060158377366747784,False,False,False
2026-07-22,LAUR,36.08000183105469,72,8,True,0.012533232164468444,0.08205785357820372,0.6758012392184531,-0.11460118206000769,False,True,False
2026-07-22,CAH,220.5399932861328,72,8,True,0.01879976466644462,0.069850474201399,0.6010162851987864,-0.09321168044868033,False,True,False
2026-07-22,FCF,20.829999923706055,72,8,True,0.06276593674155362,0.16654158577152556,0.38866666158040375,-0.027090141421750702,False,True,False
2026-07-22,FCX,65.0,72,8,True,0.019163402056216805,0.15307107236158202,0.849217558415873,-0.10071940927290224,False,False,True
2026-07-22,BOH,84.73999786376953,72,8,True,0.06396866972039028,0.15070826245221625,0.4275605962340918,-0.018190241446344402,False,False,False
2026-07-22,OSW,25.959999084472656,72,8,True,0.014871187052790225,0.14635825077062825,0.36201468058063857,-0.11241794986753617,False,True,False
2026-07-22,GOLF,106.69999694824219,71,8,True,0.058556921671879314,0.1557262285504042,0.4598440593015569,-0.10823238121593992,False,True,False
2026-07-22,WABC,60.20000076293945,71,8,True,0.04917165557430492,0.15865043697864878,0.3398620154472738,-0.05360792036931983,False,False,False
2026-07-22,NWBI,15.34000015258789,71,8,True,0.05468697539708178,0.17380592759924918,0.3635555691189236,-0.02417303485916167,False,True,False
2026-07-22,SDCI,29.100000381469727,71,8,True,0.04852623505277487,0.1520700987472281,0.3534883898358012,-0.008923068408350554,False,True,False
2026-07-22,SPNT,24.549999237060547,71,8,True,0.053313508137404986,0.14375426956685078,0.4298194017457184,-0.033464582450214664,False,True,False
2026-07-22,WEAT,26.0,71,8,True,0.10570543892275541,0.1821540179531278,0.31445900391469306,-0.0030674817461688875,False,True,True
2026-07-22,CENTA,38.2599983215332,71,8,True,0.04721495118754726,0.18275509065808926,0.4732383262659099,-0.04326089733237348,False,True,False
2026-07-22,TEX,67.06999969482422,71,8,True,0.04586721318102627,0.13921642283592828,0.6083932486263202,-0.10202172308884128,False,True,True
2026-07-22,NBTB,51.72999954223633,71,8,True,0.0802739713879479,0.17272600261175852,0.3196428197813459,-0.030001917005123002,False,False,False
2026-07-22,CTRE,42.380001068115234,71,8,True,0.05704767239319719,0.11163865741153622,0.3945377400221626,-0.027981592860146343,False,True,False
2026-07-22,KYN,14.920000076293945,71,8,True,0.06163457744213807,0.133984187939018,0.3191865183679268,-0.0033400260416152072,False,False,True
2026-07-22,DBC,29.860000610351562,71,8,True,0.0324320821949744,0.1472591484548622,0.383047725767264,-0.06071092323350957,False,False,False
2026-07-22,AVLV,92.25,71,8,True,0.019510501583158035,0.12989229758086052,0.35901596541910474,-0.004424818108193507,False,True,False
2026-07-22,AVSC,72.72000122070312,71,8,True,0.03331564610310411,0.14090831658944403,0.43205992455342956,-0.01716443681218538,False,True,False
2026-07-22,CRGY,11.380000114440918,71,8,True,0.015074485102639201,0.08844319215777374,0.4817708813546546,-0.20363889819316427,False,True,True
2026-07-22,KBWB,97.12000274658203,71,8,True,0.06484225291216794,0.15112419136986777,0.3740803951223255,-0.018692517442690515,False,False,False
2026-07-22,NIC,167.77999877929688,71,8,True,0.10663916510721849,0.18443739405558035,0.47020675377894694,-0.032856796683315426,False,True,False
2026-07-22,PFS,24.010000228881836,71,8,True,0.04784932016418164,0.13021744000222513,0.36342983513403215,-0.02239410623046778,False,True,False
2026-07-22,BAC,61.619998931884766,71,8,True,0.10759207683709882,0.15949117247405642,0.3769832163549669,-0.008048937678641233,False,True,False
2026-07-22,OSBC,23.40999984741211,71,8,True,0.05710441172255609,0.15318492202020173,0.42483258749773056,-0.024176737358885814,False,False,False
2026-07-22,MDGL,537.6500244140625,70,8,True,0.04374269361671845,0.06667724101644401,0.8770074704354305,-0.1257723180259146,False,True,False
2026-07-22,BRC,93.38999938964844,70,8,True,0.08336039267857442,0.12307326272403007,0.3711642718067272,-0.05942191027773713,True,True,False
2026-07-22,NWG,18.290000915527344,70,8,True,0.09577392557336029,0.1207108410671125,0.3639076154842005,-0.05526857753568992,False,True,True
2026-07-22,TRNS,88.06999969482422,70,8,True,0.023841192878733874,0.2116601111847114,0.7533346704646056,-0.0750892820228648,True,True,True
2026-07-22,RGA,235.30999755859375,70,8,True,0.09255136437952749,0.14721204580221148,0.421640837872697,-0.039551030373086715,False,True,False
2026-07-22,SSO,67.2699966430664,70,8,True,0.0009760807938494764,0.1195306968571157,0.38330238876290457,-0.040781416260674,False,True,False
2026-07-22,CFR,162.25999450683594,70,8,True,0.10382150797449397,0.18525894857056469,0.36352936560366333,-0.009462200566869416,False,True,False
2026-07-22,TTE,84.91000366210938,70,8,True,0.0028179924058693295,0.11251382974359636,0.47952612938038786,-0.09833274595825181,False,False,True
2026-07-22,IWN,222.0500030517578,70,8,True,0.02848256739784527,0.1316878620949513,0.42760712766183917,-0.010560534428858515,False,True,False
2026-07-22,GTY,35.810001373291016,70,8,True,0.06552649399855714,0.15490427259819528,0.4103978823997467,-0.02775282900446796,False,True,False
2026-07-22,CWBC,26.75,70,8,True,0.05226305263604103,0.13753064420661243,0.4451647579269604,-0.05040823828356766,False,True,False
2026-07-22,PECO,43.36000061035156,70,8,True,0.05164611709079714,0.15073700731777806,0.32034105995382167,-0.02287322568221828,False,True,False
2026-07-22,AVUV,125.91999816894531,70,8,True,0.0318757045158824,0.135419909220712,0.4105522897286398,-0.005763942740927841,False,True,False
2026-07-22,UAL,117.26000213623047,70,8,True,0.02285773637910249,0.11926267802804924,0.42271299127997763,-0.15500469463125288,False,True,True
2026-07-22,SVXY,57.790000915527344,70,8,True,0.04603724096746098,0.11144983687726184,0.3461448987821225,-0.01967769011703513,False,True,False
2026-07-22,HAFC,31.399999618530273,70,8,True,0.008096869419091712,0.11339422632808738,0.42727270993319433,-0.06268657855133508,False,False,False
2026-07-22,HALO,77.81999969482422,70,8,True,0.07522423845802195,0.12326870111375987,0.3884032248722893,-0.053975228860961844,False,True,False
2026-07-22,QCRH,96.29000091552734,70,8,True,0.022236763453183483,0.11029308298795493,0.44471115845570974,-0.039980079902501964,False,True,False
2026-07-22,HBCP,69.27999877929688,70,8,True,0.04057770595289445,0.1388583434942574,0.3998786912436245,-0.0336170118571153,False,False,True
2026-07-22,EWBC,131.60000610351562,70,8,True,0.03310817220552398,0.14159861192544998,0.42009289633952074,-0.0340575396547621,False,True,False
2026-07-22,IIPR,62.310001373291016,70,8,True,0.04061941267752056,0.1635126709192669,0.397711951861911,-0.04695619469403478,False,True,False
2026-07-22,RYZ,29.739999771118164,70,8,True,0.09221784235402808,0.175231607614035,0.5377455809967326,-0.037540448599762244,False,True,False
2026-07-22,ASND,251.92999267578125,70,8,True,0.036663622849457456,0.12094094697928437,0.5661444219811174,-0.10710615585478367,False,True,False
2026-07-22,AXTI,52.97999954223633,99,5,False,-0.39368832027573275,0.17094387200406813,27.63783722132815,-0.6299245725972364,True,True,False
2026-07-22,INTW,25.899999618530273,99,6,False,-0.2967603552227356,0.6218441490166395,14.080058253260088,-0.5078384870588071,False,True,False
2026-07-22,MULL,23.8700008392334,99,6,False,-0.11574358934425022,1.2411322350610567,39.650547358845245,-0.4515971914565803,False,True,False
2026-07-22,MUU,34.290000915527344,99,6,False,-0.11503474860212093,1.2528743569024674,39.99223115971259,-0.4525861869469633,False,True,False
2026-07-22,SNDK,1599.27001953125,99,6,False,-0.07537747569416686,0.9920034635217054,38.88204689242953,-0.3207284721308402,False,False,False
2026-07-22,MXL,86.80000305175781,99,6,False,-0.041441074489870666,1.2210878724600414,5.797180888038788,-0.32346063143317605,False,True,False
2026-07-22,ABVX,129.72999572753906,98,7,False,0.10352344599346353,0.12253184978327547,12.031642061453988,-0.12833438062573643,False,True,False
2026-07-22,AEHR,93.54000091552734,98,6,False,-0.003827487766541071,0.8211819171852524,4.868256171765723,-0.2612541550584325,False,False,False
2026-07-22,ALTO,5.074999809265137,98,7,False,-0.0387347627112522,0.4255917810232617,4.516304040436827,-0.16939448471893026,False,False,False
2026-07-22,AMPG,6.46999979019165,98,7,False,0.06920938190917725,0.7379274610150302,2.9451218576994336,-0.3600395638076529,True,True,False
2026-07-22,BE,218.22000122070312,98,6,False,-0.20098011729556853,0.2454011580836235,7.948943989028189,-0.378786147862045,False,False,False
2026-07-22,BLZE,13.420000076293945,98,5,False,0.24779173297943435,1.0102911493398326,3.115302181482531,-0.26461725725595153,False,True,False
2026-07-22,BW,10.6899995803833,98,5,False,-0.3149456194548299,-0.014124165040617087,11.245130887836078,-0.5147526442491882,False,True,False
2026-07-22,FBRX,56.630001068115234,98,7,False,1.253526769930041,1.3171292209757937,5.223076779582399,-0.0036945651637739774,False,False,False
2026-07-22,REPL,10.75,98,6,False,0.222577308732669,0.39496708980809037,6.166666666666667,-0.14,True,True,False
2026-07-22,RLMD,5.0,98,5,False,-0.23493588758272654,-0.02063521627789333,8.090908893868948,-0.375,False,False,False
2026-07-22,RXT,4.139999866485596,98,6,False,-0.24343490451895577,0.7613123318531232,9.534350626364423,-0.5186046880409467,False,True,False
2026-07-22,SIMO,281.67999267578125,98,7,False,-0.02230499163632438,0.7667237948685579,2.9584032908891995,-0.20653523189920775,False,True,False
2026-07-22,UCTT,101.45999908447266,98,7,False,0.025722930554075596,0.7254823113023869,3.767856945988962,-0.2964914836659436,False,True,False
2026-07-22,WDC,556.6699829101562,98,6,False,-0.001295346888068094,0.7494350933884075,7.429284906010228,-0.30404942514614575,False,True,False
2026-07-22,DOCN,142.67999267578125,98,7,False,-0.06593087226002858,0.6852468616081102,4.58215945449828,-0.23904003906250004,False,True,False
2026-07-22,FCEL,22.469999313354492,98,7,False,0.032353482632643704,0.9321303171335507,4.944444307784764,-0.4068110169017871,False,True,False
2026-07-22,MVLL,26.799999237060547,98,6,False,-0.3379343241322027,0.5669639899587011,5.202267674590705,-0.6549356208420003,False,True,False
2026-07-22,OPTX,8.3100004196167,98,6,False,-0.1828827778963208,0.3251951203582588,6.0423735500032985,-0.44302946534026677,False,True,False
2026-07-22,LITE,829.7000122070312,98,7,False,-0.038825547946165107,0.4259129159636874,7.505294573331179,-0.23577852483238215,False,True,False
2026-07-22,DMRA,29.989999771118164,98,7,False,0.18688136786104148,0.29676391549132886,11.240815994869621,-0.21748208286746584,False,True,False
2026-07-22,SOXL,160.99000549316406,98,6,False,-0.21184091319041154,0.6830768714234687,6.13292014488075,-0.4669205116120395,False,True,False
2026-07-22,VPG,110.2300033569336,98,6,False,-0.07502505609011034,0.7787524971239941,3.3092261018647946,-0.2737514544507349,False,True,False
2026-07-22,NUAI,5.809999942779541,98,7,False,0.14735967771149228,0.2456917892676005,17.099687744087746,-0.38485970031704997,False,True,False
2026-07-22,INTC,102.62000274658203,98,6,False,-0.11851510769173657,0.5748031920133871,4.409594436534304,-0.27910081948322707,False,True,False
2026-07-22,TSEM,249.52999877929688,98,7,False,-0.02012065740475777,0.5323828067001946,4.786873955481101,-0.22007252336320227,False,True,False
2026-07-22,AAOI,110.5199966430664,97,6,False,-0.29493364987110593,0.2587035871493677,4.974053872598184,-0.5270253027384391,False,True,False
2026-07-22,ABSI,8.239999771118164,97,7,False,0.05719634603030155,0.8259274496435716,2.6785713107306135,-0.3164662328892399,False,True,False
2026-07-22,ARMG,23.8799991607666,97,6,False,-0.31783904534607077,0.47758008275564245,4.152103124389165,-0.6379075016560241,False,True,False
2026-07-22,BFLY,6.610000133514404,97,7,False,0.08642058569821409,0.5767189765351053,4.007575659739855,-0.31785341385402444,False,False,False
2026-07-22,CELC,90.13999938964844,97,4,False,-0.1566731749450404,-0.12022187285596497,5.67703699182581,-0.40312543477999485,False,False,False
2026-07-22,KORU,20.760000228881836,97,5,False,-0.4557898695804564,-0.005287039078869626,4.586652255474356,-0.6755489563045615,False,False,False
2026-07-22,MRVL,210.99000549316406,97,6,False,-0.11268282289895726,0.6025435703257862,2.4340821974146856,-0.36040377600904683,False,True,False
2026-07-22,AIP,33.529998779296875,97,6,False,-0.09336235155397343,0.5358505831260287,2.982185092099794,-0.33286908278842087,False,True,False
2026-07-22,UMC,21.290000915527344,97,6,False,-0.03159480161597861,0.7183975802224136,2.2454269971390497,-0.2648480114440922,False,True,False
2026-07-22,TRT,10.100000381469727,97,6,False,-0.16418401450544629,0.3610163670272337,2.9453127371962236,-0.5275958476180043,True,True,False
2026-07-22,PENG,59.20000076293945,97,6,False,-0.041012887787444385,0.8729228384737175,2.690772904235408,-0.34119741419053784,False,False,False
2026-07-22,VIAV,42.25,97,6,False,-0.11298754199310013,0.36041717482132674,3.391891944138477,-0.30084395521041685,False,True,False
2026-07-22,HUT,109.86000061035156,97,7,False,-0.011087232641475597,0.618319756316676,4.88115625350991,-0.21974433075852107,False,True,False
2026-07-22,VICR,217.35000610351562,97,6,False,-0.26360424499576707,0.19918832370990924,4.2047417346624,-0.43198743088882996,False,True,False
2026-07-22,NBIS,218.16000366210938,97,6,False,-0.03489266518279732,0.5675305266348079,3.4522449726961097,-0.27246043380435125,False,True,False
2026-07-22,AIIO,3.0899999141693115,96,2,False,-0.09389480691326046,-0.555153430889741,4.722221835895836,-0.9451154537114939,False,True,False
2026-07-22,ALAB,330.8949890136719,96,6,False,-0.04339925381350429,0.6149957687045011,2.3802736855330187,-0.33751575595274097,False,True,False
2026-07-22,AMAT,553.9199829101562,96,7,False,0.03924755313179129,0.5243724540528067,2.585938878311578,-0.2511255077151915,False,True,False
2026-07-22,BRUN,24.219999313354492,96,6,False,-0.19203917179109253,0.44477159627116003,1.3629267622784869,-0.42333334968203595,False,True,False
2026-07-22,GTX,31.8700008392334,96,7,False,-0.021906568473792798,0.470082907238502,1.7894967446108638,-0.12082756305563036,False,True,False
2026-07-22,HPE,48.130001068115234,96,7,False,0.09618057998096607,0.6776728300245589,1.4512350652952408,-0.25089492500987964,True,True,False
2026-07-22,HYLN,3.930000066757202,96,6,False,-0.26072233692874713,0.3887662134183243,1.8071429526319327,-0.5371024531559432,False,True,False
2026-07-22,HYMC,21.700000762939453,96,4,False,-0.21021692494651045,-0.20561193675675604,5.739130611842043,-0.6305124990281388,True,True,False
2026-07-22,IMMX,9.40999984741211,96,7,False,-0.008043192267060961,0.3087575992551286,3.8505152421976296,-0.22487647600538996,False,True,False
2026-07-22,KLIC,105.5999984741211,96,7,False,-0.04077959600621439,0.4857304224295973,2.3716474937122047,-0.2223858902722301,False,True,False
2026-07-22,MNPR,112.4800033569336,96,6,False,0.44622870225944844,0.5921970371662961,2.8546950713013715,-0.03562394395503854,False,False,False
2026-07-22,STRL,719.3400268554688,96,6,False,-0.09591010886359919,0.4531861957629859,2.127565334154212,-0.2847227427269948,False,True,False
2026-07-22,VSH,39.88999938964844,96,6,False,-0.1916494200927168,0.529586100705574,2.389124710130014,-0.4257953262024615,False,True,False
2026-07-22,COHU,55.0099983215332,96,6,False,-0.017987237034219672,0.5395012725850667,2.090449476368485,-0.2626005436097121,False,True,False
2026-07-22,CRWL,60.34370040893555,96,5,False,0.08187941883632965,0.6700549492181394,2.956963961241675,-0.25057497609655255,False,True,False
2026-07-22,MKSI,344.8399963378906,96,7,False,-0.006998018401736639,0.44475115747184013,2.8969375597541798,-0.22961440485335993,False,True,False
2026-07-22,BB,8.949999809265137,96,6,False,-0.028968228393330353,0.6604823393812871,1.868589787676021,-0.34142754166483047,False,True,False
2026-07-22,IRWD,3.880000114440918,96,5,False,0.010890549706974006,0.08549689881205369,4.388888833699405,-0.3287197277507419,False,True,False
2026-07-22,KEEL,4.690000057220459,96,4,False,-0.08811633697793064,0.3575119200620187,3.114035189537021,-0.36363634599097694,False,True,False
2026-07-22,CIEN,397.1600036621094,96,6,False,-0.1900872281052477,0.15544564848147147,3.773557911416491,-0.3770136977015909,False,True,False
2026-07-22,ACMR,89.51000213623047,96,7,False,0.0021720933174351753,0.5765249502177161,2.8866695383181193,-0.2962497018783702,False,True,False
2026-07-22,QURE,40.380001068115234,96,5,False,0.15572858554853353,0.3824104222671929,3.6254299181522356,-0.4352447403060806,True,True,False
2026-07-22,STM,65.7699966430664,96,7,False,-0.058971366745227294,0.5972003853741628,2.1155847816894537,-0.19221323848970595,False,True,False
2026-07-22,TER,369.4599914550781,96,7,False,-0.028557474138715344,0.30914139164546905,3.1428570328636294,-0.24277020622241852,False,True,False
2026-07-22,ANAB,52.61000061035156,95,6,False,-0.10855588458601018,0.2801281030692313,3.613293520525782,-0.27294084899682325,False,False,False
2026-07-22,APPS,8.489999771118164,95,4,False,-0.011710504108155662,0.4971300206646141,2.09854005166722,-0.37573532845734625,False,True,False
2026-07-22,ARM,283.3999938964844,95,6,False,-0.11380619065004971,0.5176521792329136,1.8334333474118374,-0.37397838247267745,False,True,False
2026-07-22,ASYS,17.34000015258789,95,6,False,-0.14311127862902884,0.22623464614741606,3.032557996148487,-0.32555422909134824,False,True,False
2026-07-22,AXGN,39.369998931884766,95,7,False,-0.06346641534201947,0.18505984502862916,2.391042213273619,-0.16144838568433106,False,False,False
2026-07-22,FLEX,127.0,95,7,False,-0.10757953794490194,0.47394198037101654,1.655237197117196,-0.2388828986248892,False,True,False
2026-07-22,FSLY,20.459999084472656,95,7,False,0.10679544706266997,0.2556325742504091,2.25278206813298,-0.41240668398070346,False,True,False
2026-07-22,INBX,85.91999816894531,95,5,False,-0.12048408232920627,0.04631067364091224,3.1810219639324533,-0.44671259009824527,False,True,False
2026-07-22,LRCX,319.2900085449219,95,6,False,-0.054392047944606614,0.3536855042209237,2.5109962609759586,-0.2718585894072477,False,True,False
2026-07-22,MSTZ,10.9399995803833,95,5,False,0.12116581045864927,0.013706778406993081,2.227138419422716,-0.6189481041711344,False,True,False
2026-07-22,POWL,240.67999267578125,95,6,False,-0.12468416229456503,0.2887374777429892,2.4881158358808877,-0.2662195345250572,False,False,False
2026-07-22,SMTC,136.92999267578125,95,7,False,-0.07776842939850015,0.40234190442017037,1.9754452697464253,-0.227910978498315,False,True,False
2026-07-22,SPHR,138.25,95,7,False,-0.051081656075176896,0.2572793790967465,2.6487200376617044,-0.20819017659120065,False,True,False
2026-07-22,VRTL,40.875,95,6,False,-0.17270583740153833,0.19130323559262363,2.9505474425138583,-0.44006849315068497,False,True,False
2026-07-22,COHR,312.19000244140625,95,6,False,-0.14176693152416686,0.24995296414220802,2.701126355529068,-0.2904772671786222,False,True,False
2026-07-22,CORT,90.87999725341797,95,6,False,0.17373252998135746,0.4839391836160434,2.170969914070816,-0.0512579978617943,False,False,False
2026-07-22,FIX,1791.06005859375,95,7,False,-0.035126022034931204,0.3094862221004,2.4846205035569704,-0.13641817606296736,False,True,False
2026-07-22,TTMI,144.6999969482422,95,6,False,-0.1648042834016279,0.31289735205112157,2.6913263809179506,-0.35352724941019864,False,True,False
2026-07-22,AGX,610.3499755859375,94,7,False,-0.09537709917905457,0.27859833671370415,2.099796823288958,-0.2425070113733323,False,True,False
2026-07-22,AIS,70.91000366210938,94,7,False,-0.05623458334079079,0.3922840981857645,1.5534750627735416,-0.20141894110755143,False,True,False
2026-07-22,AVR,8.350000381469727,94,7,False,-0.07509964486406395,0.34096162159273047,1.8020135328944833,-0.24468564894020084,False,True,False
2026-07-22,FORM,113.38999938964844,94,6,False,-0.11223053663138882,0.23561118674076242,3.347776062935484,-0.29250641812622613,False,True,False
2026-07-22,FTXL,242.69000244140625,94,7,False,-0.051525356026641655,0.3909276084260751,1.5926479492604972,-0.1838511756903709,False,True,False
2026-07-22,IBRX,7.510000228881836,94,6,False,-0.03779624922955971,0.30532650464523603,2.8512820744812286,-0.39581656922770025,False,True,False
2026-07-22,IRDM,46.86000061035156,94,7,False,-0.012550665580896458,0.5986599581679635,1.9942493132630688,-0.18048267995357248,False,True,False
2026-07-22,LSCC,137.1699981689453,94,7,False,-0.012153478325454103,0.3795947079852,1.954339807610432,-0.12636135935299853,False,True,False
2026-07-22,MEC,30.100000381469727,94,7,False,-0.04267566522937205,0.38774589528404824,1.4876032588863133,-0.22342616911963065,False,True,False
2026-07-22,OSS,13.010000228881836,94,6,False,-0.19566237497698413,0.29498804069928775,2.1199040745448547,-0.3769156728067522,False,True,False
2026-07-22,SITM,590.6699829101562,94,6,False,-0.14099909584897374,0.31163940293409187,2.1673010108405393,-0.345017260277403,False,True,False
2026-07-22,TH,16.709999084472656,94,7,False,-0.07644865707821236,0.4833027815938964,1.7989949198869617,-0.19856120965237312,False,True,False
2026-07-22,COGT,39.540000915527344,94,7,False,0.11275905831941246,0.16676235526254657,2.8092486011169013,-0.09581519941847016,False,True,False
2026-07-22,CMPS,11.930000305175781,94,7,False,-0.03075108246509395,0.4798000866348511,2.0433673655574687,-0.22532463631876753,False,False,False
2026-07-22,EFXT,23.719999313354492,94,7,False,-0.052102422025906425,0.2181468644527087,2.12516453708725,-0.1862778859771923,False,True,False
2026-07-22,PSI,153.47000122070312,94,7,False,-0.033618997098060044,0.4104259705094566,1.6778921225471635,-0.18901925192426117,False,True,False
2026-07-22,WULF,19.489999771118164,94,6,False,-0.18264473359182398,0.12187188199630183,3.200431106020737,-0.3468498769619516,False,False,False
2026-07-22,PSNL,12.470000267028809,94,6,False,0.1260204006940886,0.40088752222127977,2.247395975457042,-0.23917018112248456,False,False,False
2026-07-22,AMKR,66.97000122070312,93,6,False,-0.08989107841461097,0.2659424460773294,2.2089122437794346,-0.3073024306029313,False,True,False
2026-07-22,BHE,83.51000213623047,93,7,False,-0.03555653916007495,0.3720315249821995,1.4247969066835737,-0.16830993834786878,False,True,False
2026-07-22,BNAI,11.130000114440918,93,4,False,-0.36612257613064014,-0.4017286913519581,8.432203906084492,-0.8710013876691014,False,True,False
2026-07-22,CEVA,40.060001373291016,93,7,False,-0.06199361983139229,0.4252272106208528,1.3537015449971772,-0.22364336128067375,False,True,False
2026-07-22,FROG,79.68000030517578,93,7,False,-0.025950209914112454,0.33548539928886156,1.3400881671225071,-0.196936108396763,False,True,False
2026-07-22,GSAT,79.94000244140625,93,7,False,-0.015405654660195944,0.19619716390784592,2.5767338289481243,-0.056198284277916066,True,True,False
2026-07-22,HUM,397.6000061035156,93,6,False,0.11495163827607802,0.5170624906975205,1.4376188131672563,-0.07293415039911655,False,True,False
2026-07-22,NBR,85.18000030517578,93,7,False,-0.07209306936484805,0.17867563743842996,1.825207342716645,-0.2455270225514492,False,True,False
2026-07-22,SMST,55.04999923706055,93,5,False,0.10396656894075451,-0.04154156797601016,1.856772077287705,-0.6429011575216936,False,True,False
2026-07-22,SOXX,555.52001953125,93,7,False,-0.023049887861237406,0.4063829962219423,1.3910817163218208,-0.15310616785854025,False,True,False
2026-07-22,USD,92.55000305175781,93,7,False,-0.04195122272059215,0.38437655824939054,1.3942570424119745,-0.20557937294628492,False,True,False
2026-07-22,VECO,54.599998474121094,93,6,False,-0.13073937198356766,0.339284035129253,1.8304819016452836,-0.36973334635576405,False,True,False
2026-07-22,TE,6.03000020980835,93,5,False,-0.26886046541498965,-0.05052076523182292,4.24347855201967,-0.5172137453715488,False,True,False
2026-07-22,LION,13.850000381469727,93,7,False,-0.010389101246869092,0.37535877674214846,1.4513274597686587,-0.17065869768068698,False,True,False
2026-07-22,WTI,3.7200000286102295,93,6,False,-0.004229343146438969,0.3497088459343336,1.4800000190734863,-0.26771651880334146,False,True,False
2026-07-22,MYRG,409.07000732421875,93,7,False,-0.08096997162804931,0.3390175871785954,1.385108859110332,-0.18766010410774336,False,True,False
2026-07-22,COCO,74.44999694824219,93,7,False,-0.015663484003715422,0.29455178735075727,1.341931261533189,-0.13258772736848556,False,True,False
2026-07-22,NUVB,6.550000190734863,93,5,False,0.24053033467303497,0.16930879955909317,2.0045871514481797,-0.3282051086425781,False,True,False
2026-07-22,CECO,81.81999969482422,92,7,False,-0.04163982445338177,0.2239241098418725,1.6393548288652973,-0.19182140042196794,False,True,False
2026-07-22,EWY,170.42999267578125,92,7,False,-0.1025654907358754,0.26725149817093463,1.4222568390755117,-0.22843952579698312,False,False,False
2026-07-22,IART,18.81999969482422,92,6,False,0.10492694855730722,0.4275961252621201,1.1632184031523431,-0.07107603740323809,False,True,False
2026-07-22,KLAC,214.69000244140625,92,6,False,-0.02195486836063565,0.3462358263765728,1.579664579455565,-0.30152582928742344,False,True,False
2026-07-22,MOD,249.63999938964844,92,7,False,-0.05641122349518568,0.2296258824399231,1.7611988638185618,-0.22771848603357014,False,True,False
2026-07-22,NEXA,13.630000114440918,92,7,False,-0.009534044550722598,0.25497202198208146,1.9578994577218856,-0.19301358158754656,False,True,False
2026-07-22,PDFS,53.41999816894531,92,6,False,-0.03357698811620902,0.40503145181307687,1.9481233827142224,-0.2548473099494367,False,True,False
2026-07-22,SOXQ,97.66000366210938,92,7,False,-0.02916285274427144,0.3682068255840858,1.288727627206347,-0.15324919202902076,False,True,False
2026-07-22,STRO,23.399999618530273,92,5,False,-0.20879657025912035,0.15955241177229174,2.2727271757228933,-0.46636258990202184,False,True,False
2026-07-22,XNCR,19.510000228881836,92,6,False,0.433831377207742,0.44016064113096065,1.8193641638412457,-0.08231420419378055,False,False,False
2026-07-22,ZBIO,31.489999771118164,92,5,False,0.40844440214005795,0.23537187655552905,1.3325925756383827,-0.29394616931679796,False,False,False
2026-07-22,GLW,154.05999755859375,92,6,False,-0.1909573890935966,0.1550587030422641,1.8909738208261992,-0.43314446151094244,False,True,False
2026-07-22,QUIK,13.789999961853027,92,6,False,-0.2683030373157217,0.25138955264115337,1.872916544559934,-0.4332100285616247,False,True,False
2026-07-22,ADPT,21.950000762939453,91,6,False,0.2283843931258729,0.3453423729153293,1.2049222432106146,-0.05183580455138703,False,True,False
2026-07-22,ATAI,7.179999828338623,91,6,False,0.5122793285987817,0.6504513603222715,1.3464052165362768,-0.005540161082465245,False,False,False
2026-07-22,ATRO,70.88999938964844,91,7,False,-0.006478476215924789,0.26857228563682267,2.2572485544431866,-0.2009693596227543,False,True,False
2026-07-22,BELFA,237.61000061035156,91,7,False,-0.03544978652605846,0.23144329600018798,1.6110989078060611,-0.19045350173887077,False,True,False
2026-07-22,EZPW,32.560001373291016,91,7,False,-0.0030190698548702155,0.2793160748762209,1.4892967555970404,-0.12308105476324993,False,True,False
2026-07-22,FLKR,55.86000061035156,91,7,False,-0.09459576788385848,0.2707921437571399,1.3390980024634755,-0.2294109221063949,False,False,False
2026-07-22,GEVX,19.719999313354492,91,6,False,-0.13223834600289963,0.21621559468219176,1.73509004285979,-0.3607779880223454,False,True,False
2026-07-22,IESC,674.2000122070312,91,7,False,-0.012814646528605311,0.31566881734285235,1.3124679829717034,-0.16144277088677705,False,True,False
2026-07-22,LPTH,12.130000114440918,91,5,False,-0.1305781252750432,0.07715465403756716,3.168384796105011,-0.3595565062087016,False,True,False
2026-07-22,OILU,44.13999938964844,91,7,False,0.09880533680200343,0.26432315494488146,1.2315469088658633,-0.28130648645741163,False,True,False
2026-07-22,PUMP,13.59000015258789,91,6,False,-0.0877112806560284,0.11742409831456513,2.013303650309849,-0.2654053971574113,False,True,False
2026-07-22,TCMD,27.6200008392334,91,6,False,0.029790117337035182,0.07570124031872205,1.8770833064284602,-0.2687317843662861,False,True,False
2026-07-22,VRT,301.1600036621094,91,7,False,-0.056400400911007176,0.2397326288111994,1.537152581338539,-0.20733808257381092,False,True,False
2026-07-22,DYN,23.209999084472656,91,6,False,0.15894696069842373,0.24021475632633282,1.6137386019542808,-0.07160003662109371,False,False,False
2026-07-22,DSGN,11.779999732971191,91,6,False,-0.06535384223615193,0.12927459833030408,2.1329786603323417,-0.3171014647552932,False,True,False
2026-07-22,GRC,80.08999633789062,91,7,False,-0.00043685937057003077,0.29010324176620683,1.1599242821723608,-0.1367751951753412,False,True,False
2026-07-22,TENX,14.789999961853027,91,7,False,0.12660821894530017,0.23318853083772906,1.5623701285799858,-0.23762885295492064,False,False,False
2026-07-22,CAPR,18.90999984741211,91,4,False,-0.2708357505722885,-0.18504552865889945,3.3976741880517034,-0.5315828499446222,False,False,False
2026-07-22,CRDO,228.27000427246094,91,6,False,-0.01068280364576868,0.3922306855733986,1.6394172707578019,-0.2604723674400482,False,True,False
2026-07-22,EMEQ,65.12999725341797,91,7,False,-0.03468727270212002,0.29340230463635897,1.1724482404231438,-0.17253210505669603,False,True,False
2026-07-22,TECL,191.2899932861328,91,6,False,-0.0930263512027284,0.3373401586880984,1.5451035652698932,-0.30541032125790935,False,True,False
2026-07-22,KGS,67.0,91,7,False,-0.041048833270460494,0.2909117880710419,1.2288013759863032,-0.13748713006202418,False,True,False
2026-07-22,AAPU,43.86000061035156,90,6,False,0.11658173308556363,0.28501114940608296,1.0956566878316831,-0.05474139724134919,False,True,False
2026-07-22,ALM,14.289999961853027,90,5,False,-0.17324770914319432,0.043814262988481456,3.5221517638334268,-0.4145841847119872,False,False,False
2026-07-22,AVTX,18.149999618530273,90,5,False,0.07045540825620611,0.11005267937315777,1.922705234627684,-0.2521631942234136,False,True,False
2026-07-22,HIBL,103.76000213623047,90,7,False,-0.08401495004349491,0.2855849957590266,1.3619394813435863,-0.24873113187014484,False,True,False
2026-07-22,IGPT,93.31999969482422,90,7,False,-0.030032410355446904,0.31688124801689854,0.9107288985108544,-0.14635931251980716,False,True,False
2026-07-22,MITK,17.15999984741211,90,7,False,-0.0010245991799998633,0.3260385639546084,1.011723374513506,-0.18479807746499677,False,True,False
2026-07-22,SKYT,30.850000381469727,90,7,False,-0.12313612365296334,0.1271712343282918,2.6336868331159766,-0.22739794275756853,False,True,False
2026-07-22,SSL,11.319999694824219,90,7,False,-0.0446290155066954,0.21244574482500256,1.3731655639599079,-0.2122477533072158,False,True,False
2026-07-22,TSMU,69.41999816894531,90,6,False,-0.06840427378947733,0.22409161584789272,1.6727755481029618,-0.25586882315711357,False,False,False
2026-07-22,TSMX,79.95999908447266,90,7,False,-0.06096009083723608,0.2294653352042646,1.5969469537803413,-0.24793078147116288,False,True,False
2026-07-22,TYRA,30.59000015258789,90,5,False,-0.019516706249988802,0.08268335513150427,2.071285144119243,-0.24747849927844512,True,True,False
2026-07-22,DGII,66.19999694824219,90,7,False,-0.017807118057924676,0.29651638227971944,1.1570542781443764,-0.13362133522485597,False,False,False
2026-07-22,MRNA,58.06999969482422,90,7,False,0.008168470255961013,0.32369793731294094,1.6063733350614755,-0.3216121410051175,False,True,False
2026-07-22,MRAM,16.059999465942383,90,5,False,-0.3676045186492408,0.1045429649350269,1.7886785822692746,-0.688155350175876,False,True,False
2026-07-22,CRSR,10.600000381469727,90,6,False,0.1808348766111616,0.5288535650746298,1.3660715036474316,-0.19083968909926996,True,True,False
2026-07-22,SYNA,120.62000274658203,90,7,False,-0.06870085456723363,0.33092720116650476,1.0696637829963467,-0.19106698240997588,False,True,False
2026-07-22,SMH,586.9099731445312,90,7,False,-0.01986068221421322,0.32371819138026203,1.1021883592257438,-0.12640108626458735,False,True,False
2026-07-22,BTE,4.289999961853027,89,7,False,-0.0467937732263497,0.14908661570102444,1.2227979681053993,-0.19962689272543122,True,True,False
2026-07-22,CAT,889.3099975585938,89,7,False,-0.041149564201542366,0.2249601725927597,1.1933360042926022,-0.17154805030462428,False,True,False
2026-07-22,FDMT,10.960000038146973,89,6,False,0.053400479811726465,0.12634369938089063,1.6033254011491662,-0.21714285441807335,False,True,False
2026-07-22,GHM,105.37999725341797,89,7,False,-0.004684753477693704,0.29176426302677894,1.2868922106335345,-0.1624543195913477,False,True,False
2026-07-22,JBIO,19.850000381469727,89,6,False,-0.028698632167883376,0.2296694386979159,1.9760120171541273,-0.29107141494750977,True,True,False
2026-07-22,KN,36.61000061035156,89,7,False,-0.03016269004877381,0.2951910805681133,1.0475392801294694,-0.14721639063352765,False,True,False
2026-07-22,NOK,10.279999732971191,89,6,False,-0.2428148606417745,0.13868594121165922,1.5699999332427979,-0.41088829320833076,False,True,False
2026-07-22,NVT,158.47000122070312,89,7,False,-0.03848603541805151,0.24796036562983592,1.1693359972678308,-0.14173525918248298,False,True,False
2026-07-22,KEYS,327.5299987792969,89,7,False,-0.03408098818927752,0.2415485294817885,1.1428759253722327,-0.12650051421087427,False,True,False
2026-07-22,SNX,252.67999267578125,89,7,False,-0.015958564993029944,0.33890624612502784,0.8148387591008328,-0.14770468635820933,False,True,False
2026-07-22,SANM,217.36000061035156,89,7,False,-0.08574389660536963,0.24442546689017886,1.276259351481476,-0.24705554203588231,False,True,False
2026-07-22,CRVS,13.989999771118164,89,5,False,0.047492812382392335,0.09753464716820592,2.5328281909978445,-0.4808905612219261,False,True,False
2026-07-22,XSD,529.75,89,7,False,-0.08570629188530499,0.28973498080470583,1.0789183924870378,-0.19508009206372345,False,True,False
2026-07-22,ACLS,141.9499969482422,88,6,False,-0.10129675758986323,0.29617240570809145,1.16255329476173,-0.2674682741126744,False,True,False
2026-07-22,AVAH,9.430000305175781,88,6,False,0.17145771870778925,0.16975752771048214,1.5281502029370357,-0.08624025348516218,False,True,False
2026-07-22,CBRL,53.16999816894531,88,7,False,0.25298691095491366,0.577075550264817,1.1396377204321246,-0.2608091485699685,True,True,False
2026-07-22,CCCC,3.740000009536743,88,6,False,-0.03752122850608475,0.32965958875430834,1.2130176821934056,-0.2765957535115321,False,True,False
2026-07-22,FLTW,97.75,88,7,False,-0.0123668821005396,0.30275143762493295,0.8471278038962968,-0.11394125933281662,False,True,False
2026-07-22,GOOX,74.51000213623047,88,5,False,-0.13986401284105243,0.03157257459743579,1.7243144825223755,-0.3068837010583212,False,True,False
2026-07-22,GPCR,50.40999984741211,88,5,False,0.13208140609889618,-0.016544245092105503,2.1905062809412232,-0.46880928306765646,False,True,False
2026-07-22,GRPN,27.920000076293945,88,5,False,0.34051604305404504,0.6449703828357045,2.044710997164769,-0.35190346124434213,False,True,False
2026-07-22,HLIO,80.7300033569336,88,7,False,-0.022324343016344117,0.20426577111041455,1.309871290261564,-0.1506575406107722,False,True,False
2026-07-22,KALU,164.32000732421875,88,7,False,-0.06718299085431734,0.23151690192171004,1.300112006000993,-0.16146151411317244,False,True,False
2026-07-22,MTSI,282.6199951171875,88,6,False,-0.1992052813962335,0.1632953810441562,1.3918414552979224,-0.3253282424562972,False,True,False
2026-07-22,NTCT,40.66999816894531,88,7,False,-0.012403876266310898,0.2677700017337725,0.9946051685314219,-0.10181097028782093,False,True,False
2026-07-22,PTEN,10.720000267028809,88,7,False,-0.00656112337453596,0.23990125067238166,1.1019608759779254,-0.1804281093610718,False,True,False
2026-07-22,QMCO,11.65999984741211,88,5,False,0.03962336595638516,0.3947368254441814,1.7828161546964418,-0.3690476116753685,False,True,False
2026-07-22,ROG,136.35000610351562,88,7,False,-0.05879571407546502,0.22837732817096712,1.2290340066208727,-0.19319523015671225,False,True,False
2026-07-22,SVCO,8.260000228881836,88,6,False,-0.24397742614415385,0.20090871260743293,1.6905538789888226,-0.4259902688108941,False,True,False
2026-07-22,CSCO,112.20999908447266,88,7,False,-0.04130726759811254,0.27623685926808283,0.7066159556573788,-0.13929582505845084,False,True,False
2026-07-22,PLXS,259.2799987792969,88,7,False,-0.05245832119001281,0.2709732200801078,1.2477676827838593,-0.15560476505956922,False,True,False
2026-07-22,NKTR,69.31999969482422,88,7,False,0.047728154173146686,0.10797567920174234,2.2978115216558472,-0.36403670004748423,False,True,False
2026-07-22,CSTM,29.329999923706055,88,7,False,-0.09327546394625685,0.19163942723632,1.2492331295634576,-0.20708303344630297,False,True,False
2026-07-22,LWLG,6.769999980926514,88,5,False,-0.3186255800285751,-0.028652602503415392,2.5260417355457334,-0.6381613943239096,False,True,False
2026-07-22,ROM,137.75,88,7,False,-0.04901490332473957,0.2831338494803446,0.930353122502886,-0.1982889411704526,False,True,False
2026-07-22,AKAM,124.30000305175781,87,7,False,-0.07222325553078135,0.19734756190974045,0.7813127719434205,-0.24871559175282032,True,True,False
2026-07-22,BLTE,157.13999938964844,87,6,False,0.07117367314706868,0.06666105283938539,1.657983799537913,-0.21430000305175778,False,True,False
2026-07-22,GGLL,103.30000305175781,87,5,False,-0.15419449425832743,0.017292273174118966,1.6547764106591138,-0.3248365813610601,False,True,False
2026-07-22,MPTI,80.27999877929688,87,7,False,-0.0822311043264965,0.2012973467005328,0.9997508497666854,-0.2343347644481707,False,False,False
2026-07-22,MTZ,357.3500061035156,87,7,False,-0.057756461610435905,0.21837856698292302,1.2323213519241203,-0.19047184823714547,False,False,False
2026-07-22,SVRA,5.650000095367432,87,7,False,0.029406422235985996,0.058667032296918054,1.4780702483621009,-0.1934332615184592,False,True,False
2026-07-22,UMAC,19.670000076293945,87,6,False,-0.06878757273303981,0.27349359887737945,1.7149758988265398,-0.42753202191829975,True,True,False
2026-07-22,SNOW,267.79998779296875,87,6,False,0.16181300665023546,0.279651309057557,1.2637361021521083,-0.06031791652496021,True,True,False
2026-07-22,UTZ,14.0600004196167,87,5,False,0.8353654321356825,0.5417427904778822,1.0737463104022726,-0.04158143514007051,False,False,False
2026-07-22,SBIT,53.970001220703125,87,6,False,-0.02199201910107651,0.13886590682668798,1.2868644215395584,-0.2946480866337873,False,True,False
2026-07-22,ENS,201.30999755859375,87,7,False,-0.09078017307637243,0.1453657373134689,1.2775200695630917,-0.17597218565755046,False,True,False
2026-07-22,SMHX,58.61800003051758,87,7,False,-0.03076364203297477,0.29390289686874205,0.8323851344144186,-0.142510247116042,False,True,False
2026-07-22,TXN,294.19000244140625,87,7,False,-0.02415933817265592,0.3189960567691108,0.926209720886938,-0.11927071365890718,False,True,False
2026-07-22,CGNX,62.540000915527344,87,7,False,-0.03782837279799334,0.24001068835743977,0.8696561880147347,-0.14187701327617286,False,True,False
2026-07-22,GRDN,39.77000045776367,87,7,False,-0.0023379843863939875,0.17577670672287704,1.0611557554034707,-0.0961363532326438,False,True,False
2026-07-22,LINC,39.9900016784668,87,6,False,-0.17725526719758367,0.1737720094673183,1.3128976032935684,-0.2902023150486286,False,False,False
2026-07-22,TWLO,183.3800048828125,87,7,False,-0.0930241042868235,0.24967888960676432,0.9967335822633849,-0.23104659439728326,False,True,False
2026-07-22,DIOD,95.01000213623047,87,7,False,-0.07724848565441778,0.29393822675198944,1.2471618940243143,-0.24589250141139862,False,True,False
2026-07-22,ECG,137.02999877929688,87,7,False,-0.07825949941276755,0.19069858500025072,1.0994332132213076,-0.20134981906661675,False,True,False
2026-07-22,ALGM,49.869998931884766,86,6,False,-0.027511292451015357,0.33151149691799,1.2253457952452291,-0.30514140637482345,False,True,False
2026-07-22,BTCZ,5.179999828338623,86,6,False,-0.02016422089173875,0.13833640953640902,1.2521738851002793,-0.2942779672133533,False,True,False
2026-07-22,BWA,64.25,86,7,False,-0.052533164727394,0.18813821916789286,0.8748175997016812,-0.18485155736153813,False,True,False
2026-07-22,OUST,38.86000061035156,86,6,False,-0.06091258798490551,0.364973145146229,1.3695122874541932,-0.39081360632348705,False,True,False
2026-07-22,OUT,31.93000030517578,86,7,False,-0.008902184167444038,0.20399245184010972,0.9188702810313254,-0.08667044790177458,False,True,False
2026-07-22,PLPC,326.3800048828125,86,7,False,-0.09935812585996118,0.17186463924225426,1.3473821967982222,-0.21230843471672567,False,True,False
2026-07-22,RDVT,63.310001373291016,86,6,False,0.10215332865149485,0.2683644956580613,0.8955089365561051,-0.09102656157490852,False,True,False
2026-07-22,INN,7.019999980926514,86,6,False,0.12919829948676953,0.3508182831103197,0.7638190822322448,-0.018181833945029813,False,True,False
2026-07-22,RHLD,126.76000213623047,86,5,False,0.012811166963150322,-0.17089415751722337,2.2754521870092703,-0.4633134306026482,False,True,False
2026-07-22,STLD,238.63999938964844,86,7,False,-0.029112787021888353,0.2250290032922344,0.9904912887192252,-0.17351247675827508,False,True,False
2026-07-22,NUE,235.89999389648438,86,7,False,-0.01426827288968413,0.2597881614011821,0.7963751198556202,-0.12919896931918762,False,True,False
2026-07-22,SHLS,10.430000305175781,86,6,False,0.010453331560401846,0.17533049253247435,1.3544019659899922,-0.2086494640610953,False,True,False
2026-07-22,ADEA,27.280000686645508,85,7,False,-0.0776554329952972,0.23912419338127666,1.3496986643712767,-0.20559113088443992,False,True,False
2026-07-22,BULZ,35.06999969482422,85,6,False,-0.15133652162605504,0.17990764909166246,1.3442513105212655,-0.3747548654052526,True,True,False
2026-07-22,GBTG,9.40999984741211,85,6,False,0.002129913273730688,0.2523623006915925,0.8990918248842215,-0.013626846431943451,True,True,False
2026-07-22,HIMX,13.619999885559082,85,6,False,-0.22139395602995748,0.23991768712217176,0.9883211788584183,-0.45715425258161047,True,True,False
2026-07-22,HP,35.2400016784668,85,7,False,-0.03151687665703162,0.07599115844277193,1.3230060317228411,-0.1573409388898629,False,True,False
2026-07-22,LBRT,25.139999389648438,85,5,False,-0.10643835832950999,0.04348040156953781,1.5393939755909458,-0.2708394070899729,False,True,False
2026-07-22,LFUS,416.0799865722656,85,7,False,-0.0717456473450172,0.21298780876927648,0.8395967815274332,-0.1687876211433279,False,False,False
2026-07-22,NEOG,9.829999923706055,85,7,False,0.06878029279972586,0.15230871077176178,1.155701764705329,-0.13998253182418618,False,True,False
2026-07-22,PL,22.600000381469727,85,5,False,-0.3370489760410882,-0.11933239156621822,2.850085318922832,-0.5633693756889542,True,True,False
2026-07-22,TRFK,95.4000015258789,85,7,False,-0.032047336127641546,0.26313475530943986,0.6218973481952175,-0.1745976811340879,False,False,False
2026-07-22,CHAT,87.29000091552734,85,7,False,-0.051849039955877974,0.22166016415028844,0.7810651684347294,-0.1702471155158537,False,True,False
2026-07-22,ON,92.33000183105469,85,6,False,-0.15086355920582406,0.2517098900397434,1.0720376792087962,-0.31566852146380786,False,True,False
2026-07-22,OBE,10.210000038146973,85,6,False,-0.017494563245155192,0.22323059918331634,0.8768382225649685,-0.30020562499199277,False,False,False
2026-07-22,TENB,32.83000183105469,85,6,False,0.08068079041822984,0.3094602530810029,1.087094900600821,-0.24822525286019326,False,True,False
2026-07-22,ULCC,5.949999809265137,85,6,False,-0.0487610187995875,0.21861923593380195,0.9701986247826799,-0.2920880430341436,False,False,False
2026-07-22,WTAI,41.38999938964844,85,7,False,-0.04313853790805933,0.22649136512740387,0.6963114769155703,-0.15340560633322464,False,False,False
2026-07-22,AEIS,317.30999755859375,84,7,False,-0.025868774244991455,0.12153733563286395,1.4712617807007682,-0.20161534921142188,False,True,False
2026-07-22,ARTY,69.47000122070312,84,7,False,-0.03160152298272767,0.2395739630297311,0.7125601768161378,-0.15125226003922543,False,True,False
2026-07-22,GEV,985.030029296875,84,7,False,-0.048351141939864783,0.19573069295015721,0.8579864176738554,-0.17635493623649345,False,True,False
2026-07-22,POWI,72.48999786376953,84,7,False,-0.052299396831338774,0.3558808065596908,1.3489953477011194,-0.20497918818657124,False,True,False
2026-07-22,RIOT,23.3799991607666,84,7,False,-0.05336851224318495,0.261749591791693,1.2077430428604106,-0.22889184049834643,False,False,False
2026-07-22,SNDX,22.049999237060547,84,7,False,0.07764937402978656,0.0904316116857593,1.340764231260553,-0.1383353221734681,False,True,False
2026-07-22,TBLA,4.920000076293945,84,7,False,-0.014817765307946096,0.22483275697508365,0.7354497390094503,-0.13835375771895808,False,True,False
2026-07-22,TQQQ,70.27999877929688,84,7,False,-0.08493873734312474,0.19260339766406132,0.8831725443192799,-0.20217956974682083,False,True,False
2026-07-22,TSM,421.2099914550781,84,7,False,-0.01061010616121838,0.19084706887587766,0.8829235458261278,-0.12064719946747782,False,False,False
2026-07-22,CMP,30.139999389648438,84,7,False,-0.0024492139228798893,0.2611696317661083,0.8378048835802052,-0.1263768292855525,True,True,False
2026-07-22,ECHO,92.27999877929688,84,4,False,-0.18211937733832373,-0.12388469221682774,2.543778630371376,-0.3733107043850806,True,True,False
2026-07-22,SEDG,47.880001068115234,84,6,False,-0.1699403126120148,0.12751281907575085,1.0808344455388972,-0.4107076791616586,True,True,False
2026-07-22,VIST,67.0199966430664,84,7,False,-0.03216028177446284,0.14503419941667883,1.1188744363356498,-0.17706293425905317,False,True,False
2026-07-22,CODI,10.34000015258789,84,7,False,-0.03744110695780145,0.2846156889959137,1.2576419923214641,-0.18196203546385725,False,True,False
2026-07-22,HBM,23.549999237060547,84,5,False,-0.06262690559907169,0.07706869204348643,1.637177875952713,-0.26749617047127827,True,True,False
2026-07-22,VG,14.819999694824219,84,7,False,0.18353588690429468,0.38881727410546163,1.5909091325906624,-0.15891038655200207,False,False,False
2026-07-22,TTI,9.079999923706055,84,5,False,-0.09559951940316136,-0.013649232851220106,1.6943620866621143,-0.2759170692721191,False,True,False
2026-07-22,ARQT,27.899999618530273,83,7,False,0.1438645216971146,0.11363906940429036,1.0372398861078165,-0.12181305582221613,False,True,False
2026-07-22,BLFS,31.149999618530273,83,6,False,0.1852127905602401,0.2843533411374215,0.7441208596866395,-0.010907017003253028,False,False,False
2026-07-22,HPK,7.965000152587891,83,5,False,0.09115570488655034,0.29915675572965883,1.0688312597109126,-0.23487029112993096,False,True,False
2026-07-22,NET,268.9800109863281,83,6,False,0.1254695167345814,0.2716666781645065,0.6935088326224317,-0.07567006533907861,False,True,False
2026-07-22,NRGV,3.3499999046325684,83,5,False,-0.2577328946603348,-0.18329536619351583,2.4500513391800722,-0.49586156294232564,False,True,False
2026-07-22,VRNS,45.33000183105469,83,4,False,0.2319207337505198,0.3477664513905503,1.3010152322598674,-0.2906103169231309,False,True,False
2026-07-22,YOU,52.29999923706055,83,7,False,-0.05657996337236637,0.1938608454807238,0.842197969758681,-0.16626813934779683,True,True,False
2026-07-22,CMI,660.75,83,7,False,-0.022490054918260616,0.15523014664709844,0.9206732780104263,-0.10438355121754284,False,True,False
2026-07-22,SWBI,14.619999885559082,83,7,False,-0.03382281678062693,0.1701991349087868,0.8913324514210581,-0.1674259493051483,False,True,False
2026-07-22,WGMI,57.15999984741211,83,4,False,-0.06979167162655864,0.14870400968664788,1.4841373002537246,-0.2570834671997525,False,True,False
2026-07-22,RIGL,37.79999923706055,83,5,False,0.09606516646691521,0.09089175575462427,0.9454451180317969,-0.27641657690371757,False,True,False
2026-07-22,ONDS,8.0,83,4,False,-0.12293204289142823,-0.15015217783903867,3.4943820947108444,-0.47643978142633103,True,False,False
2026-07-22,DRUG,75.45999908447266,83,5,False,0.0332824765881361,0.0036796562414582734,1.928211010634227,-0.39022222962042297,True,True,False
2026-07-22,ADI,386.7300109863281,82,7,False,-0.045310984658009645,0.18403978781077557,0.7709851153258982,-0.13271734697529947,False,True,False
2026-07-22,AIA,135.33999633789062,82,7,False,-0.023241878947054984,0.18650290392020197,0.6602061078396992,-0.10269843734746142,False,True,False
2026-07-22,ATOM,5.78000020980835,82,6,False,-0.2863756794929474,0.15861270933405414,2.054968463093572,-0.5325515311929792,False,True,False
2026-07-22,BHP,84.54000091552734,82,7,False,-0.006867573583079434,0.1896704001375964,0.7016908292313309,-0.09900885361011103,False,True,False
2026-07-22,HPP,14.4399995803833,82,4,False,0.03436910612866284,0.2590570671183332,1.7452469490582012,-0.33456225471453493,False,True,False
2026-07-22,KOPN,3.75,82,6,False,-0.20284001543475716,0.14324040043355257,1.2590361900020892,-0.43267777242748706,True,True,False
2026-07-22,ORN,13.149999618530273,82,7,False,-0.09386588261348949,0.0968982046703466,1.041925388461237,-0.24425287891810799,False,True,False
2026-07-22,PKE,33.4900016784668,82,7,False,-0.019992226537953295,0.24430381287644876,0.9414493726647419,-0.15980930342059474,False,True,False
2026-07-22,PWR,643.1400146484375,82,7,False,-0.08090765193487048,0.15999350692650172,0.7716867230842384,-0.18460853927297938,False,True,False
2026-07-22,SLAB,217.1699981689453,82,7,False,-0.004506022457338332,0.20603600026171476,0.8800969106798113,-0.016885449663194496,False,True,False
2026-07-22,MRCY,98.91999816894531,82,7,False,-0.07172285206230122,0.13543947109975774,0.9732694207314219,-0.22989489669817376,False,True,False
2026-07-22,UNIT,11.130000114440918,82,7,False,-0.016402124527740702,0.2791633250503067,1.0999999460184369,-0.13974336445219815,True,True,False
2026-07-22,CORZ,23.6200008392334,82,7,False,-0.06813426454507565,0.2051897055049725,0.8753473869362143,-0.22455674493851274,False,True,False
2026-07-22,RIG,5.300000190734863,82,5,False,-0.08990998204262168,0.009379649128239187,1.0152091103089287,-0.30809395609512435,True,False,False
2026-07-22,XES,115.7699966430664,82,7,False,-0.025655990715843235,0.12768933193368226,0.8315139743690481,-0.14466205081272354,False,True,False
2026-07-22,TS,58.310001373291016,82,7,False,-0.01540963369767323,0.16631432621639997,0.7328380008674611,-0.09736837847372182,False,True,False
2026-07-22,RHI,40.70000076293945,82,5,False,0.29435637219304334,0.4392305501344802,0.8644068211260836,-0.05917701474619519,False,False,False
2026-07-22,TRLV,8.670000076293945,82,6,False,-0.051862149261710955,0.12615027016918257,1.0692124004517094,-0.3471385353443701,True,True,False
2026-07-22,AMDY,54.040000915527344,81,5,False,-0.000565913617099123,0.2601862722706245,0.8412265830717254,-0.09556483823385198,False,False,False
2026-07-22,BBIO,82.66000366210938,81,7,False,0.15122626718264054,0.174357960169071,0.9638869888915182,-0.11513137234932347,False,False,False
2026-07-22,OMDA,21.84000015258789,81,5,False,0.13451010592932588,0.27238434897233477,1.1245136887056661,-0.18855658890249827,False,True,False
2026-07-22,TDOC,8.920000076293945,81,6,False,0.13011529732744997,0.2926505949675504,1.0272727006723077,-0.09780519868729198,False,True,False
2026-07-22,ZIM,25.010000228881836,81,7,False,-0.0013017628270011183,0.10362418955560315,1.0283860813978438,-0.16549880540913142,False,True,False
2026-07-22,ST,45.95000076293945,81,7,False,-0.04161815675155622,0.20529492070563093,0.6317471950257214,-0.1473371444913053,False,True,False
2026-07-22,SEI,63.040000915527344,81,6,False,-0.1286800113139862,0.07459614863777109,1.565730634860651,-0.2685926542538012,False,False,False
2026-07-22,VAL,78.79000091552734,81,5,False,-0.09073911975018556,0.05029808193253027,0.8100161526537955,-0.30958640887443234,True,True,False
2026-07-22,DY,434.1499938964844,81,7,False,-0.040315813493987274,0.1427309374901451,0.863304694834697,-0.23358692190232044,False,True,False
2026-07-22,KSS,19.079999923706055,81,6,False,0.19879366310619462,0.13092468130980262,0.8470474409123516,-0.24345755578181894,False,True,False
2026-07-22,ASC,16.040000915527344,80,7,False,-0.041838857070184976,0.12105122253332068,0.6056057340361694,-0.19920117994695796,False,True,False
2026-07-22,BEN,32.380001068115234,80,7,False,-0.0005123723167493877,0.2103361139318085,0.5338702099438728,-0.07273760693060183,False,False,False
2026-07-22,FRDM,67.13999938964844,80,7,False,-0.03827698838940219,0.15553213772999364,0.6798017567706602,-0.12691810068359966,False,True,False
2026-07-22,GFS,58.4900016784668,80,6,False,-0.22123188860648735,0.14729076334815283,0.8562361553033342,-0.3680172906557685,False,True,False
2026-07-22,HACK,106.04000091552734,80,6,False,0.0643102873596848,0.24269242570898442,0.5222508662198992,-0.08190475397811825,False,False,False
2026-07-22,IMNM,22.8799991607666,80,7,False,0.08574949592521985,0.10790443148105866,1.6405077047309842,-0.17251358132269012,False,True,False
2026-07-22,MPWR,1398.449951171875,80,7,False,-0.054774135001735,0.16779579980093295,0.9911862635094988,-0.18414436869851314,False,True,False
2026-07-22,NSIT,117.87000274658203,80,5,False,0.08474385498075021,0.2978597794574456,0.8527193449465544,-0.20668998994489152,False,True,False
2026-07-22,PDS,85.54000091552734,80,6,False,-0.02444920760529823,0.07477502269519287,0.734036037713613,-0.1759152369882444,False,True,False
2026-07-22,QTEC,306.2900085449219,80,7,False,-0.022324142198039576,0.20470320971035605,0.4899547484174118,-0.09975605133425491,False,True,False
2026-07-22,EDC,74.23999786376953,80,6,False,-0.12823742402738436,0.09679137023972695,0.949579682089877,-0.2853292276985807,False,True,False
2026-07-22,XERS,8.380000114440918,80,6,False,0.17006424727587865,0.18415104716677444,0.7207392836476183,-0.16865077600517553,False,True,False
2026-07-22,NBIX,172.69000244140625,80,6,False,0.0501447414593692,0.1948727655827618,0.4138693573306338,-0.0468594247576094,False,True,False
2026-07-22,SSRM,28.079999923706055,80,7,False,-0.042324610877913726,0.058855468988216586,1.3656276490674517,-0.23110625488131353,False,True,False
2026-07-22,XTL,213.1300048828125,80,7,False,-0.0507921510794046,0.15425839976361866,0.855240337555556,-0.1392859660547704,False,True,False
2026-07-22,TSHA,5.659999847412109,80,7,False,-0.06098615762364068,0.08345054692050335,1.4188034423161002,-0.2246575754072222,False,False,False
2026-07-22,ABCL,5.730000019073486,79,4,False,-0.035824256064145965,0.2749411803847164,1.0874317879639697,-0.3210900113796854,False,True,False
2026-07-22,AUR,6.610000133514404,79,7,False,-0.009025200132419253,0.28796553594166285,0.8361111968387815,-0.22825447082875472,False,True,False
2026-07-22,BAI,45.290000915527344,79,7,False,-0.061230394876452654,0.1689356042190211,0.5410004034052176,-0.16838043193356966,False,True,False
2026-07-22,BORR,4.210000038146973,79,4,False,-0.1321019116257015,-0.0834276717759509,1.263440863316232,-0.3673929518526323,True,True,False
2026-07-22,CGAU,16.719999313354492,79,6,False,0.01389862291829047,0.04876239264334825,1.4918031621907222,-0.21020315290043579,False,True,False
2026-07-22,GRAL,70.66000366210938,79,4,False,0.07250411722949934,-0.04817834366351714,1.3592655045787194,-0.4054190016868897,False,True,False
2026-07-22,KMX,57.45000076293945,79,7,False,0.18994852514061566,0.3281532819616204,0.8985459460805278,-0.09868215798388169,False,True,False
2026-07-22,MAX,13.319999694824219,79,6,False,0.24353489098143255,0.23788942522162193,0.8787023142675594,-0.09387756002358105,False,False,False
2026-07-22,QLYS,140.22999572753906,79,6,False,0.15541351388547509,0.1829791701744965,0.882029146518468,-0.16460148208237657,False,True,False
2026-07-22,RYAM,9.020000457763672,79,7,False,0.08158670910355026,0.10779515094658465,1.6925375267295704,-0.23881855127459972,False,True,False
2026-07-22,VCEL,44.560001373291016,79,6,False,0.11788467547721448,0.2064209192425266,0.5392055336431913,-0.08594868977864578,False,True,False
2026-07-22,WCC,330.54998779296875,79,7,False,-0.047870086657935906,0.13367657307438563,0.669781655800548,-0.12529771597849215,False,False,False
2026-07-22,CTS,60.130001068115234,79,7,False,-0.04228715232646452,0.16926088647347126,0.6688871247663326,-0.13544215054357922,False,True,False
2026-07-22,IXN,136.82000732421875,79,7,False,-0.012581902096372333,0.1873011020681059,0.46692411545604795,-0.08683170491785586,False,True,False
2026-07-22,ESI,38.369998931884766,79,7,False,-0.09226404394061971,0.14678518901098703,0.6955369136030036,-0.22091372727137537,False,False,False
2026-07-22,RSPT,60.25,79,7,False,-0.025087210390642767,0.1886665376585741,0.49540825591742,-0.10727512361733471,False,False,False
2026-07-22,APLD,30.079999923706055,78,5,False,-0.24058239119552693,-0.08130090349833419,2.072522986814454,-0.40699850510488855,False,True,False
2026-07-22,BUG,38.2599983215332,78,6,False,0.06391257014625507,0.2276197907592461,0.653056710513022,-0.10419107605547251,False,False,False
2026-07-22,NE,43.34000015258789,78,7,False,-0.029560993655956325,0.0985167267677014,0.7171157109985931,-0.21171334097059136,False,True,False
2026-07-22,PRCH,12.1899995803833,78,4,False,0.026016515411891872,0.19077850597052914,0.9166665604529414,-0.37281338425615074,False,True,False
2026-07-22,PTF,109.95999908447266,78,7,False,-0.10244648914895205,0.1473055242936716,0.7103748253006337,-0.21260290805325377,False,False,False
2026-07-22,QLD,88.27999877929688,78,7,False,-0.049159789716314295,0.15776363989333952,0.5597173349688456,-0.12758180996768798,False,True,False
2026-07-22,QTUM,144.8300018310547,78,7,False,-0.06451566294167321,0.1594261029278896,0.6231087793610479,-0.14805881275850186,False,True,False
2026-07-22,SFL,11.350000381469727,78,7,False,-0.0009506002796765278,0.17244802679213445,0.686478506582868,-0.12287474887742433,False,True,False
2026-07-22,TBN,34.66999816894531,78,7,False,0.020876843911237675,0.13552430169484575,0.7991695560638739,-0.3359509906741939,True,True,False
2026-07-22,TPC,87.0,78,7,False,0.12620775949077845,0.1670176671884145,0.9990808613256756,-0.13,False,False,False
2026-07-22,XNTK,351.2300109863281,78,7,False,-0.02917260527869081,0.16938604882560115,0.5270870042883831,-0.10500966058176253,False,True,False
2026-07-22,CYD,46.13999938964844,78,7,False,-0.07953064129743803,0.07149200609953454,1.1692523928840384,-0.24951204077432398,True,True,False
2026-07-22,BBY,87.11000061035156,78,6,False,0.18454153769306303,0.23702586036367235,0.5809437935150699,-0.0027475428501654298,False,True,False
2026-07-22,SPXL,269.9700012207031,78,7,False,-0.0020131906957112644,0.1646813898912458,0.6065818376998346,-0.06584774664116566,False,True,False
2026-07-22,UVE,37.79999923706055,78,7,False,-0.03418674791213505,0.09577761175198951,0.7213115124302507,-0.14012738798231494,False,False,False
2026-07-22,UPRO,141.27000427246094,78,7,False,-0.0029487063485214016,0.16144566401140836,0.6026092096094537,-0.06697047186047977,False,True,False
2026-07-22,PAYO,7.119999885559082,78,6,False,0.1434995406602726,0.2651704767192986,0.7450980437988963,-0.07110242387557564,True,True,False
2026-07-22,ANNX,5.230000019073486,77,4,False,-0.02831450258295598,0.03432250255372038,1.5763547255091557,-0.2715877236610389,False,False,False
2026-07-22,AVBP,30.440000534057617,77,7,False,-0.015412466434590932,0.2192850728306266,0.8906832181875284,-0.15043262689217707,False,True,False
2026-07-22,BIIB,197.74000549316406,77,7,False,-0.007923940853583389,0.08951052757854505,0.602690953923539,-0.10003638997553399,False,False,False
2026-07-22,GOOG,341.9100036621094,77,7,False,-0.06329208296203892,0.06028469176027462,0.8138943341680962,-0.15467153897640296,False,True,False
2026-07-22,GOOGL,342.0899963378906,77,7,False,-0.06907954073147327,0.05846740376153048,0.8248692205588448,-0.16279579892409868,False,True,False
2026-07-22,OIH,388.4800109863281,77,7,False,-0.04248619441942747,0.08900337765755229,0.6757106841996732,-0.15415430234529126,True,True,False
2026-07-22,RZLT,5.0,77,4,False,0.17337839925688803,0.03213554117190531,3.672896967193271,-0.5635855724397523,True,True,False
2026-07-22,SKM,33.939998626708984,77,6,False,-0.05732175758329228,0.18543454916354185,0.7263478580940368,-0.28062741824557236,True,True,False
2026-07-22,SPYU,32.779998779296875,77,7,False,-0.017986635266514894,0.1485110644469887,0.784430989751921,-0.10669031061688627,False,True,False
2026-07-22,WATT,15.40999984741211,77,5,False,-0.342217601152074,0.08013008149627421,3.256906169772475,-0.5832882628943319,False,True,False
2026-07-22,EVER,24.889999389648438,77,6,False,0.1572976013977383,0.1908122021545915,0.7932276069473936,-0.133658204447329,False,True,False
2026-07-22,CURE,112.12999725341797,77,7,False,0.09028146971179174,0.0903620386195545,0.6989393523245147,-0.1149960540312891,False,True,False
2026-07-22,CIBR,89.33000183105469,77,6,False,0.03066022679760394,0.20139467859006777,0.4870984232542219,-0.0690912600737068,False,True,False
2026-07-22,E,51.08000183105469,77,7,False,-0.003740818071919283,0.12679664220909181,0.5432025433774894,-0.11931031325767782,False,True,False
2026-07-22,RBC,591.5,77,7,False,-0.010717368697271357,0.13189201868157774,0.6227709190672153,-0.11410984463271545,False,True,False
2026-07-22,TEVA,30.149999618530273,77,6,False,-0.10306299010081277,-0.003914973512730402,1.0113408991921062,-0.19277106157258683,False,True,False
2026-07-22,ETSY,80.4800033569336,77,6,False,0.12733195502772388,0.309270444361611,0.8290909853848545,-0.07642869037598365,False,True,False
2026-07-22,BSTZ,28.729999542236328,76,7,False,-0.020583780675764052,0.17390600924376143,0.40214738229196656,-0.09880802074822037,False,True,False
2026-07-22,IDT,64.20999908447266,76,7,False,0.13697934511338072,0.24344001707590257,0.4044181402033036,-0.07143893466954576,False,True,False
2026-07-22,ITRN,56.15999984741211,76,7,False,-0.07422976412047144,0.1410077014991593,0.7169061882998065,-0.17774528055505345,False,False,False
2026-07-22,MQQQ,223.87669372558594,76,7,False,-0.045695772629396836,0.14267382707321152,0.5398249118813394,-0.11814433358994048,False,True,False
2026-07-22,NPKI,14.819999694824219,76,7,False,-0.0052356258898648145,0.07581909079139226,0.7706093067448474,-0.10181820031368372,False,True,False
2026-07-22,NXPI,278.79998779296875,76,7,False,-0.059970424620720664,0.16074648232081512,0.5234972010544741,-0.17987945938599303,False,True,False
2026-07-22,OMER,9.84000015258789,76,4,False,-0.07414375448711708,-0.08389269525260112,1.8604651130554548,-0.44249289715240947,False,True,False
2026-07-22,SGHC,14.479999542236328,76,6,False,0.051286488348956105,0.22034979960027745,0.7115838625230007,-0.0870113584056682,False,True,False
2026-07-22,WBD,25.850000381469727,76,5,False,-0.03569242487144808,-0.013492433340012266,1.4024163412267905,-0.13833332061767578,False,False,False
2026-07-22,XLK,180.27000427246094,76,7,False,-0.0164690901884601,0.16814158490525077,0.4230344477280177,-0.09288980955037596,False,True,False
2026-07-22,EVH,5.570000171661377,76,4,False,0.16003002727484517,0.29886790392831997,1.6587112628138603,-0.4618357520417383,False,True,False
2026-07-22,SPMO,150.07000732421875,76,7,False,-0.0031803157810230687,0.1710793099046135,0.39938465417406643,-0.07535425445210187,False,True,False
2026-07-22,EMXC,94.61000061035156,76,7,False,-0.035446147410489126,0.14019719822994303,0.5186196110588503,-0.11678493106302346,False,True,False
2026-07-22,ELAN,25.34000015258789,76,7,False,0.0680086435923859,0.08914764360342398,0.8924570203782176,-0.08585855770999262,False,True,False
2026-07-22,IEZ,27.739999771118164,75,7,False,-0.047488247145374696,0.07650813273351265,0.6203270100050011,-0.15606934370144954,True,True,False
2026-07-22,IYW,243.27999877929688,75,7,False,-0.008819107635471002,0.15539156707644453,0.4099919337301232,-0.06792847141091973,False,True,False
2026-07-22,JBL,318.2900085449219,75,6,False,-0.09925026279305771,0.15981100910906165,0.6787447167651754,-0.2579441541046297,False,True,False
2026-07-22,PII,74.19000244140625,75,6,False,0.08796075221745081,0.1472745822745296,0.5738227280863686,-0.014086346293604612,False,True,False
2026-07-22,YANG,31.190000534057617,75,6,False,-0.0322800659590492,0.16319184133434073,0.5641925626223001,-0.2612506008464255,False,True,False
2026-07-22,DTM,143.44000244140625,75,7,False,-0.01042692725665817,0.10207612961187174,0.46277795240303377,-0.06174779003076514,False,False,False
2026-07-22,CHPY,74.19999694824219,75,7,False,-0.06480336491710148,0.15703106493437446,0.45919369075309846,-0.17427112792947608,False,True,False
2026-07-22,KURA,10.539999961853027,75,6,False,0.036666925896141844,0.09220533599481096,0.9339450148117001,-0.15612488750995102,False,True,False
2026-07-22,ECVT,12.9399995803833,75,7,False,-0.0034195236557361675,0.14819116256677534,0.7462887782517977,-0.14219426266751023,False,True,False
2026-07-22,FCFS,208.74000549316406,75,7,False,-0.05546825247939613,0.11280493322358365,0.7510276578833803,-0.11539600621551382,False,True,False
2026-07-22,ABBV,253.3000030517578,74,6,False,0.09567260385264476,0.13208071536777943,0.36992975345130064,-0.0318759024986528,False,True,False
2026-07-22,ACIW,54.709999084472656,74,6,False,0.15083971293478582,0.20270039606416623,0.43784494563630205,-0.09074288267621466,False,False,False
2026-07-22,FTEC,276.2300109863281,74,7,False,-0.007736052265939541,0.15575572938349191,0.39390429196469245,-0.08165164021705129,True,True,False
2026-07-22,IHAK,60.209999084472656,74,6,False,0.04031069022326439,0.19626955430243642,0.46961184502106135,-0.08896955029859577,False,False,False
2026-07-22,MTUM,314.239990234375,74,7,False,-0.00839446850725245,0.16156911834962728,0.36971490167552035,-0.09071444901681724,False,False,False
2026-07-22,RNG,37.65999984741211,74,7,False,-0.06756790099776944,0.10050992619264187,0.5964391523448422,-0.24453358073896925,False,True,False
2026-07-22,SPHB,144.7100067138672,74,7,False,-0.0138487292491275,0.14442893984636407,0.4639353459550355,-0.08161452061045227,False,False,False
2026-07-22,DGXX,4.289999961853027,74,4,False,-0.3098566667050038,0.07567322521457198,1.306451574655362,-0.5336956466528777,False,True,False
2026-07-22,XPRO,15.75,74,6,False,0.021824878988928598,0.02674424264302111,0.8930289155897329,-0.15910302269449605,False,True,False
2026-07-22,MCRI,118.2699966430664,74,7,False,-0.04552617887624022,0.13480658862744255,0.3419947841707156,-0.1299197894819083,False,False,False
2026-07-22,MCY,102.73999786376953,74,7,False,-0.0062196121853519415,0.10669882453318547,0.5433378148529195,-0.09127896619205078,False,True,False
2026-07-22,MLKN,21.895000457763672,74,7,False,0.25503708841763517,0.24596855665083428,0.5900508155334911,-0.05543571313608597,False,True,False
2026-07-22,URI,1035.06005859375,74,7,False,-0.004579963462717385,0.15115713143530263,0.47530611749556395,-0.09498193424603496,False,True,False
2026-07-22,KTB,86.80999755859375,74,6,False,0.132568251778038,0.20707583917769523,0.6211017515480155,-0.02416818286876732,False,True,False
2026-07-22,VGT,115.62000274658203,74,7,False,-0.00806449126682074,0.15432734772766898,0.3915032836974275,-0.08238093058268225,True,True,False
2026-07-22,AUPH,15.329999923706055,73,6,False,-0.042688717441323853,0.02045400609537018,0.792982407218924,-0.2036363675996855,False,True,False
2026-07-22,BHVN,14.75,73,6,False,0.16597103916109224,0.26646403258740503,0.971925128661566,-0.2055370024710469,True,True,False
2026-07-22,HIW,32.5,73,5,False,0.1197243770099603,0.22803239326058433,0.5892419944990015,-0.040732025519738424,False,True,False
2026-07-22,HZO,32.91999816894531,73,7,False,-0.04391269173667567,0.1491202949800683,0.5375991781207066,-0.13686421877919286,False,True,False
2026-07-22,IHF,56.5,73,6,False,0.05604712858552485,0.1585703449721898,0.39265468141494897,-0.030874772909367576,False,True,False
2026-07-22,JXN,123.75,73,7,False,0.12277282780055554,0.15349875904296728,0.49727764930835594,-0.0232062703034992,False,False,False
2026-07-22,LAR,6.360000133514404,73,5,False,-0.2728436700718916,-0.1005833296379226,1.5238095958937508,-0.4721991673988063,False,True,False
2026-07-22,SAIA,426.2900085449219,73,7,False,-0.04513653815033303,0.14267366545889382,0.7098106691075505,-0.13830321621140962,True,False,False
2026-07-22,SLDB,8.100000381469727,73,6,False,-0.00715821975451425,0.2046356725615328,1.1372032883898582,-0.29257637411353055,False,True,False
2026-07-22,SVM,9.9399995803833,73,5,False,-0.11854430383568526,-0.012517426382503305,1.333333109466135,-0.3696893283544722,False,True,False
2026-07-22,UA,7.079999923706055,73,7,False,0.2022822815171914,0.26652473440324487,0.7924050223386134,-0.10455691964178027,False,True,False
2026-07-22,VET,11.029999732971191,73,6,False,0.024559686221377053,0.08130891851599453,0.5757142475673132,-0.25573549526972383,False,True,False
2026-07-22,VIVO,3.9000000953674316,73,3,False,-0.2048929422801984,0.16868817891298304,2.2499999503294648,-0.45833330573858966,False,True,False
2026-07-22,CHE,503.5199890136719,73,6,False,0.11015176871497445,0.1631733178288799,0.37871361899912936,-0.02746552611140951,False,True,False
2026-07-22,GM,82.12999725341797,73,7,False,0.04128628038834048,0.07568564336750638,0.6805811141492175,-0.06265698837105116,False,True,False
2026-07-22,DTCR,28.5,73,7,False,-0.05770171810116975,0.12384473155518139,0.571980216175306,-0.13083259517372747,False,True,False
2026-07-22,ENTG,137.47999572753906,73,6,False,-0.05553184846064796,0.1629450874181766,1.022656955399079,-0.2645769020430485,False,True,False
2026-07-22,XCEM,49.06999969482422,73,7,False,-0.03402089645357209,0.1301427078353985,0.45349532388826597,-0.11473932122200792,False,True,False
2026-07-22,IGM,156.64999389648438,73,7,False,-0.015235752250926882,0.14488009818129144,0.39120777992272626,-0.08648240144942487,False,True,False
2026-07-22,FWD,131.52000427246094,72,7,False,-0.049269250326435365,0.1143068905909419,0.4807476325641664,-0.12067337444402526,False,False,False
2026-07-22,GOLD,40.209999084472656,72,4,False,-0.025915846206297055,0.0012562166355269966,0.956310081386639,-0.39715141043147606,False,True,False
2026-07-22,HL,15.6899995803833,72,4,False,-0.03760046467285438,-0.1394063293796517,1.7918149288044778,-0.5408252730126621,False,False,False
2026-07-22,NSP,48.77000045776367,72,5,False,0.2659706532343604,0.3624141940050185,1.6262790123446647,-0.20892134224373993,False,True,False
2026-07-22,NVGS,21.100000381469727,72,7,False,-0.03074956954107988,0.09603843598649897,0.4985795806677753,-0.13382595021350407,False,True,False
2026-07-22,PDM,9.569999694824219,72,6,False,0.0731105376372796,0.16300262415476996,0.5142404169125987,-0.04204205064230304,False,True,False
2026-07-22,PWB,158.0500030517578,72,7,False,-0.006660788676942753,0.13934094843783718,0.3592191667609297,-0.06484818538133752,False,False,False
2026-07-22,TPL,433.1000061035156,72,7,False,0.09855603329721996,0.13384474394943902,0.6086418208168947,-0.20851608837381796,False,True,False
2026-07-22,COPX,79.98999786376953,72,6,False,-0.022934619210127183,0.043324207147656724,0.9072484616828018,-0.20002000627351568,True,True,False
2026-07-22,COPP,39.2400016784668,72,7,False,-0.01572181613768797,0.07286974396973678,0.8856320367853412,-0.17319843161765192,True,True,False
2026-07-22,CW,732.47998046875,72,7,False,-0.015207524759075164,0.111379133399363,0.5820301953968683,-0.0936448168563857,False,True,False
2026-07-22,FIVN,22.950000762939453,72,5,False,0.01337480985404893,0.15697420713275845,0.726862364846804,-0.22570846033976033,False,True,False
2026-07-22,CVI,34.880001068115234,72,5,False,0.10211642594140025,0.13929408126696763,0.7777777561745549,-0.1629469018285281,False,True,False
2026-07-22,ETHD,58.72999954223633,72,5,False,-0.18084234597745852,-0.0039026478506850593,1.1278985047285315,-0.4500936529582834,False,True,False
2026-07-22,TECH,71.77999877929688,72,6,False,0.22424194676219322,0.21189198602227033,0.6615740164726043,-0.005266142787241024,False,True,False
2026-07-22,CNXT,50.790000915527344,72,7,False,-0.10114942991219267,0.055592693383130776,0.6621396810669817,-0.1885285062836456,False,True,False
2026-07-22,CUZ,31.229999542236328,72,6,False,0.08839600533329084,0.20675130000440367,0.4850213277486022,-0.03462129782728507,False,True,False
2026-07-22,CLS,335.5,72,6,False,-0.08103591699586488,0.03498895205786745,1.1912350510259047,-0.29223888601150516,False,True,False
2026-07-22,PRN,229.9499969482422,72,7,False,-0.043251931767925855,0.12329306042658827,0.4757411509407725,-0.12476691914648352,False,True,False
2026-07-22,ITIC,283.29998779296875,72,6,False,0.10031633661754125,0.1285642605052124,0.40980339435355706,-0.027930327272331246,False,True,False
2026-07-22,ABEV,3.140000104904175,71,7,False,-0.0019705975315209567,0.11715946311824221,0.49523821309581084,-0.08985505463620813,False,True,False
2026-07-22,AGIX,43.43000030517578,71,7,False,-0.040252802878773086,0.1256125923701532,0.4061842312878663,-0.1256291140286553,False,True,False
2026-07-22,AIQ,60.13999938964844,71,7,False,-0.05299691372072979,0.10985413933172272,0.3922907701016751,-0.14403647080681659,False,True,False
2026-07-22,BVN,32.09000015258789,71,4,False,-0.011130554088903954,0.01791098886995135,0.8988166199366241,-0.2816207417062996,False,True,False
2026-07-22,C,132.25,71,7,False,-0.013479344021476658,0.12486896064653319,0.5038662307078869,-0.10617738578674185,False,False,False
2026-07-22,FMTM,39.38999938964844,71,7,False,-0.03678132427925396,0.09917676031959521,0.487537767016208,-0.1793750127156576,False,True,False
2026-07-22,ICOP,50.49190139770508,71,7,False,-0.02176442488602992,0.06147352296176467,0.7710242368414522,-0.15958888384044,True,True,False
2026-07-22,IDYA,35.0,71,7,False,0.07913447116822958,0.07956385582101988,0.627906976744186,-0.13750619958780963,False,True,False
2026-07-22,IRMD,94.08000183105469,71,6,False,0.008961415446094856,0.014173439419902234,0.7071621668205448,-0.12808155235762075,False,True,False
2026-07-22,PCAR,131.11000061035156,71,7,False,0.11109228491347611,0.14402040250413495,0.4212466190824018,-0.0058386733693645,False,True,False
2026-07-22,ROK,458.20001220703125,71,7,False,-0.005740723491440836,0.12556431796265954,0.5001309865918089,-0.07873567294894213,False,True,False
2026-07-22,SRRK,48.29999923706055,71,7,False,-0.03469117525786669,0.08952302305412707,0.7842630137264279,-0.17421785175222038,False,True,False
2026-07-22,STRT,84.9800033569336,71,7,False,0.10303188828290022,0.10576752092324648,0.49061578422877905,-0.08129726100612333,False,True,False
2026-07-22,UAA,7.260000228881836,71,7,False,0.20055566826389026,0.25983709205819494,0.757869256104035,-0.10920238420930561,False,True,False
2026-07-22,ERO,27.06999969482422,71,4,False,-0.01908207183779964,-0.0011696799633756916,1.1164972459391853,-0.31983216060394115,False,True,False
2026-07-22,WHD,55.97999954223633,71,7,False,-0.0018686050225286133,0.11402873460485852,0.6861445257774141,-0.12939351655744646,False,True,False
2026-07-22,TECK,57.209999084472656,71,7,False,-0.0743407583971174,0.0794777332131924,0.8466752721050197,-0.19705264442845394,False,False,False
2026-07-22,UTHR,527.0700073242188,71,6,False,-0.043455458897334154,0.030053351810239493,0.9369028986540955,-0.13502908272475134,False,True,False
2026-07-22,VOLT,38.5,71,7,False,-0.02474611795277515,0.11842152194357158,0.47283859598122957,-0.08681214090746181,False,True,False
2026-07-22,AAL,14.789999961853027,70,7,False,-0.02062060931633325,0.08599078761213774,0.46580770447854536,-0.21287923144106224,False,False,False
2026-07-22,BTX,8.430000305175781,70,7,False,-0.039425665852781955,0.15316749233992222,0.37520393928159534,-0.10651829038092897,False,False,False
2026-07-22,FTAI,222.49000549316406,70,4,False,-0.08863156639353043,-0.024861856728228382,1.0244768189632172,-0.31226237588644457,False,False,False
2026-07-22,ICLR,167.27999877929688,70,5,False,0.13414167026737633,0.12369814828896009,1.5128436164361707,-0.2072037972545172,True,True,False
2026-07-22,IHG,155.5399932861328,70,7,False,-0.036497189137058905,0.0961768958950091,0.37257318836047393,-0.11569734592149461,False,False,False
2026-07-22,LYTS,23.81999969482422,70,7,False,-0.02842926440942195,0.10484167212166762,0.38407907972030575,-0.12938599548817253,False,True,False
2026-07-22,MAR,369.79998779296875,70,7,False,-0.01596911547804436,0.11652276203945755,0.45728245506801835,-0.10019957684688774,False,True,False
2026-07-22,OIS,8.729999542236328,70,5,False,0.03933514363264301,0.003436687576621855,0.8378946404708059,-0.39793106605266704,False,True,False
2026-07-22,OSPN,15.149999618530273,70,5,False,0.07533747937814517,0.19307775689523576,0.5044687266790162,-0.07846720642465543,False,True,False
2026-07-22,SKE,28.170000076293945,70,4,False,-0.005106905642384252,0.05011631247781967,1.0398261564336586,-0.27340728027634265,False,True,False
2026-07-22,ELV,389.0899963378906,70,7,False,-0.02445422067789682,0.11068846463845738,0.42154107809304775,-0.10808269519525826,False,False,False
2026-07-22,EBAY,110.94999694824219,70,7,False,-0.00564798047313908,0.15778842961562534,0.4386669216393344,-0.07006957322453988,False,True,False
2026-07-22,PAM,89.38999938964844,70,7,False,0.07471937764793246,0.08253888954237754,0.6267515586630663,-0.05407408053282081,False,True,False
2026-07-22,DD,139.63999938964844,70,7,False,-0.011708886065369462,0.06313168611465714,0.6127359916595081,-0.11609062434411499,False,True,False
2026-07-22,NXT,104.95999908447266,70,5,False,-0.14475175182846023,-0.031655491155466176,0.9950579332215534,-0.3565867961576251,True,True,False
2026-07-22,MLAB,98.56999969482422,70,7,False,-0.021085836748396036,0.11453147801063435,0.7776374813091875,-0.1352750105967533,False,True,False
2026-07-22,ACT,45.77000045776367,69,7,False,0.049279706930952516,0.1214021432663761,0.34855634383394185,-0.03193735957104982,False,False,False
2026-07-22,ASPN,5.309999942779541,69,2,False,-0.06040981589772354,0.1739087072033294,1.3086956751594476,-0.45705520575036374,False,True,False
2026-07-22,AUB,42.34000015258789,69,7,False,0.06830166877301647,0.14050363847265346,0.39322148742819363,-0.02934431019348871,False,False,False
2026-07-22,BLCR,49.22999954223633,69,6,False,-0.009233477776711352,0.10795530437033163,0.3440169638368715,-0.03504649260288362,False,True,False
2026-07-22,FTDR,72.04000091552734,69,7,False,0.04311766758628499,0.16479300014600318,0.48628015476006836,-0.10764278558226892,False,True,False
2026-07-22,GE,341.19000244140625,69,7,False,0.01533643692543718,0.08985376750073648,0.3397863721627348,-0.10909470362201901,False,True,False
2026-07-22,H,187.42999267578125,69,7,False,0.001020052731214749,0.13924592502569832,0.40386488193724346,-0.0939282987394423,False,True,False
2026-07-22,HLIT,12.0,69,5,False,-0.15074309978768585,0.08080357668002613,0.5384615008412508,-0.3212669800414525,False,True,False
2026-07-22,HTO,63.93000030517578,69,7,False,0.08266750687350122,0.18054510980980898,0.46125714983258925,-0.0320969363910667,False,False,False
2026-07-22,IBB,187.0,69,7,False,0.04952289549559441,0.09807771792757225,0.44012315140689906,-0.06053756778202368,False,True,False
2026-07-22,IEX,223.16000366210938,69,7,False,0.0227501986801375,0.14128432513354472,0.41914151772406605,-0.03685797755120601,False,True,False
2026-07-22,IRM,124.51000213623047,69,6,False,-0.00785839148509282,0.1707850281135994,0.601003054014291,-0.07551225937495609,False,False,False
2026-07-22,IWC,190.1300048828125,69,6,False,-0.0005435105535970264,0.11703357523079783,0.5066962612279486,-0.06468906914330241,False,True,False
2026-07-22,JCI,142.49000549316406,69,7,False,0.004322101099105691,0.10054177848945622,0.3957293623712179,-0.057481066302560446,False,True,False
2026-07-22,LOB,41.04999923706055,69,7,False,0.04948559332388425,0.13035885845251194,0.398160707891382,-0.06385403271366175,False,True,False
2026-07-22,LYV,177.9199981689453,69,7,False,0.03026041242956712,0.14635664911619317,0.4194989896864998,-0.05361703101624837,False,True,False
2026-07-22,MBWM,57.79999923706055,69,7,False,0.0588019644085096,0.141110773166369,0.35204676577919414,-0.04304639442276115,False,False,False
2026-07-22,NWL,5.389999866485596,69,6,False,0.16540537894049012,0.2737047028305526,0.7557003204205983,-0.1882530158335074,False,True,False
2026-07-22,OHI,50.61000061035156,69,7,False,0.06896188848561757,0.11616399034462654,0.3311415044977206,-0.008552963929467139,False,True,False
2026-07-22,OKE,91.75,69,7,False,0.026481547109661996,0.13037923946309338,0.4331459670567923,-0.04496720837459267,False,True,False
2026-07-22,PCVX,56.0,69,6,False,0.06496677739627388,0.08485819066585631,0.9257221508569786,-0.1384615384615384,False,True,False
2026-07-22,UBSI,46.90999984741211,69,7,False,0.04843683498221529,0.1363113292534155,0.37565988112910564,-0.027167178351886312,False,False,False
2026-07-22,VMI,487.5,69,6,False,-0.09221798583417495,0.0697289959206524,0.44260648822527004,-0.16767686788402125,False,True,False
2026-07-22,DDM,65.12000274658203,69,7,False,0.02782972919419824,0.11763392828433772,0.3809777209701166,-0.04235290078555831,False,True,False
2026-07-22,DLX,26.110000610351562,69,6,False,0.08711947363886563,0.08020224968975898,0.6943543717644076,-0.185843440635721,False,True,False
2026-07-22,D,71.08999633789062,69,6,False,0.04775851453317692,0.12967320883747124,0.272873738229934,-0.026030984812811186,False,True,False
2026-07-22,COP,118.79000091552734,69,7,False,0.042965365406294254,0.11195513652921507,0.38822018627063826,-0.12570835957511228,False,True,False
2026-07-22,CP,91.31999969482422,69,7,False,0.031836417128261685,0.13812261870360953,0.3346974881427698,-0.027993585299069812,False,True,False
2026-07-22,NJR,58.880001068115234,69,7,False,0.04059157120664847,0.13719766167568936,0.3548090729056601,-0.029823654630916296,False,True,False
2026-07-22,QCOM,175.6300048828125,69,3,False,-0.1442208986924296,0.03836815515967551,0.4397082380388646,-0.3242921059957433,False,True,False
2026-07-22,PRU,118.8499984741211,69,4,False,0.10165232258407886,0.1310795966600098,0.293394267749987,-0.014388196073511161,False,True,False
2026-07-22,STGW,7.059999942779541,69,7,False,0.020555658702469337,0.18894249200715985,0.6456876469831101,-0.12623762259377225,False,True,False
2026-07-22,VOD,15.510000228881836,69,7,False,0.05570531530648348,0.1081579465345206,0.4549718997085299,-0.06622518609567007,False,False,False
2026-07-22,OPRA,19.229999542236328,69,7,False,0.0276607749826443,0.22509433586779592,0.6421861212290263,-0.08689458547544016,False,True,False
2026-07-22,WES,47.060001373291016,69,6,False,0.05492046123540084,0.13744445937869232,0.275338737866627,-0.019787481388352846,False,True,False
2026-07-22,SPRX,46.82849884033203,69,6,False,-0.10061993111793754,0.08506446730205774,0.5545245646795307,-0.20763959307312918,False,True,False
2026-07-22,HMN,51.36000061035156,69,6,False,0.04782968352796546,0.12749026905922922,0.26689687840337517,-0.07559396434713717,False,True,False
2026-07-22,DIVB,63.529998779296875,69,6,False,0.03171971489272596,0.13499274338131073,0.2891639682017728,-0.021561705210207838,False,False,False
2026-07-22,DJCO,574.6500244140625,69,7,False,0.06642397813459011,0.1282692224262434,0.6483091425456158,-0.1483512050180622,False,True,False
2026-07-22,ADAM,8.789999961853027,68,6,False,-0.03035785058269791,0.10179370268635801,0.42694808110195215,-0.08342024796725167,False,True,False
2026-07-22,AIRR,123.62999725341797,68,6,False,-0.028908887951630713,0.09139589157032324,0.50061897497226,-0.08456131462628058,False,False,False
2026-07-22,APH,157.50999450683594,68,7,False,0.05115562894525394,0.11630797376474367,0.6546905186160747,-0.11768994657629006,False,True,False
2026-07-22,ARIS,14.90999984741211,68,3,False,-0.08001579784808333,-0.08342606433136268,1.2417681245079097,-0.3598111094331612,False,True,False
2026-07-22,BCH,41.459999084472656,68,6,False,0.07080868636076443,0.07915071033013699,0.5310191728685432,-0.11353434512121263,False,True,False
2026-07-22,BMY,60.7599983215332,68,6,False,0.061888719611092435,0.10651275065351973,0.42897454532927015,-0.03386867687688078,False,True,False
2026-07-22,CALF,52.220001220703125,68,7,False,0.04336333493639555,0.1263281174195805,0.34069320148486226,-0.024654457830638576,False,True,False
2026-07-22,CENX,45.33000183105469,68,4,False,-0.16289321304719628,-0.03495079077913865,1.2429492273397345,-0.3563822002749095,True,True,False
2026-07-22,FFSM,37.06999969482422,68,7,False,0.0137416979596503,0.11879305611643431,0.38166231085488955,-0.035087708846189614,False,False,False
2026-07-22,FR,67.70999908447266,68,7,False,0.07089984990157672,0.1361986773815418,0.42908395014871914,-0.031053209133307114,False,False,False
2026-07-22,GARP,79.55000305175781,68,6,False,-0.003790699611193382,0.11798151997191386,0.3256124858649285,-0.046163050403859374,False,False,False
2026-07-22,HGER,32.61000061035156,68,7,False,0.04798695904313299,0.13725711945587338,0.3486352439528846,-0.027728094209599097,False,False,False
2026-07-22,HOPE,13.539999961853027,68,7,False,0.045996010033420465,0.15080764298887805,0.4343220936142511,-0.036298948182089785,False,True,False
2026-07-22,IJS,136.99000549316406,68,7,False,0.032898369041611586,0.12502997199152155,0.3992850189788004,-0.01161616550831257,False,True,False
2026-07-22,IMKTA,89.62999725341797,68,7,False,0.00492424370021638,0.09592957268007885,0.512232099901688,-0.06264385401702133,False,True,False
2026-07-22,INDB,85.29000091552734,68,7,False,0.04807712212176396,0.10944827261915635,0.3857027127982877,-0.025257132393973203,False,False,False
2026-07-22,NOVT,145.25,68,6,False,-0.06693167569461267,0.103525926499896,0.4780706722477368,-0.15478618073189265,False,True,False
2026-07-22,OMCL,40.86000061035156,68,4,False,-0.04069192531980381,0.020869628681716268,0.47137198188011964,-0.25709089799360796,False,False,False
2026-07-22,REYN,25.979999542236328,68,4,False,0.08494562394475302,0.11281133687677758,0.2710371263908644,-0.04904832238492862,True,True,False
2026-07-22,RNR,319.69000244140625,68,7,False,0.05513196626735417,0.11304962459338985,0.38292168089982037,-0.029978470926490974,False,True,False
2026-07-22,S,18.219999313354492,68,4,False,0.0702285807740528,0.17794611421780182,0.5427602596093586,-0.1202317663541107,False,True,False
2026-07-22,SEIC,98.75,68,7,False,0.07886473758691737,0.16420199727657625,0.3152636866233385,-0.02024011208450216,False,False,False
2026-07-22,DFSV,39.61000061035156,68,7,False,0.03749765755482337,0.12325777996798681,0.3724878646102374,-0.008510641954813214,False,True,False
2026-07-22,TRNO,73.0999984741211,68,7,False,0.0894155086079036,0.15290589956755518,0.3792452542286999,-0.07398028612451513,False,True,False
2026-07-22,SXC,8.699999809265137,68,7,False,0.02386666847348362,0.168907046500836,0.5760869274142408,-0.10677617929077565,False,True,False
2026-07-22,CZR,29.940000534057617,68,7,False,0.02634774400522444,0.18947471713744624,0.6763717531288633,-0.030440370863198174,False,True,False
2026-07-22,VIOO,135.1300048828125,68,7,False,0.02961058440908504,0.1286251338142952,0.35959357795193236,-0.0238386763531635,False,True,False
2026-07-22,RPG,58.11000061035156,68,6,False,-0.024207569567065823,0.1308428680582021,0.3386316704586627,-0.09288162933193844,False,True,False
2026-07-22,JIVE,94.48999786376953,68,7,False,0.02073772483153946,0.1029633986719305,0.366252065650738,-0.007040834095791704,False,True,False
2026-07-22,VPL,110.48999786376953,68,6,False,-0.02728430533245052,0.09276644724114225,0.3570375871847158,-0.0885919755486817,False,True,False
2026-07-22,DFUV,55.2599983215332,68,7,False,0.019971178778453114,0.11806611316624305,0.3277270480465808,-0.0070081436415475595,False,True,False
2026-07-22,CLSK,15.324999809265137,68,4,False,0.0026759711592503344,0.1529946699532545,0.9156249761581421,-0.3509106559469529,False,False,False
2026-07-22,TNET,60.029998779296875,68,4,False,0.2299464998223999,0.18873167938772206,0.7860755039917555,-0.17586488471485717,False,True,False
2026-07-22,KIM,26.139999389648438,68,7,False,0.05683625947067972,0.16198949137207141,0.3228744477159162,-0.011720278425298769,False,True,False
2026-07-22,ONB,26.389999389648438,68,7,False,0.0574356856142233,0.13608231995492326,0.36101084168868125,-0.03404100715828229,False,False,False
2026-07-22,FCG,29.290000915527344,68,7,False,0.032355874392705486,0.09903101815680238,0.34604782203315465,-0.11323033611838196,False,True,False
2026-07-22,IWX,108.04000091552734,68,7,False,0.02871725489712129,0.12179770990703465,0.30514620087851396,-0.010260193376768756,False,False,False
2026-07-22,SLYV,109.29000091552734,68,7,False,0.03219652610029189,0.12204570623330468,0.3911660426671184,-0.011218654460003363,False,True,False
2026-07-22,JMOM,82.16000366210938,68,6,False,0.000721354723905554,0.12590510955893275,0.29815140580844157,-0.040635167589220034,False,False,False
2026-07-22,AGIO,36.04999923706055,67,5,False,0.0830834441651731,0.13175794964902066,0.6209532197871985,-0.2163043644117273,False,True,False
2026-07-22,AMBP,4.710000038146973,67,7,False,0.09194602986970102,0.13592514650695597,0.4316109704433426,-0.06361832173235027,False,False,False
2026-07-22,ASB,30.700000762939453,67,6,False,0.049859820637322194,0.13167210157672615,0.29919601579636645,-0.03550107331055985,False,True,False
2026-07-22,BOKF,141.5500030517578,67,7,False,0.05954090127918188,0.1287743998704649,0.45328542950944795,-0.013794995780524344,False,False,False
2026-07-22,F,14.420000076293945,67,7,False,0.00825060180837034,0.08867985014357482,0.3501872344802903,-0.18897640498266388,True,True,False
2026-07-22,FBNC,62.61000061035156,67,7,False,0.023795360264019294,0.11332794030117599,0.39009767623621516,-0.05906222198831834,False,False,False
2026-07-22,FIBK,38.38999938964844,67,7,False,0.04123155525160582,0.09810111596236237,0.3909419876466007,-0.05443347703279677,False,False,False
2026-07-22,GNRC,213.4199981689453,67,4,False,-0.17583309811622805,0.0486067607481353,0.5832343719384083,-0.28005668461991906,False,True,False
2026-07-22,GVAL,37.369998931884766,67,7,False,0.03581184334379861,0.1141780271998094,0.36786234807186036,-0.015023714165950164,False,True,False
2026-07-22,HOG,27.6200008392334,67,4,False,0.09863886827129353,0.20300624692597902,0.6161498298787891,-0.1161599731445313,False,True,False
2026-07-22,HUN,13.220000267028809,67,7,False,0.009792410761501724,0.13269789203640858,0.8109588933720291,-0.17837165061166738,False,True,False
2026-07-22,IAT,63.91999816894531,67,7,False,0.06499605650211215,0.13776534053988487,0.3493772347527062,-0.02143296895927327,False,False,False
2026-07-22,IJR,145.77999877929688,67,7,False,0.028237375246936702,0.12740015684686656,0.36128493570334475,-0.02390363025324782,False,True,False
2026-07-22,IJT,172.16000366210938,67,7,False,0.023302502796902713,0.12951280718599012,0.3255312379872872,-0.04169212629470387,False,True,False
2026-07-22,IMAX,39.29999923706055,67,7,False,0.003436681310681866,0.06386432118748364,0.6239668594244694,-0.13664325918613363,False,True,False
2026-07-22,MAS,78.01000213623047,67,7,False,0.0600423644264354,0.14378381107637006,0.34129990269767174,-0.06249245289575456,False,True,False
2026-07-22,QQQJ,43.810001373291016,67,6,False,-0.0049188173933155666,0.11626085452200785,0.34966120175424376,-0.05111537555229251,False,True,False
2026-07-22,QTOP,37.16339874267578,67,6,False,-0.017768646787546083,0.10904045476769308,0.30764949482442083,-0.05712551365093477,False,True,False
2026-07-22,SCHA,34.439998626708984,67,7,False,0.006076149046783996,0.12046636318585358,0.3803606241914792,-0.04861884251760318,False,False,False
2026-07-22,SJM,118.05000305175781,67,5,False,0.0868264556515832,0.13543735903160625,0.3376770884051876,-0.011223689963489547,False,True,False
2026-07-22,SQM,69.20999908447266,67,3,False,-0.11141412442343723,-0.03523532196803825,0.940286028518152,-0.2937755195461974,False,True,False
2026-07-22,EFSC,65.68000030517578,67,6,False,0.041551039968594994,0.1364767000713114,0.2833137927616156,-0.04437658813892842,False,True,False
2026-07-22,DFLV,40.349998474121094,67,7,False,0.024793102485380913,0.11505822021283962,0.31647631244100993,-0.0037037413797260665,False,True,False
2026-07-22,DFEV,40.790000915527344,67,6,False,-0.028794236240434534,0.09912868796203611,0.36553849953582174,-0.09244629675179095,False,False,False
2026-07-22,CLH,306.2699890136719,67,7,False,0.04185585138005976,0.14130965231854553,0.5211582128952004,-0.033787688817760175,False,True,False
2026-07-22,SPSM,56.689998626708984,67,7,False,0.027867906981688062,0.1256301482824429,0.35751917876580097,-0.023764440767480077,False,True,False
2026-07-22,ZVRA,12.140000343322754,67,6,False,-0.013649628724313523,0.19890581169514343,0.6955308103408133,-0.19255068396875674,False,True,False
2026-07-22,NVCR,15.569999694824219,67,6,False,-0.06762002087141428,0.1364755890090512,0.5855397330644141,-0.17706133023049786,False,True,False
2026-07-22,SLYG,114.86000061035156,67,7,False,0.022726878098177083,0.12899279024476584,0.32632797499038624,-0.04139541893761922,False,True,False
2026-07-22,CNK,32.25,67,7,False,0.06798688584468349,0.17606301436115301,0.49305552918724604,-0.07140799236752993,False,False,False
2026-07-22,STOK,28.959999084472656,67,3,False,-0.05145903664410101,-0.0843607281455262,1.3640815579161352,-0.2799602634132795,False,True,False
2026-07-22,SIGI,96.08000183105469,67,7,False,0.042475924803002885,0.14542814660238523,0.33909410217497826,-0.04302788475267805,False,True,False
2026-07-22,WFRD,87.11000061035156,67,5,False,-0.08149793495066693,-0.01989436052438276,0.6529098168393757,-0.23013699128913978,True,False,False
2026-07-22,EEMA,113.0199966430664,67,6,False,-0.01779307832639787,0.10103358614565039,0.3712690991741703,-0.07911681290863926,False,True,False
2026-07-22,CMRE,15.210000038146973,67,4,False,-0.02728213964093318,-0.022854662019490157,0.6604803811698876,-0.15780728195313354,False,True,False
2026-07-22,CLPT,15.029999732971191,67,4,False,0.018168500366082307,0.024393219580281844,0.8174122008495657,-0.5006644670269169,False,True,False
2026-07-22,PFGC,111.37000274658203,67,5,False,0.07496889775176951,0.16384304060085553,0.37800053411425916,-0.04337738792123047,False,False,False
2026-07-22,TMHC,72.47000122070312,67,7,False,0.06847248328194988,0.14950917328521074,0.3383194677486552,-0.00041377626616379004,True,True,False
2026-07-22,CVLT,140.24000549316406,67,3,False,0.09776568526878071,0.2035402965415345,0.9545645364900914,-0.3011759487168413,False,True,False
2026-07-22,EGBN,26.940000534057617,67,6,False,-0.003933961557167742,0.12678179458519523,0.7924152370381985,-0.08023217166319496,False,True,False
2026-07-22,AAXJ,112.76000213623047,66,6,False,-0.030418496223495795,0.09660822734286922,0.36629109177349184,-0.09712544889661812,False,True,False
2026-07-22,ADUR,14.260000228881836,66,4,False,-0.043351078888865135,0.09567781217517868,0.5844444698757596,-0.2160527866845049,False,False,False
2026-07-22,AER,150.61000061035156,66,7,False,0.04950462232880404,0.07611585488938344,0.42555606658897904,-0.03448942043308201,False,True,False
2026-07-22,AESI,14.550000190734863,66,5,False,-0.1236523481478754,0.1340829065403062,0.9039518206044064,-0.2771981720151864,False,True,False
2026-07-22,ASTE,56.08000183105469,66,6,False,0.047194755970369595,0.0824102875373367,0.4804646317251282,-0.146293199165633,False,True,False
2026-07-22,BIP,40.25,66,7,False,0.05519523103297974,0.10447511555662814,0.3584205582190989,-0.010326977817914251,False,False,False
2026-07-22,BURL,353.9800109863281,66,7,False,0.09767369810532367,0.16975397432821326,0.4719115260546245,-0.02001600354305022,False,True,False
2026-07-22,FLG,14.880000114440918,66,7,False,0.02967228503093189,0.12583984982071272,0.407757856580371,-0.03626939644829197,False,True,False
2026-07-22,GABC,47.560001373291016,66,7,False,0.04899580504965728,0.1309834141136621,0.30087526222129934,-0.0370519951199062,False,True,False
2026-07-22,GEF,76.80000305175781,66,6,False,0.11594821864041371,0.1397838401514786,0.3775785300763732,-0.004407523212091813,False,True,False
2026-07-22,HAFN,7.53000020980835,66,6,False,-0.015840626104538513,0.08774163329660967,0.45647970961078643,-0.2102778887980723,False,True,False
2026-07-22,HAL,33.029998779296875,66,5,False,-0.12053681051657195,-0.01218399782942603,0.6375804984808824,-0.2422574291425893,True,False,False
2026-07-22,HAPN,18.809999465942383,66,5,False,0.035040582208127447,0.08342546215549151,0.4887217352751103,-0.1319797231325477,False,True,False
2026-07-22,HSIC,84.80999755859375,66,7,False,0.062409150777701594,0.1224749452229732,0.3690072076533355,-0.050705159670748956,False,True,False
2026-07-22,IAG,15.149999618530273,66,3,False,-0.07341718579401824,-0.10767139781559065,1.2645739146413026,-0.390832364000947,False,True,False
2026-07-22,IWD,247.52000427246094,66,6,False,0.027025829560600956,0.1170418781453122,0.29158842131488183,-0.011896190529098072,False,True,False
2026-07-22,KMT,34.72999954223633,66,5,False,0.005227291533841161,0.05512599355466263,0.9710554987548652,-0.20725865205268756,False,True,False
2026-07-22,KOID,37.63999938964844,66,6,False,-0.06800311040301354,0.08259175155591136,0.4327040312052466,-0.13111727481970448,False,True,False
2026-07-22,MGNI,18.299999237060547,66,3,False,0.09012922322801264,0.208694629046958,0.6913123616643362,-0.31332084431490215,False,True,False
2026-07-22,MHO,148.8800048828125,66,6,False,0.04781467456816224,0.10598780519675466,0.2748758900415951,-0.0903091680836785,False,True,False
2026-07-22,PRF,54.58000183105469,66,7,False,0.01709574199766073,0.10648446698793723,0.3048051504156133,-0.005647614538910162,False,True,False
2026-07-22,PRI,312.8399963378906,66,7,False,0.10085620842982612,0.17144407351625435,0.3596418849886911,-0.015266473814863457,False,True,False
2026-07-22,PVAL,52.459999084472656,66,7,False,0.02859919863428484,0.10863149930731608,0.32107782155516307,-0.001142448072506519,False,False,False
2026-07-22,RIO,92.27999877929688,66,5,False,-0.07404993108987812,0.043177452827127594,0.5801369241130012,-0.18031624375190003,True,False,False
2026-07-22,VNO,38.5099983215332,66,4,False,0.058653361137237514,0.15684027934029787,0.5673585185125383,-0.11205904381008835,True,True,False
2026-07-22,WAFD,36.7400016784668,66,7,False,0.0037648486373766943,0.1081135002419189,0.3964273061284469,-0.06963788004849658,False,False,False
2026-07-22,EGP,216.3300018310547,66,7,False,0.05018642638471893,0.13679508695571685,0.3574073442870065,-0.04578538474445548,False,False,False
2026-07-22,DE,607.3300170898438,66,7,False,0.04153664679280533,0.12005802913196817,0.40260973923751453,-0.0991708347935244,False,True,False
2026-07-22,CR,219.85000610351562,66,7,False,0.09361789170040713,0.15175569364078734,0.37767892957081184,-0.02918837946827102,True,True,False
2026-07-22,VFMO,233.5,66,6,False,-0.004215898347876057,0.11483489408530256,0.3733275011446897,-0.06674659133467875,False,False,False
2026-07-22,EWP,60.130001068115234,66,7,False,0.033936097010681676,0.09684047024342446,0.3604072405024181,-0.005951406850096319,False,True,False
2026-07-22,EPD,38.88999938964844,66,6,False,0.03119297295089174,0.10714131268307936,0.2959013359893423,-0.031864546617938805,False,True,False
2026-07-22,DBRG,15.8100004196167,66,7,False,0.0056228629382775175,0.09390192393097974,0.7684565057819441,-0.003152537083410123,False,True,False
2026-07-22,VONV,108.5199966430664,66,6,False,0.026318053220181215,0.11586161341041157,0.28990847718894397,-0.012107436044871855,False,True,False
2026-07-22,KEY,23.110000610351562,66,7,False,0.03500477281354564,0.1184811008527702,0.4031573511732396,-0.03988363509115811,False,True,False
2026-07-22,ENB,56.25,66,6,False,0.010828892510937438,0.09310961612286284,0.2617765296011254,-0.03763902026044752,False,True,False
2026-07-22,ETR,114.87999725341797,66,7,False,0.023867637472992698,0.10880803582579146,0.3296295743583826,-0.03013929748249944,False,True,False
2026-07-22,DES,40.97999954223633,66,7,False,0.03918891619580522,0.12799803573465685,0.31980678097162607,-0.010383972633669414,False,True,False
2026-07-22,WMB,74.48999786376953,66,7,False,0.0022738944371754055,0.09205177249480334,0.33446790166637075,-0.06980524275059863,False,True,False
2026-07-22,ALSN,119.05999755859375,65,7,False,0.025110277463374686,0.10138198047404301,0.5663727695363836,-0.13486410563224738,False,True,False
2026-07-22,AUGO,55.88999938964844,65,3,False,-0.14242577176358762,-0.10339836110349587,1.5127005940280944,-0.4933874799671425,False,True,False
2026-07-22,BFST,30.489999771118164,65,7,False,0.047226513168890705,0.11734504395074596,0.35150711404702273,-0.034056731973742926,False,True,False
2026-07-22,BITI,24.5,65,5,False,-0.032775105112904934,0.031791821798959896,0.4781296453862187,-0.2080167957664567,False,True,False
2026-07-22,BRX,32.400001525878906,65,7,False,0.040028288001032974,0.13198455546396226,0.31386868314514826,-0.013998754593076534,False,True,False
2026-07-22,BTI,62.060001373291016,65,6,False,0.0031812362258845095,0.06493972572635842,0.244186047400901,-0.0778603483039505,False,True,False
2026-07-22,HSTM,26.889999389648438,65,4,False,0.03386491432652439,0.13719741234065475,0.37897432767427874,-0.10366668701171877,False,True,False
2026-07-22,IVES,36.45000076293945,65,6,False,-0.02804145479029796,0.09491602114044517,0.3625659418870053,-0.1306940019640278,True,True,False
2026-07-22,IWM,293.7900085449219,65,7,False,0.009990958173526021,0.1119833654182687,0.3835829971355098,-0.029499182874509478,True,True,False
2026-07-22,IYT,87.94999694824219,65,7,False,0.035066288306509374,0.12446314142544934,0.3269462668685823,-0.02342883263991624,False,True,False
2026-07-22,KRE,75.5999984741211,65,7,False,0.04859893483043787,0.12080529745301383,0.31364030367244333,-0.032010243903249136,False,True,False
2026-07-22,LNG,267.3999938964844,65,7,False,0.09793909438400306,0.15318314762654817,0.4360902163216107,-0.11130319758561336,False,True,False
2026-07-22,NDSN,291.5899963378906,65,7,False,0.01251307551878944,0.09431878808883742,0.4081031184063011,-0.05247934753031136,False,True,False
2026-07-22,PCG,18.110000610351562,65,6,False,0.07648964606238695,0.08719799707473408,0.35960968658194536,-0.05480163076318434,False,True,False
2026-07-22,QQQ,705.3499755859375,65,5,False,-0.01922208791022606,0.09808348905715425,0.2785491316529709,-0.05783750406208055,False,True,False
2026-07-22,QQQM,290.4200134277344,65,5,False,-0.019191936925196162,0.09814033614670592,0.2793833190649091,-0.0577203157605507,False,True,False
2026-07-22,RNST,43.380001068115234,65,7,False,0.040013449800720524,0.13577902828651744,0.31295399110381217,-0.02516851532325315,False,True,False
2026-07-22,SFNC,23.110000610351562,65,7,False,0.04928128456049663,0.14679300276299267,0.35941180060891553,-0.03345877215248638,False,False,False
2026-07-22,SMMD,89.56999969482422,65,7,False,0.00954428281210018,0.11257516400237666,0.3376642909123724,-0.02715325304970695,False,True,False
2026-07-22,TFX,134.8000030517578,65,7,False,0.03172953608035711,0.11530225489774604,0.3455779860363346,-0.03486786841148759,False,True,False
2026-07-22,UAN,122.86000061035156,65,7,False,0.038869237224628206,0.10454770341629915,0.4603590231944301,-0.11928314974658383,False,True,False
2026-07-22,WSC,26.3700008392334,65,6,False,-0.008717391801632224,0.20128468764791707,0.7686117444065816,-0.1728355855264303,False,True,False
2026-07-22,CNEQ,39.34000015258789,65,6,False,-0.014328065460557204,0.10117177100774599,0.3349169008891273,-0.06666669683429916,False,True,False
2026-07-22,DFAT,70.62000274658203,65,7,False,0.033175172924842844,0.1136044024981171,0.3366646319881783,-0.01078577741489739,False,False,False
2026-07-22,BP,43.31999969482422,65,7,False,0.04323198235817549,0.09833550032749194,0.3713200217023549,-0.10254818139624244,False,True,False
2026-07-22,FNDX,31.610000610351562,65,7,False,0.01894117257589656,0.10327161635013882,0.30243098533769963,-0.005292922141376444,False,True,False
2026-07-22,SCL,58.939998626708984,65,7,False,0.09077851230192158,0.15746783902464645,0.4093734829463329,-0.1332353143131032,False,True,False
2026-07-22,MLTX,18.940000534057617,65,5,False,0.00208462350272276,0.19608276908203903,2.1831934691098467,-0.6981673221664124,True,True,False
2026-07-22,HYDR,43.86000061035156,65,4,False,-0.2233819624597866,-0.013678283735827024,0.9347155034293995,-0.41363637939957487,False,True,False
2026-07-22,UPS,115.83999633789062,65,7,False,0.08028055690144753,0.13022514416524222,0.41268288216939797,-0.05367214384172447,False,True,False
2026-07-22,VTWO,118.7300033569336,65,7,False,0.010081275350374508,0.11179576201847219,0.3825105630427603,-0.029587210153935395,True,True,False
2026-07-22,WSM,222.33999633789062,65,7,False,0.053004461236788813,0.12825744373770265,0.34336296125432764,-0.09119149035431207,False,True,False
2026-07-22,VVV,39.029998779296875,65,7,False,0.06397475193533286,0.14251921219490904,0.36947364137883776,-0.05564972053859496,False,True,False
2026-07-22,CVX,192.97999572753906,65,7,False,0.058296783607074465,0.10919007791118163,0.31735946816210925,-0.10120632623931014,False,True,False
2026-07-22,RF,30.860000610351562,65,7,False,0.06153901090622482,0.12430370910191901,0.3594713468351205,-0.04958424853168819,False,False,False
2026-07-22,EPOL,41.369998931884766,65,7,False,0.039823431491181394,0.12219499539236911,0.34143964744478983,-0.003852633087287005,False,True,False
2026-07-22,GREK,77.16000366210938,65,6,False,0.03428867659705226,0.11242312277845956,0.2860000610351563,-0.024279187209013564,False,False,False
2026-07-22,PSC,67.9000015258789,65,7,False,0.016819015987359354,0.11450251692755642,0.3225555380614131,-0.037752981009226416,False,True,False
2026-07-22,TMSL,42.77000045776367,65,7,False,0.01473105180036538,0.1130854027432322,0.322102085784586,-0.028837430321576152,False,True,False
2026-07-22,ABEO,6.420000076293945,64,7,False,0.07997174662445405,0.2136794279750145,0.6050000190734863,-0.14854109963202589,False,False,False
2026-07-22,AME,237.08999633789062,64,7,False,0.024608034588791794,0.09157984591792112,0.3500939326567889,-0.031138940651848523,False,True,False
2026-07-22,AXS,113.6500015258789,64,6,False,0.09183941649934635,0.11725254977052435,0.290450799587751,-0.02555085139086488,False,True,False
2026-07-22,BLMN,8.420000076293945,64,5,False,0.03620567417392517,0.20407843460731678,0.6223506711873401,-0.2130840909919398,False,True,False
2026-07-22,CB,343.2300109863281,64,6,False,0.030533830965157938,0.08602571414798144,0.29962136711120335,-0.060390366674594964,False,False,False
2026-07-22,CCK,116.43000030517578,64,6,False,0.12375275531154561,0.13482242350177565,0.3051227609018199,-0.04377465290359672,False,False,False
2026-07-22,GCO,36.0,64,7,False,0.005850702130374419,0.15626801927922496,0.6415868444608961,-0.17431189770871425,False,True,False
2026-07-22,JPM,348.2099914550781,64,6,False,0.08682350009294826,0.12231854506652473,0.24761728355509338,-0.008626576880596759,False,False,False
2026-07-22,KYIV,13.890000343322754,64,4,False,-0.03494751830108833,0.07848734882282882,0.4951561249040295,-0.16072501609433532,False,True,False
2026-07-22,MGV,163.0,64,6,False,0.017170840562738876,0.0968188214098582,0.2651350871861462,-0.018190604714746983,False,True,False
2026-07-22,MIDD,130.99000549316406,64,7,False,0.013913825978047134,0.11341688929779803,0.469234521331946,-0.11820933825545255,False,True,False
2026-07-22,MO,72.16999816894531,64,7,False,0.005301590360206054,0.10440757381058696,0.3193783759111426,-0.041312442358950485,False,True,False
2026-07-22,MTX,74.55999755859375,64,6,False,-0.02211266821986413,0.0927760022023254,0.3822765935643637,-0.11595920327190135,False,True,False
2026-07-22,RDVY,80.02999877929688,64,6,False,0.03024964836959554,0.10986527456653339,0.2903901675040814,-0.016347121694655797,True,True,False
2026-07-22,RVTY,110.54000091552734,64,7,False,0.06421079368704996,0.12550261136556906,0.3609948196768864,-0.06559595888459413,False,True,False
2026-07-22,SLDE,19.815000534057617,64,7,False,0.06087946529397392,0.12013231003298519,0.5814047052145437,-0.09063792099532952,False,True,False
2026-07-22,TGS,31.479999542236328,64,6,False,0.037635698475507295,0.04702114371945143,0.5947315049261095,-0.13397521695501302,False,True,False
2026-07-22,TK,11.130000114440918,64,5,False,-0.05266919835291817,0.0198471693785367,0.5632022883897785,-0.22600834312485385,False,True,False
2026-07-22,COMT,33.0703010559082,64,7,False,0.003328058454012517,0.11038005572400067,0.3642863600729609,-0.09767258720147787,False,False,False
2026-07-22,EMGF,69.33000183105469,64,6,False,-0.03446295057836757,0.086102257441111,0.33738429064402076,-0.0946722359186466,False,False,False
2026-07-22,ISSC,19.030000686645508,64,4,False,0.07169008054472181,0.05838060294207903,1.340713458643556,-0.3849385792447553,False,True,False
2026-07-22,SHC,17.290000915527344,64,7,False,0.04714266559476443,0.05290727210250701,0.5746813876465644,-0.12896722502495173,False,True,False
2026-07-22,JMEE,76.69999694824219,64,7,False,0.01846241222717926,0.11034863657907135,0.31493218824840463,-0.01955779551370551,False,True,False
2026-07-22,DCTH,12.529999732971191,64,7,False,0.05275537448092815,0.2010025692601043,0.5431034371385919,-0.08806405082265167,False,True,False
2026-07-22,XSOE,46.08000183105469,64,6,False,-0.036090912785485485,0.08210384577698515,0.34465553348153977,-0.10315296081902103,False,False,False
2026-07-22,ET,20.3700008392334,64,6,False,0.040953402566431985,0.11697538357715231,0.2589617092106784,-0.015942024712234493,False,True,False
2026-07-22,SBRA,21.979999542236328,64,5,False,0.11565673462823378,0.13197439181469006,0.2801397463348525,-0.02527714918444135,False,False,False
2026-07-22,CPA,138.7899932861328,64,6,False,-0.020012158573546657,0.07310301761645266,0.30245867554395245,-0.13510318296036294,False,True,False
2026-07-22,EQIX,1028.739990234375,64,6,False,-0.028277208660287823,0.11487138657123985,0.42757624990280885,-0.0885459640648153,False,True,False
2026-07-22,EEM,64.98999786376953,64,6,False,-0.029107388682760416,0.08385216964118936,0.35452268619884975,-0.09193798880972381,False,True,False
2026-07-22,EWI,61.060001373291016,64,6,False,0.025329315375504757,0.09792500580380814,0.2849326764540303,-0.0031834085613251517,False,True,False
2026-07-22,XSMO,88.29000091552734,64,7,False,0.00018353145900773526,0.11084411250173543,0.33449208023687094,-0.05753628706329794,False,False,False
2026-07-22,EUFN,40.720001220703125,64,6,False,0.05103945523146347,0.1107216854972013,0.29475358451143197,-0.006829238519435954,False,False,False
2026-07-22,EIG,49.38999938964844,64,7,False,0.054981186875615595,0.1513115580277229,0.3823117834430605,-0.05128701331560859,False,True,False
2026-07-22,CNS,80.41999816894531,64,7,False,0.06806558645221039,0.18398511042189658,0.377290614995321,-0.053102580007357236,False,False,False
2026-07-22,RPV,118.72000122070312,64,7,False,0.03762438186858952,0.10171926509106988,0.31472865125658567,-0.00860124241584026,False,True,False
2026-07-22,FNDA,37.55500030517578,64,7,False,0.02419283067203226,0.11298395430575447,0.3209637672194734,-0.01945166962729017,False,True,False
2026-07-22,ESQ,121.01000213623047,64,7,False,0.060886356885187176,0.12599259589063205,0.3360936573255371,-0.10239958502523305,False,False,False
2026-07-22,NULG,113.58000183105469,64,7,False,0.006524609056590469,0.11678194608537273,0.3029712540652325,-0.030639211350966034,False,True,False
2026-07-22,ADX,26.3700008392334,63,6,False,0.0413540656156397,0.11505303654249066,0.2611191311174035,-0.004529971042717795,False,False,False
2026-07-22,AG,17.309999465942383,63,3,False,-0.058574019977569725,-0.07664490338973573,1.2364341056616959,-0.45973785982154747,True,True,False
2026-07-22,ALHC,20.770000457763672,63,6,False,0.07830567050357429,0.0773380582972849,0.7866667060441868,-0.1731687992094222,False,True,False
2026-07-22,AWR,87.02999877929688,63,6,False,0.08731502024331883,0.14863186445087995,0.25313178694818705,-0.03418046621010529,False,True,False
2026-07-22,BKDV,33.45000076293945,63,6,False,0.010790854732228627,0.09783626774981502,0.28308404888782635,-0.01429204628626557,True,False,False
2026-07-22,CAMT,156.7899932861328,63,4,False,-0.05022961897884204,0.06703012535611386,1.0698348948664398,-0.27408681282201686,False,True,False
2026-07-22,FLNG,30.829999923706055,63,7,False,0.006332414880676263,0.09335933729156731,0.36295308487490296,-0.0769461522383934,False,True,False
2026-07-22,IGE,60.279998779296875,63,7,False,0.01760034447429626,0.07283360003079475,0.35888182934853985,-0.057977852818503206,False,True,False
2026-07-22,IHS,8.25,63,7,False,0.0003880242985501159,0.06420716710167729,0.4448336155663699,-0.07821227085842941,False,True,False
2026-07-22,JETS,30.100000381469727,63,7,False,0.013427082731089834,0.09584653764133866,0.3141235310688806,-0.11418479143720572,False,True,False
2026-07-22,KO,82.19999694824219,63,6,False,0.011517978563451825,0.09008804581341989,0.2578423698172505,-0.04061628553382923,False,True,False
2026-07-22,NVDA,212.05999755859375,63,6,False,0.011366051580451453,0.10049787193218607,0.29249703231585755,-0.10349199468322723,False,True,False
2026-07-22,NVST,26.43000030517578,63,6,False,0.05724230125379193,0.09716763553753349,0.40809801068724916,-0.13116370023376622,False,True,False
2026-07-22,NWE,72.52999877929688,63,7,False,0.02127598025360289,0.07143831570119286,0.3969568824576526,-0.035248756519311475,False,True,False
2026-07-22,PH,970.77001953125,63,6,False,0.06129161285618134,0.08004353345700088,0.40280626590660695,-0.06202166637258577,True,True,False
2026-07-22,SCHD,32.900001525878906,63,6,False,0.018967082776435662,0.09846086909490159,0.25524619134266,-0.01791040221257001,False,True,False
2026-07-22,SLB,47.66999816894531,63,5,False,-0.07791050721304804,0.03224042030283192,0.50663713933387,-0.18956140060742022,True,True,False
2026-07-22,SUPV,10.239999771118164,63,6,False,0.08226936614288571,0.044152114616747395,1.2555065764667206,-0.2442804703338669,True,True,False
2026-07-22,THRM,36.04999923706055,63,5,False,0.03916841183121189,0.06712842824074783,0.3351851569281683,-0.0868794413613484,False,True,False
2026-07-22,VSEC,197.0800018310547,63,5,False,0.0056241142437472025,0.034424216842455335,0.5732418544928803,-0.18074491257403902,False,True,False
2026-07-22,CQP,64.55999755859375,63,7,False,0.03392606336952997,0.09580852918375982,0.30345243589182735,-0.08607024184014433,False,True,False
2026-07-22,AVEM,91.58999633789062,63,6,False,-0.029363928961916086,0.08303500937459307,0.3415848958766958,-0.09163944585309158,False,False,False
2026-07-22,BATRK,50.150001525878906,63,6,False,-0.012931259852097532,0.13963807634525716,0.3281250994463132,-0.058215933786311624,False,True,False
2026-07-22,HASI,37.90999984741211,63,6,False,-0.032162541875573214,0.05687792240443268,0.5549631317632937,-0.1409472257003228,True,True,False
2026-07-22,GD,373.1600036621094,63,6,False,0.05531257554872315,0.07252307417801229,0.26946755627038366,-0.01983133608895471,False,True,False
2026-07-22,LTC,42.2400016784668,63,6,False,0.10357516593373961,0.1362352972144012,0.25564811072691973,-0.017674379570539633,False,False,False
2026-07-22,INOD,61.40999984741211,63,2,False,-0.29656357870478345,-0.025122042531314337,0.7940403350469938,-0.5092696168536825,False,True,False
2026-07-22,LVHI,42.400001525878906,63,6,False,0.032758447701512594,0.08878897745424874,0.29032260311407443,-0.0035252106667723604,False,False,False
2026-07-22,EWN,68.18000030517578,63,7,False,0.010205785937502432,0.10338444311683381,0.3484968048516066,-0.042146670232338534,False,False,False
2026-07-22,LXU,11.84000015258789,63,4,False,-0.023360156100010077,0.05680318705161902,0.6699576724643965,-0.3124273737104213,False,True,False
2026-07-22,GLNG,49.72999954223633,63,6,False,-0.03408010257281624,0.09399730430599718,0.42004565654457493,-0.1394705181796495,False,True,False
2026-07-22,BGC,11.510000228881836,63,7,False,0.029719646181896264,0.16092593710398861,0.3917774597069741,-0.10705974225639037,False,True,False
2026-07-22,AVUS,128.05999755859375,63,6,False,0.010730810122962842,0.09597902266841074,0.2701844668341924,-0.006208311717899706,False,True,False
2026-07-22,AOSL,34.75,63,5,False,-0.1644143947138127,0.19669952046148365,1.0429159043159117,-0.3605079149351996,False,True,False
2026-07-22,MCHP,85.0199966430664,63,6,False,-0.0715908455483446,0.13283944267284808,0.752267020629477,-0.19724300157414332,False,True,False
2026-07-22,HNST,3.8399999141693115,63,3,False,0.06928043695576758,0.251843913128567,0.8550724821298359,-0.27272731788230486,False,True,False
2026-07-22,DAN,28.040000915527344,63,3,False,-0.0909797871240271,-0.022318575417227704,0.8314827006536001,-0.2912032370540163,True,True,False
2026-07-22,KFY,78.0999984741211,63,5,False,0.10125012850103632,0.1646217213985013,0.3248515260956675,-0.02338380290155495,False,True,False
2026-07-22,TRS,39.97999954223633,63,6,False,-0.02702335139611889,0.07621385593471852,0.3138350029998589,-0.11996479696960383,False,True,False
2026-07-22,AMGN,366.04998779296875,62,6,False,0.0500796223662483,0.07427017001852998,0.35689662564510627,-0.06450463901649939,False,True,False
2026-07-22,ARGX,851.719970703125,62,4,False,-0.009565060390768543,0.030004663585192715,0.5126091227762866,-0.10681856221943231,False,True,False
2026-07-22,AVGE,99.1500015258789,62,6,False,0.00817440708677486,0.09077457206941308,0.2854920920081472,-0.011465618054722015,True,False,False
2026-07-22,AVGO,396.80999755859375,62,6,False,-0.00998918473865229,0.0888625788758044,0.45351647457360356,-0.19836364129577022,True,True,False
2026-07-22,BROS,64.94999694824219,62,7,False,0.0518490705388559,0.13662409659978358,0.45693123105700817,-0.12993977735250306,False,True,False
2026-07-22,BSAC,34.22999954223633,62,6,False,0.06769889553462693,0.07338731719437486,0.5032937573159006,-0.0925239015249889,False,True,False
2026-07-22,CGGO,39.880001068115234,62,5,False,-0.014734485425363486,0.08781192582846464,0.25923590060129964,-0.06996268482443546,False,True,False
2026-07-22,FAF,70.5199966430664,62,6,False,0.035195426205154146,0.08639299922491839,0.254804193696206,-0.040544263359640786,False,True,False
2026-07-22,HFXI,37.40999984741211,62,5,False,-0.0003767737364634982,0.08196091579949472,0.2899999947383487,-0.03420680888243899,False,False,False
2026-07-22,IMCG,95.52999877929688,62,6,False,0.01151172032524772,0.11889732256324503,0.26245541285743057,-0.03339070110915321,False,False,False
2026-07-22,IVLU,42.810001373291016,62,7,False,0.010151092320221045,0.07410472857838557,0.31017604813698596,-0.013708038768328601,False,True,False
2026-07-22,IWS,165.3699951171875,62,6,False,0.02014249811083224,0.10293648164499047,0.25794908467582855,-0.01647439206920487,False,False,False
2026-07-22,IYZ,40.7599983215332,62,6,False,-0.03918688376757584,0.07792471076943808,0.39828469485202334,-0.11525941846028653,False,True,False
2026-07-22,KBE,69.33000183105469,62,6,False,0.050753888130621316,0.11303675217923592,0.2739802308670003,-0.02926346109596223,False,True,False
2026-07-22,LEVI,24.739999771118164,62,7,False,0.05961057610818088,0.13933609693578197,0.39616256940106775,-0.0328381608715107,False,False,False
2026-07-22,MTCH,38.029998779296875,62,7,False,0.03928113433826219,0.1327605137315977,0.3200277502349098,-0.0731172334695207,False,True,False
2026-07-22,NSC,330.94000244140625,62,6,False,0.047217516694229245,0.10175468048184189,0.23379185358298527,-0.03383644171078404,False,True,False
2026-07-22,NVMI,454.4200134277344,62,4,False,-0.09889255629644089,0.06220116493748451,0.9525631494434932,-0.26229318555187175,False,True,False
2026-07-22,PCRX,25.59000015258789,62,6,False,0.06947625708153482,0.094691455481831,0.36117027612119124,-0.07416784668339393,False,False,False
2026-07-22,PICK,58.560001373291016,62,5,False,-0.04939383741697456,0.04406617610693031,0.5455265852891418,-0.15155021411937697,True,True,False
2026-07-22,REAL,11.369999885559082,62,3,False,0.07907522402634815,-0.058203762565591344,1.2739999771118162,-0.34625116399041633,False,True,False
2026-07-22,RWL,130.27000427246094,62,6,False,0.019665398949919588,0.09311814120522333,0.2796660153951884,-0.009805361128547352,False,True,False
2026-07-22,SAIC,115.94999694824219,62,7,False,0.07722176728131314,0.16775835448053456,0.43006899765302964,-0.06044896274610223,False,True,False
2026-07-22,UE,23.149999618530273,62,6,False,0.01928494749038623,0.11816300551797343,0.25406288010071143,-0.03981754324009079,False,True,False
2026-07-22,ZETA,20.18000030517578,62,6,False,-0.003220501619500604,0.07380409211555694,0.4048033850824755,-0.22235068547682313,False,True,False
2026-07-22,ESGE,52.099998474121094,62,6,False,-0.027466176354230654,0.08037510727078212,0.33589739677233577,-0.08772547859721735,False,True,False
2026-07-22,DFIV,56.220001220703125,62,7,False,0.017250949735834187,0.07907561202551272,0.32052425160514497,-0.0038096951777455423,False,True,False
2026-07-22,CPAY,359.0,62,7,False,0.025286009244317897,0.1305916861944385,0.41987029425613165,-0.04033787721033,False,True,False
2026-07-22,VTV,219.33999633789062,62,6,False,0.020941050709954556,0.09387013975474567,0.25804409899282366,-0.012693586954147684,True,False,False
2026-07-22,EWS,32.0099983215332,62,6,False,0.07005316017000407,0.11552140675515954,0.21526188823458448,-0.004973573407491272,False,False,False
2026-07-22,SPUS,57.06999969482422,62,5,False,-0.0007249082983888933,0.08661503732593534,0.26526993180398684,-0.04116264691022664,True,True,False
2026-07-22,SXT,112.45999908447266,62,6,False,-0.03401810288804086,0.11328621669477101,0.3615012247210492,-0.13057600480920206,False,False,False
2026-07-22,SYBT,80.30999755859375,62,7,False,0.08106577704038265,0.15913870439458333,0.3056413550653456,-0.041989791191403225,False,True,False
2026-07-22,PSO,16.09000015258789,62,7,False,0.0297204701085112,0.14283686112979677,0.33860229116675455,-0.08890145574119501,False,False,False
2026-07-22,LINE,43.189998626708984,62,7,False,0.016694569915359114,0.1306023396738012,0.3785508691951507,-0.05595631417029545,False,True,False
2026-07-22,TROW,116.01000213623047,62,5,False,0.06179869613034583,0.13651617654138737,0.3613001698484757,-0.04258476611941797,False,True,False
2026-07-22,TRIN,17.594999313354492,62,6,False,0.025379491463137782,0.11629938797743944,0.24522287125619568,-0.02891992840942126,False,True,False
2026-07-22,MSFD,13.553099632263184,62,7,False,0.008015992121682691,0.06722441358623543,0.3472265474099827,-0.11591000001866292,False,True,False
2026-07-22,WTFC,158.52999877929688,62,7,False,0.019233825894935608,0.09908355827050253,0.32539083663859625,-0.051967482226823236,False,False,False
2026-07-22,AGRO,11.3100004196167,61,6,False,0.012370478622456771,0.11826855553404347,0.6415095266737105,-0.28823158116737535,False,True,False
2026-07-22,ARGT,96.38999938964844,61,7,False,0.03356872558374557,0.06472815115939157,0.4496917203568065,-0.07290566261477849,False,True,False
2026-07-22,BKR,56.599998474121094,61,5,False,-0.06701966769587697,0.008547680433815597,0.4285714285714286,-0.19613697585162937,False,True,False
2026-07-22,CGDV,49.040000915527344,61,6,False,0.010246688350977307,0.08633652653836998,0.22999754776289105,-0.010292599987605122,False,True,False
2026-07-22,FNB,18.860000610351562,61,7,False,0.033866564184692693,0.09138153592788223,0.30428772894861233,-0.037263886500781496,False,False,False
2026-07-22,FPX,187.1300048828125,61,6,False,-0.024396072529281887,0.08290601919557905,0.3088760109467963,-0.09239493874134008,False,False,False
2026-07-22,FSMD,51.25,61,6,False,0.00972090559836758,0.09638801372299155,0.25652785378168685,-0.03301886792452835,False,True,False
2026-07-22,IDEQ,34.66999816894531,61,6,False,-0.005729942250556674,0.07264910908813582,0.32682737399399775,-0.04437708557119102,False,True,False
2026-07-22,IEMG,78.97000122070312,61,6,False,-0.02952589355614965,0.07452192747854292,0.32322387427760124,-0.08694643113428169,False,True,False
2026-07-22,IWO,376.17999267578125,61,6,False,-0.00717502406399273,0.09313640969955794,0.34182266625983826,-0.05170286530892465,False,True,False
2026-07-22,JQUA,71.61000061035156,61,6,False,0.011763652086069998,0.09658140708429874,0.20433908027172754,-0.0144509083242087,False,True,False
2026-07-22,JSMD,95.94999694824219,61,6,False,0.0019453790047359032,0.10315166190424363,0.2741686478736194,-0.05653884142126697,False,True,False
2026-07-22,LAD,339.95001220703125,61,4,False,0.1391670831654508,0.1293705150135518,0.417758002909721,-0.057161042520290195,False,True,False
2026-07-22,NEU,768.4500122070312,61,3,False,-0.0006699677550088268,0.07466245025442286,0.3248452207527308,-0.12274388631129607,False,False,False
2026-07-22,NVDL,33.09000015258789,61,4,False,-0.006529065175522986,0.09381439303818984,0.5364494585975754,-0.23532585291847696,False,True,False
2026-07-22,NVEC,86.68000030517578,61,5,False,-0.10872926514984937,0.13536117330059194,0.5151197638928395,-0.28481846132230504,False,False,False
2026-07-22,PLD,144.6999969482422,61,7,False,0.008875575261093394,0.07823337386328011,0.3992843228305769,-0.056406969748892144,False,False,False
2026-07-22,QQQE,117.30000305175781,61,5,False,-0.007958299672183977,0.09693883900339073,0.2264743182804092,-0.048353066535610556,False,True,False
2026-07-22,RBRK,73.69000244140625,61,2,False,-0.005592074900672261,0.10154502539784693,0.7441420696190828,-0.2612531083568296,False,True,False
2026-07-22,RWR,116.72000122070312,61,6,False,0.038131232463975095,0.11247407661944164,0.23591696530419015,-0.01907720551155323,False,True,False
2026-07-22,SCHV,34.18000030517578,61,6,False,0.008372625856210236,0.09066600652113954,0.24790073263358692,-0.024821653375811215,False,True,False
2026-07-22,SNA,406.1700134277344,61,6,False,0.050274177594502145,0.1079596056373835,0.2985805198955038,-0.032191144404836725,False,False,False
2026-07-22,TDC,28.09000015258789,61,4,False,-0.14845758022174305,-0.02962091249207177,0.4165406082027918,-0.3276687177284636,False,False,False
2026-07-22,TTC,94.86000061035156,61,6,False,0.02641676510429769,0.08359292697179321,0.4024246225062629,-0.09820326638749521,False,True,False
2026-07-22,USFD,96.05999755859375,61,7,False,0.05254388893515105,0.1246156010048316,0.37474057328935606,-0.08662166748084599,False,True,False
2026-07-22,USRT,68.37999725341797,61,6,False,0.03511641333459692,0.1153874258914489,0.23563420789438294,-0.01653964542023445,False,True,False
2026-07-22,EVRG,86.55999755859375,61,6,False,0.028421768515660917,0.08550683464813225,0.27294114056755525,-0.023245374905698002,False,True,False
2026-07-22,COLD,15.300000190734863,61,7,False,0.015033113372257434,0.17158337232084353,0.5148514468183065,-0.10630844388323235,False,True,False
2026-07-22,DYNF,67.79000091552734,61,6,False,0.01114211142242505,0.08722761571023674,0.23681808460164522,-0.007176301589479572,False,True,False
2026-07-22,DFAE,38.189998626708984,61,6,False,-0.03300057135700252,0.07491845608195469,0.32145325712122474,-0.0941865880196554,False,True,False
2026-07-22,DBEF,54.91999816894531,61,6,False,0.024638299416710474,0.08773903411796846,0.2645636146219461,-0.008843199419169112,True,False,False
2026-07-22,TRMK,46.27000045776367,61,6,False,0.02444317915496308,0.09571849315195746,0.2834951854921717,-0.036041657129923466,False,True,False
2026-07-22,CHCO,139.1699981689453,61,6,False,0.07996572218072018,0.12301023976791203,0.22930835875285505,-0.004096781844046493,False,False,False
2026-07-22,SON,55.150001525878906,61,7,False,0.06772248041630924,0.1351918006750641,0.42690813321060506,-0.056297008523994774,False,True,False
2026-07-22,TNL,75.5999984741211,61,6,False,0.05709426027862907,0.08435832682855215,0.33427459720641095,-0.0666666855046778,False,False,False
2026-07-22,UNM,87.79000091552734,61,6,False,0.006525973046910272,0.11372236530689239,0.28573524436186837,-0.05824930523568628,True,True,False
2026-07-22,TROX,6.619999885559082,61,3,False,-0.08282303759298859,0.03717048284936775,1.314685359573161,-0.37488198393072303,False,True,False
2026-07-22,DFAS,81.04000091552734,61,6,False,0.01977129220189333,0.09725923390751379,0.2943619250201488,-0.022554609383483082,False,False,False
2026-07-22,FNGU,27.010000228881836,61,2,False,-0.05245358080636919,0.06556941361754332,1.0029663267738784,-0.26563346586934855,False,True,False
2026-07-22,VYMI,102.0199966430664,61,6,False,0.023336496853387345,0.08316379032357912,0.28251223051059693,-0.0031298019047040215,False,True,False
2026-07-22,AFL,123.58000183105469,60,6,False,0.04553554740228205,0.09562275563496048,0.2746777279119381,-0.01866114880033476,False,True,False
2026-07-22,ALX,276.5299987792969,60,7,False,0.060872510830082494,0.1530505362506993,0.3738573154628815,-0.04457034247634073,False,True,False
2026-07-22,BCO,122.7300033569336,60,4,False,0.17896936147810383,0.09033101473711547,0.44405231723452343,-0.10002194213274396,False,False,False
2026-07-22,BHF,63.08000183105469,60,6,False,-0.004519721282349232,0.026145758860045776,0.49940580671825585,-0.05568863848435457,False,False,False
2026-07-22,BHRB,71.01000213623047,60,6,False,0.06474222704603294,0.1003340347691295,0.26554983717341196,-0.036368573977274,False,True,False
2026-07-22,CCEP,105.87999725341797,60,6,False,0.07661362058034427,0.11690883059298884,0.25064957091191187,-0.04526604331280826,False,True,False
2026-07-22,FBCG,60.93000030517578,60,5,False,-0.008312078455765981,0.08710003615261486,0.2800420642513648,-0.052705214641368014,False,True,False
2026-07-22,FELC,42.369998931884766,60,6,False,0.012541433936832602,0.08645479829665015,0.23509688252333794,-0.007728379980290412,False,True,False
2026-07-22,FRME,43.75,60,6,False,0.05109650780315533,0.11468234636320518,0.2622619790134417,-0.034855543067114136,False,False,False
2026-07-22,HESM,40.77000045776367,60,6,False,0.05180332516026409,0.1146638411871801,0.2889662200286809,-0.07634796054562443,False,True,False
2026-07-22,ICVT,116.51000213623047,60,5,False,-0.01975712407854313,0.08496933745100321,0.2835455653998751,-0.07940894134191501,False,True,False
2026-07-22,ILF,35.40999984741211,60,6,False,0.031207037247697356,0.06162904690956328,0.4347649679723091,-0.08025974422306215,False,True,False
2026-07-22,IOO,139.24000549316406,60,5,False,-7.321578310848231e-05,0.07421780870389205,0.27497488014319593,-0.0382649076726268,False,True,False
2026-07-22,ITUB,8.479999542236328,60,6,False,0.05730382312261195,0.06632340768828904,0.4295253033527011,-0.11666674945089228,False,True,False
2026-07-22,LMND,63.41999816894531,60,4,False,0.04775527369225485,-0.0308865112599801,0.7764704989805569,-0.36516519319054785,False,True,False
2026-07-22,LNC,41.70000076293945,60,3,False,0.12619914336045546,0.07477829861359586,0.29583593435306743,-0.10935495440532361,False,True,False
2026-07-22,MEDP,528.1199951171875,60,5,False,0.0982609977567761,0.023753326342843106,0.41587130058227206,-0.16026944457384207,False,True,False
2026-07-22,NVS,153.0800018310547,60,7,False,0.011367667614880173,0.053132362327178884,0.3626491616630314,-0.10195942859480489,False,True,False
2026-07-22,POR,52.91999816894531,60,6,False,0.04271749292178684,0.05832482402816841,0.33199090809671183,-0.031124144931959474,False,True,False
2026-07-22,PPH,108.62220001220703,60,7,False,0.0263523652963078,0.05498432608837911,0.32887451493747566,-0.03515546060113772,False,True,False
2026-07-22,RIVN,17.18000030517578,60,6,False,0.06725974225442877,0.07578560886089303,0.4848747414281409,-0.24283825910939683,False,True,False
2026-07-22,SCHM,35.290000915527344,60,5,False,-0.0022053626774006796,0.09306546062894316,0.2712536248040518,-0.04363145105081978,False,True,False
2026-07-22,SMLF,86.5199966430664,60,6,False,0.007224694536359433,0.09260354142385108,0.28310835312906435,-0.0358814497142208,False,True,False
2026-07-22,XMMO,161.75,60,5,False,-0.022939622797707337,0.08459397397450541,0.2772425835404848,-0.07008165039846193,False,True,False
2026-07-22,CPER,39.25,60,7,False,0.018855975856719942,0.10976180349684639,0.4494091621337202,-0.037518362557519835,False,True,False
2026-07-22,CGXU,33.83000183105469,60,5,False,-0.011373679871803821,0.07162434667015205,0.2858229767296938,-0.0672731898514961,False,True,False
2026-07-22,MMM,170.75999450683594,60,4,False,0.09037128876274991,0.07858181368768768,0.22549159605798907,-0.03748384543150607,False,False,False
2026-07-22,NNN,48.970001220703125,60,6,False,0.06536195172027792,0.13209469366337578,0.25886887660209923,-0.020599975585937513,False,True,False
2026-07-22,CINF,179.22999572753906,60,6,False,0.041097879360609824,0.08718429818625051,0.2457774505486674,-0.0799753710092247,False,False,False
2026-07-22,SHEL,87.7699966430664,60,6,False,0.05091617264430326,0.09041346294512498,0.2789799146530625,-0.07513176784162823,False,True,False
2026-07-22,DLTR,122.1500015258789,60,6,False,0.09449483075572207,0.0886790006074405,0.4419785485308665,-0.14220500869772446,True,True,False
2026-07-22,PAVE,56.599998474121094,60,5,False,-0.0046846924676173796,0.08007998557416407,0.2782294497393807,-0.0633791463133031,False,False,False
2026-07-22,LLYVK,99.21499633789062,60,5,False,-0.010473266917238933,0.07849890275453664,0.28959510608066785,-0.08956184696390002,False,True,False
2026-07-22,QGRW,64.9000015258789,60,5,False,-0.010359937698152466,0.08131103203540957,0.2740479637910782,-0.05723409386416667,False,True,False
2026-07-22,WDFC,237.1199951171875,60,7,False,0.05551795189197084,0.10744069149250524,0.3520355143998837,-0.20669120120722595,False,False,False
2026-07-22,ESS,293.07000732421875,60,6,False,0.03353425967381152,0.11620012686653647,0.22901115102239844,-0.03388824319254802,False,True,False
2026-07-22,DRN,11.15999984741211,60,7,False,0.03092782778576364,0.14637903237907302,0.386335351924177,-0.05902190805469654,False,True,False
2026-07-22,PFBC,104.88999938964844,60,6,False,0.04808458421790274,0.11224926217721531,0.2869938575416986,-0.06565119015086374,False,True,False
2026-07-22,CORO,35.83000183105469,60,5,False,-0.00575784027597126,0.07775416395758761,0.2879224379618053,-0.04656732077521786,False,True,False
2026-07-22,CAAP,25.079999923706055,59,4,False,-0.0176571095208371,-0.0011828122164003751,0.4447004056411812,-0.1777049205342277,False,True,False
2026-07-22,FDT,91.4000015258789,59,6,False,-0.045773617597621774,0.04410905531217324,0.32425392598248903,-0.09790760164650947,False,True,False
2026-07-22,FEOE,54.36000061035156,59,7,False,0.011446695213233493,0.06638377133565987,0.32974557705552976,-0.029978591679685196,False,False,False
2026-07-22,FHB,28.809999465942383,59,6,False,0.022465114673297037,0.09924594243319129,0.27224547951223754,-0.05788098306669853,False,False,False
2026-07-22,FHLC,77.5,59,6,False,0.040542206437026884,0.06154204435733135,0.2682048637857828,-0.0376257149537651,False,False,False
2026-07-22,GVA,125.72000122070312,59,5,False,-0.09233334596590825,0.01951282994939385,0.39999996601606114,-0.2243336636203378,False,False,False
2026-07-22,HDV,28.350000381469727,59,6,False,0.028023160091984467,0.08281037139423963,0.20556214832855169,-0.01835175881919271,False,False,False
2026-07-22,IUSG,185.94000244140625,59,5,False,-0.004521769278298171,0.0814998730220362,0.2530494184662506,-0.04080476354427065,False,True,False
2026-07-22,IVW,135.97000122070312,59,5,False,-0.004786855354723785,0.08075112204801593,0.2574679059876248,-0.04232986820459672,False,True,False
2026-07-22,JAVA,80.05000305175781,59,6,False,0.02008831335972938,0.08007173816968871,0.2430124402961389,-0.011850377226978348,False,True,False
2026-07-22,KMI,32.4900016784668,59,6,False,0.006337269644058896,0.07206675828884479,0.26914067165343947,-0.0666475036856593,False,True,False
2026-07-22,KRP,15.130000114440918,59,7,False,0.010310112438670638,0.0910952881939342,0.33775416030918937,-0.042405067607963365,False,True,False
2026-07-22,KWR,152.19000244140625,59,7,False,0.033255088785901554,0.07236510760369042,0.3659128068790818,-0.16840605972630895,False,True,False
2026-07-22,MTUS,19.989999771118164,59,7,False,0.04023561508386497,0.10050124169596253,0.4087385738018601,-0.08007362207882929,False,True,False
2026-07-22,RDWR,29.469999313354492,59,7,False,0.007748728193251786,0.133596669758977,0.3593172923673329,-0.1012504272484086,False,False,False
2026-07-22,RL,387.1400146484375,59,7,False,0.022777271188209047,0.07970309326702063,0.41788749828852767,-0.08173622143311154,False,True,False
2026-07-22,ROBO,79.4000015258789,59,6,False,-0.05697126566754129,0.05628441450776589,0.30755554315902467,-0.12274887137478385,False,True,False
2026-07-22,SPHQ,85.12000274658203,59,5,False,-0.010959355159253281,0.07730338358622668,0.2090909218985184,-0.05799023714447871,False,True,False
2026-07-22,THRO,42.75,59,6,False,0.00027142846256067443,0.08184026869562988,0.22335099079516652,-0.023080401285943575,False,True,False
2026-07-22,TPR,143.72999572753906,59,7,False,0.016322794327883416,0.07496962005431151,0.5518245677534614,-0.11261348000059535,False,True,False
2026-07-22,VBR,243.82000732421875,59,6,False,0.025380099717381643,0.09143147745866309,0.2633161001254858,-0.012354631398282856,False,True,False
2026-07-22,VKTX,37.310001373291016,59,5,False,0.11227048865548572,0.10541028720605095,0.6250708640798701,-0.1353418295729466,False,True,False
2026-07-22,WAT,370.82000732421875,59,5,False,0.023540169644941322,0.05155803671599757,0.3481913244196777,-0.10462389764780688,True,True,False
2026-07-22,MCHB,15.90999984741211,59,6,False,0.04206237178954142,0.08306442922095503,0.276886019157526,-0.0461630961436339,False,False,False
2026-07-22,ONEQ,101.19999694824219,59,5,False,-0.016325911724940023,0.07488447281108801,0.2530955209428103,-0.05482397275906392,False,True,False
2026-07-22,EWJ,92.19000244140625,59,5,False,-0.005731119254150929,0.05975752051627614,0.2675649413759784,-0.05465539771467076,False,True,False
2026-07-22,GDOT,13.289999961853027,59,6,False,0.020126189710138354,0.077382660998907,0.42749724627833996,-0.13757299847832938,True,True,False
2026-07-22,QCLN,52.81999969482422,59,5,False,-0.12186785646006215,0.03232110452718695,0.5412897283127451,-0.23670517306047445,False,True,False
2026-07-22,DCOR,82.4749984741211,59,6,False,0.012373838769462298,0.08381341921999064,0.23345548656346793,-0.00758082976191754,False,False,False
2026-07-22,VOE,202.75,59,6,False,0.02851536316369585,0.08825959687419349,0.232897560124687,-0.012949727932846766,False,True,False
2026-07-22,WTV,104.94000244140625,59,6,False,0.024234581069750405,0.08450210423702886,0.24013234501632041,-0.012050449676020092,False,False,False
2026-07-22,PRK,186.2100067138672,59,6,False,0.050571453992970694,0.12061898728810871,0.24922856409326188,-0.03403017800073216,False,True,False
2026-07-22,EMLP,44.63999938964844,59,6,False,0.022151170570221312,0.07993423191088711,0.20129170002559205,-0.003571425226269853,False,True,False
2026-07-22,CBU,67.20999908447266,59,7,False,0.0331702729424983,0.09852390192958427,0.31474961832505377,-0.05484462793424838,False,True,False
2026-07-22,SPYG,117.66999816894531,59,5,False,-0.005202688310251058,0.08014029936021738,0.2570237944847653,-0.04271070678657374,False,True,False
2026-07-22,DFAC,44.400001525878906,59,6,False,0.01066206831049965,0.08342762358449618,0.2391850197282548,-0.007377554655367713,False,False,False
2026-07-22,VOOG,81.72000122070312,59,5,False,-0.005006615488498678,0.0804901605387196,0.25742427922528366,-0.04253072429191218,False,True,False
2026-07-22,DFEM,38.59000015258789,59,6,False,-0.035240353888424614,0.06969066646422628,0.3012982383765739,-0.09349306015429049,False,False,False
2026-07-22,XT,80.40850067138672,59,5,False,-0.010782925768812679,0.07649276043580167,0.24359714557880818,-0.0453698508042657,False,True,False
2026-07-22,AMLP,54.81999969482422,58,6,False,0.03880058279562393,0.0894882795693015,0.22804660493647821,-0.007243779736262224,False,True,False
2026-07-22,AVIV,79.4800033569336,58,6,False,0.011051899700714518,0.06460779247469417,0.28506531410176694,-0.016336629269415592,False,True,False
2026-07-22,BBCA,102.33999633789062,58,6,False,0.01825776013647884,0.07518857108550914,0.28519402069297284,-0.005538891302446114,False,True,False
2026-07-22,BC,82.08000183105469,58,7,False,0.01656377422979749,0.07392668506311173,0.47599354307102537,-0.09052629550077906,False,True,False
2026-07-22,BFC,146.3699951171875,58,6,False,0.013203378589556003,0.07259800536968286,0.2695810040320181,-0.05133189781308478,False,False,False
2026-07-22,FHN,25.719999313354492,58,6,False,0.03701312247715327,0.08591933143910313,0.2989899143638963,-0.03162651240505532,False,False,False
2026-07-22,FLJP,39.349998474121094,58,5,False,-0.0073309095501356,0.05657576839697609,0.2563856595638432,-0.05237815705803939,False,True,False
2026-07-22,HEFA,46.439998626708984,58,6,False,0.013066882295993398,0.07325964997958989,0.2534412842917353,-0.01568464759813948,False,False,False
2026-07-22,IFRA,61.959999084472656,58,6,False,0.00563844186075424,0.07827658289307982,0.25197003400853757,-0.03564203759575635,False,True,False
2026-07-22,IJK,113.12999725341797,58,5,False,-0.004642034848754584,0.086186833841984,0.2508845002156206,-0.03801021495494994,False,True,False
2026-07-22,JBSS,80.31999969482422,58,7,False,0.0037666241976612724,0.06428579810152413,0.35974268003698584,-0.12771505106838865,False,True,False
2026-07-22,L,114.69999694824219,58,6,False,0.04441540139296163,0.07294980251773442,0.28414685781608506,-0.03694375803736871,False,True,False
2026-07-22,MAZE,28.489999771118164,58,4,False,0.05726446552178244,-0.17606332938486258,1.2240436251266447,-0.4689655366109249,False,True,False
2026-07-22,OTTR,92.76000213623047,58,6,False,0.04468167071804663,0.08250799582668344,0.25097775087511676,-0.02357892488178459,False,False,False
2026-07-22,PWRD,112.45999908447266,58,5,False,-0.013404063061352889,0.07481884366235803,0.2664128804645165,-0.0873975815878687,False,True,False
2026-07-22,QNST,15.630000114440918,58,4,False,0.14109247864942764,0.16055883042641872,0.5189504540703866,-0.13263042633792244,False,True,False
2026-07-22,RDN,38.22999954223633,58,6,False,0.05052291114108476,0.0947990442801816,0.21365077911861352,-0.06869670517017412,False,False,False
2026-07-22,RTX,194.8800048828125,58,6,False,0.05326309721055056,0.04721975975275616,0.3574812496306472,-0.0914685087048368,False,True,False
2026-07-22,SCHF,27.350000381469727,58,5,False,-0.003374304105250525,0.07094262031654797,0.2679648015031004,-0.03731078745637306,False,True,False
2026-07-22,SMIG,33.361000061035156,58,6,False,0.0354320712134506,0.1002003150213786,0.20610991486163854,-0.010059367781294015,False,True,False
2026-07-22,VNOM,45.27000045776367,58,6,False,0.013311614982409958,0.0691076512967832,0.2897436588534563,-0.11460982765372696,False,True,False
2026-07-22,WCMI,19.200000762939453,58,6,False,0.0006567138657498361,0.07799554278983845,0.25654457450739887,-0.038557765492766904,False,False,False
2026-07-22,EWC,59.279998779296875,58,6,False,0.015976589849348022,0.07145372559340246,0.2982916990232254,-0.006868819849974783,False,True,False
2026-07-22,EFV,79.44000244140625,58,6,False,0.020426547540369988,0.06847007617221745,0.26315794581613416,-0.008858378926460908,False,True,False
2026-07-22,ENPH,39.58000183105469,58,4,False,-0.2256009166224041,-0.010367592342540588,0.535298711281952,-0.46324921375538286,True,True,False
2026-07-22,CNA,51.849998474121094,58,5,False,0.11412410386011507,0.11037939320740753,0.24849506376505937,-0.02151355290122514,False,True,False
2026-07-22,CGNG,35.93000030517578,58,5,False,-0.010492679345805223,0.0688919245407309,0.2741134515285235,-0.06065358679278998,False,True,False
2026-07-22,GRID,180.47000122070312,58,5,False,-0.04501302236251481,0.06060001256844272,0.29666626467718427,-0.09760489892645241,False,True,False
2026-07-22,VHT,299.79998779296875,58,6,False,0.040109035119703096,0.05984308794370574,0.26375244780298335,-0.038085234778346355,False,True,False
2026-07-22,SECT,70.80000305175781,58,6,False,0.0031369735118251807,0.07863242254498304,0.22703643181288236,-0.0255986858877838,False,True,False
2026-07-22,TWO,12.100000381469727,58,6,False,-0.017841168912441696,0.08709326999351141,0.37813220381215573,-0.14608325220034946,False,True,False
2026-07-22,DVY,162.05999755859375,58,6,False,0.03670493962587651,0.08362013914569233,0.2200556751080711,-0.016208330226399337,False,False,False
2026-07-22,MLI,62.65999984741211,58,6,False,-0.026205126766200237,0.0500790134458986,0.5217972315349424,-0.11684281123898577,False,False,False
2026-07-22,RRR,63.88999938964844,58,6,False,0.06246402077487945,0.07930363263736462,0.2646476407509637,-0.0739237372378494,False,True,False
2026-07-22,DORM,134.89999389648438,58,4,False,0.048444467517607226,0.07867916718743162,0.37023868032626694,-0.1916831782021583,False,True,False
2026-07-22,PLUS,87.61000061035156,58,7,False,0.041609704481135434,0.055742515233591305,0.4105619022607132,-0.06778040560808374,False,True,False
2026-07-22,MDYG,107.97000122070312,58,5,False,-0.004391102932582491,0.08644466169465703,0.2521163982074861,-0.03744314002676852,False,True,False
2026-07-22,CVBF,22.239999771118164,58,6,False,0.04468076545009558,0.11230865756044661,0.23899714907177483,-0.04835263275721391,False,True,False
2026-07-22,FIVE,204.8699951171875,58,5,False,0.024983417715366496,0.04867880255409407,0.5759230393629808,-0.18582843404307758,False,True,False
2026-07-22,ACAD,24.959999084472656,57,5,False,0.08307944642127141,0.0634829965654069,0.26764847168488237,-0.11957676371718362,False,True,False
2026-07-22,APEI,47.29999923706055,57,5,False,-0.11191055213761358,0.02479104654393094,0.7051189483536879,-0.23201819906030485,False,False,False
2026-07-22,BKV,26.530000686645508,57,5,False,0.0007997599271114542,-0.02230310742260455,0.3563395404401315,-0.19140507234960813,False,True,False
2026-07-22,FDL,51.029998779296875,57,6,False,0.020877657548880935,0.07125985468616047,0.22256820141966327,-0.02110113689391735,False,False,False
2026-07-22,FGD,33.9900016784668,57,6,False,0.019850985918981268,0.07072322391018004,0.24187068455416294,-0.009903878079037254,False,True,False
2026-07-22,FTV,60.25,57,6,False,-0.006306856188224241,0.06751761115509458,0.3001726327494476,-0.06349575103139427,False,True,False
2026-07-22,HPQ,25.100000381469727,57,4,False,0.05330302168339829,0.11707230909221167,0.4293850310275451,-0.15345697455648355,False,True,False
2026-07-22,MCB,90.19000244140625,57,6,False,-0.03992724754497723,0.06601015823911238,0.39483447778177894,-0.11615688397291057,False,False,False
2026-07-22,MGC,273.6600036621094,57,6,False,0.0007643194079984816,0.07019944265446987,0.21389283489400213,-0.022991796862104508,False,True,False
2026-07-22,OMFL,68.56999969482422,57,6,False,0.005538742414501918,0.08083697141357304,0.20045519917802346,-0.012813121240702552,False,True,False
2026-07-22,QQH,82.44000244140625,57,5,False,-0.023360192216908326,0.05220873909509827,0.21628804848233796,-0.08032125164286463,True,False,False
2026-07-22,RYTM,103.97000122070312,57,5,False,0.06120533938115291,0.05161161907016787,0.39557048618393464,-0.1491816381571628,False,True,False
2026-07-22,TAN,53.720001220703125,57,4,False,-0.12036807814013095,-0.01925342953233189,0.4930517483092822,-0.28941795892903077,True,True,False
2026-07-22,TSPA,47.2400016784668,57,6,False,0.0022234358701920254,0.07409606826450066,0.2108164146479683,-0.016447993356406343,False,True,False
2026-07-22,UFPT,237.9600067138672,57,7,False,0.006658630204976035,0.06555785212048226,0.3686874834837608,-0.148592024657776,False,False,False
2026-07-22,VEA,70.48999786376953,57,5,False,-0.003964944538857318,0.06791700599760886,0.26598415009737475,-0.037416432712816916,False,True,False
2026-07-22,ESGU,163.86000061035156,57,6,False,0.005353794313795124,0.07585019862495157,0.21072857281049218,-0.015589806206826706,False,True,False
2026-07-22,ESGV,132.25,57,6,False,0.004092285529994744,0.07614290833631254,0.22249953435868686,-0.02029783970416099,False,True,False
2026-07-22,DFUS,81.69999694824219,57,6,False,0.004067847744330555,0.07445354019679384,0.21736794526552816,-0.015247386795468443,False,True,False
2026-07-22,CWB,104.0,57,5,False,-0.018801276954873103,0.07687711674844433,0.25030054843037464,-0.0715943303285469,False,True,False
2026-07-22,BKH,74.9800033569336,57,7,False,0.01958121961118242,0.05108593108755888,0.34396849124383744,-0.04714701956243017,False,True,False
2026-07-22,SNPE,68.05999755859375,57,5,False,-0.0015990021926196585,0.06742529697735677,0.22234190347637584,-0.022688136773440948,True,True,False
2026-07-22,FTGC,29.5,57,6,False,0.03478999451316622,0.09339907483837107,0.29955942768787835,-0.037520379538112936,False,True,False
2026-07-22,GCT,37.099998474121094,57,4,False,0.05626981022731603,-0.013490098964487496,0.7914051238146533,-0.2846124558911842,False,True,False
2026-07-22,MLPA,56.06999969482422,57,6,False,0.03553354769715922,0.08413607040639537,0.2086656700266265,-0.008137256225116407,False,True,False
2026-07-22,DFAU,51.779998779296875,57,6,False,0.006844496161048763,0.07622533011910249,0.22093843352033238,-0.011454797185630361,False,True,False
2026-07-22,PLTD,8.220000267028809,57,7,False,0.030909769782057284,0.11302034355514512,0.4003407882938832,-0.15510327991816186,False,False,False
2026-07-22,VYM,161.64999389648438,57,6,False,0.017539533439259625,0.07461257504873653,0.22452844953427809,-0.001729134761696005,False,True,False
2026-07-22,SBUX,103.9800033569336,57,7,False,0.012826439101371934,0.1051562070791443,0.33324793185098667,-0.04806371728145464,False,True,False
2026-07-22,OC,139.86000061035156,57,6,False,0.079671517576833,0.15669801527986316,0.43402032565225723,-0.12538304416603963,False,True,False
2026-07-22,UTI,35.9900016784668,57,5,False,-0.12946932396516386,0.06999890184504376,0.6904650131892838,-0.2989871139170097,False,True,False
2026-07-22,VB,296.19000244140625,57,6,False,0.008122441621138954,0.08442231445409298,0.26312420786753266,-0.027929141531647828,False,True,False
2026-07-22,PRKS,45.27000045776367,57,4,False,0.0539966742889737,0.16240107176760077,0.5735140680384461,-0.20509218873929513,True,True,False
2026-07-22,DFAW,82.87000274658203,57,6,False,0.005200101862101736,0.07603445412960763,0.24110763843223726,-0.019173809422975197,False,True,False
2026-07-22,NTST,21.59000015258789,57,6,False,0.04324717044622428,0.1114371538640977,0.2685076129207513,-0.03916329273065866,False,True,False
2026-07-22,SBS,5.829999923706055,57,6,False,0.02738517835830656,0.053685536526207,0.5439618348431072,-0.18552669322157123,False,True,False
2026-07-22,CRI,38.290000915527344,57,6,False,-0.01893461527178575,0.08016618562824607,0.6377246488434802,-0.1383887916568345,False,True,False
2026-07-22,BKGI,46.060001373291016,57,6,False,0.015116577602081183,0.07027014452131342,0.22826670328776033,-0.016652407701877037,False,False,False
2026-07-22,TMV,41.130001068115234,57,6,False,0.05907438206811966,0.1235986035461647,0.2925833269195588,-0.03314527073499551,False,True,False
2026-07-22,AVDV,104.7300033569336,56,6,False,-0.014509904894907777,0.04683889956451637,0.31369011310016104,-0.05640142920373359,True,False,False
2026-07-22,CARR,68.0999984741211,56,6,False,-0.001375508000813097,0.12240194816395,0.3554935549158076,-0.16019235972883805,False,True,False
2026-07-22,FBK,58.88999938964844,56,4,False,0.07743084066319295,0.06203594815906066,0.2543130656588608,-0.05572039116962291,False,False,False
2026-07-22,GSUS,103.28399658203125,56,6,False,0.0038548606822252918,0.07116846132449695,0.2034956531031109,-0.016745548944829047,False,True,False
2026-07-22,GTES,27.40999984741211,56,7,False,0.04047251483455927,0.11863852643651662,0.3127395090568461,-0.06033596929306018,False,True,False
2026-07-22,HEI,335.239990234375,56,7,False,0.013543313208935759,0.05879693178589318,0.3089688392047294,-0.09267083396622533,False,True,False
2026-07-22,IJH,75.69000244140625,56,6,False,0.010218330244828433,0.08307669691310915,0.23494862637913227,-0.0205744870989385,False,True,False
2026-07-22,IREN,41.279998779296875,56,2,False,-0.19982634331044924,-0.15616690180711923,1.8043476922863624,-0.4629894977968846,False,True,False
2026-07-22,ITOT,163.86000061035156,56,6,False,0.003999829079183614,0.07350453389697265,0.2118029812978841,-0.015441880541545383,False,True,False
2026-07-22,IVOO,128.1300048828125,56,6,False,0.01026909587623992,0.08297302918805749,0.23296773614745825,-0.0190628565874702,False,True,False
2026-07-22,IVV,750.9299926757812,56,6,False,0.0034931721300579532,0.07123697121268457,0.20668155038771863,-0.01710733942960574,False,True,False
2026-07-22,OLMA,11.489999771118164,56,3,False,-0.027869457938424214,-0.3404455134418489,1.6113635277452572,-0.6831131545566322,True,True,False
2026-07-22,REG,82.22000122070312,56,6,False,0.040151224823396836,0.09844086149856679,0.22973377909262926,-0.017212555323595335,False,True,False
2026-07-22,SCHB,28.889999389648438,56,6,False,0.0035779824918102943,0.07294859913046348,0.21132070975120576,-0.01567294670673025,False,True,False
2026-07-22,SPDW,49.90999984741211,56,5,False,-0.007342996367172949,0.0625456379099989,0.2622660266002288,-0.043136503193675346,False,False,False
2026-07-22,SPGM,85.2699966430664,56,6,False,0.001218750941175406,0.06961929371115305,0.23830955398289633,-0.018079223411242684,True,True,False
2026-07-22,TOUS,38.48500061035156,56,6,False,0.016779455418546085,0.0725112226938116,0.22524676209198913,-0.011938386225407549,False,True,False
2026-07-22,XLI,178.85000610351562,56,6,False,0.008695629065469168,0.07524752262710765,0.21550908553352932,-0.04076154984779268,False,True,False
2026-07-22,XLV,159.42999267578125,56,6,False,0.03664098241223024,0.050741758165906425,0.24593618174796728,-0.03731663493626014,False,True,False
2026-07-22,STAA,24.709999084472656,56,3,False,-0.15082995622156725,0.01090058887110068,0.5849903042092579,-0.3111235065438491,False,False,False
2026-07-22,SWX,92.86000061035156,56,6,False,0.0405507826248892,0.08682040808171143,0.22587459551619227,-0.017042453578361205,False,True,False
2026-07-22,SPTM,90.7699966430664,56,6,False,0.003952954028600741,0.07235086378948385,0.20994402432375558,-0.014654863908650007,False,True,False
2026-07-22,IYH,67.12000274658203,56,6,False,0.036781695894243516,0.05236838250954312,0.24434565175066258,-0.04018300509553652,False,True,False
2026-07-22,MDY,690.1300048828125,56,6,False,0.009638337853608459,0.08156784956790619,0.23261709769222172,-0.020327925439811434,False,True,False
2026-07-22,ZYME,23.360000610351562,56,4,False,-0.04475656261615335,-0.018106782692850598,1.029539543512322,-0.21478989545036764,False,True,False
2026-07-22,VXF,237.8699951171875,56,6,False,0.00527846371461882,0.08390202629669496,0.24428517756730495,-0.039568793653694145,False,True,False
2026-07-22,SPYD,49.52000045776367,56,6,False,0.033182011659773414,0.0847386464153812,0.18270842419471123,-0.014527354074354792,False,True,False
2026-07-22,SPMD,66.33000183105469,56,6,False,0.009850369201109821,0.08225499780382295,0.23450590724300469,-0.019946785875204154,False,True,False
2026-07-22,QCML,17.59000015258789,56,1,False,-0.3183597205104455,-0.1199887082489417,0.6816443679195268,-0.5801909424341264,True,True,False
2026-07-22,SPYM,87.97000122070312,56,6,False,0.0033670059101920113,0.07130506739599074,0.20738403079569578,-0.01731451609123058,False,True,False
2026-07-22,VOO,687.030029296875,56,6,False,0.0028218329997307112,0.07058889700931825,0.20681911822427357,-0.01733532817558714,False,True,False
2026-07-22,VTI,368.8699951171875,56,6,False,0.0033904114539125008,0.07207881407367278,0.211793700766719,-0.015559159060348549,False,True,False
2026-07-22,FTS,58.34000015258789,56,6,False,0.029617843177466296,0.07102567498383383,0.2086181810508887,-0.012525417324510402,False,True,False
2026-07-22,TOPT,33.349998474121094,56,6,False,0.00029390041125165745,0.06363125828767813,0.2109657721658975,-0.03263234372133439,False,True,False
2026-07-22,SIBN,16.709999084472656,56,5,False,0.0657838798714343,0.05017057283017223,0.4555748911830979,-0.2366377546645959,False,True,False
2026-07-22,BH,373.2900085449219,56,6,False,0.10934587413652985,0.08283145189522045,0.5890090731078002,-0.2281017290454328,False,False,False
2026-07-22,LLYVA,95.38999938964844,56,5,False,-0.016470185965431927,0.06711473243312338,0.28246844463637033,-0.0956150673654389,False,True,False
2026-07-22,SPY,747.4099731445312,56,6,False,0.0031333359390932625,0.07100082261006424,0.20688207408958026,-0.017083181026382732,False,True,False
2026-07-22,DGRO,77.18000030517578,56,6,False,0.022874873164626663,0.07445000711380678,0.21047682460666461,-0.012664678098493698,False,True,False
2026-07-22,ACWI,156.19000244140625,55,5,False,-0.00027137431777279897,0.06650116656750549,0.22243098180344267,-0.023995478142735616,True,True,False
2026-07-22,AEO,17.81999969482422,55,3,False,0.054238229312645325,-0.09260335887968107,0.7766700069039176,-0.3738580369615493,False,True,False
2026-07-22,AFRM,73.91500091552734,55,3,False,0.009821572902389608,0.11615259006220513,0.7559092237102618,-0.2608499908447266,False,True,False
2026-07-22,AKR,22.309999465942383,55,6,False,0.028717376730387212,0.08043185733854119,0.2298787329989409,-0.025764199232146456,False,True,False
2026-07-22,BBJP,74.5,55,5,False,-0.008166312663952624,0.0473669954569782,0.24145979143057894,-0.05264495704196803,False,True,False
2026-07-22,BBUS,134.6699981689453,55,6,False,0.002622863965001665,0.06888636488149347,0.2003743224738741,-0.018440224749066925,False,True,False
2026-07-22,FDVV,62.5,55,6,False,0.025632613532588167,0.07674615931721296,0.18236850696820905,-0.003269305877815265,False,False,False
2026-07-22,FFLC,58.959999084472656,55,6,False,0.007345614738520467,0.07495042812382069,0.19995931817573065,-0.01404682547332392,False,True,False
2026-07-22,GNR,71.69999694824219,55,7,False,0.009066068861294463,0.053942869709547425,0.32974776303937436,-0.05831366531387028,False,True,False
2026-07-22,HIVE,3.190000057220459,55,1,False,-0.13357595681947754,-0.03450361579228611,0.8439306485839728,-0.5931122455185822,False,True,False
2026-07-22,HOV,131.66000366210938,55,4,False,0.09498766571452588,0.12408189919573998,0.43859275012423193,-0.18758481028295138,False,True,False
2026-07-22,HTH,38.13999938964844,55,7,False,0.005764541196286999,0.05595830010241065,0.30616432853164866,-0.05617422584348375,False,True,False
2026-07-22,IAK,144.2100067138672,55,6,False,0.05043184816967816,0.07942268537350894,0.15719790993041416,-0.039752205706937715,False,False,False
2026-07-22,IWV,425.1199951171875,55,6,False,0.003916284261750835,0.07166210324635314,0.2087918114419962,-0.014374506403016851,False,True,False
2026-07-22,LRGF,76.11000061035156,55,6,False,0.010367866032461981,0.07511010261620399,0.1912662597815431,-0.013480244911965311,False,True,False
2026-07-22,MTDR,54.9900016784668,55,7,False,0.024308492950008143,0.10384452109048792,0.4806139629015036,-0.17728897828658674,False,True,False
2026-07-22,NEXT,7.639999866485596,55,5,False,-0.048591582874183525,0.15554040898682442,0.6084210245232833,-0.35527429362512597,False,True,False
2026-07-22,NVDU,131.83999633789062,55,4,False,-0.008300843723029638,0.07631093893954888,0.5326668389089912,-0.2374342252106898,False,True,False
2026-07-22,PBUS,74.9800033569336,55,6,False,0.0040749932973318526,0.07109699901573552,0.20353136878258682,-0.016268667592630792,False,True,False
2026-07-22,QQEW,153.19000244140625,55,5,False,-0.00393768382319204,0.07783961050610944,0.2517568710529432,-0.05549047329998902,True,True,False
2026-07-22,SCHK,36.02000045776367,55,6,False,0.003174967875417156,0.07154705157022834,0.2052869393306136,-0.016518758832391178,False,False,False
2026-07-22,SFBS,86.61000061035156,55,6,False,0.06114738282001664,0.11378953401741887,0.2888393533270406,-0.04446159318660725,False,True,False
2026-07-22,VSGX,80.30999755859375,55,5,False,-0.009386860894245008,0.06521892850139155,0.25171435434349876,-0.05695168970117792,False,True,False
2026-07-22,DLN,98.25,55,6,False,0.018964666508222594,0.07468955521213072,0.19496471103506252,-0.0032464207752352925,False,True,False
2026-07-22,DGX,209.8300018310547,55,6,False,0.04438864013375965,0.09139830768074453,0.26571361669752225,-0.04274632868448425,False,False,False
2026-07-22,DEM,53.779998779296875,55,5,False,-0.009383070081601774,0.07439558110682642,0.2159167835383089,-0.04864673729671365,False,True,False
2026-07-22,DFAR,26.899999618530273,55,6,False,0.02554716718090133,0.09562347834229157,0.18790015786057568,-0.01753102837651399,False,True,False
2026-07-22,CWI,40.17499923706055,55,5,False,-0.0012653719709118105,0.06355870040300626,0.25664685955368993,-0.02982372892785079,False,False,False
2026-07-22,CL,91.62999725341797,55,6,False,0.013357310435644587,0.07098876779635566,0.22910789406409582,-0.0775194245011015,False,True,False
2026-07-22,CGUS,44.29999923706055,55,6,False,0.008186093476933332,0.07380076316756967,0.19102028768735302,-0.012042839288353036,False,True,False
2026-07-22,PRMB,23.729999542236328,55,6,False,-0.011900521791583962,0.1692880552326581,0.6525069714191902,-0.18816284933746552,False,True,False
2026-07-22,VV,343.9599914550781,55,6,False,0.002573157728933184,0.06975070169531894,0.20244714607022551,-0.018407043576446624,False,True,False
2026-07-22,CGIC,35.90999984741211,55,5,False,-0.007009285288511524,0.05715340175886441,0.25867504322287216,-0.03739446311089101,False,True,False
2026-07-22,CBSH,58.70000076293945,55,6,False,0.06638085631098223,0.11467877202378385,0.2492019294785166,-0.04825506710985372,False,True,False
2026-07-22,VIS,345.010009765625,55,5,False,-0.0002399097792785687,0.07037996663014279,0.22330961691636664,-0.04748621544192355,False,True,False
2026-07-22,OEF,368.760009765625,55,6,False,0.0008055324968154753,0.06473563894191559,0.204389635465537,-0.027069757652482984,False,True,False
2026-07-22,VEU,82.66000366210938,55,5,False,-0.004353044829919495,0.063608764357995,0.2528038717267349,-0.03592248983436985,False,False,False
2026-07-22,PNW,106.30000305175781,55,6,False,0.023921052984868352,0.09617917944553311,0.24589783675545784,-0.04372076691472948,False,True,False
2026-07-22,VTHR,330.17999267578125,55,6,False,0.0040645330192559115,0.07152295264113073,0.20874208613719247,-0.013710895505938514,False,True,False
2026-07-22,CWT,51.029998779296875,55,4,False,0.09583566900994644,0.11973332403174775,0.23589241094220337,-0.02818509978183359,False,True,False
2026-07-22,ACWX,75.05999755859375,54,5,False,-0.005113639346799648,0.06084597301467087,0.25791854972199446,-0.032607280560746243,False,True,False
2026-07-22,BBNX,16.309999465942383,54,2,False,0.16460066581704247,-0.08405137567034482,0.8534089900491673,-0.5013757284485926,False,False,False
2026-07-22,BBSI,39.5,54,4,False,0.1489037379435092,0.14436364664568768,0.5594157172907215,-0.2044310415698266,False,True,False
2026-07-22,CGGE,34.599998474121094,54,6,False,0.0069994740326349,0.06624669756549983,0.20368750961719728,-0.02273691097107189,False,True,False
2026-07-22,FAS,166.58999633789062,54,4,False,0.13804818850628742,0.11490686475128542,0.5582264580628089,-0.09829501305607236,False,True,False
2026-07-22,FIDU,95.37999725341797,54,5,False,-0.0006684822943527902,0.06934422167706344,0.22031720553330203,-0.046200027465820304,False,True,False
2026-07-22,FMDE,40.529998779296875,54,6,False,0.017278396823410036,0.07992594907158002,0.18995881224712652,-0.008076402988870357,True,False,False
2026-07-22,GUNR,52.560001373291016,54,7,False,0.007514213622883625,0.04832656277363445,0.3149862338774885,-0.06725815800280177,False,True,False
2026-07-22,IDA,148.74000549316406,54,6,False,0.026973093940750648,0.07765237287352944,0.23415208792010178,-0.039829565703215275,False,True,False
2026-07-22,IOSP,85.30000305175781,54,7,False,0.040457103611365675,0.09529661387434829,0.3020912878978894,-0.07423482074234822,False,True,False
2026-07-22,IWB,408.7099914550781,54,6,False,0.003682596700903984,0.06962603504215403,0.2016994768107312,-0.01541758599486387,False,True,False
2026-07-22,IWL,185.0,54,6,False,0.0013315072119950422,0.06669680687640578,0.20505468246124892,-0.022095321057258754,False,True,False
2026-07-22,IWR,109.2300033569336,54,6,False,0.012585270201744159,0.08041172155906895,0.19559985362518995,-0.019743309182599034,False,False,False
2026-07-22,JTEK,99.18000030517578,54,6,False,-0.050525300409432816,0.06640425799388261,0.31791912729983096,-0.11303880722719672,False,False,False
2026-07-22,PTL,281.3900146484375,54,5,False,-0.0013462986275430966,0.07109106836694745,0.209759274568585,-0.040345087384954126,False,True,False
2026-07-22,QUAL,217.33999633789062,54,6,False,0.008243513316140705,0.06829460044008573,0.19647676102727907,-0.017272595681699254,False,True,False
2026-07-22,RECS,44.34000015258789,54,6,False,0.021226028365538774,0.07023418607925991,0.1983783825023755,-0.008053704792104543,False,True,False
2026-07-22,SCHH,24.399999618530273,54,6,False,0.026132723252142664,0.0944427722424157,0.18274360693786762,-0.018898319454886403,False,True,False
2026-07-22,SCHX,29.440000534057617,54,6,False,0.003148490078551003,0.06944297546528055,0.2006525279136422,-0.017028387842744852,False,True,False
2026-07-22,TBPH,16.809999465942383,54,5,False,0.0106900800851224,-0.00905909379342651,0.5533173318373459,-0.20066576713822526,False,False,False
2026-07-22,VBK,345.29998779296875,54,5,False,-0.014676300962960798,0.07444620801547841,0.262199724196154,-0.0587690083941228,False,True,False
2026-07-22,VT,156.02000427246094,54,6,False,9.745762554369541e-05,0.06694826399331144,0.22090932901389038,-0.0212659137555381,False,True,False
2026-07-22,EQWL,129.08999633789062,54,6,False,0.00876621357382068,0.06759267193048935,0.1952777438693576,-0.018103026247159648,False,True,False
2026-07-22,DIVI,43.09000015258789,54,6,False,0.0045038341527765535,0.05995941534643068,0.24107138933203243,-0.02471592670241507,False,True,False
2026-07-22,DSI,140.50999450683594,54,5,False,-0.0054699126185516755,0.06692884514493302,0.20011951067092149,-0.029023647378690787,False,True,False
2026-07-22,DBX,28.690000534057617,54,4,False,0.03634618809755841,0.06470625206743397,0.32242456499790584,-0.11450619805860174,False,True,False
2026-07-22,DFAX,36.54999923706055,54,5,False,-0.01216111136100273,0.055269848097691865,0.25644548110492194,-0.04941486315158272,False,True,False
2026-07-22,ZTO,24.100000381469727,54,6,False,0.04585262677252455,0.07331739341595656,0.3585118766859312,-0.08015268398160613,False,True,False
2026-07-22,VXUS,84.45999908447266,54,5,False,-0.005470739635938582,0.060181551302632696,0.24480473078694076,-0.04694203941750408,False,True,False
2026-07-22,DIA,521.469970703125,54,6,False,0.015002992595170461,0.06724844439355193,0.20320714823931385,-0.020787185527788354,False,True,False
2026-07-22,DBB,24.93000030517578,54,6,False,-0.009487921237759323,0.054912147365515196,0.3997754661839714,-0.06664166380790493,False,True,False
2026-07-22,DISV,41.56999969482422,54,6,False,0.0004524476711729175,0.05189282419676022,0.27125378363714225,-0.04194514220846979,False,True,False
2026-07-22,URTH,203.10000610351562,54,6,False,0.004158062444267641,0.06505574231921196,0.2072758203742162,-0.015654513153078975,False,True,False
2026-07-22,EPR,62.029998779296875,54,6,False,0.054368911634638195,0.1279114709947018,0.2893368944574535,-0.020063198626709022,False,True,False
2026-07-22,VALE,14.850000381469727,54,4,False,-0.04079678858648961,0.011814750920800199,0.5865385604876618,-0.17224080605358838,False,True,False
2026-07-22,WMK,77.94000244140625,54,6,False,0.016373641599221944,0.11097098271219052,0.29921654043531287,-0.06926194853502232,True,True,False
2026-07-22,VONE,338.0,54,6,False,0.0034431824165508385,0.06916298610063953,0.20075317675976145,-0.015294974508375803,False,True,False
2026-07-22,SMG,68.69999694824219,54,6,False,0.09095061067098076,0.11954613394441438,0.32115378746619583,-0.08813378965229646,False,False,False
2026-07-22,SAMT,43.79999923706055,54,5,False,-0.03246330164755595,0.06834438773772833,0.2855884833986211,-0.08483078398483945,False,True,False
2026-07-22,AEP,133.07000732421875,53,6,False,0.01417580344080327,0.05831935913646702,0.25894050299148774,-0.053421499566213226,False,True,False
2026-07-22,AXTA,32.79999923706055,53,7,False,0.029717373737551567,0.07249999562340892,0.31531454769212885,-0.08174697323218905,False,True,False
2026-07-22,BCI,24.469999313354492,53,6,False,0.02619800820403495,0.0714070429927387,0.25654709580866175,-0.0577589541648027,False,False,False
2026-07-22,EXPE,261.0799865722656,53,6,False,0.08063356341350003,0.06378248774296669,0.5000286239272711,-0.1406188378447718,False,True,False
2026-07-22,FENI,40.2400016784668,53,6,False,0.0061710892044803956,0.05598717217454774,0.24044400067686178,-0.022351753458598633,False,False,False
2026-07-22,GHC,1145.9000244140625,53,6,False,0.005667527320127208,0.03905804621685083,0.2912713782444487,-0.06438811254676213,False,True,False
2026-07-22,IBOC,75.88999938964844,53,6,False,0.02101495627594674,0.07930448133763957,0.20079111508730252,-0.032755540719000886,False,True,False
2026-07-22,IDV,43.470001220703125,53,6,False,0.0030412251492717424,0.051633364962669015,0.2538218493371647,-0.04440537224072827,False,True,False
2026-07-22,IDVO,42.83000183105469,53,6,False,0.012970225139117275,0.05461314738087819,0.28502848719163665,-0.022659333873436105,False,True,False
2026-07-22,IJJ,147.7899932861328,53,6,False,0.025382320742082687,0.07882876751490397,0.2176813870122023,-0.013220344059856615,False,True,False
2026-07-22,ILCG,114.13999938964844,53,5,False,-0.011322930503471551,0.07057000863135277,0.2507122147473033,-0.05333001842457341,False,True,False
2026-07-22,IMCR,35.540000915527344,53,3,False,0.16902513516757223,0.09387254454640104,0.28978408716808124,-0.12710301406523805,False,False,False
2026-07-22,IPAC,82.22000122070312,53,5,False,-0.00037445167866245743,0.05121174631918546,0.21250559181421402,-0.028476853490828957,False,True,False
2026-07-22,MDYV,94.97000122070312,53,6,False,0.024817053737802297,0.07768844935913322,0.21460542595418652,-0.01134703691019523,False,True,False
2026-07-22,MSOS,4.389999866485596,53,4,False,-0.08182048569277689,-0.006562598733512837,0.6380596108706416,-0.3944827770364696,False,True,False
2026-07-22,RLY,36.2400016784668,53,6,False,0.010619358406539936,0.059553136298009735,0.2457889820685626,-0.03179264271992088,False,False,False
2026-07-22,TATT,41.45000076293945,53,3,False,-0.009169649991661477,-0.060802005703019635,0.3652832651395481,-0.35736432925675266,False,True,False
2026-07-22,TCBI,102.91000366210938,53,7,False,0.01881812583629805,0.07335947900819062,0.36467310256633345,-0.055178062870638866,False,True,False
2026-07-22,DEA,25.1200008392334,53,6,False,0.03805087521261785,0.09992603696718994,0.22178995582391203,-0.03235740658179309,False,True,False
2026-07-22,EA,208.9499969482422,53,7,False,0.025475157683160443,0.0321171295924958,0.42171868553273284,-0.0018629951106856613,False,False,False
2026-07-22,TDY,650.5,53,7,False,0.037867398230806426,0.09073589833997309,0.34673515547114886,-0.061841998010974675,False,False,False
2026-07-22,NYT,72.98999786376953,53,4,False,-0.016302006377056588,0.01621782664159288,0.43033508935496845,-0.16199771363421878,False,True,False
2026-07-22,LTRX,5.510000228881836,53,4,False,-0.12227599424903524,-0.06282153025056914,0.9265735772683381,-0.37028568812779017,True,True,False
2026-07-22,HCI,175.61000061035156,53,3,False,0.05703702275529854,0.029025545374167683,0.28774662241091775,-0.16574821562778352,True,True,False
2026-07-22,GRNY,27.489999771118164,53,6,False,0.006885933757095897,0.06962274558851034,0.2103733665199008,-0.018915084867482834,False,True,False
2026-07-22,B,37.5099983215332,53,3,False,-0.04858775979698393,-0.0893454317039718,0.7904533152995574,-0.31413422447565353,False,True,False
2026-07-22,PEN,316.5,53,4,False,-0.009886749186682198,0.00984640095064604,0.4304438572614244,-0.12667973620538708,True,True,False
2026-07-22,DBMF,31.389999389648438,53,6,False,0.0154369492434272,0.05221695901582435,0.23875292820164717,-0.00852812568114214,False,True,False
2026-07-22,LIT,69.0,53,5,False,-0.13318760635765325,-0.041748514745404086,0.7074981504712581,-0.24983694844800552,False,True,False
2026-07-22,CSIQ,15.399999618530273,53,2,False,-0.07694891471367216,-0.17773039487540565,0.636556840409036,-0.5547846328246372,True,True,False
2026-07-22,CC,18.239999771118164,53,4,False,-0.1265957474946383,0.029339547173148572,0.7471264850806143,-0.36379491724521906,False,True,False
2026-07-22,TMFC,77.01000213623047,53,6,False,0.0029268935140776,0.06515999004104378,0.20781060482278013,-0.024634280915933116,False,True,False
2026-07-22,PRVA,25.3700008392334,53,5,False,0.04815656713835659,0.07346261870731396,0.35162494515229614,-0.11970849729781241,False,False,False
2026-07-22,TXRH,191.42999267578125,53,6,False,0.05650589366135561,0.0977226845102599,0.24442560226984278,-0.04337618264002596,False,True,False
2026-07-22,JHMM,73.9000015258789,53,6,False,0.00687099660838153,0.07055099536414611,0.21824569955936757,-0.020906692899218537,False,True,False
2026-07-22,TLN,377.4100036621094,53,3,False,0.0013419925033890667,0.021137870601259934,0.2580333455403645,-0.1636899382135355,False,True,False
2026-07-22,IXUS,94.37999725341797,53,5,False,-0.007677436133514681,0.05595212152864559,0.24249602937015613,-0.036250413976259166,False,True,False
2026-07-22,EG,373.07000732421875,53,6,False,0.062289774448901714,0.10825635092947317,0.23353393834367564,-0.03272056583604266,False,True,False
2026-07-22,VTOL,45.09000015258789,53,6,False,0.056669753589389416,0.06788115528435723,0.3763737015502273,-0.10500200086091915,False,True,False
2026-07-22,ACVA,7.679999828338623,52,3,False,0.17885427890646688,0.13124169266955366,0.8892988241653326,-0.49853084957470106,False,True,False
2026-07-22,AGYS,97.04000091552734,52,3,False,0.057626715467730794,0.01047283691887091,0.5778861937484121,-0.3319104928363006,False,True,False
2026-07-22,AMP,526.8200073242188,52,5,False,0.11163724249959528,0.11034055503482665,0.24729505744850866,-0.04245880559551429,False,True,False
2026-07-22,AVDE,90.38999938964844,52,6,False,0.00389384216195654,0.052207602190018854,0.2417914308662512,-0.02386608121910805,True,True,False
2026-07-22,AX,97.11000061035156,52,6,False,0.06505722168050698,0.09597050025082754,0.29670184806777367,-0.049618317475845664,False,True,False
2026-07-22,BALL,62.349998474121094,52,6,False,0.06896218141738975,0.10032160216713426,0.39080963478636166,-0.08698202316256887,True,True,False
2026-07-22,BBT,30.18000030517578,52,7,False,0.019408628765972047,0.06544660313715434,0.3231039461547358,-0.08071889668224774,False,True,False
2026-07-22,BEP,32.20000076293945,52,6,False,-0.0694394500789387,0.03061438893596824,0.334438536379811,-0.15529901193133666,False,False,False
2026-07-22,EWZ,36.619998931884766,52,6,False,0.03638965272010264,0.04047832890759606,0.39239543704175595,-0.1285102681354492,False,True,False
2026-07-22,GBCI,51.16999816894531,52,6,False,0.03648874630381904,0.09233970728510377,0.2824560454153555,-0.06247716283822413,False,False,False
2026-07-22,HLT,324.2300109863281,52,5,False,-0.023375929890269598,0.06777649092432325,0.2788120989670375,-0.09432957825048005,False,False,False
2026-07-22,HOMB,30.389999389648438,52,5,False,0.0916732292669451,0.09298262469994056,0.19176468194699758,-0.025336783444360855,False,False,False
2026-07-22,HRMY,34.86000061035156,52,7,False,0.03892235304674885,0.065074674624086,0.3659874602293154,-0.14705158988503175,False,False,False
2026-07-22,ICOW,42.880001068115234,52,5,False,-0.015423025713666383,0.03648800554253562,0.2686391134914221,-0.06170677566183114,True,True,False
2026-07-22,IDMO,60.40999984741211,52,6,False,0.009606382267913771,0.05630354619893918,0.20314680240840288,-0.028778149414330545,False,True,False
2026-07-22,IUSV,111.87999725341797,52,6,False,0.014221556772337163,0.06202970351149495,0.19135334778566393,-0.012097154495205542,False,True,False
2026-07-22,IVE,230.72999572753906,52,6,False,0.013299845058908133,0.06057132328526471,0.18988185947120595,-0.012201413139713013,False,True,False
2026-07-22,KRC,38.650001525878906,52,4,False,0.044024653601908215,0.06905726649041077,0.4126462230872836,-0.1416832650759754,False,True,False
2026-07-22,PKG,228.19000244140625,52,6,False,0.010434239956760072,0.055660799690681495,0.20716290490924072,-0.08544744713561192,False,True,False
2026-07-22,QLTY,41.18000030517578,52,6,False,0.0010428637583619338,0.05813879762801011,0.2270559779520509,-0.020922516390454837,False,True,False
2026-07-22,RDVI,28.799999237060547,52,6,False,0.01828670328969184,0.07029672749349891,0.18959109153918718,-0.02273498784882333,True,False,False
2026-07-22,REET,28.40999984741211,52,6,False,0.030086792848034616,0.08183854734510776,0.17009880741223316,-0.01285617895780966,False,False,False
2026-07-22,SPYV,61.79999923706055,52,6,False,0.012965286176151114,0.06012611979738236,0.18914754253346988,-0.011990407820111182,False,True,False
2026-07-22,TDIV,109.1500015258789,52,5,False,-0.04962166210501073,0.06034135325770884,0.2322194543871947,-0.15058364571300464,True,True,False
2026-07-22,COLM,63.470001220703125,52,7,False,7.249712360168914e-05,0.09357973860284896,0.3370549734264996,-0.08094405640758684,False,True,False
2026-07-22,DFIC,37.71500015258789,52,6,False,0.0007323448676703759,0.051220927381503634,0.23291925349654607,-0.03788266789411687,False,False,False
2026-07-22,DUHP,41.38999938964844,52,6,False,0.008788800496493998,0.06352498213335389,0.16231391969189324,-0.012525385050974003,False,True,False
2026-07-22,DFAI,41.66999816894531,52,6,False,0.005215397458632864,0.05326144217227613,0.23138291906179642,-0.019529454848345562,False,False,False
2026-07-22,FNDE,40.959999084472656,52,6,False,0.010365108756803743,0.060373439822376085,0.23746226503595835,-0.034645326658736986,False,True,False
2026-07-22,HCC,83.0999984741211,52,4,False,-0.05985693051151009,-0.021425618153918746,0.6934990623789687,-0.24721443125659082,True,True,False
2026-07-22,INTF,41.4900016784668,52,6,False,0.007344009443280619,0.056362815318142134,0.23739943897894888,-0.011436729289384773,False,False,False
2026-07-22,TNC,86.16999816894531,52,7,False,0.0025292768115010578,0.10476905855097463,0.43187101581875975,-0.06265639200597473,False,True,False
2026-07-22,NBHC,43.70000076293945,52,6,False,0.011850476890154615,0.08276192631393453,0.2464346563383326,-0.07571908013510875,False,False,False
2026-07-22,RILY,7.079999923706055,52,4,False,-0.1683503380103416,0.01414501971283566,0.9450548680389228,-0.3701067555269415,False,True,False
2026-07-22,VOOV,222.75,52,6,False,0.012659263290813128,0.05971537982960018,0.1883802662114864,-0.012107485272608742,False,True,False
2026-07-22,EGO,32.09000015258789,52,4,False,0.018355146599991157,-0.05849285185570585,0.5925558689875803,-0.3727521452639109,False,True,False
2026-07-22,SPXC,219.0500030517578,52,5,False,-0.013474919032697819,0.027335436260246038,0.27867612032879396,-0.12756889654975012,False,True,False
2026-07-22,RSP,212.6999969482422,52,6,False,0.014272277582046966,0.07019754695544278,0.18206065389769877,-0.016961677920996454,False,True,False
2026-07-22,SDVY,43.04999923706055,52,6,False,0.020829168337052284,0.06762199473719166,0.22912198034458942,-0.017571895552856875,False,True,False
2026-07-22,BANR,69.62000274658203,51,6,False,0.050224345095152056,0.09135261344074452,0.2203331056550799,-0.041706795810837693,False,False,False
2026-07-22,BH.A,1892.5999755859375,51,6,False,0.09581355583154161,0.06884145650838303,0.5287560384377523,-0.24687625324873164,False,False,False
2026-07-22,BKU,45.939998626708984,51,5,False,-0.03409069736598458,0.01387397735283824,0.32049432071745687,-0.11840341415035249,False,False,False
2026-07-22,CGCV,32.93000030517578,51,6,False,0.01705490305072832,0.05821517898810913,0.1505939671404226,-0.0069360537784887155,False,True,False
2026-07-22,FHI,57.650001525878906,51,6,False,0.011119711382156838,0.06109830711022601,0.2355336844064806,-0.05134110430117944,False,True,False
2026-07-22,FLR,51.59000015258789,51,7,False,0.050849813146610856,0.1005725827182069,0.3713450722313252,-0.10278260604194978,False,True,False
2026-07-22,FN,513.6699829101562,51,4,False,-0.13391793456910306,-0.025532406502050464,0.8850967056380188,-0.31409155835614133,False,True,False
2026-07-22,GSLC,142.3699951171875,51,6,False,0.005293698215998344,0.060976294276150034,0.17544577186863664,-0.014467752315832194,False,False,False
2026-07-22,HQY,95.94999694824219,51,4,False,0.0752242031714272,0.08746003590044737,0.3187189957552843,-0.09446963215100035,False,True,False
2026-07-22,IBCP,36.0099983215332,51,6,False,0.030659270322447307,0.06563836160152925,0.2153222862461106,-0.0806739850684347,False,False,False
2026-07-22,ICLN,18.540000915527344,51,5,False,-0.1085166493492199,-0.002504453403082807,0.3877246550871851,-0.22035322202748586,False,True,False
2026-07-22,IFF,77.19999694824219,51,7,False,0.008889165226397155,0.08053933379643641,0.30537703322592313,-0.0858496182592332,False,True,False
2026-07-22,IHDG,52.435001373291016,51,6,False,0.0149237683434702,0.05712276024466556,0.20291353956735425,-0.01862247662739358,False,True,False
2026-07-22,LZB,39.29999923706055,51,7,False,0.03311756921517661,0.09012834836274353,0.35377190173955064,-0.12472165030085136,False,True,False
2026-07-22,MGK,87.16999816894531,51,6,False,-0.01056070024201372,0.05685417744053356,0.3675870077423271,-0.05639748040022696,False,True,False
2026-07-22,NVDX,18.790000915527344,51,3,False,-0.009655675508667305,0.06255147166269759,0.5141016234134501,-0.23988667324208146,False,True,False
2026-07-22,PPLI,43.45000076293945,51,6,False,-0.0017414787399475662,0.11127524445163428,0.4698917979684156,-0.10078640237256487,False,True,False
2026-07-22,VELO,10.510000228881836,51,4,False,-0.4323490668238914,-0.17064835043323257,2.7402136807468254,-0.6689763707438792,False,True,False
2026-07-22,WPC,75.43000030517578,51,6,False,0.024758311538078948,0.07467900702346397,0.22055018181847363,-0.02000780682218728,False,True,False
2026-07-22,ES,74.45999908447266,51,4,False,0.050549385576002415,0.058689277236131376,0.21014140357055178,-0.02552027855226624,False,True,False
2026-07-22,DLO,14.260000228881836,51,4,False,0.10394589241153285,0.0651966229769263,0.4536187175248876,-0.1501788054019112,False,True,False
2026-07-22,DOV,214.52999877929688,51,6,False,-0.006802798228383478,0.04448849558843326,0.349499887601171,-0.09686787554598797,False,True,False
2026-07-22,CNP,43.68000030517578,51,6,False,0.016267730101862554,0.05933411176127379,0.19376879264884184,-0.034055746880924054,False,False,False
2026-07-22,UTF,27.75,51,6,False,0.017795838070819192,0.08008593990721469,0.18488471005979812,-0.012806851744392778,False,True,False
2026-07-22,VO,80.48999786376953,51,6,False,0.014177541584539544,0.06925016061870526,0.15908846955828349,-0.01299822376849602,True,False,False
2026-07-22,LIN,508.6700134277344,51,6,False,-0.012139315673686535,0.0762620366474287,0.3117489685620467,-0.0721087156130309,False,True,False
2026-07-22,JIRE,82.6500015258789,51,6,False,0.015693184408617222,0.05944765355331638,0.20709799988857314,-0.012426823816327093,False,True,False
2026-07-22,ICF,69.06999969482422,51,6,False,0.01319336663547599,0.08073091999863413,0.17246647213933808,-0.019727496561304236,False,True,False
2026-07-22,STAG,41.29999923706055,51,4,False,0.06884609347684445,0.08126786259563135,0.22479234110180046,-0.03074398860658001,False,False,False
2026-07-22,NMIH,41.689998626708984,51,5,False,0.0752632344676798,0.08260332537144133,0.19661304374627786,-0.03840389650806719,False,True,False
2026-07-22,IYM,178.55999755859375,51,5,False,-0.017153579032782584,0.05447998080820904,0.2936318129228004,-0.06693838054784607,False,True,False
2026-07-22,SEB,4618.02001953125,51,4,False,-0.04319783124443832,-0.022044619746685146,0.544488300846572,-0.22896399301170778,False,True,False
2026-07-22,MDB,304.9700012207031,51,2,False,-0.08951350140857839,-0.08590847431679405,0.5366050251673531,-0.31424266868232364,False,True,False
2026-07-22,EWW,76.70999908447266,51,7,False,7.560345827983816e-05,0.04083770123788022,0.303040606017839,-0.060502172064755166,False,True,False
2026-07-22,EQR,68.29000091552734,51,6,False,0.017367824454532554,0.08303222222614415,0.1862081166845464,-0.04489509209052667,False,True,False
2026-07-22,EEMV,72.45999908447266,51,5,False,-0.016595470767496123,0.06527882302770904,0.17287148779864925,-0.06370332528824407,False,True,False
2026-07-22,RAAX,40.400001525878906,51,5,False,-0.003059386079203419,0.045438308162320196,0.2833545779336726,-0.054970724540844285,False,False,False
2026-07-22,EMA,54.34000015258789,51,6,False,0.030579817144215315,0.07147047459568245,0.18724054203872198,-0.019487514472034007,False,True,False
2026-07-22,TFC,51.72999954223633,51,5,False,0.04437113006985438,0.06716671568346766,0.2685140041862515,-0.07953738718898429,False,True,False
2026-07-22,ADUS,111.4000015258789,50,3,False,0.1325005477317751,0.057272584763158996,0.2666288276443811,-0.10478946206761253,False,False,False
2026-07-22,ASM,6.260000228881836,50,3,False,-0.031229657648233933,-0.058653660752045256,1.0193549746653332,-0.47789821948444955,False,True,False
2026-07-22,BUFQ,38.849998474121094,50,5,False,-0.002733860002344879,0.05994597555954417,0.1668067275510472,-0.055893146208302324,False,True,False
2026-07-22,BV,14.289999961853027,50,6,False,0.07322568245234917,0.11309739042521727,0.29204334716908353,-0.13524960413136922,False,False,False
2026-07-22,EXI,195.6199951171875,50,5,False,-0.0009111660065902472,0.050265558935222776,0.1883124828058227,-0.03730315917763238,False,True,False
2026-07-22,FEGE,49.61000061035156,50,6,False,0.00029035805878985244,0.036929629806558006,0.24009497027339655,-0.03613756685910863,False,False,False
2026-07-22,GFF,89.66999816894531,50,7,False,0.003015623310302473,0.098600172779854,0.37932618400840945,-0.0884416421136982,False,True,False
2026-07-22,GPIQ,56.75,50,5,False,-0.019736547001528493,0.053201035378133366,0.18935344898918727,-0.05147922007008887,False,True,False
2026-07-22,GSK,50.7599983215332,50,4,False,-0.01360283236927573,-0.010577459279385693,0.3968078730984379,-0.17730959977519867,False,False,False
2026-07-22,HIG,140.83999633789062,50,5,False,0.05524209137147684,0.048152554825194205,0.1704478866013175,-0.025328745066500846,False,True,False
2026-07-22,IMTM,52.775001525878906,50,6,False,0.0019764530807786507,0.050548377117751064,0.19077170327783377,-0.029692919321431366,False,True,False
2026-07-22,LNT,74.0199966430664,50,6,False,0.0018162729183095472,0.05618675084125235,0.16972184056494166,-0.060779102447834354,False,True,False
2026-07-22,MATW,27.719999313354492,50,6,False,0.040485828858077166,0.06779863803576514,0.26287008427613134,-0.10378276625118987,False,True,False
2026-07-22,NVDG,18.931800842285156,50,2,False,-0.003685705500139469,0.05610354378810212,0.5341815727866797,-0.25288868475591886,False,True,False
2026-07-22,NWN,51.560001373291016,50,6,False,0.03617782504164446,0.047060904805618975,0.3122932087516086,-0.07912127473429809,False,True,False
2026-07-22,PTON,6.260000228881836,50,3,False,0.0809504436906674,0.08296539357058585,0.7150685110466184,-0.31956517840603493,False,True,False
2026-07-22,PXH,28.700000762939453,50,6,False,0.004297162269664367,0.05177522136071033,0.22649577909446417,-0.04682829023016899,False,True,False
2026-07-22,SCHY,32.4900016784668,50,6,False,0.009206848420515668,0.04629683579455479,0.21118362551377534,-0.04553464146217212,False,False,False
2026-07-22,TCAF,41.20000076293945,50,6,False,0.012713015927054094,0.06574373394606159,0.1966308567457653,-0.017409957951901478,False,True,False
2026-07-22,TT,473.6000061035156,50,7,False,0.008019467243515432,0.080498273110998,0.36068496645837045,-0.0637910714712312,False,True,False
2026-07-22,UCB,34.9900016784668,50,6,False,0.026527217337339648,0.07190728818629788,0.22129152336309033,-0.05890259840595313,False,True,False
2026-07-22,XYZ,77.45999908447266,50,5,False,0.04560093895792061,0.14628953116807097,0.6067206089083035,-0.0787345694863788,False,True,False
2026-07-22,CRBG,31.68000030517578,50,4,False,0.107390303298182,0.10208363516268637,0.42767010106884573,-0.13371614521343633,False,True,False
2026-07-22,CUBI,76.48999786376953,50,6,False,0.004881828579852199,0.051868685496350375,0.2890124311945037,-0.0735222852994426,False,True,False
2026-07-22,DON,57.400001525878906,50,6,False,0.02765726012240144,0.06780072515216395,0.16100329935829905,-0.011367547912524256,False,True,False
2026-07-22,ULS,86.08000183105469,50,5,False,-0.09516719537928675,0.012797653319554403,0.3964958254933175,-0.1995536442419178,False,True,False
2026-07-22,HBAN,18.270000457763672,50,5,False,0.07614921209476533,0.09023209916337871,0.22699798767678603,-0.061151011443700276,False,True,False
2026-07-22,KIE,62.72999954223633,50,4,False,0.05730301219952394,0.07607763420210589,0.17362018048335237,-0.03788339757081005,False,False,False
2026-07-22,VIG,237.42999267578125,50,6,False,0.011358640322386204,0.05635146724142004,0.1686272324437743,-0.01103802538762999,False,True,False
2026-07-22,PNRG,193.39500427246094,50,4,False,-0.022576811555791276,0.0297793334897829,0.5300237495081486,-0.3065793886526911,True,False,False
2026-07-22,KHC,25.959999084472656,50,3,False,0.08066700926879067,0.08482845139191797,0.23413355230741573,-0.11065438131172134,False,True,False
2026-07-22,UTL,55.33000183105469,50,6,False,0.06593668443854916,0.08874998142324486,0.24030488845623532,-0.004677069991357086,False,True,False
2026-07-22,QCMU,21.799999237060547,50,1,False,-0.321269809899158,-0.13666805430891626,0.6641220307059825,-0.5822154252670982,True,True,False
2026-07-22,DNP,11.029999732971191,50,6,False,0.019879777284251388,0.06420953493674708,0.13828691544018468,-0.011648755933546306,False,True,False
2026-07-22,TOL,148.97999572753906,50,6,False,0.02402728455780645,0.04721460050794124,0.26791485725565156,-0.11511050613301632,False,True,False
2026-07-22,CLOU,23.170000076293945,50,4,False,0.0016557422431098257,0.061214249907435514,0.3224885542754983,-0.12367626292410827,False,False,False
2026-07-22,RARE,27.645000457763672,50,4,False,0.012989883910139888,0.016888379868603254,0.5114816333494208,-0.3069691431246895,False,True,False
2026-07-22,SBH,14.649999618530273,50,4,False,0.08634392421041515,0.004167439160435382,0.5635005120019965,-0.18247770333938218,False,True,False
2026-07-22,KVUE,19.1299991607666,50,7,False,0.04978374419010345,0.09884424608845377,0.3644792108528949,-0.1635330800710264,False,True,False
2026-07-22,INFL,51.43000030517578,50,6,False,0.007718075103519517,0.050029427024095297,0.2562286768525486,-0.06779042936192703,False,True,False
2026-07-22,ABM,47.0099983215332,49,3,False,0.09269671962050863,0.09503329396370241,0.27191557050883897,-0.06205109091439098,False,True,False
2026-07-22,AFG,140.41000366210938,49,3,False,0.0310845703477427,0.04964021226541382,0.14986490017433085,-0.0640581278273944,False,True,False
2026-07-22,AHRT,7.0,49,4,False,0.020675979574065417,0.07555794639354585,0.36452238671399706,-0.09208820163866238,False,True,False
2026-07-22,AOA,96.6500015258789,49,5,False,-0.0038136309433218774,0.04790153009967635,0.17293689000144719,-0.02057153195195527,True,True,False
2026-07-22,ASIX,21.850000381469727,49,7,False,0.02870972672190031,0.109866656028351,0.5496453752004915,-0.18256637651847574,False,True,False
2026-07-22,BALI,33.9900016784668,49,6,False,0.007938420523812662,0.05274736918909162,0.14271308520638137,-0.014782560044440674,False,True,False
2026-07-22,BUFR,36.709999084472656,49,6,False,0.008713216840511073,0.05502797197723419,0.1495584351140411,-0.014655395821423944,False,True,False
2026-07-22,EZU,68.81999969482422,49,6,False,0.006481729506470968,0.05120459705709535,0.20525396731866596,-0.021191834952459243,False,True,False
2026-07-22,GEN,25.579999923706055,49,4,False,0.01874197485351048,0.053099597721853575,0.4386951032526729,-0.20608321059685453,False,True,False
2026-07-22,GNL,9.15999984741211,49,4,False,-0.0054288940985899314,0.025480257238731818,0.3530280462657418,-0.08719481946236907,False,True,False
2026-07-22,GSIE,46.27000045776367,49,6,False,0.011279919517832582,0.051313752717619066,0.19591631171116042,-0.013432858158173078,False,True,False
2026-07-22,IDEV,89.66999816894531,49,6,False,0.0041478136691335266,0.047442693019505544,0.20824634634070716,-0.014886056953795967,False,True,False
2026-07-22,IIIN,31.700000762939453,49,4,False,0.1078803058141149,0.0013456783969991726,0.30184806021863775,-0.20571283176802668,False,True,False
2026-07-22,IQLT,49.75,49,6,False,0.010767980495733465,0.05438842992435866,0.20740708988970957,-0.006490279740145044,False,False,False
2026-07-22,JPEF,80.38169860839844,49,6,False,0.0053717675816065125,0.054244510296403536,0.15474354120958078,-0.011295257181906382,False,False,False
2026-07-22,MFSI,32.58000183105469,49,6,False,0.00996767076581695,0.052145185357737045,0.17872657563286154,-0.01422079929971154,False,False,False
2026-07-22,MNR,13.510000228881836,49,5,False,0.016400857789723444,0.06767614174259973,0.2915870152592448,-0.1328626254788724,False,True,False
2026-07-22,MTG,29.040000915527344,49,3,False,0.08278216259623528,0.06509204645438227,0.176184701797365,-0.0310309782827638,False,False,False
2026-07-22,OVL,56.4900016784668,49,5,False,-0.006304462190576898,0.04531853732543034,0.16956527061644477,-0.03063062721018417,False,False,False
2026-07-22,SCHG,34.04999923706055,49,3,False,-0.0019287435417342236,0.05034075935748206,0.2178111713876958,-0.03867868443556044,False,True,False
2026-07-22,SKYY,133.19000244140625,49,3,False,-0.015399933110625041,0.05202423032817283,0.2836353093606918,-0.14490236813945923,False,True,False
2026-07-22,UDR,39.540000915527344,49,6,False,0.019829172419479013,0.07768961349190762,0.2003643765627492,-0.05857140677315853,False,True,False
2026-07-22,USAC,26.8700008392334,49,5,False,-0.01853350490697403,0.03783644903280692,0.22974830069206642,-0.12045821570309245,False,True,False
2026-07-22,VRTX,472.57000732421875,49,7,False,0.02076215865979969,0.04907618963678728,0.3036413995150862,-0.11449018596240534,False,True,False
2026-07-22,W,84.30000305175781,49,3,False,0.06809996570894294,-0.03184457964864684,0.5161871468574784,-0.2973828913725718,False,True,False
2026-07-22,ESGD,103.33999633789062,49,6,False,0.00724778052977082,0.04787658887375135,0.19495828314633457,-0.014025391231226036,False,True,False
2026-07-22,EFA,104.25,49,6,False,0.0049296967621144105,0.04666783167305244,0.20186768004918565,-0.015952448579005463,False,True,False
2026-07-22,VUG,85.68000030517578,49,5,False,-0.010598419748737986,0.051956627933730015,0.23044522941871248,-0.05430461646586737,False,False,False
2026-07-22,QDPL,45.45000076293945,49,5,False,-0.00013462347928983043,0.0532186084721431,0.161809867175007,-0.019205856424640788,False,True,False
2026-07-22,V,353.4200134277344,49,4,False,0.053974553928018754,0.07161579520323635,0.20255876624630798,-0.03209727981193,False,True,False
2026-07-22,TSAT,39.52000045776367,49,5,False,-0.1574494793990422,0.07075171917129075,1.0173558014262176,-0.33152907354926164,False,True,False
2026-07-22,EQH,48.75,49,4,False,0.10644073420326006,0.10148084104013533,0.3851399466603542,-0.11748735483830874,False,True,False
2026-07-22,ESNT,65.05999755859375,49,5,False,0.06132725856599697,0.05784743703493023,0.17564144161917428,-0.03571963270351719,False,True,False
2026-07-22,EIS,119.68000030517578,49,5,False,-0.04891325815511216,0.017310343254840932,0.3756321874158135,-0.13806269323494447,True,True,False
2026-07-22,TAK,16.8700008392334,49,5,False,0.04309657496309027,0.04354501217120865,0.29869138848962806,-0.10740734498780558,False,False,False
2026-07-22,TAC,14.039999961853027,49,4,False,0.037740029588222423,0.02464549502955582,0.23374339373130937,-0.21476506594807554,False,True,False
2026-07-22,CMC,68.06999969482422,49,4,False,-0.03265689739802202,-0.0002283975850184694,0.37072090020095905,-0.19794983513694298,False,True,False
2026-07-22,JHX,24.780000686645508,49,7,False,0.04882676552699694,0.13709108833319816,0.5054679261812005,-0.1692926332543262,False,True,False
2026-07-22,OGE,49.29999923706055,49,6,False,0.026694027719973645,0.06557269082219652,0.1822541567163598,-0.01910065890434698,True,True,False
2026-07-22,ANF,96.04000091552734,48,5,False,0.13776372264215153,0.06684440882486808,0.4673797615525592,-0.2784914696480093,False,True,False
2026-07-22,ASHR,34.970001220703125,48,5,False,-0.017663477488666368,0.030478267771231415,0.23963141990852832,-0.06321994360011751,False,False,False
2026-07-22,ATRC,33.52000045776367,48,4,False,0.1313851515412674,0.014171790561434694,0.32176654775320945,-0.22371467760861063,False,True,False
2026-07-22,AVA,42.22999954223633,48,6,False,0.02295407936660121,0.0475087119465214,0.189577451893981,-0.02919541282215332,False,True,False
2026-07-22,AYI,331.54998779296875,48,3,False,0.054154002976683824,0.029795864652292448,0.28987697156501246,-0.12789021731722583,False,True,False
2026-07-22,BBAX,62.79999923706055,48,6,False,0.027281850449059952,0.05556240588500594,0.16641900184025138,-0.023479993451366865,False,True,False
2026-07-22,FELE,104.66999816894531,48,6,False,0.027417415522852373,0.06319275730933493,0.16897472748176212,-0.06150812055442223,False,True,False
2026-07-22,FELG,43.2599983215332,48,3,False,-0.009624492622181902,0.04165157828203769,0.20417534419613315,-0.05193957245462599,False,True,False
2026-07-22,FEZ,68.43000030517578,48,6,False,0.009387321207532384,0.046892942598518506,0.20645272976825035,-0.02963693189704819,False,True,False
2026-07-22,FLOC,20.65999984741211,48,4,False,-0.10560447769501691,-0.002886137453785853,0.4725588197168735,-0.2689313630543603,False,True,False
2026-07-22,GCOW,45.290000915527344,48,6,False,0.006245450230921934,0.03448545898925981,0.19309805078612308,-0.047929341894550115,False,True,False
2026-07-22,IAI,189.80999755859375,48,6,False,0.03654246085536883,0.07130549841657086,0.20300417687352468,-0.03375078802898146,False,True,False
2026-07-22,IEFA,97.08999633789062,48,6,False,0.0028093552259986776,0.044869964132449036,0.1961315575714293,-0.017606045339739307,False,True,False
2026-07-22,KYTX,7.400000095367432,48,3,False,-0.1285300244303207,-0.10117817059255174,1.64285722192453,-0.45866861345522136,False,False,False
2026-07-22,POWR,26.899999618530273,48,5,False,-0.015690416036912125,0.03476859462505133,0.16048314341582937,-0.05414911696935987,False,True,False
2026-07-22,PPG,117.38999938964844,48,6,False,0.023580987735254855,0.07657739907363603,0.2569868311045327,-0.12021280196805573,False,True,False
2026-07-22,PTLC,58.279998779296875,48,6,False,0.004271756809607563,0.03985462204360779,0.1463414359633961,-0.014708414609277631,False,True,False
2026-07-22,SFLR,38.619998931884766,48,6,False,0.005344282170996584,0.04289278697568033,0.15317996405824075,-0.03738783748590524,False,True,False
2026-07-22,CVCO,570.0499877929688,48,5,False,0.026251718906159516,0.02492532664648528,0.4345210649465785,-0.20050212481539909,False,True,False
2026-07-22,COWZ,64.37999725341797,48,6,False,0.011302101837468381,0.042023632005940836,0.17438886559308653,-0.023805910045096135,False,True,False
2026-07-22,DFGR,29.75,48,6,False,0.023403076236962805,0.06989680829394929,0.1434391729299882,-0.013103348872630094,False,True,False
2026-07-22,CGMM,31.969999313354492,48,6,False,0.0009925214480768219,0.05664640708121871,0.19827582262630172,-0.0384962612524965,False,True,False
2026-07-22,CPK,135.22999572753906,48,3,False,0.07833236729637694,0.050472438527153995,0.1379165255361312,-0.038125049789954235,False,False,False
2026-07-22,IYF,133.27999877929688,48,6,False,0.04631152355608381,0.065397474054951,0.17303287764007957,-0.01471135824876435,False,False,False
2026-07-22,ETN,406.9100036621094,48,7,False,0.007588059153527116,0.08926872650991058,0.30453316922667506,-0.06830147739907555,False,True,False
2026-07-22,DRS,45.90999984741211,48,7,False,0.02139342091529217,0.1110546420056795,0.41566449014448326,-0.09250840662305038,False,True,False
2026-07-22,DCI,90.95999908447266,48,5,False,0.054234663076917045,0.012808180411424175,0.30727215709666345,-0.1939028532746493,False,True,False
2026-07-22,LYB,62.31999969482422,48,5,False,-0.010309804412939494,0.07871578363445075,0.49879742545560757,-0.2575649525585102,False,True,False
2026-07-22,DB,35.59000015258789,48,3,False,0.056271144269090634,0.026998022035860103,0.26564719382697355,-0.11971308721381047,False,True,False
2026-07-22,SDY,154.32000732421875,48,6,False,0.021099602920652716,0.054672215367999044,0.1405765250809714,-0.021184804391155332,False,True,False
2026-07-22,CTRI,27.510000228881836,48,3,False,-0.0685311783322261,-0.01270810001441558,0.4448528837226635,-0.3600093093343604,False,False,False
2026-07-22,EMBJ,66.05000305175781,48,6,False,0.09179694140133532,0.027787658612614674,0.41920931999211164,-0.18204330586058437,False,True,False
2026-07-22,DNOW,14.239999771118164,48,4,False,0.0696151018825204,0.05558889807112721,0.3022404412141133,-0.17497105548759995,False,True,False
2026-07-22,IYJ,162.02999877929688,48,6,False,0.011478773615571036,0.05516445537019021,0.16652272065649054,-0.03473133450408894,False,True,False
2026-07-22,SBCF,33.380001068115234,48,5,False,0.05739323470069535,0.05405592378130741,0.2263042582715482,-0.06104073742660199,False,False,False
2026-07-22,SOLV,77.63999938964844,48,4,False,0.005980946573006074,0.036892892440396174,0.24462965790703017,-0.1197278676187552,False,True,False
2026-07-22,FTLS,75.30999755859375,48,6,False,0.013941493174933539,0.04765993923214196,0.14383356238513612,-0.0035644838867380235,False,True,False
2026-07-22,IYG,94.37000274658203,48,6,False,0.047098954585899744,0.06408532089470942,0.18154500439929566,-0.016466849941771722,False,False,False
2026-07-22,EWU,47.2400016784668,48,6,False,0.015189189742208287,0.04229989068507489,0.1929293812811257,-0.034341712047425754,False,False,False
2026-07-22,ABUS,4.329999923706055,47,3,False,-0.03914433352835511,-0.02586082080510177,0.38782053927227933,-0.19516731754641936,False,True,False
2026-07-22,APD,297.0,47,6,False,0.024188785235850885,0.0792260997212546,0.2963205412630996,-0.05675356621559535,False,True,False
2026-07-22,APOG,40.18000030517578,47,6,False,0.030562947480323288,0.07093834456771853,0.3066666765910824,-0.21029875271847787,False,True,False
2026-07-22,BBEU,77.80999755859375,47,6,False,0.005207522166402967,0.04233294014328948,0.19762961515535693,-0.02291711595002799,False,True,False
2026-07-22,CASH,88.66999816894531,47,6,False,0.04664144594991315,0.07715040614540736,0.3461362452052785,-0.12433343572664712,False,True,False
2026-07-22,CGDG,38.22999954223633,47,6,False,0.018624593948847634,0.04878437373932254,0.16200601122054303,-0.001827668308580166,False,True,False
2026-07-22,FNCL,79.88999938964844,47,6,False,0.049245861857773576,0.06497776561320645,0.17901412147288287,-0.016011861222642643,False,True,False
2026-07-22,FREL,30.09000015258789,47,6,False,0.021620744663869873,0.06789604952304762,0.141069366513628,-0.020507785639589216,False,True,False
2026-07-22,FXU,50.08000183105469,47,6,False,0.0273368789847539,0.046495753146416074,0.15952774770603662,-0.029833342361401116,False,True,False
2026-07-22,GBX,51.130001068115234,47,6,False,0.05641807797043108,0.04628905217577883,0.3374313806001239,-0.13617161252909282,False,False,False
2026-07-22,IEV,73.05000305175781,47,6,False,0.007705779587384942,0.04403830432181444,0.19813025404619422,-0.018804485612775146,False,True,False
2026-07-22,JEF,55.959999084472656,47,4,False,0.02185034245377282,0.04464180803299911,0.5750070646520884,-0.21227479781406677,False,True,False
2026-07-22,KMLM,29.459999084472656,47,6,False,0.03231499901657031,0.07098897763612766,0.14318969969584572,-0.023533344051237526,False,False,False
2026-07-22,MOO,83.16999816894531,47,5,False,0.039372922913478936,0.056965818540237745,0.19979801695173993,-0.03916358000534481,False,True,False
2026-07-22,MPLX,56.61000061035156,47,6,False,0.007288215050596847,0.02833601805649466,0.18430965510268038,-0.05618537775265742,False,True,False
2026-07-22,P,74.58000183105469,47,1,False,-0.02581623695732005,-0.003685722507506095,0.3717124019900975,-0.2585743657795362,False,True,False
2026-07-22,PDBA,37.720001220703125,47,6,False,0.03598656046046145,0.0619797254499852,0.11962014717326852,-0.018475125652732127,False,True,False
2026-07-22,SPHD,52.400001525878906,47,6,False,0.03172762233221116,0.054757862501000565,0.12494631743324769,-0.028910259174608655,False,False,False
2026-07-22,TBT,37.349998474121094,47,6,False,0.037655601820479445,0.07863489583889449,0.17860517023281863,-0.02429467959332221,False,True,False
2026-07-22,VERA,36.05500030517578,47,3,False,-0.029284348561831264,-0.07102395089782143,0.8910626420870191,-0.35673504378326504,False,False,False
2026-07-22,VNQ,99.0199966430664,47,6,False,0.02083102503393497,0.06699133316713235,0.14025795507618333,-0.02037994806758492,False,True,False
2026-07-22,XLF,56.04999923706055,47,4,False,0.049110722609630786,0.06323344774042194,0.17579193182294683,-0.015630477891001582,False,True,False
2026-07-22,XLG,61.279998779296875,47,5,False,-0.01314731956570514,0.03384106652240071,0.16501902199571905,-0.053882940321923534,False,True,False
2026-07-22,EW,84.37000274658203,47,5,False,-0.03093604621226842,0.012095515867767137,0.1669432805719746,-0.12379268933024945,False,False,False
2026-07-22,DFIS,35.63999938964844,47,5,False,-0.005996399768439131,0.0406951344676334,0.2069081801872792,-0.04142014262740501,False,False,False
2026-07-22,ED,112.08999633789062,47,6,False,0.03267635761456322,0.05859178264218046,0.18039171670778775,-0.03561909059168933,False,True,False
2026-07-22,TDUP,6.039999961853027,47,3,False,0.0947978889795873,0.031134626453243053,0.9610389972300095,-0.508143314886569,False,True,False
2026-07-22,IXJ,98.23999786376953,47,5,False,0.02356361328438017,0.024943859973602933,0.19571559743096678,-0.03874754601488051,False,True,False
2026-07-22,ITA,231.11000061035156,47,5,False,-0.007556158501215715,0.028681436429886187,0.21534495245911556,-0.08103703701007103,False,True,False
2026-07-22,IYK,74.48500061035156,47,6,False,0.022967157140692418,0.05383680322710638,0.1422328117788212,-0.04137704587082813,False,True,False
2026-07-22,OCFC,19.670000076293945,47,6,False,0.04917858354483373,0.054352492087376136,0.2224984393881595,-0.045608952266866676,False,True,False
2026-07-22,WTM,2182.320068359375,47,6,False,0.039275846913181534,0.044885227797439864,0.324223342451077,-0.06458634018029363,False,True,False
2026-07-22,SYY,82.12000274658203,47,5,False,0.04322819226668817,0.04742362877866535,0.20428214996979133,-0.1059335426149246,False,True,False
2026-07-22,VGK,89.08999633789062,47,6,False,0.008951298943565167,0.04566582231738514,0.1912019688101705,-0.018292051373106077,False,True,False
2026-07-22,DGRW,96.0999984741211,47,6,False,0.00031642066752834985,0.04602281038388578,0.14377531913471664,-0.019487844306487534,False,True,False
2026-07-22,KDP,30.200000762939453,47,5,False,-0.017751995151072064,0.06145548624812691,0.21382643816813274,-0.15971057548966694,False,True,False
2026-07-22,DIHP,34.095001220703125,47,6,False,0.0012963302241912888,0.039340734094902796,0.19484848091896034,-0.0344095187010367,False,True,False
2026-07-22,IGF,67.48999786376953,47,6,False,0.010495702329381684,0.038699165897398746,0.15190301566825526,-0.030316101388078498,False,True,False
2026-07-22,EME,755.1500244140625,47,5,False,-0.08474473793533754,0.016996115014749957,0.3984259711371527,-0.2067418725743998,False,False,False
2026-07-22,ACGL,98.62999725341797,46,5,False,0.034701228031562614,0.04479988710278793,0.19624015650761928,-0.06147111342265299,False,True,False
2026-07-22,ADC,80.22000122070312,46,6,False,0.05626849470119599,0.06697951376533928,0.15324905170000824,-0.02266082564398575,False,True,False
2026-07-22,AVES,64.02999877929688,46,5,False,-0.027235302013317586,0.032484043615679026,0.1983903876769073,-0.07283520065330418,False,False,False
2026-07-22,AVNT,37.36000061035156,46,6,False,0.039464037538397445,0.07134819050508145,0.3595342515537465,-0.16700107287832655,False,True,False
2026-07-22,BBD,3.7300000190734863,46,6,False,0.06876791231438495,0.03186898590961795,0.36630036374116304,-0.13255817357625854,False,False,False
2026-07-22,BCAT,15.649999618530273,46,5,False,-0.004579592360507978,0.04906469849165562,0.13983977715276885,-0.032756531313288484,False,False,False
2026-07-22,BUFD,29.8700008392334,46,6,False,0.007827818522440522,0.04465436793587463,0.12128837072230225,-0.0023379991174212744,False,True,False
2026-07-22,CART,44.72999954223633,46,7,False,0.025844486373968856,0.09733479064843897,0.36663611878498914,-0.1639252422011901,False,True,False
2026-07-22,FE,49.33000183105469,46,5,False,0.05328116738765076,0.04121048890601098,0.20229108697770348,-0.05750856539469029,False,True,False
2026-07-22,FG,29.860000610351562,46,4,False,0.056310643514092096,0.05269283093208155,0.4516286365266633,-0.18637602208158777,False,True,False
2026-07-22,HAS,89.04000091552734,46,4,False,0.04598382978408999,0.026176502391648038,0.281151092309746,-0.1676949138013233,False,False,False
2026-07-22,HRL,25.209999084472656,46,6,False,0.06849195517707729,0.08326902045896101,0.2796953354387104,-0.15345874737411325,False,True,False
2026-07-22,IEUR,75.4800033569336,46,6,False,0.005986921264532041,0.04153950234916293,0.18474343810388638,-0.019358163442106835,False,True,False
2026-07-22,IQV,198.52000427246094,46,4,False,0.0658906675676656,0.009836672216872788,0.28491912150460164,-0.19643796065499208,False,True,False
2026-07-22,LOGI,104.41999816894531,46,2,False,-0.015362699230820898,0.017457634436033764,0.2532405010970231,-0.19466300154470817,True,True,False
2026-07-22,NTNX,53.36000061035156,46,3,False,0.05880159555995723,0.07339564957057476,0.5689504041100477,-0.35258430240469407,False,True,False
2026-07-22,OSK,148.64999389648438,46,5,False,0.08537394478599314,0.0474538781269247,0.2730153136071958,-0.17640872418215758,False,True,False
2026-07-22,SA,27.31999969482422,46,3,False,-0.04672846150922849,-0.06329930954220853,0.8080741439826085,-0.3180229965483943,True,True,False
2026-07-22,SCHE,35.9900016784668,46,5,False,-0.002350627893660917,0.04268826379682844,0.1917218797766609,-0.03770052914132804,False,True,False
2026-07-22,SPEM,51.11000061035156,46,5,False,-0.010297844801153477,0.039956226177473964,0.19807784325278321,-0.04538663174492119,False,False,False
2026-07-22,SPGP,121.3499984741211,46,6,False,0.006743131204293151,0.052238172792767656,0.16839974736170316,-0.03283655620067227,False,False,False
2026-07-22,SSD,186.8000030517578,46,5,False,-0.023816150067904607,0.032330812490347194,0.19498461041088233,-0.12501757344449016,False,True,False
2026-07-22,WRB,72.36000061035156,46,3,False,0.053468327404099014,0.03404371114823834,0.15094642658970847,-0.08358660778428217,False,False,False
2026-07-22,XMHQ,112.12000274658203,46,6,False,0.01045241941910735,0.0522665696876039,0.1500667268785476,-0.023685072083297842,False,True,False
2026-07-22,DOW,31.25,46,3,False,-0.04349423437776856,0.03336358744276602,0.531712545122135,-0.2688348438754431,False,True,False
2026-07-22,CPT,112.01000213623047,46,6,False,0.009435597987190292,0.05511546229361097,0.16036469027961542,-0.06510304299562852,False,True,False
2026-07-22,VFH,137.16000366210938,46,6,False,0.046976567786761514,0.06339226907016471,0.1756236034519627,-0.016774167296707,False,False,False
2026-07-22,O,65.02999877929688,46,6,False,0.04383026149090563,0.06353138813477965,0.1641603664294624,-0.04283196287222779,False,True,False
2026-07-22,MLYS,27.010000228881836,46,1,False,-0.004808303587828355,-0.15538519426932773,1.145353447301579,-0.43315846035781136,False,True,False
2026-07-22,ZWS,47.47999954223633,46,4,False,-0.017493914003805844,-0.007985433454995694,0.29762228325320805,-0.11681545713109642,False,True,False
2026-07-22,VWO,58.810001373291016,46,5,False,-0.009045117528507896,0.0396190356291668,0.19120928996637243,-0.044050700005003995,False,True,False
2026-07-22,MDU,21.110000610351562,46,6,False,-0.013071744240791716,0.020706690146447215,0.3394670243510083,-0.08137506393104066,False,True,False
2026-07-22,TUR,39.77000045776367,46,5,False,0.006244451136182327,0.045558168129586685,0.2537831437158964,-0.09572530987476635,False,True,False
2026-07-22,IYR,104.94999694824219,46,6,False,0.02082499596872256,0.06624427000290489,0.1352082251230151,-0.022538937658888036,False,True,False
2026-07-22,MX,3.6500000953674316,46,4,False,-0.30065909178492145,0.03728546392825138,0.6743119190802993,-0.6298174216572481,True,True,False
2026-07-22,DBA,28.229999542236328,46,6,False,0.03402046914312784,0.05915191122787533,0.11141732150426731,-0.021151199969630552,False,True,False
2026-07-22,WM,236.3800048828125,46,5,False,0.05945841853993383,0.061826079166080516,0.2177631453276434,-0.047354208555105304,False,True,False
2026-07-22,STC,69.70999908447266,46,3,False,0.03794738475900261,0.018069220024709454,0.22062683136860728,-0.11321716647725011,False,True,False
2026-07-22,NOBL,56.40999984741211,46,6,False,0.0234814682315605,0.04893072987967617,0.1256110537386277,-0.028586186604717123,False,False,False
2026-07-22,A,133.4600067138672,45,4,False,0.04352536620764558,0.018586234208068264,0.23174904100938676,-0.1672801949453775,True,True,False
2026-07-22,AEE,112.01000213623047,45,6,False,0.013582629620541242,0.046014969311639176,0.1598840477394532,-0.05332993217434712,False,True,False
2026-07-22,ALLY,44.66999816894531,45,6,False,0.012172313076069363,0.05829001265300815,0.24359689437748422,-0.055402890586998765,False,False,False
2026-07-22,AOR,68.5999984741211,45,5,False,-0.0049982412619294925,0.03161538157814725,0.1253280758594113,-0.019579858834941177,False,True,False
2026-07-22,ARCO,8.449999809265137,45,6,False,0.003014962931177312,0.055175017477015365,0.29800299726203194,-0.13333335289588344,False,True,False
2026-07-22,BMRN,58.400001525878906,45,5,False,0.04102421952158264,0.04150228512154519,0.18554615338568325,-0.11888952019533461,False,True,False
2026-07-22,CBOE,281.79998779296875,45,4,False,-0.039477586231149386,0.01716910466657562,0.2405898981506871,-0.24079962995442017,True,True,False
2026-07-22,CGBL,37.380001068115234,45,5,False,-0.003168068108885591,0.03719389248861771,0.12421055843955586,-0.02146596016876945,False,True,False
2026-07-22,FBIN,50.209999084472656,45,4,False,0.1539981712290759,0.05401814842957964,0.5525664455030865,-0.2256322961090086,False,True,False
2026-07-22,GLBE,35.54999923706055,45,5,False,0.06722782849385545,0.020211209114618045,0.3242689568397794,-0.15236050545740942,False,True,False
2026-07-22,GPIX,55.310001373291016,45,6,False,0.001415878588763686,0.04177656567757526,0.14135374366965703,-0.015661101173255365,False,True,False
2026-07-22,HGV,49.31999969482422,45,6,False,-0.017020771120184297,0.08253446671781495,0.3405816381485478,-0.10974732244753727,False,True,False
2026-07-22,HROW,42.83000183105469,45,5,False,0.1179148716081666,0.04030171355907686,0.5007007868648241,-0.21914306248773352,False,True,False
2026-07-22,HRTG,26.229999542236328,45,4,False,0.0827210201787234,-3.814188264816831e-05,0.5589895009106527,-0.17979987749549253,False,True,False
2026-07-22,IPGP,97.83999633789062,45,4,False,-0.11309494126997977,-0.03949991696005384,0.3712683732344795,-0.3720960612310048,False,True,False
2026-07-22,JOE,61.81999969482422,45,4,False,-0.024890386241025908,-0.014782258188931308,0.33318958634514395,-0.15936906547180296,False,True,False
2026-07-22,NEE,89.41000366210938,45,5,False,0.016022765364134495,0.021881748672992973,0.2913056964274401,-0.09458224139636073,False,True,False
2026-07-22,NGG,83.87000274658203,45,4,False,0.010925304424553417,0.018096836587065512,0.24215057636846904,-0.11379962713994285,True,True,False
2026-07-22,NVTS,12.670000076293945,45,4,False,-0.3764211358192676,-0.004545144314795024,1.3290441071737082,-0.6292068845409302,False,True,False
2026-07-22,PBW,33.83000183105469,45,4,False,-0.14119177855822596,-0.026343077190808195,0.5532599065434229,-0.2835662652159723,False,True,False
2026-07-22,QQA,55.619998931884766,45,5,False,-0.02012774530497341,0.03279378341266126,0.15394186828831935,-0.049718091715413304,False,True,False
2026-07-22,SCHW,100.80000305175781,45,5,False,0.08058973061428487,0.05886416055973087,0.2005717502490958,-0.06232555300690412,False,True,False
2026-07-22,SII,108.52999877929688,45,3,False,-0.0962912505315432,-0.07321816685261917,0.7521795477163271,-0.3601957457097644,False,True,False
2026-07-22,SSB,102.19000244140625,45,4,False,0.050043284986908576,0.06419097007355878,0.20963539749929616,-0.0578093001658897,False,True,False
2026-07-22,WAL,83.41000366210938,45,4,False,0.04205191801648067,0.0280688755261842,0.2672440602984134,-0.14213719240644973,False,True,False
2026-07-22,XLB,50.81999969482422,45,5,False,-0.004310349318391249,0.0434370134394777,0.208992503373423,-0.06132249228393971,False,True,False
2026-07-22,XLRE,45.0099983215332,45,6,False,0.011979131599382686,0.058604204371071944,0.13303964884618003,-0.020563670370324916,False,True,False
2026-07-22,DTE,148.5500030517578,45,6,False,0.011835531888193085,0.05016770845865115,0.1768200831914042,-0.046227909780046095,False,True,False
2026-07-22,COWG,37.80139923095703,45,5,False,-0.016438625584033528,0.04620446931987465,0.15798915772482602,-0.06104472810604478,False,True,False
2026-07-22,SW,44.5099983215332,45,7,False,0.04843872640091873,0.08452386882152774,0.35995594723412006,-0.15460594431976737,False,True,False
2026-07-22,EWL,62.369998931884766,45,6,False,0.0013936171381814244,0.034998600246253675,0.2033570659554731,-0.0482221868804682,False,False,False
2026-07-22,INMD,15.199999809265137,45,3,False,0.07082219249221655,0.058586112579896765,0.19496851337846843,-0.09199522000651505,False,True,False
2026-07-22,CGIE,36.5,45,6,False,0.0024993816007874425,0.03218581232884565,0.15488057360108765,-0.023019287909574526,False,True,False
2026-07-22,PB,73.05999755859375,45,6,False,0.03328690542251178,0.054220308107310045,0.19633204394441317,-0.053626937218974935,False,True,False
2026-07-22,KSPI,87.30999755859375,45,6,False,0.002787473074859159,0.10031780301405169,0.27292611488829865,-0.1198588685023052,True,True,False
2026-07-22,MMI,30.270000457763672,45,3,False,0.01071148990228532,0.07307892332912669,0.2390503511926121,-0.09964302738106279,False,True,False
2026-07-22,LMAT,98.80999755859375,45,5,False,0.017208416666180337,0.03854414176660015,0.25060112500976484,-0.1626981122792649,False,True,False
2026-07-22,CTAS,201.36000061035156,45,3,False,0.13653425592396684,0.09164334330907598,0.24944152416703913,-0.11197353644828423,False,False,False
2026-07-22,EPP,55.61000061035156,45,6,False,0.020767798807628912,0.0431115990862585,0.13652156679976923,-0.02558260193236106,False,True,False
2026-07-22,ATKR,72.95999908447266,44,6,False,-0.05102065264429245,0.06012764799735715,0.3639932098533434,-0.1907720039819074,False,True,False
2026-07-22,ATMU,52.529998779296875,44,5,False,0.04358707395223105,-0.022414876302003006,0.41133791124321006,-0.21007520632636278,False,True,False
2026-07-22,AVB,190.27000427246094,44,3,False,0.016098890529384402,0.05767578908845139,0.18844470342767106,-0.07040252549816206,False,True,False
2026-07-22,AXP,348.739990234375,44,4,False,0.05570016007363088,0.028390558218466255,0.20947490692794757,-0.10000258323205169,False,True,False
2026-07-22,CDNS,337.010009765625,44,5,False,-0.09802151577867413,0.027725688724348885,0.28262610757611806,-0.1912212729101549,False,True,False
2026-07-22,CGGR,45.599998474121094,44,5,False,-0.016346801164243585,0.028256729795485436,0.18287936126034832,-0.05039570929973458,False,True,False
2026-07-22,FFIN,34.68000030517578,44,5,False,0.03812444412794869,0.08383468379840697,0.23328589154200108,-0.0902413096300394,False,True,False
2026-07-22,FVD,49.25,44,6,False,0.024944125720578914,0.04045082983366899,0.10450773338115038,-0.024172799508526133,False,True,False
2026-07-22,GILD,130.33999633789062,44,4,False,0.004014794692794643,-0.0068739619853112055,0.2061817442408873,-0.1713395517743861,False,True,False
2026-07-22,GMAB,28.850000381469727,44,3,False,0.08018048333517758,-0.011621569779154628,0.3741366624552678,-0.18571831405671246,False,False,False
2026-07-22,GOOD,13.0,44,5,False,0.03506481487952562,0.09910549879586728,0.25847048364120795,-0.06340058409115967,False,True,False
2026-07-22,HIFS,288.1600036621094,44,4,False,0.0002547981431018087,-0.0037924619126920023,0.22532638476739808,-0.14745561046713207,False,False,False
2026-07-22,INVA,21.43000030517578,44,4,False,-0.0399261497902349,0.0022777081552365352,0.2972154788957422,-0.14791249979239096,False,True,False
2026-07-22,IPI,34.81999969482422,44,4,False,-0.04949608783076531,0.03456522984951316,0.5441242072238357,-0.3083035441144276,True,True,False
2026-07-22,ITW,273.92999267578125,44,5,False,0.052075668549261156,0.04981451931888148,0.14701442205341553,-0.09641776828485193,False,True,False
2026-07-22,IWF,120.91999816894531,44,3,False,-0.01781770524986226,0.025994329181883602,0.18282298932101226,-0.06365186045805438,False,True,False
2026-07-22,IWMI,52.18000030517578,44,5,False,-0.003584262538830596,0.03984895797051147,0.17205749704965045,-0.03119198451796701,False,False,False
2026-07-22,MAGS,66.30000305175781,44,3,False,-0.011262321442479073,0.01902178278530897,0.20359452035366266,-0.06829680101519398,False,False,False
2026-07-22,MNKD,3.8399999141693115,44,2,False,0.025476659485275333,-0.12372782711701802,0.7219730409530414,-0.41013828277101705,False,True,False
2026-07-22,OZK,50.970001220703125,44,5,False,0.024345567816492997,0.06761121213437327,0.20297386135515305,-0.050130425537798784,False,False,False
2026-07-22,QRVO,89.4800033569336,44,2,False,-0.05311664885690137,0.027918574566548227,0.19434070400209214,-0.18275636950630803,False,True,False
2026-07-22,RES,5.980000019073486,44,4,False,-0.07530539067970443,-0.020739681093355555,0.4306220728842205,-0.2671568467038631,False,True,False
2026-07-22,RJF,168.00999450683594,44,3,False,0.07550212134474532,0.06358932702837383,0.21027219163332123,-0.054317285581209074,False,True,False
2026-07-22,RYLD,16.020000457763672,44,6,False,0.012060094383410158,0.03398702807065468,0.11793444124600838,-0.012938945803797619,False,True,False
2026-07-22,SFD,26.440000534057617,44,6,False,0.034667638414961566,0.08749526298903998,0.2542694795896956,-0.11290051121166456,False,False,False
2026-07-22,SGMT,7.050000190734863,44,3,False,-0.01006779420930326,0.06855017032293542,0.5666667090521917,-0.3821209215586566,False,True,False
2026-07-22,SRE,93.05000305175781,44,5,False,0.012462952613941258,0.01175949195238224,0.1897456097813892,-0.079077571173514,False,True,False
2026-07-22,TJX,155.41000366210938,44,3,False,-0.005963809183028856,0.009994686757291982,0.2555340539242503,-0.08582350786994486,False,True,False
2026-07-22,VIV,14.039999961853027,44,5,False,0.03927635689005893,0.00962523725470299,0.30120482034198814,-0.1865585297988963,False,True,False
2026-07-22,CHD,97.12999725341797,44,6,False,0.006307394671368316,0.047952457517848046,0.1942701963192417,-0.0840249300752759,False,True,False
2026-07-22,NI,46.56999969482422,44,5,False,-0.006748227029078069,0.03161751000290236,0.21118332303679255,-0.05364762119008948,False,False,False
2026-07-22,BXP,67.41000366210938,44,4,False,0.04910455540707703,0.05308056228204494,0.35579247801868985,-0.15025838766940613,False,True,False
2026-07-22,IWY,283.0899963378906,44,3,False,-0.018909970132442222,0.027061714550842275,0.18571726214823303,-0.06607943752292944,False,True,False
2026-07-22,NTR,68.5,44,4,False,0.023084368661021593,0.027617407534999083,0.2917216967152312,-0.19751640686266536,False,True,False
2026-07-22,SCZ,83.05999755859375,44,5,False,-0.01119991902165085,0.028566019467455517,0.15121269302817164,-0.045616468762349704,False,False,False
2026-07-22,MYGN,5.659999847412109,44,2,False,0.16484870496194404,-0.005062607584888079,0.603399403197092,-0.34109432516052596,False,True,False
2026-07-22,ECH,39.540000915527344,44,4,False,-0.01370434474088833,-0.011869289287553486,0.35040983566511263,-0.17366766611472473,True,True,False
2026-07-22,VONG,124.44000244140625,44,3,False,-0.01801565294825358,0.02575433290574991,0.18255248951492997,-0.06393861775161624,False,True,False
2026-07-22,SLVP,31.56999969482422,44,3,False,-0.05042350914643856,-0.089900118134016,0.8122847047392576,-0.3704885596357729,True,True,False
2026-07-22,RBA,110.51000213623047,44,5,False,0.022286631934880008,0.05530896480483727,0.1809147250898806,-0.07584880043436126,False,True,False
2026-07-22,AES,14.859999656677246,43,6,False,0.013559575489804132,0.023983660316713618,0.20519057166471932,-0.15807365564608167,False,True,False
2026-07-22,AGCO,117.27999877929688,43,5,False,0.02198557792925948,0.02357905126638693,0.182138895893331,-0.18430936308935186,False,True,False
2026-07-22,AHCO,10.880000114440918,43,5,False,0.056803183013460545,0.052646869309813216,0.279247497712247,-0.18987342760909098,False,True,False
2026-07-22,AMZN,244.85000610351562,43,5,False,-0.022960505152304744,0.04430838521912417,0.24923472501793675,-0.12101519152256379,False,True,False
2026-07-22,AVGG,29.459999084472656,43,2,False,-0.06911257997370046,0.011226434392515694,0.6485728987652613,-0.40412621555864137,True,True,False
2026-07-22,BIO,305.9599914550781,43,4,False,0.05589373811339837,0.03720736600855057,0.29244285463181563,-0.10830031531510698,False,True,False
2026-07-22,FCPT,26.309999465942383,43,6,False,0.05202125195014751,0.07148527464394538,0.1549604334018433,-0.024109778954133354,False,True,False
2026-07-22,FLS,68.58999633789062,43,3,False,-0.054543998910929536,-0.06040585901811946,0.4081296987696954,-0.25776438026466175,False,True,False
2026-07-22,FWONA,89.2699966430664,43,3,False,0.04691223255824828,0.05666537640507552,0.21126187706301636,-0.10299437646448228,False,False,False
2026-07-22,FWONK,96.95999908447266,43,3,False,0.04644234595967456,0.05219749500541471,0.2097317185099008,-0.11341129994243926,False,True,False
2026-07-22,GRBK,71.44999694824219,43,6,False,0.0036352385863394066,0.039518388383452674,0.1821641060836785,-0.14101951567561732,False,True,False
2026-07-22,HEI.A,244.25,43,4,False,0.0041753948826070975,0.011627816397233204,0.22523196650001287,-0.12661804762361528,False,True,False
2026-07-22,HOOD,104.4800033569336,43,3,False,0.10470836339650513,0.03284868308755895,0.6449658247806196,-0.3209410961752962,False,True,False
2026-07-22,IDU,116.44000244140625,43,5,False,0.025713322343696943,0.026514492699191816,0.1083191047712111,-0.03625225347195227,False,True,False
2026-07-22,INVH,29.5,43,4,False,0.0018474754958013317,0.06684604335731237,0.21649484536082464,-0.09703086460404442,False,True,False
2026-07-22,IRON,74.31999969482422,43,3,False,0.04089926835183877,-0.00328472572363403,0.8579999923706054,-0.2530653297002591,False,True,False
2026-07-22,LH,281.4599914550781,43,3,False,0.054149375840250924,0.05300192568741813,0.15107143193673478,-0.04174046614010718,False,False,False
2026-07-22,MGRC,117.12000274658203,43,5,False,0.02152959942049293,0.05134227667596636,0.23297194842082614,-0.08792150606299487,False,True,False
2026-07-22,NEM,95.75,43,3,False,-0.05867386349419135,-0.07948712682982084,0.5968979563376209,-0.29010975286373797,True,True,False
2026-07-22,PPA,170.1999969482422,43,4,False,-0.013016373192459074,0.017734089923393093,0.19800090218780553,-0.08641978443254628,False,True,False
2026-07-22,SKY,82.01000213623047,43,6,False,0.05207659930668829,0.01691281968668501,0.363878275061555,-0.17303616365386232,False,True,False
2026-07-22,SPLV,76.19999694824219,43,6,False,0.026055307586791088,0.037842390427758055,0.09435588042482235,-0.023952898090071395,False,True,False
2026-07-22,THC,195.35000610351562,43,4,False,0.05555114150556517,-0.017297003086951368,0.3325375032084048,-0.20978115449176304,False,True,False
2026-07-22,EWA,28.860000610351562,43,6,False,0.008160321119836444,0.03481104914532729,0.15717722503417209,-0.053149572054288385,False,True,False
2026-07-22,DXCM,71.43000030517578,43,6,False,0.0021606174245181187,0.05888814926822783,0.3200886989365659,-0.20615694998558143,False,True,False
2026-07-22,ENOV,26.549999237060547,43,4,False,0.11748064643399769,0.038216502485006965,0.38714733979666116,-0.22549591066219055,False,True,False
2026-07-22,DIVO,46.650001525878906,43,6,False,0.012730256480876445,0.023484222265301558,0.10309767122163227,-0.013742023713868345,False,True,False
2026-07-22,GLL,25.450000762939453,43,3,False,0.05514099348836865,0.08192445503539836,0.6314102654234504,-0.4457752226098578,True,True,False
2026-07-22,PSA,311.70001220703125,43,5,False,-0.007000970666680262,0.06402502186747983,0.21501520942083574,-0.06055033551491229,False,False,False
2026-07-22,MSEX,56.58000183105469,43,4,False,0.05455037305585386,0.06277873889196295,0.28096002210918125,-0.09006108791631762,False,False,False
2026-07-22,TRIP,13.84000015258789,43,3,False,0.13081135537789912,0.07912127490506271,0.5360710101009032,-0.31349205072714825,False,True,False
2026-07-22,TXT,91.70999908447266,43,4,False,0.00871779251344762,0.026062148416223563,0.20989439831356171,-0.0970759145414668,False,True,False
2026-07-22,RH,175.08999633789062,43,3,False,0.14238101237323786,0.06745562783842884,0.647130680256319,-0.31871596755684584,False,True,False
2026-07-22,RSPA,53.165000915527344,43,6,False,0.003357432630073598,0.026767227977748442,0.08837621561848663,-0.017282764971629505,False,False,False
2026-07-22,VIGI,94.8499984741211,43,6,False,0.010685870449298474,0.030747446759593178,0.11287099305745718,-0.01811594231514213,False,True,False
2026-07-22,CSTL,24.809999465942383,43,3,False,0.1402125782398107,-0.1381429259778606,0.7004797262830547,-0.43970189363369394,False,True,False
2026-07-22,XAR,264.29998779296875,43,4,False,-0.03490064000285997,0.011323097022531758,0.2659864079326113,-0.10525077123026982,False,True,False
2026-07-22,GRND,14.5,43,3,False,0.05983306144825318,0.11692683570636064,0.48993007368535135,-0.2786069788651542,False,True,False
2026-07-22,WFC,86.41999816894531,43,4,False,0.05706070388790874,0.02157033682680698,0.18741411951670028,-0.11599840138590256,False,False,False
2026-07-22,AR,35.27000045776367,42,3,False,-0.0007762497273263724,-0.009479718831050143,0.21202749125126719,-0.22907102824560277,False,True,False
2026-07-22,AVGX,50.470001220703125,42,2,False,-0.07037927680483991,0.00568923259514853,0.6365110561281244,-0.4048349126839219,True,True,False
2026-07-22,FLNC,14.65999984741211,42,4,False,-0.2777684781326851,-0.22696246125796615,1.220539127874836,-0.5625186337896133,False,True,False
2026-07-22,FLQM,58.779998779296875,42,6,False,0.021297812133591387,0.0350096489421543,0.09411063673152209,-0.025853519545012915,False,True,False
2026-07-22,FRHC,158.05999755859375,42,4,False,0.07939264462720641,0.12360447179994827,0.46385737246828285,-0.18529971633484832,False,True,False
2026-07-22,FUTY,59.22999954223633,42,5,False,0.021982188449386486,0.02196808064062372,0.11271839285362373,-0.03706712471976614,False,True,False
2026-07-22,GPN,78.97000122070312,42,3,False,0.1047134799777445,0.059283398744738314,0.2912034240962251,-0.12875108393125267,False,True,False
2026-07-22,HELO,68.12000274658203,42,6,False,0.005655451805739009,0.02477154375549362,0.08748409020321901,-0.0040935493136055046,False,False,False
2026-07-22,HON,232.99000549316406,42,4,False,0.006237954069315821,0.030852456456171407,0.18952648391339744,-0.10485951450815978,False,True,False
2026-07-22,ITT,193.0,42,3,False,-0.0038226353777682798,0.012540816055536252,0.24051933235982292,-0.14321226712920365,False,False,False
2026-07-22,JBLU,5.159999847412109,42,6,False,-0.022542179864124434,0.04009188256316554,0.33333333333333326,-0.20615386962890625,False,False,False
2026-07-22,LRMR,4.019999980926514,42,4,False,0.12545143038237727,0.022809667121628463,0.48066302320914933,-0.3738317861131355,False,True,False
2026-07-22,OMC,79.37999725341797,42,5,False,0.0433259893991611,0.03480300581868434,0.19674348050829504,-0.08936561981370517,False,True,False
2026-07-22,RNW,6.21999979019165,42,4,False,0.021514176927931006,0.02597088381608459,0.41847194196788773,-0.24514563556260882,False,True,False
2026-07-22,SUPN,46.939998626708984,42,5,False,0.002143461200700303,-0.04383900872902824,0.443863458941429,-0.21347187689879943,False,True,False
2026-07-22,VPU,198.41000366210938,42,5,False,0.021139210501500028,0.02122935009613891,0.1114784032695233,-0.03731199521432271,False,True,False
2026-07-22,VRDN,19.170000076293945,42,2,False,0.09084081181101866,-0.20302658241604798,0.45447645162541406,-0.4409448945913179,False,True,False
2026-07-22,WCLD,32.25,42,4,False,0.01988152421267153,0.02433242136738012,0.34993724671144033,-0.12790696594882345,False,True,False
2026-07-22,XLP,84.37999725341797,42,6,False,0.0023424851604241237,0.027821677498462316,0.12267154260340596,-0.06390062319982603,False,True,False
2026-07-22,XLU,45.93000030517578,42,5,False,0.023505200507093482,0.023913619142955422,0.11616035484933751,-0.03912131719104528,False,True,False
2026-07-22,CSWC,23.690000534057617,42,6,False,0.008960988595568375,0.05381158244203754,0.22302527143283224,-0.030290616531895243,False,False,False
2026-07-22,EFAV,90.86000061035156,42,5,False,0.01233385602105308,0.02183230910153089,0.11266221571957913,-0.04488591155628341,False,False,False
2026-07-22,JGRO,94.58000183105469,42,3,False,-0.018170772709301564,0.020352592057935714,0.1653523603179754,-0.05163944001332332,False,True,False
2026-07-22,XRT,88.73999786376953,42,5,False,0.03992835338609435,0.04528075556352906,0.15667357210394273,-0.03175126692483132,False,True,False
2026-07-22,FCNCA,2077.570068359375,42,6,False,0.015452075068186133,0.05127371710715467,0.27948099218138367,-0.06927658924753577,False,False,False
2026-07-22,UUP,28.450000762939453,42,4,False,0.013364320064653823,0.027083254689780345,0.07765155962238257,-0.003851495275204786,True,True,False
2026-07-22,LTM,51.2599983215332,42,2,False,-0.028194890762807567,-0.014011794974469471,0.25054882221343067,-0.2720817998524392,False,True,False
2026-07-22,EFG,120.80000305175781,42,5,False,-0.009907456228652523,0.02445898348055353,0.13597900330860613,-0.03905811843507767,False,True,False
2026-07-22,VZ,44.290000915527344,42,2,False,-0.027819830321223482,-0.0033080319561458182,0.15368589788177478,-0.14299534338254105,False,True,False
2026-07-22,VAW,226.02000427246094,42,4,False,-0.015884638797509454,0.02207326624752537,0.18776610566485274,-0.07844732392277187,False,True,False
2026-07-22,VOT,295.6499938964844,42,3,False,-0.004769317980409693,0.04029381522728537,0.1910325060835687,-0.044564401616216553,False,False,False
2026-07-22,NAMS,31.700000762939453,42,3,False,-0.050027847676410886,-0.06805887306273328,0.4998817326540699,-0.24890417278422183,False,True,False
2026-07-22,CRTO,21.049999237060547,42,4,False,0.120861291782284,0.08748152245082741,0.3515248471809602,-0.20640906541785242,False,True,False
2026-07-22,XEL,80.19000244140625,42,4,False,0.00864628370759224,0.013857598034185736,0.15948522549514954,-0.04796391730399685,False,True,False
2026-07-22,BAX,21.739999771118164,42,3,False,0.0693030243192383,0.11333025013964049,0.3820724986510329,-0.25928451487026816,False,True,False
2026-07-22,CRUS,139.49000549316406,42,5,False,-0.11717309167052026,-0.008268184665447209,0.5158662310565783,-0.2268595116460117,False,False,False
2026-07-22,EHC,111.0199966430664,42,3,False,0.05738566755918195,0.03310021528547247,0.19672308569997132,-0.1325884952257419,False,True,False
2026-07-22,SLGN,45.529998779296875,42,5,False,0.0975685851025394,0.0906316296381251,0.27606497729463975,-0.19912049250058006,False,False,False
2026-07-22,SONO,14.65999984741211,42,1,False,-0.00818619426655931,-0.062330112656514,0.4500494901332437,-0.26034308410002593,False,False,False
2026-07-22,ABNB,140.0500030517578,41,6,False,0.005838986253472456,0.06454403839455258,0.26387515691174546,-0.07177890694970668,False,True,False
2026-07-22,ALLW,29.42930030822754,41,5,False,-0.004196677022419215,0.011382318895446275,0.1323316878567793,-0.029696657360507417,True,True,False
2026-07-22,ALRM,50.540000915527344,41,3,False,0.0826837127381923,0.050459593227848654,0.21812482214859674,-0.15101626151714354,False,True,False
2026-07-22,AMBA,69.01000213623047,41,1,False,-0.06723072968466626,-0.025579738802187557,0.4287785347060451,-0.2862757224765792,False,True,False
2026-07-22,AON,352.3299865722656,41,3,False,0.056015254543059,0.047381543284094274,0.15673525331874538,-0.07524937907541829,False,True,False
2026-07-22,ATO,178.47000122070312,41,5,False,0.02481797864921198,0.012342164308378978,0.1571679061444453,-0.07293124350296654,False,True,False
2026-07-22,BALT,34.404998779296875,41,6,False,0.005380308214575358,0.022966691443895737,0.06814653080453992,-0.0015960622935873303,False,False,False
2026-07-22,BOX,28.450000762939453,41,4,False,0.062233071727878286,0.041087297269577494,0.3331771583651717,-0.1602715505899438,False,False,False
2026-07-22,CALM,87.86000061035156,41,2,False,0.09823628093271441,0.06380403439570292,0.22163518975573426,-0.3049050668534742,False,False,False
2026-07-22,CARS,11.65999984741211,41,4,False,0.11968962337082778,0.08714906442551462,0.5756756347491854,-0.16535435758499084,False,True,False
2026-07-22,CCS,64.52999877929688,41,6,False,0.07454722133846925,0.05220589614218207,0.36499199781035174,-0.15092106869346222,False,True,False
2026-07-22,FSLR,208.86000061035156,41,1,False,-0.1606236688903967,-0.11157467099172746,0.2143728934217224,-0.3492444534458381,False,True,False
2026-07-22,FSS,116.94999694824219,41,3,False,0.009477583287720526,0.021321088372502572,0.15574655723485842,-0.1305479018341743,False,True,False
2026-07-22,FTCS,95.9800033569336,41,5,False,0.017215756895598622,0.019808632991581643,0.06929591212868846,-0.037697960571159705,False,True,False
2026-07-22,GTLB,31.350000381469727,41,2,False,0.0738103448692855,-0.03882781700113214,0.6737854323367802,-0.40148912290585836,False,True,False
2026-07-22,HE,13.600000381469727,41,4,False,0.01223617753398809,-0.002939830556780154,0.28666043274619946,-0.2174913096560901,False,True,False
2026-07-22,JEPQ,59.459999084472656,41,5,False,-0.009366548577704581,0.0159274586820517,0.11119418705989914,-0.03661701379669424,False,True,False
2026-07-22,MGY,25.600000381469727,41,4,False,-0.06099152246682027,-0.015477371910576077,0.2152860067617839,-0.21855916687752686,False,False,False
2026-07-22,MOAT,104.41000366210938,41,6,False,0.012136757510046836,0.01794495936332119,0.10991818859178837,-0.034135012618849325,False,True,False
2026-07-22,PHM,126.75,41,4,False,0.03179642140159,0.021166957513948814,0.16831046636353975,-0.12283737024221453,False,False,False
2026-07-22,PUK,29.479999542236328,41,4,False,0.04271302062390969,0.0006432064462751352,0.20032574036154038,-0.1337055362995978,False,True,False
2026-07-22,RVLV,25.3700008392334,41,6,False,0.19020814696680088,0.049003852942266946,0.4622478548374702,-0.19917927415270498,False,True,False
2026-07-22,SCHC,48.31999969482422,41,4,False,-0.01773046574317172,0.011152593056483306,0.14611005383554865,-0.06682115036773739,True,True,False
2026-07-22,VSS,152.02999877929688,41,4,False,-0.027564392922811876,0.011148024803611767,0.14445952251153882,-0.0667853700708193,False,True,False
2026-07-22,WS,35.5099983215332,41,4,False,-0.07386160477291992,-0.025445233035367387,0.30455544516165833,-0.277811681027059,False,True,False
2026-07-22,ZM,85.80999755859375,41,3,False,-0.09191925670022782,-0.021255302141509502,0.24092546153422645,-0.25213526968620203,True,True,False
2026-07-22,ELS,65.4800033569336,41,5,False,0.0319937462484452,0.033166135959102894,0.12605333858491075,-0.05101444410241174,False,False,False
2026-07-22,SLG,50.119998931884766,41,4,False,0.04151511693663967,0.10126856404145324,0.44147248409637707,-0.24392822085261157,False,True,False
2026-07-22,XRAY,13.270000457763672,41,4,False,0.20884731207639673,0.12773012897510228,0.4102019843723079,-0.22352250794133355,False,True,False
2026-07-22,EWM,27.8799991607666,41,3,False,-0.008520775271846137,-0.0028452120288859906,0.18739351381227487,-0.09007833824612566,False,True,False
2026-07-22,UPBD,21.420000076293945,41,4,False,0.10928130617630827,0.11084605210631726,0.35398233182658423,-0.23581878160640934,False,True,False
2026-07-22,XPEL,42.619998931884766,41,4,False,-0.05838376849915694,-0.05600409798111594,0.36340366666111423,-0.23770346900014339,False,True,False
2026-07-22,JLL,324.0400085449219,41,5,False,0.05851841238971023,0.02343635274750433,0.2796777781487054,-0.1074753188896127,False,True,False
2026-07-22,EPRT,32.65999984741211,41,5,False,0.05758768486820176,0.049133562047393164,0.12815195118136358,-0.05960264100512935,False,True,False
2026-07-22,QDVO,29.729999542236328,41,3,False,-0.00958106048251095,0.021739004015192576,0.1545630890188865,-0.04003874067195945,False,True,False
2026-07-22,DUK,127.94999694824219,41,5,False,0.024329296294336444,0.027146504516511794,0.12335377729710584,-0.048628212341431554,False,True,False
2026-07-22,CORN,18.280000686645508,41,4,False,0.04019669507763335,0.026608743555409653,0.1166768325896772,-0.04443275020441928,False,True,False
2026-07-22,ITGR,96.55999755859375,41,6,False,0.051899952937281224,0.13517396509721458,0.5574193154611895,-0.16980483547900083,False,True,False
2026-07-22,XYLD,40.95000076293945,41,6,False,0.006340326435601673,0.01577365359125782,0.0714285571701534,-0.008954475668379813,False,False,False
2026-07-22,AAP,55.4900016784668,40,5,False,-0.018935280165001456,0.05784301524179147,0.4645025751472218,-0.20728569030761723,False,True,False
2026-07-22,AGNC,10.720000267028809,40,4,False,0.010196219743867196,0.005888033855103947,0.17543864052051372,-0.12059059589469401,False,False,False
2026-07-22,AMCR,43.209999084472656,40,5,False,0.060649184709958615,0.032556212020214526,0.19199997474407327,-0.15174714861855765,False,True,False
2026-07-22,AMH,33.18000030517578,40,4,False,0.012128463253117339,0.05407956139991832,0.21895669148298746,-0.09983722854693355,False,True,False
2026-07-22,AOM,49.060001373291016,40,5,False,-0.00848825339534498,0.012458676425496584,0.07564132244621025,-0.0207584257985014,False,True,False
2026-07-22,AVTR,10.949999809265137,40,3,False,0.15423534740943823,0.06640434628583392,0.5072264295253373,-0.31261772758991124,False,False,False
2026-07-22,AXIA,10.25,40,4,False,-0.01499134789375478,-0.05929644480912688,0.5275707811814903,-0.24298374971359837,False,True,False
2026-07-22,BLCO,15.949999809265137,40,4,False,0.004028693477615475,-0.020149905100470877,0.21848736618324827,-0.15675394992068092,False,True,False
2026-07-22,BRK.B,489.3900146484375,40,2,False,0.0016665046977062392,-0.0015702746752750407,0.07513348716711676,-0.0531294616128587,False,True,False
2026-07-22,FSTA,53.13999938964844,40,5,False,-0.0005980757826165028,0.020064390092230155,0.10985794077260369,-0.06657300009153133,False,True,False
2026-07-22,GMED,75.5,40,3,False,-0.05049839139800938,-0.09319275800973637,0.4578103623350984,-0.25542407432083525,False,True,False
2026-07-22,INCM,29.06999969482422,40,5,False,-0.0033222678264833716,0.012786992542669129,0.07866415108975078,-0.016909029596219982,False,False,False
2026-07-22,NPK,122.62999725341797,40,4,False,-0.04887996972474973,-0.0008648815345476679,0.3434487170614595,-0.1817029443883018,False,True,False
2026-07-22,OMF,59.81999969482422,40,4,False,0.04998946371669155,0.014975205848023698,0.3066841697225353,-0.16835813372685582,False,True,False
2026-07-22,PLAB,31.239999771118164,40,3,False,-0.1234617136273014,-0.09095935632635987,0.6330371741566911,-0.44214286123003277,True,True,False
2026-07-22,PRGS,37.90999984741211,40,3,False,0.15020995522425107,0.018234752130339205,0.5915197453024934,-0.2607254143945611,False,True,False
2026-07-22,RMBS,103.83000183105469,40,4,False,-0.20130276586267692,-0.04992403493552022,0.6530807126396083,-0.4036186203846547,False,True,False
2026-07-22,SILJ,25.799999237060547,40,3,False,-0.06707651076811727,-0.10580759826412378,0.7954070593269713,-0.37226276898025434,True,True,False
2026-07-22,SRTA,5.079999923706055,40,6,False,-0.08800403428445303,0.018965174214454095,0.38231292234554326,-0.21846155019906854,True,True,False
2026-07-22,STVN,19.3700008392334,40,3,False,0.05958167577854234,0.02410916622026371,0.5027153082480249,-0.3082142557416644,False,True,False
2026-07-22,TOWN,36.09000015258789,40,6,False,0.027643001349736185,0.044198321740152924,0.1309934291809398,-0.04675119992680943,False,False,False
2026-07-22,UFO,43.75,40,4,False,-0.1722684395518852,-0.03272859632792802,0.5238593310740121,-0.35861723315769056,True,True,False
2026-07-22,UGI,36.83000183105469,40,5,False,0.053730879561267875,0.0192109150269959,0.16476916045355816,-0.10909526620431997,False,True,False
2026-07-22,USDU,26.75,40,4,False,0.011235108929689597,0.017007795176488205,0.06404139417021981,-0.01834862385321101,True,True,False
2026-07-22,USMV,96.25,40,6,False,0.001523357571490802,0.014524836641666816,0.05745993792378368,-0.025119044592430195,False,True,False
2026-07-22,VDC,228.02999877929688,40,5,False,-0.0013628765513261643,0.019883998554435012,0.1099050969406592,-0.06671306401016064,False,True,False
2026-07-22,DAKT,19.299999237060547,40,1,False,-0.03137738980654925,-0.05871569590147785,0.237972998599157,-0.31729752654601495,False,False,False
2026-07-22,EAGL,32.70000076293945,40,6,False,0.0004926243056448953,0.01740638685894491,0.1198630105668419,-0.03653500041080493,False,True,False
2026-07-22,CONI,44.72999954223633,40,3,False,-0.10966861262211669,-0.19992581391431363,0.5742793571282565,-0.6842216627631885,False,True,False
2026-07-22,DFEN,68.33999633789062,40,3,False,-0.04706133835626747,-0.04778696578370556,0.3002282068550022,-0.3008696026814258,False,True,False
2026-07-22,NHI,79.9800033569336,40,4,False,0.07006680439637836,0.01628628953302158,0.17721519698076316,-0.12475371240020439,False,True,False
2026-07-22,LII,532.780029296875,40,6,False,0.010036719992896126,0.042554528517525725,0.22743406969898228,-0.22722785534604284,False,True,False
2026-07-22,UTES,82.04000091552734,40,3,False,0.019986983045830353,0.009444790397014957,0.09973193825181115,-0.07225005232703907,False,True,False
2026-07-22,UTG,40.150001525878906,40,5,False,-0.026265331883371434,0.012603996368175219,0.12119519648566368,-0.0854214093316008,False,True,False
2026-07-22,QYLD,17.799999237060547,40,5,False,-0.014085319170498156,0.007005153570801337,0.08868494322692344,-0.039913788669074024,False,True,False
2026-07-22,TMO,526.4600219726562,40,3,False,0.08010277233938701,-0.005617466301263585,0.2994200417220456,-0.18250278737864334,False,True,False
2026-07-22,SO,95.80000305175781,40,6,False,0.017451774927875974,0.03176503846128975,0.14319808547725676,-0.04998010183622981,False,True,False
2026-07-22,NLY,22.420000076293945,40,4,False,0.011970321597413625,0.007255658829548706,0.1255020075514537,-0.085644385899871,False,True,False
2026-07-22,RRC,38.75,40,4,False,0.005892586838761815,-0.0007362326220197168,0.18865036238455568,-0.19788865869452077,False,False,False
2026-07-22,AGO,84.45999908447266,39,3,False,0.07504434931172277,0.011139161909454076,0.1608025921485816,-0.08593076093383456,False,True,False
2026-07-22,AOK,40.959999084472656,39,5,False,-0.006432978041848503,0.006642936452830206,0.05268566551271503,-0.016094210099738326,False,True,False
2026-07-22,BIRK,42.970001220703125,39,4,False,0.006417485650116683,0.05235963296609958,0.38078406368582973,-0.19727251633485765,False,True,False
2026-07-22,BRK.A,732750.0,39,2,False,0.0003481798700704086,-0.0034585462453272653,0.06947383784572714,-0.05451612903225811,False,True,False
2026-07-22,BYD,86.66000366210938,39,6,False,0.01477553814948429,0.03113580126405635,0.1353334414155869,-0.047692267449347514,False,True,False
2026-07-22,EXC,46.70000076293945,39,5,False,0.017686404411751955,0.011165054143658093,0.09675901255786101,-0.07798619237792626,False,False,False
2026-07-22,FAST,45.33000183105469,39,4,False,-0.006861873462701729,0.024874674866040225,0.1632024739833151,-0.10468100188127938,False,False,False
2026-07-22,FLGT,19.530000686645508,39,2,False,0.04295727304376529,-0.09088366909417533,0.4509658715672773,-0.3708118521067476,False,True,False
2026-07-22,FMS,24.299999237060547,39,3,False,0.06505137210500678,0.03585416128253449,0.2137861479237435,-0.12083937143062196,False,True,False
2026-07-22,HLN,9.850000381469727,39,4,False,0.05893487265214192,0.010847407494140482,0.13872841801851377,-0.1267729951554527,False,True,False
2026-07-22,KMB,108.87999725341797,39,3,False,0.05330159995525774,0.04714707903848936,0.17809997198207572,-0.207915088495089,False,True,False
2026-07-22,LECO,249.1699981689453,39,3,False,-0.04362692831686499,-0.023389359269644694,0.15239106818156478,-0.19622581235824088,False,True,False
2026-07-22,MGEE,82.98999786376953,39,3,False,0.06454208995041522,0.04176536421731747,0.1500830605881316,-0.07273745403609466,False,True,False
2026-07-22,MTH,72.2699966430664,39,6,False,0.007873834886210851,0.03490786003498836,0.24539028370357086,-0.1535488525660117,False,True,False
2026-07-22,MTN,144.92999267578125,39,3,False,0.06335049224450073,0.047043582651227434,0.22293468958999996,-0.12776847928759016,False,True,False
2026-07-22,NOMD,11.850000381469727,39,3,False,0.12111868932722225,0.05586274526819679,0.3181313329439428,-0.3535187981018916,False,True,False
2026-07-22,NWSA,27.34000015258789,39,3,False,0.03232140379383952,0.06141575737871108,0.23153149608125778,-0.13508384610297486,False,True,False
2026-07-22,PI,138.02000427246094,39,1,False,-0.007601505081417326,-0.060310925565983386,0.5798993052674786,-0.44135929611836666,False,True,False
2026-07-22,RTO,29.8700008392334,39,4,False,-0.011189065946211163,-0.01503495101687169,0.3118138005591873,-0.1384481564239417,False,True,False
2026-07-22,TBBK,66.4800033569336,39,4,False,0.12482747392906157,0.06655891096859046,0.32430283558905804,-0.18579299308570363,False,True,False
2026-07-22,TCHP,49.439998626708984,39,3,False,-0.021559751798549964,0.009552847036091494,0.17003898655715344,-0.0717236165078845,False,False,False
2026-07-22,TSPY,25.389999389648438,39,3,False,-0.005162673788825289,0.009085123647349036,0.12022935645479071,-0.04799402635859973,True,True,False
2026-07-22,CUBE,41.119998931884766,39,6,False,0.016799922768430342,0.05829226367368889,0.1718437946160043,-0.041491900482110156,False,True,False
2026-07-22,ONC,319.92999267578125,39,3,False,0.09704300728308524,0.017373361847194957,0.25982482687942654,-0.1694875871918069,False,False,False
2026-07-22,VFC,17.170000076293945,39,5,False,0.013768839048708736,-0.02343583144252015,0.5454546000795386,-0.2290076460098045,False,True,False
2026-07-22,PAAS,45.290000915527344,39,3,False,-0.08439939058682533,-0.10268143611180058,0.6918192058675372,-0.3529075253912558,True,True,False
2026-07-22,WF,62.209999084472656,39,3,False,0.011330922790455444,-0.005679677773736791,0.2740118114209984,-0.26561209117194107,False,True,False
2026-07-22,EWH,22.540000915527344,39,3,False,0.012351268482533984,0.00045055633603041656,0.11034491441641792,-0.08596913807796491,False,False,False
2026-07-22,HMC,28.530000686645508,39,3,False,0.062166353258102935,0.01018508135160312,0.2270968037266885,-0.18228715432107134,False,True,False
2026-07-22,URBN,73.70999908447266,39,5,False,0.023235525725981976,0.04876820764897016,0.2379912319626778,-0.12614107388410722,False,True,False
2026-07-22,EWQ,45.52000045776367,39,6,False,0.002581348947690687,0.009994563037222237,0.10808175337890424,-0.05930975342187572,False,True,False
2026-07-22,MCK,814.0399780273438,39,4,False,0.05090762065672183,-0.021798605450019215,0.2779277520052492,-0.185145167139796,False,True,False
2026-07-22,GDE,62.849998474121094,39,4,False,-0.02768704565020874,-0.026534511155584584,0.3287526318790466,-0.20332109316294444,True,True,False
2026-07-22,MCO,489.70001220703125,39,3,False,0.05917908280794015,0.037592134200818084,0.21731135948346192,-0.10455674401194093,False,True,False
2026-07-22,QGRO,114.75,39,3,False,-0.005785937174063505,0.014644929538546458,0.1355764130083703,-0.034172187879992766,False,True,False
2026-07-22,BOXX,117.5199966430664,39,6,False,0.003972468120478023,0.015451213548710596,0.04064461458856705,-0.00017019118857519722,False,True,False
2026-07-22,CWST,90.43000030517578,39,4,False,0.006426085767455181,-0.01392101640485055,0.2212018444073398,-0.18882312897283016,False,False,False
2026-07-22,RGEN,140.08999633789062,39,4,False,0.08302380675102827,-1.8940244061571576e-05,0.38716703932269647,-0.2029925872861832,False,True,False
2026-07-22,NAC,11.829999923706055,39,4,False,-0.012982249716061989,-0.003936267008683214,0.08532113190121193,-0.03428572051379142,False,True,False
2026-07-22,ACWV,121.51000213623047,38,6,False,0.001947678666599062,0.007495083454541751,0.04632743485795743,-0.030092566090361594,False,True,False
2026-07-22,AIG,78.25,38,3,False,0.021628497929342405,0.007795118843477056,0.0982456140350878,-0.1035628459240775,False,True,False
2026-07-22,ALGN,172.4600067138672,38,5,False,0.0015203796585192553,0.04350177088800766,0.4136066124087474,-0.17209923318559217,False,True,False
2026-07-22,ALV,119.01000213623047,38,2,False,-0.022032797092684797,0.0022451950716295688,0.2001815020273754,-0.09956870859522282,False,False,False
2026-07-22,AVO,12.649999618530273,38,4,False,0.05005392633646366,-0.00228727716528776,0.2562065543092442,-0.18544753148491633,False,True,False
2026-07-22,BDX,153.16000366210938,38,4,False,0.02646865361555828,-0.009486286015379042,0.20044071000354902,-0.18249266788128848,False,True,False
2026-07-22,CAIE,26.8799991607666,38,2,False,-0.011237637489523888,0.003243339809645196,0.10028648485410607,-0.03586800681856628,True,False,False
2026-07-22,GNTX,23.90999984741211,38,2,False,-0.019213738042631046,0.011068467964947537,0.16748048739464183,-0.18618105750864034,False,True,False
2026-07-22,KNF,79.51000213623047,38,4,False,-0.007685393920371819,0.018972964279721616,0.3540531417461439,-0.17417944386879725,False,True,False
2026-07-22,KNG,50.29999923706055,38,5,False,0.01183625086328055,0.011033414192663349,0.0549496416760793,-0.054511306095678225,False,True,False
2026-07-22,LOAR,70.4000015258789,38,4,False,0.02876751113122955,0.02958072287159519,0.3245531421405683,-0.15617881735149086,False,True,False
2026-07-22,NDAQ,90.9000015258789,38,4,False,0.03735862174196858,0.020684312987373943,0.1874591496021054,-0.10698496209549835,False,True,False
2026-07-22,NX,18.469999313354492,38,6,False,0.053213775046120126,0.07584186512913815,0.673007189961472,-0.19625762918718226,False,True,False
2026-07-22,OLN,24.239999771118164,38,4,False,0.02184487551533776,0.01827987805812703,0.3407079575998928,-0.20420221603109667,False,True,False
2026-07-22,ORI,41.599998474121094,38,4,False,0.04762140920352631,0.004719245767851099,0.1685393330665903,-0.11035072781505861,False,True,False
2026-07-22,PHAT,11.699999809265137,38,2,False,0.06603007139769379,-0.07794153786959868,0.5374506706955751,-0.3610049071258693,False,False,False
2026-07-22,PLMR,130.4499969482422,38,5,False,0.08605336823021847,0.061979007288700316,0.2940184516165749,-0.11631214426822722,False,False,False
2026-07-22,QQQI,54.34000015258789,38,3,False,-0.029996213099027447,0.0037414056869875534,0.13515774733793973,-0.06051175641021156,False,True,False
2026-07-22,QSR,73.19000244140625,38,5,False,-0.01534492974693058,0.016828620404835792,0.19338007918248912,-0.10700337653771264,False,True,False
2026-07-22,VRTS,164.17999267578125,38,4,False,0.11329301011579895,0.07385442918851615,0.35005338254891916,-0.23658516442115218,False,False,False
2026-07-22,WCN,167.89999389648438,38,3,False,0.04727125675472732,0.01006360325372535,0.14303216416458464,-0.1251107774866117,False,True,False
2026-07-22,CRC,53.84000015258789,38,1,False,-0.04931081735942178,-0.01973725440181806,0.2449994561773794,-0.25201448122186476,True,True,False
2026-07-22,DEI,12.050000190734863,38,3,False,0.007862175281593275,0.057402491279485046,0.3329646284937422,-0.29075924937803477,False,True,False
2026-07-22,EFC,13.449999809265137,38,3,False,-0.005295242521009991,0.017370934220526157,0.19237589784254006,-0.04745043071701249,False,True,False
2026-07-22,EWD,50.279998779296875,38,3,False,-0.00893693670066098,6.935240728811465e-06,0.15932672394723113,-0.08465322228372096,False,False,False
2026-07-22,CGHM,25.610000610351562,38,4,False,-0.00389725938388763,-3.902315692860814e-05,0.053909523227190004,-0.14633331298828123,False,True,False
2026-07-22,MDLZ,60.86000061035156,38,4,False,-0.00118491625524908,0.03810508291624526,0.18867186920833778,-0.14462404349752023,False,True,False
2026-07-22,SDIV,25.020000457763672,38,4,False,0.008529384373038518,0.007065982979578722,0.10074795255812119,-0.05370650709574798,False,True,False
2026-07-22,SLVR,51.38999938964844,38,3,False,-0.07033036582303231,-0.10230932345552268,0.7239181586823233,-0.40174623426326384,True,True,False
2026-07-22,NNI,132.60000610351562,38,5,False,0.017183234227794664,0.0067221561826285026,0.1370262646251048,-0.0815902367426724,False,True,False
2026-07-22,LKFN,61.310001373291016,38,5,False,0.012839339231528246,0.029141979947623353,0.12785137389450263,-0.11657060482298653,False,True,False
2026-07-22,PAYX,110.73999786376953,38,2,False,0.09886836638489283,0.0655238284600903,0.29596257248371494,-0.2523124879655845,False,True,False
2026-07-22,WMS,141.75,38,3,False,-0.001068337616932924,-0.03907751421504302,0.278755092027293,-0.20949168742130853,False,True,False
2026-07-22,WEC,113.45999908447266,38,5,False,-0.0002907765111466176,0.007933491435542894,0.10208841619989895,-0.053790379289887946,False,True,False
2026-07-22,SPYI,52.84000015258789,38,3,False,-0.007358395560706166,0.008616862218156163,0.1061335492200155,-0.023470716012535253,False,True,False
2026-07-22,CQQQ,51.45000076293945,38,1,False,-0.03843995840965608,-0.026996345432728885,0.16139958575659175,-0.15931372350413853,False,True,False
2026-07-22,FTHI,23.84000015258789,38,6,False,0.001470288972653222,0.007761119575591335,0.06571297533330211,-0.014061213742628142,False,True,False
2026-07-22,UVV,53.75,38,4,False,0.013894602392677147,0.009101626880845481,0.09270179915831589,-0.09481308465550575,False,True,False
2026-07-22,AU,81.16999816894531,38,3,False,-0.06962085386122663,-0.1077052810941238,0.789462016683077,-0.3714573443350062,False,True,False
2026-07-22,PG,149.1300048828125,38,4,False,0.01619454124860309,0.00638058786511464,0.08363617333239892,-0.10834077798019437,False,True,False
2026-07-22,ADP,243.1199951171875,37,3,False,0.06086811501349887,0.026173262239135076,0.29209178563672444,-0.23058425639555136,False,True,False
2026-07-22,ARKQ,119.13999938964844,37,4,False,-0.08414434040750696,-0.029333655832952443,0.2871651094656589,-0.1750221645279434,False,True,False
2026-07-22,BLOK,62.540000915527344,37,3,False,-0.01698196244395045,0.02675238230045851,0.33347545588070937,-0.17591248624969769,False,True,False
2026-07-22,FER,64.12000274658203,37,3,False,-0.04314213384112042,-0.0390926404516746,0.2641956073220526,-0.1426661056067735,False,True,False
2026-07-22,FLRN,30.829999923706055,37,4,False,0.0010390200795615812,0.0017057859857345647,0.006529571283685476,-0.0012957860200801807,False,False,False
2026-07-22,FLTR,25.59000015258789,37,6,False,0.001589083427987914,0.00306328854806015,0.009865824723543692,-0.0007809627991803847,False,False,False
2026-07-22,GATX,180.33999633789062,37,5,False,0.028666194144352675,0.027073566102659763,0.21686909616383532,-0.12268924654717561,False,True,False
2026-07-22,GGOV,49.97999954223633,37,2,False,-0.0008448310971908013,0.004822352095796845,0.040166500225190305,-0.026110681226738874,False,True,False
2026-07-22,HIMU,48.900001525878906,37,2,False,-0.0030092877794306583,-0.00022333456288625708,0.04442549860342315,-0.020824932507584548,False,True,False
2026-07-22,HYMB,25.010000228881836,37,4,False,-0.006443604748262,-0.003643206893590767,0.04078233517408747,-0.018830896294483312,False,True,False
2026-07-22,IR,83.54000091552734,37,4,False,0.1022824265913258,0.026838679360240425,0.22726606860671694,-0.17254356504470747,False,True,False
2026-07-22,LEG,10.720000267028809,37,5,False,0.014267896047889916,0.007102351137926011,0.3638676952840745,-0.17538459484393776,False,True,False
2026-07-22,NVG,12.460000038146973,37,3,False,-0.013319394502886994,-0.01605426546552735,0.08347826418669335,-0.08314938202747091,False,True,False
2026-07-22,NWS,30.950000762939453,37,3,False,0.025717532496330797,0.05416072550138673,0.2142016885385707,-0.13012930943904866,False,True,False
2026-07-22,OMAH,18.8700008392334,37,3,False,0.00553126836182094,0.01004292974055887,0.05892262415212901,-0.04310337239948436,False,True,False
2026-07-22,PRAA,16.899999618530273,37,5,False,0.027892976607407416,0.03483852038496571,0.6487804505883195,-0.2505543152855009,False,True,False
2026-07-22,PZA,23.040000915527344,37,2,False,-0.011922083897357494,-0.010494133578481835,0.053497943822436334,-0.024968187312458534,False,True,False
2026-07-22,RETL,9.319999694824219,37,5,False,0.10416070700249103,0.053125159853442794,0.436055473576461,-0.17449072397565113,False,True,False
2026-07-22,SETM,29.82349967956543,37,3,False,-0.10176918743633567,-0.07666119098452129,0.6377540460721605,-0.26452527149967653,True,True,False
2026-07-22,SF,79.30999755859375,37,3,False,0.08298760317926202,0.018604386322636834,0.16959151178353893,-0.11707737230269921,False,True,False
2026-07-22,VC,103.16000366210938,37,1,False,-0.07444123250108892,-0.0006180406171713004,0.2355971529719687,-0.20092952141773646,False,True,False
2026-07-22,WRBY,24.549999237060547,37,5,False,-0.07612993341542307,0.02308501822178055,0.6410427255654902,-0.20806454073998237,False,True,False
2026-07-22,ZBRA,262.75,37,3,False,0.050208566823859435,0.06336007263352084,0.320020075215365,-0.25494811639670356,False,True,False
2026-07-22,EVR,334.9800109863281,37,4,False,-0.03054904980254247,0.01177737111813415,0.2599391324270308,-0.1382263940981291,False,False,False
2026-07-22,CLOI,52.915000915527344,37,3,False,0.0011234514291675879,0.0017157952658302111,0.010561120831239945,-0.004421460086640683,False,True,False
2026-07-22,NZF,12.369999885559082,37,2,False,-0.014405465284202501,-0.016368685875526645,0.07192373712735933,-0.04992323727738446,False,True,False
2026-07-22,RGNX,10.199999809265137,37,3,False,0.11357357330380924,-0.039109216413871106,0.8698441708382998,-0.36998150260661156,False,False,False
2026-07-22,TTWO,233.5800018310547,37,3,False,0.001986989703503861,0.014185270358197277,0.24489684886455687,-0.12168158348979985,False,True,False
2026-07-22,GRMN,240.50999450683594,37,6,False,0.009628196710810721,0.050530121593750144,0.2884234042214049,-0.12004248477303303,False,True,False
2026-07-22,SMA,34.29999923706055,37,3,False,0.0667877301859503,0.05265739979181183,0.16626995630803187,-0.13754088905561734,False,False,False
2026-07-22,RSG,216.52000427246094,37,3,False,0.024466660996689926,0.008164702789596578,0.10238786332363947,-0.1207309471169099,False,True,False
2026-07-22,DT,41.36000061035156,37,1,False,-0.015280277684982746,-0.003122457820678881,0.30741268566804325,-0.25464048730779654,False,True,False
2026-07-22,WTRG,39.400001525878906,37,4,False,0.04283570120283464,0.01125084481905847,0.09111051952140392,-0.07009670712478688,False,True,False
2026-07-22,PAY,29.049999237060547,37,3,False,0.1881390225394204,0.04152658851241742,0.44455486600568017,-0.26231593577630874,False,True,False
2026-07-22,DDS,589.3300170898438,37,3,False,0.04989951214403665,-0.025916015312765217,0.31067075413789946,-0.20573326423506577,False,True,False
2026-07-22,ECAT,15.399999618530273,37,2,False,-0.006015566728392208,0.0010497769716732996,0.15269461184704802,-0.1015169097479095,False,True,False
2026-07-22,DG,120.23999786376953,37,4,False,0.06921816643673195,-0.017736953408145295,0.264220345832727,-0.24009352771004078,False,True,False
2026-07-22,DOLE,14.300000190734863,37,4,False,0.008761421085462073,-0.015049754126934767,0.14217249743528648,-0.1369945410921407,False,True,False
2026-07-22,CI,284.8500061035156,37,2,False,-0.0067700420963165975,0.015772398126817633,0.1893032133796222,-0.09706151139158781,False,False,False
2026-07-22,AMZZ,32.24639892578125,36,2,False,-0.06389096021353746,0.01680010444441904,0.4518865490780317,-0.2519972519314172,False,True,False
2026-07-22,BIL,91.58000183105469,36,3,False,0.0006359348739148896,0.0005834578026486792,0.003506461618820955,-0.002179090770344394,False,True,False
2026-07-22,BILS,99.30999755859375,36,3,False,0.00038276393917024976,6.341726718717133e-05,0.002321313315387652,-0.002110119489109552,False,True,False
2026-07-22,FIGS,9.920000076293945,36,3,False,-0.12078561436373425,-0.149753147449445,0.6356141768678238,-0.4324942599498023,False,True,False
2026-07-22,FLMI,24.760000228881836,36,3,False,-0.008814972484425643,-0.008427951578989124,0.03338903067519827,-0.027494064444712807,False,True,False
2026-07-22,FLOT,51.0,36,4,False,0.00043155811270056965,0.0012446849735752163,0.006512765797906495,-0.001761600162832111,False,False,False
2026-07-22,FNV,214.11000061035156,36,3,False,-0.01691867665190161,-0.05205212660806113,0.3655846021985154,-0.25049886041149105,False,True,False
2026-07-22,GBIL,100.05999755859375,36,4,False,0.0003258842177902288,5.5445045138879934e-05,0.0021031455952107425,-0.0019948591000921168,False,True,False
2026-07-22,GSST,50.5099983215332,36,2,False,0.0004733657730910945,-0.0005050234316925639,0.0031777527757890223,-0.006295563604052035,False,True,False
2026-07-22,IBDR,24.219999313354492,36,2,False,0.0005328766704497667,-0.00025140951908608766,0.0028985381337442995,-0.004111857842292954,False,True,False
2026-07-22,IRT,16.350000381469727,36,3,False,-0.013276987024201325,-0.004832778285979833,0.1198630105668419,-0.10066006012029938,False,True,False
2026-07-22,IWP,138.82000732421875,36,2,False,-0.012217369766772124,0.006831815770305116,0.12916873733088607,-0.05332782390874524,False,False,False
2026-07-22,JAAA,50.61000061035156,36,3,False,0.00018578109291511602,0.00016601625609280468,0.00576313428629005,-0.004719722142994209,False,True,False
2026-07-22,JBTM,135.24000549316406,36,3,False,0.02067311229103086,-0.036376328298484806,0.18975989858079978,-0.20535869585097943,False,True,False
2026-07-22,LMUB,50.09000015258789,36,4,False,-0.01164284119321346,-0.009975546689079517,0.050545298489658386,-0.06408819648427755,False,True,False
2026-07-22,MINT,100.66000366210938,36,6,False,0.0005666211171519997,0.0012986616514674143,0.003889568486087569,-0.0015869473636098697,False,True,False
2026-07-22,NEA,11.350000381469727,36,3,False,-0.01503051859594473,-0.017035142526700908,0.07075471443483194,-0.04621842476398963,False,False,False
2026-07-22,SGOV,100.5999984741211,36,3,False,0.0006087045525036139,0.0007993310023861611,0.0032911323636461987,-0.001389710071641681,False,True,False
2026-07-22,SGVT,100.68000030517578,36,6,False,0.0005883503893275854,0.0009118378352694911,0.005191659585203512,-0.0008930866417451444,False,True,False
2026-07-22,TBIL,49.970001220703125,36,3,False,0.0009093990255981677,0.0008287083114630889,0.002809540126510468,-0.0009995848981002586,False,True,False
2026-07-22,TBLL,105.4800033569336,36,1,False,-0.0013831520231757377,-0.001674349418219978,0.000664070699101682,-0.003965988318165192,False,True,False
2026-07-22,TBUX,49.88999938964844,36,3,False,0.0008734708291231463,0.00040102817649145805,0.0056439987069552,-0.004986039151241295,False,False,False
2026-07-22,USFR,50.470001220703125,36,6,False,0.0012935541828484887,0.001892840185402589,0.004778054562094791,-0.0003961270964306651,False,True,False
2026-07-22,VBIL,75.63999938964844,36,6,False,0.0008203360648049163,0.0014238833818418506,0.004381912651078457,-0.0006606295434661291,False,True,False
2026-07-22,VCRM,75.25,36,3,False,-0.007331111784307787,-0.007154098409950405,0.037787860750875035,-0.023361492283766383,False,False,False
2026-07-22,VRIG,25.045000076293945,36,1,False,-0.001522920927734761,-0.002041138110322027,0.0018000030517577592,-0.0053614069597166525,False,True,False
2026-07-22,CMS,73.9800033569336,36,3,False,-0.00014321161774288882,-0.0010012460282082802,0.0777972612874247,-0.07939269792136028,False,True,False
2026-07-22,CSHI,49.72999954223633,36,2,False,-0.0010766706319434993,-0.00045998287638371327,0.003632700463114258,-0.004005623106690059,False,False,False
2026-07-22,CLIP,100.2699966430664,36,3,False,0.0006306614288718038,0.0004235037858364432,0.0021988364277689687,-0.001990689511363386,False,True,False
2026-07-22,VGUS,75.59500122070312,36,6,False,0.00045792684018053365,0.0005942568035703921,0.0033847211999962212,-0.005328931306537776,False,True,False
2026-07-22,SHV,110.2699966430664,36,3,False,0.0005280471027984124,0.00021448996873818515,0.002272314194037506,-0.0020814783432904216,False,True,False
2026-07-22,SBIL,100.27999877929688,36,3,False,0.0010229749726526904,0.0010278693899650193,0.002749877840424686,-0.0042696883038904065,False,True,False
2026-07-22,HYD,50.67499923706055,36,4,False,-0.00995033323686445,-0.006994165997183499,0.03651053118626235,-0.01944661498027478,False,True,False
2026-07-22,TFLO,50.61000061035156,36,6,False,0.0008582853840091165,0.0013543420448691723,0.004365969902121458,-0.0009869569129716815,False,True,False
2026-07-22,CNMD,42.0,36,3,False,0.15759241811687463,0.051132593223981226,0.33587783990344344,-0.2584745682805225,False,False,False
2026-07-22,TXNM,58.29999923706055,36,4,False,0.005248658660553129,-0.0006873626090365681,0.04780733063607823,-0.020661843901533805,False,True,False
2026-07-22,CLOA,51.869998931884766,36,4,False,-9.273739620674348e-06,0.0008121865136332396,0.006598101312676352,-0.0034582191703015353,False,True,False
2026-07-22,PAAA,51.415000915527344,36,5,False,0.0004923281900512944,0.0011366728745574317,0.004984383676227333,-0.0024253006942097644,False,False,False
2026-07-22,PAGS,9.670000076293945,36,3,False,0.06742318035583339,-0.01690675798645136,0.2501615913871189,-0.21509737696207654,False,True,False
2026-07-22,AMPL,8.739999771118164,35,3,False,0.14457828127768413,0.014518381813062753,0.586206789122367,-0.3968254030935905,False,True,False
2026-07-22,ARLP,24.90999984741211,35,4,False,0.006879593820581453,-0.007887915787969657,0.12207202663689598,-0.15415961962352764,True,True,False
2026-07-22,BCPC,162.10000610351562,35,3,False,-0.00504165279281088,-0.0054286907836252896,0.16476257983947407,-0.11854262379823544,False,True,False
2026-07-22,BSCQ,19.5049991607666,35,1,False,-0.0016532906114626877,-0.002643892605808107,0.0012833480039908807,-0.005861451251155558,False,True,False
2026-07-22,FLDR,50.14500045776367,35,2,False,6.0640208445317256e-05,-0.0017082051480540317,0.02297067315837298,-0.009383612883126724,False,True,False
2026-07-22,GSY,50.08000183105469,35,1,False,-0.0017182539743251235,-0.0029217151503333483,0.0005994524365930953,-0.006151965912851942,False,True,False
2026-07-22,HUBB,476.8399963378906,35,3,False,-0.022245346001277033,-0.0037511945844714845,0.18082310853668426,-0.15678143365191066,False,True,False
2026-07-22,IBDS,24.170000076293945,35,1,False,-0.00030192961409636343,-0.003174622897880952,0.002488571730546729,-0.008613580463554538,False,True,False
2026-07-22,ICSH,50.505001068115234,35,1,False,-1.956251139745291e-06,-0.0017023546820604807,0.0020833241876474506,-0.005219605815621309,False,False,False
2026-07-22,JBBB,47.5099983215332,35,2,False,0.0019253647614654312,-0.0007650780125794121,0.023481262291757066,-0.02262913546608991,False,True,False
2026-07-22,JPST,50.4900016784668,35,1,False,-3.9577899622833534e-05,-0.002095980536003683,0.001984566184354941,-0.005906659414310678,False,True,False
2026-07-22,MA,531.97998046875,35,3,False,0.05191303096038169,0.006708358871557296,0.1452251637186115,-0.11597460291701323,False,True,False
2026-07-22,MEAR,50.209999084472656,35,1,False,-0.0013064139014583587,-0.002898881972100753,0.0017956934258958057,-0.011419606627283474,False,False,False
2026-07-22,PULS,49.650001525878906,35,2,False,0.0004957429136556168,-0.0003563370271567612,0.003030333856139489,-0.0038121714712539,False,True,False
2026-07-22,PVH,80.08000183105469,35,3,False,-0.011753308879031588,0.045834283989005575,0.34362422619568034,-0.20516127214834057,True,True,False
2026-07-22,SIL,77.4000015258789,35,3,False,-0.07086177401415206,-0.10468062934046718,0.6436611016155473,-0.3508889390093112,True,True,False
2026-07-22,DUSB,50.66999816894531,35,1,False,-0.002705544677256033,-0.001994569996765172,0.00237386614630819,-0.004714234515539761,False,True,False
2026-07-22,CMF,56.814998626708984,35,3,False,-0.007641618302182462,-0.010854683158762368,0.02963027025173548,-0.02780629771023513,False,True,False
2026-07-22,CNR,87.4800033569336,35,4,False,0.02037963730788439,-0.018280943794640736,0.27188143224081474,-0.23797908509207044,False,True,False
2026-07-22,CLOZ,26.344999313354492,35,1,False,-0.0008844209249299073,-1.4260929418030699e-05,0.044193412261129605,-0.02244903274425636,False,False,False
2026-07-22,IBTG,22.875,35,2,False,0.0004854817466171113,-0.0005232255440654754,0.002410179925999456,-0.0032680069911181775,False,True,False
2026-07-22,XOVR,19.040000915527344,35,1,False,-0.04822362043837869,-0.015395004635024967,0.163103233928666,-0.1258034749649115,False,True,False
2026-07-22,NYF,53.11899948120117,35,3,False,-0.008122278079201295,-0.00948383916901896,0.029637513550900385,-0.02569700962581334,False,True,False
2026-07-22,LW,48.0,35,1,False,0.08427529794651067,-0.013811769739672353,0.2759171016168658,-0.28432980142529873,False,True,False
2026-07-22,FTSM,59.834999084472656,35,1,False,-0.0001236743588524103,-0.0016649073164801687,0.0018585503792469815,-0.005071504959613948,False,True,False
2026-07-22,UYLD,51.100101470947266,35,2,False,0.00013269116832548278,-0.0015120729276703049,0.0027492619503852733,-0.006993735327017969,False,True,False
2026-07-22,BILZ,100.83999633789062,35,2,False,0.000415843225114898,-0.0002154287531425103,0.0020868437861905065,-0.004049418885030853,False,True,False
2026-07-22,NMZ,10.319999694824219,35,2,False,0.000542898316615803,-0.009920017595755115,0.049847383003175816,-0.04178279886841274,False,True,False
2026-07-22,PMMF,100.2699966430664,35,1,False,-0.00021838870905321883,-0.0006908386359619767,0.0016982834319350104,-0.002983027271235561,False,True,False
2026-07-22,JMST,50.849998474121094,35,2,False,-0.0013264864669945142,-0.0022112548977462065,0.00039340236761886693,-0.0054762876617413525,False,True,False
2026-07-22,SARO,27.579999923706055,35,4,False,0.01624218486718254,-0.008018936694534351,0.1573646668907247,-0.20011600087401704,False,True,False
2026-07-22,VUSB,49.68000030517578,35,1,False,-0.00041246517297033325,-0.0025893883745478075,0.0017138639455698268,-0.0069957721899031045,False,True,False
2026-07-22,TUSI,25.34000015258789,35,2,False,0.00026448385104527183,-0.0009466104970412559,0.004359913291612116,-0.008219142494847897,False,False,False
2026-07-22,PFIX,48.2400016784668,35,3,False,0.03659234819193302,0.03764086681332057,0.16620330523469762,-0.2087911971029074,False,True,False
2026-07-22,NAD,11.680000305175781,35,2,False,-0.01570819668460588,-0.020770867076026045,0.057971045791138875,-0.05117791169502939,False,True,False
2026-07-22,CGSM,26.299999237060547,35,2,False,-0.0017975568627714988,-0.003808851792893808,0.007662791289950066,-0.01424291843210801,False,True,False
2026-07-22,EMB,95.08999633789062,35,2,False,-0.007862846520547917,-0.0091850552095325,0.031009355707044106,-0.027709679236236795,False,True,False
2026-07-22,XHLF,50.2400016784668,35,2,False,0.00011548689077245378,-0.0008089287717433225,0.0019944613090483454,-0.0035699424239443722,False,True,False
2026-07-22,EMN,69.37999725341797,35,3,False,-0.026914865343856786,0.007568339230248133,0.23649967026766117,-0.16880320787380554,False,False,False
2026-07-22,BUXX,20.229999542236328,34,1,False,-0.00033603485450450776,-0.002170534740646768,0.0024776628495750685,-0.011241424854748772,False,False,False
2026-07-22,FDIS,100.37000274658203,34,3,False,-0.013378390191225331,-0.005642460495931756,0.11584220291119718,-0.0658910600534548,False,True,False
2026-07-22,FDN,264.7900085449219,34,2,False,-0.01905721239826741,0.006164350390623685,0.1796231438720195,-0.08978720150004105,False,True,False
2026-07-22,FMB,50.577701568603516,34,3,False,-0.01110885901922043,-0.012456865186666999,0.026333255305432735,-0.027912689693762593,False,False,False
2026-07-22,FPEI,19.139999389648438,34,1,False,-0.0056316687033129975,-0.009546727777330677,0.022982379808486275,-0.023967425093042838,False,True,False
2026-07-22,GSIT,6.204999923706055,34,2,False,-0.23358161372749808,-0.16071810126405206,1.2003546349629692,-0.6581267187812473,False,True,False
2026-07-22,JPLD,51.95000076293945,34,1,False,-0.0018061540381257846,-0.006736302729436039,0.0013492616303594218,-0.015165862313944012,False,False,False
2026-07-22,KODK,8.300000190734863,34,4,False,-0.09902084039575676,-0.04218425660054248,0.680161962468669,-0.4418291691585443,False,True,False
2026-07-22,MUB,105.87999725341797,34,3,False,-0.009512008578202669,-0.011921731072027653,0.024579069145912458,-0.028623878409009484,False,True,False
2026-07-22,MUNI,51.90999984741211,34,3,False,-0.007718808441350533,-0.011481930461251011,0.01964250644268728,-0.02735617601072149,False,True,False
2026-07-22,RDDT,170.3800048828125,34,1,False,-0.016754050532685416,-0.060148430996468716,0.4285235992141474,-0.3978441507959808,False,True,False
2026-07-22,SMMU,50.26499938964844,34,2,False,-0.002439088419573965,-0.004850045203543041,0.0024930195756205364,-0.012475483638396678,False,True,False
2026-07-22,SUB,106.11000061035156,34,2,False,-0.002132846558056012,-0.005006841515596383,0.0006601253698590437,-0.013022058395133373,False,True,False
2026-07-22,TR,39.41999816894531,34,3,False,0.017426800549246835,0.007788639977633904,0.178937218327627,-0.1251665120385188,False,True,False
2026-07-22,VCR,386.5299987792969,34,3,False,-0.013706505811191372,-0.006008235505289394,0.11559104861188985,-0.06698368273092403,False,False,False
2026-07-22,VNLA,48.93000030517578,34,1,False,-0.0004637044537254553,-0.003450138660792801,0.0018427549612347605,-0.01025547599299459,False,True,False
2026-07-22,VRP,24.280000686645508,34,1,False,-0.002374879374176353,-0.005079067463282461,0.024040557747053493,-0.02607298879155351,False,True,False
2026-07-22,VSDM,76.12999725341797,34,2,False,-0.003181534153324672,-0.005727325139185835,0.00570687756201238,-0.01944876543149221,False,True,False
2026-07-22,YEAR,50.2400016784668,34,1,False,-0.0008567172962665737,-0.004391126721033367,0.0013953261326768995,-0.010634051079383533,False,True,False
2026-07-22,COLL,34.720001220703125,34,1,False,0.0021590610366688523,-0.11520151468287987,0.18944846130418336,-0.31636044507281214,False,True,False
2026-07-22,EVSM,50.16999816894531,34,2,False,-0.0024790191262076267,-0.0049440765036871115,0.002477655178543259,-0.013954459203320613,False,True,False
2026-07-22,DCH,5.699999809265137,34,2,False,-0.04269258531208742,-0.09984605695742876,0.3380280523508965,-0.383783804403769,False,True,False
2026-07-22,SHM,47.70000076293945,34,1,False,-0.0028221901389450244,-0.006217893477636793,0.002311422777870664,-0.016697538376005183,False,False,False
2026-07-22,MSA,171.8300018310547,34,3,False,0.02660093766557292,0.005989225450376168,0.13711866280863294,-0.17753205371894276,False,True,False
2026-07-22,DOO,60.34000015258789,34,1,False,0.02299622648316535,-0.094122527551464,0.2497929096564624,-0.26315788738160184,False,True,False
2026-07-22,MMIT,24.09000015258789,34,3,False,-0.00782536906744169,-0.01126273311199566,0.017314182522307542,-0.027452575398021373,False,True,False
2026-07-22,VTIP,49.619998931884766,34,1,False,-0.009786416158631961,-0.007045954338137594,0.005471134065085259,-0.023420633915428146,False,True,False
2026-07-22,DFNM,47.79999923706055,34,3,False,-0.008245270293076423,-0.00996611587941254,0.013785741042338762,-0.021894817233689468,False,True,False
2026-07-22,TAFI,25.10099983215332,34,1,False,-0.0026193170714648994,-0.005774404567867042,0.0020359519619195243,-0.02140350076186126,False,True,False
2026-07-22,VTEC,99.07499694824219,34,2,False,-0.0076833554998301246,-0.011235764994477315,0.02828228871070526,-0.02772330260386968,False,False,False
2026-07-22,XHB,106.91999816894531,34,3,False,0.007238689190214531,-0.00013841703194394928,0.14267391811116514,-0.13164947166457186,False,True,False
2026-07-22,PLTZ,30.219999313354492,34,5,False,0.010771957074967142,0.0409542247348782,0.51821141777852,-0.3976720326020816,False,False,False
2026-07-22,CGMU,27.18000030517578,34,3,False,-0.006854802347563971,-0.009500471141325795,0.022381088628686152,-0.02685284610831229,False,True,False
2026-07-22,TFI,45.099998474121094,34,2,False,-0.00886095040507262,-0.013064348912027679,0.020592891506950428,-0.030107559696320618,False,True,False
2026-07-22,VTEB,49.810001373291016,34,2,False,-0.008685171886114729,-0.01069739119828772,0.02785807499635129,-0.02676824782563003,False,True,False
2026-07-22,BSCR,19.584999084472656,34,1,False,-0.002449993494665681,-0.005327647998979668,0.000766448128888042,-0.01085859398345157,False,True,False
2026-07-22,USTB,50.404998779296875,34,1,False,-0.0027205039032567324,-0.007071084641085079,0.0010923596195151486,-0.013986701242709287,False,False,False
2026-07-22,JMUB,49.959999084472656,34,2,False,-0.0072797025511275315,-0.0112880769376692,0.01751528792419088,-0.02687964674744303,False,False,False
2026-07-22,IBTH,22.334999084472656,34,1,False,-0.000814240214473072,-0.004416313094994351,0.002018760300452227,-0.009534375160179187,False,True,False
2026-07-22,AN,205.97000122070312,33,3,False,0.07313602240626937,0.023476052710207584,0.16617601016261996,-0.10025335109126143,False,True,False
2026-07-22,ARKX,30.950000762939453,33,4,False,-0.0840241153408312,-0.02181245130285936,0.24944495084290308,-0.18316175081821184,False,True,False
2026-07-22,CARY,20.725000381469727,33,1,False,-0.0028127992790710765,-0.00797709106092892,0.005092121142718176,-0.038059860381549404,False,False,False
2026-07-22,EXR,145.0500030517578,33,5,False,-0.001568007165286378,0.03247622571903519,0.15384618652561888,-0.06533925658952744,False,True,False
2026-07-22,FALN,26.985000610351562,33,1,False,-0.0028327718039804495,-0.009617534579449027,0.023205605651011485,-0.028967264435245,False,True,False
2026-07-22,FCOM,69.9800033569336,33,2,False,-0.026061633729785316,-0.025069104955663946,0.08093922870047754,-0.07848299832583316,False,True,False
2026-07-22,IBDT,25.149999618530273,33,1,False,-0.002134611288654553,-0.00858570230064748,0.0011942188811562282,-0.02292152905338818,False,True,False
2026-07-22,IOT,33.33000183105469,33,1,False,-0.0003358666275330435,-0.009647929179137149,0.4255775460841307,-0.2978723199080423,False,True,False
2026-07-22,ITM,46.189998626708984,33,3,False,-0.011640375593065633,-0.017132646502995397,0.02145062759444971,-0.03810915896729905,False,True,False
2026-07-22,JEPI,56.650001525878906,33,3,False,0.008556285527515195,-0.009669896101667796,0.028130727671177747,-0.054257093776464815,False,True,False
2026-07-22,JPIE,45.82400131225586,33,1,False,-0.002487654408476536,-0.007949213485490936,0.0011798307614616643,-0.016863318768572166,False,True,False
2026-07-22,LMBS,49.451698303222656,33,1,False,-0.006282724293416475,-0.010471834933146185,0.03304155852580082,-0.04863988574988931,False,True,False
2026-07-22,NBSD,50.630001068115234,33,1,False,-0.0005187691518963033,-0.007211371053253202,0.004165071535033649,-0.018227625213721455,False,True,False
2026-07-22,REGN,651.1799926757812,33,4,False,0.012889524996070767,-0.07702553034786497,0.20365987555597265,-0.2069515603357629,False,True,False
2026-07-22,SCHO,24.049999237060547,33,1,False,-0.0025630874441473495,-0.009544238064039257,0.0004159035421145152,-0.01676205489608462,False,True,False
2026-07-22,TYG,44.79999923706055,33,4,False,0.01926592391178894,-0.004765147509520173,0.11028502927437556,-0.12465808968488867,False,True,False
2026-07-22,XME,103.5,33,4,False,-0.08761053937387142,-0.06229105211813901,0.4563106858650732,-0.23717566636871845,False,True,False
2026-07-22,EVSD,50.779998779296875,33,1,False,-0.0027580517356310397,-0.009699913301338903,0.0013803923503845628,-0.01817483409165066,False,True,False
2026-07-22,CSW,282.2900085449219,33,4,False,0.028581993440017994,0.013774637580970639,0.2249512357699126,-0.1624013792641329,False,False,False
2026-07-22,SLQD,50.09000015258789,33,1,False,-0.0032435819898860574,-0.009430089056422508,0.0005992564617243179,-0.017650549053795705,False,False,False
2026-07-22,MYCH,24.815000534057617,33,1,False,-0.0017964631045728208,-0.007383701099602846,0.0014124231816898813,-0.01800553682088535,False,True,False
2026-07-22,CHT,42.81999969482422,33,3,False,-0.026782796539985942,-0.0009554243102918303,0.09012222570111583,-0.07874354310365839,False,False,False
2026-07-22,MSCI,570.9500122070312,33,4,False,-0.04261649401894252,-0.0022797316902548603,0.13943886706137487,-0.11449044634222627,False,False,False
2026-07-22,SHY,81.83000183105469,33,1,False,-0.0024162244990006965,-0.009065283279208525,0.0004890685301330855,-0.016466288070175805,False,True,False
2026-07-22,SCMB,25.40999984741211,33,2,False,-0.009113357963270952,-0.013184727155233444,0.022123862572695607,-0.030152705821475334,False,True,False
2026-07-22,PNFP,97.36000061035156,33,5,False,-0.0018269694381041202,0.03478201078201004,0.20078932426789153,-0.17554404581590788,False,True,False
2026-07-22,OGC,24.540000915527344,33,3,False,-0.09072042637698541,-0.16879770702990382,0.8647417325276863,-0.4336487450148344,False,True,False
2026-07-22,VGSH,58.0099983215332,33,1,False,-0.0023767159006625738,-0.009265218671454356,0.000517398750150333,-0.01694628077349214,False,True,False
2026-07-22,EMR,139.6300048828125,33,3,False,-0.0033319486836838053,0.004617687552560312,0.13853559668721038,-0.1545261275012081,False,True,False
2026-07-22,SPTS,28.899999618530273,33,1,False,-0.00258845410064501,-0.009510769136632624,0.0003461484628974887,-0.017006802941754384,False,True,False
2026-07-22,EQT,54.0099983215332,33,2,False,0.016781284057322043,-0.04377803744859898,0.12661660134972164,-0.2085287219768719,False,False,False
2026-07-22,VWOB,66.12000274658203,33,1,False,-0.009794198301049328,-0.015094547008290493,0.017230811485877462,-0.03347464980177628,False,True,False
2026-07-22,SPSB,29.889999389648438,33,1,False,-0.00217660295559019,-0.007688853546416907,0.0013400002568690894,-0.014831930147537253,False,False,False
2026-07-22,VTES,100.70999908447266,33,1,False,-0.0034565874321002,-0.007970131280690573,0.0010436431990021866,-0.019472300825892574,False,False,False
2026-07-22,VTEI,99.56999969482422,33,3,False,-0.00914133853216681,-0.012780319677294871,0.017369948917280054,-0.03011827931897726,False,False,False
2026-07-22,BSCS,20.274999618530273,33,1,False,-0.004903111091200341,-0.011263808717265733,0.0002466285472966234,-0.020058042765354944,False,False,False
2026-07-22,VOX,185.3300018310547,33,2,False,-0.026056261670199143,-0.023681238259743775,0.08487970406006329,-0.07690393043202282,False,True,False
2026-07-22,CGSD,25.700000762939453,33,1,False,-0.0024143594562279214,-0.009075032646917669,0.0011687061377616548,-0.01720836948968618,False,True,False
2026-07-22,CXT,51.75,33,4,False,0.16681773107727293,0.03267029567115021,0.44917393802179695,-0.25,False,True,False
2026-07-22,ABG,223.36000061035156,32,3,False,0.12183366846259691,0.025705791601980277,0.29852920029873564,-0.15194776949855138,False,True,False
2026-07-22,ANGL,28.940000534057617,32,1,False,-0.004396602691871587,-0.0112878350383675,0.020451336785033414,-0.0282068547085218,False,True,False
2026-07-22,BANF,115.36000061035156,32,3,False,0.026389310845362335,0.028019232510287928,0.13677568776380644,-0.16869642531786766,False,True,False
2026-07-22,BINC,51.959999084472656,32,1,False,-0.0042352738422483105,-0.0128016773645786,0.0068791695646810425,-0.028966534959445234,False,True,False
2026-07-22,BSCT,18.46500015258789,32,1,False,-0.0059625951119657294,-0.014841393688333482,0.0008129750150778214,-0.026364355179389287,False,False,False
2026-07-22,BSV,77.47000122070312,32,1,False,-0.004034243993325304,-0.012951256513642928,0.0003873809187902033,-0.023323228457372447,False,True,False
2026-07-22,FLXR,38.900001525878906,32,1,False,-0.004878351305993456,-0.01367538653597633,0.0005144150518059387,-0.026770069105476857,False,True,False
2026-07-22,IBDU,23.030000686645508,32,1,False,-0.0035435954485202315,-0.012236147419263377,0.001304377680239499,-0.026174446141819074,False,True,False
2026-07-22,IVR,7.849999904632568,32,3,False,-0.01160888645548086,-0.03417900175763611,0.10563380423577806,-0.17368422056499278,False,False,False
2026-07-22,JSCP,46.84000015258789,32,1,False,-0.0035458739925994243,-0.011416928518310332,0.00021350248008267236,-0.021516582458305122,False,False,False
2026-07-22,MAA,131.57000732421875,32,1,False,-0.018995220391211154,-0.004605074350798488,0.09368249365390402,-0.14526074459484162,False,False,False
2026-07-22,NEAR,50.43000030517578,32,1,False,-0.003162678849222611,-0.010215791918654404,0.0,-0.01829859151750024,False,True,False
2026-07-22,PCY,21.079999923706055,32,1,False,-0.018713347044673867,-0.023581348617022324,0.03587221270526619,-0.049594245551612404,False,True,False
2026-07-22,RCL,285.8500061035156,32,2,False,-0.002410807381884039,-0.0018119763072205197,0.23158120890366418,-0.22005455360568726,False,True,False
2026-07-22,RKLB,69.75,32,4,False,-0.33696710096872406,-0.10233104468214316,0.8565344840715827,-0.5380794701986755,False,True,False
2026-07-22,SAFT,72.5,32,3,False,-0.001602937309979069,-0.025792969530075593,0.0814438993124782,-0.11032026137488082,False,True,False
2026-07-22,SMIN,68.5,32,3,False,0.004342865807474228,0.00413086164113885,0.1855313507646561,-0.11027403687933868,False,True,False
2026-07-22,USHY,36.79999923706055,32,1,False,-0.0034959055968888375,-0.011224500805948612,0.011266827542974367,-0.028177603888216773,False,True,False
2026-07-22,VCSH,78.51000213623047,32,1,False,-0.004054286444010291,-0.011797105910010153,0.0007648845165395546,-0.021804135975845296,False,True,False
2026-07-22,VMBS,46.13999938964844,32,1,False,-0.009714000848922932,-0.01810777510764905,0.0072036238040766865,-0.03674325845855331,False,True,False
2026-07-22,VST,166.74000549316406,32,3,False,0.07931415388215446,0.007301367915779844,0.2568973382351012,-0.24147029416101096,False,True,False
2026-07-22,CRNC,9.5600004196167,32,1,False,-0.09149652056691171,-0.03657920952835281,0.6341881325581238,-0.3041199244418926,False,True,False
2026-07-22,WEAV,6.139999866485596,32,3,False,0.023128688790759355,0.016034796975305632,0.44811325422934334,-0.2584540984903727,False,False,False
2026-07-22,WFG,67.41000366210938,32,5,False,0.013690359631857607,0.03354859917608022,0.17561917479463074,-0.12443167252207932,False,False,False
2026-07-22,EMLC,25.350000381469727,32,2,False,-0.0035612252948642453,-0.012050243939172645,0.022177466182630834,-0.04806604655033819,True,True,False
2026-07-22,UMH,15.489999771118164,32,5,False,0.013265988325444678,0.013614088366410426,0.1119884732064762,-0.10098664058886708,False,True,False
2026-07-22,ISTB,47.959999084472656,32,1,False,-0.003987391699855736,-0.012375187698571821,0.00020851556567502705,-0.022222225678738106,False,True,False
2026-07-22,CNX,34.630001068115234,32,4,False,0.021841409357167718,-0.056261808202442976,0.24927856875637633,-0.20609807620142195,False,True,False
2026-07-22,HYLB,36.29999923706055,32,1,False,-0.0035329420542217216,-0.01026747231409142,0.010579094863199856,-0.02393114876345437,False,True,False
2026-07-22,HYG,79.5199966430664,32,1,False,-0.0035562719290190836,-0.009589662186606174,0.012091090135319948,-0.022615584482321816,False,True,False
2026-07-22,SLM,25.219999313354492,32,4,False,0.0803724887042756,0.025933052953045932,0.41924584488887473,-0.2471641996013585,False,True,False
2026-07-22,EUAD,42.7599983215332,32,2,False,0.036837267503359694,-0.007587033194617843,0.13662944007401445,-0.11705801137611405,False,True,False
2026-07-22,DLR,178.41000366210938,32,4,False,-0.03701766315354604,0.016372152571419774,0.22006434298561595,-0.1428365322125471,False,True,False
2026-07-22,RQI,12.420000076293945,32,3,False,-0.02695078994635569,-8.452548608706145e-05,0.09911503244729114,-0.08474573650645689,True,False,False
2026-07-22,OGS,80.2699966430664,32,4,False,0.014611786280694483,-0.019659970768875157,0.11921354262184791,-0.11577442473624888,False,True,False
2026-07-22,RPM,107.43000030517578,32,3,False,0.025032825394556868,0.007021877284449918,0.15615585904176044,-0.16798323754834554,False,False,False
2026-07-22,COO,70.5,32,3,False,0.06097043784761791,-0.034463489052132146,0.19714723604484097,-0.21518425288924137,False,True,False
2026-07-22,IBTI,22.05500030517578,32,1,False,-0.002532658111499053,-0.010312167857063792,0.0006805530410785021,-0.019341906196949532,False,True,False
2026-07-22,JNK,95.75,32,1,False,-0.0038058292419684836,-0.009997220498510817,0.013334767326876884,-0.02534607001134548,False,True,False
2026-07-22,SHYG,42.16999816894531,32,1,False,-0.0035915534385611014,-0.011022554801558337,0.008128049796981118,-0.028117106196461017,False,True,False
2026-07-22,ATR,129.1699981689453,31,4,False,0.07055003498367651,0.03208597933837276,0.2512834831780466,-0.21372048253738019,False,True,False
2026-07-22,AWK,133.8300018310547,31,3,False,0.04722572214208287,0.017777079114620342,0.10997762436587033,-0.09494822309966311,False,True,False
2026-07-22,AZN,169.72999572753906,31,3,False,-0.06259460128414696,-0.08149023460892568,0.22248631665526974,-0.2020591868258642,False,False,False
2026-07-22,BKLN,20.3799991607666,31,1,False,-0.0037348039308074954,-0.014208876668408199,0.013426083650940335,-0.03274800873524042,False,True,False
2026-07-22,BSJQ,22.854999542236328,31,1,False,-0.006956328350613439,-0.016042343560337513,0.0002187816491527883,-0.02786051383533572,False,True,False
2026-07-22,FPE,17.829999923706055,31,1,False,-0.007194087604967092,-0.01767415678166684,0.01653357999097871,-0.0367369150063408,False,True,False
2026-07-22,FSEC,43.349998474121094,31,1,False,-0.009887455134403256,-0.019085773736956635,0.008843314931880508,-0.04934210691425611,False,True,False
2026-07-22,GVI,105.24500274658203,31,1,False,-0.005325632272953573,-0.015406897303843037,0.00014253909693007216,-0.028567414583031137,False,True,False
2026-07-22,HLF,12.1899995803833,31,3,False,-0.013291057513197035,-0.09731790148548292,0.6124338191332677,-0.4024509897877373,False,True,False
2026-07-22,IAGG,49.75,31,1,False,-0.007479314733279341,-0.015749977736920218,0.0023976845108351075,-0.04013123205811708,False,True,False
2026-07-22,IBDV,21.600000381469727,31,1,False,-0.005945892465812563,-0.016739312310594445,0.0002315845461564603,-0.03614455472813938,False,False,False
2026-07-22,JPIB,47.81999969482422,31,1,False,-0.0053484935712552195,-0.01492364595951956,0.009926108465663441,-0.03247343585253604,False,True,False
2026-07-22,JSI,51.209999084472656,31,1,False,-0.002942318207234784,-0.013494017733126085,0.0023487753283690793,-0.036500515253262145,False,True,False
2026-07-22,KBH,56.470001220703125,31,2,False,0.05623267445993885,-0.015920046987887404,0.2825346987576025,-0.17813998001544973,False,True,False
2026-07-22,MBB,93.1500015258789,31,1,False,-0.010139804109857486,-0.0200477161005872,0.007789691856820324,-0.03939362325189544,False,True,False
2026-07-22,MPT,4.809999942779541,31,0,False,-0.0037282660774409226,-0.05441536400740177,0.21772148980102668,-0.25656876371597814,False,True,False
2026-07-22,MTD,1285.9000244140625,31,3,False,0.08293504090114134,-0.023220984876491713,0.256927852751498,-0.1568808805818831,False,True,False
2026-07-22,PEG,79.58000183105469,31,2,False,0.0012279671481434384,-0.01816237006647059,0.04641681311826429,-0.12798597448792726,False,True,False
2026-07-22,PYLD,26.18000030517578,31,1,False,-0.006508153095177938,-0.015524097486443345,0.010030872998323392,-0.0318047552231302,False,True,False
2026-07-22,SJNK,24.860000610351562,31,1,False,-0.004676319888523794,-0.012781006334964262,0.005663483045545092,-0.030799182063456776,False,True,False
2026-07-22,SPHY,23.290000915527344,31,1,False,-0.0035169650557153043,-0.011390826812989086,0.011728951016272138,-0.029178777085006824,False,False,False
2026-07-22,SPIB,33.130001068115234,31,1,False,-0.006531133080966645,-0.01613295017047589,0.00030199687660137364,-0.029584016976855754,False,True,False
2026-07-22,SPMB,21.989999771118164,31,1,False,-0.00924524932546511,-0.018999914507157656,0.008715621133353668,-0.03847840121656643,False,True,False
2026-07-22,SRLN,40.369998931884766,31,2,False,2.474653623907308e-05,-0.008696338697319006,0.024879399782216538,-0.031197487261455548,False,True,False
2026-07-22,TKO,181.64999389648438,31,2,False,-0.07078222925205258,-0.07844695152855397,0.1927900840811516,-0.19956820330349345,False,True,False
2026-07-22,VRSN,262.5899963378906,31,4,False,-0.05625931030342468,0.02400017095094298,0.25725364153272,-0.1596582593906153,True,True,False
2026-07-22,ERIC,9.489999771118164,31,4,False,-0.19566730367437846,-0.11923712760308025,0.3254189906928844,-0.3108206640786565,False,False,False
2026-07-22,DFSD,47.25,31,1,False,-0.010527155904600738,-0.016191203787400577,0.0005018541463064352,-0.025973992272308566,False,True,False
2026-07-22,DFGX,52.244998931884766,31,1,False,-0.016326608427825406,-0.01867146635797501,0.006647348667876862,-0.04540472558260911,False,True,False
2026-07-22,MKL,1944.5999755859375,31,3,False,0.033594631211713466,-0.014822881693085432,0.13096930745416158,-0.11912995702747387,False,True,False
2026-07-22,CGMS,27.190000534057617,31,1,False,-0.0075627920598890785,-0.014079887511668554,0.006664209687170075,-0.03169513504510624,False,False,False
2026-07-22,OPFI,9.239999771118164,31,1,False,0.044516262615839075,-0.00843476888137118,0.2554347287363512,-0.26666670703383233,False,True,False
2026-07-22,ORA,103.73999786376953,31,3,False,-0.16880330017648804,-0.10515122180814429,0.23309165874904214,-0.2913450488674214,False,True,False
2026-07-22,UL,61.83000183105469,31,2,False,0.048346377579174815,-0.03167846844510436,0.12931510193707196,-0.1753801138588892,False,False,False
2026-07-22,WOR,54.970001220703125,31,2,False,-0.019572850411350373,0.0033622066884739787,0.2212842317393504,-0.18923305683718628,False,True,False
2026-07-22,DNN,3.049999952316284,31,3,False,-0.05155794449750095,-0.07558951539997716,0.639784907988695,-0.31151239943498565,False,True,False
2026-07-22,JMTG,50.029998779296875,31,1,False,-0.008079325772897161,-0.018674723793478232,0.0064373305314378015,-0.038624175650825876,False,True,False
2026-07-22,SWKS,63.15999984741211,31,0,False,-0.09133023469376067,-0.027879960605553644,0.21625263770924819,-0.3051705303939881,False,True,False
2026-07-22,SCYB,26.009000778198242,31,1,False,-0.004218324485009806,-0.011525770540979918,0.012023346540299684,-0.02879013774005401,False,True,False
2026-07-22,AGG,97.58000183105469,30,1,False,-0.009307895740950256,-0.02080904180249943,0.0006153116289360216,-0.03824164486920201,False,True,False
2026-07-22,AVL,47.79999923706055,30,1,False,-0.06975007305335601,-0.03124470512020916,0.6511225553490159,-0.40406433384046947,True,True,False
2026-07-22,BND,72.4000015258789,30,1,False,-0.00898481607163093,-0.02038649447103469,0.0008294884023494209,-0.03761799421472256,False,True,False
2026-07-22,BNDW,67.5999984741211,30,1,False,-0.007365488655630248,-0.01841846974880923,0.0028184957972121616,-0.03922686344923665,False,True,False
2026-07-22,BNDX,47.79999923706055,30,1,False,-0.006026248802099454,-0.0166834847919638,0.005680632541511521,-0.04265974474457268,False,True,False
2026-07-22,BSCU,16.4950008392334,30,1,False,-0.008357520611575242,-0.019251921863017718,0.00030327884685554807,-0.03311832616624144,False,False,False
2026-07-22,CGCB,25.90999984741211,30,1,False,-0.008099819624070803,-0.020443475703680325,0.002903068147756649,-0.03716090693683782,False,True,False
2026-07-22,EYPT,12.65999984741211,30,3,False,-0.04212820809130957,-0.10466761889968201,0.3468085490615742,-0.3375196523774885,False,False,False
2026-07-22,FLCB,21.110000610351562,30,1,False,-0.008896894162302105,-0.021211765970193808,0.0009483384361768099,-0.03870667165565167,False,True,False
2026-07-22,FSIG,18.760000228881836,30,1,False,-0.006787294082396311,-0.016352082057791595,0.0005333455403646603,-0.029487827060215244,False,True,False
2026-07-22,GOVT,22.4950008392334,30,1,False,-0.007645007802019488,-0.020347516120759912,0.0011126625119231015,-0.03826415450062526,False,True,False
2026-07-22,GTO,46.17499923706055,30,1,False,-0.011868290170234053,-0.022889890910161692,0.00021657795591734086,-0.03814109198747506,False,True,False
2026-07-22,HRB,39.54999923706055,30,3,False,0.03576327329356732,0.016719944904300288,0.4044744123354522,-0.30320647627545205,False,True,False
2026-07-22,IBDW,20.625,30,1,False,-0.006890375799340487,-0.01932465787631099,0.0007277724019525422,-0.053030332884870024,False,True,False
2026-07-22,IUSB,45.52000045776367,30,1,False,-0.008805765362493334,-0.01963000112705049,0.0010996093186330658,-0.036205782363886274,False,True,False
2026-07-22,JBND,52.79999923706055,30,1,False,-0.00818623948749253,-0.020416809181480478,0.0017644431165946273,-0.0535090188852988,False,True,False
2026-07-22,JCPB,46.29999923706055,30,1,False,-0.008386966283174702,-0.020111644950944974,0.0019476337236745689,-0.03882082215004801,False,True,False
2026-07-22,REZI,34.09000015258789,30,3,False,0.07435724423427015,-0.03987787803148091,0.4257632944434171,-0.2472952205019633,False,False,False
2026-07-22,SGDJ,77.50039672851562,30,3,False,-0.05183941547202786,-0.10733262228968277,0.6353745036224734,-0.3305947250521768,False,True,False
2026-07-22,SPAB,25.15999984741211,30,1,False,-0.009152354437336196,-0.020887860025304184,0.0007955631761831228,-0.038593818339219044,False,False,False
2026-07-22,UCON,24.55500030517578,30,1,False,-0.011666785714450678,-0.019807032579220007,0.005940207237610684,-0.04175608565167688,False,True,False
2026-07-22,VPLS,76.54000091552734,30,1,False,-0.008428728085965731,-0.01904291184999618,0.0014392334150510333,-0.03614157680679542,False,False,False
2026-07-22,EVTR,50.20000076293945,30,1,False,-0.008759232990136256,-0.021068747342535388,0.002296130190056145,-0.03739215159891773,False,True,False
2026-07-22,DECK,102.47000122070312,30,2,False,-0.027366977957220318,0.0027164575704714533,0.2985679440527853,-0.18996046465847327,False,True,False
2026-07-22,EAGG,46.7400016784668,30,1,False,-0.009120125356130604,-0.020838053661292655,0.0006423163044786406,-0.03827154020683199,False,True,False
2026-07-22,ECL,266.8800048828125,30,4,False,0.007951692493732176,-0.014407729562946447,0.09759412536292578,-0.1370646543043187,False,True,False
2026-07-22,EWG,41.310001373291016,30,2,False,-0.015969328207192324,-0.014054049601196161,0.08767777438626623,-0.07480403221603571,False,True,False
2026-07-22,CMCO,15.699999809265137,30,3,False,0.09326907204129875,-0.03871176712178659,0.3094245295219873,-0.35655737480659755,False,True,False
2026-07-22,HYDB,46.36000061035156,30,1,False,-0.0062505804232814155,-0.015148767358478699,0.00861543604560211,-0.03396543052938916,False,False,False
2026-07-22,RPD,9.90999984741211,30,2,False,0.18073177282024067,-0.08038725641438771,0.9939638361694911,-0.5739467003483987,False,False,False
2026-07-22,SYF,72.80999755859375,30,2,False,-0.0026546946113815695,-0.019148925701023334,0.15424850103204846,-0.17979046623878914,False,False,False
2026-07-22,STIP,101.30999755859375,30,1,False,-0.009909721873421096,-0.015296892361679526,0.0019780135202740468,-0.02736180878757377,False,True,False
2026-07-22,LUMN,6.699999809265137,30,2,False,-0.19627650274107755,-0.17178636798629643,0.9881305747147255,-0.43933055094524287,False,True,False
2026-07-22,SCHZ,22.81999969482422,30,1,False,-0.009170180311725784,-0.021079830263956212,0.0021958382106004315,-0.03834807690545583,False,True,False
2026-07-22,FTSL,44.72999954223633,30,1,False,-0.004695056151671317,-0.013646443851918155,0.008113604214961212,-0.030769272734396447,False,True,False
2026-07-22,UITB,46.181400299072266,30,1,False,-0.009430238445835015,-0.021716923531957533,0.0013313393020277786,-0.0389886587078373,False,True,False
2026-07-22,STCE,67.7300033569336,30,1,False,-0.06669443904278838,-0.03396417418021913,0.4008274145693196,-0.38225096922676327,False,True,False
2026-07-22,ETOR,37.52000045776367,30,2,False,-0.04338424501511029,0.04604902877344452,0.5165723849991732,-0.431084121395646,False,True,False
2026-07-22,NVAX,7.909999847412109,30,3,False,-0.14316046528017423,-0.07166163532185299,0.2758064662504647,-0.3391813140388903,False,True,False
2026-07-22,AA,46.16999816894531,29,3,False,-0.24049011694754407,-0.17232777983964132,0.6424758863912341,-0.45283242863491424,True,False,False
2026-07-22,AVIG,40.82500076293945,29,1,False,-0.009994841866937887,-0.02256373179326332,0.0004901472274008167,-0.04029245264068615,False,True,False
2026-07-22,BEAM,26.639999389648438,29,4,False,-0.14716524047950108,-0.05252040997252283,0.7076922268086892,-0.303711433393997,False,False,False
2026-07-22,BIV,75.62000274658203,29,1,False,-0.009421067837086072,-0.02413714427261382,0.00013228589009028902,-0.04387398851915458,False,False,False
2026-07-22,BOND,90.7300033569336,29,1,False,-0.009839362493295423,-0.02287405770314499,0.0023200035534167718,-0.04171944376331249,False,False,False
2026-07-22,BSCV,16.21500015258789,29,1,False,-0.009647601048258903,-0.02206430507565682,0.00030851748289273395,-0.04841553512991237,False,True,False
2026-07-22,BSCW,20.2450008392334,29,1,False,-0.01100905061165769,-0.024149663884048267,0.0007019104597951742,-0.04684552460484248,False,True,False
2026-07-22,CGCP,22.040000915527344,29,1,False,-0.010087726197470781,-0.02300954740901895,0.0009082859831013312,-0.041947327991430416,False,True,False
2026-07-22,EXK,8.34000015258789,29,3,False,-0.05024368495481257,-0.12855394763853778,0.6985744219490384,-0.4495049265620399,True,True,False
2026-07-22,FBND,45.02000045776367,29,1,False,-0.008671362339391808,-0.020999996910378682,0.004529511321778035,-0.03926590116563988,False,True,False
2026-07-22,GPC,120.37000274658203,29,4,False,0.10891649030406336,0.007797749006148269,0.3259529011365596,-0.20584550418934633,False,False,False
2026-07-22,GXO,54.0099983215332,29,3,False,0.07890096709809336,0.005725021140712494,0.18964750013821985,-0.1920718092096666,False,False,False
2026-07-22,HTRB,33.349998474121094,29,1,False,-0.009046093944308442,-0.021940258462203932,0.0021033562918206794,-0.042217152027190674,False,True,False
2026-07-22,HYLS,40.59000015258789,29,1,False,-0.005390831840532018,-0.017260286660207957,0.014496422279091536,-0.042688710097953164,False,False,False
2026-07-22,IBHF,22.55500030517578,29,1,False,-0.003725360985729731,-0.017698187137597188,0.001999114875006036,-0.038371333253369166,False,True,False
2026-07-22,SCCR,25.200000762939453,29,1,False,-0.009632469311518066,-0.021680802936894783,0.0009931093003610059,-0.039999970935639895,False,True,False
2026-07-22,SCHI,22.290000915527344,29,1,False,-0.010713901117966107,-0.024240726810781377,0.0,-0.04244346454091552,False,True,False
2026-07-22,SCHP,26.139999389648438,29,1,False,-0.012914451511194414,-0.020601485244294393,0.0,-0.038617179984751004,False,True,False
2026-07-22,SCHR,24.399999618530273,29,1,False,-0.007379578681899757,-0.02192846008049587,0.0,-0.040125903017400044,False,True,False
2026-07-22,SIVR,56.70000076293945,29,3,False,-0.11563224304051112,-0.14719400081203748,0.6321242954367592,-0.5080687167095188,True,True,False
2026-07-22,SMTH,25.360000610351562,29,1,False,-0.011639713005724639,-0.023470380138112423,0.0,-0.04193421729493285,False,True,False
2026-07-22,USIG,50.41999816894531,29,1,False,-0.011469496720260763,-0.02319480086174497,0.00019834004291752194,-0.043626764008013796,False,False,False
2026-07-22,VCIT,81.37000274658203,29,1,False,-0.010470471158250061,-0.023492783147812002,0.00012293677673835823,-0.040900444850194395,False,True,False
2026-07-22,VCRB,76.13999938964844,29,1,False,-0.009096436532252339,-0.0209007641606046,0.00019703631722078896,-0.0383935451352686,False,True,False
2026-07-22,DFGP,53.3848991394043,29,1,False,-0.017479439101151573,-0.021932775380409275,0.0015928687346906667,-0.04958339185207261,False,False,False
2026-07-22,SLV,53.91999816894531,29,3,False,-0.11620759280605797,-0.14824719919187035,0.6290030409246734,-0.5090594803787092,True,True,False
2026-07-22,IGIB,52.369998931884766,29,1,False,-0.009962781717360758,-0.022902209964491993,0.00013747037320399613,-0.04049107411191921,False,True,False
2026-07-22,JMBS,44.47999954223633,29,1,False,-0.01060135321481237,-0.023101423414835565,0.0013507738803322233,-0.04117266377542372,False,True,False
2026-07-22,DFCF,41.564998626708984,29,1,False,-0.012738355969413417,-0.022983371287296994,0.0006017744494630772,-0.0394037858335351,False,True,False
2026-07-22,WWW,19.639999389648438,29,3,False,0.15431630627391435,0.08222779126543367,0.45805486268045925,-0.4012195168755581,False,True,False
2026-07-22,SMBS,25.05500030517578,29,1,False,-0.009609407275865234,-0.021717048597699296,0.0022000122070311434,-0.04077337288817917,False,True,False
2026-07-22,PFXF,17.6200008392334,29,3,False,-0.03312185029770898,-0.023224702089643,0.03464475213148721,-0.07603559930755344,False,True,False
2026-07-22,SYSB,87.375,29,1,False,-0.009549359892806808,-0.022521769326414698,0.006392539819472853,-0.04194075741485992,False,True,False
2026-07-22,CORP,95.2699966430664,29,1,False,-0.011508740350635649,-0.023810473459338066,0.0002099385098834894,-0.04376192643327592,False,True,False
2026-07-22,XSW,169.0399932861328,29,1,False,-0.001095614988639415,-0.0137039753216599,0.250388270089704,-0.17846035284319173,False,True,False
2026-07-22,VGIT,58.34000015258789,29,1,False,-0.007201783503660963,-0.02156120690061658,0.0001714095871652166,-0.0398288057241053,False,True,False
2026-07-22,NU,14.510000228881836,29,2,False,0.11928786762176591,-0.042187311866336175,0.295535756784435,-0.23551103378097404,False,False,False
2026-07-22,SPTI,28.079999923706055,29,1,False,-0.007156394691063772,-0.021444242922157075,0.0003562603844160517,-0.039671677718612686,False,True,False
2026-07-22,ENSG,169.11000061035156,29,3,False,0.017435574616391447,-0.07477442706741622,0.2546183621462468,-0.22426605224609375,False,True,False
2026-07-22,ALK,44.36000061035156,28,2,False,-0.02913044964728595,-0.0324276193274915,0.343021563723348,-0.3266544860390065,False,True,False
2026-07-22,ANIP,77.61000061035156,28,1,False,-0.04304272469779402,-0.04924076687093071,0.23957833978235077,-0.21999999386581348,False,True,False
2026-07-22,AS,34.380001068115234,28,2,False,-0.01169974349974301,-0.024500940817363315,0.18879671429520206,-0.19597749257155483,False,True,False
2026-07-22,BLK,1056.6300048828125,28,2,False,0.021445696881569276,-0.0006637435654602841,0.15177840178229385,-0.1338671937695447,False,False,False
2026-07-22,BOTZ,34.88999938964844,28,4,False,-0.08332328145129653,-0.057393262622765784,0.09458821614583335,-0.1635099459247673,False,True,False
2026-07-22,FTCB,20.559999465942383,28,1,False,-0.011885271825447408,-0.026913717750557842,0.0009736392173147479,-0.05989946607322283,False,True,False
2026-07-22,FXE,105.33000183105469,28,2,False,-0.009508995285407384,-0.019204780762374196,0.0069789996900830875,-0.05567508547158506,True,True,False
2026-07-22,IDEF,31.459999084472656,28,3,False,-0.02498532373583584,-0.0421613702634176,0.12317025445909979,-0.1469631731743214,False,True,False
2026-07-22,IEF,93.0999984741211,28,1,False,-0.009783059871188327,-0.027169265605042847,0.001613787313650361,-0.05048449182631587,False,True,False
2026-07-22,JD,30.149999618530273,28,3,False,0.042733019977936104,0.020787312771935795,0.2302105570364028,-0.18204017581966314,False,True,False
2026-07-22,JPC,7.769999980926514,28,1,False,-0.008473281414632106,-0.02976874452004241,0.07617731394979232,-0.06385544549745659,False,True,False
2026-07-22,LQD,106.66999816894531,28,1,False,-0.015799630614550142,-0.029714828868523724,0.0005158777496394595,-0.05543258761457348,False,False,False
2026-07-22,MBUU,28.399999618530273,28,2,False,0.04245813242921814,0.0028797347812645757,0.19127514415923286,-0.283732697967387,False,True,False
2026-07-22,MNRO,16.829999923706055,28,3,False,0.036879138502905695,-0.06422018996125989,0.37275690126483974,-0.29611041275152317,False,True,False
2026-07-22,MTBA,48.75,28,1,False,-0.006624542731636152,-0.024048054080319625,0.0017466163130295254,-0.04186322766117301,False,True,False
2026-07-22,NFG,82.86000061035156,28,3,False,0.05008098490665991,-0.010399396233730429,0.102301485016973,-0.14630122919248834,False,True,False
2026-07-22,NVO,48.189998626708984,28,3,False,0.04149104391270253,0.01965677156988921,0.3721526222188527,-0.3288301312192048,False,True,False
2026-07-22,OXM,40.65999984741211,28,6,False,0.02842978601858137,0.049998897706920564,0.3300621607234173,-0.2121681967340101,False,True,False
2026-07-22,QLTA,46.665000915527344,28,1,False,-0.012750757409609847,-0.026114774961348175,0.00032153031420834033,-0.04804160588014328,False,True,False
2026-07-22,RLI,58.9900016784668,28,3,False,0.07215560732222537,0.0003408816544769877,0.24820151869512497,-0.1604042145616752,False,True,False
2026-07-22,SGML,10.15999984741211,28,3,False,-0.27027745626062305,-0.19704266172199736,1.2015168691872877,-0.5849673187337012,False,True,False
2026-07-22,SPBO,28.530000686645508,28,1,False,-0.012324286365734127,-0.024685383740878364,0.0005752094172999378,-0.046775797001518016,False,True,False
2026-07-22,SR,82.08000183105469,28,4,False,0.006269591790381446,-0.04464379334366486,0.15216176715802576,-0.13881015702896915,True,True,False
2026-07-22,SVV,9.5600004196167,28,3,False,0.04096348117613746,0.0071533621472028575,0.38450400132312823,-0.31173504799714324,False,True,False
2026-07-22,TIMB,22.020000457763672,28,4,False,0.0011275410712727751,-0.05540789793340806,0.24759212088851545,-0.2197023035594763,False,False,False
2026-07-22,TIP,107.7699966430664,28,1,False,-0.015189345724799352,-0.024888581982813962,4.637176677291244e-05,-0.039996485014451744,False,True,False
2026-07-22,TKC,5.869999885559082,28,3,False,-0.00844596527718211,-0.034436265272480004,0.0971962598496956,-0.18245124987456462,False,True,False
2026-07-22,TSN,57.060001373291016,28,3,False,-0.04655598514826542,-0.04452117040181347,0.12856012309037856,-0.17875649659713433,True,True,False
2026-07-22,VTC,75.4800033569336,28,1,False,-0.012401719181264426,-0.024939628395271973,0.0001312169196636681,-0.04745071438921755,False,True,False
2026-07-22,XLY,114.0199966430664,28,1,False,-0.024761610183062333,-0.02793765709566176,0.08394328355091263,-0.08791300940214075,False,True,False
2026-07-22,IGEB,44.380001068115234,28,1,False,-0.010782399915300722,-0.023538141956428782,0.0003380905912535592,-0.04476965254725063,False,False,False
2026-07-22,DRI,193.94000244140625,28,4,False,-0.04019082311819888,-0.011411773615493281,0.1475739789432322,-0.12105140355276345,False,False,False
2026-07-22,PFFD,18.549999237060547,28,1,False,-0.01146807747663725,-0.023568619472869812,0.018391385213634592,-0.06737054769771789,False,True,False
2026-07-22,CNH,10.699999809265137,28,3,False,0.014006534960088635,0.008758266980650742,0.18888886769612623,-0.20623144120003367,False,True,False
2026-07-22,PFF,30.450000762939453,28,2,False,-0.015238712084518768,-0.022142271194032892,0.011627919502791517,-0.056106560842118736,False,True,False
2026-07-22,CTA,27.90999984741211,28,2,False,-0.01521460823003229,-0.023084063775745678,0.08853356130266254,-0.14804635905409014,False,True,False
2026-07-22,CRAI,168.50999450683594,28,1,False,0.12533704638707222,-0.020543282985799882,0.27494890551060847,-0.2586123477301502,False,True,False
2026-07-22,EBND,20.760000228881836,28,1,False,-0.00516584388024155,-0.0196726444696812,0.01964634609720517,-0.05378305726766319,True,True,False
2026-07-22,FIXD,42.9546012878418,28,1,False,-0.012274784383403348,-0.02572318289247688,0.010363676659676857,-0.04872987600353873,False,True,False
2026-07-22,ARKW,143.1999969482422,27,1,False,-0.011493474246733526,-0.012384012273908951,0.2632321469409533,-0.21748635547408646,False,False,False
2026-07-22,BAR,40.66999816894531,27,2,False,-0.03423288702817251,-0.07851751132169582,0.26186778611798145,-0.2554691410719394,True,True,False
2026-07-22,BCC,77.69999694824219,27,4,False,0.07869918412743604,0.027425747384095978,0.19538456843449525,-0.15515933546871208,False,False,False
2026-07-22,CDE,15.84000015258789,27,2,False,-0.0726972489976998,-0.15944981382559054,0.8483081349646173,-0.42960029198849026,False,True,False
2026-07-22,GAB,5.599999904632568,27,1,False,-0.0002499551540331435,-0.04086655135480943,0.060606000399351156,-0.11208797307061613,False,True,False
2026-07-22,GLDM,81.73999786376953,27,2,False,-0.034223986748839086,-0.0782069583393249,0.26317414650347715,-0.25514853786273084,True,True,False
2026-07-22,GOVI,26.510000228881836,27,1,False,-0.016078259750715307,-0.035347533270972065,0.004928016385556955,-0.06391241120928326,False,True,False
2026-07-22,IAUM,41.16999816894531,27,2,False,-0.034094144347113886,-0.07812745509085539,0.2636585590889313,-0.25511131123643327,True,True,False
2026-07-22,KAI,306.8900146484375,27,2,False,-0.0034550225937339807,0.0052324045747718095,0.25327733396478025,-0.1705002739793373,False,True,False
2026-07-22,KREF,7.409999847412109,27,2,False,0.06680101547889339,-0.004814783767190689,0.4114285423642112,-0.2577381553991456,False,False,False
2026-07-22,LMT,514.3599853515625,27,2,False,-0.012375865237610695,-0.052215432132918904,0.2542001017376663,-0.25670522348040103,False,True,False
2026-07-22,MHK,110.41000366210938,27,2,False,0.021306779316609292,-0.01403661609980733,0.1873320378376626,-0.2286033682978812,False,True,False
2026-07-22,NXE,9.4399995803833,27,3,False,-0.08376204602531334,-0.10894223860832064,0.5079870982799433,-0.32378226686334943,True,True,False
2026-07-22,PPL,36.099998474121094,27,4,False,0.007417455096731862,-0.01298165786789196,0.0883328449477856,-0.099975120299439,False,True,False
2026-07-22,REM,21.739999771118164,27,2,False,-0.006471205993445528,-0.023441461013292586,0.06516413197693827,-0.09604987689075362,False,False,False
2026-07-22,SGOL,39.34000015258789,27,2,False,-0.03414614833949292,-0.07839930795004235,0.26251605729244387,-0.2554882657270171,True,True,False
2026-07-22,SKYW,95.69999694824219,27,2,False,0.05202520212770323,-0.0036517456378910573,0.22865576708376123,-0.22785222637473146,True,False,False
2026-07-22,SPIP,25.270000457763672,27,1,False,-0.01536757254073573,-0.029336900128579257,0.00039589187613708887,-0.04928515687368484,False,True,False
2026-07-22,TOTL,38.81999969482422,27,1,False,-0.01163280017786128,-0.02954246264780247,0.0,-0.04990336050741384,False,False,False
2026-07-22,VMC,277.8299865722656,27,1,False,-0.02766145580867052,-0.04613510383444297,0.10097079394679298,-0.16086263660854017,False,True,False
2026-07-22,VNQI,45.5,27,2,False,0.0011750096263889453,-0.028881696937368972,0.05299701374791854,-0.1057390124837615,False,True,False
2026-07-22,YUM,147.57000732421875,27,3,False,-0.04029495024982421,-0.04189318328151248,0.07456495562973542,-0.13265541404958348,False,False,False
2026-07-22,ENR,20.5,27,3,False,0.04386260288866639,0.007474973338396307,0.3015873015873016,-0.32320900031761857,False,True,False
2026-07-22,CWEN,33.68000030517578,27,3,False,-0.08327797843446949,-0.07136918346054144,0.21720275432998126,-0.19310016888305692,False,True,False
2026-07-22,WEX,155.67999267578125,27,4,False,0.07604467729707354,0.02492522800075414,0.24255719960241162,-0.16686293392232288,False,True,False
2026-07-22,HNI,41.220001220703125,27,4,False,0.1741850543662058,0.026747268546030822,0.4248185546451093,-0.22649651881141797,False,True,False
2026-07-22,ICFI,76.6500015258789,27,3,False,0.07919749064255699,-0.019513765956555407,0.30290666564993285,-0.24638676417429528,False,True,False
2026-07-22,INR,13.609999656677246,27,2,False,0.008446924370148379,-0.06883826019515193,0.22282116053337564,-0.3050804037326965,False,True,False
2026-07-22,NMRK,15.34000015258789,27,2,False,0.02221690020727074,-0.04871756210279754,0.19843749406281863,-0.22661956840742004,False,True,False
2026-07-22,RING,65.80000305175781,27,3,False,-0.06308641100151957,-0.12630005354932972,0.5126437483162716,-0.34468677769217093,False,False,False
2026-07-22,TSLS,56.7400016784668,27,3,False,0.0620623571387684,0.040386231621145185,0.22813854418769375,-0.30813315204877756,False,True,False
2026-07-22,PFE,24.81999969482422,27,2,False,-0.01461796653112546,-0.04025182118975523,0.07399390044614296,-0.1366956627887228,False,True,False
2026-07-22,FNF,50.20000076293945,27,2,False,0.040681979582297245,-0.02861011322909479,0.17344558661449616,-0.1521595639451746,False,True,False
2026-07-22,VOR,19.510000228881836,27,3,False,0.2122379646753847,0.2195064928140762,2.001538496751052,-0.631886788134305,False,True,False
2026-07-22,RACE,371.6099853515625,27,2,False,0.042725878422975594,0.015632102539304693,0.18911386432153354,-0.28412636711819284,False,True,False
2026-07-22,SIG,90.62000274658203,27,3,False,0.06844563631893053,0.0019371252305495634,0.265289015238229,-0.1776769033020602,False,True,False
2026-07-22,SARK,28.476299285888672,27,3,False,0.01542205959495302,-0.037261837351861615,0.10398924537572962,-0.20167365439675167,False,True,False
2026-07-22,XTEN,44.529998779296875,27,1,False,-0.013942564422772197,-0.033934147698767125,0.00405863159794273,-0.06252634148848679,False,True,False
2026-07-22,GLPI,44.709999084472656,27,2,False,-0.025246376483362476,-0.02096196605708789,0.08598496655259935,-0.10490493690551916,False,True,False
2026-07-22,AAAU,40.720001220703125,26,2,False,-0.0344532984633239,-0.07876010076288598,0.2618531342755688,-0.2557119008934522,True,True,False
2026-07-22,AQN,5.960000038146973,26,4,False,0.018281232808291303,-0.027970310766130213,0.12030072290124205,-0.16174403287936334,False,True,False
2026-07-22,ARR,16.3799991607666,26,3,False,-0.03571054837208654,-0.044638975083167276,0.17167379807698868,-0.15173487240864558,False,False,False
2026-07-22,ATHM,21.510000228881836,26,3,False,0.15718575162039095,0.018844608350065073,0.3815029319513856,-0.28108288188393005,False,True,False
2026-07-22,AVPT,11.979999542236328,26,3,False,0.075259121780751,0.012040113114464068,0.35597051392305135,-0.3994987927774303,False,True,False
2026-07-22,BIPC,40.75,26,2,False,0.01215580746268552,-0.06429069311158586,0.1922176605080177,-0.2121036535535099,False,True,False
2026-07-22,BLV,66.66999816894531,26,1,False,-0.02127449623295674,-0.041444225247890376,0.0027071786879069304,-0.08205974542002581,False,False,False
2026-07-22,BRSP,5.340000152587891,26,2,False,-0.03814976395409808,-0.05547740596651718,0.0965092973456716,-0.1338199212278932,False,True,False
2026-07-22,CBLL,16.81999969482422,26,3,False,-0.09094840727058928,-0.08071232573063558,0.5502303321159703,-0.3086724312548982,False,True,False
2026-07-22,CEF,41.11000061035156,26,3,False,-0.06388190796529558,-0.10045337037780822,0.3694203858587828,-0.33023786420709644,True,True,False
2026-07-22,FRSH,10.0600004196167,26,3,False,0.04208753644961383,0.0030710736326817756,0.48159064449703926,-0.3317834463172906,False,True,False
2026-07-22,GDXJ,100.55999755859375,26,3,False,-0.054033742484206115,-0.1268609027496258,0.5737088444022633,-0.3614833065520554,True,True,False
2026-07-22,GLD,379.1199951171875,26,2,False,-0.034309629995748936,-0.07911942397358873,0.2597023055596932,-0.2561899430302631,True,True,False
2026-07-22,IAU,77.69000244140625,26,2,False,-0.03432859784201059,-0.07877704091947824,0.2612013695754354,-0.255842899368653,True,True,False
2026-07-22,IBN,29.450000762939453,26,3,False,0.06552337875421954,0.014011983607237877,0.1742424582347306,-0.14761211539045438,True,True,False
2026-07-22,IGOV,40.54999923706055,26,1,False,-0.01606330760908803,-0.029770863302545414,0.004707597220904303,-0.06545287376209163,False,False,False
2026-07-22,IMXI,13.220000267028809,26,3,False,-0.09540034580485734,-0.13189512206297582,0.5407925856156124,-0.17115984795501427,False,True,False
2026-07-22,KMTS,20.889999389648438,26,2,False,-0.0606423327120994,-0.11336156879989878,0.48156020031759383,-0.30366668701171873,False,False,False
2026-07-22,LCII,106.01000213623047,26,3,False,0.0324550097394678,-0.09182222493859671,0.25708525832371176,-0.33602655828205497,False,True,False
2026-07-22,MFA,9.289999961853027,26,2,False,-0.01668148952089521,-0.03304206968858148,0.058086588199615985,-0.12109742383417144,False,True,False
2026-07-22,MISL,42.470001220703125,26,3,False,-0.06618701806926253,-0.06056738272800921,0.1247053689227604,-0.1688844914112574,False,True,False
2026-07-22,MMSI,73.11000061035156,26,2,False,0.08556853036784329,-0.03969357344196134,0.2238031228027897,-0.22839049487755603,False,True,False
2026-07-22,OUNZ,39.720001220703125,26,2,False,-0.0341453095876626,-0.0785483814338902,0.2617535514068636,-0.2554826174930367,True,True,False
2026-07-22,PDO,13.029999732971191,26,2,False,0.00036849849160836,-0.03799905408586157,0.05335487902328939,-0.08561405382658305,False,True,False
2026-07-22,TLH,97.4800033569336,26,1,False,-0.01716231546745839,-0.0395372724767723,0.006089420693589087,-0.07575611805531246,False,True,False
2026-07-22,ARKK,76.02999877929688,26,1,False,-0.026880785071496827,-0.02399262286646975,0.20787988160954107,-0.17938480812587732,False,True,False
2026-07-22,CBZ,40.34000015258789,26,3,False,0.18429705208156566,0.018926163921312522,0.6607656909061954,-0.4822231002896643,False,True,False
2026-07-22,NUKZ,64.7699966430664,26,3,False,-0.054320069578245866,-0.06039133964752619,0.16597655324277083,-0.16252909606960886,False,True,False
2026-07-22,TNDM,16.90999984741211,26,4,False,0.05955698979917878,-0.1049263555471257,0.6943888399841449,-0.42967959308694503,False,True,False
2026-07-22,DRVN,14.130000114440918,26,3,False,0.022786505390227862,0.002404929211784923,0.4418367183094274,-0.2841945147783287,False,True,False
2026-07-22,FIW,106.25,26,2,False,0.007997573069813857,-0.026001853511534834,0.07846126289406063,-0.08641446937267228,False,True,False
2026-07-22,SPTL,25.399999618530273,26,1,False,-0.018501644377330817,-0.04146604481233651,0.007936462283165913,-0.08303253000218003,False,True,False
2026-07-22,TSLA,374.010009765625,26,0,False,-0.08212230379006402,-0.10085069566176397,0.25582566841610066,-0.2502254879750657,False,True,False
2026-07-22,PFFA,20.6200008392334,26,1,False,-0.024625566378271846,-0.03674788766974002,0.019278364103905377,-0.08355551825629337,False,True,False
2026-07-22,UNCY,5.570000171661377,26,4,False,-0.18595812025050362,-0.12273791300077397,0.5013477397276296,-0.36270019250254837,False,True,False
2026-07-22,GDX,76.68000030517578,26,3,False,-0.05572316067444838,-0.1240820842009196,0.49270005644445103,-0.34562211891555294,False,True,False
2026-07-22,DAPP,19.1200008392334,26,1,False,-0.06301145294165478,-0.007580649402463946,0.39766084888166353,-0.30447431799102975,False,True,False
2026-07-22,IGLB,48.369998931884766,26,1,False,-0.023680363614955513,-0.04066039278603151,0.0002067477544873686,-0.08041824458070024,False,False,False
2026-07-22,DEC,13.369999885559082,26,1,False,-0.05466938963996815,-0.06806863785343431,0.08434711827154917,-0.2925925843696511,False,True,False
2026-07-22,CRMD,7.940000057220459,26,0,False,-0.04272761497316324,-0.09389692185613485,0.29526915317922797,-0.4692513344268714,False,True,False
2026-07-22,AJG,242.5,25,3,False,0.08857939015544747,0.024073538641628867,0.27129750982962,-0.2313300635376574,False,True,False
2026-07-22,AMZU,34.779998779296875,25,1,False,-0.06984459852611402,-0.015026683908974547,0.41727781099186156,-0.26219772529453444,False,True,False
2026-07-22,APG,38.95000076293945,25,3,False,-0.06819072207121779,-0.0508229909137351,0.16616763423679215,-0.22084417973290105,False,True,False
2026-07-22,BILL,41.88999938964844,25,2,False,0.11146486700864511,-0.05045359239809666,0.33365169032625075,-0.2677853511621925,False,True,False
2026-07-22,BJ,91.87999725341797,25,3,False,0.023734843457770216,-0.011967080219998372,0.10416766184430704,-0.17165525811249105,False,True,False
2026-07-22,BWX,21.459999084472656,25,1,False,-0.015533153351357964,-0.03888360474325414,0.0023353216915875663,-0.0836891966454445,False,True,False
2026-07-22,CARG,33.66999816894531,25,2,False,0.08250432929040574,-0.003845470499150072,0.27586202908941626,-0.14586504990073268,False,True,False
2026-07-22,FSM,8.609999656677246,25,3,False,-0.04821918258099478,-0.115348889734043,0.39546183958054404,-0.378339392091513,True,True,False
2026-07-22,J,130.5,25,2,False,0.06596571874535706,-0.03087246763484941,0.234859951013916,-0.2252434213458534,False,True,False
2026-07-22,KOLD,26.600000381469727,25,2,False,0.10446771503409269,-0.003028379555562788,0.9791667568423474,-0.46230038962809517,False,True,False
2026-07-22,LNN,113.79000091552734,25,1,False,-0.0022517052001189697,-0.0445968095772179,0.16983658725805584,-0.2311486424626531,False,True,False
2026-07-22,ORIC,10.75,25,3,False,0.16636106430248443,0.008949146157796406,0.48686030036519923,-0.27997322302309,False,True,False
2026-07-22,PGX,10.760000228881836,25,1,False,-0.015211123664479964,-0.04045086077613802,0.000930253849473095,-0.09731542281774597,False,True,False
2026-07-22,PHG,26.270000457763672,25,2,False,-0.014177514384245749,-0.05905864706088926,0.06442464071827603,-0.21441382964706635,False,True,False
2026-07-22,PHYS,31.219999313354492,25,2,False,-0.033035400412046556,-0.0816188650397155,0.24879997253417963,-0.25790350511470483,True,True,False
2026-07-22,PJT,164.24000549316406,25,3,False,0.042079115922755594,0.019969997266474415,0.28583732229463377,-0.16041299666337805,False,False,False
2026-07-22,RCI,32.95000076293945,25,1,False,-0.0786412316352133,-0.10793569779514867,0.05003191982668298,-0.19907629431734353,False,False,False
2026-07-22,REXR,36.77000045776367,25,2,False,0.05346697630184427,-0.025166181167931456,0.14405728550220354,-0.17147364639923268,False,False,False
2026-07-22,SCHQ,30.31999969482422,25,1,False,-0.018655904868726814,-0.04352181744753825,0.006907551357541619,-0.08647180026019019,False,True,False
2026-07-22,SPLB,21.6200008392334,25,1,False,-0.025019356688160133,-0.0424497333336592,0.0004627593058486035,-0.08389828433185054,False,True,False
2026-07-22,UAE,18.81999969482422,25,3,False,-0.016611038264678912,-0.03387595805540422,0.08849038162414757,-0.15567523903894964,False,True,False
2026-07-22,VCLT,72.63999938964844,25,1,False,-0.024919333073814887,-0.04236645900841274,0.00041314941529702054,-0.08375377764741343,False,True,False
2026-07-22,XLC,109.19999694824219,25,2,False,-0.025342896577742136,-0.04719693530680702,0.03970292504437589,-0.09306093554797945,False,True,False
2026-07-22,ZBH,88.68000030517578,25,2,False,0.016103198833978594,-0.02820538137779327,0.12082908527207725,-0.18108782384856137,False,True,False
2026-07-22,EVTC,29.290000915527344,25,4,False,0.11735896285544634,0.035489129795713836,0.34296201892464184,-0.22328290568461728,False,True,False
2026-07-22,COST,927.3099975585938,25,3,False,-0.04691064327055605,-0.030927835439510387,0.09863042940169775,-0.1543000478261799,False,True,False
2026-07-22,DV,10.890000343322754,25,3,False,0.03817117457553132,0.028707489695455335,0.4253927400043478,-0.3525564482219473,False,True,False
2026-07-22,CIM,12.609999656677246,25,3,False,-0.04782762180515632,-0.032496929642924055,0.08054837825517969,-0.15255379303126848,False,True,False
2026-07-22,EEFT,78.12000274658203,25,2,False,0.0971756402764512,0.06446618947519234,0.24992004394531242,-0.27004293405905977,False,True,False
2026-07-22,TLT,83.44000244140625,25,1,False,-0.02023866317386791,-0.046211394099355596,0.008094790691234977,-0.09491267782058355,False,True,False
2026-07-22,WY,23.81999969482422,25,2,False,-0.006672239581975936,-0.012511519235459345,0.12570887838344813,-0.1416216326189471,False,True,False
2026-07-22,VGLT,53.41999816894531,25,1,False,-0.018909260533961136,-0.04308880162231721,0.007164352316342493,-0.08590007829790347,False,True,False
2026-07-22,WU,8.470000267028809,25,3,False,0.06860794050878027,-0.04207189617975848,0.22575983416279533,-0.18164251643959395,False,False,False
2026-07-22,CLBT,14.180000305175781,25,1,False,0.008090339620590248,-0.08137415735486786,0.2867513354036084,-0.2902902587560001,False,True,False
2026-07-22,PSLV,19.239999771118164,25,3,False,-0.1078963355922985,-0.15387288971586255,0.5616883317944497,-0.49541045811281437,True,True,False
2026-07-22,CNNE,14.8100004196167,25,3,False,0.039239934603912285,0.008865923554465027,0.4158700158322701,-0.32559193820329146,False,True,False
2026-07-22,WMT,109.33000183105469,25,3,False,-0.07712850153405137,-0.07104747261705924,0.14733970805576457,-0.1911068447114569,False,True,False
2026-07-22,DX,12.949999809265137,25,2,False,-0.006886624421454712,-0.03729641372590131,0.09467454714980361,-0.1326189186496023,False,False,False
2026-07-22,IYC,98.87999725341797,25,1,False,-0.02124208280021045,-0.030190355261046076,0.05202680605159782,-0.07898661800227258,False,True,False
2026-07-22,BKCH,71.93000030517578,24,1,False,-0.10135128319331799,-0.07110399624327546,0.41066871812934247,-0.4184655276464234,False,True,False
2026-07-22,EXE,93.16999816894531,24,1,False,0.022013251026560265,-0.09605277936746259,0.09631108430676161,-0.26418211392930113,False,False,False
2026-07-22,EZA,62.97999954223633,24,3,False,-0.04253993433607073,-0.08306168786880863,0.1891994076846848,-0.22969669891522815,True,True,False
2026-07-22,FICO,1221.469970703125,24,2,False,0.01808711945355501,-0.12363146683727322,0.40397231870031125,-0.38865673108093757,False,True,False
2026-07-22,FXY,56.22999954223633,24,1,False,-0.015615703273956782,-0.03769059975853073,0.0003558167245940602,-0.11112865896020607,False,False,False
2026-07-22,IEP,7.760000228881836,24,2,False,0.036989552886061317,-0.009003228414086184,0.09604524187901853,-0.204102540627504,False,True,False
2026-07-22,INDI,3.7899999618530273,24,2,False,-0.11166323761506536,-0.04962512857562118,0.6336207202193862,-0.3735537450631592,False,True,False
2026-07-22,LPLA,327.3800048828125,24,2,False,0.10756937312655568,-0.005282726936241544,0.25842787839187675,-0.18881011007667658,False,True,False
2026-07-22,MC,65.86000061035156,24,3,False,-0.01174916677517035,-9.94360710215858e-05,0.2898550497259149,-0.15797282228279408,False,True,False
2026-07-22,MSI,404.3299865722656,24,2,False,-0.008422061264595215,-0.030532401711705237,0.12513914474008248,-0.17855839752645297,False,True,False
2026-07-22,OMAB,105.3499984741211,24,3,False,-0.0031358547463843367,-0.0380282594826058,0.1009509435286089,-0.21957186319652344,False,True,False
2026-07-22,PHO,67.16000366210938,24,2,False,2.983004863166272e-05,-0.04237171896864267,0.05697202855559613,-0.10369673844148775,False,True,False
2026-07-22,PYPL,55.5099983215332,24,3,False,0.22487793929176148,0.05408821351385362,0.4433177234251182,-0.3017610274020981,False,False,False
2026-07-22,RIOX,39.459999084472656,24,1,False,-0.2102645777906922,-0.1711503388170177,2.044753006815166,-0.7433495994505843,False,True,False
2026-07-22,RYAAY,58.40999984741211,24,2,False,-0.036764874910328094,-0.07874368029810841,0.09917200824790107,-0.21322735010587535,False,False,False
2026-07-22,SNEX,74.0199966430664,24,4,False,-0.3640099662718723,-0.1330776615771353,0.382862013463092,-0.4786957266042925,False,False,False
2026-07-22,SPGI,429.05999755859375,24,2,False,0.05575007489479522,-0.01583936819620213,0.18842907318014945,-0.21679230986316267,False,True,False
2026-07-22,SUI,119.66000366210938,24,2,False,-0.020068667761806047,-0.050269569706152484,0.035748333129495435,-0.1319550354444442,False,False,False
2026-07-22,TARS,57.58000183105469,24,2,False,-0.0654083972293793,-0.16560063594896446,0.49519616568921854,-0.3245747585800036,False,False,False
2026-07-22,TPB,78.38999938964844,24,1,False,-0.0794347216237622,-0.18616343519661427,0.19133732148898885,-0.46637166339920133,False,True,False
2026-07-22,DUOT,8.199999809265137,24,4,False,-0.24391910178501364,-0.13174915039833524,0.4199133634375145,-0.46335078844463773,False,True,False
2026-07-22,DKS,210.1300048828125,24,1,False,-0.053243277159853664,-0.01919391389877101,0.12567636440771146,-0.1401505823540019,False,True,False
2026-07-22,CLM,7.440000057220459,24,1,False,-0.013000787377200118,-0.05282052599582765,0.07514450508575754,-0.12778425672600358,False,True,False
2026-07-22,COR,300.5799865722656,24,2,False,0.06907018263418108,-0.07369346452876158,0.22775907842451426,-0.2038460036838694,False,True,False
2026-07-22,XP,17.299999237060547,24,2,False,0.05136490031240348,-0.04497061303636429,0.16891885230452486,-0.2520536158771235,False,True,False
2026-07-22,KSA,37.1150016784668,24,1,False,-0.024154854700903283,-0.03563394795998809,0.03644234166796534,-0.10566261015742662,False,False,False
2026-07-22,MWA,24.889999389648438,24,2,False,-0.022503266601380023,-0.05357080714721818,0.09454703782631357,-0.1970967938823085,False,True,False
2026-07-22,HNRG,16.290000915527344,24,0,False,-0.07103259270668671,-0.12103323672768929,0.10967306382029962,-0.34048581326486027,False,True,False
2026-07-22,DSL,10.760000228881836,24,1,False,-0.012354726171835417,-0.04104947983464435,0.025738843055750804,-0.15074978973250297,False,False,False
2026-07-22,SCI,77.3499984741211,24,2,False,0.02110861126318553,-0.02683533490272194,0.13068256590319938,-0.1276643727143867,False,True,False
2026-07-22,TLTW,21.56999969482422,24,1,False,-0.021182764534860343,-0.051658675864317494,0.00046383251992332397,-0.10423589023398683,False,True,False
2026-07-22,PGR,204.5399932861328,24,1,False,-0.01921862734158164,-0.03445270866145045,0.08107820605349714,-0.1976621066071822,False,True,False
2026-07-22,GLTR,185.60000610351562,24,3,False,-0.06237430374126096,-0.10759703111344499,0.34512256740469094,-0.37178444161323365,True,True,False
2026-07-22,CHH,108.0,24,4,False,-0.01664241647375364,0.04227687348379039,0.285102318222914,-0.2085012648188901,False,True,False
2026-07-22,SHW,319.9100036621094,24,2,False,0.0018690264345944119,-0.03837785129111948,0.10367080600690737,-0.15735543578242162,False,True,False
2026-07-22,XDTE,38.68000030517578,24,1,False,-0.013929388474010818,-0.04162963866217295,0.07833848500043339,-0.13679984111245802,True,False,False
2026-07-22,APAM,38.97999954223633,24,2,False,0.06410857250168012,-0.02301358233418449,0.1478209833067674,-0.19562525219431692,False,False,False
2026-07-22,ITB,95.44000244140625,24,1,False,-0.0024687190973028406,-0.037928900144515665,0.12308776972552593,-0.1911864199880826,False,True,False
2026-07-22,COF,201.36000061035156,24,2,False,0.0385741487354192,-0.029692763024159574,0.15564734998961827,-0.2244646847559275,False,True,False
2026-07-22,AB,37.34000015258789,23,2,False,0.007691280076376206,-0.03767474219485811,0.06930132046211579,-0.1534799447763987,False,True,False
2026-07-22,ACDC,5.059999942779541,23,4,False,-0.1928022354176936,-0.05655101625829151,0.6428571649738948,-0.40047391062195503,False,True,False
2026-07-22,ADNT,20.649999618530273,23,2,False,-0.01356647306006109,-0.03314240387691125,0.16798638360232565,-0.24414349014643577,False,True,False
2026-07-22,AIOT,4.079999923706055,23,2,False,0.051925933923981704,-0.04442936894098792,0.46762588694070795,-0.3061224754595112,False,True,False
2026-07-22,AMRZ,49.560001373291016,23,3,False,-0.04783492810230294,-0.08082129914274683,0.12330014898243458,-0.24840765031318235,False,True,False
2026-07-22,ARCC,18.860000610351562,23,2,False,0.009495493762539553,-0.025403555464570182,0.08390810481779831,-0.18706896594248257,False,True,False
2026-07-22,BDN,3.069999933242798,23,0,False,-0.0153313439373447,-0.018181259375114833,0.24291493833308353,-0.33693307616397183,False,True,False
2026-07-22,BTU,23.8799991607666,23,3,False,-0.04181817512231767,-0.19702080331551164,0.6757894147906387,-0.4195430356089106,True,True,False
2026-07-22,EXP,203.3699951171875,23,1,False,-0.04331138559524028,-0.04835061616877001,0.18245240201048007,-0.1717101937511365,False,True,False
2026-07-22,FERG,229.6300048828125,23,2,False,-0.0026814458398467522,-0.044612336160847144,0.10590447677616566,-0.1546532451045376,False,True,False
2026-07-22,GT,7.449999809265137,23,2,False,0.18517337733929917,-0.010413925217072517,0.37200737473035206,-0.3605150168919057,False,True,False
2026-07-22,HYT,8.40999984741211,23,1,False,-0.01503796426623527,-0.05138965698863451,0.023114303432009153,-0.14878545040502678,False,False,False
2026-07-22,LBTYA,10.420000076293945,23,2,False,-0.09103596554133997,-0.09259532852004981,0.08203530139821735,-0.2292899612802598,False,True,False
2026-07-22,MARA,12.40999984741211,23,2,False,-0.0658637676016478,0.026400227868595083,0.8633633831439635,-0.47078893630464347,False,False,False
2026-07-22,META,627.1699829101562,23,2,False,0.03478848808835333,-0.01881405442296158,0.20549335166601357,-0.21234539037970956,False,False,False
2026-07-22,NTES,121.20999908447266,23,1,False,-0.018747504442900742,-0.053740684289864005,0.14284369106749373,-0.2403008663989038,False,False,False
2026-07-22,PCTY,120.77999877929688,23,1,False,0.0759489063876817,-0.03791333858759571,0.2988493553493756,-0.38932147070101086,False,True,False
2026-07-22,PD,8.819999694824219,23,1,False,-0.0075391319256705724,-0.13974722095239,0.5473684192914601,-0.51000001695421,False,True,False
2026-07-22,RDNT,59.220001220703125,23,1,False,0.019508758842913032,-0.11598084404748132,0.16666672929303572,-0.31011179232118824,False,True,False
2026-07-22,RYN,21.530000686645508,23,2,False,0.023532240867388143,-0.016544676317382656,0.10466910926034889,-0.21250912339122396,False,True,False
2026-07-22,SAIL,14.779999732971191,23,1,False,-0.01333798433814648,-0.10736126547693303,0.4349514038131972,-0.38416667779286706,False,True,False
2026-07-22,USA,5.739999771118164,23,1,False,-0.009114805471537535,-0.039933136962693405,0.06296290180483743,-0.1420030310877154,False,False,False
2026-07-22,USPH,74.37999725341797,23,2,False,0.12082212798333725,-0.029022319915349204,0.27822648236458014,-0.20449200798483458,False,True,False
2026-07-22,VLTO,91.1500015258789,23,2,False,0.044304175322354755,-0.03168096299152123,0.1389479309783357,-0.17219143564958084,False,True,False
2026-07-22,CRF,7.090000152587891,23,1,False,-0.012837270005541579,-0.05837663987006769,0.0807927156145345,-0.14060604211055872,False,False,False
2026-07-22,DEO,84.33000183105469,23,1,False,0.027948318793260762,-0.023176513210243055,0.16397522958212818,-0.27557770657038905,False,True,False
2026-07-22,MUX,17.989999771118164,23,3,False,-0.0858089599660542,-0.14556707631357546,0.8319755937059823,-0.3942761175425079,False,True,False
2026-07-22,MRSH,175.99000549316406,23,2,False,0.04685915848799027,-0.010526649476066186,0.12381863750906419,-0.17684750710429364,False,True,False
2026-07-22,RFIX,37.34000015258789,23,1,False,-0.029708481236818907,-0.05713629693921363,0.05749075900156697,-0.19264864534945103,False,True,False
2026-07-22,EPI,41.84000015258789,23,1,False,-0.011701787545653208,-0.05111375879482616,0.061659485272374415,-0.11355933312950561,False,True,False
2026-07-22,POET,7.650000095367432,23,4,False,-0.3395151153151734,-0.03691812464809374,0.9767442691441499,-0.6323882608508755,False,True,False
2026-07-22,ESTC,58.68000030517578,23,2,False,0.0005763434635501774,-0.09931965127665177,0.39548160213659345,-0.38919537325305964,False,True,False
2026-07-22,SDGR,15.029999732971191,23,2,False,0.010841480098953804,-0.025408768727423148,0.3732297991820619,-0.3671579059801604,False,True,False
2026-07-22,ICL,5.320000171661377,23,1,False,-0.057205616501498135,-0.04363845664291821,0.1176470411454349,-0.24858753827830538,True,True,False
2026-07-22,EL,82.62999725341797,23,0,False,-0.011240987967473859,-0.10748862452058183,0.2478102647268512,-0.32070044666203956,False,True,False
2026-07-22,EDIT,2.7799999713897705,23,3,False,-0.05477543585033573,0.03743923136385785,0.6746988116198036,-0.3872603346856506,False,True,False
2026-07-22,DHI,142.52000427246094,23,1,False,-0.04966897157248684,-0.05400630702670961,0.08174576297883074,-0.22774314865499834,False,False,False
2026-07-22,QDTE,29.610000610351562,23,1,False,-0.03931007436935596,-0.06200178759050623,0.10712281477723384,-0.19098355615265872,False,True,False
2026-07-22,EDV,61.02000045776367,23,1,False,-0.035973265826408474,-0.07196597351696343,0.008761758383047713,-0.14429950151624993,False,True,False
2026-07-22,ALB,117.44999694824219,22,3,False,-0.23822312682151492,-0.22561147806646653,0.8083141257394757,-0.46855205000795386,False,True,False
2026-07-22,AMZD,9.21500015258789,22,2,False,0.014914807672321118,-0.07031456837610661,0.12446619838288475,-0.21707733269376928,False,False,False
2026-07-22,BA,208.64999389648438,22,2,False,-0.05530958079957227,-0.04503685287436543,0.18034728094980323,-0.17967372168425355,False,True,False
2026-07-22,BBDC,8.34000015258789,22,1,False,-0.01444067479389688,-0.04372600774900204,0.04773870761555665,-0.15927418463249987,False,True,False
2026-07-22,BEKE,16.059999465942383,22,1,False,-0.019464217514630566,-0.046785304676337125,0.16292534235767486,-0.2345090649973154,False,True,False
2026-07-22,BF.B,26.40999984741211,22,2,False,0.007369317429817723,-0.029418795535795406,0.1680671886103704,-0.1726190543769438,False,True,False
2026-07-22,BULL,8.100000381469727,22,3,False,0.1839336371587632,0.0633270815612259,0.8000000847710504,-0.5578602338209566,False,True,False
2026-07-22,CAL,12.5600004196167,22,5,False,-0.010976868376270654,0.01683940804896511,0.42727274402113946,-0.22180911433787343,False,True,False
2026-07-22,CCL,26.100000381469727,22,2,False,-0.043563647548857665,-0.06799193999254083,0.1130063766444882,-0.23302964097229384,False,True,False
2026-07-22,FLIN,34.65999984741211,22,1,False,-0.006338676447475211,-0.0526463277346485,0.07639748528527956,-0.13023836450280946,False,False,False
2026-07-22,FUL,56.25,22,2,False,-0.06091293818461707,-0.06579462972749939,0.15479369856795744,-0.18038755280296048,False,True,False
2026-07-22,GBDC,12.850000381469727,22,1,False,-0.005741142676589761,-0.027796666015380556,0.09175869853035312,-0.1736334261187903,False,True,False
2026-07-22,GO,9.369999885559082,22,2,False,0.033167192748747354,-0.044384622737611235,0.6569406786771164,-0.5172591468717418,False,True,False
2026-07-22,GOVZ,34.59000015258789,22,1,False,-0.03237717296692055,-0.07288779423005143,0.01735294566434975,-0.15675280920087864,False,True,False
2026-07-22,HHH,66.47000122070312,22,0,False,-0.01583952961310986,-0.1024014328120848,0.08949357563320626,-0.2701218684150186,False,True,False
2026-07-22,HTGC,15.930000305175781,22,2,False,0.017280378427792176,-0.0399450159234912,0.16277376109177188,-0.19013725249678914,False,False,False
2026-07-22,HTHT,40.4900016784668,22,3,False,-0.0714920839415425,-0.13610271790058737,0.33146997308888504,-0.28513414345363186,False,True,False
2026-07-22,INDA,48.220001220703125,22,1,False,-0.007373655831841797,-0.05688698230024658,0.06657823926531004,-0.13117114917652029,False,True,False
2026-07-22,IP,38.09000015258789,22,2,False,0.08500590024214905,-0.018150928366104657,0.30177716523016884,-0.32139676772204806,False,True,False
2026-07-22,NCLH,19.329999923706055,22,2,False,0.031494465653339354,-0.05353200233402611,0.3303510171333863,-0.2888153161637339,False,True,False
2026-07-22,NTGR,24.6200008392334,22,1,False,0.020205235372759978,-0.010217400052280223,0.29578951785438945,-0.33206726989800295,False,True,False
2026-07-22,RCKT,3.299999952316284,22,4,False,0.00683425079628508,-0.07963270585087501,0.30434782198971333,-0.3944954004023631,False,True,False
2026-07-22,STRF,98.0199966430664,22,2,False,0.02134059283507095,-0.0339271573516452,0.18812117143110796,-0.19345019643195693,False,True,False
2026-07-22,U,29.270000457763672,22,2,False,0.026664535701962144,-0.0742995442775144,0.74433845411332,-0.43873442758695347,False,True,False
2026-07-22,USAS,4.179999828338623,22,3,False,-0.20161971625648178,-0.27132637421056816,0.9218390436685286,-0.6019047782534644,False,True,False
2026-07-22,VSTM,5.889999866485596,22,2,False,0.3174965003970043,-0.09991826538496962,0.7172010938338353,-0.4764444563123915,False,False,False
2026-07-22,WPM,111.36000061035156,22,2,False,-0.07004088587125612,-0.10273722513037264,0.2319947047494353,-0.32818530223974474,True,True,False
2026-07-22,CHYM,21.81999969482422,22,4,False,0.15145117123082952,0.03230688279524263,0.3740553864972329,-0.43573827959611355,False,False,False
2026-07-22,MSDL,15.270000457763672,22,1,False,-0.0020911955113951386,-0.034784391992970454,0.11786241788696494,-0.23420260537694382,False,True,False
2026-07-22,WTW,286.510009765625,22,2,False,0.07555262634380955,-0.043432298217008336,0.19076517617239364,-0.18787379793625092,False,True,False
2026-07-22,RGLD,201.25999450683594,22,3,False,-0.04587990009539655,-0.12184175644343942,0.33505800667884533,-0.3428245077327806,False,True,False
2026-07-22,TFPM,29.219999313354492,22,2,False,-0.025662253410956293,-0.110885289534567,0.2929203017763069,-0.29928060482618657,False,True,False
2026-07-22,HAYW,14.220000267028809,22,2,False,-0.03994164303302539,-0.0730812034515198,0.09976797613350796,-0.19796950737906194,False,False,False
2026-07-22,ZROZ,59.900001525878906,22,1,False,-0.03797043485813567,-0.07797426046253253,0.011482612143852045,-0.1589441098118597,False,False,False
2026-07-22,SBGI,13.84000015258789,22,1,False,-0.014553834373191799,-0.05053955084301598,0.16400334339436973,-0.22595073813222133,False,False,False
2026-07-22,TRU,75.4000015258789,22,2,False,0.05688689081420706,-0.012995324353214932,0.1898375066555542,-0.2413723514547894,False,True,False
2026-07-22,TMUS,190.94000244140625,22,1,False,0.029538170138658115,-0.04922904809885753,0.15260170361253622,-0.26999539599463196,False,True,False
2026-07-22,TSL,14.390000343322754,22,0,False,-0.10669831670117769,-0.14582042172829135,0.2513043776802395,-0.3247301405933475,False,True,False
2026-07-22,KGC,24.239999771118164,22,3,False,-0.07785716915278951,-0.16239630317600284,0.577098240182351,-0.3802096805720232,True,True,False
2026-07-22,ABT,100.56999969482422,21,1,False,0.11074050600107688,-0.08020137565932905,0.22691226298802714,-0.26852865170752716,False,False,False
2026-07-22,ADTN,10.449999809265137,21,4,False,-0.28231966864824154,-0.09458746847948085,0.4697608457146123,-0.47697697454023635,False,True,False
2026-07-22,AXON,491.489990234375,21,2,False,0.036591670308564694,-0.05793458105338056,0.4497801719016121,-0.4452207877511908,False,True,False
2026-07-22,BN,41.810001373291016,21,1,False,-0.05842661037780639,-0.06598945346321927,0.10229372625620003,-0.15654626526744664,False,True,False
2026-07-22,BWIN,25.200000762939453,21,3,False,0.12180489089841529,0.0869964067336777,0.58690179983205,-0.3945945762657188,False,True,False
2026-07-22,BWXT,175.1699981689453,21,2,False,-0.09342153370003081,-0.11645766771367172,0.286312289544558,-0.27561825794634454,False,True,False
2026-07-22,CE,48.36000061035156,21,3,False,-0.050804330555775046,-0.032828034023795194,0.37660117107836255,-0.3159829887156178,False,True,False
2026-07-22,FEPI,41.31999969482422,21,1,False,-0.052344009545278625,-0.06497348716400253,0.09023741507266347,-0.16827698387676138,False,True,False
2026-07-22,FOXF,18.610000610351562,21,3,False,0.0597286367857397,0.029127778915152946,0.42278292957960906,-0.40314302667718827,False,True,False
2026-07-22,FRPT,57.709999084472656,21,3,False,0.08600331824492602,-0.053501920813792014,0.2424111547166452,-0.32895349901775983,False,True,False
2026-07-22,GFL,39.099998474121094,21,2,False,0.05848463133308557,-0.058856413217015846,0.17311720150253063,-0.24092409729751907,False,True,False
2026-07-22,GME,21.600000381469727,21,2,False,-0.014526597306614208,-0.05040125721656208,0.08379327901265765,-0.23131672283842253,False,True,False
2026-07-22,GOOY,12.640000343322754,21,1,False,-0.08747001467591009,-0.10846060533416935,0.042044536197050286,-0.20802003050682227,False,True,False
2026-07-22,HSY,172.3300018310547,21,1,False,-0.05061128121297631,-0.10456244649927104,0.06752158613526804,-0.2803991777788496,True,True,False
2026-07-22,IDXX,545.0,21,0,False,-0.016482309969501174,-0.1251881419654718,0.051007642136116305,-0.29218938956281204,False,True,False
2026-07-22,IGV,89.0199966430664,21,1,False,-0.04120805709619768,-0.068425550490958,0.20411194745841477,-0.2455292969337256,True,True,False
2026-07-22,LADR,9.75,21,1,False,-0.03014025590376579,-0.06789099570804424,0.014568194414604108,-0.18204698510107908,False,False,False
2026-07-22,LBTYK,10.15999984741211,21,2,False,-0.08440425027320186,-0.10117529892330035,0.023162088133718006,-0.22560976097301533,False,True,False
2026-07-22,MAIN,53.63999938964844,21,2,False,0.03671003996964539,-0.05265919407864128,0.0958120235671136,-0.2084993057892326,False,True,False
2026-07-22,MANH,149.11000061035156,21,1,False,0.031250829897707444,-0.047991478993116954,0.25239378185749684,-0.3968530059295844,False,False,False
2026-07-22,MORT,9.770000457763672,21,1,False,-0.027802613540590326,-0.06489723650284407,0.0072165618427819656,-0.1459789496394086,False,False,False
2026-07-22,MQ,17.15999984741211,21,1,False,0.06841331280232654,-0.012305893637514442,0.1594594342069442,-0.3906250021166422,False,True,False
2026-07-22,NOG,22.049999237060547,21,2,False,0.05178298120325775,-0.06796267460979233,0.2834690829672215,-0.2925890541196864,False,True,False
2026-07-22,ORC,6.690000057220459,21,1,False,-0.013827046153113587,-0.0717873220691364,0.0420560712956215,-0.20357138559120658,False,True,False
2026-07-22,REMX,70.95999908447266,21,3,False,-0.21401133788008553,-0.17188711431467762,0.4643004627544318,-0.3638727284341884,False,True,False
2026-07-22,YUMC,43.41999816894531,21,2,False,0.0006360143785824057,-0.08463252939998622,0.08144449610938898,-0.256379540626559,False,True,False
2026-07-22,CSL,327.7799987792969,21,2,False,-0.054231782146522356,-0.05164071166790585,0.1170637186412975,-0.2480730668869936,False,False,False
2026-07-22,WGO,31.1299991607666,21,2,False,0.05453212227353932,-0.129435346390663,0.16156716593179188,-0.3793859797554867,False,True,False
2026-07-22,SNY,43.790000915527344,21,2,False,0.009456037964014286,-0.062208192305497456,0.0709220241909092,-0.16875473307039823,False,True,False
2026-07-22,MDT,81.88999938964844,21,2,False,0.02819273971501768,-0.0954809445159821,0.11703726799604697,-0.22985048453435009,False,True,False
2026-07-22,NXST,181.88999938964844,21,2,False,0.008866757735035202,-0.09265029139892467,0.17751018289802611,-0.2847424411842092,False,True,False
2026-07-22,EPAC,34.619998931884766,21,1,False,-0.0019833856787137005,-0.08465128071919881,0.07017003291606327,-0.23066669040256071,False,False,False
2026-07-22,SE,104.87999725341797,21,2,False,0.10906195986870904,-0.07595570884236391,0.3611939402905091,-0.4737581753765411,False,False,False
2026-07-22,ETD,22.850000381469727,21,1,False,0.08053153707121252,-0.007449540876063532,0.24999997391481732,-0.2725246579919244,False,True,False
2026-07-22,AVY,157.67999267578125,21,2,False,-0.010687484329630625,-0.08445963231867337,0.0345098712112939,-0.20978250986671076,False,True,False
2026-07-22,TTEK,30.979999542236328,21,1,False,0.07675622988917308,-0.05218056565587914,0.2003099644816353,-0.28187297217092533,False,True,False
2026-07-22,MRP,28.610000610351562,21,2,False,0.005270580653395918,-0.046913106848396446,0.08783275438410976,-0.20527776082356775,False,True,False
2026-07-22,LHX,285.1600036621094,21,3,False,-0.04874750780777759,-0.09848403296295327,0.09584198879567918,-0.2480552820161961,False,True,False
2026-07-22,TAL,10.329999923706055,21,2,False,0.03904724703123508,-0.058731345616974795,0.1632882647047611,-0.22737471861436043,False,True,False
2026-07-22,AEVA,16.75,20,4,False,-0.25568456939732087,0.012086121302607777,0.8969422587457767,-0.4648562169877858,False,True,False
2026-07-22,ALLE,139.9499969482422,20,2,False,0.04799272077348382,-0.08335600799917087,0.1195999755859376,-0.23570533295967588,False,False,False
2026-07-22,APPN,22.639999389648438,20,0,False,-0.019140646566909614,-0.19543918725655163,0.21524425171884065,-0.5084565379254254,False,True,False
2026-07-22,BIDU,107.5199966430664,20,1,False,-0.1134798825112796,-0.15025417257527507,0.27032133055776253,-0.34954631180859475,False,True,False
2026-07-22,BZ,15.399999618530273,20,1,False,0.10470285592225159,-0.10373537836263347,0.22513921976237805,-0.39034047984994924,False,True,False
2026-07-22,CCJ,90.37000274658203,20,3,False,-0.12214745894872292,-0.13565035214909904,0.31046989481370435,-0.33178054513499755,False,False,False
2026-07-22,FOXA,56.45000076293945,20,0,False,-0.051611159322384914,-0.10509255743057189,0.16776997486040335,-0.261028914596523,True,True,False
2026-07-22,LYFT,14.65999984741211,20,1,False,0.01984027116121312,-0.11931985517937982,0.1765649921773449,-0.42599846037987454,False,True,False
2026-07-22,NRG,139.97999572753906,20,1,False,0.03572118326663243,-0.09221851424679794,0.16543164612618466,-0.263108071277403,False,True,False
2026-07-22,ORLY,86.52999877929688,20,1,False,-0.022979691394396373,-0.07533415114090203,0.04770556503340906,-0.2041023012532922,False,True,False
2026-07-22,PTY,11.699999809265137,20,1,False,-0.015118375775152959,-0.07691217107752368,0.010362684486156404,-0.20353981324212855,False,False,False
2026-07-22,ROAD,104.23999786376953,20,1,False,-0.07631727020358114,-0.09962592786172908,0.1182149377683015,-0.3096688883194071,False,False,False
2026-07-22,SNN,29.940000534057617,20,1,False,-0.009186680918137458,-0.08918058187831068,0.04831936603363296,-0.228151589909531,False,False,False
2026-07-22,SPDN,8.699999809265137,20,1,False,-0.003664702168198586,-0.06416143657589113,0.013986000772276075,-0.15942033926478805,False,True,False
2026-07-22,SUZ,8.449999809265137,20,2,False,0.03207365838765597,-0.08078238940438898,0.11846459315186086,-0.267446907581806,False,True,False
2026-07-22,TREX,42.790000915527344,20,2,False,-0.021038840428107886,0.04417300281424241,0.43735304862476765,-0.37787144991332355,False,False,False
2026-07-22,VNM,16.479999542236328,20,3,False,-0.09799459972629654,-0.10036304663455631,0.049013335596412855,-0.16977333876423217,False,False,False
2026-07-22,DC,4.78000020980835,20,2,False,-0.03853886214960833,-0.09741494448166865,0.32962452622183225,-0.3406896262333311,True,True,False
2026-07-22,EDU,48.68000030517578,20,1,False,0.02042955598586893,-0.0959318724163678,0.16963002293309537,-0.25073111604523757,False,False,False
2026-07-22,WEN,7.400000095367432,20,0,False,-0.008707289227899762,-0.052890908878349574,0.21911036014716112,-0.38333332538604736,False,True,False
2026-07-22,DOG,21.75,20,1,False,-0.01701135607222115,-0.06470319037377803,0.024011310469754577,-0.1653875500486901,False,True,False
2026-07-22,FCN,156.50999450683594,20,3,False,0.01687181510752378,-0.055671718039307816,0.13701417687337258,-0.17321715803647686,False,True,False
2026-07-22,OCSL,11.850000381469727,20,1,False,-0.006389258105190532,-0.04751184503461625,0.11476954411048701,-0.1827585943813982,False,True,False
2026-07-22,WH,75.68000030517578,20,3,False,-0.06303004130284129,-0.03997401457902072,0.09348361951004103,-0.18347087124502237,False,True,False
2026-07-22,CVSA,112.08000183105469,20,0,False,-0.09951310467519858,-0.020633268799693183,0.2887202513270075,-0.2827338680973043,False,False,False
2026-07-22,TM,179.94000244140625,20,2,False,0.004514022744871449,-0.11761242963462915,0.08332327410792129,-0.2770590323266865,False,True,False
2026-07-22,SH,33.09000015258789,20,1,False,-0.005452127569619991,-0.06866779936200929,0.011926586561136876,-0.16963609988399875,False,True,False
2026-07-22,VIPS,14.680000305175781,20,1,False,0.05243539271509956,-0.11661785622912424,0.16047436741989096,-0.303605296095518,False,True,False
2026-07-22,HD,331.45001220703125,20,2,False,0.01453813049869912,-0.0553051530017763,0.1464891221356519,-0.22331573003624783,False,True,False
2026-07-22,LIF,52.029998779296875,20,2,False,0.08318879170483728,-0.1208067238873608,0.4058362912441613,-0.5376755077658951,False,True,False
2026-07-22,STRA,73.94000244140625,20,2,False,-0.06198221545356364,-0.07654414296378187,0.06083221920816739,-0.1538108861806584,False,False,False
2026-07-22,ONT,19.8799991607666,20,2,False,0.10992000619511355,-0.12960675975129554,0.40693552722969617,-0.3787500262260437,False,True,False
2026-07-22,NMAX,8.010000228881836,20,2,False,-0.004053382662989269,0.01793138110822934,0.5675146809385612,-0.4974905621240159,False,True,False
2026-07-22,MLM,550.6599731445312,20,1,False,-0.04439226441588551,-0.10352743847113599,0.04811749215190919,-0.2254806871801528,False,True,False
2026-07-22,ELF,79.02999877929688,20,2,False,0.24403403060734052,-0.005653062989444013,0.6188037540621993,-0.4765878806271393,False,True,False
2026-07-22,SATL,3.755000114440918,20,4,False,-0.43807612659943984,-0.14283102919283963,1.992031975066166,-0.6870833237965901,True,True,False
2026-07-22,QDEL,16.68000030517578,20,2,False,0.15656637750325064,-0.21533021124171592,0.6814516307350003,-0.5311973174038103,False,True,False
2026-07-22,STE,210.57000732421875,20,1,False,-0.004776399928151376,-0.10428559163190076,0.07907147680040838,-0.2184901817984123,False,True,False
2026-07-22,TEL,200.27999877929688,20,1,False,-0.026268586592756327,-0.0905131964755791,0.13018447712537884,-0.20700031392409224,False,False,False
2026-07-22,CGNT,8.319999694824219,20,4,False,-0.10524167626367309,-0.05562400505426335,0.32273445870946493,-0.3241267740685194,True,True,False
2026-07-22,ALG,163.75,19,2,False,0.03987928814183639,-0.05778252910442139,0.1234221060039924,-0.29808390967220455,False,True,False
2026-07-22,ALMU,16.010000228881836,19,4,False,-0.267722610794912,-0.10306991213265948,0.5634766197981675,-0.4963825175273274,False,True,False
2026-07-22,APO,119.04000091552734,19,1,False,-0.06185573275874867,-0.06259375274347512,0.1956609465108623,-0.22414125921862427,False,False,False
2026-07-22,ARDX,5.079999923706055,19,1,False,-0.11232265662267482,-0.15774815146968113,0.24662580649841903,-0.3952380768566166,False,True,False
2026-07-22,AZTA,27.15999984741211,19,2,False,0.18621266942188863,-0.035199587624217266,0.7049591542435574,-0.34914928959147085,False,True,False
2026-07-22,BAM,46.40999984741211,19,0,False,-0.016520592325085737,-0.06612390318055139,0.09976300967676588,-0.2759750241468557,False,True,False
2026-07-22,BBUC,30.809999465942383,19,1,False,-0.03604885206175534,-0.0912751040771026,0.0890773583903246,-0.19450981788385924,False,True,False
2026-07-22,BRZE,22.5,19,1,False,-0.017458665928143713,-0.0842090151468633,0.4744429660895666,-0.39721916568838844,False,True,False
2026-07-22,CAG,14.829999923706055,19,1,False,0.08480973101461964,-0.08840560750050552,0.18355947643659465,-0.2701771581481146,False,True,False
2026-07-22,CBRE,137.08999633789062,19,2,False,0.018237485611194426,-0.0754927972406626,0.12655101970188132,-0.21334714536668942,False,True,False
2026-07-22,CEG,274.8999938964844,19,1,False,0.03896709621902783,-0.11783881866242163,0.2023793379061869,-0.3338987502656515,False,True,False
2026-07-22,FOX,50.630001068115234,19,0,False,-0.053752733879670056,-0.10707906584811921,0.14859344294414312,-0.257352419483173,True,True,False
2026-07-22,FXI,34.43000030517578,19,1,False,-0.001872755509987667,-0.08068380788040774,0.10387943942419242,-0.18023808797200525,False,True,False
2026-07-22,GENI,6.369999885559082,19,2,False,0.0710922607132245,-0.1648475669362105,0.665359426444067,-0.536052432779503,False,True,False
2026-07-22,GIL,53.2599983215332,19,1,False,-0.03835393007800614,-0.11046905485098957,0.15782605046811304,-0.277340562728429,True,True,False
2026-07-22,HIMS,31.68000030517578,19,3,False,0.05020985419133006,0.012551429763407063,1.3056769165140718,-0.5501916772979529,False,True,False
2026-07-22,HLMN,8.0,19,1,False,0.03593396048940578,-0.07075341431751991,0.1494252810564518,-0.26267283698322497,False,True,False
2026-07-22,LPX,72.62000274658203,19,0,False,-0.021457294295440077,-0.09560020148161064,0.09830610601927137,-0.2939918110473573,False,False,False
2026-07-22,LZ,7.079999923706055,19,2,False,0.10038698891610509,-0.09665361283865548,0.35632187897963785,-0.4290322466521801,False,True,False
2026-07-22,MELI,1799.2099609375,19,1,False,0.06478357638557464,-0.055191658002606725,0.20348492370401328,-0.29401217934569357,False,True,False
2026-07-22,NSSC,35.56999969482422,19,0,False,-0.03330834400942162,-0.130363571100217,0.2152374150506553,-0.26080630747364375,False,True,False
2026-07-22,PDI,16.229999542236328,19,1,False,-0.022901342936309632,-0.08163701018668734,0.008074481843877823,-0.19533963902599827,False,True,False
2026-07-22,ROCK,44.459999084472656,19,2,False,0.10246527035215491,-0.06993384291010918,0.3247913368637847,-0.40783167287986066,False,True,False
2026-07-22,RUM,6.150000095367432,19,1,False,-0.14856500672639372,-0.058639834702349236,0.33116888478519924,-0.41650852773948155,True,True,False
2026-07-22,TDG,1194.699951171875,19,0,False,-0.046488038490489214,-0.06790485212564479,0.06326925423154672,-0.2642702847565649,False,True,False
2026-07-22,DUST,59.869998931884766,19,2,False,0.03696850742351998,-0.0991933223038376,0.7303468662481083,-0.7609025543481639,False,True,False
2026-07-22,CLFD,30.639999389648438,19,3,False,-0.22336004881636717,-0.07321848332247005,0.28956225145164405,-0.41892661377502893,False,True,False
2026-07-22,PEP,135.64999389648438,19,2,False,-0.050823824004079254,-0.09498070118160251,0.012691280231227342,-0.20894566552231675,False,True,False
2026-07-22,MCHI,53.56999969482422,19,1,False,-0.012523645495537639,-0.09365687310565984,0.07397751699463662,-0.20483898603459605,False,True,False
2026-07-22,SONY,20.920000076293945,19,0,False,-0.015862852261534388,-0.1150348854338139,0.08281575604260305,-0.31048121387337746,False,True,False
2026-07-22,WMG,27.3799991607666,19,1,False,-0.08257805546211305,-0.06938331718678836,0.1730933582590728,-0.226990384636096,True,True,False
2026-07-22,HWKN,143.1699981689453,19,3,False,-0.058245766955899,-0.04162701950440251,0.21351071448779813,-0.23088905257466563,False,True,False
2026-07-22,VICI,26.579999923706055,19,1,False,-0.029948253929480306,-0.07008312987342058,0.029633909503088196,-0.21846512097952364,False,True,False
2026-07-22,LSPD,9.760000228881836,19,1,False,0.010623995419740462,-0.060191986179813695,0.24648790855444647,-0.31938632321977467,False,True,False
2026-07-22,SPT,7.610000133514404,19,2,False,0.03371459971990931,-0.08529804641665617,0.5467479706314835,-0.6099436163896677,False,True,False
2026-07-22,SHMD,4.380000114440918,19,3,False,-0.25305681901125576,-0.26705292037245365,1.190000057220459,-0.5887323688894771,False,True,False
2026-07-22,EBS,7.579999923706055,19,1,False,-0.0765557328715718,-0.21734237958174973,0.34875446228803453,-0.46088195608228155,False,True,False
2026-07-22,CME,249.24000549316406,19,2,False,-0.03281909325707222,-0.10591227875116116,0.1416793013625901,-0.24279984591015225,False,True,False
2026-07-22,T,23.040000915527344,19,2,False,0.003073694972548946,-0.08849037327769815,0.15837112229969663,-0.2265860957554291,False,False,False
2026-07-22,AIPI,35.150001525878906,18,1,False,-0.05410055700283789,-0.08614074462215571,0.09127607963278472,-0.22027506437089828,False,True,False
2026-07-22,AMT,166.05999755859375,18,0,False,-0.062208471514488384,-0.0748403918289362,0.037485943343236405,-0.2913412868134644,False,True,False
2026-07-22,AQST,3.940000057220459,18,1,False,-0.061569590088232706,-0.1768687449661137,0.3447098865021807,-0.4781457009689204,False,True,False
2026-07-22,BCE,21.479999542236328,18,2,False,-0.07608136928020315,-0.10487134458536895,0.029228494416550177,-0.1900452801105399,False,True,False
2026-07-22,BIZD,12.460000038146973,18,0,False,-0.005475468045437859,-0.07099852290390807,0.04093565248013076,-0.2574493725698498,False,True,False
2026-07-22,CACI,467.42999267578125,18,0,False,-0.0482948331960068,-0.15510303831905414,0.07529325868332837,-0.316122907570181,False,True,False
2026-07-22,CDW,129.8300018310547,18,2,False,0.024904649643260557,-0.02568650333468292,0.33679981630379263,-0.29309594227216207,False,True,False
2026-07-22,FSUN,33.91999816894531,18,2,False,-0.06302747699412481,-0.08099421512436444,0.1325541671076813,-0.19886636639815725,False,True,False
2026-07-22,GIS,36.90999984741211,18,1,False,0.060900447710715344,-0.10908141235652524,0.1625196802334523,-0.28579722079228487,False,True,False
2026-07-22,GPOR,159.1199951171875,18,0,False,-0.04530485521645711,-0.164099595140891,0.06663093530919562,-0.2952431748716168,False,True,False
2026-07-22,IAUI,49.415000915527344,18,2,False,-0.04582214668529694,-0.11698393080469127,0.03249060353834299,-0.23470650225992895,True,True,False
2026-07-22,LAND,8.680000305175781,18,1,False,-0.034772605245523835,-0.10759491867842697,0.032718688987676714,-0.3323076688326322,True,True,False
2026-07-22,PIPR,76.26000213623047,18,1,False,-0.014333885732167984,-0.06908338923348611,0.11008406077128097,-0.1978120214825254,False,True,False
2026-07-22,PPLT,14.880000114440918,18,2,False,-0.07248226195505691,-0.14366192716348458,0.27049182463661925,-0.4312361539156382,True,True,False
2026-07-22,PRDO,29.40999984741211,18,3,False,-0.1244209488929644,-0.108040528366951,0.10315078828730528,-0.23610390006721793,False,False,False
2026-07-22,RWT,5.079999923706055,18,1,False,-0.004077804665202134,-0.08006013593467609,0.21241046642753503,-0.2711621123927792,False,True,False
2026-07-22,SGRY,15.149999618530273,18,2,False,0.016601110756116144,-0.030314691633447022,0.32778263112478734,-0.3713693203847842,False,True,False
2026-07-22,STWD,16.479999542236328,18,1,False,-0.022816779091000217,-0.07448230068600048,0.011663512340744031,-0.2092130795790873,False,True,False
2026-07-22,SVC,8.539999961853027,18,2,False,0.0078123087017847315,-0.08586842700791808,0.5115043925141125,-0.44545453419510816,True,False,False
2026-07-22,UFPI,86.69999694824219,18,2,False,0.029835496134545725,-0.06402928644907346,0.11310819909654013,-0.26525426315048994,False,True,False
2026-07-22,VNDA,5.349999904632568,18,2,False,-0.11803496239856792,-0.18084871690262216,0.292270550040894,-0.4617706106154318,False,True,False
2026-07-22,VNET,7.820000171661377,18,1,False,-0.1257685675434258,-0.1762698112022757,0.10140848967603877,-0.45994472245310336,False,True,False
2026-07-22,VRSK,192.27999877929688,18,1,False,0.06719059280135231,-0.04166834647852635,0.23303832095004107,-0.3656847039816111,False,True,False
2026-07-22,YMM,9.09000015258789,18,1,False,0.06208961116367284,-0.08219826773935379,0.219315928318486,-0.35394453804204895,False,True,False
2026-07-22,DFIN,48.04999923706055,18,3,False,0.15663287356462385,0.023869677746121365,0.33065628426730553,-0.2695348110559185,False,True,False
2026-07-22,DNUT,3.1700000762939453,18,1,False,-0.08913278648707557,-0.1294317767977189,0.10069442719773081,-0.44677136723526234,False,True,False
2026-07-22,DHR,179.13999938964844,18,1,False,-0.02351543466346695,-0.12243982964846079,0.11315483466499687,-0.2621911155764646,False,False,False
2026-07-22,JKHY,146.15499877929688,18,2,False,0.05827595100827665,-0.0820616138829211,0.207493371396263,-0.24424737969609767,False,True,False
2026-07-22,BXSL,23.239999771118164,18,0,False,-0.01746910305594218,-0.07362564568886543,0.03426793419197138,-0.291679402670288,False,True,False
2026-07-22,BXC,57.90999984741211,18,1,False,0.06416602546742478,-0.04939423912310603,0.29321128687001274,-0.3410332082690207,False,False,False
2026-07-22,QGEN,40.56999969482422,18,1,False,0.08146290973538783,-0.0635232316780322,0.24715650836864644,-0.29833967642763826,False,False,False
2026-07-22,CRH,100.05999755859375,18,1,False,-0.05510890919347988,-0.1270711119801694,0.06924551828111492,-0.23937669906989245,False,True,False
2026-07-22,XYL,116.13999938964844,18,2,False,0.023335639288506904,-0.10193856346750518,0.10304870718755033,-0.24716408781236532,False,True,False
2026-07-22,NOC,525.280029296875,18,1,False,-0.021692273385916505,-0.1378324345166494,0.09657225448661344,-0.32134363139938626,False,False,False
2026-07-22,CTMX,3.3299999237060547,18,3,False,-0.04145079942662322,-0.2053027717327478,0.9360464350670477,-0.59439708791309,False,True,False
2026-07-22,CSR,55.9900016784668,18,2,False,-0.0674643207890363,-0.10323809791360428,0.06122068725721164,-0.19566152582189988,True,True,False
2026-07-22,NXRT,26.059999465942383,18,0,False,-0.07564398170238318,-0.0989527156743778,0.09541817835464839,-0.25712662184433865,False,True,False
2026-07-22,PAC,217.5399932861328,18,1,False,-0.09105194110244474,-0.11482299930887852,0.05137494290214484,-0.27585636085936016,False,False,False
2026-07-22,SHLD,60.72999954223633,18,2,False,-0.03188267671035694,-0.11110331056120593,0.049058562489736834,-0.22630040296517362,False,True,False
2026-07-22,ADT,6.900000095367432,17,2,False,0.020891300734900975,-0.08019621161299939,0.1057692866118487,-0.2277560412623424,False,True,False
2026-07-22,AMRC,23.389999389648438,17,1,False,-0.17987379090096656,-0.24091715108523104,0.5070875450875327,-0.4794124364394008,True,True,False
2026-07-22,AOS,59.349998474121094,17,1,False,0.008811564485366796,-0.10325218574255779,0.09582715364348315,-0.27507027625452374,False,True,False
2026-07-22,ASO,48.86000061035156,17,2,False,-0.017439135958642105,-0.07344370008278256,0.18333735836701037,-0.21755143167369817,False,True,False
2026-07-22,AWI,157.27999877929688,17,2,False,0.004485952018915329,-0.11254982600734487,0.04657971823835516,-0.2368012549406141,False,False,False
2026-07-22,BKNG,177.86000061035156,17,2,False,0.04451859864486751,-0.04468739054483417,0.1846276897122081,-0.23270061143770637,False,True,False
2026-07-22,CAE,24.280000686645508,17,1,False,-0.04164953429155105,-0.12769964028245984,0.06678385072399218,-0.2908878651745229,False,True,False
2026-07-22,CDRE,29.899999618530273,17,1,False,0.014240047866931116,-0.18435935056583208,0.1620676311885978,-0.38679243954514353,False,True,False
2026-07-22,EXPO,60.720001220703125,17,1,False,0.030983869256828056,-0.09555169481368131,0.1697168445229773,-0.25906036019680956,False,True,False
2026-07-22,FDS,245.2100067138672,17,2,False,0.030607663302987698,-0.01227772034929353,0.3254594957506334,-0.42573768919469046,False,True,False
2026-07-22,FIZZ,31.1200008392334,17,0,False,-0.0919436029351336,-0.09506075544536474,0.0369876908325808,-0.3496342354939854,False,False,False
2026-07-22,FSV,141.6300048828125,17,1,False,0.020371438212661852,-0.05890636361254864,0.18608157222386779,-0.3244777143519222,False,True,False
2026-07-22,GSBD,8.65999984741211,17,0,False,-0.04351669416160764,-0.07916914266680275,0.03650512530059857,-0.2795341499493331,False,True,False
2026-07-22,JACK,14.239999771118164,17,2,False,0.07111156419556175,-0.10757932286732241,0.5964125167400847,-0.43804263277938926,False,True,False
2026-07-22,JANX,15.619999885559082,17,1,False,0.06009704968406915,-0.08982978621738058,0.2887788806145313,-0.5580079281800667,False,True,False
2026-07-22,KBR,35.619998931884766,17,1,False,0.03945975707603666,-0.09273374565637871,0.1897127019542295,-0.3180164801058387,False,True,False
2026-07-22,LAZ,43.58000183105469,17,0,False,-0.018295969353290698,-0.08729062167644586,0.1269719134885412,-0.2582127347905585,False,True,False
2026-07-22,MCD,263.57000732421875,17,1,False,-0.04518150212489869,-0.12576615747730835,0.006568650680203403,-0.22876369473527802,False,True,False
2026-07-22,NVR,6349.27978515625,17,1,False,0.006914911147853475,-0.09206890195580386,0.1542026020080831,-0.2632776396556239,False,False,False
2026-07-22,PINS,22.540000915527344,17,2,False,0.07007219790824593,-0.027888857459338334,0.6286127649581472,-0.4355121276418904,False,True,False
2026-07-22,TAP,41.040000915527344,17,1,False,0.017413058075232746,-0.08239545488102429,0.07886435141423576,-0.25136809295892615,False,True,False
2026-07-22,VEEV,184.5500030517578,17,1,False,0.06737629655770205,-0.11005062870323112,0.24653832656281494,-0.40563606102493455,False,True,False
2026-07-22,VZLA,3.4200000762939453,17,0,False,-0.004888245460263119,-0.1795216097724105,0.18749997930394358,-0.5243393533968811,True,True,False
2026-07-22,WPP,18.299999237060547,17,1,False,0.016836098688221668,-0.04900487078292093,0.2356515002404147,-0.3840457825316905,False,True,False
2026-07-22,YEXT,4.960000038146973,17,2,False,0.15236281835478915,-0.17843388412701477,0.5191423824755266,-0.46086954989370155,False,True,False
2026-07-22,CRVL,59.0,17,1,False,-0.028739439435948033,-0.059863586532798996,0.3160829263925984,-0.3977748365330013,False,True,False
2026-07-22,DGP,137.05799865722656,17,3,False,-0.08438872269233322,-0.19867910253244747,0.41603468706279667,-0.4577329429981145,True,True,False
2026-07-22,WEBL,22.81999969482422,17,1,False,-0.07851594313682009,-0.08092826830869693,0.5315436428900506,-0.35244044812948316,False,True,False
2026-07-22,ONON,36.650001525878906,17,0,False,-0.022703115544481345,-0.10185213168495078,0.16682590588737378,-0.30560813994836644,False,True,False
2026-07-22,PSN,57.58000183105469,17,1,False,0.0517202612059946,-0.10871975255943789,0.22824233189313858,-0.35664802423402586,False,True,False
2026-07-22,SYK,309.239990234375,17,1,False,-0.010335757408338253,-0.10179448059086149,0.10049818588745563,-0.23619928874979457,False,True,False
2026-07-22,DIS,95.87000274658203,17,1,False,-0.04390819669241364,-0.08888219022736543,0.039917563810834,-0.22309561133614253,False,True,False
2026-07-22,CWK,12.489999771118164,17,0,False,-0.05274017000274989,-0.13614531681498754,0.09369524410471453,-0.2821839054630303,False,True,False
2026-07-22,PAYC,139.3000030517578,17,2,False,0.020052508927158597,-0.04999882027262359,0.3279313729789832,-0.44044987041827965,False,True,False
2026-07-22,CLX,95.76000213623047,17,1,False,0.012296420765914862,-0.0885156202639964,0.13057857835280373,-0.2747102702295394,False,True,False
2026-07-22,UNG,10.600000381469727,17,0,False,-0.06287570391677177,-0.1325127390137758,0.0653266919260973,-0.37756899858600845,False,False,False
2026-07-22,KT,18.0,17,1,False,-0.016576155331828324,-0.09268705686496748,0.050788142548540804,-0.2676973126171578,False,True,False
2026-07-22,WSO,362.0,17,1,False,-0.06705695648922938,-0.05206431967144354,0.12056961361655572,-0.26859821753272894,False,False,False
2026-07-22,HMY,15.880000114440918,17,0,False,-0.01821374185000446,-0.12289664573361192,0.26232116142673934,-0.3906369746785924,False,True,False
2026-07-22,APP,412.4800109863281,16,0,False,-0.17793594851922767,-0.21824725856458427,0.2025656296977496,-0.446788509958273,False,False,False
2026-07-22,ARKF,40.779998779296875,16,1,False,0.0039067879873366795,-0.08711475708748428,0.13840657633303022,-0.31114867814619895,False,True,False
2026-07-22,ASR,273.5299987792969,16,1,False,-0.07430909450048839,-0.140066677030508,0.010977237017678165,-0.28305198507044715,False,True,False
2026-07-22,BTG,3.950000047683716,16,1,False,-0.07632586911388672,-0.15636145011816027,0.19335350935587647,-0.372019066512037,True,True,False
2026-07-22,GGG,73.87999725341797,16,2,False,-0.015571271839086798,-0.10476213467786266,0.018893877766181566,-0.2279235513798129,False,True,False
2026-07-22,GSHD,51.400001525878906,16,2,False,0.18308060298450735,-0.08126428863320623,0.5261282975101398,-0.5057692160973182,False,True,False
2026-07-22,IHI,49.40999984741211,16,1,False,-0.010140993859592329,-0.12736328219284454,0.043065251457166775,-0.236439490859641,False,True,False
2026-07-22,NVDY,12.789999961853027,16,0,False,-0.02684359273390491,-0.09526908600414752,0.0725366672773915,-0.2906267623535729,False,True,False
2026-07-22,PGY,16.860000610351562,16,2,False,0.08097715090865965,-0.08370557681545898,0.6211539643050694,-0.6252500559825245,False,True,False
2026-07-22,POST,91.01000213623047,16,1,False,-0.009565868663003574,-0.08903592916090364,0.08487308139688232,-0.22399383455402777,False,True,False
2026-07-22,QTWO,52.86000061035156,16,1,False,0.10406538069994498,-0.07559210570810182,0.2959058451560266,-0.4295273200818237,False,True,False
2026-07-22,RWM,13.640000343322754,16,0,False,-0.014436599673817163,-0.11346824086028606,0.03333337427389793,-0.2892131337299837,True,False,False
2026-07-22,SFIX,3.75,16,1,False,0.011545103297833759,-0.07899180362028435,0.27118642013054517,-0.3686868747683547,False,True,False
2026-07-22,TOST,29.209999084472656,16,2,False,0.11541337239164462,-0.044967634544214485,0.31221917269225163,-0.4118002582717516,False,True,False
2026-07-22,TTAN,69.9000015258789,16,1,False,0.004869109022954676,-0.1208777178447733,0.2903822021162874,-0.41745143119979244,False,True,False
2026-07-22,UGL,46.130001068115234,16,3,False,-0.0812879672314134,-0.20663787731296013,0.37537268362921683,-0.48971238617833934,True,True,False
2026-07-22,USLM,107.23999786376953,16,2,False,0.006969136662074993,-0.09738125628160599,0.13158174171588355,-0.24179867072474504,False,True,False
2026-07-22,CPB,21.8799991607666,16,1,False,0.013751408312465685,-0.1369228133493492,0.11860939458939002,-0.35967221734732835,False,True,False
2026-07-22,INGR,102.44999694824219,16,2,False,0.01982915165660737,-0.0697328397085768,0.08481569567732272,-0.24491448644860214,False,True,False
2026-07-22,BXMT,16.700000762939453,16,2,False,-0.05941984279476875,-0.11309613323691292,0.004813472904117155,-0.1920657619110323,False,False,False
2026-07-22,ULTA,483.5199890136719,16,2,False,0.009664379655013988,-0.13175314320063802,0.08999094310391142,-0.3237198640130824,False,True,False
2026-07-22,ROOT,58.68000030517578,16,2,False,0.03272041589480956,-0.07635351467778029,0.43436813796242957,-0.5469775275366191,False,True,False
2026-07-22,OBDC,10.8100004196167,16,0,False,-0.01873566449966768,-0.08451893406154598,0.02756653509829543,-0.2798134407209142,False,True,False
2026-07-22,GLXY,24.790000915527344,16,1,False,-0.12954623713013502,-0.09060141215926576,0.5088253472349598,-0.46014804215971683,False,True,False
2026-07-22,PALL,23.520000457763672,16,2,False,-0.008426667080431494,-0.14421191898377328,0.1941511717179385,-0.404285462111046,False,True,False
2026-07-22,SHOP,118.41999816894531,16,1,False,0.04784033014851441,-0.11962329914812453,0.25978721456324805,-0.350019229474295,False,True,False
2026-07-22,INTA,26.06999969482422,16,2,False,0.07664985869314633,-0.16242579473739016,0.37138344981270155,-0.45608179576812946,False,True,False
2026-07-22,SBAC,178.02000427246094,16,1,False,-0.08431105411895656,-0.0858702489226254,0.09611477284877012,-0.26788944895792066,False,True,False
2026-07-22,SSNC,67.0199966430664,16,1,False,0.0038794650281466225,-0.11735659120293995,0.09153086282609912,-0.2640826082392602,False,True,False
2026-07-22,WINA,351.9700012207031,16,0,False,-0.08867672142675109,-0.15544496218948423,0.04077712710267445,-0.33259380609529854,False,False,False
2026-07-22,TMF,32.060001373291016,16,0,False,-0.06656336204655078,-0.14731317475976335,0.015199539288935915,-0.2753164521488757,False,True,False
2026-07-22,DXYZ,25.290000915527344,16,2,False,-0.3164901564748708,-0.17539686729196113,0.2830399445880931,-0.6529435987057984,True,True,False
2026-07-22,ICE,142.52999877929688,16,2,False,0.0111995908801521,-0.08075171343457566,0.17029310869415815,-0.24726699664653162,False,True,False
2026-07-22,SMCI,30.559999465942383,16,1,False,-0.06932551638935969,-0.09313875887753498,0.5687885104762203,-0.5099422840469068,True,True,False
2026-07-22,TW,98.8499984741211,16,1,False,-0.02485751804789249,-0.0956727590856804,0.08127324933265756,-0.3297851054815871,False,True,False
2026-07-22,WYNN,94.37000274658203,16,0,False,-0.05667541675467869,-0.14867664430309446,0.013097168016301008,-0.2995100809717057,False,True,False
2026-07-22,CLF,9.449999809265137,16,0,False,-0.15997014711828528,-0.18027100484075387,0.22250967476683248,-0.43413177379988377,True,True,False
2026-07-22,PSQ,26.18000030517578,16,2,False,0.013534452991818435,-0.10276862485255289,0.04887825582742411,-0.22750071476329514,False,True,False
2026-07-22,CXM,5.559999942779541,16,1,False,0.03735213021533679,-0.1198214415329717,0.17921522011571112,-0.40851062038140074,False,True,False
2026-07-22,ALC,67.3499984741211,15,1,False,0.010296450656051004,-0.10262160486666361,0.0891889620975721,-0.2722852916984112,False,True,False
2026-07-22,AMPH,19.299999237060547,15,1,False,0.004977984864143137,-0.16624009950863716,0.15915913989457464,-0.3825975977047872,False,True,False
2026-07-22,ARE,49.63999938964844,15,0,False,-0.008496898445414347,-0.056996269829982626,0.2595787764994901,-0.4374433296532283,False,True,False
2026-07-22,ARES,119.56999969482422,15,0,False,-0.03209460339526227,-0.11461635067179454,0.24812104264990675,-0.38763698116032597,False,True,False
2026-07-22,ARLO,12.930000305175781,15,0,False,-0.005537586710611109,-0.08460498778956349,0.17013575402625314,-0.3515546660547336,False,True,False
2026-07-22,BEPC,32.75,15,1,False,-0.11226403747142932,-0.17226179671146669,0.016765008720154295,-0.27512174017740787,False,False,False
2026-07-22,BNTX,91.83000183105469,15,1,False,0.006216137381336528,-0.06931111538053925,0.15480389471396716,-0.25943546910439763,False,True,False
2026-07-22,BOOT,149.3800048828125,15,0,False,-0.07221768273090601,-0.14794219687046584,0.12163998421646727,-0.28951246191290125,False,True,False
2026-07-22,BTDR,12.260000228881836,15,1,False,-0.19957169034603628,-0.09801207740271511,0.7727010446774223,-0.5589927854192935,False,True,False
2026-07-22,BX,122.81999969482422,15,1,False,0.023228835934361536,-0.07749680842848716,0.20731343401113933,-0.3538849909991686,False,True,False
2026-07-22,CCI,77.5,15,0,False,-0.09154634005925077,-0.1172110226989782,0.05084745762711873,-0.3305114152572729,False,True,False
2026-07-22,FND,54.20000076293945,15,1,False,0.038218717253159395,-0.09295001475647469,0.2711069779259283,-0.41345163704408994,False,True,False
2026-07-22,FUN,17.280000686645508,15,1,False,-0.16549149170317423,-0.0631734054119697,0.3812949936444583,-0.48417908398073106,False,True,False
2026-07-22,GPI,327.92999267578125,15,1,False,0.043875001998987306,-0.08353850674526175,0.1749551612483844,-0.32854894072345386,False,True,False
2026-07-22,IBP,225.08999633789062,15,2,False,0.044581610526408744,-0.14673285215644094,0.19139366465843666,-0.35504299043584353,False,True,False
2026-07-22,IBTA,27.290000915527344,15,4,False,-0.15473673045717073,-0.03258164950985076,0.4287958309154445,-0.3366552911910349,False,True,False
2026-07-22,IDR,29.809999465942383,15,3,False,-0.15100735399306509,-0.2166271734708901,0.859638065441688,-0.4550274396679833,False,True,False
2026-07-22,MBLY,8.779999732971191,15,1,False,-0.07297916670004179,-0.12931378723654907,0.35703246022997415,-0.4871495734480149,False,True,False
2026-07-22,MKC,52.02000045776367,15,1,False,0.062170251339862315,-0.12030452212119869,0.16064258839722623,-0.295503750843635,False,True,False
2026-07-22,NVOX,15.979999542236328,15,2,False,0.05249289141414204,-0.12174400862150536,0.7313109788480605,-0.704511852788806,False,True,False
2026-07-22,PKX,51.810001373291016,15,2,False,-0.16835475878632955,-0.13600750275067708,0.15158922961517507,-0.43928570868280403,True,True,False
2026-07-22,RDW,8.989999771118164,15,4,False,-0.36184109744231485,-0.10753731254192922,0.8459958896048518,-0.6625375383975636,True,True,False
2026-07-22,RDY,11.380000114440918,15,0,False,-0.1572118294980337,-0.17354771008295566,0.00176060372958875,-0.2737715342033131,False,True,False
2026-07-22,SGI,70.13999938964844,15,0,False,-0.01584968663491193,-0.1428602929793209,0.1614505729183906,-0.2883522612919067,False,True,False
2026-07-22,DASH,177.72999572753906,15,1,False,0.04342667139105982,-0.0844533195062046,0.2402651217205185,-0.37747812354627297,False,True,False
2026-07-22,BBWI,20.059999465942383,15,2,False,0.020283579626926063,-0.039587135932173,0.40476189363125203,-0.40421738767885573,False,True,False
2026-07-22,BDC,105.54000091552734,15,1,False,-0.03938572424506137,-0.11067480106120342,0.07693878485231975,-0.34033378778753287,False,True,False
2026-07-22,SPPP,13.34000015258789,15,2,False,-0.040481039725557943,-0.1468133317795679,0.15298189321089373,-0.4397311864005158,False,True,False
2026-07-22,GDS,32.70000076293945,15,1,False,-0.050263402472942365,-0.14187528341837463,0.21245834614269676,-0.327298902440747,False,True,False
2026-07-22,PATH,10.699999809265137,15,0,False,-0.03382517085711778,-0.17230391004367573,0.16304348164109528,-0.4606854976324458,False,False,False
2026-07-22,SLVM,37.900001525878906,15,0,False,-0.023090089442899586,-0.1357243112631924,0.0667042732341161,-0.3327464430466026,False,True,False
2026-07-22,DRD,21.690000534057617,15,2,False,-0.08751291553828067,-0.250753892688087,0.6369811723817069,-0.44907286963395276,True,False,False
2026-07-22,CHDN,82.13999938964844,15,0,False,-0.052549269016941014,-0.13907583980524763,0.02367898275751079,-0.30660138422696415,False,True,False
2026-07-22,OPEN,4.380000114440918,15,1,False,-0.05225574143868983,-0.23636837292880764,1.5764705832854276,-0.5970561029848953,False,False,False
2026-07-22,IGLD,21.15999984741211,15,1,False,-0.05155915164790448,-0.15216207176114638,0.03980341281368971,-0.30440500347329313,True,True,False
2026-07-22,VYX,7.789999961853027,15,1,False,0.0434805893998047,-0.11861875756738716,0.29401993131802295,-0.4689843271070384,False,True,False
2026-07-22,VISN,12.079999923706055,15,1,False,-0.012975132299285708,-0.2550969339346727,0.6593406010388108,-0.41216543201030464,False,True,False
2026-07-22,ESRT,5.429999828338623,15,0,False,-0.008472747818573101,-0.11577921618658604,0.11498972401212959,-0.32713754229492575,False,True,False
2026-07-22,MSFT,390.3399963378906,15,0,False,-0.024935418498023165,-0.107862502526889,0.11781209247629865,-0.2972545003880559,False,True,False
2026-07-22,HCA,371.8699951171875,15,0,False,-0.0487647936567146,-0.18855356776524235,0.12687877308238638,-0.3317940378310037,False,False,False
2026-07-22,AEM,147.0500030517578,14,1,False,-0.10341815135368082,-0.20053495401178278,0.2021746518854839,-0.42387556853544983,False,True,False
2026-07-22,AGI,30.540000915527344,14,1,False,-0.1255096664074712,-0.217340473377986,0.2767558870450919,-0.4488359321489207,True,True,False
2026-07-22,ALIT,19.329999923706055,14,2,False,0.21106181950870995,-0.3193494241439151,1.0177453108191865,-0.8333620696232237,False,True,False
2026-07-22,AMR,146.27000427246094,14,1,False,-0.17113200039390886,-0.21256385549051615,0.2944820630741163,-0.4237254745421942,False,True,False
2026-07-22,AMSF,31.149999618530273,14,0,False,-0.032716856869051125,-0.13084847041656134,0.0588035192980958,-0.3491433509970978,False,True,False
2026-07-22,APPF,162.2100067138672,14,0,False,-0.009595664729142306,-0.1633522049380135,0.13783676691771163,-0.5024843501943479,False,True,False
2026-07-22,APTV,58.220001220703125,14,0,False,-0.052470520297726475,-0.1880191504280928,0.1265480045841323,-0.3453277744190597,True,True,False
2026-07-22,ARHS,7.440000057220459,14,2,False,0.046148660543184006,-0.14772238339540567,0.335727078622569,-0.42681045303499143,False,True,False
2026-07-22,ARVN,8.260000228881836,14,2,False,-0.0031378025539228194,-0.22738388794872233,0.36303635426986824,-0.43073741567277946,True,True,False
2026-07-22,ATAT,31.459999084472656,14,0,False,-0.06451461913287249,-0.15344772056582157,0.02225830948605223,-0.27130385102137455,False,True,False
2026-07-22,BTAL,11.880000114440918,14,1,False,0.016496690517886936,-0.1253644244247497,0.09392269705427903,-0.31566822023283714,False,True,False
2026-07-22,CERT,6.889999866485596,14,2,False,0.18181815891691167,-0.11140345715094602,0.5483146431018375,-0.503602319187508,False,True,False
2026-07-22,CGBD,10.319999694824219,14,0,False,-0.04144454481351978,-0.11802035724618154,0.006829238519435954,-0.27932961489138497,False,False,False
2026-07-22,GFI,33.599998474121094,14,2,False,-0.08623647743972096,-0.23103333358993083,0.40821448510541414,-0.45489943532082944,False,True,False
2026-07-22,GILT,11.319999694824219,14,3,False,-0.19894704810318975,-0.2465539352589846,0.5678670393041294,-0.45914956857287315,True,True,False
2026-07-22,GLDI,143.0500030517578,14,1,False,-0.05677717610691535,-0.14647709647809037,0.033598333528478186,-0.2209029868948601,True,False,False
2026-07-22,GPK,11.109999656677246,14,1,False,0.054379771152412104,-0.13651062785004897,0.26393625766696105,-0.5324074263613721,False,True,False
2026-07-22,GRRR,12.680000305175781,14,1,False,-0.22420858982879543,-0.103184980661026,0.40265490693394024,-0.4601958097604446,False,False,False
2026-07-22,HII,277.2799987792969,14,2,False,-0.06500269296474803,-0.20044926461984558,0.10509742430476754,-0.3972173939580502,False,True,False
2026-07-22,IONS,54.0099983215332,14,3,False,-0.2529427413404248,-0.28644612896455335,0.3492380706608127,-0.3773345670775874,False,False,False
2026-07-22,JBGS,14.359999656677246,14,0,False,-0.01916590682761543,-0.12379989727489804,0.04741062120508399,-0.4090534935171337,False,True,False
2026-07-22,JDST,38.2599983215332,14,2,False,0.005534871170969291,-0.1925919677130009,0.6780701579736461,-0.8240110423381575,False,True,False
2026-07-22,KR,57.540000915527344,14,1,False,-0.06479776782438662,-0.12154950306851364,0.06260386508074833,-0.24862889083669693,False,True,False
2026-07-22,LEGN,23.530000686645508,14,1,False,-0.18828478467386767,-0.057130150836986915,0.44889168831714876,-0.4805395450710217,False,True,False
2026-07-22,RITM,9.130000114440918,14,0,False,-0.011733623345681177,-0.11028385711338284,0.08303674779648063,-0.2833594757875262,False,False,False
2026-07-22,RYAN,39.290000915527344,14,2,False,0.0946363343784018,-0.09942121522653102,0.34187158449922306,-0.40712233430242495,False,True,False
2026-07-22,SRPT,15.819999694824219,14,1,False,-0.08592957259980571,-0.1957806567360343,0.518234124663354,-0.3751974768760341,False,True,False
2026-07-22,STZ,132.0800018310547,14,1,False,-0.055874111333086285,-0.09343992155376935,0.044523566774912204,-0.2585606697900902,False,True,False
2026-07-22,TGLS,45.220001220703125,14,1,False,0.04108153420843075,-0.06370605698229004,0.20522389842738287,-0.45727314706756816,False,True,False
2026-07-22,THO,77.5999984741211,14,1,False,0.024914926521057312,-0.16361827297263498,0.11318318022192986,-0.3682325383267905,False,True,False
2026-07-22,UBER,70.33000183105469,14,0,False,-0.031643331927128426,-0.1157201794618109,0.046733134031163415,-0.3104225580532304,False,True,False
2026-07-22,CLB,11.960000038146973,14,1,False,-0.03965054912918875,-0.22196706919741116,0.2304526450185873,-0.4125736896065616,True,True,False
2026-07-22,NIO,4.670000076293945,14,0,False,-0.1172022587831949,-0.16737239628728895,0.0686499310277402,-0.4177057593839407,True,True,False
2026-07-22,WLDN,74.5199966430664,14,0,False,-0.13468777853484182,-0.21393196815349302,0.1523117172261046,-0.45605841866374885,False,True,False
2026-07-22,WLK,77.05999755859375,14,2,False,-0.06771359247196407,-0.11965890438863591,0.36800985360718785,-0.3796989819183416,True,True,False
2026-07-22,LVS,45.25,14,0,False,-0.06966894763946563,-0.1910354185013018,0.023292599522015456,-0.3577004689830715,False,False,False
2026-07-22,DOCU,47.88999938964844,14,1,False,0.004364326193541546,-0.13354946052233818,0.19248006901410508,-0.4473168084671574,False,True,False
2026-07-22,ZSL,29.639999389648438,14,2,False,0.16343879393611704,-0.41458906971055554,1.0583333454750203,-0.8822407638100075,False,True,False
2026-07-22,JJSF,77.37000274658203,14,1,False,0.028766124182624697,-0.0822335887236787,0.12342093307701885,-0.40134633659796315,False,True,False
2026-07-22,ALOY,8.1899995803833,13,4,False,-0.32674052093301054,-0.24594249109319444,0.4521276195502224,-0.6955390447388128,False,True,False
2026-07-22,BABA,116.55999755859375,13,0,False,-0.00448734450642041,-0.18601420881401964,0.26709425226001837,-0.395027774607718,False,True,False
2026-07-22,BMI,126.66999816894531,13,0,False,-0.0464439886642799,-0.18340745792255264,0.13007406822553436,-0.44603342893265485,False,False,False
2026-07-22,BRO,65.38999938964844,13,1,False,0.06456758156004572,-0.08902709800403608,0.215201593027746,-0.37275779961967925,False,True,False
2026-07-22,CCB,77.55000305175781,13,1,False,0.052987514464467145,-0.143657135381568,0.16616545942492955,-0.3540191496844589,False,True,False
2026-07-22,CCC,5.730000019073486,13,2,False,0.1451754848047142,-0.11591809876213155,0.4044117956425497,-0.4542857124691918,False,False,False
2026-07-22,FWRG,12.34000015258789,13,1,False,0.052505895985461626,-0.13199297659104714,0.23771312157300195,-0.3681515761017917,False,True,False
2026-07-22,GAP,19.649999618530273,13,1,False,-0.05890805908861607,-0.1886619279495556,0.08503583414008586,-0.33072209775083583,False,True,False
2026-07-22,GEHC,61.40999984741211,13,0,False,-0.033517632470082104,-0.16330105884085588,0.04527659314744015,-0.31591843440093015,False,False,False
2026-07-22,GOF,10.539999961853027,13,0,False,-0.038356270327084996,-0.12105873797338007,0.003809520176478731,-0.30657894117680273,False,False,False
2026-07-22,KKR,95.52999877929688,13,0,False,-0.00039972649258990245,-0.1156030043398718,0.15555825444765015,-0.37915121979082955,False,True,False
2026-07-22,LOW,204.35000610351562,13,1,False,-0.05388784923535417,-0.14951810320716952,0.012234996834564749,-0.30270249161979756,False,True,False
2026-07-22,LRN,84.22000122070312,13,1,False,-0.06228008499754556,-0.03702457261424641,0.38953968606822986,-0.5079745158519092,True,True,False
2026-07-22,MAT,14.399999618530273,13,1,False,0.00858697377066453,-0.1594995723536634,0.13118618510182367,-0.359430608907488,False,False,False
2026-07-22,MOS,22.780000686645508,13,1,False,0.030424232128164475,-0.10471808458051068,0.15050512951572026,-0.3930188801601583,False,True,False
2026-07-22,RUN,10.949999809265137,13,0,False,-0.1833477653116382,-0.3209955127218147,0.21531626316329855,-0.5120321056745916,False,True,False
2026-07-22,SFM,73.94000244140625,13,0,False,-0.10800883092853375,-0.09194847397143835,0.14193053963561786,-0.558171498388413,False,True,False
2026-07-22,SG,6.300000190734863,13,3,False,-0.2350098132779017,-0.08747226794155416,0.40311815409423657,-0.6227544968311745,False,False,False
2026-07-22,SKYQ,4.130000114440918,13,4,False,0.5515816763117467,0.17725702456154857,2.7545454772050713,-0.7876606708257652,False,True,False
2026-07-22,SPIR,11.430000305175781,13,4,False,-0.35460919257819157,-0.12905325048704297,0.7318182530810364,-0.559197833758055,False,True,False
2026-07-22,TLK,14.869999885559082,13,0,False,-0.029879967643960947,-0.20894788412395682,0.12396072562868254,-0.36777212601411013,False,True,False
2026-07-22,TREE,41.38999938964844,13,1,False,0.04151463109034248,-0.13413575265546596,0.2676875177736844,-0.464899803411163,False,True,False
2026-07-22,TSLZ,12.75,13,2,False,0.09081576228345711,-0.034394491326854015,0.30970728809987813,-0.633620681622838,False,True,False
2026-07-22,YMAG,11.479999542236328,13,0,False,-0.05034498994479708,-0.14028745566296996,0.04649036123912986,-0.2829481962450846,False,True,False
2026-07-22,ZLAB,20.5,13,2,False,0.0932633606525417,0.0038697961828675354,0.2844611498121363,-0.5024271936800467,False,True,False
2026-07-22,EQX,9.350000381469727,13,2,False,-0.14778420525944613,-0.2968047572880771,0.555740436836772,-0.506856496152105,True,True,False
2026-07-22,CVNA,62.75,13,1,False,-0.07181695931713483,-0.13576611577199704,0.1521371766912083,-0.35560392427517495,False,True,False
2026-07-22,DXD,17.329999923706055,13,0,False,-0.033646719404490155,-0.13191574980973908,0.047129953027360116,-0.3128469311841149,False,True,False
2026-07-22,GDDY,89.4000015258789,13,1,False,0.04055126050410607,-0.12313050786213442,0.2487778474513196,-0.47847390922400124,False,True,False
2026-07-22,TEAM,85.4000015258789,13,1,False,-0.04202201031556385,-0.2294166004433501,0.5247278001264755,-0.5854368857967043,False,True,False
2026-07-22,SSYS,8.210000038146973,13,0,False,-0.06186438444370257,-0.12492471780339542,0.11852859229878132,-0.3590944754713261,True,True,False
2026-07-22,PATK,86.41999816894531,13,1,False,-0.023491810884341713,-0.18656793966310936,0.06310735878510831,-0.41804715037747264,False,False,False
2026-07-22,PAHC,33.810001373291016,13,3,False,0.034027205793432325,-0.20793096666233413,0.3217357886681569,-0.4372503271826633,False,True,False
2026-07-22,TMQ,3.180000066757202,13,2,False,-0.1587301495594433,-0.27591505530114924,1.2237763520272122,-0.7183348027013395,True,True,False
2026-07-22,URNM,51.08000183105469,13,1,False,-0.08841708540284665,-0.17254626082254054,0.1851508965069939,-0.3987050775036943,True,True,False
2026-07-22,SDS,57.0,13,0,False,-0.009832191038936733,-0.13954990869827077,0.02517988425000639,-0.3185893728601328,False,True,False
2026-07-22,SHEN,11.760000228881836,13,2,False,-0.20276589680342372,-0.12630986894276064,0.2161323822231953,-0.32219020343988947,False,False,False
2026-07-22,CHA,11.0,13,0,False,-0.02028892796573223,-0.10004990629528965,0.22494438315534948,-0.5744680913859783,True,True,False
2026-07-22,SPOT,474.1600036621094,13,0,False,-0.004257983337117133,-0.10549451595861492,0.1707654411410109,-0.36635037899627143,False,True,False
2026-07-22,ACI,14.600000381469727,12,0,False,-0.035067984758450854,-0.13500701360610812,0.10900117157423206,-0.3017694649444643,False,True,False
2026-07-22,ALKT,16.479999542236328,12,0,False,-0.020283959570790322,-0.12785777317337643,0.17882690142063362,-0.42236245546427964,False,True,False
2026-07-22,ARQQ,18.079999923706055,12,1,False,-0.013461236306216984,-0.20980143762835557,0.5694443754575897,-0.7083870980047411,False,True,False
2026-07-22,AVS,7.429999828338623,12,0,False,-0.019732035478522647,-0.16922488809950886,0.1887999725341798,-0.4297336965722989,False,False,False
2026-07-22,AZO,2972.449951171875,12,0,False,-0.05029348443867376,-0.15542636861236825,0.015142819813234398,-0.3226126866046153,False,True,False
2026-07-22,BKE,43.2400016784668,12,0,False,-0.036344310011347525,-0.16182785712262981,0.06162539073018247,-0.2990759824762611,True,True,False
2026-07-22,FAZ,34.4900016784668,12,0,False,-0.1455891718458031,-0.19488964555919286,0.05120390840773892,-0.3881496836616385,False,True,False
2026-07-22,GGLS,59.62009811401367,12,1,False,0.0625161250691324,-0.10139910862796675,0.17709963115305372,-0.48823950116726467,False,True,False
2026-07-22,IDCC,259.0799865722656,12,0,False,-0.0367584908291374,-0.20425555986076105,0.215995445137541,-0.372079537712692,False,True,False
2026-07-22,JBS,12.25,12,1,False,-0.0177053536507229,-0.1511388568167924,0.06614449469287287,-0.3431635254389689,True,True,False
2026-07-22,KNSL,325.6400146484375,12,1,False,0.022780500296312622,-0.112891848450414,0.1338440139539283,-0.36492704492052197,False,True,False
2026-07-22,MFIC,9.489999771118164,12,0,False,-0.07573339566873738,-0.1513525802711232,0.005296630609896047,-0.288605722446176,False,True,False
2026-07-22,NRDS,9.050000190734863,12,1,False,0.04421472487997469,-0.18594791645313058,0.2346521534694881,-0.44273397054908037,False,True,False
2026-07-22,OTEX,22.209999084472656,12,0,False,-0.023504520043758137,-0.19825575792906924,0.12285127975085275,-0.44335844022293125,True,True,False
2026-07-22,OTIS,70.41000366210938,12,0,False,-0.022295105767435208,-0.15165297048947535,0.01807403027488319,-0.3038706213953287,False,False,False
2026-07-22,TPG,41.790000915527344,12,0,False,-0.0055350955370853105,-0.16759121585087122,0.13098782280519927,-0.40622332272827943,False,True,False
2026-07-22,UHS,149.33999633789062,12,0,False,-0.019251177869079594,-0.2270448589272004,0.0661050427312535,-0.3937401241107634,False,True,False
2026-07-22,WB,7.849999904632568,12,1,False,0.009984035378544087,-0.17150396805727908,0.10719319262176219,-0.3942901325982584,False,True,False
2026-07-22,YELP,24.809999465942383,12,1,False,0.03570055060785826,-0.07962830905317764,0.26581627464652025,-0.2989545099229558,False,True,False
2026-07-22,EVLV,5.360000133514404,12,0,False,-0.10517527271335936,-0.1588594178948678,0.10174725296697607,-0.39842870647509554,False,True,False
2026-07-22,DPZ,319.8299865722656,12,1,False,0.03297252713626064,-0.14711150831053965,0.13414888855413332,-0.34283309076703417,False,False,False
2026-07-22,CRSP,47.2400016784668,12,0,False,-0.10280853561123482,-0.13933708429503022,0.07071629243234767,-0.39806320517577787,False,False,False
2026-07-22,OCUL,8.585000038146973,12,1,False,-0.0629672848270908,-0.15941908220118695,0.37800963272287724,-0.47779806817146875,False,True,False
2026-07-22,NB,4.480000019073486,12,1,False,-0.1256318685601716,-0.2434732687824569,0.6969696367629874,-0.6438791696149961,True,True,False
2026-07-22,TSDD,8.4399995803833,12,1,False,0.09262730181726031,-0.047186341375683116,0.28462699541285574,-0.6512396977561856,False,True,False
2026-07-22,TDS,33.810001373291016,12,1,False,-0.11624936895424243,-0.17834781849881487,0.013185569538206598,-0.3116856248271562,False,True,False
2026-07-22,MLCO,5.46999979019165,12,1,False,0.0011346992845298054,-0.16835178870980394,0.07889538559901044,-0.4610837442589274,True,False,False
2026-07-22,DNA,7.829999923706055,12,1,False,-0.10469264776374287,-0.13908741589421525,0.4581005755255909,-0.5546075109393171,False,True,False
2026-07-22,DFH,15.270000457763672,12,1,False,0.006127720347025134,-0.12503614298012866,0.25163940135204443,-0.5151611350731639,False,True,False
2026-07-22,TSLQ,20.040000915527344,12,2,False,0.09698825702741942,-0.045207292109838426,0.3563452746485283,-0.6546018483726884,False,True,False
2026-07-22,AMSC,33.400001525878906,12,1,False,-0.2261352723827319,-0.15534021985545443,0.3429835303097013,-0.5261738893732348,False,True,False
2026-07-22,CMCSA,23.520000457763672,12,1,False,-0.019942808057373917,-0.13397228788630755,0.06281072524672071,-0.3032804076157889,False,True,False
2026-07-22,OR,29.489999771118164,12,1,False,-0.11761009692752644,-0.20277690232069578,0.07623812170598465,-0.38639203228348196,False,False,False
2026-07-22,NUGT,119.45999908447266,12,2,False,-0.14357979490049377,-0.3423216826226052,0.6684357769595477,-0.6276068583733834,True,True,False
2026-07-22,NLR,111.38999938964844,12,0,False,-0.08897893203527041,-0.18008050148221422,0.09291602620523398,-0.33743752899823487,False,True,False
2026-07-22,PMT,9.850000381469727,12,0,False,-0.0457275341609662,-0.1659751423621172,0.01756199079901344,-0.2867487268517319,False,False,False
2026-07-22,URA,40.970001220703125,12,1,False,-0.11214261934960201,-0.17506133872323204,0.1495511201552595,-0.34216438626003354,False,True,False
2026-07-22,LUNR,14.09000015258789,12,4,False,-0.45881376406782437,-0.26338640303095084,0.8110539553487981,-0.6986096224045371,True,True,False
2026-07-22,CNM,43.75,12,1,False,-0.07961392513443177,-0.14222245964112934,0.02941176470588225,-0.34876451620633075,False,True,False
2026-07-22,AMPX,10.170000076293945,11,4,False,-0.33678526649214113,-0.2693624306751117,0.6754530129626646,-0.5801857619753344,True,True,False
2026-07-22,AMTM,21.420000076293945,11,1,False,-0.02670870667204084,-0.1938518929412305,0.08170891964333094,-0.43794280416579745,False,True,False
2026-07-22,ASTS,61.95000076293945,11,3,False,-0.27101179619877336,-0.2561131895384233,0.7170176723665798,-0.5372030443712041,False,True,False
2026-07-22,FBRT,7.860000133514404,11,0,False,-0.059606118974867894,-0.16626445768006193,0.014848321453141189,-0.3361486459274724,False,True,False
2026-07-22,FSK,10.859999656677246,11,1,False,0.014479181441157563,-0.1418920533323884,0.11728388460187866,-0.5169039200257526,False,True,False
2026-07-22,GPGI,14.260000228881836,11,1,False,0.04925464471374541,-0.22364770063160466,0.2709447316847575,-0.4675130745611621,False,True,False
2026-07-22,HLI,139.3699951171875,11,0,False,-0.01585565741609951,-0.1451888256389955,0.06617192331478039,-0.3419020958040472,False,False,False
2026-07-22,HOOG,31.389999389648438,11,2,False,0.13019530589908834,-0.3275538241932686,1.1753290870263813,-0.7625387789552226,False,True,False
2026-07-22,LEN.B,80.56999969482422,11,0,False,-0.06271012196536996,-0.18671776850132915,0.013459115658166265,-0.4135672170263165,False,True,False
2026-07-22,LMB,75.43000030517578,11,0,False,-0.027005967850177393,-0.08668721969400883,0.15903500588382458,-0.46571749384914485,False,True,False
2026-07-22,MBC,8.399999618530273,11,0,False,-0.024140935156234056,-0.17889369232116203,0.2717637538642399,-0.4092827383409461,False,True,False
2026-07-22,MMYT,51.63999938964844,11,2,False,0.059738536208894244,-0.15772717955156623,0.5806551051091025,-0.5081436285325555,False,True,False
2026-07-22,MORN,166.8300018310547,11,0,False,-0.023410507688844562,-0.12285843190927193,0.17909389606402204,-0.42398923102405794,False,True,False
2026-07-22,OSIS,209.7899932861328,11,0,False,-0.02986029664872958,-0.185367313842157,0.06346625813613205,-0.32699219663611545,True,True,False
2026-07-22,RELX,32.7400016784668,11,0,False,-0.0021273606940450662,-0.11217286578493679,0.1875227435933977,-0.3939281488147145,False,False,False
2026-07-22,RKT,13.4399995803833,11,0,False,-0.04436863155563686,-0.19234654651808347,0.10435492983793804,-0.44827589311832394,False,True,False
2026-07-22,RMD,192.91000366210938,11,0,False,-0.0305299225255643,-0.17766781254059894,0.07011704160468257,-0.3434191985804096,False,True,False
2026-07-22,ROBN,31.5,11,2,False,0.129469472795247,-0.29819558306211014,1.173913077817061,-0.7440272986759844,False,True,False
2026-07-22,TSLX,16.770000457763672,11,0,False,-0.023068829507721267,-0.14445538949479908,0.045511190808577906,-0.32351755391587356,False,True,False
2026-07-22,UAMY,5.840000152587891,11,2,False,-0.23516158992526637,-0.30276979626321066,1.0857143757294652,-0.7037036821991237,False,True,False
2026-07-22,USAR,15.819999694824219,11,2,False,-0.2838388518278556,-0.21648357666898987,0.4500458218225163,-0.6402910445774008,False,True,False
2026-07-22,WD,47.72999954223633,11,0,False,-0.06849754466320312,-0.18455350721941233,0.1331909010592307,-0.46966667175292964,False,True,False
2026-07-22,DSGX,68.0999984741211,11,0,False,-0.04802646225315266,-0.1240487426220489,0.08855493892612487,-0.3752293717970542,False,True,False
2026-07-22,EFX,170.4499969482422,11,1,False,0.02965053443083332,-0.12101525623327447,0.13067991342117535,-0.3729767538093367,False,False,False
2026-07-22,VTS,15.890000343322754,11,0,False,-0.052440735013641326,-0.18105445708931622,0.058627588342580195,-0.4147329441405371,True,True,False
2026-07-22,KWEB,26.440000534057617,11,0,False,-0.006022488351891453,-0.18468287752591517,0.13818342897445723,-0.39029172118799693,False,True,False
2026-07-22,TSLR,18.829999923706055,11,0,False,-0.19262376274360715,-0.2941833119223799,0.17834796389930818,-0.5237734069876685,False,True,False
2026-07-22,URNJ,23.06999969482422,11,1,False,-0.0902566464298381,-0.20058700602608537,0.2065898892371174,-0.4346974045944807,True,True,False
2026-07-22,VOYG,26.389999389648438,11,4,False,-0.2773268641636727,-0.12295571449727472,0.5157954980436803,-0.4963740721149569,False,True,False
2026-07-22,SOFI,17.06999969482422,11,0,False,-0.0015441977788048789,-0.21281539900253799,0.14410185037105738,-0.47846013035239154,False,False,False
2026-07-22,JMIA,6.010000228881836,11,1,False,-0.1324306068193014,-0.35794711614032204,0.37844037725692425,-0.5917119483792688,False,True,False
2026-07-22,VNT,30.190000534057617,11,1,False,0.0360329640898811,-0.15387362652208625,0.1077679612043907,-0.3736514511163569,False,True,False
2026-07-22,HURN,111.54000091552734,11,2,False,0.059267311147938484,-0.20525610466393318,0.3140905339866258,-0.4028268463192072,False,True,False
2026-07-22,NAVI,8.609999656677246,11,1,False,0.04249904960794515,-0.14826478298566848,0.1746247948559354,-0.4022908839789796,False,True,False
2026-07-22,PFSI,84.69000244140625,11,1,False,0.009353441720918454,-0.19762991018177967,0.09038244416063002,-0.47187576628171113,False,True,False
2026-07-22,PLTR,124.56999969482422,11,0,False,-0.05733124079643559,-0.195413399390999,0.17110084119864344,-0.39972052269586733,False,True,False
2026-07-22,ROP,336.7099914550781,11,0,False,-0.002550600940835368,-0.1326344872401879,0.10050333657600063,-0.40535815685552523,False,True,False
2026-07-22,UI,537.5,11,2,False,-0.06443509904139655,-0.20606445445063926,0.4144736842105263,-0.5113591898363776,True,True,False
2026-07-22,CMG,32.20000076293945,11,0,False,-0.010886370543116475,-0.08439748762548727,0.1483594761620881,-0.3927965019016658,False,True,False
2026-07-22,ALNY,266.989990234375,10,0,False,-0.08757431734347132,-0.250597537272507,0.010445366284262292,-0.46122490805928895,False,False,False
2026-07-22,BETR,23.229999542236328,10,1,False,-0.12145349916960213,-0.3954802985531005,0.8480509233267075,-0.7530299793196844,False,True,False
2026-07-22,BKSY,22.489999771118164,10,4,False,-0.3276652814527238,-0.15592495306220377,0.8122481907852774,-0.5746974410581311,True,True,False
2026-07-22,BLOX,14.65999984741211,10,0,False,-0.09037887771605069,-0.17828798008281488,0.22883482585092052,-0.476428576878139,False,True,False
2026-07-22,CATX,2.9700000286102295,10,2,False,-0.1166498060676675,-0.16978810436102143,0.5153061075540248,-0.517857126269579,False,False,False
2026-07-22,CAVA,62.349998474121094,10,4,False,-0.18841735931540815,-0.11784765358027238,0.4363049687464602,-0.36886326656242374,False,False,False
2026-07-22,CG,44.08000183105469,10,0,False,-0.017637035232750176,-0.1568993149397434,0.11313140226157614,-0.3689333887761501,False,True,False
2026-07-22,EYE,19.81999969482422,10,2,False,0.09230589712882775,-0.18814579345288418,0.3437287928694386,-0.3397735045770648,False,True,False
2026-07-22,FLO,8.260000228881836,10,1,False,0.05204170662163343,-0.15348467817434985,0.21470588194045237,-0.5097922823808645,False,True,False
2026-07-22,FOUR,48.220001220703125,10,2,False,0.08954025464844362,-0.13619058493581593,0.3952546095084637,-0.5513166402438453,False,True,False
2026-07-22,GIB,65.66999816894531,10,0,False,-0.003496215383098744,-0.15952246088095934,0.10129124589366678,-0.3626747128740626,False,True,False
2026-07-22,GTN,4.0,10,1,False,0.003210259003979532,-0.14228431419322063,0.1428571428571428,-0.3788819930963754,False,True,False
2026-07-22,GWRE,133.97000122070312,10,2,False,0.0097683092845684,-0.1961828054104331,0.3095796405100999,-0.5085473286092661,False,True,False
2026-07-22,IIIV,19.579999923706055,10,0,False,-0.033525515930215466,-0.17799305630610984,0.06009749061273606,-0.4236090897820468,False,True,False
2026-07-22,ITRI,83.20999908447266,10,1,False,0.005760661610724638,-0.13077588260190087,0.06994988654009737,-0.4140140909544179,False,True,False
2026-07-22,JBI,5.320000171661377,10,1,False,0.01646989780092767,-0.16774216113718599,0.2488262642788095,-0.5074074002123339,False,True,False
2026-07-22,JNUG,124.2300033569336,10,2,False,-0.15340631485977796,-0.3687389157319866,0.7742075023254835,-0.6582863222988773,True,True,False
2026-07-22,LEN,82.1500015258789,10,0,False,-0.06464906330296516,-0.21307962730302166,0.011948770843269951,-0.4304631281383844,False,True,False
2026-07-22,PBH,49.02000045776367,10,1,False,0.021705523033760166,-0.15996410897135638,0.15016428170510698,-0.3670755017521503,False,True,False
2026-07-22,PDD,83.58999633789062,10,0,False,-0.02441590396436344,-0.20700615668547728,0.16194041563972794,-0.4004017348676838,False,True,False
2026-07-22,SITE,103.2300033569336,10,1,False,-0.05770428435161434,-0.19205972667481253,0.032403295953445044,-0.38757709508716953,False,True,False
2026-07-22,TSLT,15.350000381469727,10,0,False,-0.19302264884651776,-0.3060319672192666,0.1336780225048826,-0.5352709370643068,False,True,False
2026-07-22,WDAY,132.4199981689453,10,1,False,0.0011794505014508516,-0.21444515351425586,0.19989124172335826,-0.4700020214765084,False,True,False
2026-07-22,DMC,28.729999542236328,10,1,False,-0.04240357028465491,-0.20778265566038678,0.08537968596552381,-0.3407526770280306,True,True,False
2026-07-22,DUOL,119.51000213623047,10,2,False,0.0013095726224678916,-0.22135610809029183,0.35976792543141367,-0.7446367475721571,False,True,False
2026-07-22,SAM,173.9199981689453,10,1,False,-0.019724999087670003,-0.1657953133113792,0.09604238843332191,-0.3423579982286741,False,True,False
2026-07-22,INSM,106.63999938964844,10,1,False,0.006985816331086969,-0.28728345363215946,0.17977652516569176,-0.498754409449361,False,True,False
2026-07-22,PAX,10.930000305175781,10,0,False,-0.02670546586885414,-0.1881452656805771,0.03503786655839103,-0.3859550127160153,False,True,False
2026-07-22,ROL,43.470001220703125,10,0,False,-0.07517719461789196,-0.2170071510710645,0.04746990893260539,-0.3427577619919572,True,False,False
2026-07-22,DKNG,22.829999923706055,10,0,False,-0.11089476046969671,-0.18453000414505494,0.11583582332767661,-0.5319803096552039,False,True,False
2026-07-22,SNPS,377.6099853515625,10,2,False,-0.18595344381939793,-0.16573814213300908,0.03172127145235648,-0.42060362931290896,False,True,False
2026-07-22,LKQ,25.190000534057617,10,0,False,-0.02771342811541655,-0.150312670128937,0.05045875791991139,-0.3526085676473475,False,True,False
2026-07-22,PZZA,31.950000762939453,10,0,False,-0.05154600705848311,-0.1472757348024044,0.08121832784580629,-0.42680301756642713,False,True,False
2026-07-22,PFLT,7.0,10,0,False,-0.09953947778988836,-0.18751559731144496,0.008645524824904882,-0.35064933456444025,True,True,False
2026-07-22,BGS,3.5799999237060547,10,1,False,-0.10905383089779763,-0.21958452313018373,0.008450696279642456,-0.43887149537774395,False,True,False
2026-07-22,WK,52.04999923706055,10,1,False,0.04092920072962869,-0.24276151100475463,0.20096905984788216,-0.4639270963213896,False,True,False
2026-07-22,NN,12.8100004196167,10,2,False,-0.3205289159526612,-0.22282973209505852,0.17847291209588056,-0.47542995988553727,False,True,False
2026-07-22,TSLG,5.449999809265137,10,0,False,-0.19081601088286204,-0.31237097701657424,0.11451941882812533,-0.5547385693482525,False,True,False
2026-07-22,CRK,14.020000457763672,10,1,False,0.02103242609493905,-0.26562252155701094,0.12700972111541575,-0.5010676061410653,False,True,False
2026-07-22,AAPD,10.720000267028809,9,0,False,-0.07476452263708755,-0.1737607157629234,0.02632844233981735,-0.4014516829503052,False,False,False
2026-07-22,ADBE,218.36000061035156,9,0,False,-0.04639042343738309,-0.2204452112978933,0.14853779832971958,-0.4195023434588855,False,True,False
2026-07-22,ADSK,203.5,9,0,False,-0.0632186993263224,-0.20762131917398585,0.09703504043126676,-0.38162811916331263,True,True,False
2026-07-22,ASAN,6.880000114440918,9,0,False,-0.03619856694267898,-0.2824176566925787,0.27881040299120485,-0.5620623744280762,True,True,False
2026-07-22,BFAM,72.04000091552734,9,1,False,0.05467813741652616,-0.15174956303215492,0.25004337290190826,-0.44906696281819436,False,True,False
2026-07-22,BHC,4.559999942779541,9,0,False,-0.09824395720075307,-0.2254579830327621,0.05311778825082025,-0.4752588995431911,False,True,False
2026-07-22,FBL,25.299999237060547,9,2,False,0.0342740964875039,-0.15116012468698847,0.3263432883429056,-0.5107802540382571,False,False,False
2026-07-22,G,30.010000228881836,9,0,False,-0.01824152998896833,-0.21872863927996622,0.11769086787771355,-0.38301807965753054,False,True,False
2026-07-22,GDXD,44.65999984741211,9,1,False,-0.0038054384787382656,-0.37947530642165683,0.8792342097372459,-0.9303276133425709,False,True,False
2026-07-22,GDYN,5.599999904632568,9,0,False,-0.10813825051032588,-0.23228779453899506,0.09589036366250858,-0.48434621715762016,True,True,False
2026-07-22,IBM,205.77000427246094,9,0,False,-0.21012930283769715,-0.2457940683575769,0.006505585086929777,-0.38106837044702113,False,False,False
2026-07-22,INV,3.369999885559082,9,3,False,-0.39351404239557386,-0.25205023011708105,0.4279661166774107,-0.5712468411813791,False,True,False
2026-07-22,LOPE,136.72000122070312,9,0,False,-0.0864882777709084,-0.18168045606350114,0.0182467928076524,-0.38701575799767796,False,False,False
2026-07-22,METU,24.479999542236328,9,2,False,0.030120919748967134,-0.16075142936511466,0.3147152759872911,-0.5218750160653142,False,False,False
2026-07-22,MIR,16.59000015258789,9,0,False,-0.049141985711803726,-0.2325892769328376,0.06551062798689333,-0.4520593216473767,False,True,False
2026-07-22,NCNO,16.600000381469727,9,1,False,0.03404888558759467,-0.1699325358076903,0.2028985617416692,-0.5106131698831434,False,True,False
2026-07-22,OTF,9.949999809265137,9,0,False,-0.06894488135450128,-0.2012587334281164,0.006066679864464408,-0.3710493046014124,False,True,False
2026-07-22,POOL,196.19000244140625,9,1,False,0.008376851672261099,-0.14487220880639018,0.13614785014362774,-0.43133332625679344,False,True,False
2026-07-22,PPC,28.43000030517578,9,0,False,-0.0019378365368659667,-0.20723885215529603,0.0728302001953125,-0.4376977940472465,False,False,False
2026-07-22,STRD,60.75,9,0,False,-0.0822611229003487,-0.177507434061404,0.23979591836734704,-0.34614145295987,False,True,False
2026-07-22,UEC,9.729999542236328,9,1,False,-0.17827889918294093,-0.2888960680931666,0.25548381190146174,-0.5216322778149849,True,True,False
2026-07-22,CRM,163.0,9,0,False,-0.04534214779321033,-0.2141484167693537,0.11399666375645667,-0.4051094890510949,True,True,False
2026-07-22,CHKP,127.91000366210938,9,0,False,-0.012919762385376399,-0.20721739281215856,0.13971308773205227,-0.43209161262497986,False,True,False
2026-07-22,CSAN,3.130000114440918,9,1,False,0.02723994309277944,-0.23110461747407107,0.24206354687753961,-0.4787676844645107,True,True,False
2026-07-22,IRTC,106.06999969482422,9,0,False,-0.06838135570346282,-0.26259393830293376,0.051801747106067664,-0.4996698127602631,False,True,False
2026-07-22,KDEF,38.279998779296875,9,1,False,-0.16462809040414716,-0.24613216676386096,0.04733240980432529,-0.4321317801557433,False,True,False
2026-07-22,SPSC,60.119998931884766,9,1,False,0.058637069452149415,-0.16917548360908163,0.22593796512041275,-0.5765600736651971,False,True,False
2026-07-22,KEP,11.869999885559082,9,1,False,-0.05778695739650064,-0.25300341077250854,0.05511110093858518,-0.49295173161347683,False,False,False
2026-07-22,CAR,164.36000061035156,9,5,False,-0.010404124168213569,0.04071127910676853,0.9120521447287993,-0.8061106544254591,False,True,False
2026-07-22,CPRI,16.15999984741211,9,0,False,-0.12393881268342555,-0.22687194964566948,0.04056665326937425,-0.4283693107272605,False,True,False
2026-07-22,TSLL,10.960000038146973,9,0,False,-0.19636310546726432,-0.31436364131319405,0.1059536031182744,-0.5383319231754671,False,True,False
2026-07-22,STNE,11.359999656677246,9,1,False,0.04532819984613301,-0.20901282243730568,0.20211639004896842,-0.43057648008814153,False,True,False
2026-07-22,QBTS,17.350000381469727,9,1,False,-0.2460193115402417,-0.26986717020762685,0.3607843436446845,-0.6288769971878133,False,True,False
2026-07-22,TU,10.210000038146973,9,0,False,-0.11414590050970952,-0.2169434679862593,0.026130676770438788,-0.39008362140109,False,True,False
2026-07-22,SHOE,14.729999542236328,9,0,False,-0.0790872444719406,-0.17557510940718601,0.05214282444545204,-0.4456153665253635,False,False,False
2026-07-22,SDOW,24.43000030517578,9,0,False,-0.051586245372944206,-0.20198343473188007,0.0691466038218258,-0.44376135419674045,False,True,False
2026-07-22,NICE,88.5199966430664,9,0,False,-0.046394067404864625,-0.19182958631636982,0.06522260250862932,-0.4941714477539062,False,True,False
2026-07-22,WGS,62.599998474121094,9,2,False,0.10252803815859846,-0.32746694925221664,0.9434958166235534,-0.6336396075203945,False,True,False
2026-07-22,MMS,57.56999969482422,9,0,False,-0.02123463923964508,-0.23045407795327688,0.09178835946529995,-0.42430000305175786,False,True,False
2026-07-22,TEM,46.959999084472656,9,0,False,-0.08531717474877942,-0.23307292595037898,0.12532948956644185,-0.5498466332261449,False,True,False
2026-07-22,ARKB,21.860000610351562,8,0,False,-0.021306475963512428,-0.1886025523723578,0.1361746814137894,-0.4793998633831503,True,True,False
2026-07-22,ARRY,5.820000171661377,8,1,False,-0.23996079935884096,-0.30943034635612876,0.0797774240866822,-0.5241209820522075,False,False,False
2026-07-22,BAH,66.12999725341797,8,0,False,-0.06607393887955382,-0.19114012524694168,0.11142852526752889,-0.44914622596963216,True,True,False
2026-07-22,BITB,35.779998779296875,8,0,False,-0.021308060531560313,-0.18851771275328466,0.13623369448587264,-0.479487927098769,True,True,False
2026-07-22,BR,144.1199951171875,8,0,False,-0.015121728490058772,-0.2269629924233092,0.07688853878312552,-0.4699717069024092,False,True,False
2026-07-22,BRSL,10.4399995803833,8,0,False,-0.06182605989977996,-0.24008344590404895,0.002881818771462319,-0.4378029212734392,False,True,False
2026-07-22,BTC,29.139999389648438,8,0,False,-0.021582947150972864,-0.1886488984872866,0.13606237126790788,-0.4792709101788749,True,True,False
2026-07-22,BTCO,65.58000183105469,8,0,False,-0.021267038951288897,-0.18877468809551534,0.13538787632904326,-0.4793585081953302,True,True,False
2026-07-22,EXLS,26.829999923706055,8,0,False,-0.0440390556061131,-0.21927628051593018,0.07967804876626006,-0.4304818599851461,False,True,False
2026-07-22,EZBC,38.08000183105469,8,0,False,-0.021436859184712276,-0.18877514849951393,0.1367164725687966,-0.4794969939185928,True,True,False
2026-07-22,GBTC,51.08000183105469,8,0,False,-0.022403533557385336,-0.1930457574858515,0.1356158815228632,-0.48466504826831147,True,True,False
2026-07-22,IBIT,37.34000015258789,8,0,False,-0.021467952791220046,-0.18871324352842778,0.13702801397963404,-0.4800891073342787,True,True,False
2026-07-22,LPL,3.2899999618530273,8,0,False,-0.24510119926623786,-0.2551842887204214,0.04113920015548511,-0.4356775291754005,True,False,False
2026-07-22,NG,6.210000038146973,8,0,False,-0.1344947716537046,-0.3120066419621885,0.22485203705861645,-0.5687499859266807,False,False,False
2026-07-22,NOW,95.45999908447266,8,0,False,-0.08133276358948804,-0.25171838561232796,0.17503694725039853,-0.5458610824434127,False,True,False
2026-07-22,NTLA,11.130000114440918,8,2,False,-0.20735527998718806,-0.17534327267380234,0.40000004798361455,-0.6060176950640384,False,True,False
2026-07-22,OI,9.039999961853027,8,1,False,0.004154348788347306,-0.2416489122400417,0.16645160798103587,-0.46540508318002727,False,False,False
2026-07-22,PWP,15.130000114440918,8,0,False,-0.07957171559684861,-0.1869896782286884,0.04057772724455355,-0.41639342103385146,False,True,False
2026-07-22,QID,14.729999542236328,8,1,False,0.021951459419645936,-0.2158220035455869,0.10007462020580138,-0.4232576736799938,False,True,False
2026-07-22,TSLY,25.3799991607666,8,0,False,-0.10751337992911236,-0.249003581620446,0.012365355792420818,-0.47616101628257634,False,True,False
2026-07-22,YMAX,7.539999961853027,8,0,False,-0.07279882612683675,-0.19647472605312422,0.020297712865692707,-0.46258017780758365,True,True,False
2026-07-22,ERIE,210.86000061035156,8,0,False,-0.07109640734455946,-0.1988585061569308,0.030445172158925837,-0.44608192614998077,False,False,False
2026-07-22,ESAB,84.02999877929688,8,0,False,-0.08660661530747127,-0.21815504164382038,0.022449367591545366,-0.38851695605475356,False,True,False
2026-07-22,COUR,5.340000152587891,8,0,False,-0.03127491735602561,-0.2106546604740417,0.06800003051757808,-0.6061946911990703,False,True,False
2026-07-22,SANA,3.119999885559082,8,1,False,-0.040531432681555124,-0.1925884056161542,0.1954023030504881,-0.5236641534801176,False,True,False
2026-07-22,PRME,3.0899999141693115,8,0,False,-0.05873038162001876,-0.19207767907782136,0.15730330557081507,-0.5547550592662548,False,False,False
2026-07-22,UUUU,12.3100004196167,8,2,False,-0.21358936087878733,-0.3254535570418752,0.5085785110058225,-0.558781340934471,False,True,False
2026-07-22,CIGI,97.75,8,1,False,0.018468937121425943,-0.20695381781481903,0.10601949578833758,-0.4300623687787247,False,True,False
2026-07-22,CRML,6.519999980926514,8,2,False,-0.33274658916473776,-0.39796860775108,1.0438871046941554,-0.7972006323023566,False,True,False
2026-07-22,ZS,142.25999450683594,8,0,False,-0.009136924274979807,-0.2726530258559259,0.2410904646179799,-0.5778509788736017,True,True,False
2026-07-22,EIDO,12.670000076293945,8,1,False,0.01499664092387265,-0.2194190278474063,0.1819029627511013,-0.3431830235894223,False,True,False
2026-07-22,NKE,42.209999084472656,8,0,False,-0.030920559424594152,-0.23938546826196982,0.05524997711181645,-0.47349382501516457,False,True,False
2026-07-22,HODL,18.649999618530273,8,0,False,-0.020642662320767058,-0.18742315626204664,0.13719512514242593,-0.47846754770958677,True,True,False
2026-07-22,HDB,23.18000030517578,8,0,False,-0.06612841035351325,-0.23638596908966547,0.011785266676646033,-0.4176610946499171,False,True,False
2026-07-22,FBTC,57.380001068115234,8,0,False,-0.021034600588734964,-0.18843497402606335,0.1366878286142954,-0.47954647557265095,True,True,False
2026-07-22,SPXS,26.540000915527344,8,0,False,-0.01427698235588759,-0.20718252947887705,0.03956130833205029,-0.4377118540988234,False,True,False
2026-07-22,DLB,49.130001068115234,8,0,False,-0.06849842861042454,-0.20222848085660972,0.018027409383349235,-0.3619480380764255,False,True,False
2026-07-22,TWM,21.690000534057617,8,0,False,-0.02963438016705844,-0.22874787876082958,0.06480116055183704,-0.5136771014321195,True,True,False
2026-07-22,SPXU,37.18000030517578,8,0,False,-0.01488011717218285,-0.21125122433821197,0.03796763321994323,-0.4486951518502865,False,True,False
2026-07-22,BBBY,5.150000095367432,7,0,False,-0.08574470200184137,-0.14553311263611446,0.20892014522712898,-0.5928853556783127,False,True,False
2026-07-22,BBW,33.91999816894531,7,0,False,-0.0007071024164118089,-0.269322235189857,0.15570690725990177,-0.5528015972140288,False,True,False
2026-07-22,BSY,29.739999771118164,7,0,False,-0.061403293798030556,-0.21140310605414836,0.059229979224797225,-0.4980590755929424,False,True,False
2026-07-22,FVRR,10.5,7,0,False,-0.015471165609151627,-0.29884074802178096,0.09603341165143142,-0.625,False,True,False
2026-07-22,GRAB,3.3499999046325684,7,0,False,-0.06628019633809235,-0.24100393482121096,0.05345906739200901,-0.49395770958542107,False,True,False
2026-07-22,GSM,3.4200000762939453,7,0,False,-0.08998986889154137,-0.22886131436790713,0.10322586500185893,-0.4041811476191536,False,True,False
2026-07-22,HOOW,28.450000762939453,7,2,False,0.03686806670058451,-0.28526565114625757,0.413313559316413,-0.6698003765817977,False,True,False
2026-07-22,IONQ,34.68000030517578,7,1,False,-0.3499385127044189,-0.2740578181948582,0.339513368974502,-0.5902646437233177,False,True,False
2026-07-22,LEU,174.27999877929688,7,1,False,0.008045614385882915,-0.2646345305667398,0.2262013142333481,-0.6245988179228932,False,False,False
2026-07-22,MNSO,12.5,7,0,False,-0.018622616686667204,-0.2765219812522819,0.12410073099308638,-0.532535523298649,False,False,False
2026-07-22,NVDS,20.578500747680664,7,0,False,-0.043684639330266894,-0.24665352973264787,0.1250615240102142,-0.4922649551573052,False,True,False
2026-07-22,OWL,9.15999984741211,7,0,False,-0.03795662035683456,-0.24764170724547263,0.15220126631157993,-0.5570599752302929,False,True,False
2026-07-22,PDYN,5.329999923706055,7,0,False,-0.16248960559660763,-0.18967713910963602,0.2874396366178238,-0.5064814972615861,True,True,False
2026-07-22,PHR,10.010000228881836,7,1,False,0.021491136488956508,-0.28986693221620097,0.28828832090784884,-0.6944444218026029,False,True,False
2026-07-22,PPTA,18.5,7,2,False,-0.20820386624038678,-0.30775649524410886,0.25936014489098347,-0.5049504808999215,False,True,False
2026-07-22,RDTL,19.299999237060547,7,1,False,-0.10192461058219382,-0.3615476603241058,0.6410169001699764,-0.7851736417656037,False,True,False
2026-07-22,SRAD,14.279999732971191,7,0,False,-0.014751148931534841,-0.23843352296510256,0.22469982159910407,-0.5567970455632538,True,True,False
2026-07-22,STRK,62.290000915527344,7,0,False,-0.05659090278631673,-0.19866464132562778,0.2508785631360846,-0.4630172334868332,False,True,False
2026-07-22,TCOM,42.58000183105469,7,0,False,-0.06722626412207755,-0.2714424132512573,0.1193480758743668,-0.46094438558549544,False,True,False
2026-07-22,TIC,7.170000076293945,7,0,False,-0.12005104761741303,-0.24234818440729378,0.12735847889549512,-0.5202087821762971,False,False,False
2026-07-22,TOYO,5.039999961853027,7,4,False,-0.5338943904079467,-0.42033853163910495,0.41573034911847406,-0.7108433807452994,False,True,False
2026-07-22,TRI,87.33000183105469,7,1,False,0.017135127336800338,-0.20279117494470933,0.1448610806055346,-0.5769919926278873,False,False,False
2026-07-22,CRWV,82.63999938964844,7,0,False,-0.16506108160633215,-0.14927676388615996,0.29529781156555246,-0.46057440577124864,False,True,False
2026-07-22,CPRT,27.170000076293945,7,0,False,-0.10860749746955167,-0.25355809880635904,0.011918051779435501,-0.45779286079910253,False,True,False
2026-07-22,ISRG,340.69000244140625,7,0,False,-0.1705454313998136,-0.29774750735766375,0.0002349229126714647,-0.43583162269543974,False,False,False
2026-07-22,SHNY,8.479999542236328,7,1,False,-0.14424692747687784,-0.36927096562697004,0.2780707233924875,-0.6856465156064829,True,True,False
2026-07-22,RGTI,15.229999542236328,7,0,False,-0.22547247307628182,-0.33869012358175865,0.2154828305510983,-0.7380911583388624,False,True,False
2026-07-22,MZTI,108.63999938964844,7,0,False,-0.023443125172267987,-0.2550896380729383,0.04181051650738188,-0.4310850671866928,False,True,False
2026-07-22,TRUP,24.450000762939453,7,1,False,0.021858183438930645,-0.20491616411973512,0.15548208597599378,-0.5710526181940447,False,True,False
2026-07-22,PSKY,8.779999732971191,7,0,False,-0.12140257683541911,-0.2750003321817026,0.04399523094794544,-0.5790987787117223,False,False,False
2026-07-22,DJT,9.229999542236328,7,2,False,0.0875968686381352,-0.1682568271242616,0.32614935224823927,-0.5587954345805406,False,True,False
2026-07-22,JKS,16.1200008392334,7,0,False,-0.1692434139937019,-0.32681442395502336,0.07826093945788304,-0.4943537872149125,True,True,False
2026-07-22,SBSW,8.770000457763672,7,1,False,-0.13507431923468316,-0.3126581837560788,0.23521134867078963,-0.5880695124175648,True,True,False
2026-07-22,SYM,42.459999084472656,7,0,False,-0.052652975846004924,-0.25487138727205094,0.11195489216799781,-0.5168411423360482,True,True,False
2026-07-22,INSP,50.400001525878906,7,1,False,0.12517081707645206,-0.27698189333078593,0.295296883154087,-0.6572128004875175,False,True,False
2026-07-22,FIS,40.540000915527344,7,0,False,-0.011373813694075863,-0.24040219143778863,0.08337795027396089,-0.5093197825244024,False,True,False
2026-07-22,INTR,5.690000057220459,7,0,False,-0.011843970196887654,-0.279009867959911,0.10271322199246957,-0.4507721770479858,False,True,False
2026-07-22,OPCH,21.149999618530273,7,1,False,0.0003689099600654444,-0.24048316055647423,0.1743475485698751,-0.42527173758116465,False,True,False
2026-07-22,QFIN,13.180000305175781,7,0,False,-0.07999439714010825,-0.22314873555502457,0.16534039046679871,-0.682715454629439,False,True,False
2026-07-22,ACM,67.47000122070312,6,0,False,-0.03737774595118282,-0.28290458780589134,0.017954171142470665,-0.5021399122371949,False,True,False
2026-07-22,AGQ,68.19999694824219,6,3,False,-0.25660772236657436,-0.4594725501451984,0.4270767031118319,-0.8419357156805974,True,True,False
2026-07-22,AORT,25.139999389648438,6,2,False,0.11199572896990273,-0.30890209448470807,0.31210853809291805,-0.47896374321972146,False,True,False
2026-07-22,BILI,17.690000534057617,6,0,False,-0.019075052657190228,-0.28476412037039933,0.12032935888504048,-0.5140109947116142,False,True,False
2026-07-22,BITO,8.949999809265137,6,0,False,-0.02348014073803051,-0.23710647688417585,0.13722997959476224,-0.6130566306095575,True,False,False
2026-07-22,BL,27.8700008392334,6,0,False,-0.021349786781556856,-0.33195743913805964,0.12834008009628484,-0.5321470374011954,False,True,False
2026-07-22,FWRD,16.06999969482422,6,2,False,0.3456707155047367,-0.19708012417226572,1.04452918853055,-0.5050816418024073,False,True,False
2026-07-22,KC,9.760000228881836,6,1,False,-0.15636613224920004,-0.23687547050457125,0.16886224946063155,-0.4730021604945265,False,True,False
2026-07-22,KMPR,27.459999084472656,6,1,False,0.008202167779046254,-0.21114511359299892,0.21022469978593805,-0.5604290291678086,False,True,False
2026-07-22,MNDY,73.91000366210938,6,0,False,-0.054977713906914416,-0.32840438769111957,0.28539136803668486,-0.7510902915796417,False,True,False
2026-07-22,MNTN,8.569999694824219,6,0,False,-0.06547155126620918,-0.22507259216331665,0.11734023592932519,-0.7321875095367432,False,True,False
2026-07-22,MP,45.68000030517578,6,0,False,-0.2042532674411296,-0.24413158912417443,0.04244638574407045,-0.5443436917788823,False,True,False
2026-07-22,NFLX,68.52999877929688,6,0,False,-0.13665820894479463,-0.26308659707243,0.0530116295509373,-0.4591587145888102,False,False,False
2026-07-22,OLED,81.58999633789062,6,0,False,-0.0642211500729104,-0.2473702317297901,0.05755015844714384,-0.46805324201007725,False,True,False
2026-07-22,ORLA,9.3100004196167,6,1,False,-0.15053190832856256,-0.3193473924963073,0.10504453517462098,-0.5764330931069044,True,True,False
2026-07-22,OXLC,8.819999694824219,6,0,False,-0.049056628854399986,-0.24274947900625554,0.10112352594220275,-0.5567839264372998,True,True,False
2026-07-22,PRIM,89.5199966430664,6,2,False,-0.13413719511618272,-0.3240289407557816,0.3772307175856371,-0.5643795783792389,True,True,False
2026-07-22,PTC,113.11000061035156,6,0,False,-0.12453424555932313,-0.2783208492247705,0.04248848488803292,-0.48513815215364997,True,True,False
2026-07-22,PTLO,4.46999979019165,6,1,False,0.03457848119483087,-0.126253486820453,0.18410587477258655,-0.6218274191539117,False,True,False
2026-07-22,TYL,284.32000732421875,6,0,False,-0.0663498221432407,-0.25623637671376953,0.050275262453322034,-0.5424083512483012,False,True,False
2026-07-22,WAY,20.790000915527344,6,1,False,0.027539494526740427,-0.23931553334006683,0.20451915642148255,-0.4986737327331372,False,True,False
2026-07-22,ERII,8.539999961853027,6,0,False,-0.007323029304491913,-0.3047669087130678,0.0906768895357688,-0.5338427890768058,True,True,False
2026-07-22,DOX,51.220001220703125,6,0,False,-0.09202426135331865,-0.2696748806070519,0.028514096493917895,-0.43271679365001836,True,True,False
2026-07-22,XPEV,12.850000381469727,6,0,False,-0.11625537075383174,-0.2970766945705212,0.09175869853035312,-0.5448910889430391,True,True,False
2026-07-22,ULTY,27.280000686645508,6,0,False,-0.0885338115995582,-0.24639945263387653,0.024793381916028423,-0.5703936899740865,False,True,False
2026-07-22,SLVO,63.54999923706055,6,0,False,-0.16134175283386598,-0.294705471554324,0.041632535410689675,-0.40834189488554273,True,True,False
2026-07-22,CTGO,16.1200008392334,6,0,False,-0.11058138442063914,-0.30640559942410117,0.1117241958091999,-0.5311227359389631,True,True,False
2026-07-22,WVE,5.739999771118164,6,1,False,-0.06083317889841833,-0.4059108992025131,0.14342625357117322,-0.7358490615721645,False,True,False
2026-07-22,CLBK,10.9399995803833,6,3,False,-0.43768170606381596,-0.37192200378189044,0.09624236129832142,-0.5036298037231028,False,False,False
2026-07-22,KRUS,45.540000915527344,6,1,False,-0.10944584363085208,-0.21615335312408712,0.06851248373584706,-0.5255261583376728,False,True,False
2026-07-22,KVYO,16.200000762939453,6,1,False,0.04683627985945593,-0.25257960261220536,0.29289713552914876,-0.5593035499827581,False,True,False
2026-07-22,INFY,10.930000305175781,6,0,False,-0.06506079156169098,-0.2649160281474108,0.057059975230292936,-0.6356666564941407,True,False,False
2026-07-22,STEP,41.11000061035156,6,0,False,-0.11059859784305914,-0.2627648620894385,0.05817251544387858,-0.47155984860268163,False,True,False
2026-07-22,TRMB,50.099998474121094,6,0,False,-0.05731029761639839,-0.26491088629998316,0.04549249558587287,-0.4274285888671875,True,True,False
2026-07-22,NABL,4.269999980926514,6,2,False,0.12945033979913134,-0.2495210687129451,0.46232872238345424,-0.5276548673733351,False,True,False
2026-07-22,SAP,148.75,6,0,False,-0.10450905861608484,-0.27967218046804276,0.00881656886174187,-0.5165117394870535,True,False,False
2026-07-22,DXC,9.40999984741211,6,1,False,0.02765156433207716,-0.23397848030963309,0.19113920681218,-0.3998724703910892,False,True,False
2026-07-22,NAIL,38.810001373291016,6,1,False,-0.05717669660645264,-0.25369185061518296,0.30982121068298074,-0.6080035284197769,False,True,False
2026-07-22,STN,68.05000305175781,6,0,False,-0.059420264928508715,-0.24992239434691532,0.01658202225676897,-0.4057806056015294,True,True,False
2026-07-22,ACHR,5.179999828338623,5,0,False,-0.06636390099918688,-0.28622119948683167,0.20465106943480604,-0.6456908434414441,False,True,False
2026-07-22,ARI,6.78000020980835,5,1,False,-0.34601433289007444,-0.34441761820816585,0.004444475527162872,-0.3967971220755755,False,False,False
2026-07-22,ASST,12.670000076293945,5,1,False,-0.13206098954027978,-0.22935037295985183,0.804843320615185,-0.9497222219194684,False,True,False
2026-07-22,ATEC,8.0600004196167,5,0,False,-0.04081870766484896,-0.4126798190390939,0.18181821359884998,-0.6539287203615723,False,True,False
2026-07-22,BLDR,71.02999877929688,5,0,False,-0.07417064906981596,-0.2733002165630444,0.09109063662318073,-0.5296960911514379,False,True,False
2026-07-22,CALX,35.84000015258789,5,0,False,-0.07243016037355055,-0.28223532131866447,0.04611797747992363,-0.4967705765474002,False,False,False
2026-07-22,CELH,28.469999313354492,5,0,False,-0.04518840594813922,-0.32301247999981586,0.03640335001806316,-0.5734192354715415,False,True,False
2026-07-22,FETH,19.15999984741211,5,1,False,0.03305672659511849,-0.2515142621932185,0.25886987590391497,-0.6054365876119909,False,True,False
2026-07-22,GDXY,9.960000038146973,5,0,False,-0.10142364624217981,-0.3188346282703741,0.07443360801621357,-0.472736878773804,False,True,False
2026-07-22,GSOL,5.860000133514404,5,1,False,0.008692680233873817,-0.28880645484593603,0.2711496667673783,-0.7449956375001681,False,False,False
2026-07-22,HLNE,81.13999938964844,5,0,False,-0.02030625257006302,-0.2633144689314967,0.12882585545438574,-0.49643147191201054,False,True,False
2026-07-22,HSAI,14.880000114440918,5,1,False,-0.18449218921377686,-0.32230329914196965,0.033333368654605344,-0.5176661286727666,False,True,False
2026-07-22,HUBS,204.89999389648438,5,1,False,0.02362068125400696,-0.3035029506011855,0.20792305605389716,-0.6393621452027897,False,True,False
2026-07-22,IPX,23.799999237060547,5,0,False,-0.2658150764834687,-0.37198362885673886,0.09879960317285597,-0.6126932637661683,True,False,False
2026-07-22,PCOR,41.650001525878906,5,0,False,-0.07310969881115081,-0.30152839552118893,0.09518808474305618,-0.494016882821253,True,True,False
2026-07-22,PCT,6.269999980926514,5,0,False,-0.3397150396770052,-0.31146569077028563,0.27180531424875554,-0.6211480199415326,True,True,False
2026-07-22,PRGO,10.470000267028809,5,0,False,-0.016236306093317943,-0.2106750919983591,0.13434461389930274,-0.6318565376083338,False,True,False
2026-07-22,RCAT,7.829999923706055,5,2,False,-0.24876233174403806,-0.310227880287852,0.35701905538806566,-0.5830671119584153,False,True,False
2026-07-22,RXRX,2.9800000190734863,5,0,False,-0.09729794616910614,-0.25469255687089143,0.07581228866172474,-0.5849582046907893,False,False,False
2026-07-22,SMMT,14.739999771118164,5,0,False,-0.04081422090398357,-0.15113926732936656,0.1745019559441987,-0.5242091675623652,False,True,False
2026-07-22,TSSI,10.149999618530273,5,1,False,-0.1596569385617066,-0.15418079307646015,0.47743810591115676,-0.6800126154398431,False,True,False
2026-07-22,WRD,5.789999961853027,5,0,False,-0.10609523390645592,-0.26734828907459296,0.11776064743810033,-0.538645428377958,True,True,False
2026-07-22,YINN,27.389999389648438,5,1,False,-0.030648377639531432,-0.2937345205070997,0.3238278725301149,-0.5253855514785836,False,True,False
2026-07-22,ERY,10.510000228881836,5,0,False,-0.10149435316237909,-0.30374525127872765,0.09822367440262325,-0.5477624641828402,False,True,False
2026-07-22,MRAL,53.36159896850586,5,1,False,-0.2009955897078498,-0.3490210538647832,1.4101897217510806,-0.8543226842839383,False,True,False
2026-07-22,ETH,18.329999923706055,5,1,False,0.03560492809071536,-0.2449488208024675,0.261527891298716,-0.5996505409021615,False,True,False
2026-07-22,CPNG,15.630000114440918,5,0,False,-0.07566205235702783,-0.278877756862722,0.04758713368072143,-0.5413059496849558,False,True,False
2026-07-22,PAR,15.34000015258789,5,1,False,-0.01735953742273455,-0.3629356415304522,0.32355478435111795,-0.787387389768998,False,True,False
2026-07-22,COIN,166.1199951171875,5,0,False,-0.023868588383578526,-0.24476973756590192,0.19356232116036098,-0.6053969528672409,False,True,False
2026-07-22,ETHW,13.770000457763672,5,1,False,0.033814865832831664,-0.2507793914017885,0.25983532235063533,-0.6047646269387044,False,True,False
2026-07-22,UPST,28.639999389648438,5,0,False,-0.08403003433636236,-0.22343471919860136,0.19507611964507787,-0.6719358718387609,False,True,False
2026-07-22,TETH,9.609999656677246,5,1,False,0.03376681403426596,-0.25031986916236815,0.2578533801857057,-0.6040379284952536,False,False,False
2026-07-22,PODD,158.92999267578125,5,1,False,0.03536510517853997,-0.3304411993598537,0.14511132188130693,-0.5521585029050519,False,True,False
2026-07-22,ETHA,14.520000457763672,5,1,False,0.033665346366350546,-0.25120381474663533,0.2598699295762177,-0.605434761989319,False,True,False
2026-07-22,ETHE,15.539999961853027,5,1,False,0.03184509532832269,-0.25852057582273624,0.257281585235146,-0.6128067618850375,False,True,False
2026-07-22,CHWY,21.520000457763672,5,1,False,0.052425689844478596,-0.2267378935843869,0.2367816626183008,-0.5052873457985363,False,True,False
2026-07-22,MSFL,15.970000267028809,5,0,False,-0.07134207361456535,-0.2740826491196696,0.2327287040585524,-0.5680281379572787,True,True,False
2026-07-22,VXX,21.549999237060547,5,0,False,-0.10245734408232088,-0.26319121331781226,0.03456549764722183,-0.5411965365765866,False,True,False
2026-07-22,UPWK,8.960000038146973,5,1,False,0.03509623614652457,-0.3646831910208653,0.20430107113391305,-0.6077057802851302,False,True,False
2026-07-22,AD,34.709999084472656,4,0,False,-0.19119191084283316,-0.27440421378277347,0.02966478870243039,-0.5615763561039494,True,True,False
2026-07-22,ADMA,8.380000114440918,4,0,False,-0.010368678092815165,-0.3815760498652254,0.16227462830841333,-0.590380289400855,False,True,False
2026-07-22,AI,8.1899995803833,4,0,False,-0.1472481210306268,-0.30664615818191476,0.06710089600650915,-0.7204301225788083,False,True,False
2026-07-22,BLKB,30.920000076293945,4,1,False,0.039495443744452574,-0.34044649904363045,0.2087568478700068,-0.5870726334076812,False,True,False
2026-07-22,BTCI,28.920000076293945,4,0,False,-0.06456203960683082,-0.2743645835318599,0.09049772161024516,-0.5609534101955902,True,True,False
2026-07-22,FUTU,106.08999633789062,4,2,False,0.01688705851894534,-0.28166756603932097,0.31788815326572206,-0.4761763838575829,False,True,False
2026-07-22,GLIBK,22.844999313354492,4,1,False,0.012493821242363756,-0.302636541261338,0.18367876769065927,-0.4451730482901308,False,True,False
2026-07-22,IE,9.140000343322754,4,0,False,-0.17310507698436572,-0.3388214287599749,0.16359011090121367,-0.5758700386585506,True,False,False
2026-07-22,JOBY,7.630000114440918,4,0,False,-0.19741657263225365,-0.3514827416925532,0.10740206999928104,-0.6357995304736033,False,False,False
2026-07-22,LAC,2.990000009536743,4,0,False,-0.30374441074461356,-0.40214946243750616,0.21052630562886954,-0.7157794791415482,False,False,False
2026-07-22,LCID,6.78000020980835,4,2,False,0.1549665589259841,-0.3549154206641003,1.8607597203359991,-0.795166147360725,False,False,False
2026-07-22,LDOS,107.26000213623047,4,0,False,-0.07242454541486842,-0.3405469719317489,0.08496865743493975,-0.47873839768109716,True,True,False
2026-07-22,NVDQ,10.350000381469727,4,0,False,-0.06909388351436141,-0.3196820313268415,0.1404959337743319,-0.5826612621018583,False,True,False
2026-07-22,OLLI,66.44999694824219,4,0,False,-0.1136502298923151,-0.34290548462797565,0.1021727639604062,-0.5311838974674867,False,True,False
2026-07-22,PLNT,54.04999923706055,4,2,False,0.041887522994531246,-0.3315805722239541,0.4596273567062441,-0.5278238956873094,False,True,False
2026-07-22,QS,5.869999885559082,4,0,False,-0.2176150096558841,-0.3893876326062009,0.03985826490572264,-0.6921866817254194,False,True,False
2026-07-22,QUBT,7.909999847412109,4,0,False,-0.20641292195956318,-0.26741285114645064,0.27993528594297135,-0.693885456629151,False,True,False
2026-07-22,SNAP,4.46999979019165,4,0,False,-0.1306884950042535,-0.2896644123186898,0.17322830900900588,-0.5706052011803942,True,True,False
2026-07-22,TZA,40.70000076293945,4,0,False,-0.044914797455455346,-0.3405222230588135,0.09703510611542265,-0.6712439437830728,True,True,False
2026-07-22,VERX,11.050000190734863,4,0,False,-0.12058700191937244,-0.31980430090469736,0.0822722967139522,-0.6993197227010921,False,False,False
2026-07-22,VITL,13.130000114440918,4,2,False,0.20125891152644804,-0.4162732118835911,0.6515723810633145,-0.7528470566693475,False,True,False
2026-07-22,VIXY,20.719999313354492,4,0,False,-0.10463501557777666,-0.26792991202811756,0.033416463929610174,-0.5473017455511104,False,True,False
2026-07-22,CRCL,66.16000366210938,4,1,False,-0.22719845605734756,-0.2851280638846745,0.3258517362529094,-0.6879097978784532,True,True,False
2026-07-22,CNXC,23.889999389648438,4,0,False,-0.04414003476241546,-0.2800183417805501,0.2494769006823061,-0.615545548369797,False,True,False
2026-07-22,CTSH,43.18000030517578,4,0,False,-0.08750871178796449,-0.33221881372380757,0.16450912008888618,-0.5038492369202738,True,True,False
2026-07-22,FNGD,34.630001068115234,4,1,False,-0.023117361375271206,-0.30690337457773,0.20578001030844928,-0.6036850291070404,False,True,False
2026-07-22,IT,132.10000610351562,4,0,False,-0.09262002488355248,-0.2955209255271434,0.06317912356954225,-0.6335543019720744,True,True,False
2026-07-22,PNR,63.02000045776367,4,0,False,-0.1337433198384932,-0.3206343010320053,0.09409725915318745,-0.4469503980207361,False,False,False
2026-07-22,NVD,4.539999961853027,4,0,False,-0.06314486942912045,-0.3305143237463214,0.15521625565751207,-0.6052517344375756,False,False,False
2026-07-22,SOLZ,7.769999980926514,4,1,False,0.0004120011034320914,-0.317377658028417,0.2593192682087646,-0.7134955847904705,False,True,False
2026-07-22,SOUN,6.460000038146973,4,0,False,-0.11798036079616236,-0.3513991073852959,0.10806177061498734,-0.7086152451097845,True,False,False
2026-07-22,ODD,16.3799991607666,4,2,False,0.20359749955749984,-0.39140445424049897,0.7708107200828758,-0.782902586835052,False,True,False
2026-07-22,TME,8.779999732971191,4,0,False,-0.013992794644908102,-0.384457930831938,0.1057934092817614,-0.6711610680866293,False,True,False
2026-07-22,MKTX,112.94999694824219,4,0,False,-0.0783985653921504,-0.29027569689373867,0.03862066159303157,-0.4746022923388996,False,True,False
2026-07-22,MSFU,23.989999771118164,4,0,False,-0.07549424398579474,-0.29789031199122795,0.23215206046070058,-0.6077501662692816,True,True,False
2026-07-22,STLA,5.800000190734863,4,0,False,-0.1268741806066176,-0.32691580148042043,0.10476194109235482,-0.5253682435356375,True,True,False
2026-07-22,KTOS,47.88999938964844,4,0,False,-0.10969906673127916,-0.3777590183164994,0.05068006726186436,-0.6426119448533698,False,True,False
2026-07-22,QXO,13.850000381469727,4,1,False,-0.14863533590557287,-0.300543888779779,0.035901308901961304,-0.4983701530134311,False,False,False
2026-07-22,LULU,113.37000274658203,4,0,False,-0.050044216227806304,-0.2959930651841831,0.08550363937597338,-0.4988949788104229,True,True,False
2026-07-22,AVAV,150.35000610351562,3,0,False,-0.09604142089883949,-0.38500036658569126,0.11205628326362471,-0.6401904672039365,False,True,False
2026-07-22,BABX,19.979999542236328,3,1,False,-0.04231456993022875,-0.4161918382541977,0.57285676094126,-0.6972727342085405,False,False,False
2026-07-22,BMBL,2.809999942779541,3,0,False,-0.07431810919646331,-0.23205161270494457,0.10629920668563253,-0.674768538064794,False,True,False
2026-07-22,BMNR,17.739999771118164,3,2,False,0.049306760608438305,-0.33734512897750957,0.38593746146652896,-0.7527181446979482,False,True,False
2026-07-22,BOIL,22.850000381469727,3,0,False,-0.13924297377223194,-0.4481702594597696,0.08088935861836499,-0.7561365941762883,False,False,False
2026-07-22,BUR,4.170000076293945,3,0,False,-0.04080598303772842,-0.43728872091676674,0.16155993760207088,-0.7050919395300355,False,True,False
2026-07-22,CAI,15.380000114440918,3,0,False,-0.08636194981288903,-0.3073764590774549,0.0838619146756503,-0.6381176443660961,False,False,False
2026-07-22,FLUT,99.80000305175781,3,0,False,-0.02788165043848312,-0.3495854205747987,0.09047210131556205,-0.6818464261010251,False,True,False
2026-07-22,FMC,11.779999732971191,3,0,False,-0.015560516831898186,-0.24036758060049523,0.11553023341629509,-0.7320900749162449,True,True,False
2026-07-22,GOGO,3.7100000381469727,3,0,False,-0.012352241650083862,-0.28414999145553466,0.2284768415822216,-0.7794292446218891,False,True,False
2026-07-22,KRMN,47.59000015258789,3,1,False,-0.1072600951510494,-0.37038938030622104,0.089489719067251,-0.597989514641471,False,False,False
2026-07-22,METC,12.4399995803833,3,0,False,-0.10912505035563358,-0.3422009505563469,0.11071426716386035,-0.7847750909241025,True,True,False
2026-07-22,OKLO,44.5,3,0,False,-0.2216932427055225,-0.43841458629894514,0.12572733048770224,-0.7704292156380864,False,True,False
2026-07-22,ORCL,125.83999633789062,3,0,False,-0.2786852397528672,-0.3345807481709402,0.04840454567759167,-0.6360060283074105,True,False,False
2026-07-22,PLAY,10.210000038146973,3,0,False,-0.09173396969899128,-0.29685011357407853,0.08617026090298352,-0.7113780907944318,False,True,False
2026-07-22,PRCT,17.700000762939453,3,0,False,-0.25911660215425425,-0.3706498579791707,0.004255362436281107,-0.7077761127271074,False,True,False
2026-07-22,SMPL,10.529999732971191,3,0,False,-0.13028398183150003,-0.35898705679866527,0.03134179173639806,-0.6854838746432124,False,False,False
2026-07-22,SQQQ,40.939998626708984,3,1,False,0.021141128259122288,-0.3340279583982365,0.14357540500524513,-0.5858371344595714,False,True,False
2026-07-22,SRTY,22.940000534057617,3,0,False,-0.04638380431252298,-0.34486622240579623,0.0976077010890779,-0.6788913808776451,True,True,False
2026-07-22,TIGR,5.019999980926514,3,1,False,0.007991638304963633,-0.3386818474554574,0.2549999952316284,-0.6295203018256001,False,True,False
2026-07-22,LI,12.119999885559082,3,0,False,-0.14313590854245684,-0.30405023788769414,0.04034337188142345,-0.6102893975274506,True,True,False
2026-07-22,DPRO,4.309999942779541,3,0,False,-0.23124945360194138,-0.38520133334822393,0.1194805323484478,-0.7006944404891978,False,True,False
2026-07-22,TMC,3.930000066757202,3,0,False,-0.2029690793451876,-0.351760584036346,0.10084037541911073,-0.6537444991479109,False,True,False
2026-07-22,SBET,6.320000171661377,3,2,False,0.09376625686723461,-0.2658504102375836,0.41704038511335795,-0.7878482719895714,False,True,False
2026-07-22,TSCO,29.360000610351562,3,0,False,-0.03951842926200866,-0.35068380181053005,0.035260930129705104,-0.5411783116075232,False,True,False
2026-07-22,FISV,50.220001220703125,3,0,False,-0.042447287919959775,-0.23753187445300528,0.06760204598818587,-0.6999820693959046,True,True,False
2026-07-22,ASPI,4.079999923706055,3,0,False,-0.3218085259003518,-0.36644242348174827,0.13019391752579357,-0.7184265018527871,False,True,False
2026-07-22,RBLX,49.63999938964844,3,1,False,0.02386402158287626,-0.31673014201792615,0.2363635741745289,-0.6703632339676318,False,True,False
2026-07-22,TNXP,10.59000015258789,3,0,False,-0.1450576312145121,-0.30570351418605024,0.05583254581511432,-0.8486494216402205,False,False,False
2026-07-22,EPAM,86.56999969482422,3,0,False,-0.05180308033682324,-0.41092153123586617,0.18491654239921806,-0.6109738005225824,True,True,False
2026-07-22,WING,138.1199951171875,3,0,False,-0.07385556376034175,-0.3432800456263133,0.1871078378046438,-0.6379080070858062,False,True,False
2026-07-22,DRIP,40.4900016784668,3,0,False,-0.15686581584759507,-0.38022630138863744,0.0740053278266779,-0.6114949030491517,False,True,False
2026-07-22,PLTY,29.09000015258789,3,0,False,-0.09326101194287395,-0.33705258000539806,0.11627017454875221,-0.6310248414026474,False,True,False
2026-07-22,SPRY,6.059999942779541,3,0,False,-0.2820840974867528,-0.33882314511632705,0.0,-0.6747181848756358,False,False,False
2026-07-22,CWEB,21.8799991607666,3,0,False,-0.03334691704514836,-0.3804630914932462,0.2802808054658428,-0.6427172018112461,False,True,False
2026-07-22,ZTS,74.19000244140625,3,0,False,-0.038468979173495566,-0.3423551356639566,0.03805794283259645,-0.5376993742736316,False,True,False
2026-07-22,TMDX,71.19999694824219,3,1,False,0.004388513261508242,-0.35543287492556275,0.1845935860661525,-0.5435897631522937,False,True,False
2026-07-22,ACN,140.08999633789062,3,0,False,-0.10204361718834909,-0.3458493301452261,0.18569610265477743,-0.5187399151454268,True,True,False
2026-07-22,CWH,6.269999980926514,3,0,False,-0.11038592562460958,-0.35211544201285716,0.10000003346225794,-0.6764705752093285,False,False,False
2026-07-22,BKKT,7.96999979019165,3,0,False,-0.10519818211537557,-0.4176467087277781,0.16011643711156331,-0.8399277034818018,True,True,False
2026-07-22,ABR,5.039999961853027,2,0,False,-0.05875322704396235,-0.3526552115465925,0.03703700069828186,-0.5993640705549187,False,True,False
2026-07-22,ADBG,3.3399999141693115,2,0,False,-0.12955098758541272,-0.4898952789879303,0.28461539872299335,-0.74068323878161,True,False,False
2026-07-22,AGNT,4.28000020980835,2,0,False,-0.12002956527627551,-0.44394639501012634,0.01414591602771842,-0.6499263644227837,False,True,False
2026-07-22,ANGI,5.78000020980835,2,1,False,0.01560307503798164,-0.3847594688033237,0.27593817706531265,-0.7023686824355879,False,True,False
2026-07-22,APPX,24.762300491333008,2,0,False,-0.3724483542511833,-0.5994380367895619,0.09036994670173981,-0.8428987358302942,False,True,False
2026-07-22,BBAI,2.880000114440918,2,0,False,-0.2560446066233304,-0.41397901880848365,0.039711239809327115,-0.6932907338508363,False,True,False
2026-07-22,BRBR,12.779999732971191,2,2,False,0.2235753459691947,-0.37479362942398653,0.6342710297225034,-0.778969218256236,False,True,False
2026-07-22,BSX,42.970001220703125,2,0,False,-0.10176383391297572,-0.4267062399934295,0.018246456015230672,-0.6075798975278253,True,True,False
2026-07-22,GDXU,86.02999877929688,2,2,False,-0.2697997815608957,-0.6058264254148636,0.3348332482992191,-0.8409149855419892,True,True,False
2026-07-22,HIMZ,39.220001220703125,2,2,False,0.004987039813235672,-0.4908221592118126,2.1690368406010028,-0.9296476957114667,False,True,False
2026-07-22,IMSR,5.380000114440918,2,0,False,-0.23526316432025496,-0.41822427352938085,0.228310496317794,-0.8292063455733042,False,True,False
2026-07-22,INTU,284.4700012207031,2,0,False,-0.062203096998145746,-0.4064001389261813,0.12509889788379347,-0.6503994138464817,True,True,False
2026-07-22,LBRDA,30.3799991607666,2,0,False,-0.05466632552074535,-0.335246870391816,0.04112401792463216,-0.6663005398148547,False,True,False
2026-07-22,LBRDK,30.399999618530273,2,0,False,-0.05528451461776118,-0.336514723356782,0.045392011632990226,-0.6688092459383802,False,True,False
2026-07-22,MNTS,4.880000114440918,2,1,False,-0.4566729973240875,-0.5054013345777573,0.5691319225239253,-0.8880000015759076,True,True,False
2026-07-22,PEGA,25.989999771118164,2,0,False,-0.2010206314107018,-0.4320956674854003,0.03545814247498913,-0.6183553545747185,False,False,False
2026-07-22,PONY,6.829999923706055,2,0,False,-0.15461927576398438,-0.46115355547651327,0.07305580036277082,-0.7259229573517,True,True,False
2026-07-22,PTIR,10.5,2,1,False,-0.15141915871627465,-0.483687602139386,0.3384321581662515,-0.742520835843413,True,True,False
2026-07-22,Z,31.360000610351562,2,0,False,-0.07946644250751478,-0.40858614497689627,0.07287037637607408,-0.6659565239898875,False,True,False
2026-07-22,ZG,31.350000381469727,2,0,False,-0.08323145974435975,-0.4007769743092695,0.07991731450049455,-0.652516072297772,False,True,False
2026-07-22,CONY,20.309999465942383,2,0,False,-0.07848530815553056,-0.4322152982412867,0.12583139884772465,-0.803768121102006,False,True,False
2026-07-22,CRMG,4.349999904632568,2,0,False,-0.12099905292979729,-0.4802485599302142,0.1917807646508214,-0.7288030139436215,True,False,False
2026-07-22,ENVX,4.679999828338623,2,0,False,-0.26167828683074856,-0.3615345237640264,0.03425408391258955,-0.6961038997230009,False,True,False
2026-07-22,DQ,12.0,2,0,False,-0.19191918984337808,-0.4880076459274849,0.0389610218038019,-0.6720415427724102,True,True,False
2026-07-22,CSGP,27.690000534057617,2,0,False,-0.1138802860017285,-0.4522271346122393,0.037856080109785584,-0.715795951479776,False,True,False
2026-07-22,TTD,17.579999923706055,2,0,False,-0.11122346703773234,-0.42358907987579,0.03533571246437761,-0.8077637997773168,True,True,False
2026-07-22,CHTR,129.22000122070312,2,0,False,-0.05952598126551045,-0.34413681511168615,0.04167672746278139,-0.6786771026186685,False,True,False
2026-07-22,LTBR,8.180000305175781,2,0,False,-0.16576576973853474,-0.42737936438273416,0.18208095592343376,-0.7389916954260027,False,True,False
2026-07-22,KD,11.649999618530273,2,0,False,-0.009791619956806108,-0.3706070991207413,0.15346526519982118,-0.7086043083561622,False,True,False
2026-07-22,GLOB,30.670000076293945,2,0,False,-0.12154072049712217,-0.4003540766117091,0.11284472680033186,-0.6749337512209255,True,True,False
2026-07-22,WHR,37.13999938964844,2,0,False,-0.0703100078840273,-0.40680877304965535,0.031380203298690956,-0.6304109843847572,False,True,False
2026-07-22,SHAK,55.939998626708984,2,0,False,-0.04376724572901358,-0.3259514301179194,0.08410853257611106,-0.6066104090911482,False,True,False
2026-07-22,SCO,26.3700008392334,2,0,False,-0.08511831470133757,-0.4902362798696648,0.1545534440920544,-0.6866682546129007,False,True,False
2026-07-22,DOCS,20.489999771118164,2,0,False,-0.028587697130964096,-0.41870527111136957,0.19475219981807346,-0.7321918808127265,False,True,False
2026-07-22,OCS,11.430000305175781,2,1,False,-0.3318797799017993,-0.4877213215040488,0.08650188287211891,-0.6684553789391523,True,True,False
2026-07-22,TLRY,4.159999847412109,2,0,False,-0.14796005384423616,-0.49399731906133904,0.0,-0.8206896676461559,True,True,False
2026-07-22,NNE,17.31999969482422,2,0,False,-0.2528009305136729,-0.40633495276360876,0.12168899112362119,-0.7154591753121964,False,True,False
2026-07-22,WIX,48.65999984741211,2,0,False,-0.04950541383906015,-0.4317573047058194,0.21165338725836014,-0.7451421897342143,False,True,False
2026-07-22,SMCY,4.960000038146973,2,0,False,-0.14420786938154861,-0.3969146569779677,0.24310777601297562,-0.7915090438306935,True,True,False
2026-07-22,ABTC,6.099999904632568,1,0,False,-0.48474943759907196,-0.7967764095591688,0.21031745055605455,-0.9719926546411344,False,False,False
2026-07-22,AMDD,27.030000686645508,1,0,False,-0.14121607484121923,-0.6283968241790324,0.0356321950798153,-0.8309568372832827,False,True,False
2026-07-22,ASTX,12.289999961853027,1,1,False,-0.590312849257568,-0.7269747416175231,0.3527792966701808,-0.89236293633732,True,True,False
2026-07-22,BITU,10.039999961853027,1,0,False,-0.08412544899019536,-0.532382730536222,0.26767675064860685,-0.8444134487559583,True,True,False
2026-07-22,BITX,12.869999885559082,1,0,False,-0.07965589400389528,-0.4747072839777756,0.27615268585797925,-0.8105123640677075,True,True,False
2026-07-22,BKLC,47.720001220703125,1,2,False,-0.6368057081202869,-0.635446781494174,0.008950652806859472,-0.6727696590445966,False,False,False
2026-07-22,CABO,39.650001525878906,1,0,False,-0.13989827424321277,-0.5856157833267437,0.1880150269926264,-0.7806240991434596,False,False,False
2026-07-22,CCOI,12.930000305175781,1,0,False,-0.14602732411136,-0.42331492077050703,0.18298261154237316,-0.743299571583057,True,True,False
2026-07-22,FUBO,8.989999771118164,1,0,False,-0.07014751906039185,-0.5981943424407471,0.13081760840308254,-0.8412782509181809,False,False,False
2026-07-22,FULC,3.700000047683716,1,1,False,-0.18174177770366828,-0.5460317585091226,0.30742054679575537,-0.7649301079106134,True,True,False
2026-07-22,GTM,2.9200000762939453,1,0,False,-0.08478292464742132,-0.5859609445077026,0.14960634651493976,-0.7665867287873791,True,True,False
2026-07-22,IONL,10.989999771118164,1,0,False,-0.6334726611024222,-0.6977917839967727,0.2545661511382147,-0.9261623216775072,False,True,False
2026-07-22,IONX,20.40999984741211,1,0,False,-0.6394967461876049,-0.7188923063683652,0.21415826864024878,-0.9345550142320449,False,True,False
2026-07-22,IONZ,5.5,1,2,False,0.7155333652260942,-0.6615306515465962,2.179190716394075,-0.9568627450980393,False,True,False
2026-07-22,LABD,8.489999771118164,1,0,False,-0.24872577159580045,-0.5490207669999414,0.27095808222942797,-0.8781747815512511,True,False,False
2026-07-22,LENZ,5.340000152587891,1,0,False,-0.1752131254915864,-0.6668860293691745,0.141025715482465,-0.8940476192278296,False,False,False
2026-07-22,MSTR,100.01000213623047,1,0,False,-0.1965235234606979,-0.39778695613921655,0.22246675370698488,-0.7695303461917307,True,True,False
2026-07-22,MSTX,9.420000076293945,1,1,False,-0.4692000766484,-0.8112827639375009,0.40178576940480726,-0.9787593851412166,True,False,False
2026-07-22,MSTY,13.319999694824219,1,0,False,-0.23620351227064595,-0.5510639578698298,0.15524718155320882,-0.879402443975928,True,True,False
2026-07-22,MUD,11.260000228881836,1,0,False,-0.14074660609214817,-0.9667004461083629,0.2644582331868177,-0.9939003249030975,False,True,False
2026-07-22,NFXL,14.109999656677246,1,0,False,-0.28277700715659304,-0.537238762889592,0.1225139219762379,-0.777585120395372,False,False,False
2026-07-22,NOWL,3.950000047683716,1,0,False,-0.207177544457126,-0.6106335444963793,0.13180516816331833,-0.863835363448563,True,True,False
2026-07-22,OKLL,3.390000104904175,1,0,False,-0.4672491672572072,-0.8609655669879057,0.2649253807691401,-0.9800537777773488,True,True,False
2026-07-22,ORCX,16.739999771118164,1,0,False,-0.5278122584749241,-0.6652308036974375,0.09626714271688885,-0.90781430635656,True,False,False
2026-07-22,RKLX,19.649999618530273,1,4,False,-0.644625626745869,-0.544071986417705,0.30796542599281684,-0.8288774770948744,True,True,False
2026-07-22,SERV,5.309999942779541,1,0,False,-0.26115572335951265,-0.4712208786871279,0.05776891692328334,-0.7151287491066978,True,True,False
2026-07-22,SMR,8.680000305175781,1,0,False,-0.16727423346125847,-0.5058607690922194,0.20388353110281132,-0.8488331490426584,False,True,False
2026-07-22,SMU,6.019999980926514,1,1,False,-0.3965154275339501,-0.9160917726055305,0.4367541524378953,-0.9922820513065045,True,True,False
2026-07-22,SOXS,44.52000045776367,1,1,False,-0.8520703162726619,-0.9921714142239533,0.4044163844252051,-0.998252061230555,False,False,False
2026-07-22,SSG,12.199999809265137,1,0,False,-0.06155291418829967,-0.5063137277177335,0.11824014481164458,-0.7530364487362619,False,True,False
2026-07-22,VRRM,4.0,1,0,False,-0.36917472013665364,-0.7537400730732086,0.17647055523618382,-0.8435666778357582,True,True,False
2026-07-22,EFOR,20.3799991607666,1,1,False,0.06511963753079164,-0.44613773126324485,0.20591713732470307,-0.664526762785735,False,True,False
2026-07-22,CWVX,16.959999084472656,1,1,False,-0.378166942860949,-0.5499237279650532,0.43850713650104733,-0.8849779624585143,False,True,False
2026-07-22,MRLN,3.3350000381469727,1,0,False,-0.4550208303306177,-0.6470535278199181,0.0015015359025454256,-0.8038235271678251,False,True,False
2026-07-22,EOSE,3.9800000190734863,1,0,False,-0.3899261129719749,-0.611507383769325,0.06616661568950066,-0.7995971854603567,False,True,False
2026-07-22,QBTX,7.5,1,0,False,-0.5068385064205541,-0.7538415081524301,0.20192312100935417,-0.9561881751392673,False,True,False
2026-07-22,TECS,70.98999786376953,1,0,False,-0.019179836724408816,-0.5159818531031586,0.20322030277575487,-0.7275901910932003,False,True,False
2026-07-22,SSTK,7.380000114440918,1,0,False,-0.42210109767761894,-0.5784555303879175,0.02928870793757632,-0.7498305045952232,False,False,False
2026-07-22,PSIX,33.20000076293945,1,0,False,-0.13233463155192915,-0.4748501350082337,0.13271925513056293,-0.7273772286440227,False,True,False
2026-07-22,ETHT,10.850000381469727,1,1,False,-0.007391923437028436,-0.6376515008939638,0.5346534820408764,-0.917640808189941,False,True,False
2026-07-22,SOFX,9.079999923706055,1,0,False,-0.04826392676197544,-0.57824487230657,0.20105820005703134,-0.8363344705434124,False,True,False
2026-07-22,WLFC,66.31999969482422,1,3,False,-0.6486092023500019,-0.6078391581700817,0.060950271566053704,-0.7288856143462312,False,False,False
2026-07-22,SOLT,35.349998474121094,1,1,False,-0.05136837986281184,-0.7015508930792961,0.5184706800459631,-0.9499291806315565,False,True,False
2026-07-22,CONL,5.300000190734863,1,1,False,-0.11694627215116316,-0.6303019710423692,0.36527569098396984,-0.9185867847164121,False,True,False
2026-07-22,TEMT,15.509900093078613,1,0,False,-0.22241320785407814,-0.6363167328819703,0.06964828228128361,-0.8981086587261888,False,True,False
2026-07-22,EH,5.235000133514404,1,0,False,-0.3051499686534316,-0.5610173216030947,0.04909827126932709,-0.7440097829726471,True,True,False
2026-07-22,EMBC,3.25,1,1,False,0.0027150500656509813,-0.6463277936199656,0.17328520663488778,-0.7909967871295305,False,True,False
2026-07-22,UVIX,58.31999969482422,1,0,False,-0.2251481443711102,-0.5610796926266889,0.06832752393864028,-0.8604116768818018,False,True,False
2026-07-22,SOC,4.380000114440918,1,2,False,-0.5444996631917906,-0.5887304533318889,0.5208333126372768,-0.8620037761176513,False,True,False
2026-07-22,PLTU,28.149999618530273,1,1,False,-0.1569130228250426,-0.5159701947150197,0.33792768030517584,-0.78013825271705,True,True,False
2026-07-22,RGTX,10.770000457763672,1,0,False,-0.503085736442271,-0.8353569811197402,0.27909742994967734,-0.9785372644086091,True,True,False
2026-07-22,UVXY,23.760000228881836,1,0,False,-0.16509124739867542,-0.4167972627478339,0.04854370648176998,-0.7349693271112423,False,True,False
2026-07-22,SMCZ,6.619999885559082,1,1,False,-0.3445531689558835,-0.7942319709273811,0.35655732178553623,-0.900749622362111,False,False,False
2026-07-22,SMCL,12.4399995803833,1,1,False,-0.3434605699987635,-0.6636001848792255,0.6542552675446431,-0.9334759380728166,True,False,False
2026-07-22,XXRP,23.93000030517578,1,0,False,-0.160221216831961,-0.7307526967792048,0.23797208482284304,-0.9633817898926155,True,True,False
2026-07-22,ETHU,16.690000534057617,1,2,False,0.005991374697398966,-0.6186489461200013,0.556902996111909,-0.9115667837021932,False,True,False
2026-07-22,XXI,5.019999980926514,1,0,False,-0.1887524248783934,-0.48006618385140054,0.17564402888762154,-0.8391025686483489,True,False,False
2026-07-22,SMCX,8.989999771118164,1,1,False,-0.3545700772002053,-0.6858317535136178,0.6465200930967778,-0.9405501937670441,True,False,False
