run_date,ticker,close,rs_rank,template_score,passes_template,dist_50d,dist_200d,off_52w_low,off_52w_high,base_tight,vol_dryup,new_today,universe_policy
2026-09-11,DLLL,36.790000915527344,99,8,True,0.4663212733248381,2.093523011593718,15.973472014663926,-0.004596846508386543,False,False,False,all
2026-09-11,ANRO,32.0,99,8,True,0.050744385726200214,0.4136742034296572,7.913649238179568,-0.14621130227231993,False,True,False,all
2026-09-11,DELL,567.2899780273438,99,8,True,0.26374196896928526,1.1672431400418306,4.146887785742349,-0.0008102544652686117,False,False,False,all
2026-09-11,MRNA,143.97000122070312,99,8,True,0.5814518577972707,1.5200144577514392,5.461849047742527,-0.18504472865250887,False,True,False,all
2026-09-11,TWST,127.22000122070312,99,8,True,0.12580285942359715,0.9055764732234226,4.460086068086619,-0.18154915579945885,False,True,False,all
2026-09-11,TXG,68.58999633789062,99,8,True,0.28916932860595423,1.2903068907479471,5.1460571035577525,-0.015501677327961927,False,True,False,all
2026-09-11,CLYM,14.25,99,8,True,0.004638963076631253,0.5879162351228351,8.253246982456726,-0.22258592147779666,False,False,False,all
2026-09-11,BWET,726.9199829101562,99,8,True,1.1513067985106864,3.6493981276521446,52.528717746249875,-0.022392006468871184,False,False,False,all
2026-09-11,DRTS,14.430000305175781,98,8,True,0.06812935055137803,0.6033333644809546,3.2069970916409405,-0.0487804724717541,True,False,False,all
2026-09-11,ETON,57.08000183105469,98,8,True,0.15316396471852411,0.9610235141866939,3.0,-0.13997288731475555,False,True,False,all
2026-09-11,PLSE,53.11000061035156,98,8,True,0.33205588218854887,1.135815961297522,3.2285030920383004,-0.09830222012784484,False,False,False,all
2026-09-11,BE,275.75,98,8,True,0.22170907096016057,0.4164931637199496,3.4932378165112556,-0.21501366158552926,False,True,True,all
2026-09-11,CLMT,56.79999923706055,98,8,True,0.25330425440250015,0.7539471290852584,2.3255269022703815,-0.027230693084572488,False,False,False,all
2026-09-11,CDNA,50.2599983215332,98,8,True,0.185164884158165,0.9523506952403618,2.7989418035185754,-0.06355393083109873,False,True,False,all
2026-09-11,SIMO,284.4800109863281,98,8,True,0.07597651468641242,0.512047866568327,2.566700142515479,-0.19864785637654048,False,True,True,all
2026-09-11,ABCL,10.890000343322754,98,8,True,0.2555340812928677,1.0607437547202747,2.9672134052219663,-0.13434019003439146,True,True,False,all
2026-09-11,IMMX,12.140000343322754,98,8,True,0.08205432705005733,0.3989398881070316,5.257731951161062,-0.19602648764031805,False,True,False,all
2026-09-11,PBF,78.30000305175781,98,8,True,0.17893638577058857,0.7364172617309936,2.056206107997173,-0.052172830489649935,False,True,False,all
2026-09-11,MU,975.260009765625,98,8,True,0.050236382551955394,0.5677726298464034,5.607004984303429,-0.222900390625,True,True,False,all
2026-09-11,QMCO,23.579999923706055,98,8,True,0.4269634308578196,1.354233221125201,4.6276848691377905,-0.15179854061753917,True,True,False,all
2026-09-11,RVMD,203.77000427246094,98,8,True,0.027891867089415934,0.49001380591003674,3.8309626078275993,-0.09156967370911495,False,True,False,all
2026-09-11,LITE,927.030029296875,98,8,True,0.12171336601230198,0.32556285384889727,5.414544712780122,-0.14612962987740685,True,True,False,all
2026-09-11,OMER,18.280000686645508,98,8,True,0.2818355607944929,0.4804257170849069,3.6395940155243167,-0.06972004877765159,True,True,False,all
2026-09-11,IOVA,8.600000381469727,98,8,True,0.37736640720805625,1.122330212514656,3.886363879585071,-0.0811965067397572,False,True,False,all
2026-09-11,AMLX,31.6200008392334,98,8,True,0.2459512752251405,0.8345430597017232,1.9196676880873835,-0.23140492687538639,False,True,False,all
2026-09-11,DK,76.0999984741211,97,8,True,0.16390752890758398,0.6652461062213317,1.9439070542015346,-0.029584286521227576,False,False,False,all
2026-09-11,PSNL,16.209999084472656,97,8,True,0.09783678058563328,0.6138264530493258,2.271442852485154,-0.14187402815081085,False,True,False,all
2026-09-11,XNCR,24.40999984741211,97,8,True,0.11969908286299558,0.5933654273918627,1.9552057107771428,-0.20254820775282056,False,False,False,all
2026-09-11,TVTX,66.16999816894531,97,8,True,0.08514899163616518,0.5373114768713796,2.000226581425927,-0.037247272849580404,False,True,False,all
2026-09-11,RNG,68.91999816894531,97,8,True,0.20348959895214258,0.6937364256969378,1.855012423840373,-0.11584347829150887,True,True,False,all
2026-09-11,NESR,33.540000915527344,97,8,True,0.08092780994894455,0.4069839883410331,2.3810484533844574,-0.09204108926856636,True,True,False,all
2026-09-11,APPS,11.8100004196167,97,8,True,0.10927435990378043,0.8058242673686926,3.3102191162449808,-0.23011732059048728,True,True,False,all
2026-09-11,DNTH,106.19999694824219,97,8,True,0.00020152271732110094,0.37389911414308385,2.296089165881311,-0.0990838189456873,False,True,True,all
2026-09-11,CMPS,14.350000381469727,97,8,True,0.09306685460021358,0.5354285824664249,1.977178396349208,-0.0957781672999557,False,True,False,all
2026-09-11,ECO,76.1500015258789,97,8,True,0.2393197478084348,0.5295941131667745,1.7451334590551584,-0.0007872662290318022,False,True,False,all
2026-09-11,LFST,12.970000267028809,97,8,True,0.11392625115063626,0.5504154307872209,1.7190776349876518,-0.02297546969988029,True,False,False,all
2026-09-11,FEIM,88.375,97,8,True,0.33719373817549547,0.5567029603778362,2.3925144947517527,-0.015430059082757408,False,False,True,all
2026-09-11,CGEM,20.59000015258789,97,8,True,0.06312670439726875,0.38468807941812466,2.6250001364190854,-0.112117305803908,False,False,False,all
2026-09-11,ASX,39.470001220703125,97,8,True,0.03003197148389747,0.3792284523916323,2.6111619504724572,-0.13290859350219286,False,True,False,all
2026-09-11,VLO,390.4200134277344,97,8,True,0.2018551791791905,0.6010298344971927,1.514135039650352,-0.022128693058390936,False,False,False,all
2026-09-11,FET,83.0199966430664,97,8,True,0.21539515111818752,0.5210922245736429,2.311527628785977,-0.050331750377935136,True,False,False,all
2026-09-11,AMD,516.1300048828125,97,8,True,0.03943460179067659,0.487781299878455,2.4443108699393212,-0.11731906670997816,False,True,False,all
2026-09-11,DINO,107.83999633789062,97,8,True,0.18134987891760557,0.6162875191588759,1.3592211441221198,-0.03808763044522423,False,True,False,all
2026-09-11,UMC,22.639999389648438,97,8,True,0.09916781950195142,0.5536112083779017,2.369047633408149,-0.21823204056013878,False,True,False,all
2026-09-11,AYA,27.969999313354492,97,8,True,0.16774238547867482,0.49734334547420644,2.2561116200828044,-0.07993422156803509,False,False,False,all
2026-09-11,HPE,62.09000015258789,97,8,True,0.21487829375927792,0.8256717230849202,2.1295362739444834,-0.0336186746678927,False,False,False,all
2026-09-11,CORT,112.79000091552734,96,8,True,0.06194474322802046,0.6689194737267143,2.9354501575725536,-0.10753281083429589,True,True,False,all
2026-09-11,SGMT,10.880000114440918,96,8,True,0.21756063493866074,0.5771087436654636,1.417777803209093,-0.04969868340637562,True,True,False,all
2026-09-11,TH,19.25,96,8,True,0.11721144459838961,0.4726357547319071,2.224455724709838,-0.076738626004617,False,False,False,all
2026-09-11,EWTX,44.400001525878906,96,8,True,0.0450034329034088,0.3290021465379096,2.2444282180827657,-0.08264462549368412,False,True,False,all
2026-09-11,HZO,52.209999084472656,96,8,True,0.2096792654526527,0.603181156131809,1.4374415919005892,-0.004765535729374326,True,False,False,all
2026-09-11,MPC,395.92999267578125,96,8,True,0.18893540379433338,0.6112232341596608,1.4450689222750626,-0.03221625760235414,False,False,False,all
2026-09-11,PUBM,16.489999771118164,96,8,True,0.09915745025491973,0.5625110793015948,1.6813007342129107,-0.10574841141343316,True,True,False,all
2026-09-11,ROIV,40.81999969482422,96,8,True,0.14039547284423137,0.41204265314506183,1.9558289974300513,-0.03952941894531248,False,False,False,all
2026-09-11,CRSR,13.539999961853027,96,8,True,0.21433888533708023,0.7501284487100073,2.0223214071890228,-0.09600746130147064,False,True,False,all
2026-09-11,PARR,84.6500015258789,96,8,True,0.1080249234451578,0.4904888100068967,1.6256202580292332,-0.027346860700911968,False,True,False,all
2026-09-11,COHU,57.08000183105469,96,8,True,0.0903867524315134,0.39213744284171637,2.057311280010731,-0.2348525067214865,False,True,True,all
2026-09-11,ATAI,7.349999904632568,96,8,True,0.0731963607831474,0.5576241247575389,1.2511484436378861,-0.013422806334599358,False,False,False,all
2026-09-11,NRIX,25.100000381469727,96,8,True,0.00188004283623866,0.3122948115991675,2.062843357678504,-0.11087492779033348,False,False,False,all
2026-09-11,OILU,56.130001068115234,96,8,True,0.21580878405360626,0.41483611953190813,1.837714818989439,-0.08608363750332448,False,True,False,all
2026-09-11,SMTC,167.24000549316406,96,8,True,0.25172149606282623,0.5281747391716229,1.908521834663723,-0.05700592197583887,False,True,False,all
2026-09-11,OKTA,166.5,96,8,True,0.11856446891160233,0.606361767582281,1.657197580680756,-0.07211325381937417,False,False,False,all
2026-09-11,NAT,7.460000038146973,96,8,True,0.13868792091720428,0.40113631725497534,1.4379085547860195,-0.004669759565913423,False,False,False,all
2026-09-11,PGEN,6.849999904632568,96,8,True,0.08826892304256595,0.4587192890313794,1.2909698604629356,-0.11269428875690213,False,True,False,all
2026-09-11,MAN,56.459999084472656,96,8,True,0.05132223629143717,0.5715593689519738,1.244930415142968,-0.11615532028139186,False,True,False,all
2026-09-11,KNSA,76.2699966430664,95,8,True,0.04379500758362531,0.42320990607758513,1.1667612213056473,-0.08041964796241641,True,True,False,all
2026-09-11,FRO,49.209999084472656,95,8,True,0.20477501349579752,0.44527002606691113,1.404005898152052,-0.00706219287973997,False,False,False,all
2026-09-11,DSGN,14.630000114440918,95,8,True,0.03545166332400651,0.24147968678238607,1.7708332449047286,-0.15188405133675842,True,False,False,all
2026-09-11,PRCH,16.450000762939453,95,8,True,0.06447693328021398,0.5433909327083248,1.5864780530829208,-0.1536324312845202,True,True,False,all
2026-09-11,PSX,259.4700012207031,95,8,True,0.1726037247248069,0.4836513637097126,1.0472621555477901,-0.022085650503609666,False,False,False,all
2026-09-11,OSCR,32.77000045776367,95,8,True,0.07042530870179631,0.5707797804283723,2.065481921804591,-0.042652617703694884,False,True,False,all
2026-09-11,CXW,34.93000030517578,95,8,True,0.08411598671570686,0.491301114828238,1.2191868369191448,-0.010481556370582346,False,False,False,all
2026-09-11,PTGX,148.17999267578125,95,8,True,0.03724936763470077,0.3811265069906127,1.5759233158667398,-0.07853992335402249,False,True,False,all
2026-09-11,KYMR,114.95999908447266,95,8,True,0.00486698540087116,0.27577900175909575,1.6280175669322672,-0.11603232305407618,False,True,False,all
2026-09-11,MRX,73.0,95,8,True,0.07388159192639354,0.4222748714103024,1.6155499963848534,-0.0772342379371953,False,False,False,all
2026-09-11,CAKE,102.69999694824219,95,8,True,0.037147425847342985,0.4710284324339735,1.384490310562593,-0.13304070790167888,True,True,False,all
2026-09-11,TNK,100.83000183105469,95,8,True,0.24103351666712647,0.4092371519082667,1.1371344039604288,-0.0007928037672316757,False,False,False,all
2026-09-11,MTRN,257.510009765625,95,8,True,0.03471030481660309,0.36126924837460606,1.3493295167567565,-0.15454060963218497,False,True,False,all
2026-09-11,CGAU,22.6299991607666,95,8,True,0.15347363429170935,0.28323622639998347,1.554176076486836,-0.07707998620361556,True,True,False,all
2026-09-11,INSW,103.6500015258789,95,8,True,0.1009495990770457,0.38061204451665853,1.4526740568530734,-0.02885788189057148,False,False,False,all
2026-09-11,UCO,51.560001373291016,95,8,True,0.24032353384007155,0.4770211320919546,1.8454745576861882,-0.026251168453642837,False,True,False,all
2026-09-11,NSIT,165.3699951171875,95,8,True,0.2011708509983985,0.6688270371091789,1.5993397971326933,-0.0025333143491986787,True,True,False,all
2026-09-11,LPG,55.18000030517578,95,8,True,0.19357141814639456,0.49978256513372177,1.322390562862911,-0.005586616758227914,False,True,False,all
2026-09-11,UGP,7.449999809265137,95,8,True,0.16486331990949799,0.40223412916614754,1.069444446284094,-0.023591127454258287,False,True,False,all
2026-09-11,CMBT,19.479999542236328,95,8,True,0.16199994745865598,0.4052096303392809,1.1949295258857835,-0.0213514759984067,False,False,False,all
2026-09-11,HNST,5.409999847412109,95,8,True,0.1663755742524491,0.6080252159496538,1.6135265806202086,-0.09983367031940316,False,True,False,all
2026-09-11,TEN,47.900001525878906,95,8,True,0.1790537396023002,0.3662488514286344,1.3365854402867758,-0.007027444564750129,False,False,False,all
2026-09-11,TER,379.7200012207031,95,8,True,0.037997971932773655,0.18446225342870282,2.465863542189522,-0.2217417179999669,False,True,False,all
2026-09-11,OOMA,22.770000457763672,95,8,True,0.07376285719669551,0.4201604448159615,1.325130189249764,-0.13058419269012844,False,False,False,all
2026-09-11,AAMI,91.0199966430664,94,8,True,0.03898175314799812,0.3791117551363006,1.1948394975601393,-0.07612667738075718,False,False,False,all
2026-09-11,MATX,230.17999267578125,94,8,True,0.07428016021761352,0.3232674596822398,1.6466596463722611,-0.009637748519108924,False,True,False,all
2026-09-11,ACHV,7.059999942779541,94,8,True,0.006644412416702883,0.3547613205036282,1.6946565844116468,-0.18287040946292132,False,False,False,all
2026-09-11,USO,154.89999389648438,94,8,True,0.21377286754660485,0.4194938386126881,1.3473253358222803,-0.025050420845994514,False,True,False,all
2026-09-11,HUM,409.79998779296875,94,8,True,0.053381586661314984,0.446909446901415,1.5124148504660195,-0.04448800800367736,False,True,False,all
2026-09-11,SSL,14.59000015258789,94,8,True,0.2537380243772962,0.40858669708791284,1.7843512957777343,-0.014854845428458274,False,False,True,all
2026-09-11,EWY,188.72000122070312,94,8,True,0.08499179950006863,0.26317805377723413,1.4385579882294972,-0.14563809252494797,False,True,False,all
2026-09-11,ADPT,24.200000762939453,94,8,True,0.02185592282907267,0.35582209355356986,1.0166667302449546,-0.09936732388915404,False,True,False,all
2026-09-11,CVI,49.65999984741211,94,8,True,0.3654861463474737,0.6069247220179352,1.5310906077082742,-0.051384884529438346,False,False,False,all
2026-09-11,PTEN,12.850000381469727,94,8,True,0.17926695421491257,0.33575886945376054,1.5196079650506404,-0.04032859955244972,False,True,False,all
2026-09-11,TWLO,227.35000610351562,94,8,True,0.044484450445515966,0.37456113375197875,1.3095286516153792,-0.12000244279541317,True,True,False,all
2026-09-11,GUSH,48.40999984741211,94,8,True,0.21177076401027306,0.42300947912482534,1.3268444670663557,-0.02152599615068318,False,True,False,all
2026-09-11,ECPG,98.55999755859375,94,8,True,0.032993724844606165,0.30901504814793457,1.4670837465921958,-0.06115455889739041,False,False,False,all
2026-09-11,ILMN,206.4499969482422,94,8,True,0.03068437963501225,0.34437615004196287,1.3460226925936611,-0.10939994339088588,False,True,False,all
2026-09-11,PVLA,150.1300048828125,94,8,True,0.010417839743948498,0.2503339526144748,1.81669806813851,-0.069711238441028,True,True,False,all
2026-09-11,LILAK,8.729999542236328,94,8,True,0.08100739395888978,0.41489972699326927,0.8953628348487428,-0.012331735388439125,True,True,False,all
2026-09-11,HALO,107.19999694824219,94,8,True,0.15125464128710786,0.43005403382461593,0.7507757267627586,-0.035537602549803315,True,True,False,all
2026-09-11,WT,23.93000030517578,94,8,True,0.1046688873652164,0.3885504236061963,1.2385408086534038,-0.07641835406780562,False,False,False,all
2026-09-11,OBE,12.970000267028809,94,8,True,0.24088711459954348,0.4035429699947084,1.3841912004787305,-0.11103494644389955,False,False,False,all
2026-09-11,CNC,66.41999816894531,94,8,True,0.014262567479310206,0.30448100262094946,1.0999051511620563,-0.04238757807864657,False,False,True,all
2026-09-11,WTTR,20.639999389648438,94,8,True,0.04030157957969127,0.3014445426546515,1.36020579299629,-0.0847006612875204,False,True,False,all
2026-09-11,CLOV,4.820000171661377,94,8,True,0.0833652069675066,0.5134982928251246,2.0506329371787433,-0.13774596778321058,False,True,False,all
2026-09-11,OII,51.09000015258789,94,8,True,0.06078601266091965,0.3787464241420979,1.3201634464351204,-0.0582488451135873,False,True,False,all
2026-09-11,BNO,61.369998931884766,94,8,True,0.2214199022487624,0.40805804620859387,1.2612380365525033,-0.030642906323244734,False,True,False,all
2026-09-11,NTAP,199.27999877929688,94,8,True,0.09819981933169197,0.5064358699462006,1.1270145542362071,-0.046780823177594355,False,False,False,all
2026-09-11,HNGE,88.58999633789062,94,8,True,0.029819265861580124,0.5349920910822217,1.9451461623200612,-0.07303550674084192,True,False,False,all
2026-09-11,CRL,278.260009765625,94,8,True,0.07482360847779068,0.3745779611194826,0.9288785551176442,-0.08258873098348685,True,True,False,all
2026-09-11,NTRA,328.92999267578125,94,8,True,0.10816395668358947,0.3834948932215241,1.0894393285648305,-0.041523399685664875,True,True,False,all
2026-09-11,PLPC,423.5400085449219,94,8,True,0.09173977488669327,0.35101278432404825,1.3015976454267788,-0.16079176029627373,True,True,False,all
2026-09-11,CRWD,206.74000549316406,93,8,True,0.020522029119879548,0.43446024990553234,1.4129318949205847,-0.11604240988128578,False,False,False,all
2026-09-11,CHEF,110.44999694824219,93,8,True,0.04365686368188748,0.4067196129539623,1.076127732411324,-0.06119850815346539,True,False,False,all
2026-09-11,BWLP,25.1299991607666,93,8,True,0.13021026151915893,0.38462254104649074,1.1441978317580213,-0.013542736625593021,False,False,False,all
2026-09-11,SEPN,38.5099983215332,93,8,True,0.02044056214392631,0.2841181924127325,1.8171176376447828,-0.2463796580926304,True,True,True,all
2026-09-11,TGTX,53.88999938964844,93,8,True,0.005669361057135447,0.3644730463412085,1.0138265668430537,-0.0912310272683956,False,True,False,all
2026-09-11,IBTA,41.13999938964844,93,8,True,0.20838643449259453,0.4136995358300075,1.1539266265963684,-0.015318319970022976,True,True,False,all
2026-09-11,NEOG,11.779999732971191,93,8,True,0.0780240254258644,0.24170568347046406,1.4040815313673694,-0.08326853048514482,True,False,False,all
2026-09-11,ARKG,45.560001373291016,93,8,True,0.05191707909953047,0.34894173662179084,0.8520325474307588,-0.09844659125641342,False,True,False,all
2026-09-11,CON,34.95000076293945,93,8,True,0.05910376890126656,0.37128466224643786,0.8846050482154488,-0.026462415670223116,True,True,False,all
2026-09-11,NMM,92.3499984741211,93,8,True,0.13514561362546518,0.3445067158179873,1.1466759063563656,-0.005598208573256547,False,False,False,all
2026-09-11,FDMT,13.170000076293945,93,8,True,0.04485664012691082,0.2950075383062609,1.0364929736750792,-0.2220909723039014,False,True,False,all
2026-09-11,AIS,71.55999755859375,93,8,True,0.0309545320736222,0.2685939847586287,1.2032019263281883,-0.19409877769871098,False,True,False,all
2026-09-11,SLDE,24.84000015258789,93,8,True,0.1373366147665518,0.31833314879636543,0.982442193292663,-0.009964129074515493,False,False,False,all
2026-09-11,GEO,31.489999771118164,93,8,True,0.01711885816273173,0.43799145923475646,1.5171861866490781,-0.05007546541030605,False,False,False,all
2026-09-11,ALNT,98.66000366210938,93,8,True,0.04590272258773953,0.327775192133678,1.3631138601702846,-0.16861881533316092,False,True,True,all
2026-09-11,WTI,4.110000133514404,93,8,True,0.13398083646397163,0.34793878153715263,1.740000089009603,-0.19094484345661134,False,True,False,all
2026-09-11,ZETA,30.18000030517578,93,8,True,0.17403584807228745,0.48228552572842154,1.1009398389170029,-0.08015851746523206,True,True,False,all
2026-09-11,FLKR,62.119998931884766,93,8,True,0.08599877964739422,0.2732514986283594,1.3809888297652244,-0.1430542038554492,False,False,False,all
2026-09-11,AVT,99.62999725341797,93,8,True,0.10901098637476614,0.3697330328973396,1.251525361659163,-0.0037000274658203214,False,True,False,all
2026-09-11,CIB,102.04000091552734,93,8,True,0.11278326901763269,0.336174004437388,1.011829622627773,-0.033712098579870564,True,False,False,all
2026-09-11,ERX,112.08000183105469,93,8,True,0.15886646523371262,0.3382854554869006,1.2194059768525682,-0.0322078905636094,False,False,False,all
2026-09-11,VCTR,110.30000305175781,92,8,True,0.04166964630691661,0.35618564800970454,0.934069882740364,-0.10724402810778788,True,False,False,all
2026-09-11,DBO,25.219999313354492,92,8,True,0.19616767451490436,0.3882351917955984,1.1211100576223,-0.02625483842437093,False,False,False,all
2026-09-11,FTXL,234.49000549316406,92,8,True,0.01221707466316757,0.2105944022085764,1.2452125623486028,-0.21142716893824354,False,True,True,all
2026-09-11,FA,21.219999313354492,92,8,True,0.01513611935778214,0.3758716280235699,1.4058956970040355,-0.15626243995169664,True,True,True,all
2026-09-11,DCTH,15.90999984741211,92,8,True,0.08244546216594473,0.39452226232294874,0.9593596147343624,-0.08668198750106348,True,True,False,all
2026-09-11,ARW,228.1999969482422,92,8,True,0.08753667926529984,0.3290023095614161,1.2418704675876655,-0.038469661704683134,False,True,False,all
2026-09-11,MT,74.51000213623047,92,8,True,0.05223471243650657,0.24016328476155557,1.1818447674084793,-0.0648845149239976,False,True,False,all
2026-09-11,CODI,11.010000228881836,92,8,True,0.008796059579216697,0.24370946233248203,1.4039302210233968,-0.16905658649948407,False,True,False,all
2026-09-11,GCT,51.869998931884766,92,8,True,0.15180662715960302,0.2611163425285601,1.0429302945565366,-0.07819444624283511,True,True,False,all
2026-09-11,OGN,13.640000343322754,92,8,True,0.0014243289551387761,0.3103100741696967,1.3971880854401673,-0.010518643866113342,False,False,False,all
2026-09-11,FIVN,30.65999984741211,92,8,True,0.047453096364826086,0.4256585870590097,1.3069977378041453,-0.1284821039952827,True,True,False,all
2026-09-11,TBBB,50.459999084472656,92,8,True,0.12952108074462032,0.32059321829359666,1.119277623531668,-0.033703601974116704,True,True,False,all
2026-09-11,SNOW,328.989990234375,92,8,True,0.08395322251201742,0.49104063775128526,1.780980403613663,-0.14450282836750794,False,False,True,all
2026-09-11,DHT,22.0,92,8,True,0.16746797300185778,0.30763629864664876,1.0313942894721224,-0.012350144298513333,False,False,False,all
2026-09-11,EQNR,44.79999923706055,92,8,True,0.12560550009557248,0.3229016834436851,1.0125785613844505,-0.016465422888301218,False,True,False,all
2026-09-11,ERO,35.470001220703125,92,8,True,0.13248153214014513,0.21266412364449305,1.1760737963751948,-0.13127603159387635,False,False,False,all
2026-09-11,CVE,33.11000061035156,92,8,True,0.10994155769049874,0.32943859842637635,1.118362147659901,-0.030737682721040493,False,True,False,all
2026-09-11,TGB,8.140000343322754,92,8,True,0.022279201546050897,0.13905899732266902,1.4154304509634517,-0.1710793690133141,False,True,False,all
2026-09-11,TSAT,49.75,91,8,True,0.11716915303598663,0.2464438769717494,1.3656680159593289,-0.19158272245902053,True,True,False,all
2026-09-11,EWT,110.91000366210938,91,8,True,0.06972557579894212,0.30241410634022414,0.8497332447563499,-0.01658091095431702,True,True,False,all
2026-09-11,HPQ,35.47999954223633,91,8,True,0.26471279019108396,0.5382480790920647,1.020501174333734,-0.020565878903127888,False,False,False,all
2026-09-11,GSAT,82.4800033569336,91,8,True,0.013175746937970967,0.13525005317550498,1.8092643611135797,-0.027931587033679706,True,True,False,all
2026-09-11,SENEA,190.6199951171875,91,8,True,0.04954704917620978,0.300240889094483,0.9142397229575203,-0.09228573753720237,False,False,False,all
2026-09-11,VG,15.800000190734863,91,8,True,0.15451504539038607,0.3695721105426293,1.7622378969013002,-0.10329174584634804,False,True,False,all
2026-09-11,MGNI,23.770000457763672,91,8,True,0.08252120553794873,0.47122086041645517,1.1968577752487484,-0.09240168105941671,True,True,False,all
2026-09-11,MLAB,120.87000274658203,91,8,True,0.10644462550013234,0.26444696692574476,1.0545639806996943,-0.08914841351710268,False,True,False,all
2026-09-11,SSRM,36.2400016784668,91,8,True,0.14768536309917168,0.27410038444472007,0.9923034972216569,-0.08113582808481978,False,True,False,all
2026-09-11,APA,44.72999954223633,91,8,True,0.15350097782211614,0.3163121905372448,1.0679612241210568,-0.02971798215251209,False,True,False,all
2026-09-11,TIGO,96.68000030517578,91,8,True,0.018496863950441034,0.2525936485212579,1.1541409324126022,-0.09754501275233418,False,True,False,all
2026-09-11,SHG,84.05999755859375,91,8,True,0.1296868418673136,0.29425219591929874,0.7866099664541759,-0.017646396419489507,False,True,False,all
2026-09-11,STT,193.39999389648438,91,8,True,0.03821308094016729,0.2846323942275255,0.8482415426659164,-0.012912769223053289,False,True,False,all
2026-09-11,DAR,65.11000061035156,91,8,True,0.03413225429750577,0.20145445428972897,1.23361926114613,-0.06959134771318232,False,True,False,all
2026-09-11,VIR,10.619999885559082,91,8,True,0.08382828753817217,0.22201700287653692,1.2357894495913855,-0.1105527421452257,False,False,False,all
2026-09-11,ROKU,154.92999267578125,91,8,True,0.03451149785523233,0.2995621060693463,0.9728765450665708,-0.031021369271381105,False,True,False,all
2026-09-11,NHC,224.47000122070312,91,8,True,0.011317469464056096,0.25974257557525715,0.9738832114947038,-0.06193318768540634,False,True,False,all
2026-09-11,BLFS,34.95000076293945,91,8,True,0.061509885764283734,0.36259703289121314,0.9568868739389973,-0.08267710859151955,True,True,False,all
2026-09-11,ZBRA,350.3699951171875,91,8,True,0.08841655662749215,0.34992655754490354,0.7602109507432804,-0.09284626996634404,True,True,False,all
2026-09-11,BLTE,173.7899932861328,91,8,True,0.0812851787194544,0.0920476603997955,1.6819442145291452,-0.13105003356933598,False,False,False,all
2026-09-11,SM,38.099998474121094,91,8,True,0.15346186309009924,0.40313915136066214,1.1833809059216995,-0.021571653369595545,False,True,False,all
2026-09-11,DAC,159.3300018310547,91,8,True,0.12982372623235605,0.3326296607139292,0.906773653497652,-0.00031373478620844164,False,True,False,all
2026-09-11,FLTW,106.7300033569336,91,8,True,0.06954608524434236,0.29870845217756115,0.8866891273237656,-0.03254166377648249,True,True,False,all
2026-09-11,TRLV,11.3100004196167,91,8,True,0.16195450938241684,0.37544644691016593,1.4501733079874146,-0.14834332477156875,False,False,False,all
2026-09-11,SNX,269.2099914550781,91,8,True,0.06658623257110508,0.30035138700522457,0.8929123129264109,-0.09194862769718026,False,True,False,all
2026-09-11,RDVT,75.0199966430664,91,8,True,0.08750007827484363,0.4202408319825244,1.2461075813107252,-0.030248241323980074,False,True,False,all
2026-09-11,ITGR,126.0,91,8,True,0.1091861764634885,0.3698250390115596,1.032258064516129,-0.006309172180628875,True,True,False,all
2026-09-11,OPY,123.29000091552734,91,8,True,0.07062718684938862,0.2880995831479358,0.9321422702105269,-0.020575122294263504,False,True,False,all
2026-09-11,TGT,155.8300018310547,90,8,True,0.04606219684819268,0.2573734591643131,0.8675694783264489,-0.08737919864682464,False,True,False,all
2026-09-11,MFG,11.449999809265137,90,8,True,0.08705970960114273,0.27304968067791524,0.8801312844630329,-0.003481284825920805,False,True,False,all
2026-09-11,DXPE,187.08999633789062,90,8,True,0.05408634829065284,0.2590445888365156,1.226201740834627,-0.10052886376014125,True,True,False,all
2026-09-11,STGW,8.600000381469727,90,8,True,0.02994015838755426,0.3065243242846889,1.0046621114082792,-0.09947641783157235,True,True,False,all
2026-09-11,EC,17.75,90,8,True,0.06695038109630835,0.28224577046949983,1.0711786035091655,-0.024189143548060565,False,True,False,all
2026-09-11,HAFN,9.380000114440918,90,8,True,0.1967338749883043,0.29197544559225497,0.8143133415899024,-0.022407519187539027,False,False,False,all
2026-09-11,WHD,69.54000091552734,90,8,True,0.09743743041162589,0.25900829033214934,1.0945782926955099,-0.061158347481583886,True,False,False,all
2026-09-11,TX,57.900001525878906,90,8,True,0.1355524308953424,0.30195014837462586,0.7540140705826504,-0.014132436962825401,True,True,False,all
2026-09-11,ATKR,94.1500015258789,90,8,True,0.10959212171375854,0.28683419378975317,0.7516279353651889,-0.0025426196135334145,True,True,False,all
2026-09-11,SAFT,103.41999816894531,90,8,True,0.08962254263134861,0.29314115386473727,0.5426610494719113,-0.003660933252795928,True,True,False,all
2026-09-11,EMEQ,66.55000305175781,90,8,True,0.030648478577376403,0.21115968683862585,0.9812444998345904,-0.15449112151131605,False,True,False,all
2026-09-11,UFCS,55.380001068115234,90,8,True,0.044996378148820515,0.2796961141458081,0.8621385842072944,-0.02396899136623909,False,False,False,all
2026-09-11,ZIM,29.56999969482422,90,8,True,0.12398415371014782,0.18771475520147174,1.3982157240708482,-0.027302629411880996,False,True,False,all
2026-09-11,HIBL,105.81999969482422,90,8,True,0.00837305849146075,0.1968319782664898,1.2543673368284325,-0.2338158272987062,False,False,True,all
2026-09-11,TRMD,35.08000183105469,90,8,True,0.14622174837085877,0.2712874729867101,0.8176167470355551,-0.023874392031955183,False,False,False,all
2026-09-11,CLBK,11.529999732971191,90,8,True,0.047795580574269136,0.2968033840201898,0.8569545897427091,-0.03916668891906738,True,True,False,all
2026-09-11,BTE,5.03000020980835,90,8,True,0.132423834966233,0.22777260977711244,1.3073394751269825,-0.061567148411558525,False,True,False,all
2026-09-11,HP,44.040000915527344,90,8,True,0.14138803664923483,0.23949150622437543,1.1673229122510733,-0.08573795745087931,False,False,False,all
2026-09-11,REPX,43.5099983215332,89,8,True,0.19546099656503269,0.3235121422048186,0.8068936237287478,-0.008883899562413422,False,False,False,all
2026-09-11,NUE,259.42999267578125,89,8,True,0.033814633703867614,0.2461898352120222,0.9755557280412652,-0.07382811665862621,False,True,False,all
2026-09-11,PR,23.780000686645508,89,8,True,0.10903835971263831,0.2644732827962273,0.9949664877887285,-0.017355374506315968,False,True,False,all
2026-09-11,TSMU,70.956298828125,89,8,True,0.0396346584010554,0.1611369794483235,1.0808299707689022,-0.23940081325141338,False,True,True,all
2026-09-11,NET,306.5299987792969,89,8,True,0.07516811272681245,0.364937100258687,0.9299250471919573,-0.07732828350795062,False,True,False,all
2026-09-11,IGPT,95.7300033569336,89,8,True,0.03673239548746943,0.24484245558847362,0.8203081019048606,-0.12431390757252303,False,True,False,all
2026-09-11,ROM,146.72999572753906,89,8,True,0.04279189244552506,0.2714226771381587,1.0561938687295114,-0.14602497105785628,True,True,False,all
2026-09-11,LB,86.8499984741211,89,8,True,0.0789999261545522,0.27210248464854403,0.9851428222656251,-0.052786605283145493,False,True,False,all
2026-09-11,P,98.18000030517578,89,8,True,0.09553640025057741,0.2964556154845863,0.7291300178923952,-0.1756507005622755,False,True,False,all
2026-09-11,SKM,37.869998931884766,89,8,True,0.07554058923806939,0.20352888303887595,0.9262461457683928,-0.19732940468569016,True,True,False,all
2026-09-11,TALO,17.68000030517578,89,8,True,0.14259126724371574,0.2678652294790351,0.9932356858267759,-0.04121476176088823,False,True,False,all
2026-09-11,ZD,56.220001220703125,89,8,True,0.03916750150113679,0.2902752259127017,1.504231595105837,-0.03169135565047254,True,True,False,all
2026-09-11,FIX,1690.8199462890625,89,8,True,0.0011767617016209542,0.12236740410142422,1.2488794323247263,-0.18475018961013,False,True,True,all
2026-09-11,KB,132.00999450683594,89,8,True,0.09630833186511034,0.2550918311123691,0.7046744621001169,-0.008040331450980376,False,True,False,all
2026-09-11,DIOD,95.01000213623047,89,8,True,0.02837811031781068,0.17600463244261655,1.2471618940243143,-0.24589250141139862,False,True,True,all
2026-09-11,PHVS,38.02000045776367,89,8,True,0.08434011884920767,0.2757897114043839,0.8411622837826318,-0.12092484490719835,False,False,False,all
2026-09-11,SRRK,55.40999984741211,88,8,True,0.03476674598914831,0.15310538207703206,1.0469154219461072,-0.10281733560065698,False,True,False,all
2026-09-11,BBVA,29.549999237060547,88,8,True,0.07120326891806306,0.22802895057021844,0.6508379813857688,-0.0030364424575299864,True,True,False,all
2026-09-11,UVE,44.33000183105469,88,8,True,0.04102580370770248,0.20902698045469403,0.8093878298389667,-0.018161675905021046,True,True,False,all
2026-09-11,SFL,13.180000305175781,88,8,True,0.10206199962121598,0.24954969611475097,0.9583952849661748,-0.0003792274768136261,False,False,False,all
2026-09-11,PRLB,81.9800033569336,88,8,True,0.018430675810958252,0.22817312307864213,0.8177384951348652,-0.11849458755985387,False,True,True,all
2026-09-11,ANET,199.58999633789062,88,8,True,0.07713676345535547,0.3011378777673561,0.7428396977688416,-0.07119923260837813,True,True,False,all
2026-09-11,FTI,76.33999633789062,88,8,True,0.027763299679167464,0.1733215553505132,1.1632188823294016,-0.05402727106852179,False,True,False,all
2026-09-11,THC,263.69000244140625,88,8,True,0.08198713834135907,0.25749843321045396,0.6733722514111571,-0.0683977607719346,True,True,False,all
2026-09-11,AAPU,44.439998626708984,88,8,True,0.07259049844541532,0.2576337717191852,0.705295454237721,-0.09102067536293856,False,False,False,all
2026-09-11,TSMX,82.05999755859375,88,8,True,0.04663638704473794,0.1760585626553668,1.0271738756561342,-0.22817910276396924,False,True,False,all
2026-09-11,EZPW,32.470001220703125,88,8,True,0.02934280555574631,0.1704423200373082,0.9678788618607954,-0.12550497477399225,False,True,False,all
2026-09-11,ARTY,75.4800033569336,88,8,True,0.05206528610887662,0.24946206832621054,0.744758572112334,-0.07782523196016344,True,True,False,all
2026-09-11,MRK,143.92999267578125,88,8,True,0.057966488061121924,0.2053741664375377,0.8552460592771882,-0.08278107089434572,False,True,False,all
2026-09-11,YPF,55.54999923706055,88,8,True,0.09873371822493993,0.2739861263329122,1.4342681849228853,-0.03374504061169459,False,False,False,all
2026-09-11,IMAX,52.09000015258789,88,8,True,0.10119400285706814,0.30002208801065056,0.6945348256485404,-0.06262370993967192,True,True,False,all
2026-09-11,MSGE,79.19000244140625,88,8,True,0.016024968493177916,0.20284378397046443,0.9013205171721819,-0.12410132470114477,False,True,True,all
2026-09-11,NX,21.56999969482422,88,8,True,0.11311795352031351,0.1780898084881435,0.9538043269344147,-0.07543935853567951,False,False,False,all
2026-09-11,GGB,5.150000095367432,88,8,True,0.09017783867969431,0.21157942845512823,0.6996700145199277,-0.005791454433467291,False,True,False,all
2026-09-11,ING,37.27000045776367,88,8,True,0.07930754224709213,0.23995882630453313,0.5765652038926696,-0.006663112925103132,False,True,False,all
2026-09-11,SBLK,31.170000076293945,88,8,True,0.08888547963897464,0.25936850592937133,0.8642345308829074,-0.05200732774548267,False,False,False,all
2026-09-11,MUFG,23.889999389648438,88,8,True,0.06591824804870527,0.2551025988761215,0.6340628985398151,-0.015251477153446547,False,True,False,all
2026-09-11,TDW,92.97000122070312,88,8,True,0.10707303765373322,0.25377604169463286,0.9929260059965568,-0.08476078416174371,False,True,False,all
2026-09-11,AMTB,29.31999969482422,87,8,True,0.043587195244413346,0.24812163248942687,0.8770806600281082,-0.041830087277405115,True,True,False,all
2026-09-11,GSG,36.470001220703125,87,8,True,0.12626387807970563,0.24466321144859182,0.6303084422214498,-0.01405786521135477,False,False,False,all
2026-09-11,IEO,141.7899932861328,87,8,True,0.11432625892966386,0.2595174972606413,0.6500639215940098,-0.013566245530190923,False,False,False,all
2026-09-11,ARMK,58.54999923706055,87,8,True,0.013151046983365111,0.2456413005276099,0.6695180994170813,-0.06544297189082693,False,True,True,all
2026-09-11,CF,133.07000732421875,87,8,True,0.07795078910766073,0.21860654822977055,0.764386244429945,-0.06262326690056452,False,False,False,all
2026-09-11,VIST,76.2699966430664,87,8,True,0.11744034306353823,0.2042456755266422,1.2855858281191326,-0.0634823875657361,False,False,False,all
2026-09-11,ASC,18.670000076293945,87,8,True,0.10000825911652811,0.22420209434315197,0.8108631732711462,-0.06789818091510647,False,False,False,all
2026-09-11,PCVX,59.470001220703125,87,8,True,0.01861845515529814,0.09553461877860725,0.9302175349415938,-0.08507690429687498,False,False,False,all
2026-09-11,NMR,10.859999656677246,87,8,True,0.10133048398824451,0.23981798425027345,0.6184798204079196,-0.007312607566229201,False,True,False,all
2026-09-11,BZH,33.25,87,8,True,0.01880109583001266,0.3036378350433202,0.8648345564933027,-0.037348027832489916,True,True,False,all
2026-09-11,JHX,28.469999313354492,87,8,True,0.01778165826422118,0.21616769621404397,0.7296476851090063,-0.09417756802674437,True,False,False,all
2026-09-11,SMFG,27.290000915527344,87,8,True,0.05889295534653938,0.22327316024294253,0.7977602349732846,-0.011947860741455818,False,True,False,all
2026-09-11,TRGP,290.25,87,8,True,0.03765368809589775,0.20734992217495551,1.0136672764606978,-0.0574462632368532,False,True,False,all
2026-09-11,KEYS,338.6400146484375,87,8,True,0.04003960080406421,0.16092517301464748,1.1326281816652175,-0.09687088277261724,False,True,False,all
2026-09-11,SCSC,58.189998626708984,87,8,True,0.05806538787593052,0.3055676480922238,0.7236374857753931,-0.1286313313807811,False,False,False,all
2026-09-11,KN,36.91999816894531,86,8,True,0.01707423231537586,0.20320544505352056,0.7948468019780792,-0.13999539001880423,False,True,True,all
2026-09-11,MBIN,53.150001525878906,86,8,True,0.023562180935595256,0.1848803843293867,0.7500823199588862,-0.06541229955818062,True,False,False,all
2026-09-11,HSBC,105.30000305175781,86,8,True,0.024665968288204443,0.1701573559369718,0.6287703103859483,-0.02427719756894342,False,True,False,all
2026-09-11,BFH,106.37000274658203,86,8,True,0.007652384854863303,0.226294401938119,0.9760356516506166,-0.07124767414377986,False,True,False,all
2026-09-11,NVT,162.3800048828125,86,8,True,0.034639227304400944,0.18908226830484476,0.7419009092090605,-0.12055889612445436,False,False,True,all
2026-09-11,HBM,26.520000457763672,86,8,True,0.04809708041648375,0.11523461971599946,1.0400000352125902,-0.17511666565811534,False,True,False,all
2026-09-11,SUN,77.66999816894531,86,8,True,0.04639035023777005,0.195261398998694,0.6187994770732159,-0.005633112763641979,False,True,False,all
2026-09-11,ABNB,170.19000244140625,86,8,True,0.03182977107679319,0.21096272039881736,0.5358722695703855,-0.12025143128295834,True,False,False,all
2026-09-11,VLUE,203.19000244140625,86,8,True,0.028797631249130706,0.20780715765543945,0.6862240866506744,-0.01636251519083054,True,True,False,all
2026-09-11,ALRS,33.27000045776367,86,8,True,0.015791024780070773,0.2244785427961642,0.6381093713741242,-0.03284886680208843,False,True,False,all
2026-09-11,FIVE,244.60000610351562,86,8,True,0.09523632916777203,0.16320932977402824,0.7754227953697546,-0.07306350774041781,False,False,False,all
2026-09-11,CNXN,85.76000213623047,86,8,True,0.06667730718417486,0.27852686411173044,0.5601237080549861,-0.028875500994905545,False,True,False,all
2026-09-11,VOYA,103.41000366210938,86,8,True,0.03630113764416709,0.2572751806324034,0.6032558707303779,-0.02110938792524808,False,False,False,all
2026-09-11,JXN,138.1199951171875,86,8,True,0.08452064558811201,0.21717362935165307,0.5403144634502901,-0.019730297372044348,False,True,False,all
2026-09-11,LQDT,42.4900016784668,86,8,True,0.05090550889519596,0.22210258708292474,0.9607753358962394,-0.03628937329516391,False,False,False,all
2026-09-11,SAN,14.960000038146973,86,8,True,0.04823566241580979,0.18889622238038006,0.5550935775585562,-0.005980076508125043,False,True,False,all
2026-09-11,BNY,162.66000366210938,86,8,True,0.024102245973756098,0.21366958920348278,0.5775385772403865,-0.019175064797409713,False,True,False,all
2026-09-11,TEVA,37.09000015258789,86,8,True,0.06341497660330231,0.13006228282298027,1.0367930816764224,-0.0333593644755934,True,True,False,all
2026-09-11,COLO,51.380001068115234,86,8,True,0.0933543513874131,0.24447913157877088,0.5907121449452721,-0.015339088379160204,False,False,False,all
2026-09-11,VFLO,53.880001068115234,85,8,True,0.048408143168225726,0.22935238480120113,0.47374176816846014,-0.04535786004399878,True,False,False,all
2026-09-11,EXPD,192.60000610351562,85,8,True,0.06778023483556006,0.20603396577477295,0.7051793829775133,-0.002847464718344739,True,True,False,all
2026-09-11,IDT,70.51000213623047,85,8,True,0.07378035617929735,0.2869853499313533,0.5422134788636408,-0.005640974548315358,False,True,False,all
2026-09-11,XOP,195.72000122070312,85,8,True,0.10692717701355448,0.2253418932583211,0.6028171340792825,-0.012662031785975802,False,True,False,all
2026-09-11,EDC,81.62000274658203,85,8,True,0.06637334920525317,0.13587501523955803,0.7701149786638384,-0.2142856670715162,False,True,False,all
2026-09-11,WF,78.87000274658203,85,8,True,0.1499264012103696,0.20383454093267295,0.6151955721701947,-0.06894105065527145,False,True,False,all
2026-09-11,LFUS,432.29998779296875,85,8,True,0.020770034096872392,0.15360934250394154,0.8525025139796492,-0.13638455866779797,False,True,True,all
2026-09-11,PAA,26.100000381469727,85,8,True,0.07536629529044125,0.2105162055274934,0.6634799923195482,-0.0007657142848797038,False,False,False,all
2026-09-11,FCX,71.06999969482422,85,8,True,0.05463566521744889,0.15361764882639473,1.021906020188918,-0.11428213376219198,False,True,False,all
2026-09-11,PAGP,27.989999771118164,85,8,True,0.06531981826065403,0.20517202594499873,0.6780575095333126,-0.02473870985878579,False,False,False,all
2026-09-11,NWL,5.849999904632568,85,8,True,0.021905442213795423,0.2899384605508628,0.9055374696550222,-0.17952316819965686,True,True,False,all
2026-09-11,SU,68.83000183105469,85,8,True,0.06919394323996952,0.1755443336925231,0.8223458034644158,-0.020771077898081747,False,False,False,all
2026-09-11,SWKS,88.3499984741211,85,8,True,0.339167943975045,0.3747035634657756,0.7013286723457883,-0.04279528111631514,False,False,True,all
2026-09-11,GNK,26.829999923706055,85,8,True,0.039245760906797544,0.16565003459047833,0.7254019031904668,-0.03548188272462671,False,False,False,all
2026-09-11,ENTG,140.3699951171875,85,8,True,0.006396679775166669,0.10068992222837769,1.0651757039314562,-0.2491173997861451,False,True,True,all
2026-09-11,RAL,67.25,85,8,True,0.003180339266324994,0.215818108921644,0.8044002998124791,-0.10820850372414803,False,True,True,all
2026-09-11,CNH,13.579999923706055,85,8,True,0.20777672440297046,0.2540921860643195,0.5088888804117839,-0.06085754578972247,False,False,False,all
2026-09-11,CGNX,64.22000122070312,85,8,True,0.013816467040169034,0.1877921432047014,0.8560694812959653,-0.11882541656254941,False,True,True,all
2026-09-11,SCCO,193.49000549316406,85,8,True,0.013051407527917114,0.08225974257292434,0.9511075315034918,-0.12713873385235075,False,False,False,all
2026-09-11,TECK,66.44000244140625,85,8,True,0.045709701023025406,0.16135171182110764,0.748421116879112,-0.08434392672416335,False,True,False,all
2026-09-11,NTRS,189.19000244140625,85,8,True,0.023872881474565677,0.18475147960278715,0.5620046082499377,-0.033660212376033005,False,True,False,all
2026-09-11,TSM,433.239990234375,84,8,True,0.03414658096570089,0.1524015135923753,0.6793548793876705,-0.09553237946894577,False,True,False,all
2026-09-11,WCC,356.32000732421875,84,8,True,0.04078371732539687,0.1424282749228516,0.7518191642894514,-0.07538206959816607,False,True,False,all
2026-09-11,NVRI,22.309999465942383,84,8,True,0.0070688664489011455,0.12501762188472987,1.0008968815447505,-0.07809922468645003,False,True,False,all
2026-09-11,FTDR,81.01000213623047,84,8,True,0.023347149348966756,0.23879112243358347,0.6713431008049664,-0.13293372715805585,True,True,False,all
2026-09-11,MD,26.770000457763672,84,8,True,0.013308926109333541,0.1608746019866898,0.7050955912729202,-0.04187544931746756,True,True,False,all
2026-09-11,COP,137.35000610351562,84,8,True,0.11901209135169588,0.2079552296272953,0.6051186933897275,-0.011087863005978194,False,True,False,all
2026-09-11,CHRD,152.00999450683594,84,8,True,0.11420097428955978,0.2442176873086892,0.8042729318318806,-0.012922113591974482,False,True,False,all
2026-09-11,STNG,84.5199966430664,84,8,True,0.08085430696792106,0.18077175343188068,0.7273655449809171,-0.032841317846741935,False,False,False,all
2026-09-11,OVV,63.689998626708984,84,8,True,0.036651443384780436,0.19701954550705691,0.7956018166002885,-0.056584259941408144,False,True,False,all
2026-09-11,ROG,136.67999267578125,84,8,True,0.0390312778207087,0.14555922150992728,0.8190044421880949,-0.19124264688886838,False,True,False,all
2026-09-11,RRBI,103.4800033569336,84,8,True,0.03336571829418866,0.16167367501460594,0.6798702259774698,-0.011132814023650739,False,True,False,all
2026-09-11,TPC,89.12999725341797,84,8,True,0.03180498697119161,0.12670747354909828,0.5393781503370176,-0.12873905577184186,True,True,False,all
2026-09-11,SXC,10.020000457763672,84,8,True,0.08865716256084655,0.2854889184599936,0.8152174805047459,-0.06179773675589295,False,True,False,all
2026-09-11,NPK,154.27999877929688,84,8,True,0.1338714996659025,0.19625089501026438,0.6901840583097045,-0.02459378791604605,False,False,False,all
2026-09-11,RSPT,64.7699966430664,84,8,True,0.03185901019164272,0.19987211641818292,0.5626054391047786,-0.04030228636535926,True,True,False,all
2026-09-11,INVX,30.1299991607666,84,8,True,0.06935736421935035,0.1514018650553346,0.8371951135122511,-0.10619994129145671,True,False,False,all
2026-09-11,QRVO,116.6500015258789,84,8,True,0.24694278777486223,0.31945112043144075,0.5569941854887934,-0.03211081335032662,False,False,False,all
2026-09-11,TRV,375.20001220703125,84,8,True,0.024664067929869526,0.19472053540806322,0.4873543977535597,-0.05894155826560965,True,True,False,all
2026-09-11,KMX,61.31999969482422,84,8,True,0.048947454924030964,0.3099527055559925,1.0264375158958852,-0.06066175181560429,False,True,False,all
2026-09-11,DE,675.739990234375,83,8,True,0.08463921274587216,0.18098981258755642,0.5606004393403579,-0.04269849611824783,False,False,False,all
2026-09-11,CNO,54.939998626708984,83,8,True,0.015538040706458478,0.18482412486584798,0.43746721276787714,-0.04601495952174994,False,False,False,all
2026-09-11,OSPN,16.850000381469727,83,8,True,0.06744209026676562,0.2922869559055765,0.6732870796540633,-0.08820341997526637,False,True,False,all
2026-09-11,KSPI,99.88999938964844,83,8,True,0.046382745190025165,0.19461995637333684,0.45633481153092004,-0.09141352400018432,False,False,False,all
2026-09-11,FBT,261.8500061035156,83,8,True,0.016935087261845228,0.1746848846266127,0.5050581246914454,-0.04778349975451879,False,True,False,all
2026-09-11,DBX,35.560001373291016,83,8,True,0.08747510703165173,0.2805278150398087,0.6390874336713899,-0.02216355196704045,True,False,False,all
2026-09-11,WEX,191.52000427246094,83,8,True,0.05880248265005683,0.20330723720652388,0.5286136393405167,-0.0611304519089344,True,True,False,all
2026-09-11,AGM,225.50999450683594,83,8,True,0.030735087373210845,0.23295228944703528,0.6512409929910354,-0.09174755082877983,True,True,False,all
2026-09-11,AIA,141.42999267578125,83,8,True,0.03641935040968303,0.1666325773124675,0.5705717699364419,-0.06232187920943222,False,False,False,all
2026-09-11,UAN,135.8800048828125,83,8,True,0.0995040176806623,0.16323968587676196,0.6151195687492081,-0.02594978578629037,False,True,False,all
2026-09-11,OBK,54.43000030517578,83,8,True,0.023362683739260426,0.1891016928231497,0.6943190756474951,-0.020514655315980068,False,True,False,all
2026-09-11,PDBC,19.790000915527344,83,8,True,0.11032569735353648,0.21039020775673167,0.5101107674018461,-0.013459549232463286,False,True,False,all
2026-09-11,FFIV,411.7099914550781,83,8,True,0.019489404856107173,0.2450841717282939,0.8399624667603407,-0.05354024952855607,False,True,True,all
2026-09-11,VOD,17.399999618530273,83,8,True,0.10843556025491674,0.17629559304764486,0.5647481832375443,-0.005145806390261409,False,True,False,all
2026-09-11,BNS,93.44999694824219,83,8,True,0.046388169981071536,0.1849430109391752,0.4838043446724978,-0.019823782905866394,False,True,False,all
2026-09-11,DBC,33.15999984741211,83,8,True,0.10995072450301313,0.20862878861926326,0.5086442464974814,-0.01397565286278668,False,False,False,all
2026-09-11,GREK,87.51000213623047,83,8,True,0.07849568214281089,0.20216533129300207,0.4457294548329247,-0.0019388477230112278,False,True,False,all
2026-09-11,IVZ,32.279998779296875,83,8,True,0.045099841719519196,0.1770303623805718,0.5616835345984459,-0.04099824938713814,True,True,False,all
2026-09-11,FRDM,70.83000183105469,83,8,True,0.04695096882194982,0.14515297449773246,0.6320276345801417,-0.07893367456932365,False,True,False,all
2026-09-11,KNTK,54.75,82,8,True,0.05936713193497445,0.20175423289688754,0.7475263368441007,-0.03812365141868945,False,True,False,all
2026-09-11,CNQ,50.06999969482422,82,8,True,0.0682420346169359,0.16817032738699766,0.6869945815361971,-0.04282167118448066,False,False,False,all
2026-09-11,SEIC,106.93000030517578,82,8,True,0.031131632588855096,0.19822345451426227,0.42421414088121745,-0.04654481631459095,False,True,False,all
2026-09-11,XLE,65.13999938964844,82,8,True,0.08315373877343735,0.1793556544440693,0.5381346336872639,-0.015565948432809118,False,True,False,all
2026-09-11,VDE,183.61000061035156,82,8,True,0.08225516849106462,0.17701585696971978,0.53212622013656,-0.014068598922273745,False,False,False,all
2026-09-11,OSBC,25.579999923706055,82,8,True,0.03307620133449207,0.18220681282179796,0.5363363669532655,-0.018419015812476736,True,False,False,all
2026-09-11,IX,40.11000061035156,82,8,True,0.010510732208343754,0.16239139493061217,0.658123180025558,-0.053786242324260214,False,False,True,all
2026-09-11,ADM,86.72000122070312,82,8,True,0.06104431914739994,0.19340627777141495,0.560273450229527,-0.02287322568221828,False,False,False,all
2026-09-11,GSL,45.81999969482422,82,8,True,0.06935645962564041,0.17415976000064326,0.6796187148651602,-0.014623662476898502,False,True,False,all
2026-09-11,FCFS,228.3800048828125,82,8,True,0.06263292041830004,0.15303691771978456,0.574383074083284,-0.044155142160342664,False,True,False,all
2026-09-11,PAG,215.91000366210938,82,8,True,0.022836783906950098,0.2324266958256982,0.5408935996717379,-0.048854609418020334,True,True,False,all
2026-09-11,GEF,82.31999969482422,82,8,True,5.831006538170591e-05,0.14172143906921697,0.47659192277711604,-0.09108976512971612,True,False,False,all
2026-09-11,FENY,36.099998474121094,82,8,True,0.0815377139471456,0.1768061106450527,0.5348638508297696,-0.01366120275533722,False,True,False,all
2026-09-11,SLAB,220.3300018310547,82,8,True,0.008720614388248338,0.1235869186287133,0.9074538806708821,-0.009708317716661363,False,False,False,all
2026-09-11,TRFK,96.41999816894531,82,8,True,0.022186577027067056,0.2076840641380775,0.6392383316763202,-0.16577265408003616,False,True,False,all
2026-09-11,HGER,36.13999938964844,82,8,True,0.08865913563871697,0.2027991014003112,0.4787233469691068,-0.009320179738331436,False,True,False,all
2026-09-11,EPOL,45.560001373291016,82,8,True,0.06358644673908453,0.176198796315159,0.45698755057035645,-0.010210676047579081,False,False,False,all
2026-09-11,TD,120.97000122070312,82,8,True,0.002215372955979955,0.1479979924714736,0.5915010896051835,-0.035865146698169315,False,True,True,all
2026-09-11,TRST,58.45000076293945,82,8,True,0.036641616510012076,0.20043582816266436,0.7035849147018827,-0.010998269508691538,False,False,False,all
2026-09-11,GRDN,43.63999938964844,82,8,True,0.09140925696747981,0.2094153507580565,0.8859118643352502,-0.07188432656761379,False,False,False,all
2026-09-11,PK,15.279999732971191,82,8,True,0.018218630181580764,0.2344232623430651,0.5528454772383917,-0.05679018436054262,False,True,False,all
2026-09-11,PLGO,25.200000762939453,82,8,True,0.014378441102715245,0.17833274072993643,0.48584918179687553,-0.04328015880958269,False,True,False,all
2026-09-11,HPK,8.470000267028809,81,8,True,0.12077068161370974,0.33310253432236214,1.2000001238538105,-0.07218747551567262,False,True,False,all
2026-09-11,IBB,202.92999267578125,81,8,True,0.019252911455557742,0.13806037785022163,0.4621370595314884,-0.06535557645783563,False,True,False,all
2026-09-11,EXEL,56.119998931884766,81,8,True,0.01504478374091045,0.1702747497315953,0.6623223258897393,-0.06028134988668332,False,True,False,all
2026-09-11,E,56.04999923706055,81,8,True,0.059878885118722414,0.15311895810648024,0.6470761459785936,-0.03362070280930096,False,True,False,all
2026-09-11,FXN,24.010000228881836,81,8,True,0.07478267270576677,0.17543100460828875,0.5816864127924539,-0.015580121782531875,False,False,False,all
2026-09-11,TMP,98.83000183105469,81,8,True,0.016882546918983943,0.1670797024560604,0.5971234667928698,-0.03665069345018801,False,False,False,all
2026-09-11,IYE,68.81999969482422,81,8,True,0.07887615406677884,0.1757912006330946,0.5252659867904268,-0.014040162092928687,False,False,False,all
2026-09-11,WSFS,79.7300033569336,81,8,True,0.003049571328437528,0.1543738303208071,0.5971555745475319,-0.038702664456037206,False,True,False,all
2026-09-11,ASND,263.5150146484375,81,8,True,0.0233477523413963,0.1284564858304298,0.4163361896986322,-0.06604635708368545,False,False,False,all
2026-09-11,CHAT,89.12999725341797,81,8,True,0.01998074023161256,0.17635176759395854,0.6053673724520732,-0.1527566555228188,True,True,False,all
2026-09-11,RSPG,116.04000091552734,81,8,True,0.07213935470253019,0.16896619372612753,0.5590487765651406,-0.01785865918833185,False,True,False,all
2026-09-11,WTAI,41.81999969482422,81,8,True,0.018276372919106443,0.17319344567770645,0.5751412767066533,-0.14461034532802963,False,False,False,all
2026-09-11,AUR,6.429999828338623,81,8,True,0.018194458679698045,0.1897107271804992,0.7861111107431813,-0.2492702693102914,False,False,True,all
2026-09-11,SAIC,129.89999389648438,81,8,True,0.06862387024761918,0.23937544365604801,0.6021212501592594,-0.08944349809388141,True,False,False,all
2026-09-11,EMXC,100.58999633789062,81,8,True,0.04765313054006981,0.14892471743546354,0.524552761747018,-0.06095972966075902,False,True,False,all
2026-09-11,COPP,42.880001068115234,81,8,True,0.04439408126536737,0.10033658152336011,0.6803167279615794,-0.09650227780674037,False,True,False,all
2026-09-11,CPAY,408.2200012207031,81,8,True,0.04623078786598467,0.20235316764151978,0.6145388670041174,-0.045010037474809916,True,True,False,all
2026-09-11,COPX,88.52999877929688,81,8,True,0.05000853069426392,0.08745852639854435,0.6995584281045275,-0.11461145443853527,False,False,False,all
2026-09-11,SPXL,282.92999267578125,81,8,True,0.008589001224915904,0.15829117123162573,0.6837062840987957,-0.06679200636321414,True,True,True,all
2026-09-11,SRCE,87.16000366210938,81,8,True,0.013497840980143616,0.1781212727555701,0.5320795323820797,-0.04701503898323678,True,True,False,all
2026-09-11,RBCAA,96.2699966430664,81,8,True,0.015810602974573706,0.2119151704435045,0.5049241020165836,-0.05820783121289608,True,False,False,all
2026-09-11,UPRO,148.02000427246094,81,8,True,0.00837659181458461,0.1560116131962117,0.6791832298381244,-0.06688520635291961,True,True,True,all
2026-09-11,SCL,61.56999969482422,81,8,True,0.0037495874604533963,0.13761290893085065,0.4722620790082006,-0.09455882801729087,True,True,False,all
2026-09-11,SDCI,31.520000457763672,80,8,True,0.07816934188690827,0.1906848723765724,0.43468372521086973,-0.011912199539521828,False,False,False,all
2026-09-11,RGA,248.72000122070312,80,8,True,0.03217881841298742,0.1575099155884414,0.3956567636521462,-0.03525850984822532,False,True,False,all
2026-09-11,BBY,90.80000305175781,80,8,True,0.06851188565451549,0.2654197294689147,0.6479129866837292,-0.0062383679291893035,False,False,False,all
2026-09-11,AAPL,332.2699890136719,80,8,True,0.044958959539024734,0.16605047684852803,0.46600484430379585,-0.03569671779056882,False,True,False,all
2026-09-11,IXN,142.74000549316406,80,8,True,0.03214893920682038,0.17847784439060854,0.5007886087388853,-0.04732027131578864,True,True,False,all
2026-09-11,ICOP,55.369998931884766,80,8,True,0.04056882204361201,0.09417166138136679,0.6440023286869083,-0.09125227876978548,False,False,False,all
2026-09-11,XOM,165.99000549316406,80,8,True,0.0697258686012141,0.13950240974118588,0.5036688686559534,-0.05906693471252045,False,True,False,all
2026-09-11,COMT,37.529998779296875,80,8,True,0.1179111418845451,0.20603029995101574,0.5482672909928685,-0.014443356757122827,False,True,False,all
2026-09-11,CTBI,77.66999816894531,80,8,True,0.01824366511027886,0.1739978890100531,0.5456716053521455,-0.028153153798172736,False,True,False,all
2026-09-11,MTCH,42.38999938964844,80,8,True,0.07269200825570254,0.2155762176243734,0.47136411577374693,-0.02484476192147711,False,True,False,all
2026-09-11,ELV,418.7200012207031,80,8,True,0.054049753913804066,0.15970897884474833,0.5235046092269817,-0.0401613547723102,False,True,False,all
2026-09-11,PFG,116.16500091552734,80,8,True,0.030126544975957348,0.16727540081002523,0.4912066577679919,-0.04138471180903469,False,False,False,all
2026-09-11,BSTZ,31.040000915527344,80,8,True,0.042737487084478776,0.1975771038372891,0.5002416681639368,-0.026654076211647837,True,True,False,all
2026-09-11,CVX,214.05999755859375,80,8,True,0.09919676993341753,0.1739352877837388,0.46126008281556685,-0.015363369050879427,False,True,False,all
2026-09-11,LXP,60.84000015258789,80,8,True,0.019133036142512383,0.15897083430665804,0.38272727619517943,-0.01249797841479483,True,False,False,all
2026-09-11,WASH,39.9900016784668,80,8,True,0.03667108437158184,0.172096590589921,0.5850179311942301,-0.013566828432159506,True,False,False,all
2026-09-11,NDSN,314.4700012207031,79,8,True,0.028015026714006908,0.11965580676466114,0.4263618609313682,-0.072688117042365,False,True,False,all
2026-09-11,ACT,49.43000030517578,79,8,True,0.03277812579707806,0.14858330341625736,0.4269630824516435,-0.022349704062946674,True,False,False,all
2026-09-11,MFC,43.4900016784668,79,8,True,0.0058096381682508635,0.125873117452018,0.4249672682230847,-0.040591221669162625,False,True,False,all
2026-09-11,IXC,59.66999816894531,79,8,True,0.0755343060410465,0.15701978837233344,0.4898876231120939,-0.013066505582039145,False,True,False,all
2026-09-11,THG,225.83999633789062,79,8,True,0.014935499690613252,0.17425497235422394,0.3560706463454355,-0.043334649336788544,False,True,False,all
2026-09-11,BY,38.66999816894531,79,8,True,0.007928890506348152,0.15036383839194722,0.5123190704133151,-0.03397453539406403,False,False,False,all
2026-09-11,GBTG,9.460000038146973,79,8,True,0.002415989792204476,0.2088839002727747,0.9091826808892132,-0.01046029048958308,False,False,False,all
2026-09-11,SKYY,158.47000122070312,79,8,True,0.053347363346134546,0.21685460058224848,0.5272744598890988,-0.06258504371523388,True,True,False,all
2026-09-11,PWR,650.5800170898438,79,8,True,0.006143777932774208,0.09929923117733308,0.7423139467704449,-0.1751758895849842,False,True,True,all
2026-09-11,SVXY,62.880001068115234,79,8,True,0.05371819612399964,0.16398749446434113,0.45252944648382565,-0.019185767127222975,False,True,False,all
2026-09-11,JNJ,265.5799865722656,79,8,True,0.010929933949193504,0.1200400930600769,0.5322216798400965,-0.055110898880381565,False,True,False,all
2026-09-11,CNK,35.08000183105469,79,8,True,0.01453555271705631,0.21111065472460733,0.6240741301629431,-0.1000512508204584,True,True,False,all
2026-09-11,BWA,66.6500015258789,79,8,True,0.0218662619528609,0.1475541311798283,0.6456790500217013,-0.15440241329694482,False,True,False,all
2026-09-11,GRMN,282.6700134277344,79,8,True,0.025156215603599152,0.1773639462399943,0.5142766175628526,-0.1005790552193575,True,True,True,all
2026-09-11,CIBR,94.4000015258789,79,8,True,0.0009904008466272707,0.21297863157957786,0.5714999501492031,-0.07767461716428181,False,True,True,all
2026-09-11,ZYME,26.239999771118164,79,8,True,0.022690947142864237,0.04745375672267449,0.7634408312707242,-0.1627313451384459,False,False,False,all
2026-09-11,DV,13.40999984741211,78,8,True,0.08363634629542949,0.23152368664076928,0.7552356127959878,-0.04214286804199219,True,True,True,all
2026-09-11,CFFN,8.819999694824219,78,8,True,0.015614171246321806,0.14483748520446382,0.47738693547610267,-0.047516255203240765,False,True,False,all
2026-09-11,MBWM,61.7400016784668,78,8,True,0.034725507272678646,0.15467591744032694,0.44421056557817074,-0.010418299688098487,False,True,False,all
2026-09-11,WDS,23.690000534057617,78,8,True,0.05302931974767322,0.14791316629171902,0.6601261229230684,-0.059547438197627534,False,True,False,all
2026-09-11,MET,97.13999938964844,78,8,True,0.020774877526061886,0.17915538494908523,0.44274464203035935,-0.037550786724143026,False,True,False,all
2026-09-11,CLOU,27.1299991607666,78,8,True,0.03867163285292152,0.2068596237013398,0.5485158933739886,-0.07374536316984792,True,True,False,all
2026-09-11,APH,83.91999816894531,78,8,True,0.04546500414992005,0.14687109055176406,0.4303732876774675,-0.059825272680759434,False,True,True,all
2026-09-11,DGX,235.02000427246094,78,8,True,0.02507872402191924,0.16335738014376489,0.3729408478103753,-0.04923337533373773,True,True,False,all
2026-09-11,BIIB,217.14999389648438,78,8,True,0.03664414004828043,0.13143475800489401,0.6038850349022684,-0.03830827740640319,False,True,False,all
2026-09-11,AIZ,282.4599914550781,78,8,True,0.00282460769126347,0.14386419995145827,0.37778644467823574,-0.07067187870563063,True,True,True,all
2026-09-11,CLH,322.82000732421875,78,8,True,0.036680433798068623,0.13337404706952483,0.6033575702587144,-0.039054578263497675,False,True,False,all
2026-09-11,HCC,97.7699966430664,78,8,True,0.06750720779070973,0.0910046108540512,0.6994611284130701,-0.12250943950996585,False,True,False,all
2026-09-11,ALSN,126.94000244140625,78,8,True,0.042381784577226966,0.09691459575617056,0.6700434005237292,-0.0776049488062176,False,True,False,all
2026-09-11,GNW,10.489999771118164,78,8,True,0.057736884015884504,0.16210794097918146,0.33801014884617575,-0.01870905679286894,False,False,False,all
2026-09-11,XCEM,52.13999938964844,78,8,True,0.046147663508786074,0.14356548776433664,0.462470513991182,-0.05935415654724685,False,True,False,all
2026-09-11,DIVB,68.47000122070312,78,8,True,0.029447586518376534,0.16410735782133368,0.3536970886122919,-0.019335412203119406,True,False,False,all
2026-09-11,NVGS,23.1299991607666,77,8,True,0.07817085028901793,0.14194303652299145,0.6427556311149794,-0.050492669079092,False,True,False,all
2026-09-11,XLK,187.6699981689453,77,8,True,0.02705352049401477,0.16323249405458484,0.4814493031010647,-0.05565338799562558,True,True,False,all
2026-09-11,TMV,44.650001525878906,77,8,True,0.07410742646783208,0.17144716198826715,0.40320559252367283,-0.006452984194301403,False,False,False,all
2026-09-11,FANG,204.97000122070312,77,8,True,0.03915817366477703,0.12635330574733072,0.5262099520705881,-0.05500227298980398,False,False,False,all
2026-09-11,BGC,12.170000076293945,77,8,True,0.06855617907460743,0.17618634016737822,0.47158396646387724,-0.055857272913245604,False,True,False,all
2026-09-11,OXY,61.459999084472656,77,8,True,0.07639495200359514,0.16417278302750993,0.5840206261078476,-0.088806495697338,False,True,False,all
2026-09-11,CECO,78.33999633789062,77,8,True,0.04297300308863505,0.10644477357438631,0.8295188439097494,-0.2261951996156063,False,True,True,all
2026-09-11,PAYO,7.119999885559082,77,8,True,0.0003793392238253812,0.2134743184587755,0.7450980437988963,-0.008356538191369944,False,True,False,all
2026-09-11,IMO,129.99000549316406,77,8,True,0.01625670869268503,0.10752090623696309,0.5610665393726524,-0.06777106126495624,False,False,False,all
2026-09-11,NOV,21.100000381469727,77,8,True,0.04751032464778282,0.10573095764583229,0.7168429981254751,-0.03784769321276127,False,True,False,all
2026-09-11,SXT,128.60000610351562,77,8,True,0.016237726679703357,0.194648290256759,0.5569008290454935,-0.07362052068499014,True,True,False,all
2026-09-11,OFG,52.65999984741211,77,8,True,0.01390899513556021,0.17035485712380383,0.47465699236910974,-0.03322932499959386,False,True,False,all
2026-09-11,FMBH,51.02000045776367,77,8,True,0.011474755358371613,0.14938775113695812,0.49355973904165107,-0.04385307582125375,False,True,False,all
2026-09-11,GSBC,80.16000366210938,76,8,True,0.010697095750390684,0.15646636680557124,0.4910715432444839,-0.03316849449443182,False,True,False,all
2026-09-11,FTEC,289.0199890136719,76,8,True,0.02914078672068454,0.16066155134913718,0.4584447276790833,-0.03913035405726317,True,True,False,all
2026-09-11,SHEL,96.7699966430664,76,8,True,0.08582709920401377,0.15819876085914442,0.41012745563666897,-0.0022682877157306214,False,False,False,all
2026-09-11,VGT,121.06999969482422,76,8,True,0.02909551222070883,0.16039679712101496,0.45709477711956503,-0.03912698654901414,True,True,False,all
2026-09-11,XNTK,361.8500061035156,76,8,True,0.018923808761160732,0.15332443612924407,0.4907510916355269,-0.07794821156759602,True,True,False,all
2026-09-11,WEAT,26.25,76,8,True,0.047076567209213493,0.15053614884551814,0.32709803279848826,-0.0760295620912812,False,False,False,all
2026-09-11,DCOM,40.709999084472656,76,8,True,0.00749368912739512,0.13721434085285167,0.5883730166792174,-0.030021493914299202,False,True,False,all
2026-09-11,GVAL,39.52130126953125,76,8,True,0.04561657892256288,0.12750564546082654,0.3867123252467106,-0.0088453447089899,False,False,False,all
2026-09-11,IYW,253.25,76,8,True,0.02558599204554457,0.15571668110610482,0.46777564538339367,-0.02973069796286021,True,False,False,all
2026-09-11,OILK,56.880001068115234,76,8,True,0.08555545085597638,0.16335685730088478,0.5743149567275241,-0.0725583014851009,False,True,True,all
2026-09-11,LNG,278.3399963378906,76,8,True,0.03555578446179086,0.1516019207030812,0.49484425832327217,-0.07494438902166467,False,False,False,all
2026-09-11,CALF,55.939998626708984,76,8,True,0.01622211018778774,0.1487107931364342,0.34471155477346116,-0.04113818168669381,True,False,False,all
2026-09-11,BAC,62.689998626708984,76,8,True,0.01106378491441773,0.13788478768756818,0.35928014047217705,-0.038939208945397374,False,True,False,all
2026-09-11,C,138.82000732421875,76,8,True,0.028011550533586727,0.11981194605396217,0.48216956968131197,-0.06177344535624307,False,True,False,all
2026-09-11,CFR,162.9199981689453,76,8,True,0.00015592020626353786,0.1298745299103492,0.36907561486508667,-0.04613585914529883,False,True,True,all
2026-09-11,ET,21.549999237060547,75,8,True,0.043189453408238654,0.1346524027064564,0.3318911514585676,-0.013278430105367,False,True,False,all
2026-09-11,ADI,378.7799987792969,75,8,True,0.00891127385946855,0.07902140454422613,0.694992601737209,-0.15054608403376524,False,True,True,all
2026-09-11,WES,49.029998779296875,75,8,True,0.035777941365755295,0.13709230743273126,0.3287261992363577,-0.020770939122551013,False,True,False,all
2026-09-11,IGE,65.91000366210938,75,8,True,0.06494368461220623,0.11860797177130822,0.41286176862279533,-0.021090125209091592,False,False,False,all
2026-09-11,FCG,31.829999923706055,75,8,True,0.08141714467781269,0.1387520900905863,0.4627757164018045,-0.03633057523280858,False,False,False,all
2026-09-11,JOYY,77.26000213623047,75,8,True,0.05634479827048011,0.17954201975139417,0.42441002480467427,-0.044993811137123974,False,False,True,all
2026-09-11,FLR,54.20000076293945,75,8,True,0.04035105155604479,0.12553449080752022,0.3780828436205035,-0.071122499052373,False,True,False,all
2026-09-11,KEX,139.4199981689453,75,8,True,0.0017848356847181002,0.048799005039670496,0.753269668694104,-0.11586025740122385,True,True,True,all
2026-09-11,AVNT,41.40999984741211,75,8,True,0.019634302137911508,0.12270750830844235,0.5069141389091214,-0.11213549765605502,True,True,False,all
2026-09-11,HOPE,13.9399995803833,75,8,True,0.0044240522015372985,0.1246787584404796,0.4224489090890513,-0.044551101124512105,False,True,False,all
2026-09-11,CAH,234.57000732421875,74,8,True,0.0013301838897779028,0.08419938821969786,0.6080757878669454,-0.0918698474262799,False,True,False,all
2026-09-11,BDX,177.85000610351562,74,8,True,0.034261806984294596,0.10909876154115605,0.3939565323597449,-0.07883151521895615,False,True,False,all
2026-09-11,GABC,49.75,74,8,True,0.006905648329712077,0.12900114621673642,0.3377252443421903,-0.0474822815234921,False,True,False,all
2026-09-11,IFF,83.61000061035156,74,8,True,0.019867979680332937,0.1144857243314843,0.4137639748604094,-0.06392744182693422,True,True,False,all
2026-09-11,BTX,8.869999885559082,74,8,True,0.0310117024912806,0.15833391819579457,0.4469820097822401,-0.05988346676518441,True,True,False,all
2026-09-11,IGM,162.24000549316406,74,8,True,0.02166507908239046,0.14054411748601336,0.44085264379867417,-0.05388377924300991,True,True,False,all
2026-09-11,FCF,21.309999465942383,74,8,True,0.011697872414716537,0.13374881170231445,0.42066663106282554,-0.046105670528663434,False,False,False,all
2026-09-11,AIQ,63.97999954223633,74,8,True,0.030243878652280065,0.13753141342784625,0.4390463531201667,-0.08938232853761585,True,True,False,all
2026-09-11,QLD,89.55000305175781,74,8,True,0.004115169643659211,0.12594067779153928,0.582155573603103,-0.1150311207511685,True,True,True,all
2026-09-11,BMY,63.63999938964844,74,8,True,0.003358179752600554,0.08795994506569338,0.49670740132902536,-0.07284382349155505,False,True,False,all
2026-09-11,GLNG,52.88999938964844,74,8,True,0.04122370513617568,0.11000577914018139,0.5102798029211082,-0.08478978107374191,False,True,False,all
2026-09-11,OKE,96.62000274658203,74,8,True,0.04584080301996418,0.13053122177798326,0.5092159920793486,-0.03234848048972383,False,True,False,all
2026-09-11,HOG,27.8700008392334,74,8,True,0.04776014559948938,0.2066162936528526,0.6307782674310347,-0.1081599731445313,True,True,False,all
2026-09-11,SPHB,148.16000366210938,74,8,True,0.014372120984923908,0.11735258943406546,0.43413035682319423,-0.05971951021584454,True,True,True,all
2026-09-11,PICK,63.349998474121094,74,8,True,0.0324012384486525,0.07036710848707695,0.515187667862413,-0.08215007888608628,False,True,False,all
2026-09-11,ZVRA,12.010000228881836,74,8,True,0.008972395046403792,0.1608154943716018,0.6773743693895047,-0.20119718318793,True,True,False,all
2026-09-11,UNM,94.41999816894531,74,8,True,0.04803511274122374,0.16011616056981337,0.3680093126812769,-0.02428437073103351,False,True,False,all
2026-09-11,IVES,39.439998626708984,74,8,True,0.03824989020406133,0.15315648180166486,0.46508166845958865,-0.05938472836498965,True,True,False,all
2026-09-11,DFEV,43.36000061035156,74,8,True,0.04555748066809473,0.12069391888238301,0.39916104971262056,-0.03526530415473961,False,True,False,all
2026-09-11,IWX,112.45999908447266,73,8,True,0.01593185447453127,0.11917590438013925,0.3010179998630169,-0.013075892090162244,True,True,True,all
2026-09-11,HSIC,88.36000061035156,73,8,True,0.007084702861725134,0.11263826102499164,0.4263115338524974,-0.04144065613123815,False,True,True,all
2026-09-11,HSTM,29.110000610351562,73,8,True,0.018473181933602367,0.20308895986462328,0.49282054412059284,-0.06428800902480591,False,False,False,all
2026-09-11,SSO,69.62999725341797,73,8,True,0.008151463511555601,0.11538272225735335,0.43183211441612745,-0.043544033866126375,True,False,True,all
2026-09-11,NWBI,15.489999771118164,73,8,True,0.00277071678079599,0.1303846364124599,0.37688886854383674,-0.04146040115224636,False,True,False,all
2026-09-11,RNR,324.989990234375,73,8,True,0.005129690735694803,0.08583248914409758,0.40584847864584694,-0.04482130389639094,False,True,False,all
2026-09-11,CACC,604.239990234375,73,8,True,0.009764403054830506,0.15652273765409097,0.5034585703178847,-0.09661214085519299,True,True,False,all
2026-09-11,AGIX,45.81999969482422,73,8,True,0.031027579587195042,0.14966724971419598,0.48356805424194405,-0.07751154854135245,True,True,False,all
2026-09-11,QCRH,102.56999969482422,73,8,True,0.01638180619174534,0.11783716681108558,0.5389346938724116,-0.05124411140736673,False,True,False,all
2026-09-11,BMRN,65.68000030517578,73,8,True,0.040106166978960855,0.13080045515997418,0.3333333849600406,-0.07466896028598302,True,True,False,all
2026-09-11,GNR,78.58999633789062,73,8,True,0.06302392194630313,0.10628433052717434,0.3729908112049465,-0.024696021940237012,False,False,False,all
2026-09-11,VPL,118.0999984741211,73,8,True,0.04459287263184053,0.12110442040890801,0.37373498659065385,-0.025818731305293552,True,False,False,all
2026-09-11,NBN,132.63999938964844,73,8,True,0.01333903468547848,0.11482045196603097,0.642600611636513,-0.06795023775447573,False,True,False,all
2026-09-11,VRTX,515.4400024414062,73,8,True,0.009380206484688625,0.10132116824154824,0.3775556136086682,-0.07998214646781576,False,True,False,all
2026-09-11,FRHC,165.5,72,8,True,0.04593850282288714,0.16742166823952753,0.5327622351359997,-0.06576344509101095,False,True,True,all
2026-09-11,SFST,63.119998931884766,72,8,True,0.011749227242073612,0.09783935111283992,0.5432761999274369,-0.030265747685394695,False,True,False,all
2026-09-11,KO,88.29000091552734,72,8,True,0.020108714059349442,0.12080413669971302,0.35103294532578455,-0.04541028268190095,False,True,False,all
2026-09-11,DXJ,177.22000122070312,72,8,True,0.0015722722542059753,0.0818512532971547,0.3980750886249016,-0.03216645388026651,False,False,True,all
2026-09-11,NEU,887.0800170898438,72,8,True,0.03595407644014004,0.20649038464970704,0.5293691227765938,-0.09634696192381309,False,True,False,all
2026-09-11,GARP,83.07499694824219,72,8,True,0.01546633988329793,0.12366613044638419,0.35632648078762763,-0.02813531018066262,True,False,False,all
2026-09-11,XPRO,17.579999923706055,72,8,True,0.04228424718412804,0.09345357913183405,0.5155171849639766,-0.08580341434258765,True,True,False,all
2026-09-11,JIVE,98.91999816894531,72,8,True,0.02976596156810185,0.10652665967608854,0.3420160005100754,-0.012872976023479699,False,True,False,all
2026-09-11,EOG,147.36000061035156,72,8,True,0.03179693601326594,0.138135659999846,0.45053652842184255,-0.0410620006102721,False,False,False,all
2026-09-11,BSAC,35.189998626708984,72,8,True,0.01931451046215904,0.06364324762133466,0.3794589694620103,-0.06707323733079618,False,True,False,all
2026-09-11,IOSP,93.2300033569336,72,8,True,0.04578202227490924,0.1519077935547708,0.4231415099492495,-0.035684701462061263,True,True,False,all
2026-09-11,BUSE,30.440000534057617,72,8,True,0.005516484713411263,0.12819716375142853,0.38363638791170995,-0.039747640333021805,False,True,False,all
2026-09-11,ETN,425.3699951171875,71,8,True,0.023083768831737128,0.11157072551786906,0.36371498078220377,-0.11010461272554917,False,True,True,all
2026-09-11,DFLV,41.709999084472656,71,8,True,0.014683828379729036,0.10469433365867653,0.30079528678756073,-0.01511214669912031,True,True,True,all
2026-09-11,DXCM,83.02999877929688,71,8,True,0.007464662519517162,0.1631213445840014,0.5344667869660447,-0.10325086874078981,True,True,False,all
2026-09-11,CLSE,34.029998779296875,71,8,True,0.00784832526000745,0.10614988184954277,0.3455910457639968,-0.021001138592809054,False,False,False,all
2026-09-11,MQQQ,226.10049438476562,71,8,True,0.003336002445861963,0.11392305070953568,0.5551202228718628,-0.10938472945415767,True,True,True,all
2026-09-11,DFUV,57.0099983215332,71,8,True,0.012769283541950838,0.10466510029350351,0.3087694335218525,-0.015201262349168188,True,True,True,all
2026-09-11,AAXJ,117.6500015258789,71,8,True,0.02938089630264651,0.1033578696909343,0.33723570171479267,-0.05797099767116842,False,True,False,all
2026-09-11,BFST,31.420000076293945,71,8,True,0.00534349584737992,0.09830570706519204,0.3927305328055095,-0.03397390923120336,False,True,False,all
2026-09-11,EEMA,117.41169738769531,71,8,True,0.027351276955326798,0.10373708501139745,0.3173084371792998,-0.04333338078522775,False,True,False,all
2026-09-11,TAK,18.260000228881836,71,8,True,0.0449691755618582,0.08399155109031331,0.40569673214936763,-0.03386240225216497,False,True,False,all
2026-09-11,ABUS,5.119999885559082,71,8,True,0.0692060121169853,0.13599802801297245,0.46285711015973763,-0.060550446835804794,False,False,False,all
2026-09-11,KBWB,96.8499984741211,71,8,True,0.0006901795978593306,0.09965532413058997,0.3209219705023798,-0.037372051619325886,False,True,True,all
2026-09-11,PRAA,18.93000030517578,70,8,True,0.021774108028570716,0.10764263406079766,0.8468292980659298,-0.16053210884084457,False,True,False,all
2026-09-11,BCI,26.479999542236328,70,8,True,0.08071485654960742,0.1339924576049405,0.3597616450954628,-0.012308837384546134,False,True,False,all
2026-09-11,ABBV,257.1199951171875,70,8,True,0.010265301581982245,0.12409039012338274,0.34794230729849285,-0.038695951158183584,False,True,False,all
2026-09-11,IYZ,43.2599983215332,70,8,True,0.026276048340168723,0.0912282584410431,0.39278812187257905,-0.06099416956598569,True,True,True,all
2026-09-11,EEM,67.83999633789062,70,8,True,0.03013567061823208,0.09363609041899612,0.30914698451197564,-0.05211685584516412,False,True,False,all
2026-09-11,JCI,146.00999450683594,70,8,True,0.008544378064389901,0.07883286162067349,0.3973585749058848,-0.07035529876177049,False,True,True,all
2026-09-11,EMGF,72.62000274658203,70,8,True,0.030628516292221963,0.09781867200352679,0.32325075315593566,-0.05171061621556139,False,True,False,all
2026-09-11,AVLV,93.52999877929688,70,8,True,0.004918745450875228,0.09397473299306558,0.334236816193733,-0.01872741558399149,False,True,True,all
2026-09-11,AME,241.8699951171875,70,8,True,0.002475186301251986,0.06596302598669035,0.34941970377484766,-0.07386279780375338,False,False,True,all
2026-09-11,ESGE,54.86000061035156,70,8,True,0.03670417733864162,0.10100651973265928,0.3058796191913151,-0.03939765322979483,False,False,True,all
2026-09-11,AGL,89.7699966430664,99,6,False,-0.10476193823917823,0.6909165084920235,11.001336419005225,-0.32524052034491935,True,True,False,all
2026-09-11,AMDL,57.66999816894531,99,7,False,0.02103683525714861,0.6171489658514064,5.498027962698063,-0.3117317396011827,True,True,False,all
2026-09-11,AXTI,64.7699966430664,99,5,False,0.033159312433525656,0.16144262584515512,18.686929299107344,-0.5475691884170488,False,True,False,all
2026-09-11,ERAS,15.880000114440918,99,6,False,-0.12570472069602812,0.21181366335516327,9.379085236201915,-0.3459637699608782,False,False,False,all
2026-09-11,INTW,23.850000381469727,99,7,False,0.023407517465787286,0.2745924992068822,7.974600235072193,-0.5467933419198152,False,True,False,all
2026-09-11,IONZ,30.924999237060547,99,4,False,3.59851288466184,1.3211172258272321,16.87572190526486,-0.5995208657317481,False,True,False,all
2026-09-11,MULL,21.850000381469727,99,7,False,0.02323709744902458,0.5690975108137484,18.03310134596426,-0.4980058167330328,True,True,False,all
2026-09-11,MUU,31.43000030517578,99,7,False,0.024260948199821497,0.5780043506058417,18.12382164317043,-0.49824392382785143,True,True,False,all
2026-09-11,SLS,11.545000076293945,99,6,False,-0.09357849329571954,0.6407013393795593,7.305755536049446,-0.27298488708478164,False,True,False,all
2026-09-11,SNDK,1633.3499755859375,99,7,False,0.07607915042748203,0.5801425496335568,19.070656558265448,-0.30625340317046124,False,True,False,all
2026-09-11,NUAI,5.940000057220459,99,7,False,0.18199547340214917,0.2280783459087381,14.631579294099046,-0.3710957915143682,False,True,False,all
2026-09-11,CRWU,37.48500061035156,99,7,False,1.4377222067954585,3.0694030065055884,17.420146943163473,-0.2735464783172158,False,True,False,all
2026-09-11,ABSI,8.210000038146973,98,6,False,-0.09057677466798453,0.5238059931410877,2.665178572854065,-0.31895480461978654,False,True,False,all
2026-09-11,AEHR,94.69000244140625,98,7,False,0.04079194877706205,0.47459255611140927,4.06363628760205,-0.3575983286138745,False,False,False,all
2026-09-11,AMDG,97.7406997680664,98,7,False,0.020109239598392392,0.6073136399065029,4.783473489602749,-0.3086667393378433,True,True,False,all
2026-09-11,AMUU,204.10000610351562,98,7,False,0.023276999689299638,0.622711908434195,4.799943565459676,-0.30495484302491194,True,True,False,all
2026-09-11,ATEX,82.18000030517578,98,6,False,-0.13429672090505973,0.4973077961499377,3.6746302993072675,-0.27274336013118783,False,True,False,all
2026-09-11,BAND,56.869998931884766,98,7,False,0.03428770325343167,0.6541617719820532,3.5495999145507815,-0.2808548607095259,True,True,False,all
2026-09-11,BFLY,7.329999923706055,98,6,False,-0.08326873209063745,0.3951275039482949,3.9863944088735828,-0.27064678760268956,False,True,False,all
2026-09-11,EVC,8.609999656677246,98,6,False,-0.1397226657834364,0.4136305620637466,3.4153843313514436,-0.37336245996337725,True,True,False,all
2026-09-11,MBX,59.02000045776367,98,7,False,-0.07150891035876195,0.42535512596088276,5.128764252999197,-0.1874999868712235,False,True,False,all
2026-09-11,ORKA,92.37999725341797,98,7,False,-0.030747920198998413,0.5530121772456011,5.2972049606666225,-0.20031163488643777,False,True,False,all
2026-09-11,STX,830.1699829101562,98,6,False,-0.02126533651972351,0.3701910510680917,3.30162163469943,-0.27496071361558405,False,True,False,all
2026-09-11,DFTX,38.88999938964844,98,7,False,-0.09825728227886277,0.5266635891189981,3.43291923379501,-0.2175050544737993,False,True,False,all
2026-09-11,DMRA,28.100000381469727,98,6,False,-0.05693937070223398,0.07141088266051043,10.10671964396661,-0.2667971344532203,False,False,False,all
2026-09-11,MVLL,29.31999969482422,98,7,False,0.08049144059959001,0.44384644774437887,5.076684114789582,-0.6224892619542874,False,False,False,all
2026-09-11,SYRE,90.5999984741211,98,7,False,-0.07648085740560917,0.4315034798322859,5.246121872410146,-0.17767192226389872,False,False,False,all
2026-09-11,WDC,447.17999267578125,98,6,False,-0.09628548277553606,0.17920434503389115,3.7365742541036786,-0.4409341575436072,False,True,False,all
2026-09-11,PACS,44.7599983215332,98,7,False,-0.00035737143142444694,0.17110076756836223,4.5943002199017196,-0.09557492819790359,False,True,False,all
2026-09-11,OPTX,7.099999904632568,98,4,False,-0.11540810999489404,-0.024641551614812074,5.016949339181458,-0.5241286951523814,False,True,False,all
2026-09-11,PRAX,334.5799865722656,98,7,False,-0.015576973647795644,0.07512521237940462,7.983219121153949,-0.14800107926690054,False,True,False,all
2026-09-11,MXL,74.56999969482422,98,7,False,0.015749079876237193,0.5346400122334924,4.839467268733613,-0.4187841159696485,False,True,False,all
2026-09-11,RLAY,18.8700008392334,98,7,False,-0.02586839560958043,0.4283849514910494,3.8571430850848714,-0.1128349584804198,False,False,False,all
2026-09-11,CHRN,19.0,98,6,False,-0.11159324373320001,0.36599990281098993,4.475504277620912,-0.3666666666666667,False,True,False,all
2026-09-11,AAOI,105.36000061035156,97,4,False,-0.08171482527958684,0.020516393037238734,4.695135168127112,-0.5491077098645097,False,True,False,all
2026-09-11,AVAH,14.079999923706055,97,6,False,0.2682171083922875,0.6512303525780301,1.3743676781270286,-0.03170348881746221,False,False,False,all
2026-09-11,BLZE,12.399999618530273,97,6,False,-0.19466402506567748,0.5546298339290678,2.8025145447400406,-0.4831179767888628,False,True,False,all
2026-09-11,ELVN,54.31999969482422,97,7,False,-0.033546542370417654,0.4170964557769943,2.673993930025783,-0.12836970537829473,False,False,False,all
2026-09-11,IBRX,7.909999847412109,97,6,False,0.012117245406902732,0.17765286447388418,3.0564100789678994,-0.3636363915358529,False,True,False,all
2026-09-11,ICHR,57.349998474121094,97,5,False,-0.2076551666018499,0.03943224459922168,3.0789471381597977,-0.49506957607355284,False,True,False,all
2026-09-11,INTC,102.94000244140625,97,7,False,0.046644542515718035,0.3627758914040504,3.280249717545847,-0.27685284139328226,False,True,False,all
2026-09-11,KORU,23.06999969482422,97,5,False,0.11573783322168674,0.0016774790173208487,3.80224816218181,-0.6394467535397361,False,True,False,all
2026-09-11,LABU,261.29998779296875,97,7,False,-0.07390281451049352,0.2904018573096454,2.4863241952286304,-0.23580851814677173,False,True,False,all
2026-09-11,MEI,14.649999618530273,97,6,False,-0.07091490107891829,0.4093720500225011,2.002049031756768,-0.28115798715375373,False,False,False,all
2026-09-11,MRVL,236.10000610351562,97,7,False,0.08879215668330098,0.5250352240183978,2.569700760240219,-0.2842851867078502,False,True,False,all
2026-09-11,SILC,42.25,97,7,False,-0.010353228832156725,0.39864538575354436,2.167166380564375,-0.20207744303619635,False,True,False,all
2026-09-11,TRT,10.100000381469727,97,6,False,-0.03463828723053364,0.1649836369432116,2.9376218932386724,-0.5275958476180043,False,True,False,all
2026-09-11,MNPR,110.26000213623047,97,7,False,-0.007706322687430767,0.45731819116402206,1.5937428014524029,-0.1166479538070172,False,True,False,all
2026-09-11,LRCU,46.040000915527344,97,5,False,-0.14840029225557427,-0.009684702602610007,3.407428726631168,-0.59493225908741,False,True,False,all
2026-09-11,TNGX,23.780000686645508,97,6,False,-0.10230951144937805,0.19552911666030126,2.762658234294686,-0.3085198863422077,False,True,False,all
2026-09-11,QURE,44.5099983215332,97,7,False,0.004617903966488646,0.5515427242310122,4.0985109570957965,-0.3774825409575776,False,True,False,all
2026-09-11,SOXL,121.81999969482422,97,5,False,-0.10567852316008175,0.10155770417463872,3.332147797266753,-0.5966225175668072,False,True,False,all
2026-09-11,DOCN,122.94999694824219,97,6,False,-0.0016402702698898874,0.24446529028676944,2.6499923388968534,-0.34426668294270835,False,True,False,all
2026-09-11,ANAB,53.869998931884766,96,6,False,-0.06088146418544205,0.14509615679774668,3.7237809188372495,-0.25552793701637533,False,True,False,all
2026-09-11,ATRC,54.540000915527344,96,6,False,0.29795337968951285,0.5622024006068007,1.1506308991674454,-0.021177320160167934,False,False,False,all
2026-09-11,AUGO,87.08000183105469,96,7,False,0.23932775926280403,0.2519121109996265,1.9914118861299128,-0.21066703070554527,False,False,False,all
2026-09-11,FCEL,15.890000343322754,96,6,False,-0.21298450338899233,0.16641833517135063,1.8476703513589174,-0.5805174262073118,False,True,False,all
2026-09-11,FORM,114.94999694824219,96,5,False,0.03143380116462513,0.11270665765640242,2.8860715769008087,-0.282772859025911,False,True,False,all
2026-09-11,FSLY,23.15999984741211,96,7,False,0.02663214067362696,0.22653412011990381,2.117092918236416,-0.33486501865608276,False,True,False,all
2026-09-11,HTFL,49.880001068115234,96,6,False,0.4209490603591881,0.6454443845877187,1.477893847374392,-0.03665647213660472,False,False,False,all
2026-09-11,NBIS,224.5500030517578,96,7,False,0.060800335862065236,0.4238589905142245,2.054271127648846,-0.25115049015796354,False,True,False,all
2026-09-11,NEO,17.31999969482422,96,6,False,0.09186270970163757,0.4676286761657509,1.4497877332800968,-0.12348180697342481,False,True,False,all
2026-09-11,NUTX,200.24000549316406,96,6,False,0.1328739770823404,0.4043346572196618,1.4286235646420256,-0.018431345621744755,True,False,False,all
2026-09-11,TEAM,179.6999969482422,96,6,False,0.3430352519214255,0.6349595389641998,2.208355692436363,-0.09516620631633943,True,True,False,all
2026-09-11,URGN,42.310001373291016,96,7,False,-0.020767289558989432,0.4772993589376344,1.6677176727099114,-0.16728989904078495,False,True,False,all
2026-09-11,CADL,10.545000076293945,96,7,False,-0.04970035203280343,0.39964561557173983,1.4241380017190255,-0.2467857088361468,False,True,False,all
2026-09-11,VSTS,12.970000267028809,96,7,False,-0.07415336968199837,0.27805289100916997,2.227170961602211,-0.23254434557456172,False,False,False,all
2026-09-11,INBX,109.2699966430664,96,7,False,0.10877385779881243,0.21973132383211968,3.172202917711709,-0.29634875801862715,False,False,False,all
2026-09-11,PENG,51.15999984741211,96,6,False,-0.1093686940215155,0.37275117575820227,2.189525992974679,-0.4306699365688781,False,True,False,all
2026-09-11,CRWL,66.06109619140625,96,7,False,-0.028763843297440306,0.598572860230747,3.3318751600922134,-0.22951833639686658,False,False,False,all
2026-09-11,HUT,98.5999984741211,96,7,False,0.04618824521004261,0.29188426939914547,2.215916469824886,-0.2997159351063655,False,True,False,all
2026-09-11,MRVI,6.53000020980835,96,6,False,-0.044259675404460186,0.4290560624125197,1.565815329686513,-0.30679403854342546,False,True,False,all
2026-09-11,IRDM,47.29999923706055,96,7,False,-0.018920536711975355,0.36313397705785166,2.0223642421725883,-0.1727877057604864,False,True,False,all
2026-09-11,ACRS,5.320000171661377,95,7,False,-0.08138066226752194,0.24388436912258382,2.057471346266125,-0.19393935628283177,False,False,False,all
2026-09-11,ALM,15.489999771118164,95,5,False,0.00983758219793307,0.02016621096224669,2.4808989741678547,-0.3654240119644909,False,False,False,all
2026-09-11,ASST,27.6200008392334,95,4,False,0.7311513900138467,0.8613804588596512,2.934473064711897,-0.8602226721351199,False,False,False,all
2026-09-11,GH,157.3800048828125,95,7,False,-0.015435940910134671,0.3271918739975097,1.947191018459848,-0.10873256738671944,False,True,False,all
2026-09-11,IMOS,55.33000183105469,95,6,False,-0.051535543687890484,0.18946916678805392,2.1563034605700566,-0.2938097905728726,True,True,False,all
2026-09-11,IRWD,4.079999923706055,95,4,False,-0.020690338721701118,0.03174902154411319,2.54782609416767,-0.29411768588130605,False,True,False,all
2026-09-11,UCTT,74.04000091552734,95,5,False,-0.12895961207393214,0.08605649455759878,2.4453234855327737,-0.48661766544973006,False,True,False,all
2026-09-11,VSAT,74.30999755859375,95,7,False,-0.014550369245951766,0.28035254754713446,1.8471263016284007,-0.20122542691969936,False,True,False,all
2026-09-11,BVS,12.979999542236328,95,7,False,-0.014531522035735711,0.3198198744476819,1.075139776939317,-0.18328825087377643,True,True,False,all
2026-09-11,UTZ,14.279999732971191,95,6,False,0.13252436993368266,0.48149682746691425,1.1061945857041269,0.0,True,True,False,all
2026-09-11,VICR,197.91000366210938,95,4,False,-0.09634756712792303,-0.032044110745342635,3.1612699316121695,-0.48279104450829136,False,True,False,all
2026-09-11,TSEM,211.52000427246094,95,6,False,-0.07064371891545451,0.12205477021492217,2.274810593980113,-0.33887603094833796,False,True,False,all
2026-09-11,VIAV,38.75,95,4,False,-0.008860156454417067,0.09895407874686768,2.259041116997227,-0.35876220744150655,False,True,False,all
2026-09-11,CHYM,33.0,95,6,False,0.20102195390154565,0.43021369312882807,1.078085627341434,-0.07172993788427984,True,True,False,all
2026-09-11,RXT,3.2200000286102295,95,5,False,-0.2211875652370635,0.15803594984494151,7.1933841575406845,-0.6255814086301312,False,True,False,all
2026-09-11,ANF,145.22999572753906,94,6,False,0.29660841398396953,0.47235789100377557,1.218945798307475,-0.06436029773611163,False,False,False,all
2026-09-11,ATI,198.77000427246094,94,7,False,-0.02062513495866536,0.23751599328505213,1.6495602928133684,-0.18393070453918425,False,False,False,all
2026-09-11,IMNM,24.670000076293945,94,7,False,-0.023592876103258775,0.09762622477123761,1.764145607739497,-0.1793080334467485,False,True,False,all
2026-09-11,KOD,32.88999938964844,94,5,False,-0.17725225324862848,-0.0156467156167841,2.6913580194057207,-0.3125000149509978,False,False,False,all
2026-09-11,LQDA,66.73999786376953,94,6,False,-0.14077449159731925,0.2803787345409814,2.1555555114665923,-0.2870420101632891,False,True,False,all
2026-09-11,SITM,635.6599731445312,94,7,False,0.05656805065379733,0.25400644250749127,1.6086170137090336,-0.29512871351458914,False,True,False,all
2026-09-11,GKOS,167.25,94,7,False,-0.012908617541186107,0.27732745795661873,1.2860851780769003,-0.12717876911688542,False,True,False,all
2026-09-11,VSXY,75.6500015258789,94,6,False,-0.10955580535863219,0.18752170839226978,2.0151455187646157,-0.26166306654453875,False,False,False,all
2026-09-11,NIQ,17.84000015258789,94,6,False,0.24237445081772258,0.3932329922285329,1.249684809428989,-0.09395633983197704,True,True,False,all
2026-09-11,REPL,12.920000076293945,94,6,False,0.037376053513686225,0.4864798888049271,7.613333384195963,-0.20881811777977144,True,True,False,all
2026-09-11,ACMR,72.0,93,6,False,-0.12619238363390484,0.1229650665099713,1.5298665606522142,-0.4339177716961765,False,True,False,all
2026-09-11,ACVA,10.40999984741211,93,6,False,0.38892593557699784,0.5542532743329671,1.5608855352711104,-0.017461105705906643,False,False,False,all
2026-09-11,AMBQ,63.52000045776367,93,6,False,-0.05551242345239682,0.3133532258039875,1.871609315000598,-0.3066259138242363,False,True,False,all
2026-09-11,AMN,33.34000015258789,93,7,False,-0.015351532062900297,0.3580835375060971,1.227120878950064,-0.10424505483242796,True,True,False,all
2026-09-11,AMPL,12.59000015258789,93,6,False,0.13392777594841077,0.4111541853797691,1.2849364119069784,-0.14701897307885992,True,True,False,all
2026-09-11,ARWR,82.8499984741211,93,7,False,-0.016606724129893835,0.15047631093521785,1.9652826374548789,-0.13236987823249557,True,True,False,all
2026-09-11,BB,7.670000076293945,93,6,False,-0.13481928060410442,0.2657601326743604,1.4583334479576546,-0.4356144230923076,False,True,False,all
2026-09-11,BJRI,60.779998779296875,93,7,False,-0.0641139061031406,0.282440790672031,1.135628978725355,-0.18525469138740547,False,True,False,all
2026-09-11,HYMC,21.18000030517578,93,4,False,-0.07884205548262246,-0.2972198917624954,2.9962263288596414,-0.6393665848755209,False,False,False,all
2026-09-11,KOPN,4.559999942779541,93,7,False,0.07364850723125582,0.30544937640239467,1.5193370646061681,-0.3101361799284744,False,True,False,all
2026-09-11,LIND,25.670000076293945,93,6,False,-0.1196905380785871,0.21540396082224667,1.2576957198475562,-0.2665714263916016,False,False,False,all
2026-09-11,NEXA,13.3100004196167,93,7,False,-0.027729050415723377,0.07879415205882268,1.7614107770931788,-0.2119596861694295,False,False,False,all
2026-09-11,ENVA,223.47999572753906,93,7,False,-0.07200169447113636,0.2448821307697726,1.1692875462016432,-0.164404615713591,False,True,False,all
2026-09-11,FTK,27.329999923706055,93,7,False,0.018886491725558896,0.35651940392062365,1.459946063749911,-0.3110662670738241,False,True,False,all
2026-09-11,ONTO,281.260009765625,93,6,False,-0.023594631666853827,0.15246997669648832,1.6197839806877399,-0.27221441809114544,False,True,False,all
2026-09-11,LRCX,298.2200012207031,93,6,False,-0.05098557451551322,0.1288246284560821,1.7539015486141931,-0.31990877714776933,False,True,False,all
2026-09-11,PANW,330.6499938964844,93,7,False,-0.05405167364107977,0.40148241230725423,1.36906195131444,-0.1710539765119926,False,False,False,all
2026-09-11,IMVT,37.36000061035156,93,7,False,-0.07607994709075883,0.21034726067175602,1.5624143213887698,-0.17745481910002703,False,False,False,all
2026-09-11,FTNT,156.07000732421875,93,7,False,-0.018316491779129862,0.39823245514363004,1.1219578633381002,-0.10247853314151256,False,True,False,all
2026-09-11,AMAT,456.489990234375,92,6,False,-0.11679019413372949,0.10852030209430064,1.7834755502096038,-0.3828464034212101,False,True,False,all
2026-09-11,ARM,264.7900085449219,92,6,False,-0.008557844411368865,0.29601778169450577,1.6473707001796591,-0.4150872511489426,False,True,False,all
2026-09-11,ARMG,18.850000381469727,92,5,False,-0.08765039984050704,0.10422866206582704,3.066882297871465,-0.7141773881162834,False,True,False,all
2026-09-11,GTLB,46.9900016784668,92,5,False,0.21683110057287047,0.484019760110153,1.508809547619256,-0.1540953677076361,False,False,False,all
2026-09-11,MGTX,12.789999961853027,92,7,False,-0.0314274994712036,0.30123153452031826,0.9320241968210952,-0.16677526749166016,False,True,False,all
2026-09-11,NSP,49.689998626708984,92,5,False,-0.013966031961019199,0.3211331732008349,1.6758211870384927,-0.11109128317814088,False,True,False,all
2026-09-11,RAPP,43.619998931884766,92,7,False,-0.02192487031994028,0.24054020701563328,0.9773345416090362,-0.17589271338773516,False,True,False,all
2026-09-11,SPHR,143.5,92,7,False,-0.04242554292915146,0.14914961428201856,1.6315790062786855,-0.20993230114932793,False,True,False,all
2026-09-11,VSH,33.209999084472656,92,5,False,-0.06254236342067632,0.13537293989278987,1.821580101347136,-0.5219519432716583,False,True,False,all
2026-09-11,DAVE,350.7099914550781,92,7,False,-0.07173141059247568,0.33143623935993993,1.3041191510776438,-0.2346754141733156,True,True,False,all
2026-09-11,HAE,102.69000244140625,92,6,False,0.14250559956837106,0.40242440528653955,1.1701184087843162,-0.06279088502856822,False,True,False,all
2026-09-11,COHR,305.3699951171875,92,5,False,0.0162110352770648,0.09187896697325248,2.034582166867896,-0.3059772838245739,False,True,False,all
2026-09-11,CGON,72.3499984741211,92,7,False,-0.01830420109046338,0.17247825736952627,1.2213693322698562,-0.10645921472924458,False,True,False,all
2026-09-11,KRYS,347.0,92,7,False,-0.002077513773331763,0.18365933022261127,1.532421656761811,-0.09289346941305587,False,True,False,all
2026-09-11,XMTR,86.11000061035156,92,7,False,-0.05334094853629756,0.24147666249659583,1.4012827424630476,-0.18825415607088491,False,True,False,all
2026-09-11,AVTR,14.8100004196167,92,6,False,0.13891540901483523,0.4182360040584219,1.0385410449815957,-0.07030758720043373,False,True,False,all
2026-09-11,CBZ,54.540000915527344,92,6,False,0.10233485011486776,0.37550820693740916,1.245368417448792,-0.06240325541828673,True,True,False,all
2026-09-11,U,43.959999084472656,92,6,False,0.1667781122678611,0.3672597583661892,1.6197852971161413,-0.15704702208574328,True,True,False,all
2026-09-11,VOR,22.299999237060547,92,7,False,0.03130921547639831,0.3983404410118261,2.4307691133939304,-0.5535535756466676,True,True,False,all
2026-09-11,KFRC,51.2400016784668,92,7,False,-0.09085744961509268,0.2735038788197959,1.092282652403115,-0.16926067728687944,False,False,False,all
2026-09-11,TECL,206.00999450683594,92,7,False,0.05129131712582202,0.33140350495173654,1.7409524277430597,-0.25196078768153607,True,True,False,all
2026-09-11,AMDW,86.48999786376953,91,6,False,-0.020231800964362723,0.23902411681483593,1.258224532288724,-0.25375326380425045,False,True,False,all
2026-09-11,ASMG,44.419498443603516,91,6,False,-0.07354167535762168,0.1039485646520002,1.9339166074189689,-0.32513675707147627,False,True,False,all
2026-09-11,AXGN,42.15999984741211,91,7,False,-0.06631468830677267,0.1116120711863553,1.7609691279332509,-0.20317520376114295,False,False,False,all
2026-09-11,FROG,87.18000030517578,91,7,False,-0.020078384659672044,0.31599951750456845,1.5603524892384644,-0.17568080045158863,False,True,False,all
2026-09-11,GLW,166.39999389648438,91,6,False,0.04346949773396691,0.14362842023167066,1.2305629664886508,-0.38774010359896993,False,True,False,all
2026-09-11,HYLN,3.9000000953674316,91,7,False,0.030110953985753586,0.2505210802807889,1.500000152832428,-0.5406360187859243,False,True,False,all
2026-09-11,JBIO,17.889999389648438,91,5,False,-0.15260662971717687,-0.014193389879536,1.5890014160200727,-0.3610714503696987,False,False,False,all
2026-09-11,MRAM,16.219999313354492,91,4,False,-0.019210689292157745,0.033459978214397834,1.4198118972399216,-0.6850485570222429,False,True,False,all
2026-09-11,DCO,172.72999572753906,91,7,False,-0.0460743128898784,0.227043518598818,1.0378715357972603,-0.17900092101032783,False,True,False,all
2026-09-11,CYRX,15.550000190734863,91,7,False,-0.007961809202075454,0.29870131370008957,1.043363983957469,-0.09593026157067497,False,True,False,all
2026-09-11,PAYC,218.91000366210938,91,6,False,0.1571898587400229,0.4557940219995873,1.0868446184731857,-0.10641681982239937,True,True,False,all
2026-09-11,ALTO,3.9000000953674316,90,5,False,-0.16078496791010177,-0.04658295245787236,3.239130461542728,-0.36170212599910456,True,True,False,all
2026-09-11,ARX,19.84000015258789,90,6,False,0.2536332650171258,0.3928329562371853,1.1612199883481362,-0.0030150485976147,True,True,False,all
2026-09-11,ATRO,73.9800033569336,90,7,False,-0.009497956433557886,0.1804561439722363,1.368342917693933,-0.2168113055900459,False,True,False,all
2026-09-11,EAT,212.49000549316406,90,7,False,-0.004758625870129096,0.2838798119403576,1.1185443572071763,-0.16667319928011592,False,True,False,all
2026-09-11,GRAL,76.2300033569336,90,4,False,0.040421290974787416,0.044334959845758526,1.151566545309839,-0.3585492619825281,False,True,False,all
2026-09-11,HRTG,34.58000183105469,90,6,False,0.11289913450924982,0.26078997399379533,0.6884766896473622,-0.05260268956014558,True,True,False,all
2026-09-11,LTH,41.5,90,7,False,-0.041419902971883804,0.2671794377988308,0.7191384030355763,-0.12141421692063525,False,True,False,all
2026-09-11,NOK,11.130000114440918,90,6,False,0.0754870249175521,0.14748775631017974,1.484375014967684,-0.3621776717581032,False,True,False,all
2026-09-11,PD,14.09000015258789,90,5,False,0.22311152810950308,0.46964491237158357,1.4719299340475631,-0.16676521113368248,False,False,False,all
2026-09-11,RIGL,47.2400016784668,90,6,False,0.11050517601472465,0.2963011718755273,0.8933867829229387,-0.09571209493396682,False,True,False,all
2026-09-11,SKYQ,3.109999895095825,90,3,False,-0.07922788708024597,-0.10127428605475619,1.827272570625813,-0.8401028394291017,True,True,False,all
2026-09-11,SVM,11.90999984741211,90,7,False,0.0833181619253498,0.08691187086832408,1.4231942909154904,-0.24476857947402653,False,True,False,all
2026-09-11,VAC,103.58999633789062,90,7,False,-0.01503644342845245,0.3307682672987666,1.3236875747665229,-0.21128369707434147,False,False,False,all
2026-09-11,CBLL,23.6299991607666,90,6,False,0.12500234940669075,0.18398633317706903,1.1778800304121018,-0.06711412428187347,True,True,False,all
2026-09-11,UMAC,22.950000762939453,90,6,False,-0.007824961483406723,0.3017768694497043,2.1677020186962292,-0.3428963630181655,False,True,False,all
2026-09-11,IQV,261.7699890136719,90,6,False,0.11287868698826675,0.29154294930275415,0.6943041360108213,-0.03690213108816165,False,False,False,all
2026-09-11,SOXX,527.0700073242188,90,7,False,-0.008378549962309467,0.2072968437321414,1.0737724257547896,-0.19647839390867383,False,True,False,all
2026-09-11,ZBIO,31.1200008392334,90,4,False,0.0024966018442129645,0.20117457414675033,1.305185247350622,-0.3022421097774115,False,True,False,all
2026-09-11,MYE,30.010000228881836,90,7,False,-0.06949198159061776,0.2299205606311332,0.9311454506144909,-0.1986648967286604,False,True,False,all
2026-09-11,BTSG,58.72999954223633,90,7,False,-0.0876822432660539,0.1590964929268177,1.264944035905525,-0.20366102315611756,True,True,False,all
2026-09-11,PAY,36.380001068115234,90,6,False,0.04315415477280515,0.2658668683667671,0.8090502219770563,-0.19708673658173337,True,True,False,all
2026-09-11,ALAB,291.2200012207031,89,6,False,-0.08570574190167757,0.2764042995143339,1.9749719382621502,-0.4169489754582897,True,True,False,all
2026-09-11,ALKS,45.970001220703125,89,7,False,-0.08048227883294667,0.20808529213930727,0.7412879501875669,-0.1742410143216636,False,True,False,all
2026-09-11,ARCB,134.86000061035156,89,7,False,-0.05872005882120335,0.17046007755289172,1.2692242961103695,-0.23674232414438,False,True,False,all
2026-09-11,ARIS,19.540000915527344,89,7,False,0.1510368140342282,0.10943937154850247,1.2331429617745537,-0.1610133041042472,False,True,False,all
2026-09-11,EGO,43.75,89,6,False,0.17977952289986843,0.2050864276337263,0.7900981605558282,-0.1448397159795327,False,True,False,all
2026-09-11,ENLT,74.22000122070312,89,5,False,-0.1074606622946408,0.011140684560430048,1.647877253034253,-0.31688909177764746,False,True,False,all
2026-09-11,FLEX,115.77999877929688,89,6,False,-0.032051497533423845,0.20649094528903955,1.1816468710209658,-0.3061249049754937,False,True,False,all
2026-09-11,GTX,27.6200008392334,89,7,False,-0.06533830601998192,0.14732923181872049,1.252120105731564,-0.2380689423659752,False,False,False,all
2026-09-11,MITK,17.219999313354492,89,7,False,-0.05392935857410652,0.18771721943083985,1.0187573097797014,-0.18194774643806033,False,True,False,all
2026-09-11,PDFS,47.77000045776367,89,6,False,-0.02214051948883733,0.14727897728453287,1.4674586235406224,-0.3336588250668969,False,False,False,all
2026-09-11,PSI,139.6999969482422,89,6,False,-0.026049197036549288,0.15872882429298585,1.0988582042128563,-0.2617840155722856,False,True,False,all
2026-09-11,QNST,18.3799991607666,89,6,False,0.021338026111888952,0.29362822387759957,0.7862001194270873,-0.17541505581711359,True,True,False,all
2026-09-11,SVIX,28.1200008392334,89,6,False,0.09820158645341093,0.2792212221300001,0.9900920461065419,-0.03764539698734215,False,True,False,all
2026-09-11,TK,14.380000114440918,89,7,False,0.20103567007334977,0.24994568047840127,0.843589713180011,-0.0006949429216988046,False,True,False,all
2026-09-11,TTMI,126.44000244140625,89,4,False,-0.02191484599978677,0.04115675336171365,1.7480983928276062,-0.4351069945625865,False,True,False,all
2026-09-11,BWIN,29.649999618530273,89,6,False,0.02700342250636556,0.24117778251736577,0.8671284259983869,-0.09021173735171517,False,True,False,all
2026-09-11,BULZ,39.41999816894531,89,7,False,0.10337950588105538,0.2674079163124625,1.635026608852074,-0.297200961638319,True,True,False,all
2026-09-11,DGII,69.02999877929688,89,7,False,-0.047197095406793066,0.19650354578315965,1.0160629496320723,-0.20508980089423112,False,True,False,all
2026-09-11,CRGY,14.65999984741211,89,7,False,0.22708628230060857,0.31054333287125524,0.9088541894646678,-0.0006816788568390075,False,True,False,all
2026-09-11,CBL,54.72999954223633,89,7,False,-0.015314532776931178,0.2299664048312935,0.952202598185083,-0.09387420265566082,False,True,False,all
2026-09-11,TBN,39.130001068115234,89,7,False,0.1148466007140918,0.2055728434277979,1.0015346595992325,-0.2505266854189131,False,False,False,all
2026-09-11,VIRT,60.86000061035156,89,7,False,-0.002952139803617526,0.2620625518162587,0.9290016507785428,-0.11489239791219119,False,True,False,all
2026-09-11,CIEN,349.5400085449219,89,4,False,-0.11234426916436513,-0.08095393509347604,1.688769296499399,-0.4517105563982796,False,False,False,all
2026-09-11,ACHC,28.360000610351562,88,7,False,-0.07145474273113372,0.22178976148545249,1.4811898384210425,-0.208484533601913,True,True,False,all
2026-09-11,EPC,26.93000030517578,88,7,False,-0.036479937074146096,0.21682866973910153,0.7120153266925748,-0.10083473725652325,False,True,False,all
2026-09-11,FTRE,17.200000762939453,88,5,False,-0.05748256864808865,0.1659199387675967,1.0710415570027365,-0.19588586939075414,False,True,False,all
2026-09-11,JAZZ,245.8000030517578,88,7,False,-0.014057493390220221,0.18856848012770944,0.9841783056301767,-0.07725805786402162,False,True,False,all
2026-09-11,KLIC,86.12999725341797,88,5,False,-0.08326701372681822,0.07736161234828609,1.4594516312841335,-0.36575850281394306,False,True,False,all
2026-09-11,KOP,46.349998474121094,88,7,False,-0.03246818956847752,0.19579262705676492,0.8539999389648438,-0.1254717269033756,True,True,False,all
2026-09-11,MKSI,267.30999755859375,88,5,False,-0.12117356980771143,0.00936601479924204,1.4169077870389,-0.40281935464341434,False,True,False,all
2026-09-11,MSGS,392.07000732421875,88,7,False,-0.006903802456568187,0.18020786193078542,0.9179630703263575,-0.10675958839334987,False,False,False,all
2026-09-11,NWPX,104.63999938964844,88,5,False,-0.13839526286538395,0.10140411603972121,1.124670038368496,-0.31171479162112514,False,True,False,all
2026-09-11,PBI,17.059999465942383,88,7,False,-0.018705592324667175,0.2453190681018098,0.906145232347568,-0.10540116733338856,False,True,False,all
2026-09-11,PBR,21.200000762939453,88,7,False,0.14183537522037604,0.229862493859045,0.8547681712081476,-0.046762545813030965,False,False,False,all
2026-09-11,CERS,2.490000009536743,88,6,False,-0.10656619618197605,0.0429756298744266,1.0924368821903734,-0.2824207524476553,False,True,False,all
2026-09-11,CBRL,49.47999954223633,88,7,False,-0.09398530100459823,0.3205336452151082,0.9911468323007682,-0.17889145502091341,False,True,False,all
2026-09-11,LGND,284.4700012207031,88,7,False,-0.03771994234193998,0.21522130278369334,0.757940849988628,-0.12907572186221972,False,True,False,all
2026-09-11,CTRN,60.619998931884766,88,7,False,-0.09593635250249499,0.1776190029139988,1.0479729104947668,-0.221922781639316,False,True,False,all
2026-09-11,CARE,31.229999542236328,88,7,False,-0.04095960753988559,0.22050827161996844,0.8611441158694924,-0.13394347329759615,True,True,False,all
2026-09-11,SOXQ,93.0999984741211,88,7,False,-0.009931542464031162,0.1886184791253096,0.9774850223712377,-0.19278623823516394,False,True,False,all
2026-09-11,STM,51.5099983215332,88,5,False,-0.08444248136407873,0.12241292242551105,1.4400756434026158,-0.36735446475139066,True,True,False,all
2026-09-11,ASML,1698.300048828125,87,7,False,-0.023332674793317798,0.13600382877078032,1.1268362676212442,-0.1508329756601573,False,True,False,all
2026-09-11,ATLC,94.45999908447266,87,7,False,-0.03724436317983293,0.25047656288287956,0.9886315596731086,-0.1738673945263196,False,True,False,all
2026-09-11,BHE,77.80000305175781,87,7,False,-0.00993623081428019,0.1580517802797765,1.1665275238747892,-0.22517677308763662,False,True,False,all
2026-09-11,EFXT,22.920000076293945,87,6,False,0.039559511967272254,0.08527352680984479,1.2382813074800665,-0.21372211402280772,False,True,False,all
2026-09-11,EGY,6.320000171661377,87,7,False,0.12853115169687857,0.2145671512197178,0.878157549405608,-0.05952375461590087,False,True,False,all
2026-09-11,GOLD,48.220001220703125,87,6,False,0.12273743796520509,0.11418041146005908,1.0965217922044839,-0.27706141788700767,False,False,False,all
2026-09-11,KGS,63.849998474121094,87,7,False,0.022889634387461166,0.12891858930769762,0.9615975413425883,-0.17803812791866325,False,True,False,all
2026-09-11,LNTH,100.25,87,7,False,-0.020645097577041027,0.17739288394565933,1.0183209924633805,-0.10379045724122027,True,True,False,all
2026-09-11,NBR,90.5999984741211,87,7,False,0.0483417295705062,0.1345236919548205,1.474057922356637,-0.19751995350191565,False,True,False,all
2026-09-11,NEBX,25.020000457763672,87,4,False,-0.0592428669044015,0.08974302746081819,2.781550963081862,-0.6464553483816118,False,True,False,all
2026-09-11,PBR.A,19.110000610351562,87,7,False,0.1487689080600072,0.21556770127438774,0.7760223237780959,-0.046882726308112965,False,False,False,all
2026-09-11,PI,176.82000732421875,87,4,False,0.12261824183176806,0.2403562416235243,1.0240385312367635,-0.2843149522227162,True,True,False,all
2026-09-11,SATL,4.789999961853027,87,5,False,0.017957706733701118,-0.009732128283439834,2.8167330518347637,-0.6008333365122478,True,True,False,all
2026-09-11,SLDB,8.699999809265137,87,7,False,-0.06148869854224048,0.17440998374010386,1.29551448465226,-0.24017467648992874,False,True,False,all
2026-09-11,SN,160.8000030517578,87,7,False,-0.04447129290707563,0.2390977142104902,0.9345524270735188,-0.1734347249860836,False,False,False,all
2026-09-11,TECH,72.12000274658203,87,6,False,0.002357216373104043,0.17716673280019646,0.6694444785392819,-0.00688515534411116,False,True,False,all
2026-09-11,USD,86.05999755859375,87,6,False,-0.010411071287704243,0.18443114838762265,1.0220863435545287,-0.2612875746043455,False,True,False,all
2026-09-11,VRNS,45.119998931884766,87,7,False,0.021466163584704878,0.3731909421244761,1.290355187029565,-0.29389674719160086,False,False,False,all
2026-09-11,BXC,79.76000213623047,87,6,False,0.12662690855118797,0.2688867777255062,0.7811523963932283,-0.14968017546630807,True,True,False,all
2026-09-11,VEEV,262.3999938964844,87,5,False,0.15696952247298257,0.3215105468201185,0.7723741201460845,-0.15491145282935792,False,True,False,all
2026-09-11,SMH,568.530029296875,87,7,False,-0.0010082015998489346,0.1791311018636228,0.8864851793749491,-0.15375911341447912,False,True,False,all
2026-09-11,SEZL,118.87000274658203,87,6,False,-0.18466032327281734,0.19453893161273172,1.4014141969006473,-0.392621743044683,True,True,False,all
2026-09-11,WNC,12.550000190734863,87,7,False,-0.023908400056267154,0.22450972590581575,0.8929110066528492,-0.1326883234873767,False,True,False,all
2026-09-11,TNET,66.01000213623047,87,6,False,0.014942019642208537,0.270102134779302,0.9639988377715176,-0.09674328841929347,True,True,False,all
2026-09-11,ADEA,26.709999084472656,86,6,False,-0.01826377967150683,0.10812399263901962,1.3006029176849254,-0.22218989616225238,False,True,False,all
2026-09-11,AMAL,47.869998931884766,86,7,False,-0.013278608119845825,0.16438869978102222,0.904894569460243,-0.07210702092848353,False,False,False,all
2026-09-11,AMRX,17.010000228881836,86,7,False,-0.041808892383305984,0.17472985549929665,0.7924131337336822,-0.11682242851824864,False,True,False,all
2026-09-11,ASTH,37.97999954223633,86,6,False,-0.05497000469180091,0.19827167500367193,1.1006637003597484,-0.2639534754776319,True,True,False,all
2026-09-11,FSM,11.989999771118164,86,7,False,0.18295904853284872,0.1814087957934698,0.5591677089599314,-0.13429606925066262,False,True,False,all
2026-09-11,IAG,20.260000228881836,86,7,False,0.16147082465591422,0.12761660021360677,0.9023475074713445,-0.18536391052625567,False,True,False,all
2026-09-11,JBHT,270.45001220703125,86,7,False,-0.016506069089318065,0.1288847018210002,1.0784662031647096,-0.09777821124809316,False,True,False,all
2026-09-11,NEM,126.80999755859375,86,7,False,0.15513262786126192,0.15970469734179527,0.6674555222869603,-0.06268014005739664,False,False,False,all
2026-09-11,PLXS,255.33999633789062,86,7,False,-0.00025138232437849073,0.14101784106475335,0.9339543944457684,-0.16843614157468956,False,True,False,all
2026-09-11,WKC,35.209999084472656,86,7,False,-0.03226695608766983,0.2259514216863714,0.5853219511876746,-0.14538838756175387,True,True,False,all
2026-09-11,CRVS,12.90999984741211,86,4,False,-0.09869028563211535,-0.07052090857692883,1.2890071193311226,-0.5209647687592864,False,True,False,all
2026-09-11,DDOG,221.2100067138672,86,7,False,-0.10274046637247958,0.2468768205017835,1.2570146096557884,-0.24429486952932644,False,True,False,all
2026-09-11,TRVI,15.899999618530273,86,7,False,-0.10737345095248796,0.12482753884789277,1.0797906681751646,-0.2136498437945561,False,True,False,all
2026-09-11,CSTL,32.33000183105469,86,5,False,0.11628266853325364,0.10115997725884363,0.8242862887012465,-0.2698734705889245,False,True,False,all
2026-09-11,WPM,154.1199951171875,86,7,False,0.19033823242459658,0.1815814890205507,0.6649021888870619,-0.07022200636697296,False,True,False,all
2026-09-11,RVTY,124.30999755859375,86,6,False,0.059273631788256065,0.20740837977041515,0.5305342980825627,-0.06533836422109962,False,False,False,all
2026-09-11,PEB,17.84000015258789,86,7,False,-0.035717363114012635,0.21325055863808218,0.7857858419741575,-0.10486704067160113,True,False,False,all
2026-09-11,CRMG,9.260000228881836,86,4,False,0.4478478005643334,0.2445199750238769,1.5369862977906763,-0.3604972015453739,False,True,False,all
2026-09-11,VET,13.229999542236328,86,7,False,0.16703711293707801,0.21195461467656052,0.8633802422453685,-0.10728746189807192,False,True,False,all
2026-09-11,NTNX,65.91999816894531,86,7,False,0.07407217493830665,0.3461433039663244,0.9382534966844884,-0.20019413208646453,True,True,False,all
2026-09-11,AIP,22.690000534057617,85,5,False,-0.19233697340993172,-0.05768705442778821,1.6261573648655139,-0.5485475270233664,False,False,False,all
2026-09-11,AVR,8.350000381469727,85,7,False,-0.05333086731402059,0.19493125972017356,1.5303031824618136,-0.24468564894020084,False,True,False,all
2026-09-11,ELF,96.91000366210938,85,5,False,0.07841460897869523,0.2650627231363025,0.9850471992605019,-0.3581694142894982,False,True,False,all
2026-09-11,FLYW,17.8700008392334,85,7,False,-0.0033240637064784195,0.20473810907142775,0.6938389114842904,-0.09427261764609773,False,True,False,all
2026-09-11,GEVX,17.760000228881836,85,4,False,-0.11791787803039333,-0.011500475077546701,1.463245511084116,-0.4243111828436311,False,True,False,all
2026-09-11,KALU,157.1999969482422,85,6,False,-0.05227787170680398,0.06431449970573744,1.1510672278259504,-0.21356747497002093,False,True,False,all
2026-09-11,NUVB,6.070000171661377,85,4,False,-0.05304209208686961,0.019576911551636655,1.0301003853848933,-0.37743587982960236,False,True,False,all
2026-09-11,PGC,45.79999923706055,85,7,False,-0.0048454239219020145,0.19085845126628653,0.8535006448397842,-0.0679690719184558,False,True,False,all
2026-09-11,RHI,37.68000030517578,85,7,False,-0.06378580175850845,0.23363623723608828,0.7260650681110443,-0.19314775825275432,False,True,False,all
2026-09-11,RPRX,58.61000061035156,85,7,False,-0.01014177121180071,0.18047335827951305,0.6924631476351686,-0.08962405854653988,False,False,False,all
2026-09-11,S,19.75,85,7,False,-0.014854485903310288,0.22692526850308248,0.6723115409204192,-0.17536537073679725,False,False,False,all
2026-09-11,SANM,216.0,85,7,False,0.07341353774269299,0.17055945570141673,0.9558130679560464,-0.2517666430642068,False,True,False,all
2026-09-11,XBI,156.1999969482422,85,7,False,-0.012628511511431073,0.14650277506034914,0.6860966966467394,-0.08058156742945044,False,True,False,all
2026-09-11,HL,19.780000686645508,85,5,False,0.13314775734545514,0.03524710897144567,0.9055877137349038,-0.4211295947735184,False,True,False,all
2026-09-11,SEI,67.41999816894531,85,7,False,0.1439449733107503,0.12405818525617662,1.371438531313391,-0.21777472723963753,False,True,False,all
2026-09-11,SKE,31.719999313354492,85,7,False,0.05171713543215284,0.08167643882468734,1.0557354948797024,-0.18184165749725756,False,True,False,all
2026-09-11,XMAX,8.550000190734863,85,7,False,-0.025218883758579058,0.15889778235109642,0.8114407988962431,-0.09042547471170115,False,True,False,all
2026-09-11,SPT,10.800000190734863,85,5,False,0.1472397398311145,0.3225772075604376,1.1951219559472253,-0.2751677538767502,False,False,False,all
2026-09-11,ACA,145.0,84,7,False,-0.001016894476322694,0.1664134092263807,0.6286645174448597,-0.013068324209597915,False,True,False,all
2026-09-11,AG,19.559999465942383,84,5,False,0.0666724534578862,-0.016601165214847557,1.1032257058907438,-0.38951314272706083,False,True,False,all
2026-09-11,AIR,125.4800033569336,84,7,False,-0.08103822202099886,0.09069703229495829,0.712803708681274,-0.18519478339653506,False,True,False,all
2026-09-11,AXSM,220.75,84,7,False,-0.002931809734157631,0.12600621443449533,0.9552701241496417,-0.15158154453028216,False,True,False,all
2026-09-11,BCAX,22.809999465942383,84,6,False,-0.12285763125175853,0.07836715568903929,1.2156385912484287,-0.2639561266728152,False,True,False,all
2026-09-11,BIO,369.32000732421875,84,6,False,0.07871666307396863,0.2176227181648387,0.5600896125951111,-0.06791510717505422,False,True,False,all
2026-09-11,EMBJ,75.48999786376953,84,6,False,0.06910290471411318,0.1410053490743597,0.4094472727443663,-0.0651393453403154,False,True,False,all
2026-09-11,HIMX,14.729999542236328,84,7,False,0.06692739382995794,0.23632422310677792,1.1503649266147602,-0.4129135331744104,False,True,False,all
2026-09-11,MOG.A,367.0199890136719,84,7,False,-0.07852130496177312,0.10524387019073123,0.908282563923996,-0.18231038426447466,False,True,False,all
2026-09-11,NRGV,4.309999942779541,84,5,False,0.23107682253471884,0.04794785470557894,1.2804232674080729,-0.3513920308275762,False,True,False,all
2026-09-11,ORIC,12.039999961853027,84,7,False,-0.0240106376130641,0.12791375539671979,0.6652835311328167,-0.19357001234091586,False,True,False,all
2026-09-11,PNTG,39.20000076293945,84,7,False,-0.006895979359824778,0.17454065665994545,0.7614020328540494,-0.08175211937313143,False,True,False,all
2026-09-11,SNEX,70.37000274658203,84,6,False,-0.01980627802532753,0.1258516905783451,0.930648681539799,-0.2566025773908793,True,True,False,all
2026-09-11,COGT,33.40999984741211,84,4,False,-0.1242096633164953,-0.09561545410511896,1.8801723059235833,-0.23599359256468133,False,True,False,all
2026-09-11,CLDX,36.900001525878906,84,7,False,-0.057071413155770245,0.159728250159209,0.6696832981423202,-0.1825431540803064,False,True,False,all
2026-09-11,SII,133.0500030517578,84,7,False,0.1342247143619535,0.07728347406807479,0.9293794202169001,-0.2156458219542332,False,True,False,all
2026-09-11,VPG,65.37000274658203,84,5,False,-0.21826601385757993,-0.05314520347448759,1.2479368266191884,-0.5693108230839,True,True,False,all
2026-09-11,RELY,21.989999771118164,84,7,False,-0.10328713849820881,0.16195353732690765,0.8203642309603421,-0.19975254929752462,False,False,False,all
2026-09-11,VSTM,7.320000171661377,84,4,False,0.12969939058436175,0.1784498480630201,1.1341107956834144,-0.32347501126428657,False,False,False,all
2026-09-11,MEOH,62.900001525878906,84,7,False,0.13634723590606224,0.19444821801043655,0.9656250476837158,-0.057677879762113804,False,True,False,all
2026-09-11,NMAX,11.390000343322754,84,6,False,0.22178842530147813,0.46165252452449934,1.2289628269518804,-0.1624999982469223,False,False,False,all
2026-09-11,AU,104.41999816894531,83,7,False,0.10902233730492594,0.09076871688580201,0.6693844834945579,-0.19142017452018534,False,True,False,all
2026-09-11,BRKR,53.43000030517578,83,7,False,-0.08368432910437451,0.10763529225042578,0.7756729821944031,-0.18177645010481358,True,True,False,all
2026-09-11,EE,38.40999984741211,83,7,False,-0.0008844096363452847,0.09758692903188981,0.639001524332552,-0.11036478225477897,False,True,False,all
2026-09-11,ESTC,83.38999938964844,83,5,False,0.1253225092007657,0.30483832836843283,0.983115360348285,-0.22787037602177374,False,False,False,all
2026-09-11,FIGS,13.350000381469727,83,7,False,0.07866587260897395,0.05978037299057637,1.053846212533804,-0.23626998105963481,True,True,False,all
2026-09-11,GRC,74.47000122070312,83,7,False,-0.06185908615488489,0.09347470253507728,0.7601039660498266,-0.19734854278398073,False,True,False,all
2026-09-11,HMY,20.639999389648438,83,6,False,0.1382436288913047,0.12277338842236718,0.584036823686255,-0.2079815881568725,False,False,False,all
2026-09-11,IDYA,37.59000015258789,83,5,False,-0.0026214717474172256,0.11132627675513884,0.5508704845167411,-0.11925960909542521,False,True,False,all
2026-09-11,INTA,37.22999954223633,83,6,False,0.06118561770341713,0.20716124156238092,0.9584428771164821,-0.2232422427459071,True,True,False,all
2026-09-11,LSCC,119.76000213623047,83,7,False,-0.04298112665189002,0.09834882409862611,0.9795041675409994,-0.237245994992909,False,True,False,all
2026-09-11,MOV,32.75,83,7,False,-0.10089718401024339,0.13204873068814416,0.8996519973779489,-0.191358024691358,False,True,False,all
2026-09-11,QLYS,150.27999877929688,83,4,False,-0.09405372139320833,0.20074818483762513,1.0169104076058435,-0.2543415511285667,False,True,False,all
2026-09-11,TCAI,47.473201751708984,83,7,False,-0.005436987994227205,0.13890653941268982,0.7288129400759105,-0.19029164443378555,False,True,False,all
2026-09-11,UFPT,277.8900146484375,83,7,False,-0.010583065782175605,0.16475439091597277,0.5983550769175139,-0.1795635745652545,True,True,False,all
2026-09-11,XSD,505.57000732421875,83,7,False,-0.012847784195609169,0.1454110580281227,0.800270738517167,-0.2318199834813538,False,False,False,all
2026-09-11,WPP,24.969999313354492,83,6,False,0.10244769547575672,0.26472320421007156,0.6860228633268834,-0.10115195478169481,True,True,False,all
2026-09-11,MANH,201.82000732421875,83,6,False,0.07566314409559682,0.27052920710201467,0.6951118046587881,-0.11104255644905137,True,True,False,all
2026-09-11,VELO,10.529999732971191,83,4,False,-0.14501463310877427,-0.24504495262549053,2.6689896002974667,-0.6683464651032696,False,True,False,all
2026-09-11,BEN,33.650001525878906,83,7,False,-0.0033881462889547853,0.16901778063810213,0.5940312909976038,-0.07249165771523602,False,True,False,all
2026-09-11,DJCO,661.9000244140625,83,6,False,0.10739066420992982,0.2153418488449388,0.8985744633097534,-0.01904405422147093,False,False,False,all
2026-09-11,BHP,87.1500015258789,82,7,False,-0.006552294617401255,0.12824664387779827,0.6814585847392685,-0.11711070474938512,False,True,False,all
2026-09-11,BLMN,8.6899995803833,82,6,False,-0.08846795241386618,0.15557736961145552,0.6743736964498785,-0.31195570058251154,False,True,False,all
2026-09-11,EXK,10.180000305175781,82,5,False,0.09028598754034767,0.02812708193142832,0.7704348356827446,-0.32805276821760343,False,False,False,all
2026-09-11,ODC,86.54000091552734,82,7,False,-0.08552757480096407,0.1657503363078332,0.8973909177253196,-0.1912149447146977,True,True,False,all
2026-09-11,RGEN,165.17999267578125,82,6,False,0.04733614895399474,0.16187418525768282,0.6356074479633202,-0.12478145278907271,True,True,False,all
2026-09-11,SLVP,39.11000061035156,82,6,False,0.11793325890296402,0.07434283910477091,0.639832284478205,-0.22013959281397777,False,True,False,all
2026-09-11,CSCO,112.12999725341797,82,7,False,-0.014049358064627704,0.17525597412702143,0.6955996054819504,-0.1399094772334224,True,True,False,all
2026-09-11,CAT,818.5700073242188,82,6,False,-0.043932584245473305,0.051415482505898114,0.9336908087532936,-0.23744709899629102,False,True,False,all
2026-09-11,WBD,28.040000915527344,82,6,False,0.030988512970260285,0.02369394662833968,1.2307081619956604,-0.06533330281575522,True,True,False,all
2026-09-11,CURE,121.87999725341797,82,5,False,-0.03661467240583993,0.11837852639077062,0.6394942595833368,-0.18746668497721353,False,True,False,all
2026-09-11,STLD,239.7899932861328,82,7,False,-0.011189147764092078,0.13111501696136973,0.8529478904291397,-0.16952967584610867,False,True,False,all
2026-09-11,SMHX,56.689998626708984,82,7,False,-0.003555864866042091,0.17187985721288235,0.6415230600024764,-0.17071389525229796,False,True,False,all
2026-09-11,RLJ,10.880000114440918,82,7,False,-0.05715968447003117,0.18236452312103313,0.6636085898933561,-0.1559348468072812,False,True,False,all
2026-09-11,SPB,86.22000122070312,82,7,False,-0.01611731315521614,0.12160475909307245,0.7247449154986207,-0.12961837930892128,False,True,False,all
2026-09-11,KURA,11.390000343322754,82,6,False,0.018237112411808143,0.15952654988583648,0.5479750815963145,-0.18057549238069093,False,True,False,all
2026-09-11,VTRS,16.510000228881836,82,7,False,-0.01678198952021215,0.11233507626730477,0.7507953016523343,-0.10222943029703613,False,True,False,all
2026-09-11,CTOS,9.109999656677246,82,6,False,-0.09445143194490391,0.09958414417878281,0.7586872506903324,-0.25511038449217893,False,False,False,all
2026-09-11,APPN,34.7599983215332,81,6,False,0.0950445307233374,0.2303433381466098,0.8658078307773189,-0.24531579605585185,False,False,False,all
2026-09-11,BNAI,8.029999732971191,81,4,False,-0.3792949033251166,-0.5999412248946562,5.805084821959403,-0.9069309243558078,False,True,False,all
2026-09-11,GEV,957.27001953125,81,6,False,-0.04495485675885991,0.07099094538483008,0.8056248453714947,-0.1995668123554425,False,True,False,all
2026-09-11,GLUE,14.069999694824219,81,3,False,-0.229408462647668,-0.24052274456720535,1.934306459010303,-0.454016319561788,True,True,False,all
2026-09-11,MTSI,274.8999938964844,81,4,False,-0.02262436162912629,0.03363854180896242,1.2538328371339147,-0.34375746502298654,False,True,False,all
2026-09-11,RCUS,24.59000015258789,81,6,False,-0.1496998464482514,-0.005948536873848109,1.1761061714627061,-0.2251457482383996,False,False,False,all
2026-09-11,SDGR,19.020000457763672,81,6,False,0.08326691813845821,0.2550976323786749,0.737779898409503,-0.17376194267845768,False,True,False,all
2026-09-11,SLB,56.060001373291016,81,7,False,0.08614365543949187,0.13316053553514107,0.7718079157622233,-0.07277535193201234,False,False,False,all
2026-09-11,BUG,40.040000915527344,81,7,False,-0.013389689469445631,0.2370720248513789,0.7299632803462086,-0.10123453195890064,False,True,False,all
2026-09-11,PKE,31.760000228881836,81,6,False,-0.07833031630197895,0.07390901953887385,0.7460142548878297,-0.2032112457962726,False,True,False,all
2026-09-11,WEAV,7.309999942779541,81,6,False,0.07979555340257027,0.2048689157315844,0.7240566833454718,-0.08625000715255737,False,True,False,all
2026-09-11,WST,346.2300109863281,81,7,False,-0.007458579025120926,0.17239248403461938,0.5468436230798948,-0.10303105962091164,False,True,False,all
2026-09-11,HACK,109.9000015258789,81,7,False,-0.012631829225062785,0.22138661740131393,0.5776628732171247,-0.09895875685844846,False,True,False,all
2026-09-11,NUGT,182.75999450683594,81,4,False,0.21592595778023926,-0.01180233117349161,0.8496103534306874,-0.43028152486475235,False,False,False,all
2026-09-11,INCY,121.47000122070312,81,7,False,-0.0010575679768840551,0.15519697097098706,0.4979653065287448,-0.08393668454376801,False,True,False,all
2026-09-11,IBKR,91.37000274658203,81,7,False,-0.007656771690664921,0.14995551408669727,0.5499576177109111,-0.07473414940170098,False,True,False,all
2026-09-11,AMBP,4.840000152587891,80,7,False,-0.018295375698402006,0.10040017772971055,0.4711246834975209,-0.1151736127546884,False,True,False,all
2026-09-11,AMG,355.6099853515625,80,7,False,-0.021852064162348084,0.12305875673674427,0.5454583916507303,-0.09495578438646757,False,False,False,all
2026-09-11,ANDE,70.97000122070312,80,7,False,0.009071285281631258,0.06105437783205092,0.8829929372937226,-0.1356716515265014,True,False,False,all
2026-09-11,BELFB,250.36000061035156,80,5,False,-0.061759855952273957,0.05421239739459738,0.9267353848422946,-0.25330312794928234,False,True,False,all
2026-09-11,DRH,12.199999809265137,80,7,False,-0.02201274593451885,0.14686443124602122,0.6310160131224565,-0.11530095409617647,False,False,False,all
2026-09-11,ELVR,50.81999969482422,80,4,False,-0.14813585618900083,-0.18816335700618092,2.269218362521882,-0.5056420409906279,False,True,False,all
2026-09-11,FNGU,32.13999938964844,80,6,False,0.07196934497061935,0.25831467910500616,1.383388966104568,-0.1261555068963257,True,True,False,all
2026-09-11,FNV,266.0,80,7,False,0.1402723632128795,0.13605278280826738,0.46556473829201095,-0.06885571639709487,False,False,False,all
2026-09-11,KLAC,180.63999938964844,80,5,False,-0.08977672128877878,0.0446468822159789,0.9268677440876425,-0.4123043814970363,False,True,False,all
2026-09-11,MLKN,21.190000534057617,80,7,False,-0.05470148302232092,0.12330070081790434,0.5388525656954841,-0.1424523950155444,False,True,False,all
2026-09-11,MSM,120.51000213623047,80,7,False,-0.013140095273434849,0.17548772229840526,0.5293146886945739,-0.07626861923638928,False,True,False,all
2026-09-11,NVEC,100.51000213623047,80,6,False,-0.053749209096185746,0.1907328990275008,0.7568607541458579,-0.25548146565755203,True,True,False,all
2026-09-11,RING,85.47000122070312,80,7,False,0.14138362789961545,0.09607207423702846,0.48772846102099887,-0.14878998004701793,False,False,False,all
2026-09-11,SDRL,47.900001525878906,80,7,False,0.0663971677413433,0.12788420468846473,0.7046263656802687,-0.13647015554776765,False,True,False,all
2026-09-11,SGDJ,97.3499984741211,80,6,False,0.12176398372148456,0.08359503189133766,0.5492463943957457,-0.15914491737354297,False,True,False,all
2026-09-11,SNDA,39.52000045776367,80,7,False,-0.010317525706872499,0.10909051708183148,0.583967905783249,-0.10970937145406745,False,False,False,all
2026-09-11,SVCO,6.710000038146973,80,4,False,-0.15718340956333177,-0.06819790831166683,1.1856678123961046,-0.5337039695582394,False,True,False,all
2026-09-11,URTY,75.30999755859375,80,7,False,-0.0882986280012995,0.08580541410969689,0.7380566438060694,-0.16182527726714657,False,True,False,all
2026-09-11,XENE,58.650001525878906,80,7,False,-0.07564427227708426,0.10336189409755425,0.6474720235876887,-0.1928158743478895,False,True,False,all
2026-09-11,XES,121.88999938964844,80,7,False,0.049492942820893004,0.10740229833898196,0.7909198319425699,-0.09944592616843317,False,True,False,all
2026-09-11,CRM,247.72000122070312,80,5,False,0.24728987443028583,0.23184181030642126,0.69300156383809,-0.07948417113885875,False,False,False,all
2026-09-11,TNA,64.80999755859375,80,7,False,-0.08724484570388602,0.08964196801375746,0.7502025302476762,-0.16092698924071624,False,True,False,all
2026-09-11,CSX,48.95000076293945,80,7,False,-0.025222719148416117,0.12640471766575256,0.5316020702491562,-0.08675369111114306,False,True,False,all
2026-09-11,TMO,609.8200073242188,80,6,False,0.054167359137346605,0.13638905905959686,0.4010155138563074,-0.05746521279100658,False,True,False,all
2026-09-11,BOX,33.75,79,6,False,0.055597955199418125,0.2278330669645139,0.5815370083728493,-0.0712713302617708,False,True,False,all
2026-09-11,FBP,27.690000534057617,79,7,False,-0.016850922592387074,0.15881016065383657,0.44519836923681555,-0.07329312878912397,False,True,False,all
2026-09-11,GPN,88.29000091552734,79,6,False,0.027399664646633903,0.16185959190129462,0.44359060065078126,-0.0791614158877133,True,True,False,all
2026-09-11,HG,34.849998474121094,79,7,False,-0.008512323365402641,0.1225929010088811,0.5379522819414824,-0.06593414121209218,False,True,False,all
2026-09-11,HNI,46.869998931884766,79,6,False,0.028866185684936596,0.14091392368278344,0.6201174710495732,-0.1121424868530605,True,False,False,all
2026-09-11,HRMY,41.52000045776367,79,6,False,0.09195343026696357,0.2074945070027583,0.6269592364028542,-0.04529779592256333,False,False,False,all
2026-09-11,INSP,73.0,79,4,False,0.28541040816920615,0.10883184450696914,0.876124396974399,-0.5035026824044356,False,True,False,all
2026-09-11,ITIC,297.5299987792969,79,6,False,0.03047758280232471,0.16449914952032496,0.41849820633752977,-0.03883052653102026,False,False,False,all
2026-09-11,PSTL,23.200000762939453,79,7,False,-0.014016239312347079,0.12582287157919914,0.6280702289782072,-0.08009510727248159,False,False,False,all
2026-09-11,TQQQ,70.9800033569336,79,7,False,-0.0010470402942397428,0.1456804701540273,0.9019293659527432,-0.19423309901532393,True,True,False,all
2026-09-11,WAB,283.2200012207031,79,7,False,-0.004725105593071044,0.10668996694948407,0.537067240117582,-0.07637624676800714,True,True,False,all
2026-09-11,WAT,408.3399963378906,79,6,False,0.036053553466508514,0.13039830094486327,0.44407119638904624,-0.04195017791657785,True,True,False,all
2026-09-11,REGN,781.489990234375,79,6,False,0.039966623424380066,0.06538042049573711,0.44452863259588726,-0.09059282029020077,True,True,False,all
2026-09-11,DOCU,65.6500015258789,79,5,False,0.1458002680731587,0.22377690335673162,0.6347111995845627,-0.24235429463585334,False,False,False,all
2026-09-11,UNF,274.67999267578125,79,7,False,-0.03525529062294552,0.11016913982466714,0.8602193272616458,-0.10431414664378802,False,False,False,all
2026-09-11,TARS,79.30999755859375,79,6,False,0.17305649122503297,0.15214867454921266,0.6454356079507471,-0.1335081545250404,False,True,False,all
2026-09-11,ZLAB,24.139999389648438,79,7,False,0.07124153440421344,0.21193709883983303,0.5125312864630294,-0.30472354432827486,True,True,False,all
2026-09-11,TXN,268.70001220703125,79,7,False,-0.03221037985271202,0.11270362934814715,0.7593139509175104,-0.1955811957339526,False,True,False,all
2026-09-11,SPYU,34.06999969482422,79,7,False,-0.004261198727146587,0.14050334065741343,0.8546542263656205,-0.09915388763245281,False,True,False,all
2026-09-11,CVLG,35.630001068115234,79,6,False,-0.09077450988116809,0.10067316439336627,0.9794445037841797,-0.28568563943173253,True,False,False,all
2026-09-11,CRBG,34.66999816894531,79,6,False,0.07191436413181695,0.19109370091268985,0.5624153823580655,-0.009428623744419662,False,True,False,all
2026-09-11,KEEL,3.569999933242798,79,4,False,-0.07055456485253286,0.05160832207747279,1.125000026609217,-0.5156038007221786,True,True,False,all
2026-09-11,SIL,96.36000061035156,79,7,False,0.12039998185445122,0.06770201973599255,0.5592233300961902,-0.19188189922276022,False,True,False,all
2026-09-11,ACAD,27.829999923706055,78,6,False,0.012640724652400959,0.13347330135014412,0.4134077790180226,-0.10109816709705222,False,True,False,all
2026-09-11,ASH,70.91000366210938,78,7,False,-0.0015656763468437918,0.14993328570706432,0.531533581653926,-0.09380187013278751,True,True,False,all
2026-09-11,BMO,174.8800048828125,78,7,False,-0.015549209197284197,0.142284240834327,0.45927912405584337,-0.06591174157372048,False,True,False,all
2026-09-11,DVN,50.22999954223633,78,7,False,0.10514619170314243,0.14709827292347932,0.596123312304011,-0.04704988778811969,False,True,False,all
2026-09-11,EXPE,280.8299865722656,78,5,False,-0.050783133361912536,0.0825852951700754,0.5152152375156445,-0.17885968838518818,False,False,False,all
2026-09-11,GEN,30.260000228881836,78,6,False,0.07607181047941358,0.2260940096727786,0.7019122081142555,-0.04391783274571126,False,False,False,all
2026-09-11,GRPN,18.729999542236328,78,6,False,-0.19892907463114562,0.07760725876856323,1.0425299221814246,-0.37357860263554754,False,True,False,all
2026-09-11,KOLD,30.049999237060547,78,4,False,0.049884328396998745,0.1473384702909064,1.2358631082787235,-0.3925611785818055,False,True,False,all
2026-09-11,OIH,420.6700134277344,78,7,False,0.05472689201141123,0.10418395073734388,0.7365835695524932,-0.08406633307390377,False,False,False,all
2026-09-11,PRSU,48.54999923706055,78,7,False,-0.03309197368510741,0.15832831315017026,0.515766502883592,-0.14101205159506247,True,True,False,all
2026-09-11,SPSC,82.68000030517578,78,4,False,0.13942995574816375,0.20165336876332307,0.6859706109629606,-0.280229839572839,True,False,False,all
2026-09-11,TTE,91.88999938964844,78,7,False,0.07147353904706444,0.13363409966679973,0.6011500325302817,-0.02421151984315062,False,False,False,all
2026-09-11,UDOW,69.72000122070312,78,7,False,-0.03159401606204226,0.10766798469545624,0.5074594858530406,-0.12036336939696501,False,False,False,all
2026-09-11,CDE,20.579999923706055,78,5,False,0.14834778635190315,0.07920742386031598,0.5188191611818664,-0.25891251046225694,False,True,False,all
2026-09-11,YEXT,6.400000095367432,78,4,False,0.1033721904865228,0.14129806256896016,0.9601837334566539,-0.29125135275484626,False,False,False,all
2026-09-11,DB,40.47999954223633,78,6,False,0.07497754063900186,0.14941058774379146,0.4395447487241215,-0.02739066359694431,False,True,False,all
2026-09-11,MEDP,587.52001953125,78,6,False,0.015911348730089925,0.12833178415029933,0.5751206957942359,-0.13332350144246086,False,True,False,all
2026-09-11,AZTA,30.850000381469727,78,5,False,0.024440469139914933,0.09015610063700952,0.9365976014103603,-0.2607236827250523,False,False,False,all
2026-09-11,CHE,515.969970703125,78,7,False,-0.008174251233039165,0.1479937302024208,0.4128035452901644,-0.07366253015596946,False,True,False,all
2026-09-11,MSFL,24.81279945373535,78,4,False,0.16169490701784617,0.20351286238446065,0.9153068004524634,-0.31276001195599357,True,True,False,all
2026-09-11,QTEC,308.5299987792969,78,7,False,-0.007994442019651382,0.15038400308256916,0.5008512321191523,-0.0931722986903265,False,True,False,all
2026-09-11,BULL,9.220000267028809,78,4,False,0.1417108664527964,0.28169487674009686,1.0488889482286243,-0.42518704858030965,False,False,False,all
2026-09-11,BTG,5.380000114440918,78,7,False,0.16329357732379823,0.13927538017593943,0.5070028613569224,-0.14467406246915526,False,False,False,all
2026-09-11,ALL,253.7100067138672,77,7,False,-0.01555414642752928,0.13986600136749128,0.34894727905078127,-0.0848062708437799,True,True,False,all
2026-09-11,DPST,131.19000244140625,77,7,False,-0.07953246982950535,0.09144323104052998,0.8055325602717938,-0.1742824873515706,False,True,False,all
2026-09-11,DT,51.06999969482422,77,6,False,0.07242152295632653,0.22640013672237358,0.6143511719718211,-0.06866051705131793,False,True,False,all
2026-09-11,EQH,53.34000015258789,77,6,False,0.07368879402405093,0.19011893702378768,0.5155562044352591,-0.032819606948545244,False,True,False,all
2026-09-11,ETSY,72.76000213623047,77,7,False,-0.10101806434482541,0.131409790209835,0.6536364121870561,-0.17293742533124823,False,False,False,all
2026-09-11,FAS,173.91000366210938,77,5,False,-0.007209993644571089,0.1436797665185252,0.6266953297631013,-0.0712416359833945,False,True,False,all
2026-09-11,FDX,311.989990234375,77,7,False,-0.021869469772721195,0.06255021400250294,0.7415418863690837,-0.09664998510216938,False,False,False,all
2026-09-11,GDX,97.0999984741211,77,6,False,0.12684227278709037,0.07500511967844337,0.44365143309766464,-0.17136031557227915,False,False,False,all
2026-09-11,GRND,15.279999732971191,77,7,False,-0.038292104207865996,0.14048573331215986,0.5700780088315804,-0.17405406848804372,True,True,False,all
2026-09-11,NWG,18.889999389648438,77,6,False,0.02374832311310593,0.11450026732271557,0.393067758487754,-0.027291487361654654,True,True,False,all
2026-09-11,RBRK,86.6500015258789,77,5,False,-0.009188853620465509,0.24974221373459993,1.050887610079974,-0.19701604498875136,False,False,False,all
2026-09-11,SA,31.010000228881836,77,6,False,0.061542793007788754,0.02390713368548547,0.7689674280791956,-0.225911154123001,False,True,False,all
2026-09-11,SLF,79.66999816894531,77,7,False,-0.010829132367883076,0.13541135502448842,0.39234527209551007,-0.055818905401562646,False,True,False,all
2026-09-11,SRPT,20.450000762939453,77,6,False,0.10609899823983437,0.061799910156969284,0.3930517941290044,-0.19233803280338369,False,False,False,all
2026-09-11,VIVO,3.990000009536743,77,6,False,-0.03948002269616302,0.18766790257984267,2.3249998758236616,-0.41836735686874527,False,True,False,all
2026-09-11,W,98.56999969482422,77,5,False,0.021416902444824748,0.11808266397808986,0.7728417697835626,-0.17844643326451537,True,True,False,all
2026-09-11,WLY,47.029998779296875,77,7,False,-0.08395729735432034,0.16797128424913343,0.6571529305861508,-0.18137372762696136,False,False,False,all
2026-09-11,CMCO,17.739999771118164,77,5,False,0.03783959437028628,0.050726872057899275,0.479566314409009,-0.2729508176858436,True,True,False,all
2026-09-11,AMP,557.6099853515625,77,6,False,0.026792207182172012,0.13854011620102846,0.32019317612003273,-0.026110822046210624,False,True,False,all
2026-09-11,IPI,39.68000030517578,77,7,False,0.08878780868790526,0.11834819626270221,0.759645305883752,-0.21176002811084815,False,False,False,all
2026-09-11,WCLD,38.779998779296875,77,6,False,0.03066805792683658,0.20410135787593298,0.623273326499133,-0.10932480560727198,True,True,False,all
2026-09-11,WRLD,190.75,77,7,False,-0.0010233264359067462,0.2009763942412195,0.7340909090909091,-0.1622013082562329,False,True,False,all
2026-09-11,NIC,170.3699951171875,77,7,False,-0.0017648269813989037,0.13475787788495253,0.4929021294848348,-0.05350002712673607,False,True,False,all
2026-09-11,CALY,15.460000038146973,77,6,False,-0.10553112267528464,0.024543314577398334,0.8426697741974387,-0.23767260775649446,True,True,False,all
2026-09-11,ONC,346.510009765625,77,6,False,0.023682912345339036,0.09038464454773965,0.36449199218205464,-0.1004880103120609,False,False,False,all
2026-09-11,PEBO,39.810001373291016,77,7,False,-0.005406402981104397,0.14352851477156747,0.4481630303655595,-0.05864269303729819,False,True,False,all
2026-09-11,BAP,377.8999938964844,76,7,False,-0.016849636110746524,0.10470248450376851,0.6398351004593792,-0.08554145457596041,False,False,False,all
2026-09-11,BPOP,163.7100067138672,76,7,False,-0.044513463438772494,0.11380611304941413,0.5055178400772509,-0.08664359687206757,False,False,False,all
2026-09-11,ETHU,27.709999084472656,76,3,False,0.4515756711320602,-0.0553841491887459,1.5848879099098059,-0.8364709378369799,False,False,False,all
2026-09-11,GDXJ,125.41000366210938,76,6,False,0.11810094650354253,0.05555490717693079,0.4650701623554794,-0.20369547725012394,False,True,False,all
2026-09-11,GHM,87.9000015258789,76,5,False,-0.1312752621599068,-0.008085944654475319,0.8244084883585225,-0.30138291417040275,False,True,False,all
2026-09-11,GMAB,32.470001220703125,76,6,False,0.05083290486872327,0.10473557053313187,0.37468247531853005,-0.0835449917859652,False,True,False,all
2026-09-11,IHAK,61.41999816894531,76,7,False,-0.02948736866570223,0.1696632220525529,0.4991456270181489,-0.10270268944807315,False,True,False,all
2026-09-11,MPTI,79.48999786376953,76,7,False,-0.03194852967000794,0.10513748909523457,0.8252583066895776,-0.2418693464894125,False,True,False,all
2026-09-11,OUST,35.33000183105469,76,6,False,-0.11154807198095751,0.16591719638433866,1.1542684544416395,-0.44615141363863986,False,True,False,all
2026-09-11,PGNY,27.350000381469727,76,5,False,-0.050109742300579296,0.1323481138742364,0.6987577474189486,-0.17284132716167244,True,True,False,all
2026-09-11,RAMP,37.599998474121094,76,7,False,-0.004073799790798138,0.18746274420519793,0.7319207765887574,-0.01647923294948539,False,False,False,all
2026-09-11,RGLD,252.27999877929688,76,7,False,0.12191559647768391,0.05988576791738054,0.49384173072683435,-0.17622857541454084,False,True,False,all
2026-09-11,RS,394.2099914550781,76,7,False,-0.011228881071578267,0.12875366264071197,0.5143866741666137,-0.08962634183931029,False,True,False,all
2026-09-11,VRT,257.05999755859375,76,4,False,-0.07775409724993776,-0.009107349484537064,0.9373704811282522,-0.3234105854674526,False,True,False,all
2026-09-11,NTR,78.44999694824219,76,7,False,0.11429590141761814,0.13296237701833347,0.47935128708449803,-0.08095130755272517,False,False,False,all
2026-09-11,RY,205.89999389648438,76,7,False,-0.017532699261936346,0.1236721231743172,0.4385522732641889,-0.05796775862728565,False,True,False,all
2026-09-11,QTUM,147.41000366210938,76,7,False,-0.006395288288114864,0.11873668153677541,0.5015789590667472,-0.13288233139935657,False,True,False,all
2026-09-11,RLMD,4.519999980926514,76,4,False,-0.11376024425999909,-0.17481356009220206,2.1388887509151795,-0.4350000023841858,False,True,False,all
2026-09-11,ASYS,14.90999984741211,76,4,False,-0.06984579539185987,-0.03528864459794734,1.2088888662832753,-0.42006999695239655,False,True,False,all
2026-09-11,MS,214.3800048828125,76,7,False,-0.006880199375500551,0.11643343996199262,0.4118809935015484,-0.07694292838401506,False,True,False,all
2026-09-11,BVN,34.040000915527344,76,6,False,0.04421025017918678,0.02153202829764367,0.7411765853677572,-0.2379672641403412,False,False,False,all
2026-09-11,CNMD,46.29999923706055,76,6,False,0.006250472884621772,0.14025785503098498,0.47264626115084596,-0.14449371487731255,True,True,False,all
2026-09-11,WTS,356.0199890136719,76,7,False,-0.013357203927129024,0.1201738720154395,0.36930765005258404,-0.09763273355549729,False,True,False,all
2026-09-11,CRS,443.19000244140625,76,5,False,-0.16969295117321725,0.018775482253328146,0.9438158001816064,-0.29201742942331577,False,False,False,all
2026-09-11,AEM,200.36000061035156,75,7,False,0.15556396867182642,0.06985451848424051,0.4909956342469075,-0.2150133352989695,False,True,False,all
2026-09-11,AGRO,11.770000457763672,75,6,False,0.12873532723138936,0.11082278118283928,0.7082729587580143,-0.25928255484842555,False,False,False,all
2026-09-11,AMR,209.41000366210938,75,6,False,0.20830844729025788,0.1071859954676051,0.566971001335772,-0.17496652108035737,False,True,False,all
2026-09-11,ARGX,984.3900146484375,75,6,False,0.05595301105914641,0.16337822949403447,0.48733104322766563,-0.08236773279101606,False,True,False,all
2026-09-11,BELFA,208.72000122070312,75,4,False,-0.05994515460537653,-0.004588604957475706,0.8859673323756434,-0.28888285143197945,False,True,False,all
2026-09-11,GPRE,14.899999618530273,75,6,False,-0.07093333175267702,0.031970276252138996,0.7225433844657141,-0.24173028459098145,True,False,False,all
2026-09-11,HRB,45.119998931884766,75,5,False,-0.023866822638636265,0.1647026669788889,0.60227269802458,-0.2309527809774624,False,True,False,all
2026-09-11,ICLR,169.30999755859375,75,6,False,0.012470639159002594,0.14815863188919476,1.5433378148529195,-0.1696827300383449,False,False,False,all
2026-09-11,KNX,67.97000122070312,75,7,False,-0.049957914853068774,0.06420790778673013,0.7595133145570838,-0.1797006912861192,False,True,False,all
2026-09-11,MTDR,61.04999923706055,75,7,False,0.13423129098115272,0.1701140667591845,0.6437802972629085,-0.08662473695480755,False,True,False,all
2026-09-11,PSMT,170.80999755859375,75,7,False,-0.06082714404334977,0.07454433624830714,0.5539483297303323,-0.14526620952400737,True,True,False,all
2026-09-11,RIO,99.95999908447266,75,7,False,0.025634700132291632,0.0639447091861931,0.6195722149620186,-0.11209808617271544,False,True,False,all
2026-09-11,SLVR,60.2400016784668,75,5,False,0.08066414223197849,0.006460825345103727,0.6549450316818979,-0.2987194341280841,False,False,False,all
2026-09-11,SNDR,34.150001525878906,75,7,False,-0.04469107205555012,0.10113342544939252,0.6981601436799707,-0.13037939577799373,False,True,False,all
2026-09-11,THFF,77.83999633789062,75,7,False,-0.011404953640376969,0.1300500772782327,0.5200155776119204,-0.07520496576879043,False,False,False,all
2026-09-11,XYZ,79.20999908447266,75,7,False,-0.01617639294037365,0.14532845040991105,0.6430201325182019,-0.08870224628268886,False,True,False,all
2026-09-11,TECX,29.049999237060547,75,5,False,-0.11220725134013598,0.053331924917900286,1.018762928698631,-0.2651150990605403,False,False,False,all
2026-09-11,MGA,66.12999725341797,75,7,False,-0.01868552496359821,0.09034995436898696,0.533982749179986,-0.09683151938107915,False,True,False,all
2026-09-11,IEZ,29.760000228881836,75,7,False,0.04015211526651119,0.08359641393204931,0.6662933489281684,-0.09461511420939384,False,False,False,all
2026-09-11,DAN,31.079999923706055,75,6,False,0.08231590449131554,0.022698107492211905,0.7519729608061354,-0.21435796651185768,False,True,False,all
2026-09-11,CM,114.63999938964844,75,7,False,-0.02537063455059052,0.09307384011937736,0.45500695592778007,-0.08185168325119996,False,True,False,all
2026-09-11,NTCT,38.04999923706055,75,7,False,-0.045677096338525014,0.11058571540025186,0.5256615245496947,-0.15967313907133007,False,False,False,all
2026-09-11,CFG,70.4800033569336,75,7,False,-0.013020578437417663,0.09477037813618239,0.4697112014557816,-0.06438335797466677,False,True,False,all
2026-09-11,CYTK,73.7699966430664,75,7,False,-0.058162372954531416,0.054645065359384404,0.5622616420162798,-0.1646472802343817,False,False,False,all
2026-09-11,QUIK,10.819999694824219,75,4,False,-0.1573602701278385,-0.09857748994438686,1.0492422850144085,-0.5552815565658222,False,True,False,all
2026-09-11,WELL,235.6199951171875,75,7,False,-0.0089656793757249,0.11315648025360026,0.4389007335400763,-0.07672414602350397,True,True,False,all
2026-09-11,SIRI,29.149999618530273,75,7,False,-0.017175008360124422,0.15667486985778156,0.4744561934030245,-0.10747091994123081,True,True,False,all
2026-09-11,UVSP,42.66999816894531,75,7,False,-0.011444759982311759,0.12813905055359154,0.5217545212459858,-0.06137265665894609,False,True,False,all
2026-09-11,DHC,7.5,75,6,False,-0.11878745390310819,0.03062325370692931,0.9132652688850622,-0.2236024722081924,False,False,False,all
2026-09-11,NKTR,69.76000213623047,75,5,False,-0.033511191873685786,0.06973523871999743,1.0886227230312908,-0.35999998040155534,False,True,False,all
2026-09-11,BAX,23.799999237060547,74,7,False,-0.04491318924569365,0.16248964554420575,0.5130324176523726,-0.20666669209798172,True,True,False,all
2026-09-11,EWS,33.619998931884766,74,7,False,0.026157527001438696,0.13687275410977562,0.2591759539778933,-0.028323687440891532,True,False,False,all
2026-09-11,GFF,96.02999877929688,74,7,False,-0.0017256615514853468,0.11615158231675582,0.47715729308950094,-0.1155015285140979,True,True,False,all
2026-09-11,IHE,101.06999969482422,74,7,False,-0.01690912969357994,0.10063568992121086,0.4643582238565276,-0.06985094525569069,False,True,False,all
2026-09-11,JNUG,183.8300018310547,74,4,False,0.19514946187752846,-0.0773059204353389,0.8490243936503667,-0.49434738549423196,False,True,False,all
2026-09-11,LION,11.270000457763672,74,5,False,-0.10096042906464453,0.017193959497711298,0.9182979502576463,-0.325149704018338,True,True,False,all
2026-09-11,LIVN,78.18000030517578,74,7,False,-0.027376039269553565,0.11233827237908045,0.6013928880352746,-0.08838621317912043,True,True,False,all
2026-09-11,LYG,6.010000228881836,74,7,False,-0.006217304946218638,0.08032324060842222,0.37844037725692425,-0.052050459899650625,False,True,False,all
2026-09-11,MOH,204.22999572753906,74,7,False,-0.019487364259071605,0.1436506914492306,0.6870147021826145,-0.16603374479745325,True,True,False,all
2026-09-11,MSFU,37.2599983215332,74,4,False,0.1600609675060385,0.1869681442622555,0.913713386521618,-0.3672949786431363,True,True,False,all
2026-09-11,RDNT,75.48999786376953,74,5,False,0.08238853796469092,0.1448264293559529,0.4854387705054992,-0.12057314673430974,True,True,False,all
2026-09-11,TILE,34.130001068115234,74,7,False,-0.041340574399902574,0.10444678490488668,0.3987705574468794,-0.15728392424406834,False,False,False,all
2026-09-11,TKR,119.4000015258789,74,6,False,-0.0903314462467727,0.06540128811152268,0.6919371126855198,-0.18425903184403158,False,True,False,all
2026-09-11,HTO,62.65999984741211,74,7,False,-0.007325446318688478,0.10086843027270209,0.4322285679408482,-0.06603065631673877,True,True,False,all
2026-09-11,IEX,224.2100067138672,74,7,False,-0.01913260387634519,0.0826270553042896,0.4173462497853795,-0.08035273212745508,False,True,False,all
2026-09-11,SILJ,30.489999771118164,74,5,False,0.08512288535272727,0.017717422666978733,0.5587934868918047,-0.25815082960851177,False,False,False,all
2026-09-11,TS,57.38999938964844,74,7,False,0.036421941875926844,0.08045114642724593,0.7054976756988265,-0.1116098955847653,False,True,False,all
2026-09-11,SBSW,12.539999961853027,74,4,False,0.22153167503648152,-0.014743496640772569,0.5933926485644656,-0.4109911027431059,False,False,False,all
2026-09-11,HURN,149.92999267578125,74,5,False,0.0794189195520425,0.07777043827404073,0.7663760311884769,-0.19729096447344108,True,True,False,all
2026-09-11,UNIT,10.069999694824219,74,6,False,-0.018901048087696548,0.06912125681645498,0.8999998740430193,-0.22167259942817874,True,True,False,all
2026-09-11,BCS,26.700000762939453,73,5,False,-0.0255118513360445,0.06727002025022899,0.3841368323340766,-0.0693621378206618,False,True,False,all
2026-09-11,BILL,47.25,73,5,False,0.02116679232057761,0.0793684163538384,0.5042980015771301,-0.17409542464362482,True,True,False,all
2026-09-11,DVA,181.5500030517578,73,5,False,-0.11464158869851393,0.09781964788900632,0.7975247826906715,-0.26643501142605774,True,True,False,all
2026-09-11,EUFN,42.290000915527344,73,7,False,0.01955699937665223,0.1093885098451488,0.285019784612756,-0.018110025187453305,True,False,False,all
2026-09-11,FRSH,11.890000343322754,73,6,False,0.010349957145272315,0.16637527080656778,0.7511046259384528,-0.15010718099729936,False,True,False,all
2026-09-11,GM,85.62000274658203,73,6,False,0.019509063867764187,0.0676176876385044,0.5759249008094489,-0.06782793501400408,True,False,False,all
2026-09-11,GSHD,57.18000030517578,73,3,False,-0.08517415097601122,0.03249339231413728,0.6977434616112113,-0.32219061295076146,False,True,False,all
2026-09-11,JPM,356.2300109863281,73,7,False,0.012769173285738233,0.11518272284789521,0.2763525732572205,-0.028021798127344844,True,True,False,all
2026-09-11,MIRM,98.22000122070312,73,6,False,-0.08470358068043737,0.016441118412872324,0.5533274866886475,-0.24446152907151442,True,True,False,all
2026-09-11,POWL,182.5,73,4,False,-0.12922908267753164,-0.09673326503455082,0.9773194630398705,-0.44359756097560976,False,True,False,all
2026-09-11,ROST,230.74000549316406,73,7,False,-0.021426475147732438,0.07874201876342957,0.6091778120882088,-0.10217896695266904,False,True,False,all
2026-09-11,SCHW,107.25,73,5,False,0.00942886492257955,0.09729053764374918,0.2773940110706188,-0.06356412168767833,False,True,False,all
2026-09-11,SHC,18.3700008392334,73,5,False,-0.0018582290261056622,0.0892284269236121,0.4033613922916306,-0.0745591694606681,False,True,False,all
2026-09-11,SKWD,56.7400016784668,73,7,False,-0.04324773263998061,0.1343015127622713,0.3975370396783027,-0.13624601050856433,False,True,False,all
2026-09-11,USB,62.84000015258789,73,7,False,-0.005069647750122419,0.1017641578347015,0.3958240673840592,-0.04903150103945875,False,True,False,all
2026-09-11,UWM,61.279998779296875,73,7,False,-0.056824497689439646,0.07690237095431507,0.4975562444135937,-0.10956118786635816,False,True,False,all
2026-09-11,BW,7.940000057220459,73,4,False,-0.140934363138704,-0.3149355236844572,2.336134317407641,-0.6395823962895446,False,False,False,all
2026-09-11,LH,311.5400085449219,73,7,False,0.006519759617689802,0.12608838138775802,0.27408802184455494,-0.08853124730471207,False,False,False,all
2026-09-11,WSBC,40.18000030517578,73,7,False,-0.015779848148956055,0.10557742526287628,0.3588096286726943,-0.06601580944603092,False,False,False,all
2026-09-11,COMP,10.510000228881836,73,5,False,-0.1039915274162031,0.034657603738068365,0.6499215726374215,-0.24686490244776182,False,True,False,all
2026-09-11,CROX,112.4800033569336,73,7,False,-0.11922832931251703,0.08202228079924745,0.536402195923396,-0.2038504789864397,False,True,False,all
2026-09-11,CATY,62.0099983215332,73,7,False,-0.009678059300073594,0.11885257372945057,0.39129456464264334,-0.049800853636395415,False,True,False,all
2026-09-11,SIBN,18.3799991607666,73,6,False,0.007255703636262156,0.12162759197081119,0.6010452869047884,-0.1603472054248517,False,True,False,all
2026-09-11,WDAY,185.6999969482422,73,4,False,0.08824703901462883,0.16470837940925454,0.6826748452448257,-0.2567540828023649,True,True,False,all
2026-09-11,CSTM,26.170000076293945,73,4,False,-0.07595723165281298,-0.024744722990752588,0.818624006387696,-0.29251151963238653,False,True,False,all
2026-09-11,AMKR,51.72999954223633,72,4,False,-0.08233934270748766,-0.08443370043206455,1.0808527060412159,-0.46493587733814945,False,True,False,all
2026-09-11,BP,46.099998474121094,72,7,False,0.0819310054208684,0.12526571740464365,0.4089241061810218,-0.04495549954554767,False,False,False,all
2026-09-11,EIG,49.65999984741211,72,7,False,-0.00019328313481048465,0.11515815409547381,0.3898684714145928,-0.05571401971238821,False,True,False,all
2026-09-11,GO,11.25,72,4,False,0.07011386500729788,0.21398183517284486,0.9893898466152784,-0.37325907956353066,False,False,False,all
2026-09-11,GPC,133.67999267578125,72,6,False,0.023125894707236583,0.11393681372573794,0.472570990012704,-0.1180313636204392,True,True,False,all
2026-09-11,HELE,26.809999465942383,72,7,False,-0.05233542147465031,0.18999003379946533,0.9357399803260782,-0.12614083444388102,False,True,False,all
2026-09-11,IPAR,112.01000213623047,72,7,False,-0.05919644309697303,0.12819368216678928,0.4507188636757318,-0.133652966565323,False,True,False,all
2026-09-11,KODK,9.3100004196167,72,5,False,0.04414342849362485,0.022981420492490745,0.6219513572912725,-0.3739071626585516,True,False,False,all
2026-09-11,NBTB,51.72999954223633,72,7,False,-0.004092990243465322,0.11993088339582281,0.3196428197813459,-0.050825696472727944,False,True,False,all
2026-09-11,NCNO,21.25,72,4,False,0.08647858621068982,0.11453338668370439,0.5398550511808664,-0.319564511319928,False,True,False,all
2026-09-11,NE,45.279998779296875,72,6,False,0.049888209568282216,0.07431719296398298,0.696197763511345,-0.1764278072699471,False,True,False,all
2026-09-11,RHP,121.98999786376953,72,7,False,-0.03979510985605028,0.12449034768613876,0.45538055724071147,-0.11254188923691522,False,True,False,all
2026-09-11,STBA,49.9900016784668,72,7,False,-0.009392809022973236,0.11410125013717032,0.4540430519308103,-0.06560744526230289,False,True,False,all
2026-09-11,UHAL,64.05000305175781,72,7,False,-0.08640167896869178,0.11821872731231298,0.5268176850271362,-0.1621974413534556,False,True,False,all
2026-09-11,WK,71.86000061035156,72,4,False,0.11079165935324609,0.10108753540951221,0.6580526155365207,-0.25990010086091664,True,False,False,all
2026-09-11,XTL,210.1699981689453,72,7,False,-0.011909563208103435,0.07063014913527033,0.6012952241443452,-0.15123979358176942,False,True,False,all
2026-09-11,DLO,14.859999656677246,72,6,False,0.00416259016501086,0.1032659686512607,0.3966164640213379,-0.11442198756858868,False,True,False,all
2026-09-11,CCC,6.889999866485596,72,4,False,0.046222043857526485,0.11207054698198626,0.6887254890502759,-0.30404039070978606,False,True,False,all
2026-09-11,SOLV,87.44999694824219,72,6,False,0.030605838701124544,0.12719368765197903,0.40189155900706086,-0.07126175077420205,True,True,False,all
2026-09-11,TENB,30.110000610351562,72,6,False,-0.16289490381550298,0.14977644234879617,0.9141768268653641,-0.3105106051558426,False,False,False,all
2026-09-11,IFS,54.72999954223633,72,7,False,-0.04177128574233946,0.09910522418167922,0.429354876824833,-0.10834150228344241,True,True,False,all
2026-09-11,SMMT,17.549999237060547,72,4,False,0.21382720803575395,0.06830610883653776,0.4540182005626916,-0.3995894795789712,False,False,False,all
2026-09-11,VECO,44.83000183105469,72,5,False,-0.10707524200979279,0.01408250966491531,0.7740404043911135,-0.48251179438556513,False,True,False,all
2026-09-11,UNP,284.3999938964844,72,7,False,-0.03473398354668111,0.08737145769640686,0.3296554056199057,-0.09997150958629986,False,True,False,all
2026-09-11,MMSI,86.36000061035156,72,6,False,0.03801571153919947,0.12653789633776902,0.4455975591557426,-0.08854880622320249,True,True,False,all
2026-09-11,NMIH,43.88999938964844,72,7,False,0.003445400054096881,0.09865282656620922,0.25975887478256277,-0.06097565653557435,True,False,False,all
2026-09-11,SMCI,40.099998474121094,72,6,False,0.23290531126682734,0.27343221967423736,1.0585215306179396,-0.317795180216219,True,True,False,all
2026-09-11,A,146.92999267578125,71,6,False,0.025609114071840633,0.11670144505553837,0.3560682486846072,-0.10271760197996183,False,False,False,all
2026-09-11,ACIW,52.09000015258789,71,7,False,-0.047798362837939035,0.12306982801789834,0.36898820491571627,-0.1471840440236536,True,True,False,all
2026-09-11,APLE,15.550000190734863,71,7,False,-0.046562090561325986,0.12413974026205499,0.4331796906931058,-0.10011576546103029,False,True,False,all
2026-09-11,AVBP,29.0,71,7,False,-0.06250808201185754,0.07798876892447404,0.7058823529411764,-0.19062242483992753,False,False,False,all
2026-09-11,BH,372.6700134277344,71,5,False,-0.0369139188917994,0.05905228242200944,0.5863698975500784,-0.2293837702145034,False,False,False,all
2026-09-11,EGBN,27.600000381469727,71,7,False,-0.003041435705863682,0.07519552692831755,0.83632740331484,-0.057698889765541383,False,True,False,all
2026-09-11,GS,1029.1800537109375,71,7,False,-0.014735739759424216,0.07982146495091569,0.3907650438902821,-0.10815512922957737,True,True,False,all
2026-09-11,IHF,56.630001068115234,71,7,False,-0.0049095409914414745,0.13017015423731748,0.3862913875992171,-0.028644908933098567,False,False,False,all
2026-09-11,IWD,255.5800018310547,71,7,False,0.009154175675110343,0.10710426382671057,0.2817452841234056,-0.01771782377145603,True,True,False,all
2026-09-11,JBL,318.0799865722656,71,6,False,-0.012631457292572978,0.07784866923898326,0.6776370059745884,-0.2584337957157141,False,True,False,all
2026-09-11,LAD,358.0199890136719,71,6,False,0.001201903234833157,0.1439039987233548,0.49311865391745124,-0.18537396307309773,True,True,False,all
2026-09-11,LNC,43.84000015258789,71,6,False,0.019952354837334374,0.10980037244088448,0.36233684701167435,-0.08034399336000986,False,True,False,all
2026-09-11,NTB,60.2400016784668,71,7,False,-0.009106191710685718,0.09269697449857994,0.48410942232100695,-0.061243518819054765,False,True,False,all
2026-09-11,OGC,30.190000534057617,71,5,False,0.11514141361778796,-0.006626858494410914,0.5618210374141286,-0.3032541135869422,False,True,False,all
2026-09-11,RIG,5.670000076293945,71,5,False,0.034445031575838,0.01387598924261968,0.8712871715616834,-0.2597910980103315,False,True,False,all
2026-09-11,RIOT,21.469999313354492,71,7,False,0.0396087228878963,0.1404228275724373,0.8669564620308254,-0.29188655905496164,False,True,False,all
2026-09-11,SWK,89.23999786376953,71,7,False,-0.06103881811472367,0.08149571807423239,0.4416800591912817,-0.1474971570156065,False,True,False,all
2026-09-11,TFSL,17.010000228881836,71,7,False,-0.04287642237342093,0.09717869804092483,0.3564593525220616,-0.1272447188999658,False,True,False,all
2026-09-11,TTEK,36.4900016784668,71,6,False,0.07191751658508005,0.10610621573929202,0.41379319773397216,-0.15414923053469787,True,True,False,all
2026-09-11,DNOW,15.649999618530273,71,6,False,0.05178969399240008,0.13911793955243978,0.43118418088536736,-0.09327929252616607,True,True,False,all
2026-09-11,CNI,122.25,71,7,False,-0.02877680586864184,0.09656106027736966,0.347255927684033,-0.07069557458009912,False,False,False,all
2026-09-11,DAL,79.91000366210938,71,7,False,-0.06474124950859228,0.07073186385549102,0.45211712583524055,-0.16482019850300245,False,True,False,all
2026-09-11,PDM,9.569999694824219,71,7,False,-0.004410990798374148,0.12916353854393892,0.5142404169125987,-0.055281383345532786,False,False,False,all
2026-09-11,GL,171.1699981689453,71,7,False,-0.037334579220109076,0.10597832663645979,0.3388345734207645,-0.10639522087246178,False,True,False,all
2026-09-11,VONV,112.08999633789062,71,7,False,0.009221531573141206,0.10647758371147709,0.2807358390909025,-0.017443946890105533,True,True,False,all
2026-09-11,WEBL,28.719999313354492,71,5,False,0.06552691128252097,0.18201457951308053,0.927516781788174,-0.1850170844088329,True,True,False,all
2026-09-11,STRO,16.860000610351562,71,4,False,-0.2821499488743868,-0.24874174995689602,1.3580420119540073,-0.6155073843320242,False,True,False,all
2026-09-11,XP,19.860000610351562,71,6,False,0.15923421933974913,0.09894977762465462,0.34189191583824274,-0.14137478033123552,False,False,False,all
2026-09-11,ADUS,117.08999633789062,70,6,False,0.014868060903066027,0.10683523429722053,0.3313246208160425,-0.05906465733939892,False,True,False,all
2026-09-11,AEG,9.0600004196167,70,7,False,-0.01005240046484357,0.11063443794797134,0.3422222843876592,-0.05723197260245427,False,False,False,all
2026-09-11,AIT,323.7799987792969,70,7,False,-0.04289729084409366,0.08609603166055613,0.3584794988428186,-0.13612590895241483,False,False,False,all
2026-09-11,AWR,86.4800033569336,70,6,False,-0.00864338314300428,0.1049053571691263,0.2452124860622107,-0.05713037280887823,False,True,False,all
2026-09-11,B,43.68000030517578,70,6,False,0.07381495199090748,0.023188053034167044,0.5391121070066971,-0.20131648560978832,False,True,False,all
2026-09-11,EQIX,1037.719970703125,70,7,False,-0.005965455858937041,0.07360478266835391,0.4400377143772851,-0.08058978512887582,False,True,False,all
2026-09-11,ETHT,17.81999969482422,70,3,False,0.44335906008741865,-0.09771239931897335,1.5205090894130349,-0.8477443647007005,False,False,False,all
2026-09-11,EVER,23.979999542236328,70,5,False,-0.04816342610429958,0.12168503405568987,0.7276656588271386,-0.16533240778570035,False,True,False,all
2026-09-11,EWP,62.13999938964844,70,7,False,0.01436830658551358,0.09062507236163841,0.2926981440430332,-0.020491791696118256,True,True,False,all
2026-09-11,FESM,46.36000061035156,70,7,False,-0.02370813077794187,0.08563611776966451,0.33103641036896647,-0.052524007332825695,False,True,False,all
2026-09-11,GUNR,56.619998931884766,70,7,False,0.05816741600348552,0.08671449966242162,0.3312955691747337,-0.02496987722678934,False,True,False,all
2026-09-11,KWR,156.22000122070312,70,7,False,-0.022163127290347084,0.05953456352514852,0.39258335528365484,-0.14638541112645154,False,False,False,all
2026-09-11,MSFT,495.6300048828125,70,5,False,0.09249303786434715,0.14926684884276864,0.41932986127436567,-0.10490856189735887,True,True,False,all
2026-09-11,MTG,30.739999771118164,70,5,False,0.021201382242979072,0.10419243825572022,0.24503844091518423,-0.036061450001267925,True,True,False,all
2026-09-11,MUR,38.5,70,7,False,0.06298386330017824,0.08261322916785518,0.5205371431291907,-0.11167513003109408,False,True,False,all
2026-09-11,NPO,300.489990234375,70,6,False,-0.0617387414492111,0.061740179993547084,0.4875742090810644,-0.23034173479942566,False,True,False,all
2026-09-11,OMDA,19.65999984741211,70,6,False,-0.13090376473242404,0.1540894227320173,0.91245139670153,-0.2695523247755047,False,True,False,all
2026-09-11,SBET,8.880000114440918,70,4,False,0.3021291738436558,0.18655506195464078,0.9910313987643717,-0.5455476101137497,False,True,False,all
2026-09-11,V,370.45001220703125,70,5,False,0.01430460487495333,0.1059747776221256,0.26050561006701,-0.039214655782272456,False,True,False,all
2026-09-11,VAL,83.7300033569336,70,5,False,0.026402346441949387,0.04132599664983161,0.7929336614354126,-0.26629862126040504,False,False,False,all
2026-09-11,DDM,65.5999984741211,70,7,False,-0.018352055766322595,0.08319907509259261,0.33170931200468856,-0.07929826702987941,False,False,False,all
2026-09-11,CCK,112.63999938964844,70,6,False,-0.03369210142314605,0.05704663527775011,0.2626387237487806,-0.08355710655329651,False,True,False,all
2026-09-11,SMBC,73.26000213623047,70,7,False,-0.0333944389540507,0.08420498812727861,0.5390757244679338,-0.08264460836061638,False,False,False,all
2026-09-11,PVAL,53.88999938964844,70,7,False,0.010481698864840405,0.09376568521634954,0.2960557243025379,-0.014808068775015615,True,True,False,all
2026-09-11,TAL,11.8100004196167,70,6,False,0.04470750394595968,0.0726709967145176,0.3299549850693051,-0.1166790934401829,True,False,False,all
2026-09-11,CCCC,3.509999990463257,70,6,False,-0.08538968215209208,0.1452156240445559,1.0769230009590354,-0.3210831840104421,False,True,False,all
2026-09-11,UBSI,47.220001220703125,70,7,False,-0.008849390408152802,0.08749350399362554,0.38475083089927287,-0.048367548626436,False,True,False,all
2026-09-11,CHCO,143.9600067138672,70,7,False,0.015653931767281914,0.12227991407990846,0.2716191845072813,-0.033760645639600684,True,True,False,all
2026-09-11,DC,5.809999942779541,70,6,False,0.08907549444495255,0.04893525631715323,0.5329815306749723,-0.19862069754764955,True,True,False,all
2026-09-11,ABX,9.510000228881836,69,6,False,-0.05949600336462668,0.0493185455484646,0.9020000457763673,-0.23553050243842422,True,True,False,all
2026-09-11,AEIS,287.25,69,3,False,-0.035121898983868305,-0.045310289172241,0.8523891560759438,-0.2772494005749996,False,True,False,all
2026-09-11,AGIO,33.599998474121094,69,4,False,-0.0495318826593556,0.09832989932977032,0.5107913138450442,-0.26956525056258496,True,True,False,all
2026-09-11,ARQQ,20.049999237060547,69,2,False,-0.008118127837207223,0.03260690799914823,0.7404512535021868,-0.6766129155312814,False,True,False,all
2026-09-11,ASM,6.489999771118164,69,3,False,-0.012507266938181938,-0.07003406563259473,0.622499942779541,-0.45871560508687825,False,False,False,all
2026-09-11,BG,122.41000366210938,69,6,False,0.0654075708191646,0.06645644167059461,0.6104459968665381,-0.09238519986785598,False,False,False,all
2026-09-11,BKDV,34.5,69,6,False,0.007166940223782392,0.08966919174830368,0.2702503753249199,-0.01821284578157878,True,False,False,all
2026-09-11,BLKB,45.47999954223633,69,3,False,0.11987707348503185,0.03983281086984558,0.7779515120360931,-0.35680950175230075,True,True,False,all
2026-09-11,DTCR,28.260000228881836,69,7,False,0.002081473421609026,0.06479179776069777,0.4680519599419135,-0.1381518926551898,False,True,False,all
2026-09-11,EWJ,98.55999755859375,69,6,False,0.042118214446599245,0.10338030554355293,0.2601968893023714,-0.002328204826420266,True,False,False,all
2026-09-11,FBNC,64.30000305175781,69,7,False,0.001320606475986752,0.09213237001901176,0.3990427400482963,-0.037136804026236536,False,True,False,all
2026-09-11,FFBC,32.5,69,6,False,-0.03662599894413421,0.08563850571906295,0.409366901677499,-0.10344827586206895,False,True,False,all
2026-09-11,FITB,54.720001220703125,69,6,False,-0.03013800845435044,0.06967345169681671,0.36629219133836055,-0.08033611393776263,False,True,False,all
2026-09-11,FULT,23.600000381469727,69,6,False,-0.022750031268262805,0.0847108792404625,0.4216867372975468,-0.06460559612923888,False,True,False,all
2026-09-11,FYC,116.8499984741211,69,6,False,-0.033941450781335036,0.0739667465474283,0.3454231494193887,-0.08403230576426868,False,True,False,all
2026-09-11,HCSG,21.979999542236328,69,6,False,-0.041472262140233696,0.051154070293730314,0.4527428536670921,-0.14640778476752125,True,True,False,all
2026-09-11,HXL,92.73999786376953,69,6,False,-0.07124031724343616,0.04216823423768812,0.5389976841507806,-0.17003759050688638,False,True,False,all
2026-09-11,IWC,190.83999633789062,69,6,False,-0.019092859168025944,0.073635792805264,0.3276748924777697,-0.06119639175575009,False,False,False,all
2026-09-11,LTC,42.27000045776367,69,6,False,0.0432709565751892,0.1088143916480544,0.2565398699374182,-0.020620931251041252,False,True,False,all
2026-09-11,MTB,239.8300018310547,69,6,False,-0.020435929628361937,0.08111642057100421,0.3723392616705161,-0.06298103266024757,False,True,False,all
2026-09-11,NVDA,218.2899932861328,69,7,False,0.0268411262161794,0.10541858818410965,0.32884877097874443,-0.07715397192018902,False,True,False,all
2026-09-11,NVDL,33.79999923706055,69,7,False,0.02699350247808363,0.10324475420574086,0.5694164487430098,-0.21891854128824928,False,False,False,all
2026-09-11,PRU,119.23999786376953,69,3,False,-0.0051478136334164315,0.10124395801326869,0.2976384661637306,-0.06639526523555184,False,True,False,all
2026-09-11,SOLT,57.630001068115234,69,2,False,0.39911244793780587,-0.15029136648804986,1.4755154367832337,-0.9183711033029529,False,False,False,all
2026-09-11,COKE,192.61000061035156,69,6,False,0.029105171480194647,0.06974414330694167,0.7415009337040788,-0.12310491253132516,False,True,False,all
2026-09-11,CTVA,83.9000015258789,69,7,False,0.005406922208119447,0.07875352428960336,0.3859750844529928,-0.07771792459001547,False,False,False,all
2026-09-11,CARS,11.609999656677246,69,4,False,-0.017949308745277226,0.0657633537581852,0.568918852304525,-0.16143016014771105,False,True,False,all
2026-09-11,TRNS,84.30999755859375,69,6,False,-0.04951627088104038,0.09839068749716251,0.6784789633075938,-0.15690002441406248,False,True,False,all
2026-09-11,PRF,55.959999084472656,69,6,False,0.010750497205021636,0.09339370426551996,0.2686465270948144,-0.01235440813315547,True,True,False,all
2026-09-11,GWW,1280.0,69,6,False,-0.04027514826482059,0.08058149559471195,0.41199308611173513,-0.09853443585284372,False,True,False,all
2026-09-11,GILD,143.72000122070312,69,7,False,0.04076901427505675,0.06671774166648592,0.3250968323240413,-0.08627371507826276,False,True,False,all
2026-09-11,DFAE,40.130001068115234,69,7,False,0.03246357983453363,0.09202555880300012,0.3074216703238577,-0.04817244049697378,False,True,False,all
2026-09-11,INGM,27.549999237060547,69,6,False,-0.02878055445747496,0.08404813379282006,0.4477140432471993,-0.13064061935081894,False,False,False,all
2026-09-11,ZION,68.75,69,6,False,-0.013788312371056266,0.09596247264536073,0.48841745061767283,-0.06258517271726716,False,True,False,all
2026-09-11,PUMP,11.449999809265137,69,3,False,-0.030515493219476886,-0.1031355156103404,1.470334248942934,-0.3810810913910737,False,True,False,all
2026-09-11,ESNT,68.18000030517578,69,4,False,0.015190642370215723,0.08518668164842191,0.2320202406430143,-0.031121249906624793,True,False,False,all
2026-09-11,STRL,511.0400085449219,69,3,False,-0.11095398518291377,-0.02870372321242276,0.8149017434297194,-0.49184630074501756,False,True,False,all
2026-09-11,UMBF,139.49000549316406,69,6,False,-0.03587489594300286,0.08504698434851599,0.3492939562692068,-0.09020350358977625,False,True,False,all
2026-09-11,UNFI,44.45000076293945,69,5,False,-0.06498607567365877,0.019855655024999974,0.5892027834879658,-0.2204489581534671,False,False,False,all
2026-09-11,AMGN,377.3500061035156,68,6,False,-0.05449713151674096,0.05003815091073838,0.39878422905073996,-0.15587319165616653,False,False,False,all
2026-09-11,AVDV,111.61000061035156,68,6,False,0.03406552393491502,0.07633896710436483,0.28072425403380596,-0.02096490692674069,True,True,False,all
2026-09-11,AVEM,95.3499984741211,68,7,False,0.029073052039354064,0.08975038583105088,0.307238761757886,-0.054348936402040304,False,True,False,all
2026-09-11,BAI,44.5099983215332,68,7,False,0.001602166328591892,0.10345609785448562,0.44419204290284364,-0.1827029182924894,False,True,False,all
2026-09-11,BCH,41.720001220703125,68,5,False,0.012685298577050474,0.04935123060209845,0.43318448457426095,-0.10797518040695808,False,False,False,all
2026-09-11,EWZ,38.189998626708984,68,6,False,0.06845494508054495,0.05887878270118341,0.3325191496872042,-0.0911471154053034,False,False,False,all
2026-09-11,FLNG,31.700000762939453,68,7,False,0.025724018834095475,0.08644432067054697,0.3208333651224773,-0.05089822411002776,False,False,False,all
2026-09-11,FNDX,32.459999084472656,68,6,False,0.012975799146828448,0.09277656739775386,0.26451106303070193,-0.01187212809022431,True,False,False,all
2026-09-11,HMC,32.52000045776367,68,5,False,0.06817676139703788,0.14615403713901398,0.398709697108115,-0.055749077976336214,False,True,False,all
2026-09-11,HOOD,112.56999969482422,68,3,False,0.08831843578101561,0.18296900558067297,0.772337255397513,-0.2683608524095469,False,False,False,all
2026-09-11,HWC,75.25,68,6,False,-0.013906218913905644,0.08432363191984016,0.39222943685821954,-0.06090100362769968,False,True,False,all
2026-09-11,IEMG,82.56999969482422,68,6,False,0.030540541674957566,0.08870858400894388,0.2887466846904714,-0.045323138695409715,False,True,False,all
2026-09-11,PCTY,141.66000366210938,68,5,False,0.016783485133523568,0.13102950700474114,0.5233896861643277,-0.17940103310387256,False,True,False,all
2026-09-11,PGY,19.969999313354492,68,3,False,0.007410513853247203,0.15461720359144748,0.9201923121009354,-0.5561236148405708,False,True,False,all
2026-09-11,PNC,244.24000549316406,68,6,False,-0.019442509856596457,0.08128642839720435,0.3808231498805039,-0.056842703304103015,False,True,False,all
2026-09-11,RSI,26.43000030517578,68,6,False,-0.07119763221731146,0.11285382928014287,0.7040618900803977,-0.23457859138349013,True,False,False,all
2026-09-11,SPMO,148.30999755859375,68,6,False,-0.0010144288914578636,0.11345513999450829,0.38297277613709757,-0.08619843025327989,False,True,False,all
2026-09-11,THRM,38.849998474121094,68,4,False,-0.017743854363040823,0.11713044444611942,0.43888883237485543,-0.19648397724531041,False,True,False,all
2026-09-11,XSOE,47.86000061035156,68,6,False,0.02273437659672184,0.08648350833497553,0.29526385986856996,-0.06850915501339039,True,True,False,all
2026-09-11,CAI,24.34000015258789,68,3,False,0.18978952806670013,0.1615463339464962,0.7152925209551286,-0.30852273792521,False,True,False,all
2026-09-11,DFIV,58.58000183105469,68,6,False,0.025495622589550626,0.08227850962067462,0.2999002244801061,-0.010640048356007847,False,True,False,all
2026-09-11,CART,48.72999954223633,68,7,False,0.0166952447289499,0.14694445704309156,0.4888481583799855,-0.07498103151209301,False,True,False,all
2026-09-11,CACI,621.1699829101562,68,5,False,0.09876053537610452,0.10814652359514132,0.42896242343401725,-0.09119241710291692,True,True,False,all
2026-09-11,CORN,19.920000076293945,68,6,False,0.07907823703721073,0.10664207653724644,0.21686005223361926,-0.024963300110799835,False,False,False,all
2026-09-11,JLL,346.9700012207031,68,4,False,-0.015150390378364298,0.05866067573390521,0.335373202292806,-0.11900770757923707,False,True,False,all
2026-09-11,PWB,156.8699951171875,68,6,False,-0.0009349604930704025,0.08931406980898005,0.32379742714926163,-0.07183006794996027,False,False,False,all
2026-09-11,WSM,226.22999572753906,68,6,False,-0.025169042779793593,0.10157918790917853,0.36686606994114346,-0.11244067531381274,False,False,False,all
2026-09-11,PRM,31.559999465942383,68,6,False,-0.04488670324105293,0.06848854295561257,0.6020303677000107,-0.17317262300475433,False,True,False,all
2026-09-11,FTGC,31.30500030517578,68,7,False,0.06021823807639248,0.1335432030846062,0.37907485696146104,-0.012771958088614088,False,False,False,all
2026-09-11,CPER,39.18000030517578,68,6,False,-0.00204277067323555,0.06175409732651471,0.3893616753608846,-0.051101975383054166,False,False,False,all
2026-09-11,PDS,89.7699966430664,68,6,False,0.06910789725054278,0.0616808117983767,0.6804567525285403,-0.13516383426015532,False,True,False,all
2026-09-11,PLMR,133.66000366210938,68,4,False,-0.0050002849301122865,0.06676097651517199,0.32586059814575674,-0.09456707706836087,False,True,False,all
2026-09-11,PATH,13.75,68,3,False,-0.026617579601442287,0.0656353903861171,0.49456524837670623,-0.30695565049144025,False,True,False,all
2026-09-11,EHC,121.70999908447266,68,7,False,0.04148304198031805,0.13327609308978228,0.31195433317469257,-0.049066324588747934,True,True,False,all
2026-09-11,DISV,44.43000030517578,68,6,False,0.03443699730093841,0.08448063269277628,0.28577629613045863,-0.015510763269935057,True,True,False,all
2026-09-11,CMPR,84.7699966430664,68,5,False,-0.10332166391325781,0.015035710454035511,0.5046147748221586,-0.20463506111174978,False,False,False,all
2026-09-11,COWZ,69.94000244140625,68,6,False,0.025579404795504468,0.09345109898024484,0.2574614128824153,-0.03557631441102427,True,False,False,all
2026-09-11,INFL,54.77000045776367,68,6,False,0.04172017006353079,0.08040176392066978,0.2972524603079947,-0.02683010579752665,False,False,False,all
2026-09-11,COLD,14.619999885559082,68,6,False,-0.02118315840069518,0.08828344973677638,0.44752468647249866,-0.1338862196427314,False,True,False,all
2026-09-11,ABVX,118.63999938964844,67,3,False,-0.05408853150337389,-0.0066083122988929155,0.6994700406638765,-0.20284890190135607,False,True,False,all
2026-09-11,ADAM,9.09000015258789,67,6,False,-0.03632082294124961,0.07500179601304469,0.40930239091333176,-0.12258682878148675,False,True,False,all
2026-09-11,BFC,154.41000366210938,67,6,False,0.01562275828062254,0.09170084483783247,0.29669131078095967,-0.02947832973906228,False,True,False,all
2026-09-11,BRUN,16.6299991607666,67,4,False,-0.22149301445730607,-0.07298764057015883,0.6161320915857287,-0.6040476390293666,False,False,False,all
2026-09-11,ENS,179.4499969482422,67,3,False,-0.06489412241857906,-0.04079880808228742,0.7136172159704384,-0.2654523343979508,False,False,False,all
2026-09-11,FLJP,41.900001525878906,67,6,False,0.03909376152998556,0.09690605621012671,0.24554109054984719,-0.0029744198801046062,True,True,False,all
2026-09-11,HAL,35.84000015258789,67,5,False,0.04481876970117482,0.02381133126017443,0.6700839553399542,-0.17779307118309085,False,True,False,all
2026-09-11,HBCP,69.22000122070312,67,6,False,-0.010987424735939721,0.08448639722159501,0.3696082304469597,-0.07087246683619963,False,True,False,all
2026-09-11,HYDR,44.939998626708984,67,4,False,0.025637711539158392,0.005831846832681231,0.6130652420018698,-0.3991979038341378,False,False,False,all
2026-09-11,ICUI,156.47999572753906,67,4,False,-0.06914658701254128,0.07133464991885385,0.3909332953559028,-0.18859221791496505,False,True,False,all
2026-09-11,IDEQ,35.97999954223633,67,6,False,0.02096988710582992,0.07363403907120691,0.2836246400585527,-0.013300441747486014,True,False,False,all
2026-09-11,ITT,204.13999938964844,67,6,False,0.013722547561394682,0.04650873497252195,0.22268801617563172,-0.1136679710925722,False,True,False,all
2026-09-11,IVLU,44.630001068115234,67,6,False,0.024893244847751017,0.08039543741449218,0.28635254246084085,-0.010201798246085247,True,False,False,all
2026-09-11,LLY,1115.699951171875,67,6,False,-0.05820654455698515,0.047755172476916075,0.5668843062971429,-0.1368893899355289,False,True,False,all
2026-09-11,MCY,102.33999633789062,67,6,False,-0.03609604626191243,0.05577095757916961,0.3775743044377935,-0.0948169242189082,False,False,False,all
2026-09-11,MDGL,534.489990234375,67,5,False,0.007072421104320492,0.037808165320650566,0.3579177615552158,-0.13091058498475605,True,True,False,all
2026-09-11,MHK,126.79000091552734,67,5,False,0.019035285856448647,0.10934421422984597,0.36347998524825065,-0.09629366958207775,False,False,False,all
2026-09-11,NOG,26.579999923706055,67,6,False,0.16057704744518708,0.10761767905166164,0.5471478144094302,-0.14725698239823792,False,True,False,all
2026-09-11,OUT,28.6200008392334,67,5,False,-0.0811431806855819,0.0007308199573352603,0.6865057158081893,-0.18135006897225991,False,True,False,all
2026-09-11,PLUS,91.83000183105469,67,5,False,0.035710193612378704,0.0797413221599812,0.3260650083906813,-0.0642958793339804,False,True,False,all
2026-09-11,RPV,121.91999816894531,67,6,False,0.015641124412328233,0.09119954483378612,0.27185476103345274,-0.012233671980045768,False,True,False,all
2026-09-11,SPNT,24.200000762939453,67,7,False,9.922349652757845e-05,0.08115597545550957,0.4094350993248741,-0.08610267442264163,True,True,False,all
2026-09-11,ST,43.63999938964844,67,6,False,-0.020206567929933916,0.0768966745514783,0.5497158958137898,-0.19020226602505563,False,True,False,all
2026-09-11,UHAL.B,56.439998626708984,67,6,False,-0.08429248730576511,0.08883956145934047,0.4245330678514503,-0.15635280509109828,False,True,False,all
2026-09-11,VYMI,105.5999984741211,67,6,False,0.021317081462650656,0.08188916057879125,0.2746695264424892,-0.015715047534200055,False,False,False,all
2026-09-11,WABC,59.09000015258789,67,6,False,-0.0036253254098215226,0.09239208089854678,0.3151569052133063,-0.07105801626148878,False,True,False,all
2026-09-11,XSW,195.33999633789062,67,5,False,0.028008937395143985,0.13880586633149172,0.44492930549767884,-0.07570739224590117,True,True,False,all
2026-09-11,DFSV,39.75,67,6,False,-0.0004978641405453121,0.07992461127513861,0.3110158443301545,-0.02930404738906567,False,False,False,all
2026-09-11,CDW,153.7899932861328,67,4,False,0.09399893215829436,0.1659475167016886,0.5835048284277893,-0.10352672369388816,False,True,False,all
2026-09-11,HAFC,31.799999237060547,67,6,False,-0.0018957945310595914,0.08678376085238204,0.3916848449091863,-0.05074629143102849,False,True,False,all
2026-09-11,VIK,85.01000213623047,67,5,False,-0.1232322133308077,0.02559650172200878,0.508071735799625,-0.22781356195783753,False,False,False,all
2026-09-11,LPLA,353.7799987792969,67,4,False,0.02251804907516619,0.06922020340278756,0.35990777274462893,-0.11590364968602729,True,False,False,all
2026-09-11,QQQJ,44.310001373291016,67,5,False,-0.016520466712290682,0.0836329701786529,0.2884560092963697,-0.05602891628380857,False,False,False,all
2026-09-11,DFEM,40.529998779296875,67,6,False,0.03141577910500093,0.08709569760300573,0.2988718806852102,-0.04792109302681935,False,True,False,all
2026-09-11,SCHD,34.119998931884766,67,6,False,0.009312137119410258,0.09081895787759464,0.2963525580357207,-0.03370156882254849,False,False,False,all
2026-09-11,CNOB,31.799999237060547,67,6,False,-0.021851495106842145,0.08661664785175582,0.3706895772115255,-0.06854130622209087,False,True,False,all
2026-09-11,SFNC,23.190000534057617,67,7,False,0.0009582484350183496,0.09985750394941983,0.36411767847397747,-0.046463781864565123,False,True,False,all
2026-09-11,CTS,57.849998474121094,67,5,False,-0.04039150278702597,0.0523012552119797,0.6056064511265586,-0.1682243575018939,False,True,False,all
2026-09-11,TFII,131.24000549316406,67,5,False,-0.0722058669968435,0.03475060076959191,0.6276821277902338,-0.217365355224313,False,True,False,all
2026-09-11,TBT,39.5099983215332,67,6,False,0.049658829303987684,0.1119647574481808,0.246765467203806,-0.004033270854480686,False,True,False,all
2026-09-11,AHR,53.58000183105469,66,6,False,-0.03288337379131312,0.05470887503351474,0.3395000457763673,-0.08722314932434039,False,True,False,all
2026-09-11,AMZZ,34.133399963378906,66,6,False,-0.008544549313973748,0.05724777911206247,0.5368483282487877,-0.20822548178802847,True,True,False,all
2026-09-11,AVIV,82.7300033569336,66,6,False,0.018699382750067883,0.07158212770580796,0.24719224411025986,-0.014415047048840446,True,True,False,all
2026-09-11,AVUV,124.5,66,6,False,-0.008945752663904627,0.07358220438422647,0.3263022942069027,-0.035257674886942536,False,False,False,all
2026-09-11,BBJP,79.55000305175781,66,6,False,0.04184678549740295,0.09366024779881621,0.23104301563907748,-0.0021949880929766907,True,False,False,all
2026-09-11,BHVN,12.710000038146973,66,5,False,-0.13714681282402652,0.077232760940521,0.6991978617295915,-0.3154152726169931,False,False,False,all
2026-09-11,EG,371.7099914550781,66,5,False,-0.007067626296958673,0.08059628118132478,0.22903712622172723,-0.07320421705182867,False,False,False,all
2026-09-11,ESTA,70.94000244140625,66,4,False,-0.1376250015762176,-0.03418405053410434,0.9419656395283267,-0.2730812060307165,True,True,False,all
2026-09-11,ETH,24.25,66,3,False,0.23462446341399534,0.12041582368916304,0.6689608014907511,-0.4591279024158984,False,False,False,all
2026-09-11,FDT,97.3927993774414,66,6,False,0.04249658575516224,0.07310590144580553,0.3248918044778557,-0.038760366454910544,False,True,False,all
2026-09-11,GFI,45.099998474121094,66,4,False,0.1540842967545304,0.028798336183885498,0.44969455446151585,-0.26833226929436016,False,False,False,all
2026-09-11,IART,15.5,66,6,False,-0.12011807276292308,0.11724998116612917,0.7816092344614936,-0.24353342249187604,False,True,False,all
2026-09-11,IDCC,350.1300048828125,66,4,False,0.13250867114800569,0.09701055018036842,0.40535444224360906,-0.1514057205443431,True,True,False,all
2026-09-11,KMTS,22.850000381469727,66,2,False,-0.09924468750253157,-0.02983211339164349,0.31776240948068857,-0.23833332061767576,False,True,False,all
2026-09-11,PM,191.05999755859375,66,7,False,0.013537873050530447,0.09149386303842233,0.3444514582929119,-0.08038119652382214,False,True,False,all
2026-09-11,PNRG,211.11000061035156,66,6,False,0.07527593983997405,0.06975609829571128,0.6701740352995904,-0.2430620106477791,False,False,False,all
2026-09-11,RHLD,130.13999938964844,66,1,False,-0.025912784520106036,-0.16594700339018964,1.0430140946774316,-0.4490029296564598,False,True,False,all
2026-09-11,TRIN,17.93000030517578,66,5,False,-0.00139791357681196,0.09663610461192351,0.2689313630543604,-0.05107171893141638,False,True,False,all
2026-09-11,VALE,15.229999542236328,66,5,False,0.035716197906633385,-0.0004528777880937751,0.4574162507384132,-0.15105913663026793,False,False,False,all
2026-09-11,CQP,67.73999786376953,66,7,False,0.021873550005750975,0.09977080816153117,0.367655956658014,-0.04926318787691886,False,False,False,all
2026-09-11,CORO,37.09000015258789,66,6,False,0.019157629428101064,0.08101586069423683,0.2464712833015208,-0.01513541415649755,True,True,False,all
2026-09-11,DEM,56.75,66,6,False,0.04056650492491887,0.09860433844733518,0.28306580572780726,-0.007346478614607577,False,True,False,all
2026-09-11,CAMT,147.97000122070312,66,4,False,0.005534290635094585,-0.03320660332596648,0.8160284134071716,-0.3149219989006099,False,True,False,all
2026-09-11,RDVY,80.58999633789062,66,5,False,-0.009646736820419388,0.07747983354494314,0.2403231739972851,-0.04082361868862128,False,True,False,all
2026-09-11,NWSA,29.440000534057617,66,7,False,0.022208044460950704,0.11952999854413959,0.3261261046082744,-0.0701200039183183,False,False,False,all
2026-09-11,RWL,133.63999938964844,66,6,False,0.007963235847874728,0.08511061839967571,0.23250022146563887,-0.016485173775905526,False,True,False,all
2026-09-11,TEO,13.25,66,6,False,-0.012299670171863952,0.06626108604088365,1.0606532431935571,-0.18910649472047303,True,False,False,all
2026-09-11,WERN,37.279998779296875,66,6,False,-0.07210134265384127,0.046990989533370886,0.6166521961267257,-0.2149926834767707,True,True,False,all
2026-09-11,ESQ,119.86000061035156,66,6,False,-0.014525585836505761,0.07390560453001638,0.3014115374174591,-0.11092980425197474,False,False,False,all
2026-09-11,CGXU,35.31999969482422,66,6,False,0.026556172698006142,0.09124079169645394,0.255152823770743,-0.026192466251709234,False,False,False,all
2026-09-11,HTLD,12.34000015258789,66,4,False,-0.06967625600400618,0.031276783055694146,0.762857164655413,-0.2584134251672827,True,True,False,all
2026-09-11,CNR,97.47000122070312,66,6,False,0.08489496542280839,0.0794115699858664,0.3558214222872562,-0.15095820009030336,False,True,False,all
2026-09-11,AVSC,71.4800033569336,66,6,False,-0.021955867706822674,0.07208783231333626,0.3161480675654442,-0.0507304055777863,False,True,False,all
2026-09-11,HIW,30.93000030517578,66,6,False,-0.029732282560455237,0.1503786381231793,0.512469396149301,-0.1272572939135017,True,True,False,all
2026-09-11,JMOM,82.72000122070312,66,5,False,-0.0006282148106417917,0.09308624584753944,0.276149361464872,-0.03708701458480301,False,False,False,all
2026-09-11,STVN,20.899999618530273,66,3,False,0.02060745914887785,0.1417645205000615,0.6214118744656854,-0.25357144219534733,False,True,False,all
2026-09-11,IWN,219.69000244140625,66,6,False,-0.014190545677220112,0.07358209436351726,0.3018666811342592,-0.03585534164425941,False,True,False,all
2026-09-11,R,243.3000030517578,66,6,False,-0.05926221443153035,0.06870176580040188,0.543096377733568,-0.14406331380208337,False,True,False,all
2026-09-11,CURB,29.31999969482422,66,6,False,-0.03005763538817907,0.07011984919835679,0.3369812716283591,-0.08802493613497031,True,False,False,all
2026-09-11,ADP,268.260009765625,65,5,False,0.011507223382337006,0.13012014587274545,0.42570155476482774,-0.10346899047113567,False,True,False,all
2026-09-11,AIPO,28.969999313354492,65,5,False,-0.019939536931030566,0.042528816793617086,0.40270176170932714,-0.16728949264198756,False,False,False,all
2026-09-11,ALKT,20.510000228881836,65,4,False,0.08049733138190929,0.1119665292805716,0.4670959156269707,-0.23726289719525406,True,False,False,all
2026-09-11,ALRM,55.36000061035156,65,5,False,0.01243970773211811,0.12656223638393338,0.33429738179748636,-0.04789749463387005,True,True,False,all
2026-09-11,AVTX,16.1200008392334,65,2,False,-0.15443601518933137,-0.047201030799977284,0.6897275580389297,-0.3358054991681383,False,False,False,all
2026-09-11,AXTA,34.15999984741211,65,4,False,-0.02679171784361667,0.06916890102483553,0.36985200590171297,-0.11525513319329972,False,False,False,all
2026-09-11,DYNF,69.7699966430664,65,6,False,0.016604840805845456,0.08956629951758721,0.2419009658965523,-0.010495042841359159,True,True,False,all
2026-09-11,EBAY,107.75,65,6,False,-0.010678246666910196,0.08678878386838784,0.3808791706477448,-0.09689043496054528,True,False,False,all
2026-09-11,EBC,21.600000381469727,65,6,False,-0.04719892771165535,0.047175010828383046,0.3000301341572682,-0.0914826192201218,False,True,False,all
2026-09-11,FELC,43.58000183105469,65,6,False,0.012057404963863982,0.08761439084115374,0.24177234122294666,-0.01758338071606924,True,False,False,all
2026-09-11,FHLC,80.30000305175781,65,5,False,-0.005791879823620616,0.07015231924104959,0.2488335807250417,-0.060379078960841825,False,False,False,all
2026-09-11,ILF,35.970001220703125,65,6,False,0.03698795437004021,0.046002934087860714,0.32437413191408626,-0.06571425400771103,False,False,False,all
2026-09-11,IOO,144.07000732421875,65,6,False,0.01477903688961768,0.0812559787390692,0.23675860559893702,-0.01779373794578487,True,True,False,all
2026-09-11,IYM,186.55999755859375,65,7,False,0.011137897981998046,0.05506307598512761,0.3413862173025757,-0.05472235011328508,False,False,False,all
2026-09-11,JAVA,82.22000122070312,65,6,False,0.004147526574119098,0.07446577092052653,0.2245688736330791,-0.021889083884496396,False,True,False,all
2026-09-11,JQUA,73.55999755859375,65,6,False,0.0026688457033305912,0.09176799674838554,0.232160747379057,-0.027498702377559026,False,False,False,all
2026-09-11,KMLM,31.010000228881836,65,6,False,0.0632534755316112,0.1082510450420342,0.20333720132082966,-0.003214412713204884,False,False,False,all
2026-09-11,KYN,14.84000015258789,65,7,False,0.017204756684591205,0.08474775542473467,0.31211313899233484,-0.021753455639182406,False,False,False,all
2026-09-11,MGV,166.3000030517578,65,6,False,0.004189477249310736,0.08113275834379641,0.2294840293177236,-0.02084310740969475,True,False,False,all
2026-09-11,NATL,46.619998931884766,65,7,False,0.004983937562801577,0.08168933147342039,0.3995796160268583,-0.03876290862093268,False,False,False,all
2026-09-11,PSC,68.04000091552734,65,5,False,-0.01330271366622715,0.0760920052082874,0.266331686119635,-0.040338512677008165,False,False,False,all
2026-09-11,SYBT,79.73999786376953,65,5,False,-0.017622211056936732,0.10721471293848861,0.2963745738854042,-0.10625423926506061,False,True,False,all
2026-09-11,USFD,95.33999633789062,65,6,False,-0.07505144896988591,0.04878023315940494,0.3644364413293828,-0.14431881255887924,False,True,False,all
2026-09-11,CENX,44.04999923706055,65,3,False,-0.035864539988283206,-0.11697966244264524,0.9638875897338215,-0.374556310575177,True,True,False,all
2026-09-11,CVS,94.66000366210938,65,6,False,-0.05433050470191925,0.0890812694115426,0.3618184542217133,-0.14474156666872773,True,True,False,all
2026-09-11,ULCC,5.619999885559082,65,5,False,-0.1282632108697056,0.06231154763761548,0.8609271261766391,-0.3313503790472584,True,True,False,all
2026-09-11,GCO,35.119998931884766,65,6,False,-0.011211179457869203,0.09112541009511221,0.6014591173350765,-0.19449540915166907,False,False,False,all
2026-09-11,VTR,89.98999786376953,65,6,False,-0.031282313037294895,0.05406672169358262,0.35241954652227925,-0.11427166126689248,True,True,False,all
2026-09-11,QTWO,60.88999938964844,65,3,False,0.017556977119398853,0.0746046225071586,0.49276778678545496,-0.2847409684697987,True,True,False,all
2026-09-11,VTV,223.97000122070312,65,6,False,0.005290153779066831,0.07992933820394676,0.22515181998685208,-0.020125151840200473,False,True,False,all
2026-09-11,SPUS,58.5099983215332,65,6,False,0.011321380621356791,0.08501641400842352,0.26014943958103154,-0.01911153688489209,True,True,False,all
2026-09-11,RYTM,104.70999908447266,65,4,False,-0.03827873399580861,0.05121260029162,0.40550334341574046,-0.1431260090061821,False,True,False,all
2026-09-11,REX,41.619998931884766,65,5,False,-0.05508738326323426,0.01578714197339437,0.3864090039052994,-0.22001502144265905,False,False,False,all
2026-09-11,BUD,78.2300033569336,65,5,False,-0.02927194813413636,0.041163462624945524,0.3536944474405488,-0.09665121552731581,True,False,False,all
2026-09-11,RYAM,8.5,65,4,False,0.018232344315447513,0.0025180886973543704,0.5799256169501603,-0.2827004450319043,True,True,False,all
2026-09-11,QTOP,37.61399841308594,65,7,False,0.014499202129647948,0.09200233619529019,0.31013582767506476,-0.0456933264140027,True,True,False,all
2026-09-11,PFIX,53.369998931884766,65,4,False,0.06870208587226911,0.127707999450825,0.29022112332385963,-0.023064289064527732,False,True,False,all
2026-09-11,SIG,100.26000213623047,65,4,False,0.12744670623836796,0.13034162642242175,0.39988827550017425,-0.09019959244354836,False,False,False,all
2026-09-11,OPLN,35.279998779296875,65,6,False,-0.05955614109410756,0.07314116792868086,0.4506578627468143,-0.1776224353275455,True,True,False,all
2026-09-11,ABM,49.43000030517578,64,5,False,0.04373863033969139,0.13166510930865494,0.33739181627690895,-0.03626439027394268,False,False,False,all
2026-09-11,AMZN,256.7799987792969,64,7,False,0.005983085809755151,0.07081927348319272,0.31010203458824925,-0.10591926230771109,True,True,False,all
2026-09-11,AVGE,100.6449966430664,64,6,False,0.004398983889472685,0.07080741912301014,0.23950096140258048,-0.02105827222000911,False,False,False,all
2026-09-11,AVUS,129.64999389648438,64,6,False,0.00287126618994038,0.07500753612242783,0.22635255769458928,-0.02379341706346494,False,True,False,all
2026-09-11,BBIO,72.44000244140625,64,3,False,-0.10227872684843609,-0.021096593042039258,0.4850349375603329,-0.22453565560726396,False,True,False,all
2026-09-11,BBT,31.34000015258789,64,7,False,0.00861214890573847,0.060670420396890856,0.3739588288628264,-0.04538536690111816,False,True,False,all
2026-09-11,BLCR,49.2599983215332,64,5,False,-0.0021755552225768415,0.07039971787205657,0.2675295174515313,-0.03449631753115068,True,True,False,all
2026-09-11,EFV,82.30000305175781,64,6,False,0.020998109301040735,0.07342252796416338,0.2372219964676774,-0.011173858796898695,True,True,False,all
2026-09-11,ETHA,19.15999984741211,64,3,False,0.23274098041215296,0.11182517491961708,0.6624729268195404,-0.46836849720618945,False,False,False,all
2026-09-11,ETHW,18.15999984741211,64,3,False,0.23267399841080083,0.11168925883501024,0.6614820988442829,-0.46760482197408737,False,False,False,all
2026-09-11,EWI,61.959999084472656,64,6,False,0.004139059601003803,0.07795138881330499,0.23796203854071396,-0.02823085452391938,False,True,False,all
2026-09-11,FETH,25.290000915527344,64,3,False,0.23276858273882794,0.1116178564341177,0.6616294659542974,-0.4680269156817114,False,False,False,all
2026-09-11,GDYN,7.980000019073486,64,4,False,0.13497369312925778,0.11441619372634881,0.5616437985462905,-0.2184133213263153,True,True,False,all
2026-09-11,HBNC,19.780000686645508,64,6,False,-0.011968230695794557,0.07957945260816413,0.32130930753626297,-0.05988593983149337,False,True,False,all
2026-09-11,IYH,69.91999816894531,64,3,False,-0.003244610281869509,0.06828659014441851,0.23883770145694538,-0.0626089073364523,False,True,False,all
2026-09-11,LLYX,22.90999984741211,64,2,False,-0.13377848212026555,-0.011518980650825905,0.8809523212964709,-0.2655403691645577,False,True,False,all
2026-09-11,MCRI,121.88999938964844,64,6,False,-0.009190329345118542,0.11610606695745607,0.38307050026512,-0.10328841346751816,False,False,False,all
2026-09-11,MOO,86.4800033569336,64,6,False,0.03921576565960905,0.07038847396098702,0.24754765922756672,-0.0315789428718134,False,False,False,all
2026-09-11,MTUM,307.0400085449219,64,6,False,-0.0019814519266518893,0.09553481036127698,0.3383314924395433,-0.11154833242128226,False,True,False,all
2026-09-11,NVAX,9.420000076293945,64,6,False,0.09405125467707132,0.09288984853893711,0.519354897756112,-0.21303259263567453,False,False,False,all
2026-09-11,NVDU,134.67999267578125,64,7,False,0.027970703456644985,0.09682406953918776,0.5656823753972682,-0.22100761668551983,False,True,False,all
2026-09-11,QGRW,66.8499984741211,64,7,False,0.007506919510324117,0.08649320685518758,0.31232823471397064,-0.031159442404042115,True,True,False,all
2026-09-11,SLG,53.08000183105469,64,6,False,-0.01759734099416932,0.14966805498853142,0.5266034262936754,-0.19927589232207166,False,True,False,all
2026-09-11,SOBO,35.9900016784668,64,6,False,-0.026813285760374228,0.084670009130275,0.4387368601479946,-0.07762882827429807,False,False,False,all
2026-09-11,TDIV,116.87969970703125,64,6,False,0.03204126926599726,0.1054962933957011,0.29520946890400235,-0.09043035247446496,True,True,False,all
2026-09-11,YANG,31.09000015258789,64,6,False,0.037183828842723976,0.11678664815506856,0.5591774984903346,-0.2636191555261608,False,False,False,all
2026-09-11,CGNG,36.97999954223633,64,6,False,0.017744743701049837,0.07136047701651682,0.22734817697537046,-0.03320262634676263,True,True,False,all
2026-09-11,CWBC,26.190000534057617,64,7,False,0.00099374875454461,0.07508124811170491,0.32339562013404444,-0.07028752349569811,True,True,False,all
2026-09-11,KFY,77.58999633789062,64,6,False,-0.03955421777352752,0.10989357890300644,0.31620009047853515,-0.11335853680927765,False,False,False,all
2026-09-11,TETH,12.670000076293945,64,3,False,0.23283806595060041,0.11180093416792358,0.6583770023182149,-0.4671993393419359,False,False,False,all
2026-09-11,ON,76.13999938964844,64,3,False,-0.07062471997763264,-0.034671454665577195,0.7087072945039512,-0.435665576467717,False,True,False,all
2026-09-11,IWS,167.0,64,5,False,-0.009960860203100608,0.07318822104631972,0.24869143966452123,-0.037574943014773265,False,True,False,all
2026-09-11,PRGO,13.65999984741211,64,3,False,0.11473802567461511,0.11752408791751745,0.47995671992226785,-0.39690948885329436,False,True,False,all
2026-09-11,VHT,310.739990234375,64,5,False,-0.005606569340086076,0.06948941830345534,0.24510149903826273,-0.060498895738851144,False,True,False,all
2026-09-11,WCMI,19.649999618530273,64,6,False,0.007211919453299354,0.07148405017157944,0.2515923475957049,-0.029150205497027848,True,True,False,all
2026-09-11,RJF,173.4600067138672,64,3,False,-0.0037709978406182953,0.07907027082397278,0.24953175019466434,-0.05073052717351323,False,False,False,all
2026-09-11,KGC,29.1299991607666,64,3,False,0.08585441728864462,-0.01439500623345824,0.32771187108896815,-0.2551777369940381,False,True,False,all
2026-09-11,PRK,187.44000244140625,64,5,False,-0.04344895847134689,0.07707147963850436,0.2574802462862362,-0.12818603515625004,False,False,False,all
2026-09-11,FGD,35.4900016784668,64,6,False,0.02566330587155541,0.08095930038828891,0.26343899913425783,-0.016352553288400018,True,True,False,all
2026-09-11,AFRM,71.44000244140625,63,4,False,-0.06181584881869673,0.07231889051975338,0.6971136802407478,-0.22817627132949947,False,False,False,all
2026-09-11,AMLP,55.90999984741211,63,6,False,0.022984675823258804,0.07781741256035235,0.2524641714125353,-0.009214964645605006,False,True,False,all
2026-09-11,ASB,30.040000915527344,63,5,False,-0.02950884510113616,0.06681253959153177,0.25901090306320507,-0.07455324205794345,False,False,False,all
2026-09-11,BALL,59.900001525878906,63,5,False,-0.04572853578848801,0.00944737751013136,0.33615880167965795,-0.12285838742375499,False,False,False,all
2026-09-11,ECG,119.41999816894531,63,3,False,-0.07344620017063053,-0.01868058285998042,0.5375305907589534,-0.30398595932044814,False,True,False,all
2026-09-11,EDU,55.81999969482422,63,4,False,0.036148231167210776,0.0361136203837793,0.26146891965704455,-0.1408342520234277,False,True,False,all
2026-09-11,EEMV,75.93000030517578,63,6,False,0.029129531386203,0.08912212437208922,0.20965428949243248,-0.018865474815702665,False,True,False,all
2026-09-11,EPD,38.900001525878906,63,6,False,0.015066868679008971,0.06733546115021616,0.29623462943000156,-0.03161555143032635,False,True,False,all
2026-09-11,FAF,71.77999877929688,63,5,False,-0.015004119262055804,0.0708973243901796,0.27722416022868646,-0.1012896417814555,False,False,False,all
2026-09-11,FNDE,42.650001525878906,63,6,False,0.033413339532927466,0.07887967665428652,0.22946103240953297,-0.012274172662137484,False,False,False,all
2026-09-11,HDV,29.1200008392334,63,6,False,0.00885522834661101,0.07527678907079127,0.238305830641949,-0.033521352461514775,False,True,False,all
2026-09-11,IAT,62.29999923706055,63,6,False,-0.017381172641109832,0.06333044569116142,0.3151783964919279,-0.05834347356996139,False,True,False,all
2026-09-11,IDMO,62.88999938964844,63,6,False,0.023600250482559204,0.07142186771045722,0.20617568327272062,-0.015497834406908662,True,False,False,all
2026-09-11,IJS,134.6699981689453,63,5,False,-0.01653351666136993,0.0631931539637327,0.2871069645808102,-0.04611131069956975,False,False,False,all
2026-09-11,IMCG,95.25,63,5,False,-0.01780631530891308,0.0800660632401149,0.25875515137900784,-0.054965778997962844,False,False,False,all
2026-09-11,MUSA,523.5800170898438,63,6,False,-0.08033464468403384,0.056252145176351576,0.4966699173505127,-0.17682567858130904,False,False,False,all
2026-09-11,OIS,8.6899995803833,63,4,False,0.02355707660580686,-0.0474677258317866,0.5799999237060547,-0.4006896841114965,False,True,False,all
2026-09-11,SHOO,42.93000030517578,63,4,False,-0.03269416372015732,0.041179088016138676,0.4252987751997823,-0.13621731094241674,False,False,False,all
2026-09-11,TRMK,46.97999954223633,63,6,False,0.003979145528228978,0.07285502417048906,0.29314608242265705,-0.041224499138034165,False,True,False,all
2026-09-11,VLY,13.800000190734863,63,6,False,-0.04278341011588571,0.04488462262589499,0.43153523851205833,-0.09210523921697067,False,True,False,all
2026-09-11,VRSN,292.7099914550781,63,7,False,0.039006654140869346,0.11499266003328112,0.40146505122901344,-0.06326810943473438,False,True,False,all
2026-09-11,VZ,50.61000061035156,63,6,False,0.07847900973805055,0.10267324849605486,0.3183120972905811,-0.020704328337959765,False,True,False,all
2026-09-11,CVBF,22.440000534057617,63,5,False,-0.006560922296329652,0.08452953269291519,0.2501392523831232,-0.04143525500542544,False,True,False,all
2026-09-11,CDP,35.43000030517578,63,6,False,-0.040435491452450845,0.08068703732522398,0.30931267569934184,-0.0892031127143953,False,False,False,all
2026-09-11,DFAT,70.41999816894531,63,5,False,-0.0074924620486452875,0.06757705480767617,0.2776920262066891,-0.032825154096799536,False,True,False,all
2026-09-11,SBH,15.960000038146973,63,5,False,0.015034731829396408,0.07629124972351997,0.3830156057976457,-0.10937500166307601,True,True,False,all
2026-09-11,CERT,7.550000190734863,63,2,False,-0.02049816405013205,0.047541771502523034,0.6966293290654442,-0.45605186394200725,False,True,False,all
2026-09-11,SCHF,28.190000534057617,63,6,False,0.012702814210952429,0.07088997302905042,0.23369803341090445,-0.017427674823723205,True,False,False,all
2026-09-11,RLY,37.77000045776367,63,6,False,0.033899430079743054,0.07100173186643333,0.24120933549052403,-0.01589371009315399,False,False,False,all
2026-09-11,QQQ,714.8800048828125,63,6,False,0.0062972489603077,0.0829236171132246,0.2866811308421995,-0.04510788543375843,True,True,False,all
2026-09-11,EWBC,129.1699981689453,63,6,False,-0.016195433578402474,0.0719715411964692,0.3938707318571151,-0.06037683114901893,False,True,False,all
2026-09-11,ZM,95.56999969482422,63,6,False,-0.010233218445527936,0.05307320168019869,0.3517680879786851,-0.16707337045365644,False,True,False,all
2026-09-11,XPEL,47.20000076293945,63,3,False,-0.0047904857368252785,-0.0008869080909069682,0.4984127226329984,-0.15578606882925639,False,True,False,all
2026-09-11,SYNA,101.02999877929688,63,4,False,-0.0614293370666239,0.04246094793678923,0.7335278122069269,-0.3224465269549255,False,True,False,all
2026-09-11,QQQM,294.3900146484375,63,6,False,0.006425110167593839,0.0831138299886669,0.28695088370901645,-0.04483948343593813,True,True,False,all
2026-09-11,VOE,205.39999389648438,63,5,False,-0.0011739170469102778,0.0671285373262458,0.21711306341719672,-0.02686318866244608,False,False,False,all
2026-09-11,WTV,107.55999755859375,63,6,False,0.00922903724233115,0.07760701865818831,0.22394174920630583,-0.019865138943068072,False,True,False,all
2026-09-11,CNEQ,39.77000045776367,63,7,False,0.006978727073133184,0.08834521145370156,0.34950802118755653,-0.056465029227910746,True,False,False,all
2026-09-11,OPRA,18.299999237060547,63,6,False,-0.049646904065813735,0.11412806963513455,0.5627667956828117,-0.13105414524559833,False,True,False,all
2026-09-11,AGYS,104.48999786376953,62,2,False,-0.045350662366333006,0.10689495171846874,0.6990243555084477,-0.28061963604977946,False,True,False,all
2026-09-11,AMDY,45.470001220703125,62,5,False,-0.037468224516671644,0.07153127606831289,0.5492334115747011,-0.23899579546940375,True,True,False,all
2026-09-11,DSI,145.42999267578125,62,6,False,0.0099529528863056,0.07791553650576732,0.24214204305902998,-0.02350097476751678,True,True,False,all
2026-09-11,EMR,152.19000244140625,62,6,False,0.013859217530550305,0.06283686224141105,0.24094914545679624,-0.08512175018074808,False,True,False,all
2026-09-11,HST,22.239999771118164,62,6,False,-0.04670462191479874,0.05768269523496983,0.42472775530170526,-0.1349669170330764,True,True,False,all
2026-09-11,IPAC,86.31999969482422,62,6,False,0.02606284985659446,0.07719905452965947,0.20803299255265184,-0.011338883191528426,True,False,False,all
2026-09-11,IUSG,190.10000610351562,62,6,False,0.007595423009982838,0.07914336146116563,0.28108367737332074,-0.02831728329286598,True,True,False,all
2026-09-11,IVW,139.30999755859375,62,6,False,0.009287947067023516,0.08126565911428307,0.28835661793369916,-0.02757222602052878,True,False,False,all
2026-09-11,NOVT,146.55999755859375,62,6,False,-0.023611614948236492,0.05819645575447607,0.4914012675804291,-0.16906682446250787,False,True,False,all
2026-09-11,NVST,25.549999237060547,62,5,False,-0.05931300780708604,0.00449760420766232,0.36121463047128066,-0.160092071894127,False,True,False,all
2026-09-11,NVTS,11.630000114440918,62,3,False,-0.06614097765293359,-0.10458734490924826,1.0551334651130713,-0.6596429400745301,False,True,False,all
2026-09-11,PLTR,167.22999572753906,62,4,False,0.08642547390050392,0.10368429419820346,0.5721537220032895,-0.19414999862867954,True,True,False,all
2026-09-11,PSO,15.6899995803833,62,6,False,-0.048675810535740105,0.08038130763192286,0.3053243746134129,-0.11605636166854638,False,True,False,all
2026-09-11,RPD,10.3100004196167,62,2,False,-0.09281285714903087,0.054238083170616624,1.0744468520830925,-0.5078758928803913,False,True,False,all
2026-09-11,SGHC,13.84000015258789,62,6,False,-0.01385166689487427,0.14240906040753942,0.6359338168063793,-0.12736441032890644,True,True,False,all
2026-09-11,SLYV,107.41000366210938,62,5,False,-0.016692659953816746,0.061004587979644365,0.2803672004241684,-0.04439499818530379,False,False,False,all
2026-09-11,SPGM,87.3499984741211,62,6,False,0.009490463577786379,0.06855117918643883,0.1946115316332402,-0.01677170109398174,True,True,False,all
2026-09-11,THRO,43.91999816894531,62,6,False,0.013574287717364353,0.0840937439357834,0.25683212340821404,-0.014804926760896064,True,True,False,all
2026-09-11,VEA,72.69000244140625,62,6,False,0.012319446981806648,0.06749575339483904,0.23580419616701387,-0.018233366523878303,True,True,False,all
2026-09-11,VSGX,82.87000274658203,62,6,False,0.012763767400950199,0.06827170776315561,0.22083096788000045,-0.026890568542169313,True,False,False,all
2026-09-11,WIX,76.58000183105469,62,3,False,0.15983033888821851,0.026389550484479773,0.9068725627993115,-0.5989105705299251,True,False,False,all
2026-09-11,DCOR,83.91000366210938,62,6,False,0.0036294215449272915,0.07215960630047102,0.20077285289253743,-0.022938910739545793,False,True,False,all
2026-09-11,XHR,17.639999389648438,62,6,False,-0.1064373256252843,0.04741571567956537,0.501276543799867,-0.2003626556345942,False,False,False,all
2026-09-11,DFAC,45.15999984741211,62,6,False,0.0021169544093557757,0.0704643295844325,0.23152446420509287,-0.025569130263862316,False,True,False,all
2026-09-11,MAC,22.610000610351562,62,6,False,-0.08447451084758373,0.05685321527921339,0.41048032700259407,-0.15254871245389978,False,False,False,all
2026-09-11,ONEQ,103.77999877929688,62,6,False,0.011368874009966667,0.07693974680731586,0.2741559566324403,-0.03072757004674187,True,True,False,all
2026-09-11,PRG,36.959999084472656,62,6,False,-0.12395058323662977,0.046200070931718296,0.4325581464119297,-0.225644260654838,False,False,False,all
2026-09-11,SPYG,120.62000274658203,62,6,False,0.009384232002729975,0.08123615882238244,0.2885375703463424,-0.027571736082736442,True,True,False,all
2026-09-11,RTX,197.67999267578125,62,5,False,-0.051340336055713864,0.02109174861031904,0.280642601024482,-0.12870244877733306,False,True,False,all
2026-09-11,VIOO,131.80999755859375,62,5,False,-0.027584136255501157,0.059474769966777696,0.2642431887385279,-0.056478164366543404,False,False,False,all
2026-09-11,ONB,25.65999984741211,62,6,False,-0.0240006138106319,0.06001957554709203,0.3233625918065257,-0.06213452942308284,False,True,False,all
2026-09-11,VOOG,83.73999786376953,62,6,False,0.00925124639432795,0.08119178832773621,0.2885059334715365,-0.0278616385289564,True,True,False,all
2026-09-11,CWI,41.27000045776367,62,6,False,0.012139806553131738,0.06398750375707318,0.20707815488251713,-0.016678597631161196,True,True,False,all
2026-09-11,DFAX,38.060001373291016,62,6,False,0.019721997066399544,0.06561352776820795,0.24159986321147886,-0.017552923998806924,True,True,False,all
2026-09-11,CSW,300.7099914550781,62,4,False,-0.02797794176334023,0.029310381854929624,0.30488173329251955,-0.15408053265721577,False,True,False,all
2026-09-11,XLV,165.36000061035156,62,5,False,-0.0052755939047454126,0.062425876517612444,0.23652139305571618,-0.06364668802205842,False,True,False,all
2026-09-11,TCAF,42.400001525878906,62,6,False,0.007560542622253585,0.0768224268780624,0.2314842041841345,-0.017039453442783237,True,True,False,all
2026-09-11,NWS,32.709999084472656,62,6,False,0.003448080214301097,0.09232862328151525,0.28324830828500924,-0.08529081040879027,False,False,False,all
2026-09-11,DOC,20.299999237060547,62,5,False,-0.05339243473720934,0.08741937257433685,0.2929935976865925,-0.11546847223457313,False,True,False,all
2026-09-11,MLPX,75.13999938964844,62,6,False,-0.00015702674119233428,0.0651062776156548,0.3031564271330962,-0.04109240933668079,False,True,False,all
2026-09-11,ADX,25.799999237060547,61,5,False,-0.004483709584362727,0.06695115437166477,0.23385936993460277,-0.028614467024232315,True,True,False,all
2026-09-11,BBCA,104.47000122070312,61,6,False,0.002267992870358615,0.0609969248102209,0.23094141439638927,-0.03322225077734253,False,False,False,all
2026-09-11,BOKF,135.69000244140625,61,6,False,-0.032871933199779324,0.033936904825257797,0.32096963423768,-0.07593294861454059,False,False,False,all
2026-09-11,ESGV,135.3000030517578,61,6,False,0.007498541528022207,0.07618184126863725,0.2506933136446339,-0.020416971945568574,True,False,False,all
2026-09-11,ETHE,20.420000076293945,61,3,False,0.23009084510205335,0.1004052411238594,0.6521036119335524,-0.47861612156382616,False,False,False,all
2026-09-11,FEGE,52.09000015258789,61,6,False,0.012864488009139752,0.058191385760312464,0.2006454343167312,-0.02680992680770322,True,False,False,all
2026-09-11,FEOE,55.2599983215332,61,6,False,0.0008349043925861555,0.05038668920082423,0.22690935164884873,-0.042354088189557104,False,True,False,all
2026-09-11,HASI,37.369998931884766,61,5,False,-0.045500317616023245,-0.003954098433882169,0.36986796155685786,-0.15318381990964192,False,False,False,all
2026-09-11,HCI,185.72999572753906,61,3,False,0.017887123569220398,0.09840001266679255,0.28310877877401763,-0.11767222932285482,False,True,False,all
2026-09-11,HFXI,37.86000061035156,61,6,False,0.0033710848253367676,0.06143274409407962,0.24049803546843473,-0.022967726184475845,False,False,False,all
2026-09-11,IJR,142.19000244140625,61,5,False,-0.02759046009148769,0.05768313710234696,0.2695535932268416,-0.05640719266233407,False,False,False,all
2026-09-11,LVHI,42.29999923706055,61,5,False,-0.0027442483868400647,0.05162206730385166,0.23503647407476058,-0.02422143654024278,False,False,False,all
2026-09-11,MCK,881.510009765625,61,6,False,0.02810215802363536,0.044694225151012734,0.28186077703910795,-0.1176075978322072,False,True,False,all
2026-09-11,MLPA,57.31999969482422,61,6,False,0.022078455679886977,0.07581370518668495,0.23561113276528145,-0.011724143192685887,False,True,False,all
2026-09-11,NVCR,15.510000228881836,61,5,False,-0.07819036267325796,0.07420388522455168,0.5794298076258209,-0.2769567817620092,False,True,False,all
2026-09-11,QLTY,42.59000015258789,61,6,False,0.006059035230707055,0.06692613218864252,0.21166424761692681,-0.025400471189302998,True,True,False,all
2026-09-11,RF,30.1299991607666,61,6,False,-0.02366157318964479,0.054567634888155414,0.3273126937492239,-0.07206658367615093,False,True,False,all
2026-09-11,SNPE,69.95999908447266,61,6,False,0.004364290558905415,0.06894348010966445,0.2131090914815632,-0.028603133221501875,True,False,False,all
2026-09-11,SSB,105.9800033569336,61,6,False,0.00549715012250207,0.0723209870548851,0.2544980959477603,-0.055436664531977486,False,True,False,all
2026-09-11,VXUS,87.13999938964844,61,6,False,0.013656555876177423,0.06444444608468758,0.2089344780247404,-0.016700556432680536,True,False,False,all
2026-09-11,DNLI,21.09000015258789,61,5,False,-0.12455843311902404,0.007902169078748855,0.6764706105319911,-0.22747250029378763,False,True,False,all
2026-09-11,DFAW,84.63999938964844,61,6,False,0.006019709902343573,0.06764044934326341,0.21417300962927888,-0.019916642062841272,True,False,False,all
2026-09-11,MSA,182.17999267578125,61,5,False,-0.0014043714443777722,0.04051273191513638,0.2056117526300989,-0.127991603137678,True,True,False,all
2026-09-11,SCHA,33.790000915527344,61,5,False,-0.01911261839119549,0.05860720481587611,0.277021998665,-0.0665745800171198,False,False,False,all
2026-09-11,KSTR,22.559999465942383,61,4,False,-0.10325311177528218,0.009196591400221,0.30934417094095057,-0.30669948275332504,False,True,False,all
2026-09-11,VEU,85.18000030517578,61,6,False,0.013429911768333191,0.06589384102086093,0.21529468905290128,-0.01548770677163458,True,True,False,all
2026-09-11,PXH,29.860000610351562,61,6,False,0.031077366425642294,0.06952831684338268,0.22628337341115312,-0.016144967543965327,False,False,False,all
2026-09-11,SPDW,51.560001373291016,61,6,False,0.013269210203387338,0.06535421920848172,0.2279113910998456,-0.016593532840374237,True,False,False,all
2026-09-11,WFC,90.29000091552734,61,4,False,0.03689362586373135,0.06082877020942634,0.240588107033761,-0.07641163111160265,False,False,False,all
2026-09-11,PKX,62.939998626708984,61,5,False,0.12587470334510908,0.03360274077558145,0.39897746785000576,-0.318831194942339,False,True,False,all
2026-09-11,DBRG,15.899999618530273,61,7,False,0.0016883565750562823,0.04260241545037191,0.7785235307414371,-0.0050062531913476205,False,False,False,all
2026-09-11,SJM,121.13999938964844,61,7,False,0.00860234072859467,0.13037736899542351,0.3726912112141465,-0.10854367551880051,False,True,False,all
2026-09-11,SMMD,88.5999984741211,61,5,False,-0.021998432092134923,0.05970085016134985,0.2668000483464046,-0.05159494529327113,False,False,False,all
2026-09-11,IWM,288.8900146484375,61,5,False,-0.024944552944530574,0.054989201091601325,0.2620796083510708,-0.05337826337996532,False,False,False,all
2026-09-11,MGC,281.25,61,6,False,0.01210568451485905,0.07542238354766373,0.23155408334478111,-0.01505861662332253,True,True,False,all
2026-09-11,VTWO,116.76000213623047,61,5,False,-0.025092414609428904,0.05490552024798245,0.2615883121141922,-0.05357866955656443,False,True,False,all
2026-09-11,SPSM,55.310001373291016,61,5,False,-0.027188050254205454,0.056826165578160115,0.26683466712310233,-0.05614329669791729,False,False,False,all
2026-09-11,FMDE,41.45000076293945,61,5,False,-0.0009255388072332282,0.07235209614375182,0.20739873440507828,-0.03537352605499411,False,True,False,all
2026-09-11,QQQE,118.23999786376953,61,5,False,-0.015311657886947105,0.07231309700052058,0.23630278772844915,-0.05408001708984378,False,True,False,all
2026-09-11,ACWI,160.25,60,6,False,0.00991067861601369,0.06808981007353565,0.1990273648954901,-0.015663409115214244,True,True,False,all
2026-09-11,ACWX,77.25,60,6,False,0.01205558043175392,0.06247782293449222,0.20948804277239086,-0.019421157692362856,True,False,False,all
2026-09-11,ARKK,83.58000183105469,60,5,False,0.04384709936810838,0.08351690188795513,0.3278259152637222,-0.09789530000483371,False,True,False,all
2026-09-11,AVO,13.010000228881836,60,5,False,0.003920014141626016,0.011679826553518513,0.29195636774137346,-0.1622665516689762,False,True,False,all
2026-09-11,BH.A,1846.1800537109375,60,3,False,-0.04982465305811945,0.01664144763845754,0.49126014031578147,-0.2653481680418076,False,True,False,all
2026-09-11,BHRB,71.52999877929688,60,5,False,-0.004860947701696983,0.07261237274705556,0.2457332124747913,-0.04740974473582926,False,True,False,all
2026-09-11,EAGL,34.93000030517578,60,6,False,0.014528124645610818,0.06674730214994029,0.1950051608691663,-0.04117485554308076,True,False,False,all
2026-09-11,ESGU,167.14999389648438,60,6,False,0.005039902141345642,0.07196185538231292,0.22167800722589837,-0.021656494438691776,True,True,False,all
2026-09-11,EWN,67.83999633789062,60,5,False,-0.006609963422132381,0.06600622341178997,0.2565288799564478,-0.055810747688112894,False,True,False,all
2026-09-11,ICFI,85.94999694824219,60,5,False,0.021310240413222603,0.09423812081247696,0.46098919383122694,-0.15320200050992916,True,True,False,all
2026-09-11,JANX,17.100000381469727,60,3,False,0.01476454813890915,0.11204145094203755,0.4108911339053962,-0.5161290235530029,False,False,False,all
2026-09-11,KYIV,13.609999656677246,60,4,False,-0.020193679023129518,0.045128243679978475,0.4650161154535173,-0.17764348736643665,False,False,False,all
2026-09-11,LYB,63.689998626708984,60,5,False,0.03568383445363654,0.0457415246247217,0.5317459312649933,-0.24124378396143897,False,True,False,all
2026-09-11,MKTX,163.0,60,4,False,0.12418444120347227,0.03813291304315203,0.4988505747126437,-0.16824004192137565,True,True,False,all
2026-09-11,MNTN,11.829999923706055,60,3,False,0.05840460140161019,0.14245428830582485,0.5423728560667984,-0.4328859262911269,True,True,False,all
2026-09-11,OEF,380.3500061035156,60,6,False,0.01476513841951399,0.07625433899339584,0.23957114666588697,-0.012206159819384776,True,True,False,all
2026-09-11,RPG,57.02000045776367,60,6,False,-0.016167152584383393,0.06961301845167189,0.3135222450631481,-0.10989693052034233,False,True,False,all
2026-09-11,SCHV,34.4900016784668,60,5,False,-0.001164157543931288,0.06567221228089082,0.21915873320232016,-0.02817694992127151,False,True,False,all
2026-09-11,SLM,26.040000915527344,60,3,False,-0.0029940499547561616,0.06267283686822767,0.46539112238179636,-0.16162262191663979,False,True,False,all
2026-09-11,TOUS,39.27000045776367,60,6,False,0.0030277296886191962,0.06385602432096094,0.20055033802813615,-0.025074437739365685,False,True,False,all
2026-09-11,TSPA,48.209999084472656,60,6,False,0.007102548728573854,0.07074630629391399,0.21958008027366227,-0.01952408216844248,True,True,False,all
2026-09-11,USAS,5.050000190734863,60,3,False,0.0680145903699354,-0.14221407508767103,0.8843283824411838,-0.519047600882394,False,True,False,all
2026-09-11,XERS,7.449999809265137,60,3,False,-0.11258816276193528,0.055016614152201715,0.4190475827171689,-0.2609127117407717,False,True,False,all
2026-09-11,DASH,201.9499969482422,60,2,False,-0.014002212393622981,0.07117064099660841,0.40928117688386134,-0.29264449405169113,False,True,False,all
2026-09-11,DFAU,52.779998779296875,60,6,False,0.005109319023231862,0.06980701428643754,0.20847165887321317,-0.021686783449432312,True,True,False,all
2026-09-11,CP,89.2300033569336,60,6,False,-0.025913740876803315,0.06769064407980241,0.3041509170550314,-0.07915374662710295,False,True,False,all
2026-09-11,MA,569.1900024414062,60,4,False,0.012292147388100805,0.0717511690120971,0.2253294064911675,-0.05390444622683177,False,True,False,all
2026-09-11,VFMO,228.69000244140625,60,6,False,-0.009565230453024154,0.05730370696336973,0.3096962643569179,-0.08597120211510478,False,True,False,all
2026-09-11,DFUS,83.37000274658203,60,6,False,0.005752011901079435,0.07026634682285504,0.21548341154417883,-0.022282091841021145,True,True,False,all
2026-09-11,TMSL,41.900001525878906,60,5,False,-0.02933984661559763,0.04959069379227987,0.2514934915999749,-0.06410540322849323,False,True,False,all
2026-09-11,OMFL,69.80000305175781,60,5,False,-0.0009675042257671906,0.06869468194481265,0.22198887179591642,-0.023912725959859604,False,False,False,all
2026-09-11,LRGF,78.12000274658203,60,6,False,0.011268719302401475,0.07960165635342409,0.22272661594733334,-0.016678166698117725,True,True,False,all
2026-09-11,CXT,51.9900016784668,60,4,False,0.016545532325755508,0.08583509613458018,0.45589479169359537,-0.24652171480482898,False,True,False,all
2026-09-11,QQEW,157.2949981689453,60,5,False,-0.014001882318435466,0.08080399250823467,0.285299899486247,-0.05963415943523054,False,False,False,all
2026-09-11,TFPM,33.779998779296875,60,4,False,0.08672569207958136,0.014712997794338545,0.2694475011081401,-0.18992810164841578,False,True,False,all
2026-09-11,EWC,60.58000183105469,60,6,False,0.0025253713218025275,0.05889563774204576,0.22855404875060747,-0.033965831358868104,False,False,False,all
2026-09-11,TMFC,79.18000030517578,60,6,False,0.011538286690442323,0.07491972282264392,0.24184445403968735,-0.01968548228269751,True,True,False,all
2026-09-11,IYG,96.62999725341797,60,4,False,0.005770429031318081,0.07018852390001862,0.20984091561901397,-0.020575778768909925,False,True,False,all
2026-09-11,PYPL,53.720001220703125,60,2,False,-0.03645919965246136,0.055711293073726686,0.39677593602417294,-0.32184556328752323,False,False,False,all
2026-09-11,AUPH,16.100000381469727,59,7,False,0.018916424612709815,0.03830442675707735,0.5570599752302929,-0.16363634381975445,False,True,False,all
2026-09-11,AVDE,92.94000244140625,59,6,False,0.009594107371262206,0.05190367445326616,0.20391726201206195,-0.019827011806250683,True,True,False,all
2026-09-11,BANR,71.30000305175781,59,6,False,0.012683432962198982,0.0894653073258811,0.24978096415889595,-0.047300821209962485,False,True,False,all
2026-09-11,BBUS,137.9499969482422,59,6,False,0.008343021534820805,0.07060641060097805,0.2161685319324429,-0.019545131909360358,True,False,False,all
2026-09-11,BKLC,48.86000061035156,59,6,False,0.008067024179778448,0.07104007977758031,0.21501991522417097,-0.01966291210345117,True,True,False,all
2026-09-11,EME,780.6599731445312,59,5,False,0.0067685039626919075,0.023770172279213186,0.3818947758282536,-0.17994458262349733,False,True,False,all
2026-09-11,EQWL,132.47000122070312,59,6,False,0.0013122108269785215,0.06744174705900918,0.17950319740316623,-0.026457014108463794,False,True,False,all
2026-09-11,FWD,127.55999755859375,59,6,False,-0.022509272983078144,0.04212742808203229,0.33528733579590897,-0.14714949387654996,False,True,False,all
2026-09-11,GSUS,105.72000122070312,59,6,False,0.00866179262475053,0.07198384775672739,0.21965852386355422,-0.018110866363928446,True,False,False,all
2026-09-11,HQY,96.26000213623047,59,4,False,-0.03342542741694554,0.07886740607040044,0.32297964967071247,-0.10555659097223313,False,False,False,all
2026-09-11,IJT,166.4600067138672,59,5,False,-0.039486826304897416,0.05094027278451696,0.25176727374036667,-0.07357516975063838,False,False,False,all
2026-09-11,ITOT,167.11000061035156,59,6,False,0.004845344186932943,0.06901995188083143,0.21331595000505743,-0.02291994502089556,True,False,False,all
2026-09-11,IVV,767.9199829101562,59,6,False,0.007534715188194374,0.07038983413279043,0.21479413597513242,-0.019372030577669896,True,False,False,all
2026-09-11,MSI,466.1600036621094,59,6,False,0.03894113453273418,0.09806953910230387,0.2971950764247284,-0.05797716901594763,True,True,False,all
2026-09-11,PBUS,76.66999816894531,59,6,False,0.007601336081122234,0.07059710624552196,0.2164048810695629,-0.019815942566714817,True,True,False,all
2026-09-11,PCAR,122.7300033569336,59,6,False,-0.04089010836819862,0.020114732554870507,0.33040654045456463,-0.11857226001790855,False,True,False,all
2026-09-11,PH,950.22998046875,59,5,False,-0.039709831228745385,0.012440070297285777,0.32830561381469336,-0.13610739577844488,False,True,False,all
2026-09-11,SLYG,111.1500015258789,59,5,False,-0.03889719689660298,0.051145849715865443,0.2535243466916717,-0.07251331005977468,False,True,False,all
2026-09-11,TOST,32.119998931884766,59,3,False,-0.018319441356815402,0.06719646689719472,0.44294692729651497,-0.2379597207804608,False,True,False,all
2026-09-11,DBEF,55.0099983215332,59,5,False,-0.005708033954428426,0.05983508762306,0.20503825811151688,-0.032195669003202254,False,True,False,all
2026-09-11,VT,159.94000244140625,59,6,False,0.008853505626343683,0.06689864543889623,0.19670789184834692,-0.017024178957426472,True,True,False,all
2026-09-11,SPY,764.2899780273438,59,6,False,0.007478847873485517,0.07008351789822242,0.21454669216393518,-0.019348983389559815,True,True,False,all
2026-09-11,SPTM,92.55000305175781,59,6,False,0.005117391944913452,0.06764094331359627,0.20917170034920374,-0.021876977750341364,True,True,False,all
2026-09-11,VOLT,36.540000915527344,59,4,False,-0.023642055314618826,0.023672379013208067,0.3302268411011031,-0.13330168292753763,False,True,False,all
2026-09-11,VTI,376.30999755859375,59,6,False,0.004891064216420382,0.06807164795111276,0.21233893349910882,-0.022875980656140604,True,True,False,all
2026-09-11,JMEE,75.5999984741211,59,5,False,-0.019531570649582775,0.0553699069770337,0.24464926547610522,-0.05417242355214036,False,True,False,all
2026-09-11,VOO,702.5599975585938,59,6,False,0.007515919719647268,0.0697378238164148,0.21453509468594478,-0.01930515055633586,True,False,False,all
2026-09-11,UNH,379.0899963378906,59,6,False,-0.07350607630935635,0.07383024835414442,0.48099384509917886,-0.17878341417673138,False,False,False,all
2026-09-11,CUBI,78.87999725341797,59,6,False,-0.0025568739280277253,0.04869766027889133,0.3292887942464542,-0.0651813247099533,False,True,False,all
2026-09-11,FBCG,61.709999084472656,59,6,False,0.005989297209156641,0.07526224285161676,0.2964285937534812,-0.04057836789078195,True,True,False,all
2026-09-11,VV,352.4800109863281,59,6,False,0.008924294849046,0.07177469868877973,0.21919002748281646,-0.01876284786891358,True,True,False,all
2026-09-11,XLF,57.25,59,4,False,0.002374181914333029,0.06806612816783142,0.20096501361511687,-0.023037517223098214,False,True,False,all
2026-09-11,VTHR,337.13531494140625,59,6,False,0.005475733148880169,0.06865487940439485,0.21075704852453625,-0.021548301224157407,True,True,False,all
2026-09-11,CMP,24.799999237060547,59,4,False,-0.09681557802635465,-0.025683868672838228,0.5121951106047073,-0.2811594424040421,True,True,False,all
2026-09-11,IWL,189.95399475097656,59,6,False,0.011407797140952747,0.07206788945666909,0.22251247767844862,-0.015272157795342967,True,False,False,all
2026-09-11,PRI,292.44000244140625,59,5,False,-0.044176279950799646,0.06389094696408315,0.2709809513489396,-0.10645317913663632,False,True,False,all
2026-09-11,SCHK,36.81999969482422,59,6,False,0.006324361553303293,0.06998491021439124,0.21518153867769496,-0.02126526474679158,True,False,False,all
2026-09-11,SCHB,29.469999313354492,59,6,False,0.005088515091397738,0.06883792671525968,0.21375611531854655,-0.022553907588040323,True,True,False,all
2026-09-11,IWV,434.07000732421875,59,6,False,0.005049923627162167,0.06865232135741772,0.21062619467959998,-0.022166646970588455,True,True,False,all
2026-09-11,ABEV,3.0199999809265137,58,5,False,0.010506594555366178,0.031649781596962745,0.4380952943209373,-0.12463769878667064,False,False,False,all
2026-09-11,AESI,14.15999984741211,58,5,False,0.10517934743071455,0.0772074635823996,0.8529180162077208,-0.29657225843258006,False,True,False,all
2026-09-11,BLCO,17.25,58,4,False,0.020359875386947168,0.03877803749365727,0.25317831963351756,-0.08802542082673348,False,False,False,all
2026-09-11,FDL,52.22999954223633,58,6,False,0.007892546159117941,0.05885750652379418,0.2406176112890397,-0.028459799610597192,False,True,False,all
2026-09-11,GOOGL,338.5,58,5,False,-0.024999189591966786,0.005016026626905479,0.4352951376196055,-0.17158167412683467,True,True,False,all
2026-09-11,INTF,42.709999084472656,58,6,False,0.010798550129540896,0.05669222141324015,0.20700865085195996,-0.017935216461036463,True,True,False,all
2026-09-11,IWB,417.9100036621094,58,6,False,0.006323394700607388,0.06889488957864809,0.2105964891126033,-0.021104678820943024,True,True,False,all
2026-09-11,LOB,39.25,58,6,False,-0.05365589703928253,0.03707990164883279,0.33685283324420245,-0.1185717252198013,False,True,False,all
2026-09-11,NVDX,19.079999923706055,58,6,False,0.024242546005007526,0.08116224338892342,0.5374697951897927,-0.22815532145268058,False,True,False,all
2026-09-11,PBA,47.810001373291016,58,6,False,-0.02345263302640721,0.06877160224937295,0.3207182421453858,-0.0730903513751695,True,True,False,all
2026-09-11,RAAX,41.47999954223633,58,5,False,0.022884689827096905,0.04330428556018906,0.24977406624103127,-0.029707613047103454,True,True,False,all
2026-09-11,SCHX,30.110000610351562,58,6,False,0.006478118808207478,0.06920351700820082,0.21362358962097883,-0.021449458485320982,True,True,False,all
2026-09-11,TTC,92.72000122070312,58,5,False,-0.03311919882764969,0.011275978005877763,0.3707865472703258,-0.11854739928967362,False,False,False,all
2026-09-11,URI,989.1199951171875,58,6,False,-0.08273216627619828,0.06166773044876939,0.40982619087450556,-0.1611798452624955,False,True,False,all
2026-09-11,DFIC,38.92499923706055,58,6,False,0.011835270405174736,0.0537898266757908,0.21148452981809718,-0.01778959909294342,True,True,False,all
2026-09-11,DFIN,47.95000076293945,58,4,False,-0.0033878393657388317,0.024642726849111396,0.32788701059156855,-0.14770703530954687,False,False,False,all
2026-09-11,DFIS,37.119998931884766,58,6,False,0.016691012449506548,0.05371427834646103,0.2246783103244323,-0.024441532820583256,True,True,False,all
2026-09-11,DLN,99.9000015258789,58,6,False,0.004221969500189937,0.06467275717875087,0.17129793004483096,-0.018953159878930648,False,True,False,all
2026-09-11,DFAS,80.5199966430664,58,5,False,-0.017029888993879028,0.053312456996639,0.2381977265037405,-0.04732607854792359,False,True,False,all
2026-09-11,CGIC,36.900001525878906,58,6,False,0.013825987746661772,0.05560466112497564,0.21890795929452356,-0.01544861293683042,True,True,False,all
2026-09-11,NGVT,69.41000366210938,58,5,False,-0.04465782686580999,0.0055791991645182115,0.5138496395214964,-0.12460584108132067,False,False,False,all
2026-09-11,TUR,40.439998626708984,58,5,False,0.027084102557047407,0.03319427239793371,0.27490540675022235,-0.08049115398756868,False,False,False,all
2026-09-11,CARG,34.42499923706055,58,4,False,-0.03213020628559071,0.014117346913886442,0.304471391938109,-0.16484720481351478,False,True,False,all
2026-09-11,PKG,234.39999389648438,58,5,False,-0.030245282945591367,0.046778092381007275,0.22402085585631526,-0.09839224559148496,False,False,False,all
2026-09-11,OC,131.89999389648438,58,6,False,-0.08177817579886604,0.051815210274595236,0.35240434273934773,-0.17516108513642636,False,False,False,all
2026-09-11,VONE,345.6300048828125,58,6,False,0.00631865998165515,0.06851507053762163,0.2103586210876509,-0.021543385692297412,True,True,False,all
2026-09-11,SPYM,89.72000122070312,58,6,False,0.004802277452258252,0.06746938719536666,0.21145023195173218,-0.022018712558354636,True,False,False,all
2026-09-11,FNCL,81.37000274658203,58,4,False,0.0001696606777630283,0.0657680185426841,0.200855964894878,-0.02375519812581428,False,False,False,all
2026-09-11,PAYX,115.80000305175781,58,4,False,-0.015404892847510787,0.11192038272347204,0.3551785510524814,-0.14834153113086956,False,True,False,all
2026-09-11,CLS,346.54998779296875,58,4,False,0.06312222128456857,0.0537846431866742,0.5266519286033866,-0.2689281507807725,False,True,False,all
2026-09-11,FSUN,40.15999984741211,58,5,False,0.038815910801781595,0.06954149623926065,0.3409014632516021,-0.05148796167499625,True,False,False,all
2026-09-11,RXO,19.489999771118164,58,4,False,-0.16771291439688696,0.02062723516434395,0.8695443083482863,-0.3481605344556794,True,True,False,all
2026-09-11,TBPH,17.010000228881836,58,4,False,0.0034687883313362367,-0.014751206297330288,0.30045874068034895,-0.1911555076798669,False,True,False,all
2026-09-11,RECS,45.189998626708984,58,6,False,0.01000390514013949,0.06956716358518378,0.19581893442455822,-0.015897203208732114,False,False,False,all
2026-09-11,XIFR,11.399999618530273,58,6,False,-0.04158191949066381,0.05170899540023277,0.31412096459730154,-0.13962267029960196,False,True,False,all
2026-09-11,CZR,29.670000076293945,58,6,False,-0.005083559709568974,0.11251514146561958,0.6612541468278208,-0.03918390924083881,True,True,False,all
2026-09-11,CGDV,49.380001068115234,58,5,False,-0.008644722851107067,0.06160447132629221,0.19752638140422296,-0.04367187618320445,False,True,False,all
2026-09-11,PRGS,39.91999816894531,58,4,False,-0.03749714830334683,0.07882119264396925,0.6759025474555072,-0.15727255501213144,False,False,False,all
2026-09-11,CLPT,13.720000267028809,58,2,False,-0.0988387189878358,0.022682400463848174,0.6590084047877907,-0.5441860434169574,False,False,False,all
2026-09-11,IXUS,97.22000122070312,58,6,False,0.01273999932503167,0.05984668532660553,0.19995069425892265,-0.016290605894187737,True,True,False,all
2026-09-11,AGCO,121.0999984741211,57,5,False,0.07621101827437848,0.04834415019694416,0.23294641589349974,-0.15774099664578323,False,False,False,all
2026-09-11,ATEN,24.739999771118164,57,4,False,-0.17570702270975436,-0.009447097746974498,0.49757863714171124,-0.3572356795983478,True,True,False,all
2026-09-11,BKD,12.140000343322754,57,3,False,-0.10540585492530885,-0.09126632319016847,0.6652949803633355,-0.289643052373851,True,True,False,all
2026-09-11,FFLC,59.63999938964844,57,6,False,0.0025591727835612144,0.06161835525277248,0.2072873997464384,-0.024533856967194567,True,False,False,all
2026-09-11,HAS,91.54000091552734,57,6,False,0.019805674360460657,0.018710499046969975,0.31712231533132873,-0.14432606054321606,False,True,False,all
2026-09-11,IBCP,37.06999969482422,57,5,False,-0.002196419372764158,0.06047753130774347,0.24270867548224495,-0.05530076174368215,False,True,False,all
2026-09-11,IDV,44.970001220703125,57,6,False,0.023222183683754505,0.05423684380386118,0.25264622031522777,-0.01143109339584436,True,True,False,all
2026-09-11,IHG,153.8300018310547,57,6,False,-0.038117620156804755,0.03864379547623509,0.31153551564760895,-0.12541928270591618,False,True,False,all
2026-09-11,ITUB,8.329999923706055,57,5,False,0.038679263594803226,0.02761864144930093,0.2729822904574837,-0.13229170909358223,False,False,False,all
2026-09-11,KBE,68.04000091552734,57,5,False,-0.01858683055349397,0.0554335443386631,0.24524161192464322,-0.05394879521970475,False,True,False,all
2026-09-11,KRE,73.9000015258789,57,5,False,-0.021443468840432134,0.05445574134716136,0.2841008254660311,-0.056796388448074,False,True,False,all
2026-09-11,LAUR,36.130001068115234,57,6,False,-0.04162420440777159,0.04096966164785942,0.44653089264178214,-0.11716550417435545,False,False,False,all
2026-09-11,LXU,11.579999923706055,57,4,False,0.06702540976057514,0.0037532358858365367,0.5019455079651596,-0.3275261100199053,False,True,False,all
2026-09-11,MGK,89.9000015258789,57,7,False,0.015367185074181,0.0735384780654087,0.4104173071625399,-0.02684559213328297,True,True,False,all
2026-09-11,MPWR,1234.4599609375,57,3,False,-0.06380090616872336,-0.018250624190162212,0.487301157756024,-0.27981612076777773,False,True,False,all
2026-09-11,NVDG,19.287900924682617,57,6,False,0.02849727031275462,0.08751847754121678,0.5630389534993354,-0.23883580076802768,False,True,False,all
2026-09-11,RACE,413.7799987792969,57,7,False,0.03718297154608119,0.13269500397868428,0.32405358500235537,-0.1798053345180075,False,True,False,all
2026-09-11,SHO,10.979999542236328,57,5,False,-0.02806058658411159,0.0846961575478018,0.2635212971727232,-0.09030656007848104,True,False,False,all
2026-09-11,TCBK,53.529998779296875,57,6,False,-0.05042523244144581,0.04342704586239554,0.32368943118466076,-0.13255550845136888,False,True,False,all
2026-09-11,TOPT,34.060001373291016,57,6,False,0.020157600071375015,0.07021104190470973,0.2367465592235194,-0.01203762492235061,True,False,False,all
2026-09-11,URTH,207.69000244140625,57,6,False,0.006561147212058138,0.06429726817473558,0.19197656045502431,-0.02005284491385706,True,True,False,all
2026-09-11,DES,39.7599983215332,57,5,False,-0.02202417239021548,0.054091051313905236,0.2522834117018331,-0.04994026831041076,False,True,False,all
2026-09-11,DFAI,42.77000045776367,57,6,False,0.007865937736552198,0.05158405400942323,0.1988788051138224,-0.018811646982192953,True,True,False,all
2026-09-11,CBSH,58.25,57,5,False,-0.008989697564346866,0.08037494869437212,0.23962540794488008,-0.0438279423702671,False,True,False,all
2026-09-11,FAST,49.31999969482422,57,6,False,0.010556333352453873,0.08263427341166385,0.26558886707508167,-0.0680271844044329,True,True,False,all
2026-09-11,QSR,76.95999908447266,57,6,False,0.012724843782542461,0.04617240316721882,0.24299439467782125,-0.061005369153880995,False,False,False,all
2026-09-11,IYF,135.55999755859375,57,4,False,0.0003290952402192904,0.06338497491112616,0.19309975604336738,-0.025379242736634056,False,True,False,all
2026-09-11,MAGS,69.88999938964844,57,4,False,0.03810493457597497,0.06835547924392227,0.26876646185420405,-0.017847164236968416,False,True,False,all
2026-09-11,PFS,23.299999237060547,57,6,False,-0.027139906594549124,0.04934390165347313,0.31712823819322655,-0.08591606723115908,False,True,False,all
2026-09-11,CGGO,39.93000030517578,57,5,False,-0.007940443774388961,0.059154010148474434,0.2501565321703245,-0.06879665786979228,False,True,False,all
2026-09-11,DIVI,44.119998931884766,57,6,False,0.008839901970338016,0.05590022316210663,0.20579389854865315,-0.017153051196994062,True,True,False,all
2026-09-11,VFH,139.67999267578125,57,3,False,-0.0003721898786193112,0.06424513826896461,0.19722289249988711,-0.024581035946063534,False,True,False,all
2026-09-11,MAMA,14.720000267028809,57,4,False,-0.1455819104899191,-0.04365902500690999,0.5947996746554891,-0.2990476063319615,False,False,False,all
2026-09-11,SCHG,35.15999984741211,57,6,False,0.007634628915020425,0.06871249512418576,0.25751076533253214,-0.026308522483578067,True,False,False,all
2026-09-11,SECT,71.4800033569336,57,6,False,0.0005179440822351555,0.06462801749872193,0.22418229327136796,-0.029845647634410333,True,False,False,all
2026-09-11,DGRO,78.23999786376953,57,5,False,-0.003106395569088649,0.060263140301987095,0.16906976908556937,-0.02903951246106007,False,False,False,all
2026-09-11,DCH,6.480000019073486,57,4,False,0.07466250841596067,0.016638035240984284,0.31707315418471116,-0.29945945739746094,False,True,False,all
2026-09-11,MANU,20.049999237060547,57,6,False,-0.10429495381091902,0.05067883956009278,0.3742288572563306,-0.17995915699717646,False,False,False,all
2026-09-11,CRVL,69.2699966430664,57,4,False,0.0720586322333383,0.1312379203357219,0.5451705066646153,-0.21861257246741328,False,False,False,all
2026-09-11,APPF,208.47999572753906,56,3,False,0.06352151660662497,0.11277982378144724,0.4624017908098761,-0.27005354707428286,False,True,False,all
2026-09-11,AUB,39.720001220703125,56,5,False,-0.047495693140698125,0.02984398427797519,0.2866861075760665,-0.08940847791563955,False,False,False,all
2026-09-11,BATRK,48.84000015258789,56,5,False,-0.04726234616959235,0.060064920028329416,0.29343226492507957,-0.1031949876306022,False,True,False,all
2026-09-11,DVY,162.36000061035156,56,5,False,-0.00026600506061669194,0.05654768721731873,0.18372700696568822,-0.028133586836631808,False,True,False,all
2026-09-11,FCNCA,2173.0,56,5,False,0.0032676189350255846,0.059574024566015904,0.3382519503689789,-0.053695094807426846,False,False,False,all
2026-09-11,FDN,288.9200134277344,56,4,False,0.02896872278122653,0.0921911964465083,0.2871208261974516,-0.029133986413683588,True,True,False,all
2026-09-11,FDVV,63.18000030517578,56,6,False,0.004719867705460068,0.06384949833422238,0.17500464510510216,-0.020996409390911075,False,True,False,all
2026-09-11,FSMD,50.79999923706055,56,5,False,-0.01325311556295472,0.053150388573613094,0.21362695692558265,-0.05011219760873831,False,False,False,all
2026-09-11,GOOG,335.45001220703125,56,5,False,-0.028183652435826212,-0.0004287543048322462,0.417913642787868,-0.17064303608516673,True,True,False,all
2026-09-11,GRNY,27.790000915527344,56,6,False,0.0050633284104055765,0.06315015867677554,0.204594767366298,-0.02096175122623667,True,True,False,all
2026-09-11,GSIE,47.45000076293945,56,6,False,0.005857089476363875,0.05078504294808783,0.18476908032076222,-0.021447739317962955,False,True,False,all
2026-09-11,GSLC,145.8000030517578,56,6,False,0.0068636895894500505,0.06453295179938334,0.20376485919351794,-0.021049414564918267,True,True,False,all
2026-09-11,IOT,38.380001068115234,56,5,False,0.006081599179962982,0.13865112610432861,0.6415740994772903,-0.19148935999233685,False,False,False,all
2026-09-11,ITRN,52.66999816894531,56,4,False,-0.02061782206806817,0.012586644034056294,0.5536871916875161,-0.22884339947932453,False,True,False,all
2026-09-11,IUSV,113.88999938964844,56,6,False,0.004225342952286271,0.05668758513978456,0.16273611983703384,-0.019795188944226827,False,True,False,all
2026-09-11,IVE,235.32000732421875,56,6,False,0.005210621070184995,0.0574804200580481,0.16443174619474088,-0.019213876931976515,False,True,False,all
2026-09-11,NSC,320.2699890136719,56,5,False,-0.046243813809780154,0.033913606687471454,0.17798287208254515,-0.10688794321654072,False,True,False,all
2026-09-11,PDBA,38.689998626708984,56,6,False,0.030538972657660368,0.07544003969549107,0.14841199773858316,-0.018269505797788188,False,False,False,all
2026-09-11,PTF,102.13999938964844,56,3,False,-0.02117123121692288,0.019690478592569338,0.5364018386289033,-0.2686000440117472,False,True,False,all
2026-09-11,SBCF,33.97999954223633,56,3,False,-0.00466327498909147,0.04916857159780852,0.18894330416184402,-0.06313760371175192,False,True,False,all
2026-09-11,SQM,69.87999725341797,56,3,False,-0.04635056375218627,-0.08513558365036578,0.7220304115398253,-0.2869388035365513,False,False,False,all
2026-09-11,SRTA,5.195000171661377,56,6,False,-0.053785735900034215,0.01595313746697058,0.31518990099955335,-0.20076920435978818,False,True,False,all
2026-09-11,VBR,242.10000610351562,56,5,False,-0.015238760222894387,0.04945056198147424,0.21805198628735667,-0.03871351901414111,False,False,False,all
2026-09-11,WMB,72.8499984741211,56,3,False,-0.006185276437007059,0.03409531605398142,0.29649404261585177,-0.09028475514007583,False,False,False,all
2026-09-11,SIGI,90.33999633789062,56,5,False,-0.04205462925740233,0.045725868564813865,0.24127504607198347,-0.10019925333761304,False,True,False,all
2026-09-11,IWR,109.86000061035156,56,5,False,-0.01267542377860198,0.05589740311719771,0.1988214899831311,-0.04444638215269836,False,True,False,all
2026-09-11,PAGS,10.119999885559082,56,3,False,0.0975900632816622,0.03048167738076768,0.20190021304766903,-0.1785714175130526,False,False,False,all
2026-09-11,SMLF,86.12000274658203,56,5,False,-0.0199043741581455,0.053099571045789995,0.2302857535226004,-0.05086237761311074,False,False,False,all
2026-09-11,IRM,115.18000030517578,56,5,False,-0.051449671916445006,0.04580694750293235,0.48103388552022874,-0.14478759601322766,False,True,False,all
2026-09-11,SPYV,63.040000915527344,56,6,False,0.0055253018301884005,0.05733316685680889,0.16374382585205716,-0.018985390291720416,False,True,False,all
2026-09-11,CVLT,130.07000732421875,56,3,False,-0.06071582249469398,0.1441832415259623,0.8128224017312717,-0.343677403717484,False,True,False,all
2026-09-11,VOOV,227.1999969482422,56,6,False,0.005224324896175636,0.056799717769390856,0.16214832198589346,-0.019252381262897633,False,False,False,all
2026-09-11,DBA,28.93000030517578,56,6,False,0.028790497139333793,0.07231949085102429,0.13897640707325976,-0.019986454723537217,False,False,False,all
2026-09-11,CNS,74.94999694824219,56,5,False,-0.07437142672466512,0.06181923082524432,0.28361016837978514,-0.13412662820944032,False,True,False,all
2026-09-11,DBB,25.40999984741211,56,6,False,0.011206429895926906,0.04346539913258929,0.27368415416883285,-0.048670882876079014,False,False,False,all
2026-09-11,JIRE,83.9800033569336,56,6,False,0.0015098182495876245,0.05208764538603594,0.16882401030504512,-0.02428251824446448,False,True,False,all
2026-09-11,WTW,315.6099853515625,56,4,False,-0.014012122129964943,0.05117727713514242,0.311707678612525,-0.10538853792007297,False,True,False,all
2026-09-11,SCHM,35.130001068115234,56,5,False,-0.01294714296606747,0.05206260388705508,0.24353986081823842,-0.04848313081271238,False,False,False,all
2026-09-11,DIA,525.7899780273438,56,5,False,-0.006433593232799351,0.05180346300663663,0.16728082580929104,-0.03833565975794462,False,True,False,all
2026-09-11,AZZ,137.07000732421875,55,5,False,-0.057714022244633956,0.02555436525037802,0.47418802296695484,-0.15493212143550406,False,True,False,all
2026-09-11,EDIT,2.700000047683716,55,4,False,-0.09602248539758451,0.030996744336296622,0.6265060855266347,-0.4048931141753266,False,True,False,all
2026-09-11,EFSC,64.12999725341797,55,5,False,-0.01780303374566916,0.07376095380010961,0.25302846563157533,-0.06692864657122954,False,True,False,all
2026-09-11,FENI,40.959999084472656,55,6,False,0.0018392892812808537,0.046686245364689016,0.19208377057283066,-0.026731615171047274,False,True,False,all
2026-09-11,FRPT,63.7400016784668,55,3,False,-0.015209074094294839,0.0013672063050185201,0.37222821596425737,-0.2588371897852698,False,True,False,all
2026-09-11,HEFA,46.54999923706055,55,5,False,-0.005664837530866662,0.048247521265309734,0.1957359073247087,-0.030208349227905273,False,True,False,all
2026-09-11,HIFS,312.489990234375,55,4,False,0.05093972570107708,0.06941546939633292,0.2573532039159456,-0.07547340167344674,False,True,False,all
2026-09-11,IAI,190.50999450683594,55,4,False,0.0006617917887610236,0.05665037645704851,0.20744071479758275,-0.038265444854293174,False,True,False,all
2026-09-11,MPLX,59.84000015258789,55,6,False,0.023105362454509892,0.058112181417993014,0.2518828683618979,-0.018211658678542575,True,True,False,all
2026-09-11,RSP,214.8699951171875,55,5,False,-0.01126461617032637,0.05207723594063651,0.17989124373751597,-0.03835484797072586,False,True,False,all
2026-09-11,VMI,483.44000244140625,55,5,False,-0.030459962846233757,0.02844837639949982,0.33731674257650424,-0.1746086214929483,False,True,False,all
2026-09-11,VXF,237.75999450683594,55,5,False,-0.01683734240525947,0.05427103688322332,0.2136804589818968,-0.05180460814821164,False,True,False,all
2026-09-11,VYM,162.9199981689453,55,5,False,-0.001440357490229971,0.05321848686897379,0.1855625115687316,-0.02798163847221291,False,False,False,all
2026-09-11,XT,81.20999908447266,55,5,False,-0.004489554764319337,0.06687418390846345,0.240415420349682,-0.03585425800902975,True,True,False,all
2026-09-11,DBMF,31.989999771118164,55,6,False,0.027276279770562795,0.05370120305454229,0.19232202244074226,-0.00046871727843855737,False,False,False,all
2026-09-11,CGGE,34.93000030517578,55,5,False,-0.0038585085159360544,0.052336662414770974,0.18849952468793196,-0.031766268479356374,False,True,False,all
2026-09-11,CGUS,44.630001068115234,55,5,False,-0.006382900744803743,0.05696619480380116,0.19989249722525515,-0.04628601375804975,False,False,False,all
2026-09-11,CMG,36.20000076293945,55,4,False,0.03218597633782583,0.0355150380285969,0.291012823858128,-0.15460063005756963,False,True,False,all
2026-09-11,BUFQ,39.79999923706055,55,6,False,0.015021277957423251,0.06345639836319639,0.16459400513753497,-0.032806858779078185,True,False,False,all
2026-09-11,PPH,109.44000244140625,55,5,False,-0.019769392079844517,0.03012244492849092,0.2738912556894091,-0.07254235219147243,False,True,False,all
2026-09-11,JKHY,161.1199951171875,55,5,False,0.02669585206595415,0.008239161850336796,0.33113015448200134,-0.16686490704952273,False,True,False,all
2026-09-11,SCHE,37.02000045776367,55,6,False,0.01508646246477885,0.05603068130975264,0.16561713447654536,-0.01647181035968015,False,True,False,all
2026-09-11,MSEX,56.689998626708984,55,5,False,-0.01111516145178304,0.05595399051050287,0.2834503277513407,-0.08829208188359905,False,True,False,all
2026-09-11,SETM,31.950000762939453,55,5,False,0.006169306151796006,-0.04255905348058919,0.4771152104754448,-0.21208381346308758,False,True,False,all
2026-09-11,BMNR,25.030000686645508,55,3,False,0.295106267394702,0.1253965406022346,0.9554687745054249,-0.6184451026089622,False,False,False,all
2026-09-11,QUAL,220.1999969482422,55,5,False,-0.0046198107819115375,0.05669209288052768,0.18457150826428137,-0.0313215297667202,False,True,False,all
2026-09-11,FMTM,37.891300201416016,55,5,False,-0.030767921553427113,0.015928913189571237,0.3102562115462557,-0.21059791247049964,False,False,False,all
2026-09-11,VUG,88.0199966430664,55,6,False,0.011131368228259886,0.0655965356561814,0.26404977330946267,-0.028476841881974635,True,True,False,all
2026-09-11,MYRG,291.260009765625,55,3,False,-0.16004771058777434,-0.10225313859109753,0.6982101282384225,-0.4216096957138672,False,False,False,all
2026-09-11,CB,338.25,55,5,False,-0.026371022568824398,0.03384027203913109,0.27497178878107986,-0.07559236802842739,False,True,False,all
2026-09-11,FNDA,36.41999816894531,55,5,False,-0.028680902565465294,0.041550431095258133,0.2425792846316699,-0.0562322356844317,False,False,False,all
2026-09-11,TXRH,181.22000122070312,55,5,False,-0.08327700599553367,0.006737794901874539,0.17805368955094836,-0.16218216059229784,False,True,False,all
2026-09-11,MAX,11.649999618530273,55,4,False,-0.10895938486164058,0.06470963784147332,0.6431592902403473,-0.20748300886456505,False,True,False,all
2026-09-11,FFSM,35.540000915527344,55,5,False,-0.03853955466520531,0.029882704571863483,0.25894443825102287,-0.07640329162379511,False,False,False,all
2026-09-11,UCB,35.290000915527344,55,5,False,-0.008039107723700423,0.05045396086763643,0.23176270106134456,-0.05083376476963963,False,True,False,all
2026-09-11,PAAS,50.34000015258789,55,4,False,0.05581960015188381,-0.04314768626516008,0.5217653375499498,-0.28075436935187426,False,True,False,all
2026-09-11,BTU,28.209999084472656,55,2,False,0.12683141253957175,-0.027807967544254075,0.549999884720692,-0.3142926712932621,False,True,False,all
2026-09-11,CTO,20.709999084472656,55,6,False,-0.0472729693957078,0.043303867169963484,0.37425345082027395,-0.08806693441777569,False,True,False,all
2026-09-11,INDB,82.73999786376953,55,6,False,-0.01535637543808177,0.038562603179618904,0.306489743747282,-0.05440002441406255,False,True,False,all
2026-09-11,AM,22.059999465942383,54,6,False,-0.010496118850950698,0.04799342044073596,0.3007075858947963,-0.07447030361694451,False,True,False,all
2026-09-11,BBAX,63.79999923706055,54,6,False,0.003283455939292468,0.04615287374495214,0.18499255305061357,-0.03039519334253038,False,True,False,all
2026-09-11,BKR,59.060001373291016,54,4,False,-0.022784035375648104,0.005086720800749678,0.34471775581836894,-0.1611987174902858,False,True,False,all
2026-09-11,BLX,55.290000915527344,54,6,False,-0.027279781264400227,0.05559285407156156,0.4394689178644329,-0.12515822392284748,False,False,False,all
2026-09-11,EFA,106.69999694824219,54,6,False,0.005192684287726124,0.0473542233569646,0.16982784803477213,-0.020112062206645964,False,False,False,all
2026-09-11,EL,97.12000274658203,54,5,False,0.07968937798252362,0.050116265195878196,0.46662641129970694,-0.20157840156280915,False,False,False,all
2026-09-11,ESE,270.29998779296875,54,4,False,-0.11306854696507229,-0.02838465616739172,0.3956009810752563,-0.2536242100000413,False,True,False,all
2026-09-11,ESGD,105.66000366210938,54,6,False,0.004507482701898935,0.04819383665640675,0.16777188043740843,-0.02166663275824654,True,True,False,all
2026-09-11,GRID,180.77999877929688,54,4,False,-0.0027944771274979185,0.032718747928287106,0.2500346071288997,-0.09605483367279477,False,True,False,all
2026-09-11,GSOL,7.730000019073486,54,3,False,0.2189160682101039,0.10063004909516238,0.6767895434268827,-0.6636205320689388,False,True,False,all
2026-09-11,HFWA,28.40999984741211,54,6,False,-0.03695569071423355,0.045448098294851524,0.33255160666391115,-0.09088000488281245,False,False,False,all
2026-09-11,IAK,144.02000427246094,54,5,False,-0.012993748374278025,0.05586358898803345,0.15567325548314503,-0.054862845140218996,False,True,False,all
2026-09-11,ICOW,44.15999984741211,54,6,False,0.004519878204796157,0.03585437511628098,0.23455407554593521,-0.04166670805877948,False,True,False,all
2026-09-11,IDEV,91.87999725341797,54,6,False,0.005922967503271259,0.04809686883787201,0.17644044876470732,-0.021095283870211534,False,False,False,all
2026-09-11,IEFA,99.5,54,6,False,0.006013843736578428,0.04706532235526817,0.17017524907017023,-0.01912462928544223,False,False,False,all
2026-09-11,INMD,14.899999618530273,54,3,False,-0.011320081078706301,0.03560497668652074,0.17138359321832608,-0.10991637859891001,False,False,False,all
2026-09-11,JOE,65.86000061035156,54,5,False,0.020291195417583507,0.01203501730620915,0.4203149046239283,-0.1044329645031894,False,False,False,all
2026-09-11,KIE,62.349998474121094,54,3,False,-0.02294169838574034,0.05055819281066154,0.16651071251906546,-0.06282880477786112,False,True,False,all
2026-09-11,ODD,18.280000686645508,54,2,False,0.21672805492915215,-0.13733500331190318,0.976216290448163,-0.7153977933791873,False,False,False,all
2026-09-11,OMF,62.75,54,5,False,0.006735095991667661,0.045133963964285595,0.3706859255832371,-0.12762408266687064,False,True,False,all
2026-09-11,ROK,428.3900146484375,54,5,False,-0.04625330959651075,0.016032328039462973,0.28757784752694415,-0.138672134338216,False,True,False,all
2026-09-11,RRC,41.150001525878906,54,5,False,0.04297094926827172,0.046514623785935516,0.2591799614935031,-0.14820947306721943,False,True,False,all
2026-09-11,URBN,78.58000183105469,54,5,False,0.042484799283357466,0.08696256098277111,0.3197850289344206,-0.08018258749445517,False,True,False,all
2026-09-11,VB,293.45001220703125,54,5,False,-0.021486899164796625,0.04187326168048422,0.2167766075175841,-0.05188845934499864,False,False,False,all
2026-09-11,VCEL,38.34000015258789,54,5,False,-0.13193501038020994,0.005023808841518651,0.3243523019753807,-0.222627729322322,False,True,False,all
2026-09-11,VWO,60.349998474121094,54,6,False,0.011511257813995535,0.049137324713721675,0.15613022207018656,-0.019337055958769,False,True,False,all
2026-09-11,CWT,48.220001220703125,54,5,False,-0.03878735413823342,0.04444300183747574,0.16783725239806713,-0.10405051107162377,False,False,False,all
2026-09-11,CCEP,102.7699966430664,54,5,False,-0.03962428913208149,0.04879383401767701,0.2139143892933988,-0.09589163105007237,False,True,False,all
2026-09-11,CLSK,13.670000076293945,54,5,False,0.05752569183371037,0.08579315398904996,0.7087500095367432,-0.42100805917385387,False,True,False,all
2026-09-11,USPH,78.72000122070312,54,4,False,0.023645829480684943,0.03963889494494066,0.3528098140317011,-0.15807485325451198,True,True,False,all
2026-09-11,FHI,59.56999969482422,54,5,False,-0.028253568815380214,0.05322526546431483,0.27668238083220076,-0.11354163095118341,False,True,False,all
2026-09-11,MFSI,33.209999084472656,54,6,False,0.0004307580953604173,0.04948869096134678,0.16037729247537658,-0.022372743859876087,False,True,False,all
2026-09-11,VO,81.02999877929688,54,5,False,-0.008884942490001158,0.05190868588121322,0.16686470078390747,-0.04208532583892677,False,True,False,all
2026-09-11,IWO,367.6300048828125,54,5,False,-0.0352594851346969,0.03704935860117753,0.22690557639354836,-0.07325618840844395,False,True,False,all
2026-09-11,KDP,31.389999389648438,54,6,False,0.006735065787188743,0.07405649943448145,0.261655966578467,-0.0718509854258711,False,True,False,all
2026-09-11,SPEM,52.5099983215332,54,6,False,0.014407610230636525,0.0502136205217798,0.15967313907133018,-0.019238001053067277,False,True,False,all
2026-09-11,XME,113.62999725341797,54,5,False,0.029790779748716467,0.0030657605394779353,0.3477642099852678,-0.16251471560035824,True,True,False,all
2026-09-11,GDE,66.44999694824219,54,5,False,0.020567028070721305,0.0089497683934594,0.24414898217720005,-0.15768795205541053,False,True,False,all
2026-09-11,NULG,111.0999984741211,54,5,False,-0.026422097519550714,0.06454983937112502,0.2745210600876318,-0.06418465859359512,False,False,False,all
2026-09-11,XMHQ,114.75,54,5,False,-0.011595555683459602,0.051546874031512147,0.17704382515577888,-0.04367028883289714,False,True,False,all
2026-09-11,AMPH,23.780000686645508,53,4,False,0.14511907184850337,0.05820108873856178,0.4282283021904725,-0.19444443367576447,False,False,False,all
2026-09-11,AMZU,36.56999969482422,53,3,False,-0.014243221279622076,0.032617662909276035,0.4902199808674441,-0.2242257070785051,True,True,False,all
2026-09-11,AR,38.43000030517578,53,6,False,0.057908306675936494,0.056621212697863355,0.32061854987628124,-0.1599999933294911,False,True,False,all
2026-09-11,ARGT,95.4000015258789,53,5,False,0.016567723520547917,0.02979220454287601,0.4348022949458157,-0.08242761944988519,False,True,False,all
2026-09-11,ARKW,155.49000549316406,53,4,False,0.04607398039586097,0.09756017607862111,0.37164788863776144,-0.1503278388351691,False,True,False,all
2026-09-11,AVES,66.29000091552734,53,6,False,0.021858439894363535,0.046669653101385045,0.19851743391094057,-0.040110002041575665,False,True,False,all
2026-09-11,BRC,86.94000244140625,53,4,False,-0.06374379519932438,0.007336063179530061,0.2319682983898701,-0.12438310363828142,False,False,False,all
2026-09-11,DUHP,41.849998474121094,53,5,False,-0.0022458750312768228,0.05409240994597142,0.1725973685749096,-0.024475594741515616,False,True,False,all
2026-09-11,DYN,18.209999084472656,53,4,False,-0.25850825631272634,-0.0841963977368051,0.5276844771744615,-0.33308921878968545,False,False,False,all
2026-09-11,EIS,123.72000122070312,53,5,False,0.01733717164684223,0.01962986214075313,0.32547681674249196,-0.10896654099916103,False,True,False,all
2026-09-11,FEZ,69.69999694824219,53,5,False,-0.002983937680207216,0.04328037486791936,0.17005199438163032,-0.036760691537761625,False,True,False,all
2026-09-11,HOMB,29.969999313354492,53,3,False,-0.00789843345965957,0.05563292292439059,0.17529409071978397,-0.054574176906882266,False,True,False,all
2026-09-11,HTH,38.68000030517578,53,5,False,-0.0031595708538409983,0.0389973291160588,0.2566601508218238,-0.04281117418383551,False,False,False,all
2026-09-11,ICVT,114.16000366210938,53,5,False,-0.011153081003483,0.039085425662939155,0.2091939332052637,-0.09797719765871138,False,True,False,all
2026-09-11,IDVO,43.0,53,6,False,0.007608615180806577,0.03402358443874953,0.19113578441908508,-0.018780134326990106,False,False,False,all
2026-09-11,IHS,8.470000267028809,53,7,False,0.02119556867780603,0.05064040376401624,0.48336255874658796,-0.05363123491236588,False,False,False,all
2026-09-11,IJK,111.5199966430664,53,5,False,-0.023759982511770472,0.036530420535403785,0.22146761134110715,-0.06591844197014374,False,False,False,all
2026-09-11,ILCG,114.66999816894531,53,5,False,-0.0005665401451704355,0.057537413084726374,0.2565197839659157,-0.04893424185794515,True,True,False,all
2026-09-11,KYTX,7.260000228881836,53,3,False,-0.10411291085855068,-0.1387491400437606,0.9206349957226572,-0.4689100081665776,False,True,False,all
2026-09-11,LAMR,149.0800018310547,53,6,False,-0.04358034004651845,0.05445421288679242,0.30257759551075614,-0.10370949203452318,False,True,False,all
2026-09-11,MDB,362.2099914550781,53,4,False,-0.035405673339738764,0.05577864484310657,0.6793861450077412,-0.23439022028711298,False,False,False,all
2026-09-11,MDYG,106.41999816894531,53,5,False,-0.02371989612719605,0.03662573862382468,0.22195433050724223,-0.06591768731777392,False,True,False,all
2026-09-11,MOAT,108.54000091552734,53,3,False,-0.011540215895540773,0.0387497588333241,0.1538216356717952,-0.06091019903095207,False,True,False,all
2026-09-11,MTUS,19.239999771118164,53,6,False,-0.038336590335865006,0.02361658932610866,0.35588444961733057,-0.1479185192149326,False,True,False,all
2026-09-11,SCI,82.20999908447266,53,6,False,0.004457181218808337,0.0295238147154695,0.20172481630792194,-0.09649410908265232,False,True,False,all
2026-09-11,SPHQ,84.56999969482422,53,5,False,-0.015058878510230134,0.04189445189678609,0.18164035287735425,-0.06407703493158279,False,True,False,all
2026-09-11,TDAY,6.360000133514404,53,4,False,-0.16057332433993343,-0.06897761201551622,0.8596491203609462,-0.30944624243519336,True,False,False,all
2026-09-11,RDVI,28.780000686645508,53,5,False,-0.015159272441119254,0.043662124671153046,0.1618893885657955,-0.04337704628685457,False,False,False,all
2026-09-11,FMX,116.94999694824219,53,5,False,-0.05544412658087239,0.01811138612668506,0.3481267659739733,-0.17332299470477852,True,True,False,all
2026-09-11,JHMM,73.83999633789062,53,5,False,-0.013757226013365376,0.039932936914548245,0.1919289011867804,-0.04661072630853724,False,True,False,all
2026-09-11,DGRW,98.63999938964844,53,6,False,0.007001231419499598,0.05338022921568619,0.155440977112979,-0.019385595180776982,True,True,False,all
2026-09-11,ROBO,79.11000061035156,53,4,False,-0.02288216760902939,0.020205517656116,0.2597935983724542,-0.12595294726344475,False,True,False,all
2026-09-11,BUFR,37.36000061035156,53,6,False,0.00883269452957025,0.05391929826556385,0.13109300608780905,-0.007939663379990525,True,False,False,all
2026-09-11,HLIO,70.66000366210938,53,4,False,-0.09247129375614516,-0.00806138093573483,0.50308458168447,-0.25660177387229843,False,False,False,all
2026-09-11,CEVA,29.010000228881836,53,4,False,-0.14237060827504144,0.005099998654015669,0.704465302505261,-0.4377906766134655,False,True,False,all
2026-09-11,IQLT,50.47999954223633,53,5,False,-0.0034154060807927156,0.04396523942444186,0.1691951461322856,-0.035905291180297616,False,True,False,all
2026-09-11,GCOW,46.54999923706055,53,6,False,0.008258388373014514,0.034915659915562225,0.19297792647254197,-0.03135859488449377,False,False,False,all
2026-09-11,TSHA,5.019999980926514,53,4,False,-0.1563025228617413,-0.08085122400027467,0.8517152506455594,-0.31232878770361105,False,True,False,all
2026-09-11,WTRG,41.06999969482422,53,6,False,0.024577892241874455,0.051538702374346546,0.1373580448805305,-0.033874351530603586,False,False,False,all
2026-09-11,AFG,141.9600067138672,52,5,False,-0.007222687891272672,0.05257699678113226,0.15330255047028407,-0.05372615204006703,False,True,False,all
2026-09-11,AOA,98.36000061035156,52,6,False,0.004011559890489069,0.046382985641147956,0.14505237326123743,-0.01669497340122883,True,False,False,all
2026-09-11,APD,291.42999267578125,52,4,False,-0.031028521698960643,0.028596534883420732,0.27200904325175035,-0.07444343000253939,False,True,False,all
2026-09-11,AROC,32.77000045776367,52,4,False,-0.05502045650943743,-0.015596635107943735,0.4322553172972101,-0.22401134707593917,False,False,False,all
2026-09-11,ASPN,4.909999847412109,52,4,False,-0.05779861845547263,0.14402876527592046,1.1347825866115113,-0.4747539503828164,True,True,False,all
2026-09-11,EWU,47.939998626708984,52,6,False,0.0016589580486676692,0.03391158017456064,0.1727005228505305,-0.02935818548002156,False,False,False,all
2026-09-11,EXLS,35.2599983215332,52,4,False,0.06934026592880937,0.05522256990774377,0.4189133915597867,-0.2044224150648869,True,True,False,all
2026-09-11,EZU,69.61000061035156,52,5,False,-0.0037981774810081914,0.03983210923714986,0.16171566651395985,-0.03587252697181287,False,False,False,all
2026-09-11,FIBK,36.91999816894531,52,5,False,-0.030523333885060566,0.022871885381063883,0.2687284427822618,-0.09064040501187343,False,True,False,all
2026-09-11,FOXF,19.829999923706055,52,6,False,0.0170273799298557,0.0998900343344864,0.5160550488816418,-0.3157349814721283,False,True,False,all
2026-09-11,IMTM,53.7400016784668,52,6,False,0.01393665846712211,0.04861588600777633,0.16889621450920878,-0.0191998492835328,True,True,False,all
2026-09-11,J,141.85000610351562,52,4,False,0.014541933746469171,0.06823692578058593,0.3422597056575556,-0.15786034167946683,False,True,False,all
2026-09-11,MCB,90.79000091552734,52,6,False,-0.030501963541100463,0.027678509584487143,0.40411376080280204,-0.11027702471330803,False,True,False,all
2026-09-11,MGY,27.75,52,5,False,0.05949998933945366,0.042545238712498934,0.31735102285585803,-0.152930359530578,False,True,False,all
2026-09-11,MSOS,4.75,52,4,False,0.03377731666038253,0.0682198991184566,0.6047297090487904,-0.3448275862068966,False,False,False,all
2026-09-11,OSK,145.85000610351562,52,4,False,-0.029263812085386975,-0.002712161888139164,0.24903665578871914,-0.19192198091522805,False,True,False,all
2026-09-11,QCOM,181.97000122070312,52,5,False,0.07928860172536623,0.08248111834848637,0.4916796820007765,-0.2999000006927274,False,False,False,all
2026-09-11,QDPL,46.040000915527344,52,6,False,0.0017463328064344363,0.04938612870845893,0.1768916710783044,-0.022920162157020307,True,False,False,all
2026-09-11,SCZ,86.08999633789062,52,6,False,0.01243281015348674,0.04392128680990792,0.17193026695922708,-0.020034173782586095,True,False,False,all
2026-09-11,SPGP,122.61000061035156,52,5,False,-0.021840065415553167,0.04055941767009541,0.18053148363000515,-0.05422708124340059,False,True,False,all
2026-09-11,SWBI,13.149999618530273,52,3,False,-0.07840886225438903,-0.0110700271672316,0.6154790004790631,-0.251138951112459,False,False,False,all
2026-09-11,TIC,9.5600004196167,52,3,False,0.12017251939650664,0.06672622140354645,0.5031446885102566,-0.3602783549628843,True,True,False,all
2026-09-11,VSEC,194.97999572753906,52,4,False,-0.07994799983981071,-0.016702661566949106,0.26061937050366635,-0.21331454135165595,False,True,False,all
2026-09-11,CGIE,37.439998626708984,52,6,False,0.004826564397454325,0.04071863314759927,0.15129145447999948,-0.030805136124846366,False,False,False,all
2026-09-11,ESI,34.34000015258789,52,3,False,-0.08114500454712537,-0.028807696990711618,0.5021871931638491,-0.3027411136530378,False,False,False,all
2026-09-11,CVSA,125.08999633789062,52,6,False,-0.023013763221143235,0.08569940025089129,0.4383119993346978,-0.19947522887940272,False,True,False,all
2026-09-11,SDVY,42.66999816894531,52,5,False,-0.021289901419094703,0.02899572042747467,0.17209173464417948,-0.05406909769714374,False,True,False,all
2026-09-11,FTLS,76.55999755859375,52,6,False,0.013272303761452386,0.0500906372677441,0.1268765794440716,-0.012383889654857483,False,True,False,all
2026-09-11,SCHC,50.720001220703125,52,6,False,0.019673772622843755,0.0410936612824544,0.1673187647896337,-0.02686104642886289,True,True,False,all
2026-09-11,LEA,130.82000732421875,52,5,False,-0.002970760853631016,0.02527011992501027,0.3621408379544102,-0.12978111001928838,True,True,False,all
2026-09-11,IXJ,100.76000213623047,52,3,False,-0.013157230593795366,0.031322500383071494,0.18041238771982093,-0.06435138033306642,False,True,False,all
2026-09-11,PFBC,102.9800033569336,52,5,False,-0.0192249820482312,0.06347661550593453,0.26355832339795815,-0.0826652289569294,False,True,False,all
2026-09-11,PAM,86.52999877929688,52,4,False,0.038768011828894444,0.030842461783854525,0.5747042325367222,-0.08433863725611768,False,False,False,all
2026-09-11,UTL,53.09000015258789,52,5,False,-0.014318282446077468,0.024673026275731313,0.1766401021581363,-0.07282567745687729,True,False,False,all
2026-09-11,CTAS,201.5,52,4,False,0.009617173498284393,0.07659334031635434,0.2503102222712039,-0.08062234026814452,False,True,False,all
2026-09-11,QQH,84.0,52,6,False,0.01070019686150836,0.05923380576843962,0.22502552681709376,-0.06291833364625998,True,True,False,all
2026-09-11,PFE,27.719999313354492,52,5,False,0.055260289635237214,0.057184019775229133,0.17557249376775053,-0.05100992186987818,False,True,False,all
2026-09-11,CWB,102.6500015258789,52,5,False,-0.006805757088304887,0.0403064418204373,0.2024130048418995,-0.08364573645760298,False,True,False,all
2026-09-11,SF,79.76000213623047,52,3,False,-0.009039872702452878,0.013302588422965611,0.17622776888188008,-0.11206767319295852,False,True,False,all
2026-09-11,ARLP,26.530000686645508,51,5,False,0.04148676140552299,0.04668253818566348,0.19504503490533787,-0.09915110358735679,False,True,False,all
2026-09-11,AX,93.26000213623047,51,5,False,-0.0498913814808567,0.015189768317928287,0.2452931352156107,-0.11802530716538984,False,True,False,all
2026-09-11,BALI,34.40999984741211,51,6,False,0.0019625720244793587,0.048125909189276506,0.1492985715972095,-0.02769142580214279,False,True,False,all
2026-09-11,ELAN,23.170000076293945,51,4,False,-0.05608877289827141,-0.02535260654354421,0.2716795252188242,-0.17190848980113815,False,True,False,all
2026-09-11,EMLP,43.790000915527344,51,5,False,-0.006718639014400174,0.03236060123057549,0.17778376966369724,-0.03183724610397787,False,False,False,all
2026-09-11,EXI,195.1300048828125,51,5,False,-0.02083378786549195,0.02039778323711494,0.17761018996133737,-0.06092684350726718,False,False,False,all
2026-09-11,EZA,70.0999984741211,51,4,False,0.0504516264367183,0.012833051959004527,0.1714571907648883,-0.14261256552661528,False,False,False,all
2026-09-11,F,13.970000267028809,51,3,False,-0.0096272238679036,0.03318852042589926,0.2574258054663996,-0.2142857296107067,False,True,False,all
2026-09-11,FELG,44.08000183105469,51,6,False,0.009446428306391308,0.05085431096074444,0.22700077292086251,-0.0339688626074488,True,True,False,all
2026-09-11,IHDG,52.34000015258789,51,5,False,-0.010906109458565516,0.0322351654189692,0.15032967368325045,-0.03324712333492763,False,False,False,all
2026-09-11,IJH,74.44000244140625,51,5,False,-0.021743949984131317,0.03449237843863151,0.19639988718992551,-0.05424973564646829,False,True,False,all
2026-09-11,IVOO,126.0199966430664,51,5,False,-0.02140001090402699,0.03439512734228245,0.19688475208743172,-0.05347756331096698,False,True,False,all
2026-09-11,JPEF,81.00990295410156,51,6,False,0.0004061007359938973,0.04576108602698459,0.16256571103796524,-0.026323246087413432,False,True,False,all
2026-09-11,LIT,71.48999786376953,51,4,False,-0.016586953498323842,-0.03877378666832387,0.44863222034867034,-0.22276587024737804,False,False,False,all
2026-09-11,MDY,678.6799926757812,51,5,False,-0.02169686191811271,0.03330279482339327,0.1944174978111195,-0.05390671809610126,False,True,False,all
2026-09-11,MTD,1293.52001953125,51,1,False,-0.05054932795265321,-0.017945938372075143,0.26437616437664757,-0.15188471956532124,False,True,False,all
2026-09-11,PNFP,99.2699966430664,51,3,False,-0.028999938093090094,0.025024103327777603,0.22434625556513876,-0.1002447657430856,False,True,False,all
2026-09-11,SPMD,65.23999786376953,51,5,False,-0.021569301629211113,0.03383902081994994,0.19640563587430093,-0.05408153241867619,False,True,False,all
2026-09-11,SSNC,80.2699966430664,51,4,False,0.047623983223182176,0.06611021466767286,0.3073289030658113,-0.11068031527504318,True,True,False,all
2026-09-11,TOWN,37.0,51,5,False,-0.004026956923040004,0.0465029111080526,0.15951113058374666,-0.05201124373013488,True,True,False,all
2026-09-11,UGI,37.9900016784668,51,4,False,0.03469317982222897,0.03368809974304221,0.20145479665293498,-0.08103527967479662,False,True,False,all
2026-09-11,VBK,340.69000244140625,51,5,False,-0.030597252831302435,0.030074877062401972,0.21557789201892397,-0.07179055549823166,False,False,False,all
2026-09-11,DLB,64.4800033569336,51,4,False,0.12249628873640783,0.06836780579203605,0.336096261904824,-0.11683329036726531,True,True,False,all
2026-09-11,DLR,188.5800018310547,51,6,False,0.008376949822753721,0.050782834222846907,0.2896123048681727,-0.09397519753988492,False,True,False,all
2026-09-11,CGMM,32.02000045776367,51,5,False,-0.01739353304768998,0.029980257658803966,0.1949990806714863,-0.05378249664945811,False,False,False,all
2026-09-11,ESLT,728.0,51,3,False,-0.05096624574208142,-0.03663181147439487,0.6070640176600441,-0.28350687779338746,False,True,False,all
2026-09-11,SBRA,20.520000457763672,51,5,False,-0.00813981058270219,0.03127758328485597,0.19510776741899738,-0.0988142272624698,True,True,False,all
2026-09-11,MMI,31.270000457763672,51,5,False,-0.0024372666764823636,0.09365301624012501,0.27998362943690824,-0.06795823639776144,False,True,False,all
2026-09-11,FNB,18.309999465942383,51,5,False,-0.02716088897979807,0.027093705474374064,0.2662516886333828,-0.0653394934494892,False,True,False,all
2026-09-11,TEX,60.81999969482422,51,5,False,-0.06783843421234081,-0.01191004462772094,0.4585131554452515,-0.1857009277441508,False,True,False,all
2026-09-11,WTFC,152.16000366210938,51,5,False,-0.03683886820703397,0.019406327394626555,0.2721344610455658,-0.09006098223092951,False,True,False,all
2026-09-11,VIG,239.42999267578125,51,5,False,-0.007335865842297173,0.04371407878456557,0.14008856215644383,-0.03241060566324616,False,True,False,all
2026-09-11,PTLC,59.56999969482422,51,6,False,0.007349234403852822,0.048664028890754496,0.15490495502384816,-0.01942387333622686,True,True,False,all
2026-09-11,MUX,19.530000686645508,51,4,False,0.03805679978777987,-0.07803641750140611,0.4971253792582526,-0.34242423619680085,False,True,False,all
2026-09-11,COWG,38.959999084472656,51,6,False,0.0010210402260650842,0.060258355854055035,0.19348112616534707,-0.03992120930222065,False,True,False,all
2026-09-11,VGK,90.0199966430664,51,5,False,-0.00598708591902819,0.03297494828607839,0.15677199943568754,-0.03505203387683398,False,True,False,all
2026-09-11,CTA,30.290000915527344,51,5,False,0.10578765680147373,0.06055346561040498,0.19298943062899987,-0.07539675007804647,False,False,False,all
2026-09-11,CSWC,24.190000534057617,51,5,False,-0.007231303182122395,0.04265221377814443,0.24883838337587694,-0.06058250353174299,False,False,False,all
2026-09-11,XLG,62.900001525878906,51,6,False,0.016368564064629387,0.04951406141647907,0.19581755419299784,-0.028871317185527157,True,False,False,all
2026-09-11,AGX,413.739990234375,50,3,False,-0.240355929908736,-0.19551744045197794,0.8224825233366646,-0.4865156807516289,False,False,False,all
2026-09-11,ASO,55.36000061035156,50,5,False,0.1737392862555105,0.053842392463753,0.3407604597444587,-0.11345983055645525,False,False,False,all
2026-09-11,BBD,3.5999999046325684,50,3,False,0.052385380745334276,-0.0027839226811201545,0.20805365154052802,-0.16279075698893541,False,False,False,all
2026-09-11,BBEU,78.51000213623047,50,5,False,-0.007563020953651245,0.02862154410544182,0.15864816501019718,-0.034436053455118354,False,False,False,all
2026-09-11,EFAV,93.9800033569336,50,6,False,0.01583310973259011,0.039149477117894405,0.12726400696666107,-0.014264663658441257,True,True,False,all
2026-09-11,EGP,198.1199951171875,50,4,False,-0.040146995871078506,0.01493741430580564,0.21315288763080353,-0.12610829142960334,True,True,False,all
2026-09-11,EPP,56.54999923706055,50,6,False,0.0011578216622205595,0.03984699384904067,0.15573265653707202,-0.03432380616622088,False,True,False,all
2026-09-11,EPR,59.18000030517578,50,5,False,-0.027115173231632927,0.04743919653206885,0.23009768352491666,-0.08911806690381163,False,False,False,all
2026-09-11,GOOX,69.2300033569336,50,3,False,-0.07375193401084912,-0.0851691426137281,0.6601918966500646,-0.3559999687727108,True,False,False,all
2026-09-11,GTES,26.040000915527344,50,5,False,-0.025543883969809555,0.03927828851224602,0.2471265307546735,-0.14172706708749871,False,False,False,all
2026-09-11,HTGC,17.40999984741211,50,3,False,0.04216549734752362,0.056848870524041084,0.27080292626266655,-0.11264020883230708,False,True,False,all
2026-09-11,IJJ,145.2100067138672,50,5,False,-0.01871736882702002,0.03286303351739761,0.17208820267376757,-0.04347533726939945,False,True,False,all
2026-09-11,JTEK,99.52999877929688,50,6,False,-0.003820184601058707,0.05655189388339599,0.3225699609573287,-0.10990879045849444,True,False,False,all
2026-09-11,M,22.079999923706055,50,4,False,-0.05945697211082024,0.02226718144697104,0.34552103162804815,-0.16961264396393383,False,False,False,all
2026-09-11,MCHB,15.369999885559082,50,5,False,-0.052556321976357845,0.010801824580052077,0.19890797593110454,-0.11565013649395728,False,True,False,all
2026-09-11,MDYV,93.25,50,5,False,-0.019191247878084572,0.031178639167035227,0.1708940320775616,-0.04437386503180685,False,True,False,all
2026-09-11,NEXT,7.639999866485596,50,7,False,0.05173314001724849,0.12708468167348475,0.6084210245232833,-0.1731601671283317,False,True,False,all
2026-09-11,OVL,56.959999084472656,50,5,False,-0.0007613788629723395,0.037650519293260576,0.17637342499951947,-0.0331013540653593,False,False,False,all
2026-09-11,SCHY,32.65999984741211,50,5,False,-0.008090771999988533,0.023491573252687692,0.18958295167255823,-0.04054057082841456,False,True,False,all
2026-09-11,SXI,269.1700134277344,50,4,False,-0.11868608956034221,-0.009512743993133621,0.3471972438258992,-0.26029843471306646,False,True,False,all
2026-09-11,USAC,27.639999389648438,50,5,False,0.039253999318010324,0.04241109802354148,0.26498850833380394,-0.09525367987184619,False,False,False,all
2026-09-11,VCYT,40.869998931884766,50,2,False,-0.17108977391225766,-0.042345258364164695,0.38754028306724453,-0.3290100306309357,True,True,False,all
2026-09-11,VSS,158.55999755859375,50,6,False,0.015869750726466014,0.03534510864214302,0.16050641800525867,-0.026701896787983292,True,True,False,all
2026-09-11,COLB,30.110000610351562,50,5,False,-0.04088118260325346,0.012468412059620348,0.2635333909673314,-0.10599761468160074,False,False,False,all
2026-09-11,DDS,650.5700073242188,50,4,False,0.09604574355762607,0.07260031361778929,0.29322548101917767,-0.12319735781386243,False,False,False,all
2026-09-11,XLB,50.95000076293945,50,4,False,-0.017194732513313826,0.014116537197707002,0.21208518967262946,-0.05978959117693372,False,False,False,all
2026-09-11,IEV,73.5999984741211,50,5,False,-0.008281410833738678,0.029144627515399257,0.15306276614131464,-0.03563942913495044,False,True,False,all
2026-09-11,HLIT,12.0,50,5,False,-0.02537279774441481,0.04928124028401659,0.41676500846315556,-0.3212669800414525,False,True,False,all
2026-09-11,VNOM,44.709999084472656,50,4,False,0.027211553382861853,0.027474170866498504,0.2737892030803628,-0.1255623283694024,False,True,False,all
2026-09-11,TRU,77.69999694824219,50,3,False,-0.029109270383561703,0.01566897271569112,0.22613221173887776,-0.18643003839821137,False,False,False,all
2026-09-11,KEY,21.84000015258789,50,6,False,-0.033722376408847676,0.015551805920035244,0.32604742338265913,-0.09264643001702433,False,False,False,all
2026-09-11,BUFD,30.309999465942383,50,6,False,0.00810540351259803,0.04406352827672366,0.10701243224923984,-0.010770232711477923,True,True,False,all
2026-09-11,CUZ,28.190000534057617,50,6,False,-0.0669455643361041,0.062628772729302,0.3404659825788241,-0.14446130860900164,False,True,False,all
2026-09-11,WFRD,88.8499984741211,50,5,False,0.0050256811560234205,-0.04183830620292406,0.4603878739527216,-0.21475919331914528,False,True,False,all
2026-09-11,SBUX,98.73999786376953,50,4,False,-0.061017708483091515,0.007883700392804949,0.2660597585378248,-0.10650623513654034,False,True,False,all
2026-09-11,DIHP,34.6150016784668,50,5,False,-0.004526536221641009,0.030945689711840974,0.1600201575556892,-0.035121904432981244,False,False,False,all
2026-09-11,SOLZ,10.15999984741211,50,3,False,0.21249440484195814,0.062271468939271823,0.6466774265446664,-0.6253687487828521,False,False,False,all
2026-09-11,VIGI,96.98999786376953,50,5,False,-0.0015610401317739386,0.03764041477339286,0.13797951476766235,-0.03000300094102737,False,True,False,all
2026-09-11,CTMX,3.2899999618530273,50,1,False,-0.05198248738584399,-0.2074485459713553,0.7315789490195193,-0.5992691904304068,False,False,False,all
2026-09-11,SMIG,32.119998931884766,50,5,False,-0.0266814483098049,0.03344587099690277,0.16124364096444266,-0.04688432626957817,False,True,False,all
2026-09-11,AER,141.5,49,4,False,-0.04970926516926921,-0.015854821656935747,0.18977549513923586,-0.10899816022103481,False,False,False,all
2026-09-11,AES,14.789999961853027,49,6,False,0.002453605749469512,0.012022470300922627,0.19951338632349036,-0.16203964410710847,False,True,False,all
2026-09-11,AVPT,12.65999984741211,49,3,False,-0.028224483326364957,0.08304637510379154,0.4329371582059869,-0.21634173263282697,False,True,False,all
2026-09-11,AWK,137.69000244140625,49,6,False,0.014672188186526158,0.04522146210419664,0.14199222683847235,-0.05458663129332064,False,True,False,all
2026-09-11,BLK,1079.6500244140625,49,3,False,-0.019503472130024124,0.017957232988554006,0.1768713493440479,-0.11499739637221196,False,True,False,all
2026-09-11,BNL,20.420000076293945,49,5,False,-0.0478854802373212,0.034350890178748816,0.19032347764288415,-0.11601732731249714,True,True,False,all
2026-09-11,EFOR,31.469999313354492,49,2,False,0.177082214436467,-0.07647342428268022,0.862130178917206,-0.42719329996387356,True,True,False,all
2026-09-11,GE,323.6600036621094,49,4,False,-0.08454197195583968,0.0051788577579316986,0.20359971460487003,-0.16762677011019655,False,True,False,all
2026-09-11,GGLL,97.61000061035156,49,3,False,-0.06895689283144579,-0.08085374285761615,0.6493747905880758,-0.3620261398016238,True,True,False,all
2026-09-11,HMN,48.77000045776367,49,5,False,-0.057599099677545396,0.04396111007911596,0.1811576501908827,-0.12221023663961705,False,True,False,all
2026-09-11,HRI,140.9600067138672,49,2,False,-0.08315355426615056,-0.005825282564451806,0.5936688702923529,-0.2516060411678632,False,False,False,all
2026-09-11,INR,14.920000076293945,49,5,False,0.07984483336191639,-0.001438938902540987,0.34052110717731177,-0.23819245474855333,False,True,False,all
2026-09-11,IYT,82.13999938964844,49,4,False,-0.050288250739835005,0.016053490547307536,0.20616741894440316,-0.0879413544708626,False,False,False,all
2026-09-11,MDLZ,62.439998626708984,49,6,False,0.011305087861229302,0.05431563613966395,0.21953120500547874,-0.06316583350017269,False,True,False,all
2026-09-11,NWE,69.23999786376953,49,4,False,-0.024283039768416836,-0.000858620789420339,0.24756752907692858,-0.07901040725318154,False,True,False,all
2026-09-11,SLV,58.119998931884766,49,3,False,0.029404975830645164,-0.11372853280577822,0.5569246204412173,-0.47081855628767544,False,False,False,all
2026-09-11,SW,43.220001220703125,49,5,False,-0.06921248951752679,0.014442096959250916,0.32054144947306495,-0.17910731304614835,False,True,False,all
2026-09-11,XSMO,83.75,49,4,False,-0.039460672175853695,0.020340412525729157,0.22102353800148333,-0.10599914894136853,False,False,False,all
2026-09-11,DLTR,118.16999816894531,49,4,False,-0.07042201007774929,0.005700830867017226,0.39499468121946735,-0.1701544716719069,False,False,False,all
2026-09-11,CGDG,38.279998779296875,49,5,False,-0.0033534292487505946,0.03128539044578571,0.1245922950716789,-0.02222229151145605,False,False,False,all
2026-09-11,CGGR,46.72999954223633,49,6,False,0.007846220687967476,0.043677897016423106,0.2121919706112947,-0.02686382555664435,True,True,False,all
2026-09-11,DON,56.779998779296875,49,5,False,-0.01406153699714452,0.03260768779860945,0.14545085997298246,-0.03713756818843994,False,False,False,all
2026-09-11,PTL,277.71600341796875,49,5,False,-0.017112290265560937,0.03264875671404788,0.16977876751191423,-0.05287496670823866,False,True,False,all
2026-09-11,INDV,34.4900016784668,49,5,False,-0.09896490218410126,-0.03283016614511536,0.5522053440270758,-0.19434710179698877,False,True,False,all
2026-09-11,SMIN,71.36000061035156,49,3,False,0.007972255831721897,0.05292202874617735,0.2350294586008288,-0.060310793834758236,True,True,False,all
2026-09-11,GDDY,98.06999969482422,49,3,False,0.04066300198063266,0.026080459022055358,0.369884127831956,-0.34335456520268803,False,True,False,all
2026-09-11,VTOL,42.70000076293945,49,3,False,-0.046772844281519066,-0.017557399856178657,0.2189552455301722,-0.15244144784340508,False,False,False,all
2026-09-11,IEUR,76.06999969482422,49,5,False,-0.008050870934014909,0.027757694324211712,0.1452875909651976,-0.03591705943809309,False,True,False,all
2026-09-11,NU,14.619999885559082,49,3,False,0.018318583075350947,-0.02268481927111199,0.3053571548693037,-0.22971547744112997,False,True,False,all
2026-09-11,CR,201.82000732421875,49,5,False,-0.056554349911484,0.03075385386572216,0.2646948552982411,-0.12442513091445229,False,True,False,all
2026-09-11,UAE,19.889999389648438,49,4,False,0.027572390233171262,0.020712638381803927,0.15037584363492762,-0.10767166564838726,False,True,False,all
2026-09-11,XOVR,20.790000915527344,49,3,False,0.03479689970939459,0.08245426877276851,0.2700060995538063,-0.045454533512718664,False,False,False,all
2026-09-11,COF,208.3000030517578,49,3,False,-0.01923854353586285,0.00280189347925619,0.1954774821212344,-0.1977353593443446,False,True,False,all
2026-09-11,TFC,50.400001525878906,49,3,False,-0.021803653556792035,0.012349081693670216,0.2359000253689536,-0.10320283199863056,False,True,False,all
2026-09-11,RES,6.449999809265137,49,5,False,0.07029068687499973,0.020965376672799962,0.5430622186960101,-0.20955883212293047,True,False,False,all
2026-09-11,DIVO,47.7400016784668,49,6,False,0.004739608881502377,0.034132470678367,0.09848142393365333,-0.026409670092283233,False,False,False,all
2026-09-11,SIVR,61.150001525878906,49,3,False,0.030283451482733037,-0.11235107100316222,0.563938718983632,-0.4694603471063341,False,False,False,all
2026-09-11,UAL,109.81999969482422,49,3,False,-0.08012664633938871,0.011060254115645485,0.2974952798529358,-0.2086186040665986,False,True,False,all
2026-09-11,CGCV,32.7400016784668,49,5,False,-0.013706846604078171,0.03308349070965866,0.11874260588734309,-0.03620840441673878,False,True,False,all
2026-09-11,ACLS,113.43000030517578,48,4,False,-0.12901322870265408,-0.03416195232039332,0.5411685143588629,-0.4146454689868929,False,True,False,all
2026-09-11,AKAM,106.79000091552734,48,3,False,-0.0747206931030111,-0.029026454576457916,0.5079073902245717,-0.354548184434633,False,True,False,all
2026-09-11,APEI,44.939998626708984,48,3,False,-0.08642570383674786,-0.06984640825069122,0.4880793871322686,-0.27033611762670706,True,True,False,all
2026-09-11,ATHM,21.68000030517578,48,2,False,-0.005504573157074311,0.05958453702835542,0.39242136994920096,-0.27540106116666885,False,True,False,all
2026-09-11,AYI,318.9599914550781,48,2,False,-0.058983487187926675,0.0006879915985216201,0.2408962840480715,-0.16100697006785758,False,True,False,all
2026-09-11,BLOK,63.900001525878906,48,4,False,0.037993172954081444,0.06788821793086819,0.36247333575500185,-0.1579918034022938,False,False,False,all
2026-09-11,DXYZ,32.11000061035156,48,5,False,0.12190350739291689,0.019776242449016213,0.6290396169394541,-0.5593522794006252,True,True,False,all
2026-09-11,EWW,75.37999725341797,48,3,False,-0.00842147858517972,-0.0014558630200787182,0.1745091445152107,-0.07679123276530087,False,True,False,all
2026-09-11,EXPO,67.20999908447266,48,3,False,0.016319160563644797,0.0038325032221531163,0.2947408838766026,-0.17986575244266312,False,True,False,all
2026-09-11,FLGT,20.450000762939453,48,2,False,0.04007734891444903,-0.003284980018782524,0.5193165456896083,-0.34117267526530215,False,False,False,all
2026-09-11,GATX,178.52999877929688,48,3,False,-7.28160358464125e-05,-0.0002329672444658648,0.18687675144617155,-0.13149444979727698,False,True,False,all
2026-09-11,GFL,42.849998474121094,48,3,False,0.048415472149716754,0.04726113644630425,0.2856284464465977,-0.1124689403990673,False,False,False,all
2026-09-11,HESM,39.970001220703125,48,6,False,0.0023724184597817555,0.05747038340636057,0.26367379959596526,-0.03547291155213539,False,False,False,all
2026-09-11,IGV,101.5199966430664,48,4,False,0.027124886995590014,0.08437379985144378,0.3731908051400221,-0.13958811355958556,True,True,False,all
2026-09-11,INN,5.590000152587891,48,6,False,-0.12087563602710127,0.04270621703193167,0.4045226446730521,-0.22036260905072824,False,True,False,all
2026-09-11,IYJ,158.47000122070312,48,4,False,-0.034795356529865984,0.009108857572950324,0.14089278750295242,-0.07462773009808399,False,False,False,all
2026-09-11,JSMD,91.5509033203125,48,5,False,-0.037183738460392246,0.02772995622531793,0.21575085362614055,-0.09979443394767096,False,True,False,all
2026-09-11,LSTR,172.77999877929688,48,5,False,-0.0876583200025759,-0.0005868264981639948,0.44803888049952456,-0.24371884048968917,True,True,False,all
2026-09-11,LYV,170.14999389648438,48,6,False,-0.05786584363791869,0.05526181646168049,0.35750757035124914,-0.10092473502518162,False,True,False,all
2026-09-11,NBIX,156.22000122070312,48,5,False,-0.052251732338389645,0.056500320565981976,0.27902408712426285,-0.16064901504891138,True,True,False,all
2026-09-11,NOBL,56.22999954223633,48,5,False,-0.02354400824753322,0.022644856227267862,0.1220193087691146,-0.05177065319261542,False,True,False,all
2026-09-11,PSLV,20.950000762939453,48,3,False,0.03134911122259809,-0.10953937210496312,0.5007163829292025,-0.4505638558594719,False,True,False,all
2026-09-11,VVX,72.22000122070312,48,5,False,-0.08776502591321989,0.017321384450703192,0.4191672327481817,-0.23153863969962363,False,True,False,all
2026-09-11,WWD,337.260009765625,48,3,False,-0.09269098116542196,-0.06647598245120279,0.44554461143880086,-0.25206245071738165,False,True,False,all
2026-09-11,XPO,182.17999267578125,48,4,False,-0.0938176191093254,-0.04119830326711249,0.4996706259588948,-0.21491062150450935,False,False,False,all
2026-09-11,DLX,23.6200008392334,48,3,False,-0.04598802852269912,-0.06184026059378034,0.3299549850693051,-0.2634860909261114,True,False,False,all
2026-09-11,USMV,99.61000061035156,48,6,False,0.0033198982962154844,0.03791771330661797,0.09437490973517315,-0.025437809386655963,False,True,False,all
2026-09-11,DG,124.58000183105469,48,4,False,0.00900639680129478,-0.015750890765274694,0.30985176145078985,-0.2126650749231347,False,False,False,all
2026-09-11,SDY,153.0,48,5,False,-0.019615383268354325,0.02254579879370544,0.13082037360687426,-0.04548002739709078,False,True,False,all
2026-09-11,SYY,83.20999908447266,48,6,False,0.0028660071590898006,0.04640538127693028,0.22026684418984543,-0.09406640754689588,False,True,False,all
2026-09-11,GPIX,55.65999984741211,48,5,False,-0.0007109551005755055,0.03552813977486391,0.1485761638251133,-0.01894775273419691,False,False,False,all
2026-09-11,SPYD,48.4900016784668,48,5,False,-0.020692847936199854,0.03473150712543083,0.15810850048865843,-0.047347736250789696,False,True,False,all
2026-09-11,XLI,172.3699951171875,48,4,False,-0.04409043387644318,0.006810562170816992,0.17146932059396236,-0.08406401572338773,False,False,False,all
2026-09-11,SFLR,38.88999938964844,48,6,False,0.0034052184079105263,0.03760911316117688,0.1212339008178751,-0.030658015328579813,False,True,False,all
2026-09-11,MMM,164.97000122070312,48,3,False,-0.039967863820399296,0.025570576196242145,0.18393860740932833,-0.107787957456283,False,True,False,all
2026-09-11,PPLT,16.260000228881836,48,3,False,0.044852864715152485,-0.07763807063417705,0.3196980844080326,-0.3784878900278885,False,False,False,all
2026-09-11,GLBE,37.18000030517578,48,4,False,-0.04380297125509569,0.044237568313625575,0.3849879402559706,-0.15480793620029631,False,True,False,all
2026-09-11,RNW,6.829999923706055,48,4,False,0.05580459074460009,0.1627115036094473,0.5575825694877301,-0.17111649108951044,True,False,False,all
2026-09-11,SPG,204.8300018310547,48,4,False,-0.07343992891765605,0.012527706798250327,0.18955804011185462,-0.141173996515494,False,True,False,all
2026-09-11,AMCR,42.31999969482422,47,4,False,-0.06637311817626013,-0.010576917637008632,0.16744826744342678,-0.16921867224717801,False,True,False,all
2026-09-11,AOR,69.36000061035156,47,6,False,0.0008773640774810687,0.02947420150466762,0.10165186815349392,-0.016030604166023976,True,False,False,all
2026-09-11,BMA,77.81999969482422,47,1,False,-0.0842249537000892,-0.07768069653053122,1.0318538184074586,-0.2668864948075197,True,False,False,all
2026-09-11,DRUG,63.18000030517578,47,2,False,-0.1489075056273953,-0.18996365063992338,0.4860637707208544,-0.48945454298847857,False,True,False,all
2026-09-11,EQX,12.399999618530273,47,3,False,0.12864758876496896,-0.06611389394257206,0.46140248912940485,-0.345991549720839,False,True,False,all
2026-09-11,ETR,105.33000183105469,47,4,False,-0.03939981927448033,-0.004094043052102703,0.20542464112900372,-0.11076399708917173,True,False,False,all
2026-09-11,FLQM,59.54999923706055,47,5,False,-0.012906320950020755,0.03157448296108689,0.10543902761828128,-0.041587531476287354,False,False,False,all
2026-09-11,FLS,74.45999908447266,47,4,False,-0.012791560247415346,-0.0225146019066349,0.5286388931222206,-0.19424308912777055,False,True,False,all
2026-09-11,FR,61.380001068115234,47,4,False,-0.042030165825622134,0.0036603192340562973,0.22173564923313127,-0.12163704234958284,True,True,False,all
2026-09-11,FRME,41.11000061035156,47,5,False,-0.03759262646531769,0.019367000631409725,0.18609350234665523,-0.09309510368940876,False,True,False,all
2026-09-11,FRT,114.36000061035156,47,4,False,-0.048916426524429624,0.025233242323173588,0.27024327625171063,-0.1080259369646972,True,True,False,all
2026-09-11,FWONK,95.58999633789062,47,3,False,-0.04206058424810577,0.037101089734261405,0.1926387338498856,-0.12593841386195626,False,True,False,all
2026-09-11,GDXU,149.3000030517578,47,3,False,0.25183837583596813,-0.28852551738159293,1.3165245945885156,-0.7239173139476351,False,False,False,all
2026-09-11,HELO,69.23999786376953,47,6,False,0.005437813351762744,0.030522652964729557,0.09487659750245903,-0.014096617483164708,True,True,False,all
2026-09-11,NOW,132.52999877929688,47,3,False,0.10873703604689577,0.12332635775274392,0.6313392696235047,-0.3194026468387924,False,True,False,all
2026-09-11,RCKT,3.3499999046325684,47,3,False,-0.06094077105215168,-0.0667809105031184,0.3241106492156829,-0.3853210969039881,False,True,False,all
2026-09-11,SAIL,17.239999771118164,47,3,False,0.0005397200977201866,0.07773068884654455,0.6737863545503644,-0.2816666762034098,False,False,False,all
2026-09-11,SAP,206.36000061035156,47,3,False,0.08444663566027,0.053530383809292426,0.42346691641526557,-0.2665884629084032,True,True,False,all
2026-09-11,SKY,83.16000366210938,47,4,False,-0.036290856573316765,0.00028872783598643537,0.30569956751789706,-0.16143989918766988,False,True,False,all
2026-09-11,SNA,375.44000244140625,47,4,False,-0.06327017179677885,-0.005264322240826513,0.1703242416695474,-0.11247692262298237,False,True,False,all
2026-09-11,SYF,75.98999786376953,47,3,False,-0.010284012337878234,0.010702860272439718,0.20466067942247856,-0.14396754829994785,False,True,False,all
2026-09-11,TCBI,99.08999633789062,47,5,False,-0.011504054958455523,0.005772830257352535,0.3140165962845529,-0.09024974289668475,False,True,False,all
2026-09-11,TFX,130.99000549316406,47,6,False,-0.03410670826571327,0.05916627161121957,0.3075464673001851,-0.09662065177128232,False,False,False,all
2026-09-11,VAW,228.4499969482422,47,3,False,-0.012448906972873375,0.004973384157445082,0.2005360502836817,-0.06853950067313253,False,True,False,all
2026-09-11,VYX,8.550000190734863,47,3,False,0.029847532941253307,0.029029486733441967,0.42026581691433296,-0.3666666525381582,False,False,False,all
2026-09-11,CHPY,67.13999938964844,47,4,False,-0.04639622563460222,0.014930692446851968,0.32035400991836327,-0.25283775947455156,False,True,False,all
2026-09-11,WATT,11.329999923706055,47,3,False,-0.23307588806814739,-0.26105282479923475,2.12983433201303,-0.693618170255367,False,True,False,all
2026-09-11,ENSG,173.97999572753906,47,2,False,-0.006971423777041963,-0.04501438322982987,0.22884583611707265,-0.20192662510303183,False,True,False,all
2026-09-11,NJR,53.15999984741211,47,4,False,-0.05417668252344554,-0.005887820001061583,0.22319376362815113,-0.12651989296283006,True,True,False,all
2026-09-11,SCHL,35.0099983215332,47,4,False,-0.1642676446622594,-0.07230513179852871,0.5429703612824208,-0.2716871532390962,False,False,False,all
2026-09-11,CBT,79.68000030517578,47,5,False,-0.07295370254816302,0.022141266260658155,0.3660208778315934,-0.15709297224039964,False,True,False,all
2026-09-11,CGBL,37.630001068115234,47,5,False,-0.005107959777967741,0.02775880279815124,0.11744623372409957,-0.02714579185047339,False,True,False,all
2026-09-11,WFG,69.04000091552734,47,6,False,0.010296135655583516,0.044585534966206986,0.20404605392055286,-0.10326012688439556,False,True,False,all
2026-09-11,PAVE,54.08000183105469,47,4,False,-0.04341762544010386,0.0011454827625854147,0.19014092133504668,-0.10508023236890873,False,False,False,all
2026-09-11,RDWR,27.899999618530273,47,5,False,-0.029808200844062993,0.04951331503280976,0.28690033329333287,-0.14913086796168595,True,True,False,all
2026-09-11,CTRE,38.619998931884766,47,4,False,-0.048046328823658,-0.010653054085331792,0.1777980437199893,-0.11462632100949377,True,True,False,all
2026-09-11,RNST,40.77000045776367,47,5,False,-0.04002372966633294,0.031004752291682758,0.23395881743464386,-0.08464302605008234,False,True,False,all
2026-09-11,EWA,29.270000457763672,47,5,False,-0.004340474240227543,0.02887314074716274,0.17361667325520247,-0.03969813328887861,False,False,False,all
2026-09-11,PWRD,107.80819702148438,47,4,False,-0.02167298503158077,0.01290968185947472,0.19019866242178773,-0.12514652207531163,False,True,False,all
2026-09-11,ACGL,96.08999633789062,46,4,False,-0.03835956938094598,-0.0009742131232191031,0.16543359483943854,-0.10271734406725319,False,False,False,all
2026-09-11,AQST,4.78000020980835,46,3,False,0.0946231182022701,0.07418149055664247,0.6313993518432401,-0.3668874054236152,False,True,False,all
2026-09-11,ARKX,31.84000015258789,46,3,False,-0.014836237558324972,-0.009159974983793173,0.264998015736043,-0.1596727193063352,False,True,False,all
2026-09-11,BKH,71.30000305175781,46,4,False,-0.02888022636936327,-0.019247065171221545,0.22719457701046708,-0.09391281179780298,False,False,False,all
2026-09-11,BRK.A,766000.0,46,4,False,0.013831413441932616,0.03689884402022736,0.09742120343839544,-0.04974922559524031,True,False,False,all
2026-09-11,DRI,209.88999938964844,46,6,False,9.338619923027203e-05,0.03881101463925818,0.2419526591103458,-0.08648152677683107,False,True,False,all
2026-09-11,EVRG,81.62000274658203,46,4,False,-0.025535188018848576,0.01068578910677176,0.14634840231684998,-0.07898893910009475,False,False,False,all
2026-09-11,FIDU,91.58000183105469,46,4,False,-0.044042100618518765,-0.0012791867795742817,0.17005245635419808,-0.08419998168945309,False,False,False,all
2026-09-11,FPX,180.5,46,5,False,-0.022572351112618794,0.02382593053687665,0.23613200053879146,-0.12455133178786715,False,True,False,all
2026-09-11,FVD,49.119998931884766,46,5,False,-0.018424542649607578,0.019662528668106027,0.10060492395948639,-0.0445438810022214,False,False,False,all
2026-09-11,GOOD,12.710000038146973,46,5,False,-0.010817957756436125,0.048870260356480344,0.23039691500666093,-0.042921664629935186,True,True,False,all
2026-09-11,GTN,4.849999904632568,46,5,False,0.08292767785086896,0.04528112503979842,0.3661971745853314,-0.2468944314379624,True,True,False,all
2026-09-11,HIG,136.36000061035156,46,4,False,-0.021369676851171637,0.0005668422753115632,0.13321697444834468,-0.06647502038056818,False,True,False,all
2026-09-11,ITW,268.1600036621094,46,4,False,-0.042476526714968155,0.0029639081030432557,0.12285401322368705,-0.1154505857540814,False,True,False,all
2026-09-11,L,108.79000091552734,46,4,False,-0.04036651921990064,-0.0009495441045745956,0.13666285608790374,-0.10098339810742352,False,False,False,all
2026-09-11,OMC,79.01000213623047,46,5,False,-0.04969808255482411,0.010905549775364953,0.19116538451894338,-0.1178965903156518,False,True,False,all
2026-09-11,PCRX,25.360000610351562,46,6,False,-0.0037946726637799744,0.06265074170566831,0.3489362574206518,-0.08315253975953063,False,True,False,all
2026-09-11,RILY,6.599999904632568,46,3,False,-0.07248658873540903,-0.09628038588743426,0.8131867347312391,-0.41281138442799137,False,True,False,all
2026-09-11,SPRX,45.49290084838867,46,6,False,-0.01541808215542917,0.032182490604455216,0.38909620911110454,-0.2302385444509063,False,True,False,all
2026-09-11,SUZ,9.359999656677246,46,3,False,0.10745636629673183,0.026828039854734476,0.23891460878240034,-0.1885565859996805,False,False,False,all
2026-09-11,VIS,331.1499938964844,46,4,False,-0.04442978120321328,-0.0007047935110334747,0.17416585231993875,-0.08575135499111675,False,False,False,all
2026-09-11,VKTX,31.979999542236328,46,1,False,-0.08510943450900155,-0.04371677661126472,0.3929178122887784,-0.2588644632363095,False,True,False,all
2026-09-11,COR,321.57000732421875,46,4,False,0.02043084969142117,0.0013809414215240068,0.31349562006326903,-0.1482491920165423,False,True,False,all
2026-09-11,CPA,129.14999389648438,46,4,False,-0.06306861934378294,-0.01557402127114682,0.20206618542211907,-0.19517671269374914,False,True,False,all
2026-09-11,CNA,47.66999816894531,46,4,False,-0.06374106256190892,0.001561027786299185,0.14784492102391522,-0.14431881255887924,False,True,False,all
2026-09-11,PEN,317.7300109863281,46,4,False,-0.011277867386320195,-0.023110731010597463,0.43600297782937747,-0.12328575984187884,False,True,False,all
2026-09-11,GPIQ,56.33000183105469,46,5,False,-0.004875779626307808,0.032600359541139934,0.18055122395298895,-0.058499078938408666,True,True,False,all
2026-09-11,IWY,286.6600036621094,46,6,False,0.00609214498297983,0.03454088392609189,0.2006701724067408,-0.054301899314542434,True,True,False,all
2026-09-11,DHR,200.13999938964844,46,1,False,-0.011063402073298922,-0.01113278772156967,0.24364635865523154,-0.17570017761908974,False,True,False,all
2026-09-11,CNX,35.90999984741211,46,3,False,0.023362637103761408,-0.030203849445521902,0.24514561918924982,-0.17675376600793324,False,True,False,all
2026-09-11,ACWV,125.97000122070312,46,6,False,0.008752618894732445,0.034436897012875445,0.07703490258856038,-0.019307090591355602,False,True,False,all
2026-09-11,EVTC,29.270000457763672,46,4,False,-0.02531450038683669,0.03179458704193494,0.3420449873678597,-0.15818233901610212,False,False,False,all
2026-09-11,DCI,89.25,46,2,False,-0.03422051484092603,-0.024457961998387567,0.12377237544307063,-0.20905704629103505,False,True,False,all
2026-09-11,KRP,14.899999618530273,46,6,False,-0.00219652792475189,0.05136887176231353,0.31741813136336217,-0.05696206084429989,False,False,False,all
2026-09-11,VOYG,33.779998779296875,46,6,False,0.01882623132729755,0.08368217200872552,0.9402641628579949,-0.35534355351852664,False,True,False,all
2026-09-11,USRT,64.4800033569336,46,4,False,-0.03958146352518166,0.02515270203969977,0.14245224886344787,-0.08003985267615532,False,False,False,all
2026-09-11,CIFR,16.850000381469727,46,2,False,-0.10598220280536763,-0.08568884021037249,0.7106598709547993,-0.44094224543160254,True,True,False,all
2026-09-11,QYLD,18.3700008392334,46,6,False,0.015910639694376005,0.031115953776315486,0.10496245649524205,-0.009169367200600798,True,False,False,all
2026-09-11,PJT,163.2100067138672,46,3,False,-0.04569281062926156,0.010796069935229413,0.2777734473065574,-0.16567830085009916,False,True,False,all
2026-09-11,ALLE,153.35000610351562,45,2,False,-0.002709267461550202,0.01601208210856675,0.226800048828125,-0.16252522750061937,True,False,False,all
2026-09-11,BCO,111.9800033569336,45,1,False,-0.003408567104364879,-0.005998334556016505,0.22987369141852776,-0.17885159957140673,False,True,False,all
2026-09-11,BNTX,96.7300033569336,45,1,False,-0.0013101458693028922,-0.009282118926416505,0.21642363481371918,-0.21991932776666456,False,True,False,all
2026-09-11,BRK.B,510.3699951171875,45,4,False,0.012943168087243384,0.036268369285052504,0.09991160616336558,-0.05089819543690299,True,True,False,all
2026-09-11,DRD,26.809999465942383,45,3,False,0.10906110040978123,-0.06365964218533449,0.37699026252935597,-0.31902463313938156,False,True,False,all
2026-09-11,EXTR,22.200000762939453,45,4,False,-0.16408106240887455,0.05427626656052542,0.646884385521016,-0.34183216530611393,True,True,False,all
2026-09-11,FHN,24.469999313354492,45,4,False,-0.033157928028543115,0.004752737979223154,0.2358585987999886,-0.07868976636343217,False,True,False,all
2026-09-11,FWONA,87.02999877929688,45,3,False,-0.05049826908733668,0.029081016806772997,0.1808684176800719,-0.12550239434357646,False,False,False,all
2026-09-11,GTY,32.27000045776367,45,4,False,-0.044536944488200114,0.005707957820892506,0.27097287252871016,-0.12381214082498548,True,False,False,all
2026-09-11,MDT,90.95999908447266,45,3,False,0.03733303101511787,0.015789623384163898,0.2407584519665542,-0.14455000923448758,True,False,False,all
2026-09-11,MLI,60.47999954223633,45,4,False,-0.038825240909683756,-0.024517316987091475,0.2530819497991683,-0.14960633849043337,False,True,False,all
2026-09-11,RDN,35.619998931884766,45,4,False,-0.04954027200689137,0.004571585922025001,0.1307936168852306,-0.13227772000233062,True,True,False,all
2026-09-11,RGNX,8.529999732971191,45,1,False,-0.2025354555692609,-0.16988626181546862,0.5637029976667758,-0.47313159656620707,False,True,False,all
2026-09-11,SVRA,5.300000190734863,45,3,False,-0.05301334732189711,-0.05354181822534798,0.5868264451896017,-0.24339755829427756,False,True,False,all
2026-09-11,TREX,44.95000076293945,45,5,False,-0.022919534001219488,0.08539880564987379,0.5099093070795373,-0.2802241759200308,False,True,False,all
2026-09-11,WWW,19.93000030517578,45,4,False,0.03632601648191036,0.11993662903537139,0.4795842546461886,-0.36649711108820726,False,True,False,all
2026-09-11,CEF,44.150001525878906,45,3,False,0.02882100081170824,-0.05433247460197299,0.3100890363905131,-0.28071031675473057,False,True,False,all
2026-09-11,DEA,23.889999389648438,45,5,False,-0.03608724172804623,0.021876866350435398,0.16196498104108392,-0.07973804960811182,False,True,False,all
2026-09-11,RUM,7.170000076293945,45,6,False,0.003007632776435454,0.07513580931172692,0.5519481069048293,-0.3232657012188398,False,False,False,all
2026-09-11,QQA,56.15999984741211,45,6,False,0.004445237763100129,0.03374926062685146,0.16514520660740373,-0.04049203795170897,True,True,False,all
2026-09-11,FTCS,97.11000061035156,45,5,False,-0.018999742470902414,0.016924132285326854,0.08188500778961494,-0.05654327870949749,False,True,False,all
2026-09-11,EWD,51.900001525878906,45,5,False,-0.001853947972049852,0.01421962213967487,0.14468463500692308,-0.05516109161593019,False,True,False,all
2026-09-11,RWR,110.04000091552734,45,4,False,-0.03908119926736853,0.02321434786746246,0.13842330588140572,-0.08031759705638641,False,True,False,all
2026-09-11,IWF,122.2699966430664,45,6,False,0.0033414352477887377,0.031781556075352935,0.19602849093297658,-0.05319810112321188,True,True,False,all
2026-09-11,VONG,125.9000015258789,45,6,False,0.003484709292386645,0.03203828304035894,0.196426850798759,-0.05295622676575662,True,True,False,all
2026-09-11,UNHG,18.190000534057617,45,5,False,-0.16199750958019943,0.027291299964151694,0.989065021709777,-0.34070313760576665,False,True,False,all
2026-09-11,CINF,169.8000030517578,45,5,False,-0.035336872852281154,0.014198803111924452,0.13200002034505198,-0.12838147333436312,False,True,False,all
2026-09-11,DAPP,19.920000076293945,45,5,False,0.07141705145633326,0.0740947476596765,0.45614032397040827,-0.27537285405063894,False,False,False,all
2026-09-11,GDOT,13.260000228881836,45,4,False,-0.004848157693835176,0.055442590288915294,0.31287126020407885,-0.13951976896945495,False,True,False,all
2026-09-11,DGP,156.77999877929688,45,3,False,0.06319779976037498,-0.08996190272213078,0.3391987630305622,-0.37970326892464146,False,False,False,all
2026-09-11,MAR,334.69000244140625,45,5,False,-0.06658953782176358,-0.03170612816799101,0.3035129681873634,-0.1856294868498113,False,True,False,all
2026-09-11,JETS,28.170000076293945,45,4,False,-0.0811533678565799,-0.009894027377435277,0.19719503842946673,-0.17293015441907345,False,False,False,all
2026-09-11,TRNO,65.2699966430664,45,4,False,-0.05797900324257421,0.0037522958877656,0.16720312554147276,-0.17316956391642502,False,True,False,all
2026-09-11,CMI,556.75,45,4,False,-0.10455572756247955,-0.07484692299455054,0.3893741223397551,-0.24535080157452438,False,False,False,all
2026-09-11,TNDM,17.110000610351562,45,2,False,-0.1168986362575899,-0.13428343289338174,0.49301924549715515,-0.42293420470540666,False,True,False,all
2026-09-11,CPK,129.82000732421875,45,5,False,-0.021966890943706074,0.0082038459880307,0.09202565884553171,-0.07817932516995896,False,True,False,all
2026-09-11,ECL,276.17999267578125,45,5,False,-0.007912159097236304,0.011193104101717699,0.13584207118408842,-0.10699388079464711,False,True,False,all
2026-09-11,CNNE,15.40999984741211,45,4,False,0.024791837267316374,0.08147939092033374,0.4732313375920454,-0.22484906951988637,False,False,False,all
2026-09-11,MELI,1897.3699951171875,45,2,False,0.012560021534947508,0.02104637498453843,0.2691438094429348,-0.25549539136072685,False,True,False,all
2026-09-11,PLAB,28.989999771118164,45,3,False,-0.036665859535475964,-0.1882019099236827,0.44588533038609124,-0.48232143265860417,False,False,False,all
2026-09-11,AFL,115.27999877929688,44,4,False,-0.04865493966718426,0.005443671213875012,0.09342690359109795,-0.1147289379615748,False,False,False,all
2026-09-11,AJG,240.32000732421875,44,3,False,-0.056933968371042365,0.027888213145999652,0.25986897679800136,-0.23355121454223238,False,True,False,all
2026-09-11,ARKF,45.09000015258789,44,3,False,0.047939332411232716,0.0538801832117477,0.2587237429399558,-0.2383446018329234,False,True,False,all
2026-09-11,ARKQ,121.36000061035156,44,3,False,-0.007175393598280344,-0.019707617950835976,0.24625183850158616,-0.15964989819267839,False,True,False,all
2026-09-11,BALT,34.77000045776367,44,6,False,0.005975106154289422,0.02437223904948138,0.06427922884962167,-0.0022954955483520667,True,True,False,all
2026-09-11,BLBD,61.84000015258789,44,4,False,-0.11090279310088402,-0.001189154695648953,0.34026876832733044,-0.25842426423780074,True,False,False,all
2026-09-11,BOH,75.80000305175781,44,4,False,-0.05061544016552688,-0.005523375927340979,0.2769542161786862,-0.12177030244614429,False,True,False,all
2026-09-11,EFG,121.7699966430664,44,5,False,-0.011663321680970395,0.019178303646989914,0.13623214261052152,-0.04449157006997684,False,False,False,all
2026-09-11,ICE,157.39999389648438,44,4,False,0.045434522912841446,0.01350585748805222,0.2923884778164658,-0.1086698161807973,False,True,False,all
2026-09-11,IYK,73.66000366210938,44,5,False,-0.012849262340302925,0.02450200471319053,0.12958142457095634,-0.05961953350923899,False,True,False,all
2026-09-11,KOID,35.88999938964844,44,4,False,-0.04286698589452986,5.571001393378516e-05,0.29379955608419817,-0.17151432034897962,False,True,False,all
2026-09-11,LBRT,20.959999084472656,44,3,False,-0.0053812349713388,-0.15656981874985365,0.9634659213087824,-0.39207614435660376,True,True,False,all
2026-09-11,LTM,51.290000915527344,44,1,False,-0.032406533994265296,-0.04040529447807917,0.23858973930261151,-0.271655747668766,False,False,False,all
2026-09-11,MCO,474.95001220703125,44,3,False,-0.03212498888009441,0.003980646351128492,0.1806453555937375,-0.13152792574889383,False,True,False,all
2026-09-11,MO,68.9800033569336,44,5,False,-0.007173401448719252,0.03595043884662763,0.2610603728486449,-0.10485328909485636,False,True,False,all
2026-09-11,NBHC,41.7599983215332,44,4,False,-0.029947170556334557,0.009936074041956067,0.19110087523688168,-0.11675128173185967,False,True,False,all
2026-09-11,OHI,46.9900016784668,44,4,False,-0.025233132204879882,0.01250388704937011,0.19689260538490316,-0.10307306306723507,True,False,False,all
2026-09-11,RSG,222.74000549316406,44,6,False,0.021135145538817124,0.03549937453928553,0.1340563176015772,-0.04575440304841083,False,False,False,all
2026-09-11,SAMT,41.709999084472656,44,4,False,-0.041105353169319625,-0.005656288562911449,0.16965785930870103,-0.1284998213006444,False,False,False,all
2026-09-11,SPHD,51.310001373291016,44,5,False,-0.022916027459305766,0.016319370038547998,0.1015457139609397,-0.05051812538833467,False,True,False,all
2026-09-11,VLTO,94.0999984741211,44,2,False,-0.015371105330149293,0.007948962288599537,0.1758090704665114,-0.14345532540207795,False,False,False,all
2026-09-11,WLFC,56.16999816894531,44,3,False,-0.0943679221758097,-0.06577594357808558,1.4479686971290517,-0.3111356476558278,True,True,False,all
2026-09-11,XYLD,41.619998931884766,44,6,False,0.007631042092706375,0.024757138627641506,0.0889585976606384,-0.004306227475147639,True,True,False,all
2026-09-11,CRC,56.75,44,5,False,0.07277071455664941,0.016673442002260952,0.3122904706134222,-0.21158658858921187,False,False,False,all
2026-09-11,RIVN,16.030000686645508,44,1,False,-0.02568585919040034,-0.017528761641286583,0.29378533030343545,-0.29352136142154206,False,True,False,all
2026-09-11,TROW,106.29000091552734,44,3,False,-0.0676822805074716,0.023744841634423475,0.24724242423157272,-0.1287704842989562,False,True,False,all
2026-09-11,T,26.059999465942383,44,6,False,0.09203058416003462,0.03640747342548445,0.3102061470904349,-0.125209846759044,False,True,False,all
2026-09-11,IFRA,58.380001068115234,44,4,False,-0.038888923960000876,-0.007814419331296008,0.15238849672237986,-0.09136185107991857,False,True,False,all
2026-09-11,TM,198.1999969482422,44,2,False,0.059772890168724,-0.01979791838357947,0.19325701183130262,-0.20369625629371424,False,True,False,all
2026-09-11,RYLD,15.970000267028809,44,5,False,-0.011628969307169723,0.0199194198282302,0.09308697072624494,-0.03035817044146838,False,True,False,all
2026-09-11,VOT,294.989990234375,44,5,False,-0.019653487975683337,0.029218195562690896,0.18837366680761813,-0.06396955117419811,False,False,False,all
2026-09-11,CBOE,281.0400085449219,44,3,False,-0.024277763978504674,-0.017144340791590773,0.23724418268307756,-0.24284709819905337,False,True,False,all
2026-09-11,TYRA,22.030000686645508,44,3,False,-0.2249970734577995,-0.27552017196613066,0.8824233578902634,-0.4580565840170854,False,False,False,all
2026-09-11,CENTA,34.72999954223633,44,5,False,-0.07996589366419271,0.019006972052836746,0.3373123011357648,-0.14877450510613133,False,False,False,all
2026-09-11,SCHH,23.200000762939453,44,4,False,-0.03427488819453517,0.01860717737145534,0.12457594312753972,-0.07311226022788053,False,False,False,all
2026-09-11,PLOW,40.2400016784668,44,3,False,-0.06967707403749757,-0.04111249728690225,0.4109397276504154,-0.26836360584605823,True,True,False,all
2026-09-11,EWG,42.869998931884766,44,3,False,-0.0010206749501896484,0.013184133327272196,0.12875196020501334,-0.044147148486054166,False,True,False,all
2026-09-11,WTM,2053.14990234375,44,3,False,-0.04010214569952275,-0.034913938888115226,0.2458433873445085,-0.11995289226585937,False,False,False,all
2026-09-11,TFIN,66.04000091552734,44,5,False,-0.12206300950117843,-0.017878640425118775,0.4223562455623231,-0.20929114499659407,False,True,False,all
2026-09-11,AAAU,42.849998474121094,43,4,False,0.01914126589537868,-0.04072823010000992,0.19994398131343094,-0.21677939698079018,False,False,False,all
2026-09-11,ARQT,23.885000228881836,43,2,False,-0.08709394698248651,-0.06414165129457483,0.4414605110911691,-0.24819012009031838,False,False,False,all
2026-09-11,BAR,42.779998779296875,43,4,False,0.01900326620199566,-0.040869565797479135,0.19865509737739284,-0.2168421276101259,False,False,False,all
2026-09-11,BCC,75.44000244140625,43,2,False,-0.04354988425693351,-0.02334821205931681,0.16061542217548075,-0.17973250581599265,False,True,False,all
2026-09-11,BDC,122.26000213623047,43,5,False,0.04575635263586797,0.02075961124636927,0.2475510422064333,-0.23582725208760424,False,True,False,all
2026-09-11,BIP,36.880001068115234,43,4,False,-0.04989589391150884,-0.009345111711075771,0.20878403118474353,-0.16257946636162945,False,True,False,all
2026-09-11,ED,106.45999908447266,43,3,False,-0.026845398546938903,-0.008790634811789655,0.12110362374551054,-0.08405750658423361,True,True,False,all
2026-09-11,ENR,20.579999923706055,43,2,False,-0.03241276669377979,0.028917683830348873,0.3066666618226066,-0.3205678672278851,False,True,False,all
2026-09-11,FOXA,65.94000244140625,43,5,False,0.06735302459658321,0.039499932233329815,0.36408775823878736,-0.13679797135406524,False,True,False,all
2026-09-11,GLTR,196.73800659179688,43,2,False,0.022974508058909215,-0.07057838274077999,0.2922884885249881,-0.3340847381328622,False,True,False,all
2026-09-11,IAUM,43.33000183105469,43,4,False,0.019471877863716625,-0.04008786581034973,0.20127535895910276,-0.21603036960047273,False,False,False,all
2026-09-11,ICF,66.29000091552734,43,4,False,-0.031468136430060745,0.01642004695615551,0.1252758629643662,-0.06646952652737492,False,False,False,all
2026-09-11,INSM,129.41000366210938,43,2,False,0.10169364288328397,-0.07135314723095898,0.431684971080214,-0.3917273623402615,True,True,False,all
2026-09-11,IRON,70.05999755859375,43,1,False,-0.09874914082650332,-0.0499305524744571,0.7514999389648438,-0.2958794215216709,False,False,False,all
2026-09-11,KMI,30.860000610351562,43,3,False,-0.03209212864211142,-0.009812022793692976,0.20546875587897362,-0.11347315734294128,False,False,False,all
2026-09-11,NDAQ,91.19000244140625,43,3,False,-0.02864116024321761,0.0074156172392614295,0.19124753502295588,-0.10413595027784439,False,True,False,all
2026-09-11,OTTR,88.05999755859375,43,4,False,-0.03363514015358138,0.0035150081989372417,0.18759266010075737,-0.07392995109934208,False,True,False,all
2026-09-11,OUNZ,41.779998779296875,43,4,False,0.019312756100750672,-0.04082686937322988,0.19885224127977685,-0.21686972869243037,False,False,False,all
2026-09-11,QGEN,42.5,43,2,False,0.008609961741276928,-0.004047085854522514,0.3064863693462032,-0.2649602174971232,False,True,False,all
2026-09-11,QGRO,116.33000183105469,43,3,False,-0.005272476543767168,0.023018142703268518,0.1512122545060237,-0.03867449155076563,False,False,False,all
2026-09-11,ROCK,46.15999984741211,43,3,False,0.011765943749737051,0.025458742864973516,0.3754468998368068,-0.38518914861934184,True,True,False,all
2026-09-11,RSPA,53.220001220703125,43,5,False,-0.0151320063839685,0.0154759164398659,0.08545793485060194,-0.03517038854379184,False,False,False,all
2026-09-11,SAH,75.9000015258789,43,4,False,-0.12522732043959617,0.0358889982795354,0.402698219732764,-0.33227762163706254,True,True,False,all
2026-09-11,SGOL,41.38999938964844,43,4,False,0.019342621254261783,-0.04054782346413155,0.20005791172487908,-0.21669191388862397,False,False,False,all
2026-09-11,TCHP,50.189998626708984,43,4,False,0.0025167538427555147,0.021364897145083273,0.18778836488023032,-0.057641753503078985,True,True,False,all
2026-09-11,TDY,603.7899780273438,43,4,False,-0.06051840450646573,-0.019763379222337507,0.2500310375566124,-0.13456219585543228,False,True,False,all
2026-09-11,TT,442.5199890136719,43,4,False,-0.04873811263853356,-0.005865713453595545,0.2713899675850464,-0.12522981539721534,False,True,False,all
2026-09-11,USLM,117.81999969482422,43,3,False,0.04242608189740915,0.002193729085770979,0.22384962920126883,-0.16699662287100847,True,True,False,all
2026-09-11,DFAR,25.549999237060547,43,4,False,-0.03522653657184793,0.019160384867866753,0.12828433299063668,-0.07410763280230548,False,False,False,all
2026-09-11,ECH,39.47999954223633,43,2,False,-0.016932284182415103,-0.03838191973721605,0.25412960979451404,-0.17492161334992617,False,False,False,all
2026-09-11,GD,355.8999938964844,43,4,False,-0.058659376728665835,0.003075016984532608,0.1601525789428604,-0.11025001525878908,False,False,False,all
2026-09-11,GLDM,86.0,43,4,False,0.01926651261163026,-0.04043291891911582,0.20061431380128014,-0.21632949085018394,False,False,False,all
2026-09-11,CLF,12.0600004196167,43,4,False,0.07567166338952913,0.05445853341905105,0.5601552897618498,-0.27784431924217734,True,True,False,all
2026-09-11,META,648.030029296875,43,3,False,0.07842845681993316,0.03979115899609109,0.24558877702095505,-0.1805386452958202,False,False,False,all
2026-09-11,PLD,135.75,43,4,False,-0.0435870604157258,-0.013211694981940192,0.22297297297297303,-0.11477016891434044,False,True,False,all
2026-09-11,VERA,35.04999923706055,43,2,False,-0.0047166102193594295,-0.1140477316928652,0.542693675015151,-0.3746654823523118,False,True,False,all
2026-09-11,ESS,272.9100036621094,43,5,False,-0.05130217641505208,0.02068868037730276,0.14446865712613777,-0.10034614085690463,False,False,False,all
2026-09-11,PB,71.3499984741211,43,3,False,-0.022267922919753103,0.008742886089645463,0.16833140380985,-0.07577718530278121,False,True,False,all
2026-09-11,ZGN,11.609999656677246,43,4,False,-0.15514483463395579,-0.033695831278459654,0.3437499068677463,-0.2721003263001197,False,False,False,all
2026-09-11,ALLW,29.59000015258789,42,5,False,-0.0018337334871371125,0.00940204470033068,0.07992702790318829,-0.029677017928826488,False,True,False,all
2026-09-11,ALX,249.17999267578125,42,4,False,-0.07833796976511065,0.008580474799573024,0.23797691865552228,-0.13906644445480099,False,False,False,all
2026-09-11,AVY,169.3800048828125,42,2,False,-0.006933496640920467,-0.021565617056015784,0.11127153206673301,-0.15114758653956673,False,False,False,all
2026-09-11,BBNX,16.56999969482422,42,2,False,-0.038957896315344076,0.0032148701915293287,0.8829544699635403,-0.4934270816690438,False,True,False,all
2026-09-11,BCPC,164.38999938964844,42,4,False,-0.038758400821823136,-0.01590069833496488,0.18121722750967728,-0.10609024009983348,False,True,False,all
2026-09-11,BKGI,43.88999938964844,42,3,False,-0.021031445523346903,-0.001536723109635374,0.15076035899362394,-0.0629803747508414,False,True,False,all
2026-09-11,FLOC,20.709999084472656,42,3,False,-0.016805972538048164,-0.04575848450374742,0.4761225572801071,-0.26716210485706393,False,False,False,all
2026-09-11,HWM,229.61000061035156,42,3,False,-0.15680162687137356,-0.0672129895102167,0.2660454335995741,-0.2593225786762853,False,False,False,all
2026-09-11,IAU,81.70999908447266,42,4,False,0.018988004568392558,-0.04114645635818215,0.19862111308806596,-0.21733718495954046,False,False,False,all
2026-09-11,IBN,29.389999389648438,42,2,False,-0.012963480497399926,0.018795172013843287,0.1718500589734251,-0.11020283149177657,False,True,False,all
2026-09-11,KNSL,360.010009765625,42,1,False,-0.007563785961825276,0.006695765651358654,0.25351669381583397,-0.25771132007087627,False,True,False,all
2026-09-11,MIAX,41.470001220703125,42,0,False,-0.039147694691499035,-0.041054049403550175,0.17047702126734077,-0.2742386828198691,False,False,False,all
2026-09-11,NWN,48.439998626708984,42,3,False,-0.033939777264643256,-0.02948804517719006,0.17430299701112695,-0.1348455585894628,False,True,False,all
2026-09-11,ORI,40.959999084472656,42,2,False,-0.028780924719853385,-0.012036010716377943,0.11759883708464303,-0.12403762714400313,False,True,False,all
2026-09-11,PHYS,32.86000061035156,42,3,False,0.01828325893180227,-0.0431290596358751,0.17989228582615358,-0.21892082603475138,False,False,False,all
2026-09-11,REXR,38.040000915527344,42,3,False,0.0361509088459544,0.0303344931218279,0.18357192401749578,-0.1428571428571429,False,True,False,all
2026-09-11,SPPP,14.470000267028809,42,2,False,0.04250723101225118,-0.07547318767272293,0.19983414291528745,-0.39227212971060454,False,False,False,all
2026-09-11,TPL,369.1000061035156,42,3,False,-0.03973332733778134,-0.06089930280323841,0.3709298026192447,-0.32547515009216066,True,True,False,all
2026-09-11,VRDN,21.239999771118164,42,1,False,-0.007300371948227302,-0.10167485177931657,0.6115325705096701,-0.3805774510347074,False,True,False,all
2026-09-11,VRTL,26.459999084472656,42,3,False,-0.21532393296609553,-0.2627941434762986,1.0695589037260058,-0.6375342591168129,False,False,False,all
2026-09-11,VZLA,3.9700000286102295,42,2,False,0.10949640082029011,-0.02186633340757127,0.37847217738076666,-0.4478442285096491,False,True,False,all
2026-09-11,DNP,10.569999694824219,42,4,False,-0.03020407634697031,0.005957677629428115,0.0908152892206946,-0.05286739790813755,False,False,False,all
2026-09-11,ALGM,36.310001373291016,42,4,False,-0.16086983462145255,-0.08475641074459572,0.6202588853423874,-0.49407826290042234,False,True,False,all
2026-09-11,NTLA,11.739999771118164,42,3,False,-0.06411679148609617,-0.07038435546386634,0.47672956638766983,-0.5844247868630739,False,True,False,all
2026-09-11,EWH,22.520000457763672,42,4,False,0.0017972074748184852,-0.008796249652322063,0.09320388547279057,-0.08678018665409748,False,True,False,all
2026-09-11,REET,26.979999542236328,42,4,False,-0.036793226877005036,0.009360322803867671,0.09474534555088976,-0.07157604824266306,False,False,False,all
2026-09-11,STRA,81.66000366210938,42,3,False,-0.0008613229692964186,0.013646286071794078,0.17159264329306145,-0.08993646932924848,True,True,False,all
2026-09-11,MRTN,13.800000190734863,42,4,False,-0.10996450870097763,-0.032488733507756606,0.4759357890598974,-0.25324672442795537,True,True,False,all
2026-09-11,JEPQ,59.779998779296875,42,6,False,0.0061465981379553725,0.01667702039916752,0.1171743721629035,-0.03143231372386146,True,True,False,all
2026-09-11,KT,19.899999618530273,42,4,False,0.06604094694709661,-0.0005574964972796526,0.16170464643733862,-0.1903987111351526,False,True,False,all
2026-09-11,SPYI,53.57500076293945,42,4,False,0.002173651306519586,0.018569055724549255,0.12151978751409742,-0.01643107100617247,True,False,False,all
2026-09-11,ULTA,546.780029296875,42,3,False,0.06777709981225799,-0.018489474717838572,0.23259698325901734,-0.23524056715395536,False,False,False,all
2026-09-11,IWMI,51.209999084472656,42,5,False,-0.024992277699196652,0.0068731049391961285,0.1220420633065904,-0.049201661638481164,False,False,False,all
2026-09-11,WULF,16.739999771118164,42,3,False,-0.05928632520995103,-0.06874022521659617,0.6673306608288627,-0.4390080534343972,False,True,False,all
2026-09-11,UMH,15.510000228881836,42,2,False,-0.019706969922168804,-0.0008567596455569815,0.11342425621620378,-0.07513417975480852,False,False,False,all
2026-09-11,WGS,85.26499938964844,42,3,False,0.14759591333990407,0.017286040840301276,1.6471593236012163,-0.5009948977222638,False,True,False,all
2026-09-11,GLD,398.7699890136719,42,4,False,0.019306912346792382,-0.04126734197247861,0.19761536340132468,-0.2176378664638947,False,False,False,all
2026-09-11,D,64.36000061035156,42,4,False,-0.05997136876547782,0.002492998695589499,0.1523724685538479,-0.11823534053974383,False,False,False,all
2026-09-11,CBU,62.540000915527344,42,4,False,-0.041661796398415385,-0.0008132008271080071,0.1698466514506911,-0.12051750276003614,False,True,False,all
2026-09-11,ALLY,42.06999969482422,41,2,False,-0.04124449998650426,-0.019370185923979655,0.17121385967095892,-0.11038276844247585,False,True,False,all
2026-09-11,AOM,49.34000015258789,41,5,False,-0.0030591218197510983,0.011069719139785494,0.05879832120570638,-0.016347681366002287,False,True,False,all
2026-09-11,ARCO,8.010000228881836,41,3,False,-0.01705728139853724,-0.021607663585567316,0.2247706843429862,-0.17846151498647833,False,True,False,all
2026-09-11,ATR,124.83999633789062,41,4,False,-0.04759001274946695,-0.013954654304755287,0.20933829582701025,-0.15022807687745632,False,True,False,all
2026-09-11,BHC,5.860000133514404,41,4,False,0.010693370214354792,0.0006403655362292593,0.35334878447268414,-0.26749998331069946,True,True,False,all
2026-09-11,BOXX,118.19000244140625,41,6,False,0.0038347948447547964,0.015396130802676211,0.040496577619671736,0.0,False,False,False,all
2026-09-11,DXC,11.390000343322754,41,2,False,0.08041967220427693,-0.04099147935316072,0.4417721779524866,-0.2735969310177213,False,True,False,all
2026-09-11,EWM,27.760000228881836,41,3,False,-0.00980915894839185,-0.020951144422565182,0.1029002838592461,-0.09399475255014511,False,True,False,all
2026-09-11,FFIN,33.15999984741211,41,5,False,-0.036119361692541485,0.021563426872101,0.1792318228222396,-0.09200439672057203,False,True,False,all
2026-09-11,GHC,1138.5699462890625,41,5,False,-0.025608079378230064,0.011448289241610121,0.2245847684673754,-0.0980552395855363,False,False,False,all
2026-09-11,GSM,4.28000020980835,41,2,False,0.11469949547000158,-0.009396797073029983,0.38961049215169363,-0.254355334412392,False,True,False,all
2026-09-11,IMCR,32.599998474121094,41,2,False,-0.0601395863115356,-0.0022472849010681806,0.18308830023847578,-0.1993123332446064,False,True,False,all
2026-09-11,IMKTA,83.12000274658203,41,3,False,-0.04527804246311995,-0.01191711288659647,0.24748621000908355,-0.130725785828811,False,True,False,all
2026-09-11,ITRI,93.55000305175781,41,1,False,-0.009885241839564629,0.013109811508732916,0.20290609605032395,-0.34119716160733937,True,True,False,all
2026-09-11,IYR,100.75,41,4,False,-0.032797525321793364,0.00795610028918281,0.08977829449150265,-0.06859571317877244,False,False,False,all
2026-09-11,JACK,14.779999732971191,41,2,False,-0.0849090664803972,-0.06886788436332036,0.6569506285376558,-0.3805532541956872,False,True,False,all
2026-09-11,PRN,201.67230224609375,41,3,False,-0.06729074744717489,-0.045128308709790455,0.2927711682441907,-0.23239716129502874,False,True,False,all
2026-09-11,ROP,388.5199890136719,41,2,False,0.0013102361835919396,0.03591145085111935,0.26983919422260616,-0.2546808487220882,False,True,False,all
2026-09-11,SWX,86.11000061035156,41,4,False,-0.04985003914968611,-0.014207606950755958,0.1221006386163297,-0.08849370702156256,False,False,False,all
2026-09-11,TDAQ,26.8799991607666,41,5,False,-0.001715834567581398,0.01858304489352558,0.1840887585488724,-0.08912236691686692,False,False,False,all
2026-09-11,DNN,3.0199999809265137,41,3,False,-0.046777360755558606,-0.10590047135639624,0.37272723430444477,-0.31828440226845334,False,True,False,all
2026-09-11,DEO,86.62999725341797,41,2,False,-0.021552312646348715,0.011049385781617183,0.1957211994819803,-0.17060794844881144,False,True,False,all
2026-09-11,RDW,10.619999885559082,41,3,False,-0.006882629992622569,-0.006673631130545643,1.1806981796961362,-0.6013513465137046,False,True,False,all
2026-09-11,WRB,69.9000015258789,41,2,False,-0.015531760185565346,0.011485227159610423,0.11181808037901608,-0.1147416117482628,True,False,False,all
2026-09-11,KSS,17.229999542236328,41,2,False,-0.053556741324671586,-0.003945512442785182,0.5140596985031587,-0.3168120534756438,False,False,False,all
2026-09-11,DIS,106.55000305175781,41,3,False,0.04610112462229199,0.0247020284325028,0.15576526987813488,-0.09063749494878992,False,True,False,all
2026-09-11,DD,126.98999786376953,41,4,False,-0.07735164118412163,-0.07271103625347686,0.37308217185254766,-0.19616406318440838,False,True,False,all
2026-09-11,XMMO,152.1699981689453,41,4,False,-0.03767347216726047,-0.006065380287420319,0.17678447948305842,-0.1251581233005583,False,True,False,all
2026-09-11,PENN,17.81999969482422,41,6,False,-0.07820277721908864,0.07274432566359756,0.5296137577961855,-0.2030411803041522,False,False,False,all
2026-09-11,UPS,100.27999877929688,41,4,False,-0.06332548810676852,-0.04527699941114227,0.22292681438166917,-0.1807859179867225,True,True,False,all
2026-09-11,KRG,25.889999389648438,41,4,False,-0.05723589441172261,0.0004211650363976638,0.2137833793836268,-0.13469253597490916,True,True,False,all
2026-09-11,TEM,59.0099983215332,41,3,False,0.05608088721287108,0.04872731746796566,0.44738772771576363,-0.43433667087653416,False,True,False,all
2026-09-11,CL,86.80000305175781,41,4,False,-0.05110267464814733,-0.012383852989681254,0.16431924209976478,-0.12614515804206372,False,False,False,all
2026-09-11,SBS,5.289999961853027,41,1,False,-0.0007933247423504985,-0.04904689684629182,0.19521008145339436,-0.2609667550305388,False,False,False,all
2026-09-11,INCM,29.229999542236328,41,5,False,-0.003151190710700691,0.00792319925367635,0.06678831931327656,-0.024040106923605253,False,False,False,all
2026-09-11,SE,106.23999786376953,41,2,False,-0.05076752150413977,0.009793283227814698,0.37884482356741156,-0.46693428882598054,False,True,False,all
2026-09-11,RYZ,25.280000686645508,41,3,False,-0.06938388707426646,-0.03610780226105914,0.3071354957183279,-0.20999997854232788,False,True,False,all
2026-09-11,OCFC,18.780000686645508,41,2,False,-0.026791690238357257,-0.003953914789664115,0.10146636521980379,-0.08879184228587167,False,True,False,all
2026-09-11,OR,36.029998779296875,41,3,False,0.10089888280812964,-0.023425092092645983,0.30827877928583436,-0.25031215668420115,False,True,False,all
2026-09-11,NTST,19.639999389648438,41,4,False,-0.06565179265635945,-0.008679137850750807,0.15393647834419721,-0.12594570583827802,True,True,False,all
2026-09-11,AAT,21.5,40,4,False,-0.08509859640558282,0.02410944006725746,0.213318331440157,-0.1721216569711611,False,False,False,all
2026-09-11,APO,128.97999572753906,40,4,False,0.007827867735561211,0.009042861652027057,0.2955001897386633,-0.15858828771175193,False,True,False,all
2026-09-11,BBDC,8.770000457763672,40,3,False,-0.008142901027530569,0.0018907372747756224,0.10175884619785269,-0.08071273660045097,False,False,False,all
2026-09-11,BRZE,23.940000534057617,40,2,False,-0.1273029266129737,-0.030696608026149153,0.568807350916521,-0.35864117798490325,False,False,False,all
2026-09-11,FDS,259.7099914550781,40,3,False,-0.0582431101597044,0.03993668391039318,0.40383779164907097,-0.29993535025085405,False,False,False,all
2026-09-11,FELE,97.83000183105469,40,4,False,-0.05811513115445055,-0.02218009236820606,0.09258432913517822,-0.1553272138764603,False,True,False,all
2026-09-11,FOX,58.45000076293945,40,5,False,0.05903030426267741,0.026394776858864377,0.3259981473449258,-0.14264762528041586,False,False,False,all
2026-09-11,FSS,113.9800033569336,40,4,False,-0.058456923374773484,-0.012510794703030848,0.12639589491988956,-0.1526279978314845,False,True,False,all
2026-09-11,FXY,59.68000030517578,40,3,False,0.03983719821540799,0.028827164895950386,0.0664760772259434,-0.0565918133314085,False,False,False,all
2026-09-11,GNL,9.050000190734863,40,4,False,0.0039715284407289,-0.010755959534866077,0.20989307054251127,-0.09815641969653488,False,True,False,all
2026-09-11,HLT,306.19000244140625,40,4,False,-0.05150007762524589,-0.023568413944496158,0.20765958250955396,-0.14472066357149094,False,True,False,all
2026-09-11,IT,179.58999633789062,40,3,False,0.07452185835578273,0.01752435683189235,0.4453923246510312,-0.3244687146331583,False,True,False,all
2026-09-11,LAR,5.849999904632568,40,3,False,-0.1164476814284725,-0.21366212965062115,0.9696969186124873,-0.5145228371755064,False,False,False,all
2026-09-11,LLYVK,97.36000061035156,40,4,False,-0.05667871854616524,0.027898760478463958,0.26548389809464945,-0.11289293293529323,False,True,False,all
2026-09-11,LUV,39.2400016784668,40,4,False,-0.11654249891343171,-0.09182009169948724,0.3410800195323971,-0.2879694929436062,False,True,False,all
2026-09-11,NPKI,13.260000228881836,40,3,False,-0.034133108651704935,-0.05504065797145441,0.262857164655413,-0.1963636224920099,True,True,False,all
2026-09-11,OGE,46.54999923706055,40,3,False,-0.020795746913217616,-0.00046489085014655984,0.11630691571668961,-0.07985769723941538,True,False,False,all
2026-09-11,POWI,52.279998779296875,40,3,False,-0.14634586020881835,-0.07866588443091549,0.6941023248638649,-0.4266286619399229,False,False,False,all
2026-09-11,QDVO,29.610000610351562,40,3,False,-0.0010390869960535953,0.01617438903109769,0.1499029363243325,-0.043913423737677926,True,True,False,all
2026-09-11,TSPY,25.280000686645508,40,3,False,-0.007952822616966282,0.003836887495613839,0.11537611583887819,-0.052118462154934875,False,False,False,all
2026-09-11,WAFD,33.880001068115234,40,4,False,-0.08123526070220355,-0.014547605798171492,0.2877233658621705,-0.14206129075478358,False,False,False,all
2026-09-11,DFGR,28.43000030517578,40,4,False,-0.033502739539569615,0.007659533365360183,0.09270507681847096,-0.0655710429551849,False,False,False,all
2026-09-11,CMRE,15.279999732971191,40,5,False,0.012014342130858946,-0.04675755647864266,0.4095940514653329,-0.15393132974415236,False,False,False,all
2026-09-11,NXE,9.850000381469727,40,3,False,-0.008735170322664132,-0.0937069790659012,0.34379269904406184,-0.294412582052027,False,True,False,all
2026-09-11,JGRO,93.91999816894531,40,3,False,-0.004036048622587329,0.012885914228034201,0.15722023079199432,-0.05825734475506106,True,True,False,all
2026-09-11,VNO,35.439998626708984,40,4,False,-0.08367423553422426,0.05984026074764759,0.44240940443212873,-0.18284529629872326,False,True,False,all
2026-09-11,FTHI,23.90999984741211,40,4,False,0.0013820764657273,0.008805417688380945,0.06884215245436187,-0.019680178525959602,False,False,False,all
2026-09-11,TRS,38.34000015258789,40,4,False,-0.03703182259316817,0.011137281781000485,0.2599408402262393,-0.15606427701872883,False,True,False,all
2026-09-11,VNQ,94.80000305175781,40,4,False,-0.03306151220138098,0.006187341587504225,0.09166290936834165,-0.06876227691703518,False,False,False,all
2026-09-11,VOX,190.88999938964844,40,4,False,0.01938589411860736,0.003904593464804762,0.10744331842598198,-0.049210562696430205,False,True,False,all
2026-09-11,FBK,54.7599983215332,40,2,False,-0.066029492754906,-0.02465613697598612,0.11210390850738672,-0.12600751115763198,False,False,False,all
2026-09-11,OCSL,12.670000076293945,40,3,False,0.014752766856990673,0.03018600071502764,0.19190968390317087,-0.11460519184014684,True,True,False,all
2026-09-11,CNXT,47.54499816894531,40,3,False,-0.06075679916487631,-0.03780298053345821,0.21350173043935605,-0.24037389274587684,False,True,False,all
2026-09-11,STRF,103.91999816894531,40,3,False,0.057913840874956435,0.042831486479692815,0.2596363414417613,-0.11217432328478116,False,True,False,all
2026-09-11,CHT,44.849998474121094,40,5,False,0.04557149958482554,0.045392370453873454,0.14180244062940184,-0.03506887014131865,False,False,False,all
2026-09-11,ZBH,93.48999786376953,40,5,False,-0.019321976931784945,0.02242463942789108,0.1816227833461277,-0.12528068613156917,False,True,False,all
2026-09-11,QCLN,49.4900016784668,40,3,False,-0.039066406591347747,-0.050911132045775465,0.3120360571808134,-0.2848265338005346,False,True,False,all
2026-09-11,RLI,60.47999954223633,40,3,False,-0.03355087678597446,0.021338676235486576,0.27972919361445814,-0.10173774101486699,False,True,False,all
2026-09-11,SONY,23.899999618530273,40,3,False,0.047979003558918265,0.05332047628018066,0.2370600412034698,-0.21226105806424356,True,True,False,all
2026-09-11,AEP,123.33000183105469,39,3,False,-0.03834756023345065,-0.028441679834805944,0.1667928608498006,-0.12270593096684257,True,True,False,all
2026-09-11,ALV,121.12999725341797,39,3,False,-0.001916594107666758,0.01587890402508574,0.22156104053981274,-0.08352879676532599,False,True,False,all
2026-09-11,AN,203.6699981689453,39,3,False,-0.00332567882475876,0.009777235805096485,0.15315368474452806,-0.13629616946865175,False,False,False,all
2026-09-11,BANC,18.549999237060547,39,2,False,-0.054988981523245384,-0.03624351754924893,0.21004561835484026,-0.1541268135467152,True,True,False,all
2026-09-11,DTM,128.86000061035156,39,3,False,-0.0571173466943129,-0.038895777717680824,0.23600790374704972,-0.15711671575935027,False,True,False,all
2026-09-11,EUAD,42.880001068115234,39,2,False,-0.03726552186476617,-0.009484714976580655,0.13981930583661883,-0.11478112543810148,False,True,False,all
2026-09-11,EWL,60.29999923706055,39,4,False,-0.04458902548956156,-0.01877189894372977,0.12290499777191854,-0.07981076819260768,False,False,False,all
2026-09-11,FCOM,72.08000183105469,39,4,False,0.01944991047518707,0.0027761641158592365,0.10450504859910126,-0.050829608720777464,False,False,False,all
2026-09-11,FREL,28.770000457763672,39,4,False,-0.033743395577853885,0.00579285291561682,0.09101249685815493,-0.06953426950922481,False,True,False,all
2026-09-11,FTS,54.369998931884766,39,4,False,-0.038825323624052444,-0.017790706630980035,0.11665640717557979,-0.08468017617478862,False,True,False,all
2026-09-11,HPP,12.229999542236328,39,4,False,-0.1424765401232766,0.11493489296592863,1.325094868833526,-0.4195538813775783,False,True,False,all
2026-09-11,ICL,5.659999847412109,39,4,False,0.05549751041100093,0.039743527278725654,0.18907554101981439,-0.1879483475197523,False,False,False,all
2026-09-11,IDA,135.5399932861328,39,4,False,-0.052938772660412914,-0.02875858482204041,0.09200765619436191,-0.12504041003205024,False,True,False,all
2026-09-11,IVT,31.860000610351562,39,4,False,-0.06769591462640279,0.0018316793396817577,0.1883625977249408,-0.14400860920364866,True,True,False,all
2026-09-11,KHC,24.600000381469727,39,3,False,-0.03413506424439272,0.02406768701853923,0.16947946564859184,-0.12424349420292313,False,False,False,all
2026-09-11,LAND,9.550000190734863,39,2,False,0.09713369465711885,-0.008618763028571341,0.20580809327512717,-0.26538460071270287,False,False,False,all
2026-09-11,LLYVA,93.9800033569336,39,4,False,-0.055525762912502885,0.02194166190450675,0.2635117884817473,-0.11385598900095328,False,True,False,all
2026-09-11,MHO,139.88999938964844,39,5,False,-0.06280650321641279,0.014454283105572951,0.19789348220517855,-0.14524015483670782,False,True,False,all
2026-09-11,MTX,68.80999755859375,39,3,False,-0.05556534876994301,-0.02820552149286004,0.27567666500684185,-0.1841356349729868,False,True,False,all
2026-09-11,OCUL,10.489999771118164,39,3,False,0.06409955235767106,0.05649315325975923,0.6837880800967022,-0.36192217576959596,False,True,False,all
2026-09-11,PGR,217.6199951171875,39,4,False,0.002711108909853266,0.03422364706889969,0.15021140923548715,-0.1285091135072146,False,True,False,all
2026-09-11,POET,7.949999809265137,39,3,False,-0.009913344514365763,-0.03130885090337021,1.054263577353216,-0.6179721281456015,False,True,False,all
2026-09-11,SANA,3.130000114440918,39,0,False,-0.128619125979211,-0.15334466419741333,0.19923380852319972,-0.5221374010235327,False,False,False,all
2026-09-11,SDIV,24.739999771118164,39,3,False,-0.0018961632477558776,-0.012217529052540366,0.08034935297985757,-0.06429654798038542,False,False,False,all
2026-09-11,SHOP,128.7899932861328,39,1,False,-0.04697707445823274,-0.016801230749472262,0.3701063115546044,-0.29310065557766984,False,True,False,all
2026-09-11,SPLV,73.79000091552734,39,4,False,-0.027220419646669436,-0.004087427072167693,0.05974441801238428,-0.063816275041513,False,True,False,all
2026-09-11,CAAP,24.59000015258789,39,3,False,-0.00675358367050205,-0.05028946430445003,0.41647461336638236,-0.193770486800397,False,False,False,all
2026-09-11,ALG,169.0800018310547,39,2,False,0.024110340459462698,-0.015423447236825871,0.15998907932948003,-0.23103511880869865,False,False,False,all
2026-09-11,EW,84.37000274658203,39,4,False,-0.05445959825463864,-0.007079980274619868,0.1669432805719746,-0.12379268933024945,False,True,False,all
2026-09-11,DEC,14.8100004196167,39,5,False,0.05204088979674015,0.023115107009615388,0.2011354834757555,-0.21640207838436065,False,True,False,all
2026-09-11,MAS,68.5199966430664,39,4,False,-0.08822359571267535,-0.017985028169018147,0.17812924385891793,-0.18077478308127937,False,True,False,all
2026-09-11,XLP,83.37999725341797,39,4,False,-0.018989603822920365,-0.0008460448562002121,0.10936659381048641,-0.07499447727982544,False,True,False,all
2026-09-11,TYG,44.150001525878906,39,4,False,0.01611050157214433,-0.020213743530157258,0.09417603954049669,-0.1373583184325604,False,True,False,all
2026-09-11,XLRE,43.41999816894531,39,4,False,-0.02985946249432403,0.006859213419840415,0.0930144704028455,-0.06533211801706373,False,False,False,all
2026-09-11,UUP,28.06999969482422,39,4,False,-0.00496984324015004,0.012571457186793866,0.06325757956154532,-0.01853149229287776,False,True,False,all
2026-09-11,CME,275.5400085449219,39,4,False,0.04901523098947913,-0.011697370547942842,0.26215020670763267,-0.16289948511554186,False,True,False,all
2026-09-11,CCJ,96.68000030517578,39,3,False,0.015761749799651392,-0.0853055632355999,0.24700118441111862,-0.28512277153033216,False,True,False,all
2026-09-11,UTHR,497.1099853515625,39,3,False,-0.04816924273912593,-0.05126259460910998,0.2585062920292722,-0.18419626607262518,False,False,False,all
2026-09-11,WOR,56.93000030517578,39,6,False,0.002080559005658511,0.03186212334819838,0.26483009171630956,-0.13335365825331125,False,False,False,all
2026-09-11,AIN,60.279998779296875,38,5,False,-0.09538661243561486,0.004029088259110525,0.4648844846673279,-0.21714287299614443,False,False,False,all
2026-09-11,ALGT,78.2699966430664,38,4,False,-0.15377932625848212,-0.12296972752262547,0.37051297157365903,-0.3669012506517507,False,True,False,all
2026-09-11,AMBA,67.86000061035156,38,1,False,-0.07423070231233098,-0.013330071147677258,0.4049689789287334,-0.2981694187930707,False,False,False,all
2026-09-11,AOK,40.849998474121094,38,4,False,-0.007753403806921688,0.00011625439395834825,0.038911464678832886,-0.018736549939499025,False,False,False,all
2026-09-11,ARKB,25.6200008392334,38,3,False,0.1259014802058358,0.03557728755443579,0.3316008910609489,-0.38985473171886587,False,True,False,all
2026-09-11,BITB,41.939998626708984,38,3,False,0.12617204434919982,0.03584453191811132,0.3318513474609579,-0.3898748919104331,False,True,False,all
2026-09-11,BKU,44.779998779296875,38,4,False,-0.046808176163188775,-0.03973171849521706,0.2757834964668946,-0.1406640135329147,False,True,False,all
2026-09-11,BORR,4.269999980926514,38,3,False,-0.004383515252023629,-0.11569487106895793,0.749999951143735,-0.3583771831241639,False,False,False,all
2026-09-11,BTC,34.150001525878906,38,3,False,0.12543589275746192,0.035330114914990274,0.3313840948834945,-0.38974263608673676,False,False,False,all
2026-09-11,BTCO,76.86000061035156,38,3,False,0.12606971265199274,0.03547436805053006,0.3306787195957688,-0.38980627842965543,False,True,False,all
2026-09-11,DUOL,143.67999267578125,38,3,False,0.04731880709790226,0.09862963762682964,0.6347706641661859,-0.5929745249977868,False,False,False,all
2026-09-11,EWQ,44.93000030517578,38,4,False,-0.02515967891130455,-0.01121923187555729,0.0805675403222108,-0.0715023585061838,False,False,False,all
2026-09-11,EZBC,44.65999984741211,38,3,False,0.12654597151935065,0.036084553198814984,0.3331343238033466,-0.3895571676885772,False,False,False,all
2026-09-11,FBTC,67.25,38,3,False,0.1262298513711535,0.03583208591632703,0.3322107886259449,-0.3900226757369615,False,True,False,all
2026-09-11,HODL,21.860000610351562,38,3,False,0.12661831697016845,0.036810106142799226,0.33292689748919635,-0.38870241508964587,False,False,False,all
2026-09-11,KNG,49.83000183105469,38,4,False,-0.02773384358997233,-0.007783081917337009,0.045092313593075195,-0.06334584367585949,False,False,False,all
2026-09-11,LKFN,60.58000183105469,38,5,False,-0.011067915211469215,0.011891171366032571,0.1144223905604349,-0.09338518246435834,False,True,False,all
2026-09-11,MCHP,74.19999694824219,38,3,False,-0.055612022223872515,-0.04666832655415132,0.5292662046207681,-0.2994052083600469,False,True,False,all
2026-09-11,MTN,140.08999633789062,38,2,False,-0.03885474916381948,0.01609472766826414,0.1820942858211525,-0.14234113212482424,False,False,False,all
2026-09-11,NAVI,9.420000076293945,38,1,False,0.05648020307996382,-0.0137209960361665,0.2851296281502804,-0.3022222165708188,False,False,False,all
2026-09-11,NEE,82.30999755859375,38,3,False,-0.044584537610941166,-0.06235015855163972,0.18653588438338775,-0.16648103738132913,False,False,False,all
2026-09-11,NNN,43.869998931884766,38,4,False,-0.061403533156278556,-0.005789199451736504,0.12776342444869782,-0.12260002136230463,False,False,False,all
2026-09-11,PHO,68.48999786376953,38,1,False,-0.027890168754042932,-0.020310459463486863,0.07790363356813468,-0.08594691599062232,False,False,False,all
2026-09-11,PNW,96.0999984741211,38,4,False,-0.058629475278887955,-0.026034095643193145,0.12634785299877138,-0.13548043083702888,False,True,False,all
2026-09-11,SKYW,96.13999938964844,38,2,False,-0.05846636578544273,-0.00896100167675229,0.2343047906407536,-0.18331635752021613,False,True,False,all
2026-09-11,TR,38.88999938964844,38,3,False,-0.016259932850605785,-0.011133118920575003,0.1630865000220758,-0.1369285795738968,False,True,False,all
2026-09-11,UHS,174.8300018310547,38,1,False,0.05730992240830601,-0.054647456618733714,0.24807252674018865,-0.29026102979140256,True,True,False,all
2026-09-11,FSTA,52.47999954223633,38,4,False,-0.020504462397533008,-0.0072338840920375125,0.09607348311410902,-0.0781661819617957,False,False,False,all
2026-09-11,HUBB,460.3999938964844,38,3,False,-0.04247908876782358,-0.05341280228664902,0.1401118952653544,-0.18585306228177634,False,True,False,all
2026-09-11,PPTA,23.6299991607666,38,3,False,0.07254056216439286,-0.1122298829175219,0.4377852101385302,-0.3676746096825533,True,True,False,all
2026-09-11,STRC,98.63999938964844,38,4,False,0.06795085669388223,0.021387627384234165,0.38442104406524114,-0.017705987879642504,True,False,False,all
2026-09-11,IBIT,43.77000045776367,38,3,False,0.12595696145443358,0.03566932053874505,0.33282582991445153,-0.39055972370161396,False,False,False,all
2026-09-11,QQQI,54.560001373291016,38,3,False,-3.6631217398053195e-05,0.008582961652356502,0.13975355317900884,-0.056708139188172524,True,True,False,all
2026-09-11,SKT,36.369998931884766,38,4,False,-0.07520891936620211,0.0002584905213958155,0.1683263704588267,-0.14483893779020585,False,True,False,all
2026-09-11,WGMI,47.060001373291016,38,2,False,-0.047925377532890945,-0.033938874217415815,0.48033973004087804,-0.38835456355580944,False,False,False,all
2026-09-11,DORM,126.66000366210938,38,2,False,-0.05820030716222224,0.02196922218304387,0.28654146864725605,-0.23435888732495702,True,True,False,all
2026-09-11,PECO,38.40999984741211,38,4,False,-0.06338547722786747,-0.009503333997605723,0.16464525107775607,-0.13442253864986797,True,True,False,all
2026-09-11,LECO,253.05999755859375,38,4,False,-0.0553867582048051,-0.035853931014216744,0.17038200041580231,-0.18367742723034275,False,True,False,all
2026-09-11,CHD,94.1500015258789,38,4,False,-0.049406610934271344,-0.010556499232105665,0.1576294037402699,-0.11212749233301256,False,False,False,all
2026-09-11,AEE,104.9000015258789,37,3,False,-0.041881368746830905,-0.02738525355888899,0.08625869169906553,-0.11342121537828531,False,True,False,all
2026-09-11,ASHR,33.63999938964844,37,3,False,-0.025994726727601503,-0.01680551003838382,0.07441711796387995,-0.0988481719906199,False,True,False,all
2026-09-11,AXP,324.69000244140625,37,1,False,-0.04490973540326637,-0.0355813628885413,0.11588823960971228,-0.16206867112872747,False,True,False,all
2026-09-11,ES,68.5199966430664,37,3,False,-0.05527449141142804,-0.024390988413247494,0.08952134374395704,-0.10513259871805847,False,True,False,all
2026-09-11,FLTR,25.549999237060547,37,5,False,-0.0003756252074721411,0.001106867552651769,0.008287256638047413,-0.002342888397541154,False,False,False,all
2026-09-11,GGOV,50.099998474121094,37,4,False,-0.0003448195489447192,0.00863222966201005,0.04266387657878257,-0.02377243234524351,False,True,False,all
2026-09-11,HCA,426.94000244140625,37,2,False,0.05422594989145546,-0.0527680085138017,0.2060793079452088,-0.23283981266116427,False,True,False,all
2026-09-11,HR,18.899999618530273,37,4,False,-0.05975764131952599,0.00788441087769165,0.15879829781700372,-0.14246829249380455,True,True,False,all
2026-09-11,ICLN,17.920000076293945,37,3,False,-0.012400108094791973,-0.045572321874969735,0.23076920053864258,-0.24642558625502697,False,False,False,all
2026-09-11,JAAA,50.619998931884766,37,3,False,0.0006127615283424426,0.00047135980548107526,0.0059618290715410804,-0.003935473517128418,False,False,False,all
2026-09-11,KIM,23.190000534057617,37,4,False,-0.06282580818088201,0.0035941812239781434,0.173583009384908,-0.12983111196995478,False,False,False,all
2026-09-11,MGM,39.88999938964844,37,5,False,-0.09969487329439564,0.0030034627999044883,0.36656384583160695,-0.22678815135364072,False,True,False,all
2026-09-11,MINT,100.58000183105469,37,5,False,-0.00042931001201329533,0.00022973865179820585,0.002991653923112514,-0.002380458882126457,False,False,False,all
2026-09-11,MOS,25.190000534057617,37,2,False,0.09287011660548794,0.026113153515857634,0.2722222982164748,-0.3190051529864726,False,False,False,all
2026-09-11,SGVT,100.5999984741211,37,4,False,-0.00027766773026738356,-4.732958379172203e-05,0.0023414598251727536,-0.0018851318551479368,False,False,False,all
2026-09-11,USFR,50.459999084472656,37,6,False,0.0007496498745658275,0.0013682804596562015,0.004578927818681855,-0.0009898879176805098,False,False,False,all
2026-09-11,VBIL,75.58999633789062,37,5,False,-0.00010586973269111066,0.0005317205483688081,0.003717949653085917,-0.0018487655200948305,False,False,False,all
2026-09-11,VDC,225.2100067138672,37,4,False,-0.020740903501550778,-0.007508766679039436,0.0961791679685593,-0.07825479873080954,False,True,False,all
2026-09-11,WMK,72.16000366210938,37,4,False,-0.030482775286318375,0.013378587630296312,0.20286717191426518,-0.13828510266382854,True,True,False,all
2026-09-11,CUBE,39.540000915527344,37,4,False,-0.032158552151576925,0.009283696660901564,0.12681677810170267,-0.08599162159824181,False,False,False,all
2026-09-11,CLOA,51.869998931884766,37,6,False,8.828784799863598e-05,0.0006157443056622469,0.006598101312676352,-0.0034582191703015353,False,False,False,all
2026-09-11,CLOI,52.880001068115234,37,3,False,0.0002871643730941731,0.001226842395172456,0.009892700073085514,-0.005079970837483572,False,True,False,all
2026-09-11,BZ,16.440000534057617,37,3,False,0.035042910961256446,0.015172037452612308,0.30787596922750105,-0.34916863083554484,False,False,False,all
2026-09-11,CAIE,26.65999984741211,37,1,False,-0.011266225400980878,-0.003907035023767658,0.09128119174701266,-0.04375894369004518,False,False,False,all
2026-09-11,OZK,49.09000015258789,37,5,False,-0.02820559281704771,0.012656664173063659,0.15860281779818775,-0.08088372415589018,False,True,False,all
2026-09-11,TEL,211.9600067138672,37,2,False,0.02831308410955513,-0.018083838293622256,0.11399591083388438,-0.16075384557012984,False,True,False,all
2026-09-11,SON,47.84000015258789,37,4,False,-0.14512503212281913,-0.06915203667438108,0.23777485805674892,-0.21147187083523955,False,False,False,all
2026-09-11,H,163.07000732421875,37,4,False,-0.09012485373996915,-0.03796287188172809,0.2153079164212235,-0.21168903198747013,False,False,False,all
2026-09-11,CRSP,51.720001220703125,37,0,False,-0.03463695014721557,-0.0293002104248411,0.17225753564844193,-0.34097860590708373,False,True,False,all
2026-09-11,KSA,38.220001220703125,37,3,False,0.011681221092487926,0.002050933948979816,0.06729963013097273,-0.07903611516378017,False,False,False,all
2026-09-11,UTF,25.93000030517578,37,4,False,-0.050155306745232164,-0.012666265522099152,0.10717336552968226,-0.07755248160233019,False,False,False,all
2026-09-11,STOK,29.030000686645508,37,3,False,-0.06142294076438115,-0.09226712839782236,0.42864178753112103,-0.2782197959829399,False,True,False,all
2026-09-11,JEPI,56.650001525878906,37,2,False,-0.01004802529557125,-0.011669771871751,0.028130727671177747,-0.054257093776464815,False,False,False,all
2026-09-11,WEN,7.630000114440918,37,1,False,-0.036980934305223756,-0.005850224192353148,0.2570016307516123,-0.24604741099565763,False,True,False,all
2026-09-11,MRSH,176.91000366210938,37,2,False,-0.04722458924612716,-0.005627503125995803,0.12969346594513187,-0.14877543134547155,False,True,False,all
2026-09-11,PAAA,51.41999816894531,37,6,False,0.0005817851082974279,0.0010762830872050877,0.005082062593992687,-0.00232834195673981,False,False,False,all
2026-09-11,TXNM,57.66999816894531,37,3,False,0.0023010717780000967,-0.013086434614188791,0.03648452195480334,-0.031244761439478297,False,False,False,all
2026-09-11,TFLO,50.56999969482422,37,5,False,-0.00012654262106770453,0.0003105510663090616,0.003572143428379526,-0.001973524328690024,False,False,False,all
2026-09-11,TRP,60.880001068115234,37,4,False,-0.06820128134055714,-0.02826923722130481,0.23564035929539195,-0.14817405864994204,True,True,False,all
2026-09-11,HLF,12.020000457763672,37,2,False,-0.025062824001353623,-0.1487703936797803,0.5899471625319019,-0.41078428026805724,False,False,False,all
2026-09-11,ARCC,19.739999771118164,36,3,False,0.018082031742222338,0.023248566284155947,0.13448277033844813,-0.12266667683919275,True,False,False,all
2026-09-11,BIL,91.5,36,3,False,-0.0002993628396849024,-0.0001731931087957106,0.002629825313955836,-0.0029421014813429958,False,False,False,all
2026-09-11,BILS,99.19000244140625,36,1,False,-0.0008219662029187447,-0.001018797341815314,0.0011102201081820695,-0.0033158582475006915,False,False,False,all
2026-09-11,BILZ,100.7300033569336,36,1,False,-0.0006220344655065713,-0.001039537169427951,0.000993800121685151,-0.004644205587762684,False,False,False,all
2026-09-11,BSCQ,19.55500030517578,36,3,False,0.0009418357605823768,0.0002862134464474142,0.0028205284705529188,-0.0033129730518480782,False,False,False,all
2026-09-11,DRN,9.779999732971191,36,4,False,-0.10275231964609632,-0.02565867708811309,0.21490677034113226,-0.1990172233893429,False,False,False,all
2026-09-11,EBND,20.989999771118164,36,1,False,-0.0006094474218233392,-0.007067379769495119,0.030942983392951984,-0.043299942562205485,False,False,False,all
2026-09-11,EMLC,25.440000534057617,36,2,False,-0.003743769624193649,-0.009191440719959143,0.025806504705075506,-0.044686393699260196,False,False,False,all
2026-09-11,FLOT,50.939998626708984,36,4,False,-0.0005925278592752159,2.0586984083692528e-05,0.005328606029616045,-0.0029360251601273646,False,False,False,all
2026-09-11,FLRN,30.770000457763672,36,3,False,-0.0006820070628356101,-0.00025179338210257196,0.004570724806822524,-0.003239403263722407,False,True,False,all
2026-09-11,FTV,54.689998626708984,36,4,False,-0.09125352129827835,-0.05941315616083098,0.155992328032025,-0.152881030129019,False,True,False,all
2026-09-11,FXE,107.01000213623047,36,3,False,0.0060943111425662,-0.0031105462155884833,0.023040188310381682,-0.04061322164348535,False,False,False,all
2026-09-11,GSBD,9.619999885559082,36,4,False,0.027163224037405564,0.02770090686534732,0.1514063928942071,-0.15982532351007128,True,True,False,all
2026-09-11,GSST,50.40999984741211,36,1,False,-0.0014064694633086905,-0.0022141910816757537,0.0007941416790864242,-0.008262875634719724,False,False,False,all
2026-09-11,HBAN,16.860000610351562,36,2,False,-0.03244686183063472,-0.008975612828163837,0.13230357431873618,-0.1336073276691807,False,True,False,all
2026-09-11,IBDR,24.190000534057617,36,1,False,-0.0005040648430001404,-0.0011464498851053717,0.0024865882875193535,-0.005345360295965329,False,False,False,all
2026-09-11,IBTG,22.844999313354492,36,1,False,-0.0005993654098818135,-0.0014293713663982022,0.0010955135348202916,-0.0045752264093394945,False,True,False,all
2026-09-11,KVUE,17.780000686645508,36,4,False,-0.06817320712007624,-0.011486287831504294,0.26818830999393506,-0.11674111138073195,False,False,False,all
2026-09-11,PHIN,66.23999786376953,36,5,False,-0.1100912987859125,-0.07403333164649595,0.30406536571679355,-0.23805142090072406,False,True,False,all
2026-09-11,PMMF,100.27999877929688,36,1,False,-0.0001457741347781205,-0.00042105302030881475,0.0017982048743219181,-0.002883572799118439,False,False,False,all
2026-09-11,SGOV,100.5199966430664,36,4,False,-0.0002824840606399093,-4.131633838933002e-05,0.002493268259396997,-0.002084847680616453,False,False,False,all
2026-09-11,TCMD,22.399999618530273,36,2,False,-0.14971798206844977,-0.16630767733469298,0.695685053281228,-0.40693673955394605,True,True,False,all
2026-09-11,VRIG,25.06999969482422,36,1,False,-0.0004824245086251233,-0.0008170526468908035,0.00279998779296875,-0.004368570652040549,False,False,False,all
2026-09-11,XHLF,50.18000030517578,36,1,False,-0.0009436984800762493,-0.00169142994514615,0.0007977845236193382,-0.004759973670870776,False,True,False,all
2026-09-11,CLIP,100.18000030517578,36,1,False,-0.0002754261398694169,-0.00041482601296627397,0.0012993228331108497,-0.002687871092773908,False,True,False,all
2026-09-11,BXP,64.69999694824219,36,3,False,-0.054500009214891065,0.01922261644120815,0.30128711503935923,-0.18441957071889803,False,True,False,all
2026-09-11,BEP,30.389999389648438,36,3,False,-0.0671390051836297,-0.04676918410451325,0.22540323889342395,-0.20278068622322842,False,False,False,all
2026-09-11,TUSI,25.28499984741211,36,1,False,-0.00147695989905261,-0.002666792467997947,0.002179956645806058,-0.010371796382054432,False,False,False,all
2026-09-11,SHV,110.1500015258789,36,1,False,-0.0005716068396761642,-0.0007416044119893384,0.0011816477620361088,-0.0031674070056207926,False,False,False,all
2026-09-11,VGUS,75.51499938964844,36,3,False,-0.0006307457611955947,-0.0005253236585234244,0.0020567778402535986,-0.006381586978310039,False,False,False,all
2026-09-11,CSHI,49.630001068115234,36,3,False,-0.0025936797524431787,-0.0023869747078388848,0.0016145677555299276,-0.006008396459582066,False,False,False,all
2026-09-11,TBLL,105.72000122070312,36,3,False,0.000565029939504802,0.0006759802702629436,0.002465409998934298,-0.0016997195711256907,False,True,False,all
2026-09-11,PULS,49.56999969482422,36,1,False,-0.0008828260274520439,-0.0015680483138340584,0.0014141352489740466,-0.005417344641594157,False,False,False,all
2026-09-11,TBUX,49.7599983215332,36,1,False,-0.0015983568155933936,-0.00191486911297023,0.0030235377814193942,-0.007578800812544251,False,False,False,all
2026-09-11,TBIL,49.91999816894531,36,1,False,-4.41039651818409e-05,-0.0001322299412953587,0.0016050966314706816,-0.0019992460596396366,False,False,False,all
2026-09-11,SBIL,100.16000366210938,36,1,False,-0.00012814155728557708,-0.00011441487227215053,0.0015499866301542653,-0.005461179896367185,False,False,False,all
2026-09-11,GBTC,59.77000045776367,36,3,False,0.12499341967379007,0.030412431428378683,0.3288128293918611,-0.39699355527081315,False,False,False,all
2026-09-11,STEP,48.91999816894531,36,1,False,0.045245502613717736,-0.07971207646117628,0.259202061527289,-0.37116782157758954,True,True,False,all
2026-09-11,GBIL,99.95999908447266,36,1,False,-0.000599892226755161,-0.0009023062982780328,0.0011016586082379654,-0.0029922506020912953,False,False,False,all
2026-09-11,AMH,31.479999542236328,35,4,False,-0.06390875801132001,-0.006960440904162146,0.15650258399499006,-0.10236670042280382,False,False,False,all
2026-09-11,BEKE,16.93000030517578,35,4,False,0.0035209375882188088,0.00799011212152445,0.22592322887457805,-0.19304095926728715,False,False,False,all
2026-09-11,BSCR,19.610000610351562,35,1,False,-0.0006217162179130709,-0.003026222292594416,0.002043991627548314,-0.00959589060757915,False,False,False,all
2026-09-11,DUSB,50.66999816894531,35,2,False,-0.0020345658232145958,-0.0018785793068648582,0.00237386614630819,-0.004714234515539761,False,False,False,all
2026-09-11,EMN,68.11000061035156,35,3,False,-0.036630926841241696,-0.03822256033777305,0.2138656187750274,-0.18401821475643887,False,True,False,all
2026-09-11,FE,46.130001068115234,35,3,False,-0.03148866500833403,-0.02940196064872813,0.07353967320553867,-0.11864728823783943,True,False,False,all
2026-09-11,FLDR,49.93000030517578,35,1,False,-0.003204586618287375,-0.005054030360403194,0.01858461574857717,-0.013630949057060637,False,False,False,all
2026-09-11,FLG,13.180000305175781,35,4,False,-0.06500948644934501,-0.03422702855384219,0.2469253250432537,-0.1463730140303161,False,True,False,all
2026-09-11,FTSM,59.689998626708984,35,1,False,-0.0019362915923258894,-0.0034578689635331727,0.0003351844876389176,-0.02002957188900667,False,False,False,all
2026-09-11,GSY,50.099998474121094,35,1,False,-0.001271866382567488,-0.002078535815786431,0.0009989857706835803,-0.005755128379440255,False,False,False,all
2026-09-11,HEI,316.0,35,2,False,-0.09465030046327427,-0.021129963278642694,0.23384490286947002,-0.1614922987771914,False,False,False,all
2026-09-11,IBDS,24.1200008392334,35,1,False,-0.0017696294808821067,-0.004226019512492685,0.00041477514013599226,-0.01066441060226142,False,False,False,all
2026-09-11,IBTH,22.309999465942383,35,1,False,-0.001369724697737551,-0.004347912270399101,0.0008971982769685471,-0.010643005731181043,False,False,False,all
2026-09-11,ICSH,50.380001068115234,35,1,False,-0.0020442216955594006,-0.0035334991857995934,0.0,-0.007681689701241612,False,False,False,all
2026-09-11,IGF,64.05000305175781,35,3,False,-0.03145608193567917,-0.02545305108167395,0.06696658927548338,-0.07974131528791484,False,False,False,all
2026-09-11,IIPR,56.25,35,5,False,-0.05271773192286733,0.02893173087892409,0.2617765296011254,-0.13964511527936274,True,False,False,all
2026-09-11,ITA,219.00999450683594,35,4,False,-0.0808820673667775,-0.047090530528442476,0.1190536354486662,-0.14649263718846295,False,False,False,all
2026-09-11,JBBB,47.349998474121094,35,1,False,-0.0017204066192093581,-0.0021222355181197416,0.020034475266264673,-0.020074528700939287,False,False,False,all
2026-09-11,JPST,50.36000061035156,35,1,False,-0.00211227675714587,-0.003950759120606162,0.00019865216551306908,-0.00846623936650337,False,False,False,all
2026-09-11,LW,47.849998474121094,35,1,False,-0.057651659241261366,0.019677508554232004,0.2719298201140008,-0.28656629354638763,False,True,False,all
2026-09-11,POR,48.2400016784668,35,3,False,-0.04507012026874324,-0.046690207785222704,0.1540670468648344,-0.11680698239072296,False,True,False,all
2026-09-11,PSA,296.5,35,4,False,-0.06871823041418668,-0.006116824389056363,0.15576514432087452,-0.11637606679652823,False,True,False,all
2026-09-11,RBC,494.8299865722656,35,3,False,-0.09880953607130749,-0.09226901291402079,0.3575582622010032,-0.2588926226798043,False,False,False,all
2026-09-11,SRLN,40.529998779296875,35,2,False,0.0019133235137800408,-0.00132444945235477,0.0289413406273884,-0.026423306764237875,False,False,False,all
2026-09-11,STCE,68.0739974975586,35,3,False,0.05072733686637587,0.03457456210402854,0.40794208161132817,-0.37911348160782876,False,True,False,all
2026-09-11,TPG,47.689998626708984,35,0,False,-0.0003919914134334901,-0.027162076115152645,0.2906629943710761,-0.3223927182748939,False,True,False,all
2026-09-11,USDU,26.280000686645508,35,2,False,-0.007815127537109223,0.0020132057887018995,0.04534611474439698,-0.03559630507722911,False,True,False,all
2026-09-11,UYLD,50.98500061035156,35,1,False,-0.001654983165650603,-0.0031980236474615786,0.0008834311907299774,-0.009230440780641613,False,False,False,all
2026-09-11,CMC,67.16999816894531,35,2,False,-0.014501543764632863,-0.04033194923703165,0.26544830165486566,-0.20855430664339825,False,True,False,all
2026-09-11,HIVE,3.0299999713897705,35,3,False,0.02123356191683179,0.04426943308088371,0.7514450508575765,-0.6135204193344813,False,True,False,all
2026-09-11,DOW,29.030000686645508,35,3,False,-0.036489255465848025,-0.0822903666088054,0.4058111972358316,-0.32077680050089097,False,True,False,all
2026-09-11,IWP,138.0,35,3,False,-0.02112108234310539,0.0001753965382615963,0.12249875760146844,-0.06939101592834906,False,True,False,all
2026-09-11,PRDO,33.02000045776367,35,4,False,0.003074248205961805,0.005081736428223849,0.23855966416927532,-0.14233765044769686,True,True,False,all
2026-09-11,JMST,50.7599983215332,35,1,False,-0.002566320263805877,-0.003793996671276667,0.00019701126173798933,-0.00723650965876399,False,False,False,all
2026-09-11,SHW,323.30999755859375,35,2,False,-0.05238316792992659,-0.0320214996000846,0.11540058613630544,-0.14416177313944112,False,True,False,all
2026-09-11,BKLN,20.59000015258789,35,2,False,0.00497853183596586,-0.0007691884143304906,0.023868698541423594,-0.022781184109567865,False,False,False,all
2026-09-11,BUXX,20.209999084472656,35,1,False,-0.0005855423699813178,-0.0023431306501766613,0.0024801209047113915,-0.009313751843653462,False,False,False,all
2026-09-11,VNLA,48.77000045776367,35,1,False,-0.0025573001274433738,-0.005475989218912458,0.00020512995436372528,-0.013491915229258744,False,False,False,all
2026-09-11,VUSB,49.54999923706055,35,1,False,-0.002554521542046606,-0.00442795172467958,0.00010093991926662937,-0.009594234538237822,False,True,False,all
2026-09-11,AXS,98.23999786376953,34,2,False,-0.07075294979802105,-0.045303405707857736,0.11547630525929242,-0.18126510865258816,True,True,False,all
2026-09-11,BBAR,14.890000343322754,34,1,False,-0.14060784898387202,-0.11937520768694065,0.918814420636725,-0.337338638258291,True,False,False,all
2026-09-11,BCRX,8.119999885559082,34,4,False,-0.15863641959952246,-0.05623646426894657,0.35333331425984693,-0.27629236253936773,False,False,False,all
2026-09-11,BF.B,26.219999313354492,34,1,False,-0.035085806388206575,-0.036576673626672274,0.15966380387226353,-0.17857145204622593,False,False,False,all
2026-09-11,BLSH,35.119998931884766,34,3,False,0.29763598371168287,0.03306724291381591,0.7090024445620513,-0.5316084641300949,False,True,False,all
2026-09-11,EEFT,72.18000030517578,34,1,False,-0.029640457530313635,-0.0013793605141685372,0.1548800048828125,-0.211836657982031,True,True,False,all
2026-09-11,ERIC,10.3100004196167,34,4,False,0.014424338442427409,-0.05271616970275039,0.3100381918092341,-0.2512708731390193,True,True,False,all
2026-09-11,FIW,105.55000305175781,34,1,False,-0.03511254911193884,-0.028921191218770015,0.07135613731454749,-0.09243335956935317,False,False,False,all
2026-09-11,FTSL,44.95000076293945,34,2,False,0.0017248947523358371,-0.005040083369817316,0.013071937007370416,-0.026002182519247463,False,False,False,all
2026-09-11,FXU,46.45000076293945,34,3,False,-0.04282850982012798,-0.03492248979148804,0.0629290606862456,-0.10015494529101776,False,True,False,all
2026-09-11,GRBK,68.41999816894531,34,4,False,-0.048712826344355364,-0.019052655313949285,0.13203176246780868,-0.17744652659386972,False,False,False,all
2026-09-11,HOV,115.91999816894531,34,3,False,-0.09739029982736891,-0.017761986238486793,0.266608418060158,-0.2847093674240384,False,True,False,all
2026-09-11,IBOC,70.94000244140625,34,4,False,-0.03944318959346671,-0.00739413890241547,0.12246837950998168,-0.09584497490205335,False,False,False,all
2026-09-11,IDEF,31.6299991607666,34,3,False,-0.04020462205303876,-0.047289612930613845,0.10826903104821306,-0.14235362677056818,False,True,False,all
2026-09-11,LMT,524.1900024414062,34,3,False,-0.057910658155204575,-0.0607027477957478,0.1988336247945255,-0.2424999964719563,False,True,False,all
2026-09-11,MEAR,49.93000030517578,34,1,False,-0.005109744676128014,-0.007677921359143358,0.00020036331324813084,-0.01693247873300685,False,False,False,all
2026-09-11,MGRC,110.4000015258789,34,4,False,-0.052539423751299386,-0.019052494052232416,0.16222764510648502,-0.12672043090569884,False,True,False,all
2026-09-11,NNI,126.69000244140625,34,1,False,-0.02933819119790748,-0.038515519942612264,0.08634882059389559,-0.12252390804228408,True,False,False,all
2026-09-11,NOMD,10.979999542236328,34,1,False,-0.061426191646042794,-0.01728701875836658,0.2213570435798411,-0.23377532444559446,False,True,False,all
2026-09-11,OGS,77.33999633789062,34,2,False,-0.026876086743055416,-0.05202702178986385,0.03923674067172711,-0.14805026021295076,False,True,False,all
2026-09-11,PFXF,17.8799991607666,34,4,False,0.003547164441523254,-0.010454477510530524,0.04991182852902876,-0.062401707032045506,False,True,False,all
2026-09-11,SR,80.19999694824219,34,2,False,-0.018725013411724833,-0.057973985832611485,0.07204918547720585,-0.15853531630889384,False,False,False,all
2026-09-11,SVV,9.75,34,3,False,-0.05257020908414611,0.03441690799425223,0.4120202322587061,-0.29805617285768815,False,True,False,all
2026-09-11,TDC,27.84000015258789,34,2,False,-0.05969453241637668,-0.06688809793290951,0.3694048331069939,-0.33365244217327816,True,True,False,all
2026-09-11,TGS,29.65999984741211,34,3,False,0.005860161642763817,-0.028744710624054703,0.5025329377565657,-0.18404398645220965,False,False,False,all
2026-09-11,UFO,43.279998779296875,34,3,False,-0.04827248953590568,-0.07452740856765083,0.4011006679980853,-0.3655075344914924,False,True,False,all
2026-09-11,XRT,84.79000091552734,34,2,False,-0.038906202400546985,-0.013507680602568017,0.09774732341492265,-0.09334897391900521,False,True,False,all
2026-09-11,YEAR,50.06999969482422,34,1,False,-0.003446046224775734,-0.006482768532450445,0.0,-0.013010050332498246,False,True,False,all
2026-09-11,CCS,60.540000915527344,34,2,False,-0.1021800219335306,-0.036034829875690844,0.28059225725010317,-0.20342104058516652,False,False,False,all
2026-09-11,GBCI,45.83000183105469,34,4,False,-0.06957383424708385,-0.038600679730732,0.14862155584955605,-0.16031512837035966,False,True,False,all
2026-09-11,CLOZ,26.125,34,1,False,-0.0060810751503967975,-0.006026998110651549,0.03547366127634666,-0.029892324398565484,False,False,False,all
2026-09-11,STRD,75.68000030517578,34,4,False,0.14285542125067408,0.046397240636760095,0.5444898021464446,-0.10838828046582816,False,True,False,all
2026-09-11,ZS,164.5399932861328,34,2,False,0.009867866964328176,-0.0323136424489352,0.4354634092574292,-0.5117362590749476,False,False,False,all
2026-09-11,NLY,21.899999618530273,34,2,False,-0.04267319066464759,-0.02949839187671366,0.09499998092651363,-0.10685158198697498,False,False,False,all
2026-09-11,CBRE,140.50999450683594,34,1,False,-0.03137305298521875,-0.043666329562929374,0.15465520328583704,-0.1937224360931512,False,False,False,all
2026-09-11,CI,280.760009765625,34,4,False,-0.00960128714378139,0.0038134970491099374,0.17222669702667348,-0.11002628243816748,True,True,False,all
2026-09-11,REG,74.62000274658203,34,4,False,-0.04722501569041471,-0.018675637581360705,0.11606344698460913,-0.10805642505155266,True,False,False,all
2026-09-11,YOU,42.22999954223633,34,3,False,-0.15276681213056797,-0.09211790274873488,0.43468660806664317,-0.3885912881305421,True,True,False,all
2026-09-11,LRMR,3.9200000762939453,34,3,False,-0.008172437288472723,-0.005442141108773169,0.44383064464785393,-0.38940809506082863,False,True,False,all
2026-09-11,AIG,75.33000183105469,33,1,False,-0.03236743035890377,-0.026110000384322207,0.057263183593750044,-0.1370145372784065,False,False,False,all
2026-09-11,ANNX,3.940000057220459,33,3,False,-0.25292476880861514,-0.2700865035069848,0.7356828591744415,-0.45125346080514683,False,True,False,all
2026-09-11,APAM,37.90999984741211,33,1,False,-0.06299278806807385,-0.04189771010745391,0.11631333537772348,-0.20189474005448194,False,True,False,all
2026-09-11,APOG,37.880001068115234,33,3,False,-0.06329900509543629,-0.00687164771556259,0.23186995343464178,-0.25550313929035384,False,False,False,all
2026-09-11,BRX,28.729999542236328,33,4,False,-0.058662418132851335,-0.016540483574630338,0.1650445952963513,-0.12568475323808126,True,False,False,all
2026-09-11,BSCS,20.235000610351562,33,1,False,-0.005059484258231328,-0.010969242792132516,0.00024721049077602864,-0.021991295889871254,False,False,False,all
2026-09-11,BSJQ,22.894800186157227,33,1,False,-0.0009292883948227582,-0.010633732152973585,0.002399300928337622,-0.026167589822855053,False,True,False,all
2026-09-11,EVSM,49.720001220703125,33,1,False,-0.008334587986097541,-0.012659164262077804,0.0012082435254807677,-0.02279873866077886,False,False,False,all
2026-09-11,FDIS,98.75,33,2,False,-0.027764107955639106,-0.02304911855454428,0.09783216620698054,-0.0809678659407772,False,True,False,all
2026-09-11,FERG,222.5399932861328,33,1,False,-0.051613657494865794,-0.07057497976142102,0.0717587841469971,-0.180754007931604,False,True,False,all
2026-09-11,GFS,46.95000076293945,33,3,False,-0.11391686777520882,-0.12322636276141086,0.4862298365355737,-0.49270665354075616,False,True,False,all
2026-09-11,HAPN,16.799999237060547,33,2,False,-0.10786832233761467,-0.049293872519446835,0.28735624456067654,-0.22473469414340108,False,True,False,all
2026-09-11,IBDT,25.0,33,1,False,-0.006232910340391085,-0.012170065248333306,0.0,-0.028749020112598833,False,False,False,all
2026-09-11,IBTI,21.940000534057617,33,1,False,-0.005971394768742644,-0.01289576602156628,0.00045600678261159544,-0.024455279798039853,False,True,False,all
2026-09-11,INVH,27.540000915527344,33,4,False,-0.07247740559515259,-0.012287197441302022,0.13567014084648843,-0.10853587452210556,False,False,False,all
2026-09-11,JPLD,51.61000061035156,33,1,False,-0.006649150429033246,-0.011577234129462877,0.0011639451829104086,-0.02161136283693721,False,False,False,all
2026-09-11,LIN,466.2200012207031,33,3,False,-0.06213274683423686,-0.03182424301525422,0.20227965002921677,-0.14954397876840586,False,True,False,all
2026-09-11,POWR,25.639999389648438,33,3,False,-0.02774198652259685,-0.019782150728678727,0.1061259297707331,-0.09845292165364439,False,True,False,all
2026-09-11,SPSB,29.690000534057617,33,1,False,-0.006877248811893666,-0.012305411376071218,0.00025941272352247857,-0.02142385020636961,False,False,False,all
2026-09-11,STAG,37.13999938964844,33,3,False,-0.03092989169989868,-0.025961270427638072,0.07965109715789542,-0.12837364802511309,True,True,False,all
2026-09-11,SUB,105.51000213623047,33,1,False,-0.005963635825828706,-0.009913512466005803,0.0009486620875343021,-0.018602920288902203,False,False,False,all
2026-09-11,UL,62.02000045776367,33,1,False,-0.01567429148492716,-0.015191119906119321,0.13278539648883414,-0.17284612321868453,False,True,False,all
2026-09-11,VCR,380.2099914550781,33,2,False,-0.028034433282017046,-0.0234908441075502,0.09735043696382517,-0.08223908328813423,False,True,False,all
2026-09-11,WAL,79.29000091552734,33,2,False,-0.02029347254340963,-0.02790675304700041,0.204649062339062,-0.18451097214866985,False,True,False,all
2026-09-11,CTSH,60.0,33,2,False,0.11080666711180931,-0.03997235115683695,0.618122897441437,-0.3105825480687805,True,True,False,all
2026-09-11,MAIN,56.220001220703125,33,3,False,0.00334092506618644,-0.0043715670709238985,0.14851890387033184,-0.1651321016026035,False,True,False,all
2026-09-11,XLC,112.5999984741211,33,2,False,0.015345595010047841,-0.01254966472747765,0.07207464327150293,-0.0648228926066633,True,True,False,all
2026-09-11,CEG,284.75,33,1,False,0.056475721650686594,-0.03564857644623609,0.2454620737376645,-0.31003152028705305,False,True,False,all
2026-09-11,FHB,25.7549991607666,33,4,False,-0.06752694085659261,-0.034700949227255196,0.13733710046963976,-0.15778288996001744,False,True,False,all
2026-09-11,SMMU,49.880001068115234,33,1,False,-0.007402665568231437,-0.011506966194964052,0.00040113232087524153,-0.020039301123499498,False,False,False,all
2026-09-11,VGSH,57.689998626708984,33,1,False,-0.006061172746611443,-0.012374869732583282,0.0005202701938304966,-0.02236908544941507,False,True,False,all
2026-09-11,SHY,81.37000274658203,33,1,False,-0.006211601804178013,-0.012357936227280986,0.000368901033223068,-0.02199512342288401,False,False,False,all
2026-09-11,BX,128.50999450683594,33,0,False,-0.037959149083505395,-0.016196705380643106,0.2632457511668518,-0.32395182817297974,False,True,False,all
2026-09-11,ZWS,46.18000030517578,33,4,False,-0.05484284943329554,-0.0448089603205134,0.07245700957687418,-0.16036363081498584,False,True,False,all
2026-09-11,USTB,50.099998474121094,33,1,False,-0.006919875408690768,-0.011365967104237651,0.0007650471593660946,-0.01956947220862315,False,False,False,all
2026-09-11,CGSM,26.059999465942383,33,1,False,-0.008632450944022318,-0.012149521301857868,0.001152469400904188,-0.023238411999310316,False,False,False,all
2026-09-11,WRBY,24.709999084472656,33,5,False,-0.05859497517315582,-0.010777003495549331,0.6517379025042684,-0.20290325533959175,False,True,False,all
2026-09-11,MYCH,24.68000030517578,33,1,False,-0.005836865314179485,-0.010826388636782758,0.00020267753879887884,-0.023347848907799507,False,True,False,all
2026-09-11,SCHO,23.920000076293945,33,1,False,-0.0059675180643161685,-0.01247411745235083,0.0004182446234066717,-0.022076820457507917,False,False,False,all
2026-09-11,ABEO,5.414999961853027,32,4,False,-0.15452715169604914,-0.019221634122461362,0.35374999046325684,-0.292156876555837,False,True,False,all
2026-09-11,AGNC,10.149999618530273,32,2,False,-0.06411938445677101,-0.05795221924124205,0.05399787101866971,-0.16735028975192812,False,False,False,all
2026-09-11,ARHS,8.100000381469727,32,1,False,-0.04525036554911499,-0.048405003938202795,0.45421905418967357,-0.3294701628619956,False,True,False,all
2026-09-11,EMA,49.189998626708984,32,4,False,-0.05649522938212925,-0.04076788041029478,0.07472139250034027,-0.11353402164704862,False,True,False,all
2026-09-11,EQT,54.06999969482422,32,3,False,0.02337465265262617,-0.03598004143983258,0.12786819448718134,-0.20764945211800112,False,True,False,all
2026-09-11,EVSD,50.345001220703125,32,1,False,-0.00854915519976307,-0.015550927700670125,0.0004968506762823566,-0.026585459542672996,False,False,False,all
2026-09-11,GPCR,38.65999984741211,32,2,False,-0.22284115094151669,-0.2902251324462516,0.9291416208198706,-0.592623822699627,False,False,False,all
2026-09-11,GSK,48.130001068115234,32,3,False,-0.06261196360295807,-0.08002077668501806,0.2249936356986526,-0.21993516251259326,False,True,False,all
2026-09-11,JPIE,45.41999816894531,32,1,False,-0.008385318570064304,-0.014675986652844975,0.0006609116479459054,-0.025531053976042273,False,False,False,all
2026-09-11,KMT,29.440000534057617,32,3,False,-0.08700153942804267,-0.14255089252228426,0.4466830458079525,-0.32800731314275056,True,False,False,all
2026-09-11,LMBS,49.15999984741211,32,1,False,-0.008396761755825488,-0.014733111236916452,0.026948003850238544,-0.05425162985107046,False,False,False,all
2026-09-11,LYFT,15.319999694824219,32,0,False,-0.05743959400276377,-0.033479665798027414,0.2295344821766614,-0.40015665052266125,False,True,False,all
2026-09-11,MDU,19.200000762939453,32,2,False,-0.05871275332238168,-0.07578777106888512,0.21827414239204512,-0.16449081177523028,False,False,False,all
2026-09-11,NBSD,50.209999084472656,32,1,False,-0.0069900476973712156,-0.01308368320877984,0.0,-0.026371933651340718,False,False,False,all
2026-09-11,NEAR,50.119998931884766,32,1,False,-0.00690335305421752,-0.013642145818771434,0.0,-0.024333268950569087,False,False,False,all
2026-09-11,OSS,9.1899995803833,32,4,False,-0.249955141285077,-0.1791913303539372,1.20383678950693,-0.5598659027893422,False,True,False,all
2026-09-11,OSW,21.739999771118164,32,3,False,-0.15554451520660828,-0.07133307968774394,0.1406086243582838,-0.2567013001834114,False,False,False,all
2026-09-11,PCOR,53.2599983215332,32,1,False,-0.0022181635746013617,-0.059774773603086806,0.4004733113619603,-0.35297337372437154,True,True,False,all
2026-09-11,PPA,161.80999755859375,32,4,False,-0.07048911788623313,-0.05259917410621251,0.12142217123621357,-0.1314546703810856,False,False,False,all
2026-09-11,SHM,47.310001373291016,32,1,False,-0.007959774589286983,-0.01294270892499183,0.0019059752278962616,-0.024737105540354576,False,True,False,all
2026-09-11,SLQD,49.70500183105469,32,1,False,-0.007878261936110964,-0.014628875649090878,0.0003019360990208497,-0.02520101598574309,False,False,False,all
2026-09-11,STC,66.23999786376953,32,1,False,-0.031213552407431733,-0.025587191663863695,0.15986687367961783,-0.15735914833402398,True,False,False,all
2026-09-11,UGL,50.310001373291016,32,2,False,0.026982034409768207,-0.1348318931611424,0.23551080218809228,-0.44347344552987955,False,False,False,all
2026-09-11,USA,5.880000114440918,32,1,False,-0.005580901148105388,-0.007176006713641714,0.08888889085118179,-0.10773900177652584,False,True,False,all
2026-09-11,VRP,24.040000915527344,32,1,False,-0.007046464605873881,-0.011352545380110435,0.013918255748512465,-0.03569993496805779,False,True,False,all
2026-09-11,VSDM,75.37999725341797,32,1,False,-0.009717629744739331,-0.014378113938460668,0.0007965687577913272,-0.029108734595531094,False,False,False,all
2026-09-11,CVNA,69.16000366210938,32,1,False,-0.0024174495966072795,-0.05512343857245039,0.2698296630950807,-0.28977792897246524,False,True,False,all
2026-09-11,CELC,83.44999694824219,32,3,False,-0.10489228523895122,-0.21298553101117212,0.8786582707827155,-0.4474242180679132,False,True,False,all
2026-09-11,NXPI,236.6199951171875,32,2,False,-0.03878263655765746,-0.032145336512700795,0.2930054377988387,-0.3039565035429834,True,True,False,all
2026-09-11,SHYG,41.790000915527344,32,1,False,-0.008559723143270359,-0.016612148691981132,0.00023940010825040936,-0.03687482130969577,False,True,False,all
2026-09-11,TAFI,24.860000610351562,32,1,False,-0.008516517383177491,-0.013648210957504348,0.0016116404520216676,-0.030799182063456776,False,False,False,all
2026-09-11,MGEE,76.4800033569336,32,1,False,-0.04764509947177609,-0.030550052082277568,0.05986695503859307,-0.1303161106017522,False,True,False,all
2026-09-11,VTES,99.8550033569336,32,1,False,-0.008655846141825796,-0.014710481936591413,0.0022080716212793394,-0.027796667831639255,False,False,False,all
2026-09-11,MSCI,554.6099853515625,32,1,False,-0.03980996840349427,-0.03198842503930155,0.10682924924916515,-0.1398328573732912,True,True,False,all
2026-09-11,DGXX,3.809999942779541,32,2,False,-0.034929980662567806,-0.02959606298007833,1.0483870502565211,-0.5858695628512334,False,True,False,all
2026-09-11,CGSD,25.5,32,1,False,-0.007432963532718717,-0.014368194562454417,0.0007849473360672654,-0.024856582333166566,False,False,False,all
2026-09-11,ROBN,33.130001068115234,32,2,False,0.09474340600967612,-0.012742241051107772,1.2864045266688544,-0.7307817184675245,False,False,False,all
2026-09-11,PRMB,20.75,32,5,False,-0.11236782212665031,-0.004125083384798112,0.4449861069705159,-0.2083174084392575,False,False,False,all
2026-09-11,SPTS,28.719999313354492,32,1,False,-0.00683322545937437,-0.013258504529038984,0.0,-0.02312926238091484,False,False,False,all
2026-09-11,VTIP,49.5,32,2,False,-0.003498827322598319,-0.00804684475194073,0.003039544691324947,-0.02578235264484041,False,False,False,all
2026-09-11,AAL,13.010000228881836,31,1,False,-0.12415342721978784,-0.06651023418541457,0.2893954442156299,-0.30761045263542985,False,True,False,all
2026-09-11,ADT,7.050000190734863,31,1,False,-0.026081643517114617,-0.03603582395087468,0.12980776431527863,-0.21096811867443654,True,True,False,all
2026-09-11,ADUR,12.899999618530273,31,4,False,-0.12014462561532402,-0.01995794282291863,0.43333329094780826,-0.29081917318379047,False,True,False,all
2026-09-11,AGI,35.91999816894531,31,4,False,0.10193507765877041,-0.0833929239240212,0.32791124517786296,-0.35174159415517603,False,True,False,all
2026-09-11,AIRR,107.29000091552734,31,3,False,-0.08964713676472691,-0.08043828294264155,0.1853938612667425,-0.2055535098773117,False,False,False,all
2026-09-11,BA,210.4499969482422,31,2,False,-0.03780651023512238,-0.04660125760481437,0.1905300212804728,-0.17259684726489433,False,True,False,all
2026-09-11,BJ,91.48999786376953,31,3,False,-0.01415889807459092,-0.020049434930849985,0.09948084504999333,-0.13509170996818132,False,True,False,all
2026-09-11,BSCT,18.354999542236328,31,1,False,-0.008672720187668626,-0.017496667615826467,0.00027243382357911017,-0.03216454550190573,False,False,False,all
2026-09-11,BSV,76.73999786376953,31,1,False,-0.009867804897369492,-0.018947359371855654,0.00013025552454948297,-0.03252649824736498,False,True,False,all
2026-09-11,EPI,42.290000915527344,31,1,False,-0.011527864456777448,-0.028953422583979593,0.07307792639599198,-0.1040254188145554,False,False,False,all
2026-09-11,HYDB,45.93000030517578,31,1,False,-0.010267951901701822,-0.020662460673858463,0.00021781656422703577,-0.0429256366168318,False,False,False,all
2026-09-11,HYG,78.5999984741211,31,1,False,-0.011450096606110183,-0.018589999689037406,0.00038180958907219065,-0.0339233298368401,False,False,False,all
2026-09-11,HYLB,35.880001068115234,31,1,False,-0.011169778641228478,-0.019032866145300642,0.0002788440626793065,-0.03522445837502508,False,False,False,all
2026-09-11,IBDU,22.809999465942383,31,1,False,-0.009670601121476774,-0.01844030733637636,0.0004386065445818321,-0.035477216624363095,False,True,False,all
2026-09-11,IGOV,40.91999816894531,31,1,False,-0.0034825009739726243,-0.01631427937358687,0.016140990906205133,-0.05692558781856982,False,True,False,all
2026-09-11,ISTB,47.52000045776367,31,1,False,-0.009607958391097071,-0.018282211462886666,0.00042106226870886054,-0.03119263614872514,False,True,False,all
2026-09-11,JNK,94.61000061035156,31,1,False,-0.011524027759916344,-0.019137238657561007,0.0012700047549480953,-0.03695029857850496,False,False,False,all
2026-09-11,JSCP,46.369998931884766,31,1,False,-0.010429672095670806,-0.018603799638055363,0.00021566698450325994,-0.03133486595924895,False,True,False,all
2026-09-11,MC,64.02999877929688,31,2,False,-0.049576977930362975,-0.03278970216628385,0.2540148268149154,-0.1813695921391566,False,True,False,all
2026-09-11,NFG,81.0,31,3,False,-0.008497543055015488,-0.03236846863820719,0.07755756249922618,-0.16546464004286165,False,True,False,all
2026-09-11,ODFL,179.7899932861328,31,4,False,-0.15091990363811258,-0.09014818884880793,0.4267914470135501,-0.2866325669287677,False,False,False,all
2026-09-11,OMAH,18.309999465942383,31,1,False,-0.017282120361729048,-0.014859192698556734,0.027497181790664404,-0.06342710074215863,False,True,False,all
2026-09-11,SCYB,25.690000534057617,31,1,False,-0.01189113445412493,-0.02034301916788983,0.0,-0.04070202108439247,False,False,False,all
2026-09-11,SPHY,23.0,31,1,False,-0.011399006042243198,-0.020169597566356612,0.00043498168688094196,-0.04126718551744368,False,True,False,all
2026-09-11,TSLS,56.0099983215332,31,4,False,-0.054106291212889346,0.00413942602777273,0.2123376059868618,-0.20099858001836501,False,False,False,all
2026-09-11,USHY,36.36000061035156,31,1,False,-0.0114837277301163,-0.019720157229216384,0.0002751619436129893,-0.03979718346863137,False,False,False,all
2026-09-11,VCSH,77.72000122070312,31,1,False,-0.010185949747801959,-0.018708533392806648,0.00025745525413944925,-0.03164715733767409,False,False,False,all
2026-09-11,WMG,28.329999923706055,31,2,False,0.030492840428031354,-0.01005754589589547,0.2137960470649305,-0.20016935662790225,False,True,False,all
2026-09-11,XEL,75.5,31,2,False,-0.036323584821855714,-0.03882449200127802,0.05816400300813074,-0.10364481786780033,False,False,False,all
2026-09-11,CWST,89.91000366210938,31,2,False,-0.030977217243316146,-0.02425044595910364,0.21417960778834932,-0.1671915114434206,False,True,False,all
2026-09-11,PTIR,16.950000762939453,31,2,False,0.09907928773942531,-0.04612904390319106,1.160612009720063,-0.5843550448671273,True,True,False,all
2026-09-11,MLYS,28.200000762939453,31,1,False,0.03563010994132121,-0.039399906778808,0.26457406850820187,-0.4081846828981963,False,False,False,all
2026-09-11,SJNK,24.600000381469727,31,1,False,-0.009797359997460231,-0.01926974056349373,0.0004066786831957714,-0.0409356433791912,False,False,False,all
2026-09-11,CARY,20.44499969482422,31,1,False,-0.011977100954503328,-0.018961951289744428,0.0007341845043751238,-0.05105594697491145,False,False,False,all
2026-09-11,RMD,218.27000427246094,31,2,False,0.006014813289929588,-0.04206473725595272,0.2107949137370997,-0.23379082383642824,False,True,False,all
2026-09-11,IBHF,22.469999313354492,31,1,False,-0.002104179090016478,-0.015505059228462459,0.0023195667532907027,-0.04056365328115674,False,False,False,all
2026-09-11,NUKZ,64.46099853515625,31,2,False,-0.013299905476147234,-0.05649346511872777,0.07722256635670344,-0.16652441702307996,False,False,False,all
2026-09-11,VNM,17.5,31,2,False,-0.002428375572060548,-0.03989115211300065,0.0789149655260244,-0.1183879262623837,False,False,False,all
2026-09-11,CSR,58.290000915527344,31,2,False,0.0573957996406238,-0.048884757827311165,0.12096155606783343,-0.16262030736343425,False,False,False,all
2026-09-11,ABG,208.5,30,1,False,-0.033856270465942195,-0.027971799787823715,0.21213886784766967,-0.1942028985507246,True,True,False,all
2026-09-11,ANGL,28.510000228881836,30,1,False,-0.015470673513599098,-0.023049646775472943,0.0052891260684784225,-0.042646085576928394,False,True,False,all
2026-09-11,ASAN,8.770000457763672,30,3,False,0.0263312425455271,0.0029448430562566408,0.6301115745747596,-0.4334624859751961,False,False,False,all
2026-09-11,BBSI,33.349998474121094,30,1,False,-0.07578818956102651,-0.009790797014818997,0.3166205517004055,-0.29804252468252135,True,True,False,all
2026-09-11,BINC,51.279998779296875,30,1,False,-0.012866638045936463,-0.02145903781172742,0.00039017671514973706,-0.041674446125686826,False,False,False,all
2026-09-11,BOTZ,35.279998779296875,30,2,False,-0.01833120036093472,-0.04449416286274932,0.10682349111519618,-0.15415968463949148,False,True,False,all
2026-09-11,EFC,12.890000343322754,30,1,False,-0.042603734830197304,-0.023499617216281576,0.1427305539419088,-0.08711044987289862,False,True,False,all
2026-09-11,EMB,93.33999633789062,30,1,False,-0.017506810133621875,-0.025246100578960706,0.005060768573369012,-0.04560333920957915,False,False,False,all
2026-09-11,FALN,26.520000457763672,30,1,False,-0.01686089756854381,-0.023282291467775273,0.0055739305724498145,-0.04569990701418347,False,True,False,all
2026-09-11,FLIN,34.93000030517578,30,1,False,-0.015518326087186729,-0.030337004779237953,0.08478259247056963,-0.12346294497703425,False,True,False,all
2026-09-11,FLXR,38.380001068115234,30,1,False,-0.013063123228547746,-0.02285356181505882,0.0014351025200491918,-0.03977983747882208,False,False,False,all
2026-09-11,FPEI,18.84000015258789,30,1,False,-0.014675262458099025,-0.022094987511791397,0.006948213494201605,-0.03926570289636866,False,False,False,all
2026-09-11,FSIG,18.610000610351562,30,1,False,-0.009964168292794784,-0.020042233929942754,0.0,-0.03724776596980195,False,True,False,all
2026-09-11,GVI,103.97000122070312,30,1,False,-0.012411100986118973,-0.023418866838902153,0.0003848832426622817,-0.04033593561844295,False,False,False,all
2026-09-11,HLN,9.1899995803833,30,2,False,-0.06738384214355264,-0.06573413581638121,0.06242774400778295,-0.1852837058567356,False,False,False,all
2026-09-11,HYLS,40.209999084472656,30,1,False,-0.01038592452566256,-0.02103761223550782,0.004998769590845331,-0.051650999117761276,False,True,False,all
2026-09-11,IAGG,49.40999984741211,30,1,False,-0.008305273316583373,-0.016006574943872698,0.0017435433636419084,-0.046691142159917876,False,False,False,all
2026-09-11,JPIB,47.099998474121094,30,1,False,-0.01587515487036739,-0.02549764811580768,0.0007436491752546015,-0.04704098733088269,False,False,False,all
2026-09-11,LNT,67.26000213623047,30,3,False,-0.05792774355804897,-0.04507021130553501,0.06289512379440376,-0.14655495216550507,True,True,False,all
2026-09-11,LSPD,9.9399995803833,30,0,False,-0.04015145318414737,-0.01680049104296455,0.2694763317032769,-0.2752461195920791,False,True,False,all
2026-09-11,MOD,189.3000030517578,30,3,False,-0.08800178884476872,-0.10462754363920568,0.7026443832717393,-0.4143851413712055,False,True,False,all
2026-09-11,MRP,29.690000534057617,30,3,False,0.006829774540158207,0.0005864184599415623,0.1288973914577176,-0.1624823724941502,False,False,False,all
2026-09-11,PG,145.27000427246094,30,2,False,-0.007844607792651948,-0.015034813848683215,0.05558791910113947,-0.13142000435000933,False,True,False,all
2026-09-11,SBGI,13.899999618530273,30,1,False,-0.01637490936689323,-0.04277226938767953,0.11556978940406615,-0.22259506314572364,False,True,False,all
2026-09-11,SNAP,5.679999828338623,30,2,False,0.11806619146320285,-0.018955941945386634,0.49081362562825803,-0.3879310353686779,False,True,False,all
2026-09-11,SNDX,18.18000030517578,30,3,False,-0.12444192353461281,-0.1349499331334929,0.3995381543883483,-0.28956622912183705,False,True,False,all
2026-09-11,VRTS,147.41000366210938,30,1,False,-0.09565413385416532,-0.026369116186953923,0.21215362981884311,-0.2760178614988176,False,True,False,all
2026-09-11,DFNM,46.93000030517578,30,1,False,-0.017030723200561648,-0.025735279683859358,0.0021353506344470308,-0.039697128485985056,False,False,False,all
2026-09-11,DFSD,46.900001525878906,30,1,False,-0.01042364900353221,-0.01992004262302738,0.00021119499432065147,-0.03318896828202178,False,True,False,all
2026-09-11,CSL,335.239990234375,30,3,False,-0.05243065120678614,-0.047820735187900754,0.14248713015779124,-0.22561274306787982,False,False,False,all
2026-09-11,STIP,100.30000305175781,30,1,False,-0.0067772589345689305,-0.021159707420975282,0.00019948417136461671,-0.03705837629262421,False,False,False,all
2026-09-11,WCN,159.74000549316406,30,1,False,-0.04584526615271112,-0.033689560784850414,0.08748046944590837,-0.11127183369737159,False,True,False,all
2026-09-11,WPC,69.12000274658203,30,3,False,-0.041307512859332096,-0.02678450953734668,0.09575143849399526,-0.10489508347675913,True,False,False,all
2026-09-11,XLY,112.95999908447266,30,1,False,-0.02569287000640441,-0.03441727026830266,0.07386630347683965,-0.09639231138182236,False,True,False,all
2026-09-11,O,59.5,30,4,False,-0.05636737775958012,-0.03912148013051109,0.06516289562972011,-0.12422729081714701,False,False,False,all
2026-09-11,BWX,21.770000457763672,30,2,False,0.0018223524919795953,-0.01775661151338015,0.023026304290754585,-0.07045258809373045,False,False,False,all
2026-09-11,CRAI,161.8800048828125,30,0,False,-0.04726365321193282,-0.04903282317168267,0.22478631403089366,-0.2877820860374456,False,True,False,all
2026-09-11,SONO,15.119999885559082,30,1,False,-0.006987869058992957,-0.018748910677332975,0.2154341153999626,-0.23713420189872614,False,True,False,all
2026-09-11,CASH,78.62000274658203,30,3,False,-0.08726792141611472,-0.07378497287216534,0.19356307072055778,-0.22358284526983951,False,False,False,all
2026-09-11,ABT,101.94999694824219,29,0,False,-0.031813891322800214,-0.03679548066419447,0.2437476568256134,-0.2584915784783274,False,True,False,all
2026-09-11,BKCH,72.69000244140625,29,3,False,0.06602212419536202,0.008552679789746831,0.42557364284424826,-0.41232111725569287,False,True,False,all
2026-09-11,BSCU,16.334999084472656,29,1,False,-0.012047809838843127,-0.0243783530848235,0.0003061335450065261,-0.04249709285847725,False,False,False,all
2026-09-11,DUK,119.41999816894531,29,2,False,-0.0382478260325122,-0.038614823217116956,0.048463534408401454,-0.1120529906215576,True,True,False,all
2026-09-11,EXE,94.83000183105469,29,1,False,0.014966032402699225,-0.05821454717051977,0.11584398599750045,-0.2510720955808188,False,True,False,all
2026-09-11,EXR,137.63999938964844,29,4,False,-0.05484430039147348,-0.027236872054669847,0.09490096565158068,-0.13368583106999754,False,False,False,all
2026-09-11,FWRD,16.6299991607666,29,2,False,0.03797368811738733,-0.1406062695625987,1.1157759387124728,-0.4666453175753794,True,True,False,all
2026-09-11,GGAL,43.86000061035156,29,1,False,-0.06910207055110629,-0.08910601750406011,0.6940904458996644,-0.2984644867368188,True,True,False,all
2026-09-11,GPOR,173.25,29,2,False,0.04437053007567604,-0.06942617789812533,0.16134876327907488,-0.2326601074643715,False,True,False,all
2026-09-11,GVA,118.91999816894531,29,2,False,-0.04461363491120396,-0.06099988534614087,0.2227019900984173,-0.2662882723008452,False,True,False,all
2026-09-11,HEI.A,235.25,29,2,False,-0.07665654062316085,-0.03242218620556525,0.18008524101997136,-0.15879998240923432,False,False,False,all
2026-09-11,HOOG,33.0,29,2,False,0.09275069037492378,-0.033591907703178325,1.2869022385372713,-0.7503593358761955,False,True,False,all
2026-09-11,IBDV,21.309999465942383,29,1,False,-0.013390325225882349,-0.025538151187492364,0.0,-0.04857582000106786,False,True,False,all
2026-09-11,IDU,107.94000244140625,29,2,False,-0.03889131464441564,-0.04517207743636875,0.01753394210262016,-0.10660484428034422,False,True,False,all
2026-09-11,JSI,50.38999938964844,29,1,False,-0.013796300677537121,-0.025382333712520855,0.0006950620143040265,-0.04165086278321117,False,False,False,all
2026-09-11,MISL,42.58000183105469,29,3,False,-0.047286582225919416,-0.06839849702701606,0.09629252481394768,-0.16673183752405085,False,True,False,all
2026-09-11,MORN,191.02000427246094,29,2,False,-0.01113723495733876,0.018033584634052024,0.3500600526988449,-0.2691586339632617,False,True,False,all
2026-09-11,SPIB,32.630001068115234,29,1,False,-0.014544720520096033,-0.02673129923349138,0.0,-0.04422959427442308,False,True,False,all
2026-09-11,VCRM,73.29499816894531,29,1,False,-0.023010815361135584,-0.030581317929132323,0.004866955246186633,-0.048734649371656724,False,False,False,all
2026-09-11,VWOB,64.87999725341797,29,1,False,-0.01792502488328318,-0.02950747429941325,0.0003083047005585371,-0.05160073409916499,False,True,False,all
2026-09-11,WM,213.4600067138672,29,4,False,-0.06239840155268106,-0.05224083009671565,0.09968577632616693,-0.1397251339487111,False,False,False,all
2026-09-11,CGMU,26.559999465942383,29,1,False,-0.02029135100890256,-0.029668026819858584,0.0030211452072894662,-0.04905122893892411,False,False,False,all
2026-09-11,CGHM,24.809999465942383,29,2,False,-0.02594345201479764,-0.029942388970038092,0.005063804039066699,-0.17300001780192054,False,False,False,all
2026-09-11,CGMS,26.809999465942383,29,1,False,-0.012563042642149358,-0.02383522245612124,0.0003731428793478653,-0.04522793665293057,False,True,False,all
2026-09-11,JEF,51.959999084472656,29,1,False,-0.04410088919713895,-0.029121694356983086,0.46242614324967124,-0.2685811033947261,False,True,False,all
2026-09-11,FMS,22.350000381469727,29,1,False,-0.06095592346432688,-0.032603623022230854,0.11638360991158181,-0.19138925922552263,False,True,False,all
2026-09-11,CX,10.6899995803833,29,3,False,-0.07733474627490577,-0.10170335202342284,0.2245131891089296,-0.21799564588726383,True,True,False,all
2026-09-11,LGIH,49.41999816894531,29,4,False,-0.14069811471171256,-0.02273209604572124,0.47302531424066885,-0.254037763487618,False,True,False,all
2026-09-11,JJSF,83.29000091552734,29,3,False,0.00564096997207586,-0.0032109205752142156,0.2093799563506038,-0.23277447689170472,False,True,False,all
2026-09-11,NGG,76.86000061035156,29,3,False,-0.04842084087267873,-0.07512419004968551,0.09815692179265367,-0.18786981079843101,False,False,False,all
2026-09-11,MARA,11.979999542236328,29,5,False,0.06324436019936708,0.09520409772596539,0.7987987712779636,-0.48912583571555346,False,True,False,all
2026-09-11,STRK,76.0,29,4,False,0.13611900924724218,0.020968476128363056,0.5261963300861767,-0.24189526184538657,False,True,False,all
2026-09-11,PPG,105.5,29,4,False,-0.07922505076549036,-0.05464128628537768,0.12967127839700865,-0.20932319724882065,False,True,False,all
2026-09-11,TBLA,3.799999952316284,29,2,False,-0.15295797127933763,-0.07940162254599437,0.3403879721991325,-0.3345008884536764,True,True,False,all
2026-09-11,PYLD,25.780000686645508,29,1,False,-0.015079418302176184,-0.026095918368224114,0.0003880569927898758,-0.04659764002294464,False,True,False,all
2026-09-11,UTG,37.86000061035156,29,3,False,-0.033053911092941646,-0.04583325371546243,0.05724655566725412,-0.13758543748493457,False,False,False,all
2026-09-11,INDA,48.56999969482422,29,1,False,-0.016315758314009443,-0.03476975909943758,0.07431985574858269,-0.12486487036352756,False,True,False,all
2026-09-11,WAY,23.469999313354492,29,1,False,-0.012109790364292494,-0.06280076286191916,0.3597913674462889,-0.4183395241413149,False,True,False,all
2026-09-11,UCON,24.329999923706055,29,1,False,-0.012815148939410492,-0.02422004321340021,0.025716721248306706,-0.05053658834317831,False,False,False,all
2026-09-11,AWI,163.8699951171875,28,1,False,-0.03589778894767315,-0.05881963827535863,0.09043117146846047,-0.20482340032426405,False,True,False,all
2026-09-11,BAM,47.2599983215332,28,1,False,-0.05051596059837349,-0.03715297151226271,0.1199051532491322,-0.24468597487555133,False,False,False,all
2026-09-11,BCAT,14.800000190734863,28,4,False,-0.0636111582103479,-0.02289268759225782,0.07793158661127353,-0.08641978433774855,False,False,False,all
2026-09-11,BNDW,66.47000122070312,28,1,False,-0.01588324614093628,-0.02853946776820193,0.00045151683014066357,-0.055287085786013046,False,False,False,all
2026-09-11,BNDX,46.9900016784668,28,1,False,-0.015982147665564717,-0.0261775351671355,0.0006388968181232357,-0.058882407545353455,False,False,False,all
2026-09-11,BSCV,16.00029945373535,28,1,False,-0.015390787437671971,-0.029820163791333565,0.0006441327557609178,-0.061015340723637235,False,False,False,all
2026-09-11,BTDR,11.960000038146973,28,2,False,0.06643839890738756,-0.005800187026047454,0.7293233414481606,-0.5697841594828916,False,True,False,all
2026-09-11,FCPT,23.969999313354492,28,4,False,-0.05101630920297351,-0.03137037257302022,0.0522387441106007,-0.10759498255123989,False,False,False,all
2026-09-11,FPE,17.5,28,1,False,-0.015493329077335805,-0.029933482691453794,0.002865285666160844,-0.054565111636567964,False,False,False,all
2026-09-11,FSEC,42.70000076293945,28,1,False,-0.016686381754136392,-0.029111074709838647,0.001055022504523384,-0.06359644316276558,False,False,False,all
2026-09-11,GOVT,22.149999618530273,28,1,False,-0.014784921127422024,-0.02966850884164618,0.0004516815337634039,-0.05301410019133834,False,True,False,all
2026-09-11,HLNE,95.9800033569336,28,2,False,0.012656664605343648,-0.09443109300877228,0.33528112165265345,-0.38339971027318587,False,True,False,all
2026-09-11,HYMB,24.209999084472656,28,1,False,-0.027406209704116558,-0.03316244535700552,0.00623439824853711,-0.050215798279285684,False,False,False,all
2026-09-11,IIIN,30.610000610351562,28,1,False,-0.01369419775327907,-0.025405970340589334,0.2570841942838604,-0.23302428645996576,False,True,False,all
2026-09-11,IUSB,44.790000915527344,28,1,False,-0.015799052923386014,-0.03013844114735964,0.000446737939673314,-0.05166205061100981,False,False,False,all
2026-09-11,JMTG,49.18000030517578,28,1,False,-0.017614219782789542,-0.03119509688054667,0.0008119994578390521,-0.05495773558870587,False,False,False,all
2026-09-11,JMUB,48.689998626708984,28,1,False,-0.021840559678093063,-0.032823059566809754,0.005783903742603291,-0.05161670272697361,False,False,False,all
2026-09-11,LOAR,66.51000213623047,28,1,False,-0.07593938744259188,-0.015869462621588948,0.251364068237073,-0.20280472380503678,False,False,False,all
2026-09-11,MUNI,50.67499923706055,28,1,False,-0.021259020839516696,-0.031933781295553354,0.002869591554850448,-0.050496528925619844,False,False,False,all
2026-09-11,PTCT,66.05999755859375,28,0,False,-0.11493163224923464,-0.09705685319982071,0.14956925751646044,-0.27302745062282374,False,True,False,all
2026-09-11,SMA,32.119998931884766,28,3,False,-0.04444011215244925,-0.007917849322876092,0.09214549808000494,-0.19235608342532762,False,True,False,all
2026-09-11,SPOT,525.75,28,2,False,0.03596548509710962,0.039836774334699454,0.29814814814814805,-0.2942953020134228,False,True,False,all
2026-09-11,TE,4.610000133514404,28,2,False,-0.138993666219133,-0.2962046769169264,1.7117647083572862,-0.6309047063255715,True,True,False,all
2026-09-11,VMBS,45.31999969482422,28,1,False,-0.01881825486246469,-0.03179151336925046,0.0005519710098156327,-0.05386224945443463,False,False,False,all
2026-09-11,XAR,245.9600067138672,28,3,False,-0.09003056127237052,-0.07869347051660947,0.14389359978897986,-0.17404882750871775,False,True,False,all
2026-09-11,CGBD,11.369999885559082,28,2,False,0.043607551042500914,-0.0101531210966751,0.14328810804051528,-0.18230851464176445,False,True,False,all
2026-09-11,COLM,56.91999816894531,28,3,False,-0.0503457261593262,-0.03889019893843082,0.1990730293918921,-0.1757891662151927,False,True,False,all
2026-09-11,IBDW,20.280000686645508,28,1,False,-0.016006843433474804,-0.030516241705150438,0.0004933511917117883,-0.055162130848875,False,False,False,all
2026-09-11,MMIT,23.489999771118164,28,1,False,-0.021669875717476694,-0.03275856924227427,0.003846160429704426,-0.05167544057288531,False,False,False,all
2026-09-11,NYT,66.87999725341797,28,3,False,-0.04436669340884736,-0.09109074306986498,0.23622918927456582,-0.23214697560196673,True,False,False,all
2026-09-11,IREN,43.83000183105469,28,2,False,0.0909580117525588,-0.04001310260231794,0.5150363418148043,-0.4298165699883033,False,True,False,all
2026-09-11,IYC,98.29000091552734,28,1,False,-0.027792334781837402,-0.03395078874028534,0.04574958133300844,-0.08448211292157626,False,True,False,all
2026-09-11,PPLI,37.5099983215332,28,4,False,-0.10203225602103205,-0.07088845446515535,0.2689444857653136,-0.22371691725091059,True,False,False,all
2026-09-11,TNL,66.73999786376953,28,4,False,-0.08614152775014017,-0.06694602300750352,0.14930253512155733,-0.17604940908926503,False,True,False,all
2026-09-11,CMF,55.34000015258789,28,1,False,-0.022631020517838274,-0.03337764148369338,0.004902859256580738,-0.05304583413703734,False,False,False,all
2026-09-11,PUK,26.68000030517578,28,1,False,-0.05530768592856372,-0.09669554803916014,0.08411213504616999,-0.21598585770719092,False,True,False,all
2026-09-11,PFF,30.149999618530273,28,1,False,-0.010320259676595889,-0.027413094340762223,0.00634180707155263,-0.06540603883399854,False,False,False,all
2026-09-11,TMQ,3.2699999809265137,28,1,False,-0.04083070191030913,-0.20630105565600032,0.6432160629425046,-0.7103631539437305,False,True,False,all
2026-09-11,VPLS,75.23999786376953,28,1,False,-0.016152694501845644,-0.03024363069454772,0.0005319270897694572,-0.05251234864669285,False,True,False,all
2026-09-11,BC,70.72000122070312,28,3,False,-0.10209593808175366,-0.10432939745632575,0.20765026574876821,-0.21639887844096262,False,False,False,all
2026-09-11,AGG,95.9800033569336,27,1,False,-0.01611041571052807,-0.0313533160891416,0.0003856723593231859,-0.054011391454641955,False,False,False,all
2026-09-11,ARES,131.63999938964844,27,1,False,-0.009549381022652126,-0.010308170575169084,0.37411268472013903,-0.295477682153677,True,True,False,all
2026-09-11,AVGO,361.989990234375,27,3,False,-0.05506761195360621,-0.022184491755252167,0.24841357739678394,-0.26870709043560603,False,False,False,all
2026-09-11,BANF,110.9000015258789,27,4,False,-0.023348048048006498,-0.009768809482128438,0.09282615153068674,-0.18106628987305184,False,True,False,all
2026-09-11,BND,71.22000122070312,27,1,False,-0.015847025943464765,-0.030857551183921306,0.0005619684652409251,-0.053303229526718954,False,False,False,all
2026-09-11,EAGG,45.95000076293945,27,1,False,-0.01638851289604748,-0.031802989577879304,0.0006533666200019272,-0.05452670358812317,False,True,False,all
2026-09-11,FBND,44.2400016784668,27,1,False,-0.0162723806804006,-0.031884953641309166,0.0006310646899978511,-0.055911201403313626,False,False,False,all
2026-09-11,FLCB,20.7450008392334,27,1,False,-0.01632110773431583,-0.03228330711524474,0.0007187715961560759,-0.05532779125197462,False,False,False,all
2026-09-11,FMB,49.189998626708984,27,1,False,-0.0248530918201747,-0.036258287869733286,0.003263305147779727,-0.05458389812067321,False,False,False,all
2026-09-11,FUTY,54.70000076293945,27,2,False,-0.0410675387234245,-0.051192239179558396,0.010530199216270963,-0.11071366841851682,False,False,False,all
2026-09-11,GMED,74.19000244140625,27,2,False,-0.07755085334461254,-0.13433498205424388,0.3700831089718437,-0.2683431821993437,False,True,False,all
2026-09-11,GTO,45.5,27,1,False,-0.016216211347670484,-0.03156770005205278,0.00032976562486886074,-0.052201818350135154,False,False,False,all
2026-09-11,HIMU,46.970001220703125,27,1,False,-0.03181386317953594,-0.036184108333769616,0.006428177920037692,-0.05947131533194394,False,False,False,all
2026-09-11,INVA,20.65999984741211,27,3,False,-0.03057490179749056,-0.050994139883841716,0.2506052829861043,-0.1785288206449902,False,True,False,all
2026-09-11,JBND,51.869998931884766,27,1,False,-0.016548248880961736,-0.03227072143386023,0.0003008095152619017,-0.07018017255957676,False,False,False,all
2026-09-11,JBSS,70.26000213623047,27,4,False,-0.12916729412493388,-0.10027638509432102,0.1894363043713836,-0.23696784601350063,False,True,False,all
2026-09-11,JCPB,45.470001220703125,27,1,False,-0.01683040366199473,-0.03225903576567035,0.0002200205990299242,-0.05605142310308098,False,False,False,all
2026-09-11,MUB,103.16999816894531,27,1,False,-0.023595749035908997,-0.03403626722503894,0.005065724650138659,-0.053486255330777,False,False,False,all
2026-09-11,RCI,36.209999084472656,27,2,False,0.0368109189253325,-0.00947444003938136,0.15391969575782682,-0.11983471993964734,False,True,False,all
2026-09-11,SCHZ,22.420000076293945,27,1,False,-0.01689950495097281,-0.03254898548553675,0.00028107686392764286,-0.0552043611973424,False,False,False,all
2026-09-11,SPMB,21.56999969482422,27,1,False,-0.01942066965576872,-0.0332621597394861,0.0006958658982174626,-0.05684307375183972,False,False,False,all
2026-09-11,VCRB,74.80000305175781,27,1,False,-0.016707264833891622,-0.03226373997700738,0.0003343567418083726,-0.05531696434120448,False,False,False,all
2026-09-11,VPU,183.19000244140625,27,2,False,-0.041479204706141526,-0.051907764042810944,0.010257544761316018,-0.11115964572365233,False,False,False,all
2026-09-11,CGCB,25.459999084472656,27,1,False,-0.016528991807556848,-0.03175954003404147,0.0003928613451267271,-0.053883343409936835,False,True,False,all
2026-09-11,SPTI,27.610000610351562,27,1,False,-0.016814903271868964,-0.03220942215583189,0.0007213194629467345,-0.05574552577037417,False,False,False,all
2026-09-11,EVTR,49.31999969482422,27,1,False,-0.017110884643779856,-0.03269157641802811,0.000507181799525025,-0.05426657235379617,False,False,False,all
2026-09-11,VGIT,57.34000015258789,27,1,False,-0.01720491115422973,-0.03267545918189352,0.0003489263410703103,-0.05628700236045392,False,False,False,all
2026-09-11,XLU,42.38999938964844,27,2,False,-0.041370997953232735,-0.0502942053019636,0.01557253677632131,-0.11317991493224966,False,False,False,all
2026-09-11,SCHR,23.979999542236328,27,1,False,-0.017350060207310225,-0.033025543533003576,0.0,-0.05664832925789509,False,False,False,all
2026-09-11,CHH,96.7699966430664,27,3,False,-0.09858974714075619,-0.08126711912797491,0.1514754353743355,-0.2184623091457537,False,True,False,all
2026-09-11,SMTH,25.030000686645508,27,1,False,-0.014285162176829846,-0.030089292548549973,0.00019984288477403744,-0.0544011584459122,False,True,False,all
2026-09-11,VTEI,97.05000305175781,27,1,False,-0.02289670223533269,-0.03461386229046992,0.0020444150005691775,-0.05466481630580711,False,False,False,all
2026-09-11,MBB,91.37999725341797,27,1,False,-0.01959735611086577,-0.03420602836035158,0.0004926716964621658,-0.057646735040895236,False,False,False,all
2026-09-11,SPGI,410.7099914550781,27,1,False,-0.04111458841353777,-0.04296515356901531,0.13760242685902968,-0.213905888878401,False,True,False,all
2026-09-11,NYF,51.57500076293945,27,1,False,-0.02529230091828305,-0.03521352081578255,0.0041861399928520004,-0.054016868490411984,False,False,False,all
2026-09-11,VTEC,96.38999938964844,27,1,False,-0.024261364594905466,-0.03477465380504419,0.003278714040198638,-0.05407264037018811,False,False,False,all
2026-09-11,VTEB,48.43000030517578,27,1,False,-0.024713427908160557,-0.03486002057545279,0.00435502030602386,-0.05373192621340983,False,False,False,all
2026-09-11,PIPR,76.43000030517578,27,2,False,0.014424662489476159,-0.051392421288447565,0.11255865102069351,-0.19602379064489306,False,False,False,all
2026-09-11,SPAB,24.739999771118164,27,1,False,-0.01613006817865681,-0.03160021558079851,0.000643083393551791,-0.05464273217450788,False,True,False,all
2026-09-11,AA,48.2599983215332,26,3,False,-0.006484851846974782,-0.16704281683553335,0.5714750817408534,-0.4280635234367901,True,True,False,all
2026-09-11,AVIG,40.0099983215332,26,1,False,-0.019900399445042405,-0.03629610090607849,0.0,-0.05945139886277384,False,False,False,all
2026-09-11,BIZD,13.050000190734863,26,2,False,0.009233923938188893,-0.013086979838018986,0.09022555552324407,-0.18437498807907104,True,False,False,all
2026-09-11,BOND,88.83999633789062,26,1,False,-0.02034951486460379,-0.037197550592301565,0.0005360796006459445,-0.06168149501966047,False,False,False,all
2026-09-11,BSCW,19.91469955444336,26,1,False,-0.018163600720876194,-0.034323559040334906,0.000738690261048891,-0.06239643271921913,False,False,False,all
2026-09-11,ERIE,245.02999877929688,26,0,False,-0.006536604220827802,-0.03273763010159059,0.19742947237684239,-0.2829299554985093,False,False,False,all
2026-09-11,FIXD,42.27899932861328,26,1,False,-0.016671872489762762,-0.03420014607131261,0.007842635511093432,-0.06369171804744267,False,False,False,all
2026-09-11,FLMI,23.969999313354492,26,1,False,-0.027878063162710354,-0.03766826810082824,0.004189294956233658,-0.05852316672025626,False,False,False,all
2026-09-11,GGG,76.69999694824219,26,1,False,-0.022618705353568136,-0.0673598824887156,0.05778505983408522,-0.19845339124943795,False,False,False,all
2026-09-11,GOLF,85.16000366210938,26,3,False,-0.131642400112284,-0.09990081862902289,0.1651389783688022,-0.28825739593751487,True,True,False,all
2026-09-11,HYD,49.04999923706055,26,1,False,-0.0266080426976959,-0.03595846980179562,0.005122950899764334,-0.05089011324660997,False,False,False,all
2026-09-11,ITM,44.959999084472656,26,1,False,-0.023538479397969492,-0.039134555537680527,0.004243882617071426,-0.06372347655395094,False,False,False,all
2026-09-11,KKR,101.08000183105469,26,0,False,-0.02393426302253987,-0.041127257287980945,0.2226926825918938,-0.33543722698957645,False,True,False,all
2026-09-11,NVO,43.06999969482422,26,0,False,-0.09443372340555511,-0.06916129933345605,0.2263667712051609,-0.3287095193814673,False,True,False,all
2026-09-11,NVS,137.16000366210938,26,4,False,-0.11017804308922496,-0.08521210152483716,0.12823890767805013,-0.1953537588887635,False,False,False,all
2026-09-11,OMAB,98.7300033569336,26,0,False,-0.05914615892914776,-0.10013285762225443,0.03176926364265498,-0.2686124947084818,False,False,False,all
2026-09-11,PCY,20.719999313354492,26,1,False,-0.020201290761060475,-0.03454127691076736,0.01270773414057258,-0.06582511143972314,False,True,False,all
2026-09-11,SCMB,24.65999984741211,26,1,False,-0.02638935265523701,-0.038331241034887165,0.004071676858478757,-0.05877865918636582,False,False,False,all
2026-09-11,UITB,45.349998474121094,26,1,False,-0.018217244321719783,-0.03363373525344704,0.0005515214729368001,-0.05628970583449033,False,False,False,all
2026-09-11,USIG,49.5,26,1,False,-0.0170848480954765,-0.0344345971130553,0.0,-0.06107741172507086,False,False,False,all
2026-09-11,DFGP,52.55619812011719,26,1,False,-0.018318684329747814,-0.0304337438162805,0.00030828329477738947,-0.06433683757579478,False,True,False,all
2026-09-11,DFGX,51.29499816894531,26,1,False,-0.020772373269872246,-0.029333852655242798,0.00029249980509926665,-0.06276267864099194,False,False,False,all
2026-09-11,CNP,39.11000061035156,26,3,False,-0.05762668176784902,-0.05663334342192139,0.05077913293020386,-0.13588152760172945,True,True,False,all
2026-09-11,CORP,93.4800033569336,26,1,False,-0.017673017129195,-0.03549614020702452,0.00010700905210070388,-0.06172833550161916,False,True,False,all
2026-09-11,CGCP,21.649999618530273,26,1,False,-0.01749452129029272,-0.03406000070454818,0.0,-0.058900221328726854,False,False,False,all
2026-09-11,TTWO,215.47000122070312,26,1,False,-0.09117135861127723,-0.05253657142434898,0.14837710181417174,-0.18977965239292283,False,False,False,all
2026-09-11,HTRB,32.72999954223633,26,1,False,-0.017531943434835218,-0.033623166557535056,0.000265922348342551,-0.06002298020980612,False,True,False,all
2026-09-11,SYSB,85.83000183105469,26,1,False,-0.01719826808507019,-0.034051059158371366,0.0,-0.05888152737806651,False,False,False,all
2026-09-11,CAL,12.510000228881836,26,3,False,-0.014727869563095242,-0.004998850921760667,0.4215909042880557,-0.2249070197050156,False,False,False,all
2026-09-11,MNR,12.569999694824219,26,3,False,-0.028127875454738382,-0.01694347731234791,0.2017208077420849,-0.16311589136291105,False,False,False,all
2026-09-11,TFI,43.78499984741211,26,1,False,-0.02595019448629543,-0.037981447274230806,0.0026334253100239735,-0.05838710005565351,False,False,False,all
2026-09-11,PFFA,20.6200008392334,26,1,False,-0.01101215917740661,-0.031071913574935772,0.019278364103905377,-0.08355551825629337,False,False,False,all
2026-09-11,SMBS,24.510000228881836,26,1,False,-0.020794624092801306,-0.03761620110967634,0.000408172607421875,-0.061638612504685275,False,False,False,all
2026-09-11,SCCR,24.739999771118164,26,1,False,-0.017066653786899977,-0.03363150605399001,0.0008049873569224708,-0.057523818243117586,False,True,False,all
2026-09-11,LPTH,9.199999809265137,26,3,False,-0.22621452472481995,-0.23072743854212563,0.7794970354932858,-0.5142555675897771,False,False,False,all
2026-09-11,DFCF,40.90999984741211,26,1,False,-0.017783616473510455,-0.03272503601265275,0.0009787354189563224,-0.05454126612860066,False,False,False,all
2026-09-11,PALL,23.6200008392334,26,0,False,-0.00961035247273534,-0.13012219617093324,0.13721715544808366,-0.40175265259248605,False,False,False,all
2026-09-11,PAHC,35.619998931884766,26,2,False,0.010854874023308758,-0.14694181796914763,0.26088491794282365,-0.4071238707340854,False,False,False,all
2026-09-11,CRCL,90.5999984741211,26,4,False,0.2177419112285226,0.05925018393555126,0.8156311764266089,-0.4318680768758971,False,False,False,all
2026-09-11,AB,36.09000015258789,25,1,False,-0.022422785487272057,-0.058669480640975546,0.03350521320138755,-0.18181818968013275,False,False,False,all
2026-09-11,ADC,71.2300033569336,25,2,False,-0.06452819710342672,-0.056637464237481505,0.02400813480381614,-0.13218808762277623,True,True,False,all
2026-09-11,AKR,19.770000457763672,25,4,False,-0.07001465174722099,-0.05428642257425531,0.06233206928359136,-0.1415544998560171,False,False,False,all
2026-09-11,APG,37.86000061035156,25,3,False,-0.07146710198511397,-0.0975013126497063,0.1335329006202881,-0.24264854292533933,False,False,False,all
2026-09-11,ARVN,8.449999809265137,25,0,False,-0.030652073834976368,-0.19365999131289968,0.21233860310242436,-0.417643027155465,False,True,False,all
2026-09-11,ATO,163.19000244140625,25,2,False,-0.05238009302571278,-0.06955845706756436,0.01930041361705337,-0.15230373955669374,False,True,False,all
2026-09-11,BCE,23.389999389648438,25,4,False,0.038116008057125894,-0.02250865325949669,0.12074741011402867,-0.1180241709686296,True,True,False,all
2026-09-11,BIV,74.05999755859375,25,1,False,-0.01993740856682502,-0.03781259128478942,0.0004038843388205482,-0.06359841967633384,False,False,False,all
2026-09-11,DX,12.520000457763672,25,1,False,-0.03347328812110972,-0.06360665170925084,0.05832633461602388,-0.16141994629274292,False,True,False,all
2026-09-11,ECAT,14.739999771118164,25,1,False,-0.04346586097828453,-0.031709238748523494,0.10329342439400446,-0.1247031094086426,False,False,False,all
2026-09-11,FEPI,42.52000045776367,25,2,False,0.023544426408084185,-0.014411667859672184,0.12189970305753506,-0.14412237929608396,True,False,False,all
2026-09-11,FSK,11.890000343322754,25,1,False,0.03387710985162995,-0.014480232745794908,0.22325103052258122,-0.3357541566082439,True,True,False,all
2026-09-11,GAB,5.579999923706055,25,1,False,-0.01622003802070171,-0.03612250769862457,0.05681812537439157,-0.11525908448230016,False,True,False,all
2026-09-11,IGEB,43.502498626708984,25,1,False,-0.01810534476110015,-0.035960353168627,0.00028507099013230786,-0.06365692027643832,False,True,False,all
2026-09-11,IGIB,51.22999954223633,25,1,False,-0.020219106582947344,-0.037925249536698735,0.0001952034614391973,-0.061377833939761595,False,False,False,all
2026-09-11,MTBA,47.744998931884766,25,1,False,-0.018551848874356014,-0.03731352291658785,0.00020945472725175662,-0.06161560672991162,False,False,False,all
2026-09-11,QLTA,45.7599983215332,25,1,False,-0.01763368366925222,-0.037542400957400024,0.00043718063691766673,-0.06650351092997919,False,True,False,all
2026-09-11,TIP,105.83999633789062,25,1,False,-0.014394861146970528,-0.03576615185129162,0.00018896846649107957,-0.057188719723601955,False,False,False,all
2026-09-11,TOTL,38.119998931884766,25,1,False,-0.01836827636382221,-0.039071159602717676,0.0007875762451221568,-0.06703546709523778,False,True,False,all
2026-09-11,UE,20.56999969482422,25,4,False,-0.07194355981493383,-0.026424288520527472,0.1143012304982376,-0.14682707697682318,False,False,False,all
2026-09-11,VCIT,79.5999984741211,25,1,False,-0.020483717919676625,-0.03842554853432367,0.0,-0.06176329667554781,False,False,False,all
2026-09-11,DOO,60.9900016784668,25,0,False,-0.020813506483963184,-0.08054049351562342,0.24902722489104323,-0.2552203915857346,False,False,False,all
2026-09-11,HTHT,42.65999984741211,25,2,False,-0.024066618968405895,-0.10479801975617264,0.16748765130118337,-0.24682202847606882,False,False,False,all
2026-09-11,FTCB,20.235000610351562,25,1,False,-0.016907124551621133,-0.03486479214837468,0.0007419039320719634,-0.06319443273200931,False,False,False,all
2026-09-11,PPL,34.08000183105469,25,2,False,-0.037065037446026405,-0.060059084460538426,0.027434540619340364,-0.15033654169879662,False,True,False,all
2026-09-11,VTC,74.03019714355469,25,1,False,-0.017630670055129194,-0.03647370821414431,2.6795118341915725e-06,-0.06574710828704977,False,False,False,all
2026-09-11,LOGI,102.69999694824219,25,3,False,0.0125628482072766,0.021498687180360188,0.23259718344216274,-0.2079284741046612,False,True,False,all
2026-09-11,SCHI,21.809999465942383,25,1,False,-0.020202451454499726,-0.0386713546650882,0.0004587261115511776,-0.06306385512868495,False,False,False,all
2026-09-11,SCHP,25.59000015258789,25,1,False,-0.016676904007225213,-0.03481856317087639,0.0015655936094636225,-0.058845176537072885,False,False,False,all
2026-09-11,PFGC,93.94000244140625,25,4,False,-0.12991930557304343,-0.03216996916866266,0.16233609002874383,-0.2003404668091946,False,True,False,all
2026-09-11,VNT,32.16999816894531,25,1,False,0.009799734717022446,-0.06869299572550891,0.18042042574193462,-0.3325726626610236,True,True,False,all
2026-09-11,BKNG,173.9199981689453,25,2,False,-0.10255590646340584,-0.06284672122822255,0.1583854993737026,-0.22700713284330643,False,False,False,all
2026-09-11,SPBO,27.979999542236328,25,1,False,-0.017763131193709758,-0.03638027745081651,0.0,-0.06515204620971016,False,False,False,all
2026-09-11,BXSL,24.40999984741211,25,2,False,0.01650730591031091,-0.012190811483426378,0.08633736507969658,-0.15389949654591395,True,True,False,all
2026-09-11,PFFD,18.1200008392334,25,1,False,-0.019300042176059073,-0.039177847737408844,0.0061077517464525055,-0.08898937178128918,False,False,False,all
2026-09-11,CHA,12.239999771118164,25,3,False,0.10242458663284704,0.0755711555890397,0.3630289972230871,-0.3369447249098917,False,False,False,all
2026-09-11,JMBS,43.439998626708984,25,1,False,-0.02259025210363086,-0.04030967528478113,0.0003454090941155119,-0.06359130850943107,False,True,False,all
2026-09-11,REAL,9.829999923706055,25,0,False,-0.12020836698469872,-0.17704259202603767,0.22111797401196087,-0.43479761892881186,False,True,False,all
2026-09-11,RITM,9.739999771118164,25,1,False,-0.0029277624100959576,-0.03489825798588908,0.1553973212952413,-0.2318612352759608,False,True,False,all
2026-09-11,AHRT,6.320000171661377,24,2,False,-0.0745621478678341,-0.034709200948625285,0.23196881689546478,-0.1802853255004223,False,True,False,all
2026-09-11,AIPI,36.970001220703125,24,2,False,0.017432054692260834,-0.008682374873826837,0.1477802630092313,-0.1799024019729465,True,False,False,all
2026-09-11,ARLO,13.1899995803833,24,0,False,-0.03276431315787831,-0.028711581003375564,0.1936650997927376,-0.33851558540057625,False,False,False,all
2026-09-11,BITO,10.369999885559082,24,3,False,0.11839691693864496,0.004494545643248582,0.3176620122431426,-0.5039701608418756,False,True,False,all
2026-09-11,BKV,24.229999542236328,24,1,False,-0.043094341798288305,-0.11558531543539041,0.20667328856066702,-0.2615056833871162,False,False,False,all
2026-09-11,ELS,60.08000183105469,24,4,False,-0.06849533867901803,-0.05872102123656753,0.023160772855571166,-0.12927533578181616,False,True,False,all
2026-09-11,EXC,43.15999984741211,24,2,False,-0.05189116879591682,-0.05954951988647428,0.013621371334334054,-0.1478776199965144,False,False,False,all
2026-09-11,IEF,91.01000213623047,24,1,False,-0.021850086466608354,-0.04165043056309137,0.00032972937118036505,-0.07180010909139012,False,True,False,all
2026-09-11,LMUB,48.02000045776367,24,1,False,-0.034966288770108434,-0.046816260144694644,0.006708588882724742,-0.10276532049622145,False,False,False,all
2026-09-11,LNN,116.3499984741211,24,3,False,0.00795097435392389,-0.016214922315312963,0.19615505797814525,-0.213851361661344,False,False,False,all
2026-09-11,LWLG,5.230000019073486,24,3,False,-0.1868781038349716,-0.27480466134723514,0.841549358146104,-0.7204703220208151,False,True,False,all
2026-09-11,PBW,31.100000381469727,24,2,False,-0.06704104609556516,-0.10749132333269884,0.2540323120250183,-0.3413807798074717,False,True,False,all
2026-09-11,REYN,21.75,24,1,False,-0.13521637545663212,-0.07240171278900831,0.0640899917668607,-0.20387993254185344,False,False,False,all
2026-09-11,RQI,11.8100004196167,24,3,False,-0.04310481627271223,-0.052813053808704824,0.04513276285605694,-0.1296978124383309,False,True,False,all
2026-09-11,SAIA,351.04998779296875,24,3,False,-0.08047214651487877,-0.09243937004243352,0.40802975084329707,-0.290392363492732,False,True,False,all
2026-09-11,SBAC,185.47000122070312,24,3,False,0.010102668785022972,-0.03783776025873864,0.141986312657006,-0.17370580204457975,False,True,False,all
2026-09-11,SLGN,38.630001068115234,24,4,False,-0.1001965596807195,-0.07836627502946791,0.08267939287297388,-0.220383417499183,False,True,False,all
2026-09-11,SPIP,24.799999237060547,24,1,False,-0.01470007302788523,-0.039294066135027284,0.0004033207407805328,-0.06696767087113376,False,False,False,all
2026-09-11,TOL,134.9199981689453,24,4,False,-0.08678396136981614,-0.06700944130056874,0.09557447419595078,-0.19862201425621873,False,True,False,all
2026-09-11,URA,43.529998779296875,24,1,False,0.007359039388110666,-0.10300874908896196,0.17079070527164886,-0.30105973615132564,False,False,False,all
2026-09-11,XDTE,38.41999816894531,24,1,False,-0.011124256621913853,-0.026952354672095447,0.07109002824067145,-0.1426021648853254,False,True,False,all
2026-09-11,YETI,40.2599983215332,24,1,False,-0.14107972638807076,-0.09492297233526781,0.2716360870363068,-0.2543064072992912,False,True,False,all
2026-09-11,CPT,103.01000213623047,24,4,False,-0.06574179387897872,-0.040265323511276985,0.06712942545197031,-0.14022198284535603,False,False,False,all
2026-09-11,CVCO,529.6400146484375,24,1,False,-0.07436726155642814,-0.055745383354420586,0.19465876984573605,-0.25717730832062713,False,True,False,all
2026-09-11,CMCSA,25.200000762939453,24,3,False,0.00976105095542179,-0.06368498681715418,0.18421052395707793,-0.23311015536010227,False,True,False,all
2026-09-11,BRO,66.19000244140625,24,0,False,-0.056912897761017156,-0.04332841552460576,0.2300687744315899,-0.31444846867665455,False,True,False,all
2026-09-11,EPAM,117.91000366210938,24,2,False,0.165040329006237,-0.1394017737867348,0.6138791076135219,-0.47013883831882197,False,True,False,all
2026-09-11,RL,339.0899963378906,24,4,False,-0.09324382336073656,-0.07449221057612643,0.13037530475103876,-0.19570685144953792,False,False,False,all
2026-09-11,WEC,105.33000183105469,24,2,False,-0.045382599877475394,-0.056430931953754815,0.023118066569822737,-0.12159120495183384,False,True,False,all
2026-09-11,UA,4.989999771118164,24,2,False,-0.1572654549489153,-0.1378714973074061,0.2632910660455068,-0.36888971551034544,True,True,False,all
2026-09-11,LQD,104.31999969482422,24,1,False,-0.020230294671716886,-0.04265296990018541,9.588856739117801e-05,-0.07624192497196824,False,True,False,all
2026-09-11,AMT,177.85000610351562,24,4,False,0.03594985469201806,0.001672490530422177,0.11114587539843868,-0.10686485339976814,True,True,False,all
2026-09-11,SMG,56.470001220703125,24,3,False,-0.11681168277198362,-0.09811563809063018,0.08596156193659854,-0.2504645080225103,False,True,False,all
2026-09-11,ZTO,20.610000610351562,24,3,False,-0.09747764252645086,-0.10711768769720298,0.13804527419899792,-0.21335877823694893,False,False,False,all
2026-09-11,VNQI,44.08000183105469,24,1,False,-0.03039471041356312,-0.051836004725945184,0.020134292178096036,-0.1336477809416139,False,False,False,all
2026-09-11,EPAC,35.220001220703125,24,1,False,-0.025267731928588333,-0.05248202440602279,0.08871724519177149,-0.2173333062065972,False,True,False,all
2026-09-11,VTS,18.760000228881836,24,2,False,0.14580280837817794,0.015036184328356628,0.2506666819254557,-0.27623456120127643,False,False,False,all
2026-09-11,PZA,22.1200008392334,24,1,False,-0.03540058624749587,-0.045986272306108966,0.004085344974249061,-0.06390175095902184,False,False,False,all
2026-09-11,CE,46.09000015258789,24,4,False,0.01193064230335672,-0.0944936765713944,0.3119840236617639,-0.34809049304020057,False,True,False,all
2026-09-11,PL,16.450000762939453,24,3,False,-0.26773676051906004,-0.392772674998071,0.8017525253828302,-0.6821869919556021,False,False,False,all
2026-09-11,ACDC,5.210000038146973,23,4,False,0.08379098000447494,-0.04604088226657321,0.6915584958450143,-0.36618006461085273,False,True,False,all
2026-09-11,ALB,117.5199966430664,23,3,False,-0.07601348700452415,-0.24979087583166448,0.6494034616570723,-0.4682353093073919,False,False,False,all
2026-09-11,ARR,15.800000190734863,23,1,False,-0.04298103141324883,-0.08042764724808482,0.13018603062181477,-0.1817710705480966,False,True,False,all
2026-09-11,DTE,132.5800018310547,23,2,False,-0.06693333993180905,-0.06287659789890976,0.05030498538580841,-0.1487640331874498,False,True,False,all
2026-09-11,EVH,4.190000057220459,23,2,False,-0.09027745894220385,0.08476157508159865,1.0,-0.5649013491768048,True,True,False,all
2026-09-11,G,35.13999938964844,23,2,False,0.03587534470773579,-0.06098019098572027,0.30875228642082164,-0.27754934558804845,False,True,False,all
2026-09-11,GOVI,25.989999771118164,23,1,False,-0.020221374188632124,-0.04439747041242126,0.0003849202870684909,-0.0822740094920229,False,True,False,all
2026-09-11,IAUI,50.810001373291016,23,2,False,0.007941759887682975,-0.08278598483373223,0.061638126312547614,-0.21310203479273315,False,False,False,all
2026-09-11,LINE,37.75,23,4,False,-0.09218145449863024,-0.02466058372896185,0.2049154194678504,-0.17486338797814205,False,True,False,all
2026-09-11,LUNR,14.350000381469727,23,3,False,-0.0761960926101306,-0.27913715716713383,0.8444730070030706,-0.6930481201824658,False,True,False,all
2026-09-11,MQ,16.329999923706055,23,0,False,-0.016099102981538604,-0.03513799470949186,0.1033783590036037,-0.32184385484031297,False,True,False,all
2026-09-11,NRDS,9.430000305175781,23,0,False,-0.01186181698053701,-0.11608318189989542,0.28649391587005146,-0.41933494839412166,False,True,False,all
2026-09-11,PHM,118.26000213623047,23,2,False,-0.07140869765883606,-0.056004701804037604,0.09005442404680553,-0.18159168071812826,False,True,False,all
2026-09-11,QCML,18.299999237060547,23,2,False,0.14199841327367468,-0.027809731446230335,0.7495219092085643,-0.5632458575029448,False,False,False,all
2026-09-11,SG,7.099999904632568,23,4,False,0.06507454109559418,0.041292363987483816,0.5812918188333058,-0.3320790377991458,False,True,False,all
2026-09-11,SNY,42.77000045776367,23,1,False,-0.026418933334523165,-0.06210150169350381,0.04597703830221067,-0.18811692843590322,False,True,False,all
2026-09-11,SO,87.16999816894531,23,2,False,-0.06001986008666471,-0.05638014352219778,0.04021473740407955,-0.1355612719693129,False,False,False,all
2026-09-11,SPIR,11.420000076293945,23,3,False,-0.13683636668236743,-0.1551410922430687,0.7303030668649249,-0.559583496263421,False,True,False,all
2026-09-11,SSD,173.49000549316406,23,4,False,-0.08033507739345758,-0.057893703456581846,0.10983877536119557,-0.18736240091239675,False,True,False,all
2026-09-11,STE,210.75999450683594,23,1,False,-0.06504579861665194,-0.09157954977272309,0.08004507105689829,-0.21778506310447032,False,True,False,all
2026-09-11,SUPV,8.5,23,1,False,-0.05731523111374526,-0.12962005252551356,0.8722467117666397,-0.3726937357674668,False,True,False,all
2026-09-11,TRI,97.3499984741211,23,0,False,-0.019998685401264926,-0.036803332698503555,0.2762191928684563,-0.4416083485200619,False,True,False,all
2026-09-11,XTEN,43.45000076293945,23,1,False,-0.023083535153859636,-0.04776743047139409,0.0,-0.08526314183285366,False,False,False,all
2026-09-11,CRWV,88.98999786376953,23,3,False,0.04046942649993035,-0.03147333178059808,0.46969445062027115,-0.4191253287437444,False,True,False,all
2026-09-11,PII,58.5099983215332,23,1,False,-0.12989556825991788,-0.0988084230865115,0.2411964166122056,-0.249679458800244,False,True,False,all
2026-09-11,NG,7.5,23,3,False,0.055000702484630404,-0.14671399529152263,0.4763779749288781,-0.47916665286929483,False,False,False,all
2026-09-11,IR,72.93000030517578,23,1,False,-0.10026277055391153,-0.11066343740712714,0.0713971005162366,-0.2776346972412741,False,True,False,all
2026-09-11,GBDC,12.789999961853027,23,1,False,-0.01618411959549526,-0.021003647523944013,0.0866609570449548,-0.13872056341407435,False,False,False,all
2026-09-11,MWA,23.940000534057617,23,3,False,-0.04501282506380333,-0.09083829679074906,0.05277048263050377,-0.22774191825620593,False,True,False,all
2026-09-11,UTES,74.95999908447266,23,2,False,-0.03635523403269725,-0.062117817178639956,0.02334469739894418,-0.15231430458184703,False,False,False,all
2026-09-11,STRT,71.37999725341797,23,2,False,-0.11237235401206591,-0.09985009490375074,0.25206103060797824,-0.23247314781271,False,False,False,all
2026-09-11,CWK,12.899999618530273,23,0,False,-0.05738965277900909,-0.08569325398852445,0.11495245970499224,-0.2586206953250555,False,True,False,all
2026-09-11,DOLE,13.329999923706055,23,2,False,-0.03559543895456496,-0.0868737324740505,0.0646964406011743,-0.19553408755524637,False,True,False,all
2026-09-11,AVS,8.069999694824219,23,1,False,0.04904918552459825,-0.05667052694514041,0.291199951171875,-0.2633500911888501,False,True,False,all
2026-09-11,UPBD,18.309999465942383,23,3,False,-0.08053714579979654,-0.04458019954646575,0.15739569021185318,-0.34677135150175287,True,True,False,all
2026-09-11,DOV,189.0500030517578,23,3,False,-0.0766274526472508,-0.10066721788411959,0.1892181015290657,-0.2041340052408167,False,False,False,all
2026-09-11,COST,904.77001953125,23,3,False,-0.03828183710497646,-0.057994576787735896,0.07192619262642141,-0.17485634333675326,False,True,False,all
2026-09-11,MMYT,50.09000015258789,23,1,False,-0.1235682987807376,-0.11457573626782569,0.5332109874496804,-0.5148198257550896,False,True,False,all
2026-09-11,RYAN,38.119998931884766,23,1,False,-0.09842581394218552,-0.07858498000920677,0.3019125012955053,-0.35591791759106817,False,True,False,all
2026-09-11,ADBE,252.22999572753906,22,1,False,-0.001497191389666308,-0.05391802485191555,0.3266884189223114,-0.3198781057804505,False,False,False,all
2026-09-11,ALGN,150.82000732421875,22,3,False,-0.11025894336831754,-0.11738969653379205,0.23622956823130115,-0.24755535079227864,False,True,False,all
2026-09-11,ATOM,4.150000095367432,22,3,False,-0.20952379279450228,-0.20827211043772687,1.1934461856365908,-0.6643752388042181,False,True,False,all
2026-09-11,BEAM,23.989999771118164,22,2,False,-0.16139114162512136,-0.16119101961517623,0.22585590931117516,-0.3729743642561455,False,True,False,all
2026-09-11,BLV,64.83999633789062,22,1,False,-0.02436387728283218,-0.05521820720588211,0.001235240874326804,-0.10725597150095922,False,False,False,all
2026-09-11,BR,167.74000549316406,22,1,False,0.026142374909809307,-0.046696982813813404,0.2533811790940341,-0.3440994686392632,False,True,False,all
2026-09-11,DSGX,76.04000091552734,22,2,False,0.0071416560275969765,0.00928988334182157,0.21547313373288057,-0.29278270749991786,False,False,False,all
2026-09-11,EPRT,28.790000915527344,22,2,False,-0.07202668107819887,-0.07675974580078682,0.00139133619225551,-0.17103365116619573,False,True,False,all
2026-09-11,FXI,34.4900016784668,22,1,False,-0.014188324341108172,-0.058177753747561844,0.10580317691260621,-0.17880948384602868,False,True,False,all
2026-09-11,IGLB,47.11000061035156,22,1,False,-0.023351645420783718,-0.05356088728149133,0.0012752683159185096,-0.10437258598915322,False,True,False,all
2026-09-11,KRC,34.900001525878906,22,1,False,-0.07605468838248419,-0.014132605946629684,0.27558482263610085,-0.2249610821236656,False,False,False,all
2026-09-11,NEA,10.850000381469727,22,1,False,-0.040977196126058546,-0.056529914146647875,0.008364326270766664,-0.08823523283358126,False,False,False,all
2026-09-11,OKLL,9.5,22,2,False,1.3655378210802591,-0.2029883725134809,3.4811323173702338,-0.9441035087753951,False,True,False,all
2026-09-11,PLTU,45.59000015258789,22,2,False,0.10190507173016727,-0.06409962475736874,1.1668250080228302,-0.6439254981168889,True,True,False,all
2026-09-11,RRR,55.900001525878906,22,2,False,-0.0974189843450346,-0.06620581584868113,0.10649249840393571,-0.1897375959300458,False,False,False,all
2026-09-11,SRE,83.33999633789062,22,2,False,-0.05385342801900361,-0.08283640502031642,0.047116474086514426,-0.17517819098630538,False,False,False,all
2026-09-11,TDS,37.459999084472656,22,2,False,0.0813213475865302,-0.07343053311125669,0.18882890550210463,-0.23737785221822083,False,False,False,all
2026-09-11,TKO,190.30999755859375,22,3,False,0.010322472981073139,-0.036427760622650074,0.08130680431019166,-0.16140832153322116,False,True,False,all
2026-09-11,TLH,95.01000213623047,22,1,False,-0.023493285739497494,-0.052272611969991445,0.0007373045399636791,-0.099175111059157,False,False,False,all
2026-09-11,TSN,52.97999954223633,22,3,False,-0.07271276989698883,-0.12365366775867614,0.047863886535092215,-0.23747845448327376,False,False,False,all
2026-09-11,UDR,35.119998931884766,22,4,False,-0.08357907669669518,-0.05383728154545819,0.06618094705711841,-0.1638095492408389,False,False,False,all
2026-09-11,VCLT,70.6500015258789,22,1,False,-0.024225163144955597,-0.05596842377974742,0.0009917780250527919,-0.1088546592620736,False,False,False,all
2026-09-11,DMC,31.34000015258789,22,1,False,0.0398625120248286,-0.11749383258246604,0.18398190274135806,-0.28086280780614126,False,False,False,all
2026-09-11,CAG,14.600000381469727,22,0,False,-0.03243334499529371,-0.07736249913610138,0.16520356684857518,-0.28149603342816265,False,True,False,all
2026-09-11,CHRW,152.77999877929688,22,2,False,-0.07648191393087667,-0.11553274941534963,0.23568424080798023,-0.2736176605845524,True,True,False,all
2026-09-11,BTI,55.2400016784668,22,3,False,-0.056278182263589493,-0.0660225697188952,0.10745790889282536,-0.17919763486512974,True,False,False,all
2026-09-11,IMXI,14.100000381469727,22,2,False,0.03696297702819251,-0.058850204443814946,0.26457406850820187,-0.11598742632716341,True,True,False,all
2026-09-11,NI,41.40999984741211,22,2,False,-0.052112090267138256,-0.08031426295597432,0.053689584002887036,-0.1585043564758305,True,True,False,all
2026-09-11,TW,101.44000244140625,22,2,False,-0.01518194238418269,-0.06648206987996619,0.10960407430706609,-0.2055760004550511,False,True,False,all
2026-09-11,SPTL,24.690000534057617,22,1,False,-0.02460413127096539,-0.05543077647620931,0.001622755218919858,-0.10866426519774663,False,False,False,all
2026-09-11,NICE,98.18000030517578,22,0,False,-0.02125563250270812,-0.06085682201553111,0.18146813607645118,-0.36113999880058445,False,True,False,all
2026-09-11,YUM,140.8699951171875,22,3,False,-0.07382938146224927,-0.08962043139929055,0.025777275460083127,-0.17203482060340103,False,True,False,all
2026-09-11,REM,20.790000915527344,22,1,False,-0.0484951279819964,-0.06392037462954425,0.01861837682293843,-0.13555087006030397,False,True,False,all
2026-09-11,ARE,51.13999938964844,22,2,False,0.013471990724338134,0.019944141861290232,0.29764018238144163,-0.42044423586000546,False,True,False,all
2026-09-11,PVH,70.63999938964844,22,2,False,-0.106944209443537,-0.07677148228993902,0.18523491943243964,-0.29885856685212464,False,False,False,all
2026-09-11,TRN,28.5,22,2,False,-0.11167908533749682,-0.0979985087072004,0.15105007013511895,-0.25606893817890486,True,True,False,all
2026-09-11,DIN,28.290000915527344,22,1,False,-0.18056052133933487,-0.12235116328430762,0.23807441764724002,-0.287046353378247,False,False,False,all
2026-09-11,CARR,57.459999084472656,22,2,False,-0.09522356286352818,-0.06586802568126082,0.14371013464954552,-0.25143307080040156,False,True,False,all
2026-09-11,UAA,5.110000133514404,22,2,False,-0.15707167114480536,-0.1417750430030672,0.23728813363632306,-0.3730060892400491,True,True,False,all
2026-09-11,ATEC,10.579999923706055,21,2,False,0.13841783164596033,-0.14285830576355518,0.5513195978598822,-0.5457278012963747,False,False,False,all
2026-09-11,BITX,17.030000686645508,21,2,False,0.22545320755714449,-0.08541166210208184,0.6886465664084038,-0.7458967242665872,False,False,False,all
2026-09-11,DOX,61.41999816894531,21,1,False,0.07853153702858418,-0.06964981432012796,0.23482099108040377,-0.28297927220246344,False,True,False,all
2026-09-11,ETD,21.93000030517578,21,0,False,-0.03959006902888018,-0.02852622878195843,0.19967174406053423,-0.2716705459767931,False,False,False,all
2026-09-11,GNTX,22.790000915527344,21,2,False,-0.03398634954186153,-0.028213326805004657,0.11279303832634624,-0.22430219310691457,False,True,False,all
2026-09-11,IHI,50.880001068115234,21,1,False,-0.042590405767563566,-0.08090076162680848,0.074097576849804,-0.21372273546633336,False,True,False,all
2026-09-11,INGR,100.48999786376953,21,1,False,-0.017339583628814492,-0.07015135879843681,0.06406178807668828,-0.2118431540096507,False,True,False,all
2026-09-11,KMB,98.1500015258789,21,3,False,-0.09855381447303868,-0.04855286968267625,0.061999604744192416,-0.2451161490488606,False,False,False,all
2026-09-11,LUMN,6.940000057220459,21,1,False,0.08302123368964653,-0.10189713727550054,0.27339455047728345,-0.4192468478669178,False,False,False,all
2026-09-11,MIDD,108.30999755859375,21,3,False,-0.13184932013873385,-0.10476919765215353,0.21484678788542633,-0.2708852552439439,False,True,False,all
2026-09-11,MKL,1784.1800537109375,21,1,False,-0.05204468937487694,-0.08669204612894821,0.03766990900582434,-0.1917973977606776,True,True,False,all
2026-09-11,NVMI,371.80999755859375,21,3,False,-0.08485468901113469,-0.15425560670483518,0.39552605855095857,-0.39640253339648324,False,True,False,all
2026-09-11,PGX,10.430000305175781,21,1,False,-0.024467781300205327,-0.05686393304704673,0.005785961454083832,-0.12499997999844148,False,False,False,all
2026-09-11,QCMU,22.780000686645508,21,2,False,0.14363863453606251,-0.03549689988192428,0.7389312994882336,-0.5634342553963929,False,False,False,all
2026-09-11,RPM,100.20999908447266,21,1,False,-0.06926849947907143,-0.0591515937438426,0.07845459598775295,-0.2202162993700688,False,False,False,all
2026-09-11,RRX,162.2899932861328,21,2,False,-0.1312601109362881,-0.13738992535230599,0.26828692128230824,-0.3450767098972335,True,True,False,all
2026-09-11,SHLD,61.75,21,1,False,-0.04416499036247934,-0.09345954751515251,0.06667819400671449,-0.213305607162512,False,True,False,all
2026-09-11,SHLS,7.300000190734863,21,1,False,-0.15206000907695982,-0.15346367262964422,0.3443831347170392,-0.4461304991117371,False,True,False,all
2026-09-11,SPLB,21.020000457763672,21,1,False,-0.024440033006463135,-0.05631787143357847,0.000475974715511418,-0.10932202889843268,False,False,False,all
2026-09-11,WY,22.059999465942383,21,2,False,-0.07985954577076448,-0.09162784772285637,0.042533063564286655,-0.20504506429036462,False,False,False,all
2026-09-11,XRAY,10.460000038146973,21,0,False,-0.13798786507903904,-0.10941583987177272,0.11158344397036624,-0.29132792168395616,True,True,False,all
2026-09-11,CRDO,162.9499969482422,21,4,False,-0.2696084185030211,-0.07357465269173358,0.8841417101029467,-0.4720899670858636,False,False,False,all
2026-09-11,AVA,36.790000915527344,21,2,False,-0.06978035938588223,-0.08586618906656063,0.03633805395851675,-0.1542528525166128,False,False,False,all
2026-09-11,PDO,12.359999656677246,21,1,False,-0.04141463637214793,-0.07355878348746003,0.0016207053356609435,-0.13263160304019328,False,False,False,all
2026-09-11,KBR,36.59000015258789,21,0,False,-0.007734190298694155,-0.041912087426265066,0.22211087174049005,-0.2994447544844604,False,True,False,all
2026-09-11,KREF,7.150000095367432,21,1,False,-0.03373154395458311,-0.017080784566586238,0.36190478006998705,-0.27777774031582225,False,True,False,all
2026-09-11,PEP,136.32000732421875,21,2,False,-0.022627494602403986,-0.08252368215280614,0.019367469374309776,-0.2050384259350302,False,True,False,all
2026-09-11,INDI,3.3499999046325684,21,1,False,-0.12560036090668336,-0.11941752923077698,0.4439655176843389,-0.446281024955528,False,True,False,all
2026-09-11,RELX,33.79999923706055,21,0,False,-0.027494868884450296,-0.04339940537591369,0.22597024342390193,-0.3016529303415809,False,True,False,all
2026-09-11,MNKD,3.75,21,1,False,-0.06739617762735894,-0.09321726582287981,0.681614335392714,-0.42396315389314454,False,True,False,all
2026-09-11,LOPE,151.1999969482422,21,1,False,0.02261380754766984,-0.048792496943869224,0.12608916464638575,-0.32209468481165515,True,True,False,all
2026-09-11,RVLV,21.1299991607666,21,1,False,-0.10997105638943572,-0.13786423913008228,0.21786736001078233,-0.3330177096837197,False,False,False,all
2026-09-11,MAZE,24.600000381469727,21,0,False,-0.13079117966339893,-0.27671840731791497,0.23000001907348633,-0.5414725129205535,False,False,False,all
2026-09-11,VGLT,51.900001525878906,21,1,False,-0.024897949974695965,-0.05696286403664108,0.0015438408245045387,-0.11190960394446492,False,False,False,all
2026-09-11,NAC,11.069999694824219,21,1,False,-0.058577432665855356,-0.06536929717332163,0.02216064384200256,-0.0963265555245536,False,False,False,all
2026-09-11,SCHQ,29.459999084472656,21,1,False,-0.024464580154208493,-0.05714501296914842,0.0017000760734429132,-0.11238323882408019,False,False,False,all
2026-09-11,GLIBK,25.780000686645508,21,2,False,0.0638868787734923,-0.1642230204240286,0.3357513837172508,-0.37389189643404774,True,True,False,all
2026-09-11,RYN,20.219999313354492,21,0,False,-0.04971381792503615,-0.058247124791157456,0.03745508213489557,-0.2527716292528642,False,False,False,all
2026-09-11,FBL,25.950000762939453,21,2,False,0.12797743753622615,-0.044902611530111436,0.48881241013138044,-0.485200756310184,False,True,False,all
2026-09-11,APLD,26.420000076293945,20,2,False,-0.07069669644298149,-0.18196609725109503,0.5877404474383299,-0.4791522745974469,False,True,False,all
2026-09-11,AXON,479.3399963378906,20,1,False,-0.1490496440754503,-0.050426796286757725,0.41394054019019366,-0.39489495482191694,False,True,False,all
2026-09-11,BBWI,18.56999969482422,20,1,False,-0.05680503781998447,-0.07356365284936528,0.3004201710135761,-0.3428874895816313,False,False,False,all
2026-09-11,DSL,10.399999618530273,20,1,False,-0.02860028844501472,-0.056783486520119,0.0,-0.17916341310928086,False,True,False,all
2026-09-11,ECVT,9.920000076293945,20,3,False,-0.11271711845653154,-0.1526907540295135,0.33873148185805113,-0.34239310233952713,True,True,False,all
2026-09-11,FCN,148.07000732421875,20,1,False,-0.0479674247422478,-0.09974401842874825,0.0756993381021902,-0.21780240392424133,True,True,False,all
2026-09-11,GAP,21.510000228881836,20,1,False,0.051895482278973004,-0.09931222645938675,0.1877415518465999,-0.2673705796416783,False,False,False,all
2026-09-11,GIB,70.20999908447266,20,0,False,-0.013973754882925071,-0.06964850549996848,0.17742743295060337,-0.26249998597537727,False,True,False,all
2026-09-11,HSY,173.32000732421875,20,2,False,-0.02870831975478616,-0.09841930943067168,0.07365430953291074,-0.2762651978605837,False,True,False,all
2026-09-11,JBS,12.59000015258789,20,1,False,-0.034820056002752064,-0.13050983535890948,0.09573545721338839,-0.3249329538817409,False,True,False,all
2026-09-11,NMRK,14.420000076293945,20,0,False,-0.05840869312676389,-0.08199058946531312,0.07934135081260396,-0.2730022313143291,False,False,False,all
2026-09-11,NMZ,9.600000381469727,20,1,False,-0.05580577299694944,-0.07010530439681384,0.012658316986067009,-0.1086350999595862,False,False,False,all
2026-09-11,NSSC,36.2599983215332,20,0,False,-0.025342225341361546,-0.09360881139378041,0.06930104643749901,-0.29959439828253887,False,False,False,all
2026-09-11,NVG,11.619999885559082,20,1,False,-0.06067612803133127,-0.07907877201627633,0.01043477265731152,-0.14495954708680925,False,False,False,all
2026-09-11,OWL,10.5600004196167,20,1,False,-0.018368375734317044,-0.07169728246519536,0.3283019714427917,-0.45253768148315365,False,False,False,all
2026-09-11,PRME,3.130000114440918,20,0,False,-0.06986415953545533,-0.11579420185030809,0.17228465355906253,-0.5489913416953898,False,True,False,all
2026-09-11,SGML,9.5,20,3,False,-0.15255748974611671,-0.29508880803838644,1.0585049774982447,-0.6119280973184142,False,False,False,all
2026-09-11,TRMB,57.65999984741211,20,1,False,0.01928257543107792,-0.10531758883622822,0.20325546850247656,-0.3169864830840179,False,False,False,all
2026-09-11,TSLX,17.889999389648438,20,0,False,-0.0031205120486009763,-0.057359374511012584,0.11533655664135423,-0.27746368237992736,True,True,False,all
2026-09-11,VC,100.93000030517578,20,3,False,-0.03109556207522124,-0.013274791865916402,0.20888732647787434,-0.21680760355895545,False,True,False,all
2026-09-11,WMS,127.87999725341797,20,0,False,-0.10324594680737054,-0.13182860217499148,0.011748887612577974,-0.28684161663938523,False,False,False,all
2026-09-11,XHB,98.45999908447266,20,1,False,-0.07534363206301897,-0.07921156516214412,0.05226033350002157,-0.20035733549291945,False,True,False,all
2026-09-11,CMS,67.1500015258789,20,2,False,-0.062315823422890104,-0.08535233316716417,0.0023135871772881345,-0.164385253660277,False,True,False,all
2026-09-11,MAA,124.79000091552734,20,1,False,-0.059277791816820136,-0.05541516045692518,0.037323339566647906,-0.13670011566277984,False,True,False,all
2026-09-11,WMT,107.1500015258789,20,3,False,-0.028827885080425775,-0.09746302543847518,0.08363677692330307,-0.20723587879039662,False,True,False,all
2026-09-11,TLT,80.87000274658203,20,1,False,-0.025519378665641357,-0.06065164564430603,0.0024792931966832743,-0.12278988388159484,False,False,False,all
2026-09-11,OBDC,11.079999923706055,20,1,False,-0.007257421385266416,-0.04315724180736602,0.053231886081250845,-0.22571631035613637,False,True,False,all
2026-09-11,TYL,336.6700134277344,20,1,False,0.023540831513582994,-0.051724051677806915,0.2436556612414571,-0.3939552102697975,False,False,False,all
2026-09-11,TSLA,365.44000244140625,20,1,False,0.0308656112338066,-0.08393922501066031,0.2288654127415659,-0.26740570479223813,True,False,False,all
2026-09-11,OPCH,23.479999542236328,20,2,False,0.021633550076902708,-0.13340827281717926,0.30372011348353545,-0.3619565209504111,True,True,False,all
2026-09-11,TLTW,20.8700008392334,20,1,False,-0.026390513053230147,-0.06573639297364087,0.0024015919856910095,-0.1333056102426523,False,False,False,all
2026-09-11,DBD,65.62000274658203,20,2,False,-0.13605371818289047,-0.13023304390674417,0.2044787683177065,-0.2873974762557514,True,True,False,all
2026-09-11,LEVI,20.15999984741211,20,4,False,-0.12433109496359285,-0.08066105668994616,0.13769755240445947,-0.215564231558945,False,True,False,all
2026-09-11,UBER,71.66999816894531,20,0,False,-0.030543254419337806,-0.0572949732185456,0.09570393145325906,-0.29728405069018005,False,False,False,all
2026-09-11,YUMC,42.31999969482422,20,1,False,-0.06586203570839821,-0.11334683874882023,0.054047274881088736,-0.27521835695845476,False,True,False,all
2026-09-11,NAD,11.020000457763672,20,1,False,-0.05900431609819323,-0.07244128565851693,0.017074334929890744,-0.10479284466939076,False,False,False,all
2026-09-11,JD,27.059999465942383,20,0,False,-0.08574288518167705,-0.07001842442066863,0.10412926824522839,-0.26587088936881353,False,True,False,all
2026-09-11,DOG,21.690000534057617,20,2,False,0.010228059319281613,-0.04674213505292979,0.04429465845052771,-0.13654459357416393,False,False,False,all
2026-09-11,WS,33.900001525878906,20,2,False,-0.041040042809625144,-0.09127580585362716,0.2454078758645346,-0.31055515988834426,False,False,False,all
2026-09-11,ACN,183.89999389648438,19,2,False,0.10881853976814027,-0.08786619333912637,0.556495907926027,-0.36823664086684227,False,True,False,all
2026-09-11,ATMU,45.40999984741211,19,2,False,-0.09826722785180941,-0.16653053921233074,0.06596247591412596,-0.31714285943741194,False,True,False,all
2026-09-11,BDN,3.009999990463257,19,0,False,-0.028969612585237337,-0.00933072553019032,0.21862346380492292,-0.34989202676796893,False,True,False,all
2026-09-11,BTAL,12.220000267028809,19,2,False,0.016875834138663004,-0.060643079285183865,0.1252302627390387,-0.24287479992928396,False,False,False,all
2026-09-11,ENB,47.7599983215332,19,3,False,-0.09386884809446538,-0.08455857410446666,0.060626240644969354,-0.18289139951875422,False,False,False,all
2026-09-11,GIII,27.889999389648438,19,3,False,-0.171720304312882,-0.10671534610888433,0.1332791019077515,-0.2570591712981941,False,False,False,all
2026-09-11,GLL,22.790000915527344,19,2,False,-0.049656352816471294,0.019294631080135627,0.4608974588614865,-0.39549070412935405,False,False,False,all
2026-09-11,GME,21.149999618530273,19,2,False,0.05202942710294356,-0.0464167561626484,0.1888700691448688,-0.24733098464733705,False,False,False,all
2026-09-11,HON,202.36000061035156,19,3,False,-0.10825476432282355,-0.11958461427900635,0.03314551841498181,-0.22253905781467587,False,True,False,all
2026-09-11,IE,10.399999618530273,19,2,False,0.04149972001957347,-0.21055131608628141,0.32399740207218675,-0.5174013927274344,False,False,False,all
2026-09-11,IEP,7.0,19,1,False,-0.037562561815766116,-0.082791199353072,0.07526877939946353,-0.2489270140333385,False,True,False,all
2026-09-11,IP,34.36000061035156,19,0,False,-0.12385380906534715,-0.10406740653427626,0.17429939649951343,-0.316218893326337,False,True,False,all
2026-09-11,IRT,15.1899995803833,19,2,False,-0.08374754702710441,-0.07813967694584456,0.0404109029793176,-0.1461495897324394,False,False,False,all
2026-09-11,JBLU,4.400000095367432,19,3,False,-0.17974719096803815,-0.13892638033495075,0.13695096265662632,-0.3353474061282652,False,True,False,all
2026-09-11,MCHI,52.959999084472656,19,1,False,-0.0261877682010645,-0.07888204845083224,0.06174815457905525,-0.21389347001088632,False,True,False,all
2026-09-11,MRCY,80.61000061035156,19,3,False,-0.18934900295944268,-0.11315838984648963,0.23939113584955551,-0.37244061871926193,False,True,False,all
2026-09-11,NOWL,7.019999980926514,19,2,False,0.15837760180892269,-0.08020676120598369,1.0114613070898923,-0.7146341515419479,False,True,False,all
2026-09-11,ORC,6.329999923706055,19,1,False,-0.04691641558515136,-0.10542680606366184,0.006359294450813291,-0.2464285462891963,False,True,False,all
2026-09-11,ORLY,85.81999969482422,19,1,False,-0.03119765851014067,-0.0661969749213962,0.03910889333036249,-0.2106328299186787,False,True,False,all
2026-09-11,RCL,260.1400146484375,19,3,False,-0.1118554879357968,-0.09656258775588089,0.1208100293302714,-0.27006929499679233,False,False,False,all
2026-09-11,SH,32.619998931884766,19,1,False,-0.002196303330605276,-0.06168111984559377,0.02481932171135015,-0.16785718630076063,True,False,False,all
2026-09-11,SNPS,397.3800048828125,19,0,False,-0.026417401330410817,-0.11174264597693373,0.08573771825905063,-0.2634017586018075,False,True,False,all
2026-09-11,TKC,5.369999885559082,19,1,False,-0.024097718781603494,-0.10452242971230896,0.09591832266207478,-0.25208913454784243,False,False,False,all
2026-09-11,TPR,118.48999786376953,19,2,False,-0.1440055985894555,-0.14510707254807853,0.27408599853515625,-0.28100730783023076,False,False,False,all
2026-09-11,UI,564.1500244140625,19,2,False,0.009871242578525452,-0.14145039524374148,0.1277812446752249,-0.48713167444927474,False,False,False,all
2026-09-11,URNM,52.380001068115234,19,0,False,-0.019860990734495876,-0.14023745879068628,0.11875269990455917,-0.3834019664529359,False,False,False,all
2026-09-11,VST,148.3800048828125,19,0,False,-0.0031842971001834197,-0.056556954209057486,0.11849842293644608,-0.32499317651298854,False,False,False,all
2026-09-11,CRTO,17.440000534057617,19,0,False,-0.11242751051557831,-0.07832028580666117,0.11974322617217892,-0.31039937118586847,True,True,False,all
2026-09-11,BYD,77.0,19,2,False,-0.0794780957156227,-0.08582825863383425,0.029411722707015198,-0.15764142965549954,False,False,False,all
2026-09-11,SEB,4296.0,19,3,False,-0.019134592854847754,-0.11383489098441879,0.368148504826155,-0.282729249329256,False,False,False,all
2026-09-11,METU,25.09000015258789,19,2,False,0.1276708641606903,-0.054675469459051995,0.4890207468588459,-0.49567838889270577,False,False,False,all
2026-09-11,NZF,11.520000457763672,19,1,False,-0.06201142691547279,-0.07925809621008029,0.004359214435120107,-0.11520736922137109,False,False,False,all
2026-09-11,TXT,81.0,19,3,False,-0.06852654470515762,-0.10040032120122944,0.03686632299233983,-0.20252042686451266,False,False,False,all
2026-09-11,NHI,70.31999969482422,19,1,False,-0.060571248668576216,-0.10256386220327673,0.035030867940732735,-0.23046616537084674,True,True,False,all
2026-09-11,CORZ,17.940000534057617,19,2,False,-0.11381585077085032,-0.09167313685458445,0.3433171957303953,-0.41103082490889686,False,True,False,all
2026-09-11,SPDN,8.579999923706055,19,1,False,-0.0014199005420310051,-0.05840780652992972,0.026315822495649455,-0.1653696355470422,True,True,False,all
2026-09-11,RKLB,62.95000076293945,19,3,False,-0.12940654814766406,-0.21225773707334017,0.6755390277954054,-0.5831125777288778,False,True,False,all
2026-09-11,MEC,19.100000381469727,19,4,False,-0.25734681157034134,-0.1725996030069853,0.5591837046097736,-0.5072239110273986,False,True,False,all
2026-09-11,PTY,11.430000305175781,19,1,False,-0.031043873443885706,-0.07113570456165452,0.0026316392674909928,-0.22191963024701855,False,True,False,all
2026-09-11,MSDL,14.710000038146973,19,1,False,-0.035776555769509666,-0.053252149403552496,0.07686677909691086,-0.18004461537103933,False,True,False,all
2026-09-11,ADNT,19.239999771118164,18,1,False,-0.02231799112666899,-0.07997390708011631,0.08823526238773294,-0.29575402686541075,False,True,False,all
2026-09-11,ALC,66.02999877929688,18,1,False,-0.06183667710454743,-0.1112499129400023,0.06784183321638682,-0.2465769142041324,False,True,False,all
2026-09-11,AQN,5.309999942779541,18,0,False,-0.07681074335428084,-0.1310537897897589,0.005681767382406999,-0.253164579034282,False,False,False,all
2026-09-11,BAH,75.9000015258789,18,1,False,0.06425046002084178,-0.03609926910928862,0.2756302777458639,-0.30430795061942506,True,True,False,all
2026-09-11,EFX,169.0,18,0,False,-0.05562112112672357,-0.09634487676040338,0.12106135986733002,-0.3783107626666643,False,True,False,all
2026-09-11,EMBC,4.940000057220459,18,2,False,0.15623172913605643,-0.3432750405966176,0.7833935347422352,-0.6823151127571141,True,False,False,all
2026-09-11,GNRC,186.99000549316406,18,3,False,-0.10504549038809119,-0.10680974481974592,0.38716618145303294,-0.3692146675443233,False,True,False,all
2026-09-11,HYT,8.130000114440918,18,1,False,-0.027814300485646593,-0.06196996474530536,0.0,-0.15400620136422072,False,False,False,all
2026-09-11,IRMD,82.22000122070312,18,2,False,-0.09719681552247328,-0.12897419968791313,0.21193357719535144,-0.23799814589452672,False,True,False,all
2026-09-11,LADR,9.609999656677246,18,1,False,-0.020367422255127665,-0.06755612791488219,0.024520206762282948,-0.19107747776907325,False,True,False,all
2026-09-11,LYTS,20.030000686645508,18,3,False,-0.12421841342309214,-0.07829432756826182,0.1638583237762712,-0.2679093479600573,False,False,False,all
2026-09-11,MKC,51.31999969482422,18,0,False,-0.028791825601617305,-0.09660293676887544,0.1450245436023645,-0.29125815357914575,False,True,False,all
2026-09-11,PHG,24.59000015258789,18,0,False,-0.07768592084168091,-0.11018635205088423,0.03102724357577391,-0.26465307528608806,False,True,False,all
2026-09-11,PSKY,10.600000381469727,18,2,False,0.10253586653653479,-0.027968788997964733,0.3910761864390764,-0.49185042802877077,True,False,False,all
2026-09-11,SARO,24.040000915527344,18,0,False,-0.11635836111650255,-0.13383099848374325,0.0223262402511486,-0.3027841869290193,False,True,False,all
2026-09-11,SGRY,14.380000114440918,18,0,False,-0.05313753765873841,-0.023442796481301986,0.26029801110842543,-0.3865187804263396,False,False,False,all
2026-09-11,STAA,22.65999984741211,18,3,False,-0.0806108795274626,-0.05464968264521153,0.4534958066469692,-0.36827430939035566,False,True,False,all
2026-09-11,UFPI,80.55999755859375,18,0,False,-0.07475258116284245,-0.1244477807959452,0.03427908832799598,-0.3172881562831038,False,True,False,all
2026-09-11,CGNT,8.020000457763672,18,1,False,-0.08830478442494938,-0.0972940764994632,0.2750398261371354,-0.34849714180485836,False,False,False,all
2026-09-11,CWEN,31.139999389648438,18,1,False,-0.048991903963826355,-0.1385642065182653,0.12540655235947717,-0.25395308726800514,False,False,False,all
2026-09-11,COCO,52.0099983215332,18,4,False,-0.19988556988002193,-0.14907300121002298,0.3821418242159571,-0.3940347522780182,False,False,False,all
2026-09-11,AGO,72.93000030517578,18,1,False,-0.08116906570471172,-0.11573900518129576,0.011091128271461415,-0.21071429544565612,True,False,False,all
2026-09-11,GWRE,140.9199981689453,18,1,False,-0.13219334681562755,-0.0947805129482785,0.37751704755715454,-0.4493376728054408,False,False,False,all
2026-09-11,TAC,12.079999923706055,18,0,False,-0.0616018117633893,-0.07604289986420887,0.061511406170976723,-0.32438476002768857,False,False,False,all
2026-09-11,WDFC,194.82000732421875,18,3,False,-0.1481036362335636,-0.10926272557849248,0.1108450330720192,-0.34821006590020476,False,True,False,all
2026-09-11,DOCS,25.579999923706055,18,2,False,0.08381563955896576,-0.09921331117717747,0.49154521823238495,-0.6656646293361829,True,True,False,all
2026-09-11,CHDN,83.86000061035156,18,0,False,-0.03579049455697636,-0.10493098631234132,0.056171272024711616,-0.29142372884196743,False,True,False,all
2026-09-11,CTGO,18.309999465942383,18,1,False,0.01309103236781839,-0.18544207885292685,0.2627585838580955,-0.46742295238252696,False,True,False,all
2026-09-11,RZLT,4.21999979019165,18,2,False,-0.1107552583817174,0.05227718371568901,2.9439248442285604,-0.6316662414518291,False,True,False,all
2026-09-11,GIS,35.849998474121094,18,0,False,-0.052429624972736844,-0.09655864362336797,0.12913381020853842,-0.30157807918814805,False,False,False,all
2026-09-11,SPXC,191.82000732421875,18,2,False,-0.08485266105829037,-0.1048311344691466,0.06792123671460804,-0.2360203683075901,False,True,False,all
2026-09-11,KTB,66.62000274658203,18,3,False,-0.17580919211233792,-0.07596962792683926,0.18562029497746457,-0.25112406213805727,False,True,False,all
2026-09-11,GBX,43.09000015258789,18,2,False,-0.08399055788429066,-0.1267561351668791,0.12712531175895658,-0.27200538685020526,False,True,False,all
2026-09-11,JMIA,7.449999809265137,18,2,False,0.1363982748302479,-0.12728212129793637,0.3093145403067765,-0.49388589170393415,False,True,False,all
2026-09-11,PEG,72.38999938964844,18,1,False,-0.05431886899084171,-0.09256035756884418,0.004300742934501223,-0.17391302455136282,False,False,False,all
2026-09-11,RWM,13.949999809265137,18,2,False,0.029809077236009784,-0.0580720665884763,0.06003039293411394,-0.21629211195579756,False,False,False,all
2026-09-11,WH,69.30999755859375,18,3,False,-0.07674317709488265,-0.11789152121109292,0.01271179260889621,-0.23287217787340442,False,True,False,all
2026-09-11,TATT,38.459999084472656,18,0,False,-0.04701494385588234,-0.12254587072969225,0.22017761820811144,-0.4037209444267805,False,True,False,all
2026-09-11,CAE,23.979999542236328,18,0,False,-0.056106201926046095,-0.12701433419028985,0.05360278124278506,-0.29964958041117395,False,False,False,all
2026-09-11,AON,302.69000244140625,17,1,False,-0.1379604856234169,-0.10037495184066914,0.000793487269594495,-0.20832242156034908,False,False,False,all
2026-09-11,DUOT,8.260000228881836,17,2,False,-0.09113913167751486,-0.12654055941558728,0.3387358390185409,-0.45942405934350883,False,True,False,all
2026-09-11,EDV,59.02000045776367,17,1,False,-0.026987809927581097,-0.0799300900868597,0.011829223470753103,-0.1723460597615597,False,False,False,all
2026-09-11,FOUR,45.04999923706055,17,1,False,-0.05642990507063639,-0.11989029982727684,0.3035300187191692,-0.4910179849761873,True,False,False,all
2026-09-11,GEHC,63.93000030517578,17,0,False,-0.06399201899786888,-0.11899402572239859,0.08817021796043889,-0.28784668936362756,False,True,False,all
2026-09-11,IDR,30.90999984741211,17,0,False,-0.006933160618248779,-0.16916977822776103,0.18793233296002465,-0.434917743760721,False,True,False,all
2026-09-11,ITB,89.54000091552734,17,1,False,-0.07451239239309948,-0.09006329694792647,0.05365965378279425,-0.22850247459015838,False,False,False,all
2026-09-11,MORT,9.350000381469727,17,1,False,-0.048655874937765686,-0.09508390049789861,0.0,-0.18269224436838205,False,True,False,all
2026-09-11,MTH,64.22000122070312,17,2,False,-0.10937910643571569,-0.08601127860899072,0.10666900864410556,-0.24783317771619817,False,True,False,all
2026-09-11,MTZ,240.41000366210938,17,3,False,-0.1871042902891782,-0.2127122540850629,0.3184710348277642,-0.45538362220284334,False,True,False,all
2026-09-11,OLMA,10.220000267028809,17,1,False,-0.09407601452381398,-0.41698527929512996,0.5368421233780636,-0.7181389286717133,False,True,False,all
2026-09-11,PSQ,25.93000030517578,17,1,False,-0.003267335492852297,-0.08567760440896666,0.03886222981901288,-0.22527638603321642,True,False,False,all
2026-09-11,QDTE,28.635000228881836,17,1,False,-0.021764743976761203,-0.059524827837337035,0.07066738943137052,-0.2176229119482368,False,True,False,all
2026-09-11,SUI,114.4800033569336,17,1,False,-0.05372004128065022,-0.08648614662726894,0.005644026111277789,-0.16953211252695055,False,True,False,all
2026-09-11,TDG,1140.3199462890625,17,1,False,-0.07059586688837738,-0.09870982314944221,0.018488372181767243,-0.2205765271700577,False,True,False,all
2026-09-11,TLN,312.739990234375,17,0,False,-0.08556949151788595,-0.12372676292067619,0.083720302121711,-0.3069934606445438,False,True,False,all
2026-09-11,VIV,11.850000381469727,17,1,False,-0.052242592255092424,-0.14303067643713985,0.05992844883767745,-0.3134414702011037,True,True,False,all
2026-09-11,VMC,252.74000549316406,17,1,False,-0.09268379567497076,-0.12165039118339438,0.02656380432976513,-0.2366425796953625,False,False,False,all
2026-09-11,CASY,615.469970703125,17,3,False,-0.24581819604968214,-0.15579963823896525,0.23742403124575873,-0.33667081220274264,False,False,False,all
2026-09-11,AOS,57.38999938964844,17,0,False,-0.058769901621083975,-0.1181107762900685,0.0596381010217204,-0.2990106575751349,False,True,False,all
2026-09-11,NTES,115.61000061035156,17,0,False,-0.08266125419536907,-0.07192295663236625,0.09004340252300902,-0.27539957130024106,False,True,False,all
2026-09-11,ATAT,32.40999984741211,17,1,False,-0.03915139643161436,-0.11252224339782779,0.05312754668231956,-0.24929933997158216,False,True,False,all
2026-09-11,ECHO,93.13999938964844,17,4,False,0.030743003295913285,-0.13873297830059916,0.41636247512122515,-0.36747029276978993,False,True,False,all
2026-09-11,AOSL,25.780000686645508,17,3,False,-0.15922534755855366,-0.1302382011148826,0.5155790911085822,-0.5255796721705059,False,True,False,all
2026-09-11,SEDG,34.68000030517578,17,1,False,-0.13700429192932262,-0.1758476724759217,0.22935134458279172,-0.5731692270132211,True,False,False,all
2026-09-11,IBM,243.2899932861328,17,1,False,0.022246626441549733,-0.06870419285712392,0.22139660778255688,-0.2682127187054143,True,True,False,all
2026-09-11,TMUS,182.3300018310547,17,1,False,0.002697991714537329,-0.059970016458554265,0.10062777858526739,-0.2534801927190513,True,True,False,all
2026-09-11,GLDI,147.60000610351562,17,2,False,0.011358504280860826,-0.09717905809863725,0.06647407957194251,-0.19612218499609202,False,False,False,all
2026-09-11,TAN,47.150001525878906,17,1,False,-0.07946831269323917,-0.14442207041769095,0.14081779426516183,-0.3763227185511254,False,True,False,all
2026-09-11,CQQQ,46.33000183105469,17,1,False,-0.08725902068188451,-0.10579435177905228,0.04582398710959512,-0.2429738357272948,False,True,False,all
2026-09-11,FSV,137.77999877929688,17,0,False,-0.03235957278442869,-0.05518361791930837,0.1538396663077617,-0.34284080715106346,False,False,False,all
2026-09-11,ROAD,99.66999816894531,17,1,False,-0.0662191096781839,-0.13073890981725345,0.06690216358918355,-0.33993378696062704,False,True,False,all
2026-09-11,CRK,14.779999732971191,17,1,False,0.0646267125983937,-0.1734358782836618,0.2194719366772837,-0.4740213689563606,False,False,False,all
2026-09-11,HUBG,36.040000915527344,17,1,False,-0.17303409618111498,-0.15105015394375976,0.0954407065050904,-0.32331952588597346,True,False,False,all
2026-09-11,PRKS,36.5,17,3,False,-0.1755287955899374,-0.055197193104472575,0.2686826353577747,-0.3448213857506025,False,False,False,all
2026-09-11,DHI,137.88999938964844,17,1,False,-0.06404462971305847,-0.07943810614344782,0.046603410927122946,-0.24014989550836474,False,True,False,all
2026-09-11,GXO,45.84000015258789,17,0,False,-0.07029946575267387,-0.1337590180854491,0.01866667005750866,-0.3142856963514602,True,True,False,all
2026-09-11,PAR,18.0,17,2,False,0.010702210969883108,-0.13564596138503637,0.5530629648853664,-0.6199324373305497,False,True,False,all
2026-09-11,NTGR,22.229999542236328,17,0,False,-0.01992771813013927,-0.0482714519794879,0.16999997590717508,-0.3969072389002246,False,True,False,all
2026-09-11,AEVA,15.520000457763672,16,4,False,-0.169680475328144,-0.09761405866715211,0.7576444611394453,-0.5041533279212569,False,True,False,all
2026-09-11,AZN,160.1699981689453,16,1,False,-0.03963881910811462,-0.1270973504069558,0.09855963522913136,-0.24700299415437255,False,True,False,all
2026-09-11,BKSY,20.610000610351562,16,3,False,-0.16984199964480506,-0.24356977040069272,0.6607575232685778,-0.6102496181154833,False,True,False,all
2026-09-11,DPRO,5.610000133514404,16,2,False,0.19037518114952956,-0.09566448691519536,0.48373453676391254,-0.6104166470743986,False,False,False,all
2026-09-11,FSLR,209.02999877929688,16,0,False,-0.03631866533671835,-0.09022815556753794,0.14230281711809445,-0.3487147816512296,False,True,False,all
2026-09-11,GENI,6.820000171661377,16,1,False,-0.054065276849512345,-0.025031781764823346,0.7830065585989541,-0.5018261226659273,False,True,False,all
2026-09-11,GGLS,59.52000045776367,16,1,False,0.018866850401435098,-0.04549088013161484,0.1751233694899843,-0.35163400349555907,True,True,False,all
2026-09-11,GRRR,13.59000015258789,16,4,False,-0.0427015591288582,-0.009347043437159863,0.5033186072936886,-0.42145592656423503,False,True,False,all
2026-09-11,HD,308.739990234375,16,0,False,-0.08066200254081646,-0.10083762057273171,0.06793491427263088,-0.276531950241652,False,True,False,all
2026-09-11,HII,279.69000244140625,16,0,False,-0.05999635292350913,-0.19500928032083154,0.0609589849854717,-0.39197825556216037,False,True,False,all
2026-09-11,IGLD,21.200000762939453,16,0,False,-0.007787890948155796,-0.1304106739170663,0.04846693782712985,-0.30309004898851266,False,False,False,all
2026-09-11,JPC,7.150000095367432,16,1,False,-0.06384202890850132,-0.09588087160978698,0.00562587357269928,-0.13855422517353133,False,False,False,all
2026-09-11,KAI,266.29998779296875,16,3,False,-0.14035716382368912,-0.1435766973721233,0.08751579655778352,-0.2478888855753314,False,False,False,all
2026-09-11,LAZ,41.099998474121094,16,0,False,-0.047292351307994474,-0.11963726445580602,0.06283942126294795,-0.3004255578873005,False,True,False,all
2026-09-11,LBTYA,10.470000267028809,16,2,False,-0.008991920346549498,-0.0820902155987836,0.11028631264011834,-0.2255917224457965,True,True,False,all
2026-09-11,LRN,82.0,16,3,False,-0.03984187430171826,-0.01624692103210279,0.3529120470920313,-0.49323279625965877,True,True,False,all
2026-09-11,MH,12.319999694824219,16,2,False,0.06526472947386996,-0.0654560315399525,0.37730577027888024,-0.3155555725097656,True,True,False,all
2026-09-11,NVR,6160.759765625,16,0,False,-0.03216736000346798,-0.09226104183642336,0.11993252659224152,-0.28060359519283196,False,False,False,all
2026-09-11,OMCL,32.790000915527344,16,1,False,-0.15157315358684154,-0.1938328857546271,0.128355179564144,-0.4038181651722301,True,True,False,all
2026-09-11,OTEX,23.059999465942383,16,0,False,-0.038517694903973165,-0.09242079081765164,0.16582399724138375,-0.422055173331615,False,True,False,all
2026-09-11,PRVA,20.420000076293945,16,0,False,-0.1307161191406795,-0.11947651423134431,0.04557088368445439,-0.2914642507799481,True,True,False,all
2026-09-11,PTC,130.77999877929688,16,0,False,-0.0501245011243473,-0.11568693372063554,0.20534561086909564,-0.372938241704021,False,False,False,all
2026-09-11,RFIX,36.400001525878906,16,2,False,-0.005468792765331187,-0.05410735488901974,0.057524795533545614,-0.20506659100031377,False,False,False,all
2026-09-11,SUPN,41.63999938964844,16,0,False,-0.10007651472867507,-0.14032395635540273,0.012892210445830665,-0.3022788341702273,False,True,False,all
2026-09-11,TDOC,6.159999847412109,16,1,False,-0.18649799886453278,-0.07673171324317263,0.39999993497675246,-0.3769596646986464,True,True,False,all
2026-09-11,WYFI,19.139999389648438,16,3,False,-0.24240027565355227,-0.11310672646434872,0.8211226425144189,-0.5916364449364675,False,True,False,all
2026-09-11,CLFD,30.020000457763672,16,1,False,-0.008108254023319272,-0.06849160722450987,0.2634680205630804,-0.4306846061373871,True,True,False,all
2026-09-11,FTAI,186.05999755859375,16,2,False,-0.11331853425497018,-0.20868886625004168,0.24454847865280094,-0.42487097170999555,False,True,False,all
2026-09-11,KDEF,43.119998931884766,16,2,False,0.050497431276520066,-0.13828689096706437,0.2999698918360183,-0.36033234550731563,True,True,False,all
2026-09-11,CW,558.9000244140625,16,2,False,-0.18284954685950816,-0.17409623196676716,0.1390780178588722,-0.3084289707650383,False,False,False,all
2026-09-11,NLR,113.22000122070312,16,0,False,-0.010902597299098149,-0.1353988095815094,0.11087130352010632,-0.3265524357065114,False,True,False,all
2026-09-11,TNC,68.73999786376953,16,1,False,-0.11504199392574632,-0.11221265823953996,0.14223990553648358,-0.2522571779008318,True,True,False,all
2026-09-11,CLB,12.5,16,1,False,0.06314213591964646,-0.16553457665355997,0.27681307954101664,-0.38605109895504275,True,True,False,all
2026-09-11,BV,11.1899995803833,16,0,False,-0.10776937426001199,-0.1185193979422201,0.07389630503373468,-0.25400002797444665,True,True,False,all
2026-09-11,TAP,38.93000030517578,16,0,False,-0.04976469090442548,-0.11403120704532044,0.03098522340175447,-0.28985770664184585,False,False,False,all
2026-09-11,ZROZ,57.79999923706055,16,1,False,-0.026667312046733005,-0.08525489166613254,0.01760563403929627,-0.18843024085404658,False,True,False,all
2026-09-11,HLI,136.61000061035156,16,1,False,0.022597307610553008,-0.10712943076080084,0.21075953552587645,-0.3549346470286765,False,True,False,all
2026-09-11,MFA,8.5600004196167,16,1,False,-0.059857169312234615,-0.1068493554626394,0.0034465133635819267,-0.1792904919313486,False,False,False,all
2026-09-11,REMX,70.55999755859375,16,2,False,-0.06178948745855639,-0.18260110320064937,0.22012788041626963,-0.36745857796297154,False,True,False,all
2026-09-11,AI,10.539999961853027,15,2,False,0.09170758120411482,-0.0025032085935999815,0.37328986318159907,-0.47873391099020546,True,False,False,all
2026-09-11,BITU,13.199999809265137,15,2,False,0.22215430554611793,-0.13609457068797848,0.6666666265288592,-0.7950310637188298,False,True,False,all
2026-09-11,DRVN,12.149999618530273,15,0,False,-0.11787770712477308,-0.12113828000794236,0.23979585531203873,-0.3467742274546013,True,False,False,all
2026-09-11,FER,56.150001525878906,15,1,False,-0.10678917611053096,-0.15734687255552593,0.0159218574421347,-0.24923116942733636,False,True,False,all
2026-09-11,FNF,44.130001068115234,15,1,False,-0.09904206015022732,-0.12765574730119122,0.031556856646561826,-0.24942086540330632,False,False,False,all
2026-09-11,FUTU,112.7300033569336,15,2,False,0.043904588103796716,-0.17373345152159536,0.40037271250849193,-0.4433910826228814,False,True,False,all
2026-09-11,GLXY,24.399999618530273,15,2,False,0.056455403829337225,-0.02699298541468298,0.4850882023930201,-0.4686411021019714,False,True,False,all
2026-09-11,GOVZ,33.0,15,1,False,-0.033550444278012015,-0.0903483913015466,0.011804332415147112,-0.19551439220537026,False,False,False,all
2026-09-11,HAYW,13.109999656677246,15,0,False,-0.1183591353949397,-0.135098782443134,0.021425759073856243,-0.26057529638133037,False,True,False,all
2026-09-11,HROW,34.47999954223633,15,1,False,-0.14636985849836315,-0.16400975897404246,0.20812888704139088,-0.3713764721706525,False,True,False,all
2026-09-11,JBTM,114.37999725341797,15,0,False,-0.10165628493283674,-0.17172902892463504,0.038025181224946136,-0.3279276360972072,True,True,False,all
2026-09-11,KR,58.4900016784668,15,3,False,0.012414171705407373,-0.08415040569991306,0.08014773832487809,-0.23622355340884882,False,True,False,all
2026-09-11,LBTYK,10.149999618530273,15,2,False,-0.013547957034208857,-0.09037141333168397,0.09139778606050175,-0.22637197354687688,True,True,False,all
2026-09-11,LCII,91.0199966430664,15,0,False,-0.12212852791799855,-0.22696372341746285,0.07933113561902139,-0.4299136004299908,False,True,False,all
2026-09-11,LTRX,5.239999771118164,15,1,False,-0.06468660337374577,-0.1283881367749956,0.19908464721796615,-0.4011428833007813,False,False,False,all
2026-09-11,NOC,518.969970703125,15,0,False,-0.04722621807030514,-0.13783190604814277,0.08339940421215464,-0.3294961618822675,False,True,False,all
2026-09-11,NVDY,12.369999885559082,15,0,False,-0.015064662971555731,-0.08616767351665522,0.06905192114149483,-0.2959590153434639,False,False,False,all
2026-09-11,OTIS,69.0999984741211,15,0,False,-0.04172319380855338,-0.1320976456845826,0.0215848476884537,-0.2692857115195827,False,False,False,all
2026-09-11,OXLC,9.569999694824219,15,1,False,0.037016140672315734,-0.09531352204998911,0.19475648206818508,-0.46506428052973336,True,True,False,all
2026-09-11,SHAK,63.650001525878906,15,0,False,-0.027195700242292453,-0.1926727740334101,0.23352719783124098,-0.40768656180757445,False,True,False,all
2026-09-11,SOFI,17.31999969482422,15,0,False,-0.028592593669953037,-0.1254413650923053,0.1639784651624634,-0.47082187787770424,False,True,False,all
2026-09-11,URNJ,23.219999313354492,15,0,False,-0.0315509449774265,-0.17450847178488305,0.1271844118139691,-0.43102184435231794,False,False,False,all
2026-09-11,XYL,106.95999908447266,15,0,False,-0.08387480265597436,-0.13468104818852844,0.015860937927858254,-0.30667014894504474,False,False,False,all
2026-09-11,DAKT,17.889999389648438,15,2,False,-0.09879506878587374,-0.13210323620231712,0.04681095552473735,-0.36717371418593725,False,False,False,all
2026-09-11,CRNC,8.510000228881836,15,1,False,-0.041806925260835515,-0.107482285234476,0.4547009175406711,-0.3805502779976616,False,True,False,all
2026-09-11,PDYN,5.769999980926514,15,3,False,0.019867075944925983,-0.07064394983757749,0.39371984710342733,-0.46215509422378975,False,True,False,all
2026-09-11,PPC,30.239999771118164,15,1,False,0.03674548500202124,-0.11957889599215832,0.1675675759270212,-0.32560214834493273,False,True,False,all
2026-09-11,CATX,2.809999942779541,15,3,False,-0.09372381507558059,-0.2154563623817667,0.4336734122904289,-0.5438311668205551,False,True,False,all
2026-09-11,FBIN,40.72999954223633,15,0,False,-0.1510727870242099,-0.13624821452787128,0.25943102504831184,-0.37183834295754126,False,True,False,all
2026-09-11,TRUP,24.889999389648438,15,0,False,-0.09131402185042525,-0.12402339159498132,0.17627597207627166,-0.470200092972082,False,True,False,all
2026-09-11,RYAAY,53.79999923706055,15,0,False,-0.08734669442155063,-0.13926749176543285,0.01720551820596561,-0.27532326528640805,False,True,False,all
2026-09-11,MBUU,24.889999389648438,15,1,False,-0.10396073348821144,-0.11623751323727693,0.044043591876679056,-0.2899729233214843,False,False,False,all
2026-09-11,RETL,7.860000133514404,15,1,False,-0.13172195657026098,-0.1185326663929267,0.21109405403880355,-0.3038086660697966,False,True,False,all
2026-09-11,RXRX,3.200000047683716,15,0,False,-0.029244007520707327,-0.1185969042122682,0.15523468220868897,-0.5543175314498354,False,True,False,all
2026-09-11,WGO,28.25,15,0,False,-0.08325653281420964,-0.196253547030808,0.05410450762007146,-0.43680223114160366,False,True,False,all
2026-09-11,DEI,10.729999542236328,15,0,False,-0.09404080049314911,-0.0380650550192283,0.1869468570259687,-0.36845204904142537,False,True,False,all
2026-09-11,OPFI,7.980000019073486,15,0,False,-0.048686282198679875,-0.11199639337288947,0.22769231062669015,-0.3590361332266955,True,False,False,all
2026-09-11,PTON,4.949999809265137,15,1,False,-0.1416532646119395,-0.09428580161298228,0.35616429587157006,-0.46195653131643655,False,False,False,all
2026-09-11,CC,15.029999732971191,15,3,False,-0.08701041660711895,-0.17495102483673153,0.4396552047006279,-0.4757586434260638,True,True,False,all
2026-09-11,CRI,30.43000030517578,15,2,False,-0.17888135298131214,-0.1650374795295262,0.1208103400637568,-0.3152564976253852,False,False,False,all
2026-09-11,ACHR,5.579999923706055,14,1,False,0.02134200720203716,-0.12947161215533354,0.29767434330100384,-0.6183310555824488,True,True,False,all
2026-09-11,AORT,25.079999923706055,14,1,False,-0.043361506104556025,-0.2476285904736938,0.3089770419331994,-0.480207255467232,False,True,False,all
2026-09-11,BIPC,37.0099983215332,14,0,False,-0.06630005460643207,-0.13042562877696462,0.08279689851052696,-0.2844161359625339,False,False,False,all
2026-09-11,BKKT,8.180000305175781,14,1,False,0.045821869782753266,-0.18176268127645423,0.2190760445114337,-0.8357099788157507,False,True,False,all
2026-09-11,BN,38.220001220703125,14,1,False,-0.0976612557074581,-0.13491537021108935,0.009775502285291005,-0.2289691051845253,False,False,False,all
2026-09-11,EIDO,12.75,14,1,False,0.021029194499077253,-0.16457811413909007,0.18936564201540196,-0.33903580119910826,False,False,False,all
2026-09-11,EIX,56.0,14,2,False,-0.21304103766386762,-0.18214684965018235,0.07692307692307687,-0.3138936766043531,False,False,False,all
2026-09-11,EXP,185.1199951171875,14,1,False,-0.0978636874371378,-0.1208960520125214,0.07634158500300359,-0.24603919668655638,False,True,False,all
2026-09-11,FIG,23.200000762939453,14,1,False,-0.05165997890332297,-0.09653096490055268,0.3975903752892189,-0.6754336923140472,False,True,False,all
2026-09-11,FIZZ,31.3700008392334,14,2,False,-0.013832106609364292,-0.07315622043489123,0.08284437634669062,-0.22829029122514555,False,True,False,all
2026-09-11,GLPI,40.2400016784668,14,2,False,-0.07419333074070222,-0.11382275160966882,0.0057486470028120795,-0.19439437309632668,False,False,False,all
2026-09-11,GSIT,5.110000133514404,14,2,False,-0.1542535373945927,-0.2742868727739838,0.6976744683404286,-0.71845728700196,False,True,False,all
2026-09-11,HHH,61.54999923706055,14,0,False,-0.08330257091965676,-0.13428073604858948,0.00885102328115872,-0.32414626723053985,False,False,False,all
2026-09-11,HIMS,27.510000228881836,14,1,False,-0.11364997667315102,-0.025592791074413812,1.0021834561241092,-0.5787071974796676,False,True,False,all
2026-09-11,KMPR,27.25,14,0,False,-0.03184088756773373,-0.1458644136544205,0.2009695618604257,-0.4936826429855854,False,False,False,all
2026-09-11,LMAT,80.58999633789062,14,1,False,-0.10830467480359018,-0.15016752020974633,0.029640983701635815,-0.3170918152780158,True,True,False,all
2026-09-11,MLM,509.9599914550781,14,0,False,-0.06610312553459663,-0.14893341325006548,0.03730522867264363,-0.28272639848523407,False,False,False,all
2026-09-11,ORN,9.359999656677246,14,1,False,-0.14472124719790314,-0.2261297279754101,0.2597577217939422,-0.4620689734550777,True,True,False,all
2026-09-11,OTF,10.710000038146973,14,0,False,-0.0034428131043729993,-0.10123108155783267,0.09846154237404847,-0.3230088340867079,False,True,False,all
2026-09-11,ROOT,53.48500061035156,14,1,False,-0.06010346409344658,-0.09352718959788986,0.3073820779721885,-0.4880348426783374,False,True,False,all
2026-09-11,SAM,172.5500030517578,14,0,False,-0.03977248797931676,-0.1496267418469005,0.08740869054812794,-0.3475383474741297,False,True,False,all
2026-09-11,SYM,42.130001068115234,14,1,False,0.005621294656167564,-0.1943506815340268,0.11809980697712974,-0.5205962405002619,False,True,False,all
2026-09-11,WLDN,82.19999694824219,14,1,False,0.03713495244530329,-0.11136339587787392,0.2710684904227325,-0.4000000222756045,True,True,False,all
2026-09-11,CRUS,118.79000091552734,14,1,False,-0.06292646508051403,-0.15132965265220755,0.11791829971199141,-0.34159182950277844,False,False,False,all
2026-09-11,PAC,203.4600067138672,14,0,False,-0.06357522858188958,-0.16767179994061654,0.01007801276820497,-0.3227255942424878,False,True,False,all
2026-09-11,KEP,12.210000038146973,14,1,False,0.02598144660792956,-0.20283870150834205,0.09408603988272879,-0.47842801718357364,False,True,False,all
2026-09-11,GDS,30.81999969482422,14,0,False,-0.04481498339315049,-0.184734815376552,0.14275122282125374,-0.3659740936464613,False,True,False,all
2026-09-11,ASTS,59.86000061035156,14,1,False,-0.07960648716990515,-0.2660120648600882,0.6100053824372489,-0.5528163727968598,False,True,False,all
2026-09-11,DNUT,3.2100000381469727,14,0,False,-0.03237473914460387,-0.09897264998630417,0.11458330228924885,-0.37181996980902343,False,True,False,all
2026-09-11,HUBS,225.3300018310547,14,1,False,-0.008903274229081992,-0.1265522328407287,0.3283617010252524,-0.5712165369950788,False,True,False,all
2026-09-11,CXM,5.480000019073486,14,0,False,-0.14300011645165267,-0.1113993801058949,0.1622481106529159,-0.3377643176197763,False,False,False,all
2026-09-11,TSL,13.755900382995605,14,1,False,0.028971049965884177,-0.13259949467698506,0.28200381825259835,-0.35448612258389445,True,False,False,all
2026-09-11,NXST,169.0850067138672,14,0,False,-0.07750865801083484,-0.15019026765547294,0.09461387568892743,-0.3350963244799756,False,False,False,all
2026-09-11,STWD,15.619999885559082,14,0,False,-0.04149434025348753,-0.10296390064514949,0.00969616134073159,-0.2504798574284365,False,False,False,all
2026-09-11,CNXC,28.239999771118164,14,2,False,0.0984309174117104,-0.07458459108549409,0.47698737089858967,-0.5120518398078935,False,False,False,all
2026-09-11,CHKP,131.63999938964844,14,0,False,-0.005468270888061344,-0.12115380214515137,0.17294836899348343,-0.3751068209379034,False,True,False,all
2026-09-11,CYD,35.81999969482422,14,2,False,-0.1768582810030298,-0.18782232891934514,0.2502617860998688,-0.41737150355350716,False,True,False,all
2026-09-11,PWP,14.789999961853027,14,0,False,-0.09332777103990597,-0.18501956812052434,0.04819279388529152,-0.4295081814039058,False,True,False,all
2026-09-11,MNDY,86.83999633789062,14,1,False,-0.0015395826065324192,-0.0728307146717786,0.5102608058763587,-0.6067029205722682,False,True,False,all
2026-09-11,ADSK,212.39999389648438,13,0,False,-0.08376243060822353,-0.13451297119402883,0.14501344418589968,-0.34988216016745577,False,False,False,all
2026-09-11,ALK,41.15999984741211,13,1,False,-0.09649265667887752,-0.1036770834124584,0.24613991427729331,-0.37522766297206156,False,True,False,all
2026-09-11,ANIP,70.19000244140625,13,0,False,-0.09498349999287403,-0.11304305948554116,0.008766895577736467,-0.2937921031045242,False,True,False,all
2026-09-11,ASTE,41.41999816894531,13,1,False,-0.1462153095802018,-0.19985090260963279,0.023474102287800225,-0.36946267880122463,True,True,False,all
2026-09-11,BTCI,32.130001068115234,13,1,False,0.07771781298631186,-0.09085247155029075,0.21153848090184502,-0.49820394064252305,False,False,False,all
2026-09-11,DY,307.4700012207031,13,2,False,-0.20094866213025075,-0.2195609515513821,0.22585915095384168,-0.45721747467203044,False,False,False,all
2026-09-11,ENPH,36.349998474121094,13,3,False,-0.07964901439472138,-0.11226819840910851,0.4100076612081329,-0.5070518100464871,False,False,False,all
2026-09-11,EVR,281.2099914550781,13,0,False,-0.10471190414314668,-0.14702810790902,0.0576973581811262,-0.27655579317009504,False,True,False,all
2026-09-11,FUL,51.599998474121094,13,1,False,-0.09545098409774178,-0.14032741574559415,0.05933072149388896,-0.2481422040046597,False,True,False,all
2026-09-11,GOOY,11.960000038146973,13,0,False,-0.04512502815521413,-0.13629215578686416,0.02749138190599676,-0.25062656581700216,True,True,False,all
2026-09-11,HGV,39.470001220703125,13,2,False,-0.14767080590311144,-0.14412687903622834,0.07284588851544926,-0.2875451239425405,False,True,False,all
2026-09-11,HRL,20.56999969482422,13,2,False,-0.14502561418941817,-0.12122371938365206,0.04416238061886002,-0.22669175188607016,False,False,False,all
2026-09-11,IBP,204.27999877929688,13,0,False,-0.12203566959958179,-0.21651246132815694,0.05784267067288562,-0.41467049060373384,False,False,False,all
2026-09-11,LDOS,128.86000061035156,13,2,False,0.02983698568200377,-0.15209654357167401,0.30345943571498135,-0.3737668370763725,True,True,False,all
2026-09-11,LKQ,24.110000610351562,13,0,False,-0.039656467196033884,-0.15948367745586478,0.13887579232225966,-0.3506598460333571,False,True,False,all
2026-09-11,LMND,49.400001525878906,13,0,False,-0.14294138268224654,-0.22836008574643607,0.07019067784179045,-0.5055054977843827,True,True,False,all
2026-09-11,MP,50.5099983215332,13,1,False,-0.014088937071438434,-0.12214081606066651,0.33588988328398917,-0.49616464076868827,False,True,False,all
2026-09-11,PHR,10.3100004196167,13,1,False,-0.08197243183716729,-0.14866557538297842,0.3268983841602673,-0.5985202376520717,False,True,False,all
2026-09-11,RDDT,157.77000427246094,13,1,False,-0.06054276809332526,-0.09272886704962868,0.3227970882284139,-0.4424103288003308,False,True,False,all
2026-09-11,SHNY,9.3100004196167,13,1,False,0.012991577921434683,-0.28669159093358987,0.2396804441912601,-0.6548783927363503,False,False,False,all
2026-09-11,SSYS,7.71999979019165,13,0,False,-0.0598894576755048,-0.138599577893169,0.0517710667171829,-0.39734585969493297,False,False,False,all
2026-09-11,TTI,6.809999942779541,13,1,False,-0.1557362882401565,-0.2670562828220492,0.44585984875251916,-0.4569378019540893,False,False,False,all
2026-09-11,UEC,10.449999809265137,13,0,False,-0.037185836645114545,-0.21212945254789206,0.17283950485143018,-0.48623403486378214,False,False,False,all
2026-09-11,VRSK,176.1999969482422,13,0,False,-0.07354244870780735,-0.09004384834188128,0.12992172752112485,-0.3407169403953788,False,True,False,all
2026-09-11,COIN,175.25999450683594,13,1,False,0.06186901910370568,-0.08374321239177951,0.2598662478461262,-0.5642033197958503,False,True,False,all
2026-09-11,CRF,6.369999885559082,13,1,False,-0.07334673345958775,-0.12825707665501584,0.011111062334119293,-0.2278788017504143,False,True,False,all
2026-09-11,ULS,71.25,13,1,False,-0.12327762512644591,-0.15855732272151069,0.09329449135924506,-0.3374558360291733,True,True,False,all
2026-09-11,PEGA,36.2400016784668,13,2,False,0.11145192681813465,-0.120782035887114,0.4438247461231619,-0.46784137312075746,False,True,False,all
2026-09-11,GPGI,13.300000190734863,13,0,False,-0.054336531481408046,-0.22725634391805682,0.18538323299495452,-0.5033607225646104,False,False,False,all
2026-09-11,VICI,24.829999923706055,13,0,False,-0.05370591204234687,-0.10609336545825909,0.0068937582054278135,-0.25625277303995564,False,False,False,all
2026-09-11,KBH,49.15999984741211,13,0,False,-0.1147223368469995,-0.12642726705376384,0.11651149694165763,-0.2813916501127067,False,False,False,all
2026-09-11,NXT,82.88999938964844,13,1,False,-0.14227353490763717,-0.23510842822775424,0.26068440136347437,-0.49187766254776966,False,True,False,all
2026-09-11,VVV,30.549999237060547,13,3,False,-0.14516762987345677,-0.1120515640131089,0.07192979779159803,-0.2608275372950558,False,True,False,all
2026-09-11,RDY,11.899999618530273,13,1,False,-0.03929993388521247,-0.11318121336501652,0.04753520934621003,-0.2405871371670919,False,False,False,all
2026-09-11,KD,13.149999618530273,13,2,False,0.023553372771943692,-0.17531076936488799,0.301980111075671,-0.6011525892734002,True,True,False,all
2026-09-11,YMAG,11.239999771118164,13,0,False,-0.010424023664583837,-0.1118626581786335,0.047530312268358355,-0.29793881259031163,True,True,False,all
2026-09-11,CDRE,28.579999923706055,13,0,False,-0.07644979929090823,-0.18118971375003823,0.11076566001454413,-0.4138638041936793,False,True,False,all
2026-09-11,ONDS,7.230000019073486,13,2,False,-0.09359877494014635,-0.24116197644991355,0.4606061207397969,-0.5268324512157818,False,True,False,all
2026-09-11,TMDX,82.18000030517578,13,2,False,0.007430074541036058,-0.20935250172644804,0.36727395276705965,-0.47320512624887323,False,True,False,all
2026-09-11,AD,38.119998931884766,12,1,False,0.07044369991299093,-0.16416983248200034,0.13082171365122996,-0.3732325037297102,False,False,False,all
2026-09-11,AMRC,23.780000686645508,12,0,False,-0.0008738905219741744,-0.15991321232884548,0.29379770252686344,-0.47073223847928325,False,True,False,all
2026-09-11,AMZD,8.525899887084961,12,0,False,-0.021796785418251252,-0.11138646257636386,0.11595550210485528,-0.2756245067551253,True,True,False,all
2026-09-11,BABA,109.30000305175781,12,0,False,-0.0680343189433702,-0.18754782795688263,0.1881726882266388,-0.43270875543416665,False,True,False,all
2026-09-11,BHF,50.11000061035156,12,1,False,-0.15404743331398207,-0.19081360380199108,0.12581447989201955,-0.24985032453478395,False,True,False,all
2026-09-11,BMBL,2.990000009536743,12,1,False,0.03356494338424487,-0.08832429511912299,0.17716537576458213,-0.5915300629210066,False,True,False,all
2026-09-11,BMI,125.12999725341797,12,0,False,-0.07975867926390934,-0.14599303318279688,0.11633509984440371,-0.38661766052246094,True,True,False,all
2026-09-11,DPZ,311.6000061035156,12,0,False,-0.07139747460388235,-0.1416726178881882,0.10496456065076454,-0.32008117066996367,False,True,False,all
2026-09-11,DXD,17.1299991607666,12,1,False,0.016870627677416206,-0.10181764313924024,0.08761899433438747,-0.26449126288586344,False,False,False,all
2026-09-11,FWRG,11.350000381469727,12,0,False,-0.08751785764472064,-0.15308143004215746,0.13841525350853146,-0.3970142692943621,False,False,False,all
2026-09-11,HNRG,15.34000015258789,12,0,False,-0.03195677746564274,-0.13151785505950764,0.12380956639466811,-0.37894738142662565,False,True,False,all
2026-09-11,IDXX,504.70001220703125,12,0,False,-0.09234485640521772,-0.16366031586854346,0.008170086444832858,-0.34452839682951375,False,True,False,all
2026-09-11,IRTC,111.43000030517578,12,0,False,-0.069392592538976,-0.16606732880268227,0.10495210085998075,-0.4743867910133218,False,True,False,all
2026-09-11,IVR,6.800000190734863,12,0,False,-0.09737705712516509,-0.16078390149330513,0.0,-0.28421050623843547,False,False,False,all
2026-09-11,KVYO,16.360000610351562,12,1,False,-0.08696182773334982,-0.189370617889149,0.3056664771749502,-0.5483781559842151,False,False,False,all
2026-09-11,LASR,40.369998931884766,12,3,False,-0.2945317250474877,-0.29832918450034174,0.483100659450741,-0.5357101742520429,False,False,False,all
2026-09-11,LZ,6.050000190734863,12,0,False,-0.09909907095279114,-0.15924051322565902,0.15900391454091212,-0.5120967438020012,True,True,False,all
2026-09-11,MSTR,130.97000122070312,12,2,False,0.22435511486889492,-0.051115982650339564,0.6009045975939569,-0.6413843972370816,False,False,False,all
2026-09-11,PBH,46.95000076293945,12,0,False,-0.07463249943726058,-0.1702374023629244,0.10159554058119258,-0.33938369263341006,False,True,False,all
2026-09-11,PCG,13.800000190734863,12,1,False,-0.18186344577484959,-0.1752404681242602,0.09610802410500807,-0.2797494623884983,False,False,False,all
2026-09-11,SGI,66.76000213623047,12,0,False,-0.025663151081990465,-0.14975773772184509,0.10548108645409138,-0.3226460654431149,False,False,False,all
2026-09-11,SHEN,11.90999984741211,12,2,False,-0.04157211918656456,-0.1189231886987584,0.2316442351029071,-0.3135446924754933,False,False,False,all
2026-09-11,STZ,122.44999694824219,12,0,False,-0.06991478330694867,-0.15539435926287748,0.01829519291677495,-0.2737248368006502,False,False,False,all
2026-09-11,TIMB,18.889999389648438,12,1,False,-0.03264134634351512,-0.16474879881900928,0.10210035369411385,-0.33061658932397064,True,True,False,all
2026-09-11,CALM,73.9800033569336,12,0,False,-0.1138930796840314,-0.08912654324997638,0.028643009461001068,-0.3380457950711627,False,True,False,all
2026-09-11,CG,42.34000015258789,12,0,False,-0.09368404567202349,-0.16591643709910986,0.06919196424356966,-0.39384393589822986,False,True,False,all
2026-09-11,CLM,6.579999923706055,12,1,False,-0.08279900896143322,-0.13828666829384983,0.00458011177062656,-0.22860490859428284,False,True,False,all
2026-09-11,WSO,314.2200012207031,12,1,False,-0.07160808193382384,-0.1607682220871629,0.06245139888657025,-0.3154248339418233,True,True,False,all
2026-09-11,UVV,45.18000030517578,12,1,False,-0.08030908095948319,-0.13748750231464046,0.04197416211266658,-0.23913776536734188,True,False,False,all
2026-09-11,LPX,67.29000091552734,12,0,False,-0.07588737149667024,-0.13719761807677244,0.029686342566243473,-0.32938007403417524,False,True,False,all
2026-09-11,DJT,8.65999984741211,12,0,False,-0.05511126587647741,-0.14530548850715708,0.24425284482006182,-0.5180856884631939,False,True,False,all
2026-09-11,HLMN,6.980000019073486,12,0,False,-0.14096536647933766,-0.17380560994222305,0.009399863713526413,-0.3566820485099389,False,False,False,all
2026-09-11,UUUU,12.949999809265137,12,0,False,-0.04027155576093944,-0.2548542486440669,0.21141256478896908,-0.5358422943968728,False,True,False,all
2026-09-11,CDNS,289.3699951171875,12,2,False,-0.13476881318401157,-0.1144847707076524,0.10131301662107517,-0.30555090493711123,False,False,False,all
2026-09-11,CRMD,7.824999809265137,12,0,False,-0.028999743869922323,-0.04779001572695851,0.2765089173214168,-0.41341831186207845,False,True,False,all
2026-09-11,CPRT,29.950000762939453,12,0,False,-0.010787189586297652,-0.12561763217457522,0.1171205281442067,-0.3893985478329992,False,True,False,all
2026-09-11,MAT,14.010000228881836,12,0,False,-0.029496097921675846,-0.14734601543335146,0.10054993972298654,-0.3767793365582911,False,True,False,all
2026-09-11,CAR,121.73999786376953,12,3,False,-0.17234123162515846,-0.22804676095205567,0.41624010191223904,-0.8563878776563738,False,True,False,all
2026-09-11,NABL,3.859999895095825,12,1,False,-0.06474125494320249,-0.2301018429642273,0.32191773775394017,-0.5580995939541741,True,False,False,all
2026-09-11,ALMS,9.180000305175781,11,3,False,-0.6166630343365708,-0.5875996741416687,1.4414894490584147,-0.7071770273214455,False,False,False,all
2026-09-11,ASIX,16.600000381469727,11,1,False,-0.11125386441565632,-0.15356216002773937,0.17730495974209393,-0.3789749096239262,True,True,False,all
2026-09-11,AZO,2876.75,11,0,False,-0.04579779266918094,-0.14449486828156333,0.004056644586483804,-0.34442160984345016,False,False,False,all
2026-09-11,BSY,30.969999313354492,11,0,False,-0.09531211605769163,-0.12233284944045064,0.1030380626006,-0.4590393133038516,False,True,False,all
2026-09-11,DRS,36.06999969482422,11,2,False,-0.15901142570590898,-0.14069433415727128,0.11224173158788098,-0.2870132519068773,False,True,False,all
2026-09-11,FBRT,7.78000020980835,11,0,False,-0.030336233540223967,-0.13602112053231474,0.05922402070012156,-0.3339041090297932,False,False,False,all
2026-09-11,GIL,48.45000076293945,11,0,False,-0.09552521661590374,-0.1787606549845574,0.040816359978932626,-0.34260511846472974,False,True,False,all
2026-09-11,GTM,3.799999952316284,11,2,False,0.060682176369607266,-0.3498828127870719,0.4960629958214797,-0.6962430149646821,True,True,False,all
2026-09-11,LINC,25.020000457763672,11,3,False,-0.3139453798937857,-0.3043362102152918,0.4470791864038812,-0.555910536208715,True,True,False,all
2026-09-11,LZB,30.639999389648438,11,1,False,-0.18343853305705138,-0.168498487066578,0.05545982311132236,-0.3175946915728157,False,False,False,all
2026-09-11,MCD,252.52999877929688,11,0,False,-0.05854941513946643,-0.1437118332756372,0.0014276107902033708,-0.2610680357591898,False,True,False,all
2026-09-11,NFLX,77.4000015258789,11,1,False,0.022446288218831656,-0.10254832501522282,0.18930546017510097,-0.38250428200486697,False,True,False,all
2026-09-11,OSIS,204.2899932861328,11,0,False,-0.05729163287595673,-0.18308069121403192,0.09538870394709287,-0.34463623608966953,False,False,False,all
2026-09-11,PDI,14.760000228881836,11,0,False,-0.06902814321872597,-0.1382933877634268,0.004765190639760997,-0.2649402248524678,False,False,False,all
2026-09-11,SARK,25.370899200439453,11,0,False,-0.05880459596952026,-0.1300152579606253,0.0447148181943704,-0.28873281461147837,False,True,False,all
2026-09-11,SNN,27.5,11,0,False,-0.08212173780878285,-0.13846173335374157,0.00991555131482369,-0.2873801531157595,False,False,False,all
2026-09-11,THO,72.86000061035156,11,0,False,-0.0487058323317785,-0.17275142854457526,0.045187226613815135,-0.40682244138882184,False,True,False,all
2026-09-11,TLK,14.9399995803833,11,1,False,0.020965994006713506,-0.1653957897227475,0.12925170803580577,-0.36479594857100506,False,True,False,all
2026-09-11,USAR,15.5600004196167,11,3,False,-0.10247164436619138,-0.19378862910710104,0.35895202435076223,-0.6462028062398317,False,False,False,all
2026-09-11,VNDA,5.090000152587891,11,1,False,-0.0636152630151412,-0.22631440695449967,0.1920375117855273,-0.48792752842434095,False,True,False,all
2026-09-11,CIM,11.130000114440918,11,2,False,-0.08530570420733741,-0.13707216124288613,0.005874427159749285,-0.2387140765004666,False,False,False,all
2026-09-11,CHWY,20.440000534057617,11,0,False,-0.08715765710825274,-0.20093352661643826,0.17471270012499707,-0.49593092679083106,False,False,False,all
2026-09-11,LOW,196.82000732421875,11,0,False,-0.06941422986883639,-0.16475874955741598,0.009022914937217186,-0.32839688472027984,False,False,False,all
2026-09-11,YMM,8.170000076293945,11,0,False,-0.08473741069896334,-0.11927514912871373,0.09590880749901443,-0.41933189385218284,False,True,False,all
2026-09-11,PTLO,4.090000152587891,11,0,False,-0.1132598763852084,-0.17581030586987545,0.08344372165897895,-0.401171274044671,False,True,False,all
2026-09-11,RKT,13.180000305175781,11,0,False,-0.05772336021079827,-0.18082456445250317,0.0829909796672248,-0.45894909790868155,False,True,False,all
2026-09-11,ONT,18.329999923706055,11,1,False,-0.01727410644803895,-0.13758424997543184,0.44558355540606964,-0.4116514357336172,True,True,False,all
2026-09-11,CCI,75.62000274658203,11,1,False,-0.006975563195031009,-0.10473962449325869,0.08462423153439236,-0.2475621617255519,False,True,False,all
2026-09-11,SFD,20.260000228881836,11,2,False,-0.1549037207908679,-0.17670137393339957,0.010473865327292442,-0.3202482797705729,False,False,False,all
2026-09-11,TBBK,50.630001068115234,11,0,False,-0.23679655348094586,-0.1791770525242875,0.04585831910143656,-0.3799142667245622,False,False,False,all
2026-09-11,CCL,22.75,11,0,False,-0.1364781991983257,-0.1794172625741134,0.021095121134184103,-0.3314722064039387,False,False,False,all
2026-09-11,WU,6.929999828338623,11,0,False,-0.08043844453272364,-0.19479465021451303,0.10526313387876307,-0.33043482387248513,True,True,False,all
2026-09-11,CPB,21.0,11,0,False,-0.07069776781834214,-0.12168435584667736,0.07361966121547847,-0.38542577918293797,False,False,False,all
2026-09-11,CLX,87.76000213623047,11,0,False,-0.1160443406843581,-0.1475092434114974,0.03612757140780265,-0.31916209238374493,False,False,False,all
2026-09-11,ORA,94.88999938964844,11,0,False,-0.10149873479392202,-0.17726052231269396,0.04538947778948432,-0.35179998780464283,False,False,False,all
2026-09-11,TNXP,11.869999885559082,11,0,False,-0.01939727452379114,-0.15436567543808355,0.2627659965176683,-0.6237717853376092,False,True,False,all
2026-09-11,PAX,10.619999885559082,11,0,False,-0.0499874906813117,-0.17391212377576937,0.006635042043477313,-0.40337076737353583,False,False,False,all
2026-09-11,OXM,31.530000686645508,11,1,False,-0.14722936220096827,-0.18374953298558094,0.11808510048277565,-0.3890718792140172,False,False,False,all
2026-09-11,FN,414.5799865722656,11,2,False,-0.12247171998069095,-0.22704239406092086,0.1912875346645162,-0.44640737830255617,False,True,False,all
2026-09-11,UNCY,5.289999961853027,11,4,False,0.0008324388080829248,-0.1752030879319183,0.4258759858383221,-0.3947368306193624,False,True,False,all
2026-09-11,AGQ,76.79000091552734,10,3,False,0.033729844821071886,-0.3862017212127504,0.33200344983610375,-0.8220270222766932,False,False,False,all
2026-09-11,ASR,251.77000427246094,10,0,False,-0.06863957941883236,-0.18973510622304912,0.008774751283513016,-0.34008699013817945,False,True,False,all
2026-09-11,BFAM,65.12000274658203,10,0,False,-0.11612523946007436,-0.18732411651352432,0.1299670577762797,-0.4308686961309861,False,False,False,all
2026-09-11,BITI,19.200000762939453,10,1,False,-0.16267625721223744,-0.20597993147332938,0.15837103343423764,-0.3793437499788055,False,True,False,all
2026-09-11,BTCZ,3.5450000762939453,10,3,False,-0.26866501574486823,-0.2618735137412671,0.5413044129517681,-0.5170299723980153,False,True,False,all
2026-09-11,GDXY,11.069999694824219,10,1,False,0.04201961941708965,-0.19016198940084839,0.19417466539098593,-0.41397564571174705,False,False,False,all
2026-09-11,GLOB,37.75,10,2,False,0.04718577225796228,-0.19906986141541272,0.3697387783570185,-0.476421625535129,True,True,False,all
2026-09-11,HDB,23.34000015258789,10,0,False,-0.027037836862117692,-0.16780614493957713,0.07211757748329872,-0.3767690339893085,False,False,False,all
2026-09-11,HSAI,17.309999465942383,10,1,False,0.011275310907522096,-0.18020464282830817,0.21133656488112007,-0.4388979172804238,False,True,False,all
2026-09-11,HWKN,124.06999969482422,10,1,False,-0.05364773575149928,-0.14611208492925654,0.06910811229784741,-0.33349447347380545,False,False,False,all
2026-09-11,INOD,53.209999084472656,10,2,False,-0.13511740530219052,-0.12433650094504467,0.5544843644773336,-0.574796233466546,False,True,False,all
2026-09-11,IPGP,79.98999786376953,10,1,False,-0.0918895820153166,-0.21171306417609825,0.15242751251194253,-0.48665130211852536,False,True,False,all
2026-09-11,MIR,15.979999542236328,10,1,False,0.008978485542769477,-0.19586764975015636,0.13253011559600902,-0.4722066480583056,False,True,False,all
2026-09-11,NN,15.180000305175781,10,3,False,-0.021188228260866304,-0.10512429727725392,0.39650418261205167,-0.378378367823513,False,True,False,all
2026-09-11,NVOX,12.390000343322754,10,1,False,-0.19781420290229768,-0.24525311654267767,0.3423619672597289,-0.6558333237965901,False,True,False,all
2026-09-11,PLTY,33.91999816894531,10,2,False,0.0004541664187731609,-0.13678589511979067,0.3016116217989606,-0.49297462787315405,True,False,False,all
2026-09-11,PMT,9.170000076293945,10,0,False,-0.050724626034583054,-0.1890445780178297,0.0132596555834259,-0.3359884288440549,False,True,False,all
2026-09-11,POST,80.19000244140625,10,0,False,-0.05951587569429306,-0.16452124945420987,0.06352786231553731,-0.3162516773869376,True,True,False,all
2026-09-11,RH,134.07000732421875,10,0,False,-0.19586044340694653,-0.17481821765403283,0.2612418012720059,-0.4603525760476568,False,False,False,all
2026-09-11,SDS,55.029998779296875,10,0,False,-0.00846134134892007,-0.1304451066277711,0.047392421400465734,-0.3163975306919643,True,False,False,all
2026-09-11,SLVM,35.290000915527344,10,0,False,-0.06148107122877544,-0.17546534290420535,0.030364990234375,-0.37869715863479236,False,True,False,all
2026-09-11,SYK,275.55999755859375,10,0,False,-0.1521945622925086,-0.18152789192989838,0.03205991594978941,-0.29802571359669905,False,False,False,all
2026-09-11,TSLZ,11.649999618530273,10,2,False,-0.14436384925086143,-0.120128876370173,0.19671289464705088,-0.5302419364142245,False,False,False,all
2026-09-11,WLK,70.80999755859375,10,2,False,-0.06586567290394607,-0.1985662513535219,0.257056546367024,-0.43000888959855554,False,True,False,all
2026-09-11,YELP,21.280000686645508,10,0,False,-0.13363512095100405,-0.16957391062301574,0.08571429961624344,-0.3830095781082177,False,False,False,all
2026-09-11,DFEN,56.08000183105469,10,3,False,-0.24522814594843578,-0.2297813960810331,0.04490411299294328,-0.4262915413702846,False,False,False,all
2026-09-11,DNA,6.75,10,0,False,-0.13971093961438785,-0.18571195630101356,0.25698326701123264,-0.6160409539650882,False,True,False,all
2026-09-11,CNM,40.619998931884766,10,0,False,-0.08684218906059848,-0.18518409394147572,0.0051967108454742394,-0.31914181971546296,False,False,False,all
2026-09-11,MFIC,9.039999961853027,10,0,False,-0.06522729152933793,-0.16091575726236307,0.003329604018768695,-0.2842438733221505,False,True,False,all
2026-09-11,TWM,22.559999465942383,10,1,False,0.05551758470161006,-0.1301967665302174,0.1190476010265622,-0.40095593315588807,False,False,False,all
2026-09-11,UNG,10.170000076293945,10,0,False,-0.017239376395865147,-0.1266563006142214,0.06492145268861749,-0.40281857508854946,False,False,False,all
2026-09-11,RMBS,86.97000122070312,10,1,False,-0.09539865815952997,-0.19426861385431327,0.1171483998116416,-0.5004595165321655,False,True,False,all
2026-09-11,PFLT,7.119999885559082,10,0,False,-0.01798523034126509,-0.143200975483736,0.04245973134589276,-0.3040078001799582,False,True,False,all
2026-09-11,BEPC,30.770000457763672,10,0,False,-0.0838826301759511,-0.1928153361754784,0.007366193514739994,-0.31894643094460784,False,False,False,all
2026-09-11,STN,69.66000366210938,10,0,False,-0.02747795226915073,-0.17338695536138626,0.05131303073139826,-0.3917219201531742,False,True,False,all
2026-09-11,CRH,88.55000305175781,10,0,False,-0.09838999990967134,-0.20275212011313604,0.019691464601329756,-0.32687190423767476,False,False,False,all
2026-09-11,FG,23.049999237060547,10,0,False,-0.15274176342550871,-0.1654930756526103,0.12056390758529467,-0.3475800157813791,False,True,False,all
2026-09-11,MSFD,10.384699821472168,10,1,False,-0.10832580860495855,-0.1821102626480281,0.044738456726546305,-0.32258970168594436,True,True,False,all
2026-09-11,MBLY,8.25,10,0,False,-0.056819482815910094,-0.10217273822785056,0.2751159609783578,-0.47817838197122486,False,True,False,all
2026-09-11,AAP,44.68000030517578,9,1,False,-0.1397932245929846,-0.14375537868313382,0.17920298297450943,-0.31482899965544286,False,True,False,all
2026-09-11,AMPG,3.4600000381469727,9,4,False,-0.29955259706529214,-0.10815546910521512,1.1097561392239488,-0.657764574120259,True,True,False,all
2026-09-11,AMSC,29.530000686645508,9,1,False,-0.06821908523836218,-0.17535271706247935,0.1873743341440013,-0.5810753073972876,True,True,False,all
2026-09-11,BBUC,26.40999984741211,9,0,False,-0.10254929493990994,-0.19698253200537508,0.015769224900465728,-0.30954248764935666,False,False,False,all
2026-09-11,BKE,40.70000076293945,9,0,False,-0.06222060566490817,-0.17734566103250948,0.01369861061415012,-0.3402496082190186,False,False,False,all
2026-09-11,BLOX,14.0,9,1,False,0.018744907859088444,-0.12394600056050387,0.17351212421395812,-0.5,False,True,False,all
2026-09-11,BOOT,144.38999938964844,9,0,False,-0.07619489425614856,-0.15390056335747848,0.08417185260820137,-0.31324613845589333,False,True,False,all
2026-09-11,BRSL,10.800000190734863,9,0,False,-0.021136186141571756,-0.15158702701355242,0.09090915221047258,-0.41841678146365235,False,False,False,all
2026-09-11,ENOV,19.280000686645508,9,0,False,-0.23837211013403037,-0.2150076588367562,0.06607695121194945,-0.43757288876306766,False,False,False,all
2026-09-11,ETOR,30.350000381469727,9,0,False,-0.1123057410712448,-0.12760531675406006,0.22675831294472193,-0.3442091360847951,False,True,False,all
2026-09-11,FISV,51.58000183105469,9,0,False,-0.01189629568015349,-0.11218054854056947,0.09651362302649846,-0.6224011747703195,False,False,False,all
2026-09-11,HE,10.380000114440918,9,1,False,-0.1579186393925004,-0.242924286181339,0.009727663819775634,-0.4027617597431993,False,False,False,all
2026-09-11,HOOW,28.15999984741211,9,2,False,0.030569411268351665,-0.12104650783744075,0.398907154566404,-0.6731662180767055,False,False,False,all
2026-09-11,INTR,5.710000038146973,9,1,False,0.03472021717091467,-0.21142671081209918,0.13293652408037127,-0.44884167689457855,False,True,False,all
2026-09-11,INTU,321.57000732421875,9,1,False,0.005584408656811313,-0.23544170877693993,0.27183203599828665,-0.5439240943865196,False,True,False,all
2026-09-11,ISRG,369.1499938964844,9,0,False,-0.022015072118073742,-0.19723213221594726,0.12350484118358085,-0.3887030686367555,False,True,False,all
2026-09-11,OLED,83.55999755859375,9,1,False,0.0016686191004240403,-0.15665388890377308,0.09343103324686952,-0.4552093173915569,False,True,False,all
2026-09-11,QID,14.329999923706055,9,0,False,-0.012350785745163129,-0.18820777416724677,0.0702016098791256,-0.4158173859527238,True,False,False,all
2026-09-11,RBA,83.5999984741211,9,0,False,-0.14548785907440398,-0.18988049464943557,0.04827584293568776,-0.30088645932425184,True,True,False,all
2026-09-11,TJX,126.0199966430664,9,1,False,-0.1485791194573759,-0.18326902735556894,0.009209528879551954,-0.2587059020996094,False,False,False,all
2026-09-11,TPB,71.51000213623047,9,0,False,-0.12677243936799487,-0.24045077734500075,0.08677809756302302,-0.5132062279960254,False,True,False,all
2026-09-11,TSLQ,18.40999984741211,9,2,False,-0.1405870780556322,-0.11278819271794505,0.24602371050642535,-0.5572390804066221,False,False,False,all
2026-09-11,CIGI,93.3499984741211,9,0,False,-0.07104076984685026,-0.1798039482720425,0.056234457741068944,-0.4557168592854196,False,False,False,all
2026-09-11,VERX,12.260000228881836,9,0,False,-0.04603316507274946,-0.15305169403232877,0.20078356347459136,-0.5380557721944512,False,True,False,all
2026-09-11,KC,9.960000038146973,9,1,False,-0.06443734243635868,-0.20073826904852554,0.19281432133226573,-0.4622030349911955,False,True,False,all
2026-09-11,SBIT,36.58000183105469,9,3,False,-0.2724191238689273,-0.26870783814899113,0.5500000525329065,-0.5219237780454911,False,False,False,all
2026-09-11,TSCO,33.0099983215332,9,1,False,0.002118941450679479,-0.2045697270735085,0.16396324439726429,-0.45760765707388784,True,True,False,all
2026-09-11,CSIQ,12.760000228881836,9,0,False,-0.12354208002942002,-0.2783233884394454,0.20833330699289787,-0.631107251442808,False,False,False,all
2026-09-11,PINS,19.049999237060547,9,1,False,-0.16113296582791725,-0.12625103305440755,0.37644501640402495,-0.48582996951845747,False,False,False,all
2026-09-11,FMC,11.399999618530273,9,1,False,0.021212525136424354,-0.15502042798248694,0.145728626840268,-0.7052740556208104,False,True,False,all
2026-09-11,YMAX,7.46999979019165,9,0,False,-0.02132902829826744,-0.1311933258441801,0.030344798647124138,-0.4319391629741701,False,True,False,all
2026-09-11,SFM,72.76000213623047,9,2,False,-0.09710689114132254,-0.07917264493502008,0.12370659669854,-0.47920693837452566,False,True,False,all
2026-09-11,CHTR,145.77000427246094,9,2,False,0.01686191827957395,-0.1947874460933381,0.30676826790247125,-0.4899937004511118,False,True,False,all
2026-09-11,INFY,11.069999694824219,9,0,False,-0.05463801967727111,-0.20878557405937415,0.07475723202238305,-0.631000010172526,False,True,False,all
2026-09-11,LHX,245.5399932861328,9,1,False,-0.121202124001348,-0.2165994120613447,0.002899936485594834,-0.35253016329716336,False,False,False,all
2026-09-11,BWXT,150.1199951171875,9,1,False,-0.10673379763685664,-0.2196018872464468,0.01610931051531317,-0.3792077141246837,False,False,False,all
2026-09-11,WSC,18.65999984741211,9,3,False,-0.21460019602597968,-0.16632042445079287,0.2515090568998817,-0.37319450586216574,False,True,False,all
2026-09-11,QBTS,16.799999237060547,9,1,False,-0.10633548287063643,-0.21575221079643236,0.3176469989851409,-0.6406417275495071,False,True,False,all
2026-09-11,TSDD,7.71999979019165,9,2,False,-0.14427598212532133,-0.1209417111823794,0.17503798911461366,-0.5534991682239485,False,True,False,all
2026-09-11,AAPD,10.470000267028809,8,0,False,-0.04588845251368345,-0.16314946017302778,0.0325443700722714,-0.34026462870009266,False,False,False,all
2026-09-11,ADBG,4.179999828338623,8,1,False,-0.04578849661428008,-0.25522127373518944,0.6076923006385033,-0.6555134424931786,False,True,False,all
2026-09-11,ADMA,9.229999542236328,8,1,False,0.0014864438481234643,-0.261831821384125,0.280166365242976,-0.5488317792733914,True,True,False,all
2026-09-11,AEO,15.020000457763672,8,0,False,-0.1125134152818702,-0.2383637275402286,0.06827880579630485,-0.472241709735038,False,False,False,all
2026-09-11,AMTM,19.459999084472656,8,0,False,-0.08872097217563424,-0.25967776885694915,0.013014055799829505,-0.4893729002148882,False,True,False,all
2026-09-11,AS,28.06999969482422,8,0,False,-0.15697098631975626,-0.20699271021006516,0.03160605069047295,-0.3435453508732097,False,False,False,all
2026-09-11,BIDU,91.4000015258789,8,0,False,-0.12046712097592649,-0.2525308742643241,0.020089320116201792,-0.4470659416911187,False,False,False,all
2026-09-11,BIOA,8.489999771118164,8,3,False,-0.44281102852235654,-0.49871580572737895,0.8141025817370751,-0.6728954037343763,True,True,False,all
2026-09-11,BRSP,4.449999809265137,8,0,False,-0.11481543757424173,-0.20241608376734999,0.004514668555645196,-0.27818331925381057,False,True,False,all
2026-09-11,EVLV,4.949999809265137,8,0,False,-0.11137444480559144,-0.17829711693224293,0.018518451291821503,-0.4381385274121816,False,True,False,all
2026-09-11,EYE,17.290000915527344,8,0,False,-0.11786609600208198,-0.2572553060627455,0.17220345190015895,-0.42405061119658105,False,False,False,all
2026-09-11,FIS,38.13999938964844,8,0,False,-0.08866737285739434,-0.22335792076056415,0.019241081131336157,-0.4483656389016585,False,True,False,all
2026-09-11,IONQ,36.75,8,1,False,-0.08354114451669836,-0.1663131530377603,0.41946700912993085,-0.5658081254134015,False,False,False,all
2026-09-11,KWEB,24.600000381469727,8,0,False,-0.07977524477214981,-0.1830485788862034,0.05897550005295904,-0.4327222545990346,False,True,False,all
2026-09-11,LIF,42.68000030517578,8,0,False,-0.16063726547049462,-0.17448085379114942,0.1532018978867029,-0.6207570645284477,False,True,False,all
2026-09-11,LVS,42.83000183105469,8,0,False,-0.06541032920818235,-0.20386779540402267,0.017098105207011827,-0.3920510477449588,False,False,False,all
2026-09-11,NRG,113.45999908447266,8,0,False,-0.09216603682229496,-0.22131721957164496,0.04725865718708144,-0.4027163872689524,False,True,False,all
2026-09-11,PDD,77.80999755859375,8,0,False,-0.09153534180436818,-0.2003120481638423,0.08159570361383439,-0.441862165449882,False,False,False,all
2026-09-11,POOL,173.0399932861328,8,0,False,-0.11087364693579604,-0.19268549379300182,0.002549172462678273,-0.48522981874746196,False,True,False,all
2026-09-11,PSIX,42.11000061035156,8,2,False,0.19090041072708552,-0.2450617875573493,0.6657436497854496,-0.6482038288726126,True,True,False,all
2026-09-11,RGTI,15.270000457763672,8,0,False,-0.0540381251816664,-0.20096907041644296,0.2186752420738285,-0.7374032664303893,False,True,False,all
2026-09-11,SHMD,3.380000114440918,8,1,False,-0.2122497187241975,-0.4356319706076046,0.690000057220459,-0.6826290858677639,False,True,False,all
2026-09-11,SLVO,69.0,8,1,False,0.03063218344854657,-0.19426409457557148,0.1309621684688158,-0.35760173496446057,True,True,False,all
2026-09-11,WYNN,87.69999694824219,8,0,False,-0.09870656512864273,-0.17680256751836976,0.00850963513753844,-0.3490202185749025,False,False,False,all
2026-09-11,BURL,239.0399932861328,8,3,False,-0.2670911137266636,-0.23263918250963667,0.011681033185606093,-0.3681706399963798,False,False,False,all
2026-09-11,CSAN,2.8499999046325684,8,0,False,-0.021022291236287738,-0.243007811116708,0.197478893946212,-0.5253955286730396,False,False,False,all
2026-09-11,COUR,5.21999979019165,8,0,False,-0.093214782523101,-0.15272122792469678,0.04399995803833012,-0.5762987078331961,False,True,False,all
2026-09-11,RUSHA,48.310001373291016,8,3,False,-0.3122400507787405,-0.27933041822350724,0.05780607204273669,-0.42143710930190403,False,False,False,all
2026-09-11,GPI,278.2699890136719,8,0,False,-0.03666273278240606,-0.16817988588316624,0.11513182856663806,-0.43022997877222846,False,False,False,all
2026-09-11,MMS,56.91999816894531,8,0,False,-0.02006696680641229,-0.18775122239663566,0.0794613818145935,-0.43080001831054693,False,True,False,all
2026-09-11,FND,47.34000015258789,8,0,False,-0.14076623101560548,-0.1803370897442288,0.11022516018329154,-0.4876900516425925,False,False,False,all
2026-09-11,MATW,20.0,8,0,False,-0.18432600700732427,-0.22936727411687263,0.020408143405366452,-0.35337860321154835,False,False,False,all
2026-09-11,TMF,29.309999465942383,8,0,False,-0.07402143418779905,-0.1792525478123369,0.005833908025212109,-0.33747743322965074,False,False,False,all
2026-09-11,NXRT,22.790000915527344,8,0,False,-0.10102871165351568,-0.17864547300866684,0.029823849064162244,-0.33769250169754583,False,False,False,all
2026-09-11,VFC,13.170000076293945,8,0,False,-0.12910648585626205,-0.2493438146139213,0.05698234638629773,-0.40862147258274184,False,True,False,all
2026-09-11,WRD,5.75,8,0,False,-0.022557671442703597,-0.20499951894839863,0.11003864682447162,-0.5418326762859348,False,True,False,all
2026-09-11,LEU,152.30999755859375,8,0,False,-0.12823243771051795,-0.2714491760006228,0.0716245150640411,-0.6719224608323237,False,False,False,all
2026-09-11,MX,2.950000047683716,8,3,False,-0.15496991107683633,-0.18512788241867462,0.35321098960877806,-0.7008113437726178,False,True,False,all
2026-09-11,VIPS,12.470000267028809,8,0,False,-0.12025734235300511,-0.20905243273547403,0.001606462495588712,-0.4084440079620043,False,False,False,all
2026-09-11,ALMU,13.40999984741211,7,2,False,-0.14353050534504685,-0.24435592141719542,0.3095703268700165,-0.5781692525569511,False,True,False,all
2026-09-11,ALOY,8.40999984741211,7,3,False,-0.21393789107397143,-0.25140640731214137,0.42060806402505335,-0.6873605960344022,False,True,False,all
2026-09-11,AMRZ,40.52000045776367,7,0,False,-0.1452053745147246,-0.2410847960785346,0.019627547718990668,-0.38550198729869,False,False,False,all
2026-09-11,AVGG,23.520000457763672,7,1,False,-0.1358697641354264,-0.17508575102504043,0.3161723197083326,-0.5242718221869558,False,False,False,all
2026-09-11,AVGX,40.380401611328125,7,1,False,-0.13419066605439667,-0.17668420373005722,0.3093515373390705,-0.5238160358711086,False,False,False,all
2026-09-11,BL,28.350000381469727,7,0,False,-0.07042474023186596,-0.2472798432534723,0.1477732593436527,-0.5240892978562004,False,True,False,all
2026-09-11,FICO,985.3900146484375,7,0,False,-0.1428396292772729,-0.23556439805354323,0.13261916942070018,-0.5068142752878261,False,False,False,all
2026-09-11,GOF,9.180000305175781,7,0,False,-0.10398809560067634,-0.19153842874344407,0.024553601126357405,-0.3924552935963135,False,False,False,all
2026-09-11,GPK,9.5,7,0,False,-0.13777454864549799,-0.19717066010582085,0.08077361106123337,-0.5527306919787278,False,False,False,all
2026-09-11,GRAB,3.049999952316284,7,0,False,-0.14474792289462113,-0.23797627606708482,0.030405376016702235,-0.5392749237096548,False,False,False,all
2026-09-11,GT,5.369999885559082,7,0,False,-0.17590008066642848,-0.27021188601224955,0.0037383142585096785,-0.49435028781298496,False,True,False,all
2026-09-11,IONS,54.209999084472656,7,0,False,-0.0855386724246574,-0.2578344368154132,0.08398322143376324,-0.3750288169292698,False,True,False,all
2026-09-11,JBI,4.590000152587891,7,0,False,-0.11025817842454333,-0.2032632973702697,0.07746476666098046,-0.5749999933772618,False,False,False,all
2026-09-11,KNF,57.630001068115234,7,1,False,-0.18980927092943967,-0.26166924661934243,0.011230029317410128,-0.40143330080195805,False,False,False,all
2026-09-11,MLCO,5.050000190734863,7,0,False,-0.0646762114866628,-0.16425317587800803,0.02226723324701685,-0.4939879336303803,False,True,False,all
2026-09-11,RTO,22.3700008392334,7,0,False,-0.14082480659746677,-0.25035393483020074,0.006071519009492876,-0.35477352118031824,True,False,False,all
2026-09-11,SDOW,23.93000030517578,7,1,False,0.02282442814082941,-0.16022563607542661,0.1325130740945848,-0.37633565360122045,False,False,False,all
2026-09-11,TGLS,38.31999969482422,7,0,False,-0.10380183244359065,-0.1611915427245877,0.025970582605919335,-0.48181201790117045,False,False,False,all
2026-09-11,UPWK,8.720000267028809,7,0,False,-0.027046288551481834,-0.3119446814445076,0.17204303762956563,-0.6182136511045169,False,True,False,all
2026-09-11,DKNG,24.739999771118164,7,1,False,0.0035086178379888366,-0.07145203801030853,0.2091887037225555,-0.46588946601649905,False,True,False,all
2026-09-11,COO,53.90999984741211,7,0,False,-0.24820942582475625,-0.2627651998339364,0.0568516295099486,-0.3998664282696792,False,False,False,all
2026-09-11,CLBT,11.229999542236328,7,0,False,-0.18430498313264654,-0.22926992802088642,0.17223378201155204,-0.4379379479715757,True,True,False,all
2026-09-11,YINN,26.780000686645508,7,0,False,-0.062482474254669684,-0.2405475921342789,0.2943450940256478,-0.5359556210103825,False,True,False,all
2026-09-11,TEMT,21.350000381469727,7,2,False,0.00528778611697911,-0.26239418100845646,0.8532985705813341,-0.8597424766111094,False,True,False,all
2026-09-11,MNRO,12.789999961853027,7,0,False,-0.09317791770891282,-0.25718351463698474,0.15641948251357163,-0.46507737166559004,True,True,False,all
2026-09-11,MBC,7.429999828338623,7,0,False,-0.15182650176755152,-0.22976848049384402,0.12490534547808574,-0.47749650570920266,False,False,False,all
2026-09-11,SPXS,25.049999237060547,7,0,False,-0.015871797769095086,-0.19937358691423657,0.07051280536020399,-0.4412224355585932,True,False,False,all
2026-09-11,QUBT,7.989999771118164,7,0,False,-0.04506940736372711,-0.1544078990107366,0.29288025777601456,-0.6907894843677871,False,True,False,all
2026-09-11,CRML,6.429999828338623,7,0,False,-0.07564477689680449,-0.3360798949798667,0.2570870217131982,-0.8000000148316372,False,True,False,all
2026-09-11,NAMS,22.799999237060547,7,0,False,-0.20790981239633333,-0.2931991581878578,0.07395194200078814,-0.4597796884755926,False,False,False,all
2026-09-11,MZTI,104.05000305175781,7,0,False,-0.0620092328159314,-0.23324240174507482,0.03842321577618746,-0.43926490396238427,False,False,False,all
2026-09-11,LPL,3.309999942779541,7,0,False,-0.006781505516909148,-0.19675792482227583,0.19927534573069638,-0.43224700066969857,False,True,False,all
2026-09-11,LEN,79.5999984741211,7,0,False,-0.061878333157517895,-0.18444880653519014,0.0387576840291568,-0.43429752913034014,False,False,False,all
2026-09-11,LEN.B,78.2699966430664,7,0,False,-0.05967301850465623,-0.16128026108172655,0.0409628155559687,-0.41793711658704225,False,False,False,all
2026-09-11,STNE,10.100000381469727,7,0,False,-0.035357454771260954,-0.22355470690467283,0.11233485312050018,-0.49373433607921413,False,False,False,all
2026-09-11,HUN,9.539999961853027,7,3,False,-0.10378776972214887,-0.20486416720874057,0.3068492756974397,-0.4070851540471472,True,True,False,all
2026-09-11,CAVA,55.880001068115234,7,2,False,-0.15616909459097772,-0.22659043495182118,0.28726102889969307,-0.43435569844870525,False,True,False,all
2026-09-11,DECK,81.2699966430664,7,2,False,-0.14952357358130175,-0.2071560181421045,0.02990739920710772,-0.3354322018592165,False,False,False,all
2026-09-11,SITE,92.81999969482422,7,0,False,-0.07363050583629993,-0.2450908950630516,0.030531808696764307,-0.44933554200747583,False,False,False,all
2026-09-11,ACI,12.079999923706055,6,0,False,-0.05406252622895624,-0.23522764936082874,0.11233888633492684,-0.39600000381469724,True,True,False,all
2026-09-11,ACM,63.529998779296875,6,0,False,-0.06595234523235449,-0.2341857309555183,0.052692632735349854,-0.5312131288634645,False,False,False,all
2026-09-11,ALNY,248.67999267578125,6,0,False,-0.02615688615186107,-0.21597004590862645,0.257165945832031,-0.4981737487607911,False,True,False,all
2026-09-11,AMPX,9.4399995803833,6,1,False,-0.11059191458712514,-0.3043504220906462,0.2739540856644085,-0.6103199408985694,False,True,False,all
2026-09-11,ARKO,4.519999980926514,6,2,False,-0.27881930349978634,-0.25981118799288927,0.21832882330214476,-0.48372359544907273,True,False,False,all
2026-09-11,AVL,38.41999816894531,6,1,False,-0.13132231630721025,-0.1798096061384813,0.32711561852975635,-0.5210073730522857,False,False,False,all
2026-09-11,ERII,7.550000190734863,6,0,False,-0.08327057478607003,-0.30680840879897076,0.041379336653084575,-0.5878820787934895,False,False,False,all
2026-09-11,FUBO,11.529999732971191,6,2,False,0.15925997450611673,-0.2884275532668271,0.45031446661594,-0.7964336183400733,False,True,False,all
2026-09-11,MPT,3.640000104904175,6,0,False,-0.16681924462413078,-0.26167824384656113,0.0,-0.4374033658513684,False,False,False,all
2026-09-11,NCLH,14.819999694824219,6,0,False,-0.18803420254818837,-0.2510669431251866,0.025605528750377138,-0.4547461542153808,False,False,False,all
2026-09-11,OLLI,73.55999755859375,6,1,False,0.017625816155761642,-0.20198032064946936,0.22010277726913752,-0.4715897276710196,True,False,False,all
2026-09-11,ORCL,150.27999877929688,6,2,False,0.06824604115501232,-0.10357930675184301,0.3124890723082696,-0.5459818767997073,False,False,False,all
2026-09-11,PFSI,70.36000061035156,6,0,False,-0.09946576739919233,-0.2739820093623858,0.017939783195839665,-0.5612372141272636,False,True,False,all
2026-09-11,PHAT,8.359999656677246,6,0,False,-0.15456497800325553,-0.30042136510858164,0.03593556044853652,-0.5434189022109307,True,True,False,all
2026-09-11,PLTD,5.400000095367432,6,1,False,-0.16299571648630418,-0.2542420034862387,0.11570246386874916,-0.44495836729860705,True,True,False,all
2026-09-11,PSN,45.75,6,0,False,-0.09514880989884755,-0.2132010248335391,0.26172096298281144,-0.4888268156424581,True,True,False,all
2026-09-11,RBLX,45.5,6,2,False,0.019758672398614285,-0.22761505368802826,0.3429751642723662,-0.6795774647887324,True,True,False,all
2026-09-11,RCAT,7.960000038146973,6,3,False,-0.09506376621795765,-0.27739662428487655,0.37954940458575215,-0.5761448483967659,False,True,False,all
2026-09-11,SRTY,24.200000762939453,6,1,False,0.08083004167994035,-0.21295819391563087,0.18164068866463046,-0.5565328770702789,False,True,False,all
2026-09-11,TIGR,4.829999923706055,6,0,False,-0.0039388945933132025,-0.27841252259518323,0.20749998092651367,-0.5857632944327993,False,True,False,all
2026-09-11,TSSI,8.930000305175781,6,1,False,-0.09151946201622874,-0.17403908622940645,0.299854505667005,-0.5898024750848757,False,False,False,all
2026-09-11,CALX,35.2400016784668,6,0,False,-0.07285600077235754,-0.23052312691083032,0.03799708060494478,-0.5051951548096465,False,True,False,all
2026-09-11,GILT,9.890000343322754,6,0,False,-0.10298035878792733,-0.3202912399135194,0.05549631420648038,-0.5274725179589674,False,True,False,all
2026-09-11,BROS,43.900001525878906,6,0,False,-0.23197500449775044,-0.23051032490658008,0.014091027892142227,-0.40694909360231213,True,False,False,all
2026-09-11,SPXU,35.099998474121094,6,0,False,-0.015908126324218674,-0.20098616790796364,0.06946979891826244,-0.44152745702016605,True,True,False,all
2026-09-11,ZG,33.22999954223633,6,0,False,-0.02812955958329222,-0.27669671207210733,0.1446778765500656,-0.631678130208106,False,True,False,all
2026-09-11,PATK,73.4000015258789,6,0,False,-0.13003281373006936,-0.28843905943619297,0.004722486062034514,-0.505723895448627,False,True,False,all
2026-09-11,FAZ,32.619998931884766,6,1,False,-0.0013715406688095122,-0.1996143084485683,0.07550276999469552,-0.4213234069544429,False,False,False,all
2026-09-11,UAMY,4.869999885559082,6,1,False,-0.13854101729107438,-0.36311147954168765,0.1169724166117374,-0.7529172951917781,False,False,False,all
2026-09-11,SMCL,18.93000030517578,6,2,False,0.38256322082372973,-0.18797126598747316,1.5172872810092057,-0.8682366614733681,True,True,False,all
2026-09-11,ULTY,25.729999542236328,6,0,False,-0.04630942291773443,-0.201541693553008,0.016594234893568593,-0.5478031836161907,False,True,False,all
2026-09-11,ZSL,24.520000457763672,6,1,False,-0.09646321850727868,-0.2249936263010064,0.7027778546751302,-0.8756592249633793,True,False,False,all
2026-09-11,WB,6.630000114440918,6,0,False,-0.11592925633878204,-0.2485634168645422,0.006069796802253391,-0.4884259186013954,False,False,False,all
2026-09-11,TZA,42.93000030517578,6,1,False,0.08040771077398623,-0.2104428206053146,0.18166799178301862,-0.5500000039986344,False,True,False,all
2026-09-11,CTRI,20.15999984741211,6,2,False,-0.16097887074318495,-0.28744241539221205,0.05882347048478298,-0.530999195971694,False,True,False,all
2026-09-11,PLNT,50.75,6,1,False,-0.03258888868673604,-0.30145297834900964,0.3705104421546417,-0.5558375717559365,True,True,False,all
2026-09-11,TROX,4.420000076293945,6,3,False,-0.23656209824466,-0.3468639738860413,0.545454628817688,-0.5826251168453642,False,True,False,all
2026-09-11,CELH,27.219999313354492,6,0,False,-0.09282393469812733,-0.27396491078677854,0.15534804458306084,-0.5921486337336079,False,True,False,all
2026-09-11,KRUS,40.79999923706055,6,0,False,-0.1513719662756312,-0.2785050338414343,0.0033197668386539814,-0.5096448730341507,False,True,False,all
2026-09-11,SMCY,5.429999828338623,6,2,False,0.09785681846959782,-0.18310550533931136,0.36090220936342066,-0.693653048717826,True,False,False,all
2026-09-11,AIOT,3.0,5,0,False,-0.16708312470714737,-0.24261550163754597,0.07913670175336285,-0.4897959282973168,True,True,False,all
2026-09-11,AMSF,24.770000457763672,5,0,False,-0.1559269043912508,-0.2581633326767909,0.027374526366819696,-0.45524522118364175,True,False,False,all
2026-09-11,BGS,3.1500000953674316,5,0,False,-0.11858523180881808,-0.2880390352558826,0.0177706191433864,-0.5062695863848794,False,True,False,all
2026-09-11,BILI,15.539999961853027,5,0,False,-0.10712746961757302,-0.31833958405718876,0.02506597086185236,-0.5730769420214248,False,False,False,all
2026-09-11,BIRK,31.1299991607666,5,0,False,-0.20048287349816296,-0.2217762879310775,0.02909088134765625,-0.38635916732369247,False,True,False,all
2026-09-11,EBS,6.230000019073486,5,1,False,-0.04094827208109242,-0.30452837756394957,0.42889904318689953,-0.5568990161350702,False,False,False,all
2026-09-11,ESAB,70.69000244140625,5,0,False,-0.15821584750672535,-0.3028118067980926,0.03620640833341904,-0.4855915923205052,False,False,False,all
2026-09-11,FLUT,100.55999755859375,5,0,False,-0.016549299705518217,-0.2254486801658967,0.12094525231133413,-0.6559816687814914,False,False,False,all
2026-09-11,FLY,21.1299991607666,5,3,False,-0.07400918756131114,-0.2344050632275072,0.3206249475479126,-0.6601254659305862,False,True,False,all
2026-09-11,FVRR,9.029999732971191,5,0,False,-0.08408564087773529,-0.2872562722654647,0.04938991439207108,-0.6775000095367432,True,True,False,all
2026-09-11,JBGS,11.369999885559082,5,0,False,-0.1299623633312259,-0.246131209454731,0.055710250909311254,-0.5320987554510535,True,False,False,all
2026-09-11,LAC,2.9100000858306885,5,0,False,-0.06682911750991616,-0.3419192723305078,0.08988764145275674,-0.7233840342960125,False,False,False,all
2026-09-11,LII,366.0400085449219,5,0,False,-0.1996980881736935,-0.26284058492575646,0.0009297137723314197,-0.376709185942968,True,True,False,all
2026-09-11,NB,3.805000066757202,5,0,False,-0.15288196760449224,-0.29054541255460853,0.0013158196062266203,-0.6975357639242137,False,True,False,all
2026-09-11,NVDS,18.989999771118164,5,0,False,-0.06910943860590524,-0.24317272255514244,0.1157461375070572,-0.5118753830238909,False,False,False,all
2026-09-11,OLN,17.200000762939453,5,1,False,-0.12117553846750306,-0.26046471285293304,0.028093319400073202,-0.4353249743954406,True,True,False,all
2026-09-11,PCT,6.019999980926514,5,0,False,-0.09962460183498434,-0.2633630201893107,0.22109537333497498,-0.6113621646301708,False,True,False,all
2026-09-11,SQQQ,38.869998931884766,5,0,False,-0.024949478605026165,-0.3019513952388242,0.08818582316721524,-0.571538818244479,True,True,False,all
2026-09-11,SVC,6.800000190734863,5,0,False,-0.1643316860292856,-0.23266151250114153,0.20353983645245322,-0.5481727505278635,False,True,False,all
2026-09-11,TCOM,39.02000045776367,5,0,False,-0.11228602472246596,-0.272044797829187,0.025762342761572077,-0.50601340026544,False,False,False,all
2026-09-11,TRIP,9.09000015258789,5,0,False,-0.2401317276905771,-0.24486920945553436,0.0808561614165817,-0.5491071318755614,True,False,False,all
2026-09-11,TSLR,16.760000228881836,5,2,False,0.013413844487767168,-0.29208039247703166,0.4561250995309514,-0.5761254466157539,True,False,False,all
2026-09-11,TSLY,22.399999618530273,5,0,False,-0.03528947367383439,-0.2618406366537527,0.09777009873812137,-0.5376677138122037,True,True,False,all
2026-09-11,VNET,6.329999923706055,5,0,False,-0.11406579094386915,-0.2987548269316237,0.07106600459183698,-0.5628452953163261,False,True,False,all
2026-09-11,WINA,308.4700012207031,5,0,False,-0.1275634757257208,-0.23045115062383503,0.009457473576248265,-0.41507858983870016,False,False,False,all
2026-09-11,XXI,5.449999809265137,5,2,False,0.03521631441519446,-0.2500189452685523,0.3132529359092957,-0.7873336856722003,False,False,False,all
2026-09-11,XXRP,30.959999084472656,5,2,False,0.2306517808184556,-0.42579474354269686,0.7286431796897082,-0.9226560782843066,False,False,False,all
2026-09-11,DFH,12.270000457763672,5,0,False,-0.16748083749014397,-0.2414477119675763,0.043367365557468895,-0.6044487338267353,False,False,False,all
2026-09-11,WD,40.529998779296875,5,0,False,-0.10986855948939322,-0.2303507510962053,0.038964381521765956,-0.5496666802300347,True,False,False,all
2026-09-11,CPNG,15.119999885559082,5,0,False,-0.08024722951760233,-0.20647208886130164,0.04636678789880344,-0.5562729406596566,False,False,False,all
2026-09-11,Z,32.5,5,0,False,-0.03856678163571592,-0.29475306968072534,0.1118713824486599,-0.653813368653281,False,True,False,all
2026-09-11,LI,11.8100004196167,5,0,False,-0.05143606833937098,-0.25427557522097044,0.016351164882001612,-0.5642066327167998,False,True,False,all
2026-09-11,BXMT,13.350000381469727,5,0,False,-0.12128270477347514,-0.26373260957475697,0.0007496423363906324,-0.3541364135368048,True,True,False,all
2026-09-11,SOUN,6.260000228881836,5,0,False,-0.07095468283884088,-0.24023130153547068,0.10796462357842396,-0.717636436295029,False,True,False,all
2026-09-11,TU,9.100000381469727,5,0,False,-0.08720681519500828,-0.2505970205023178,0.004415006622562556,-0.4354838766929937,False,True,False,all
2026-09-11,ESRT,4.28000020980835,5,0,False,-0.14703650275230395,-0.24673080896160426,0.03631963467578192,-0.46766166292096445,False,False,False,all
2026-09-11,UPST,25.59000015258789,5,0,False,-0.13405117216421059,-0.2435534620274974,0.06780721842910253,-0.6414962014955452,False,True,False,all
2026-09-11,SMCX,13.569999694824219,5,2,False,0.3751659125511413,-0.2270972932586185,1.4853479120907913,-0.881422584714011,True,True,False,all
2026-09-11,ZTS,72.97000122070312,5,0,False,-0.03424669767382349,-0.2855600684164511,0.027746496066241244,-0.5199342024953741,False,True,False,all
2026-09-11,ABR,4.71999979019165,4,0,False,-0.07071984158521827,-0.3051415426424293,0.0,-0.6248012862625564,False,True,False,all
2026-09-11,ADTN,7.539999961853027,4,1,False,-0.18551645646188875,-0.3392022259114339,0.07407407155831414,-0.6226226158857515,True,True,False,all
2026-09-11,ALHC,12.609999656677246,4,0,False,-0.22988136237056578,-0.3297108142484382,0.017756199133041495,-0.4980095845784186,True,True,False,all
2026-09-11,AVAV,146.7100067138672,4,0,False,-0.0734354511742793,-0.30086655830507836,0.08513321024727016,-0.6489015175970149,False,False,False,all
2026-09-11,BLDR,60.369998931884766,4,0,False,-0.14891759824418904,-0.32458702872750733,0.03853428217117627,-0.594587351774768,False,False,False,all
2026-09-11,BSX,42.97999954223633,4,0,False,-0.08430840206101131,-0.3457520762289208,0.018483383061496994,-0.5934544168940138,False,False,False,all
2026-09-11,FLNC,9.930000305175781,4,1,False,-0.2424068794760349,-0.4463833554842873,0.504089662139001,-0.7036705221559245,False,True,False,all
2026-09-11,FLO,6.090000152587891,4,0,False,-0.1832519482389413,-0.3123733100381332,0.013311134885087839,-0.5773768065874343,False,False,False,all
2026-09-11,FULC,3.799999952316284,4,2,False,0.013279286837956539,-0.4711719161493664,0.3427562030955662,-0.7585768737246726,False,True,False,all
2026-09-11,FUN,13.119999885559082,4,1,False,-0.22839869731798823,-0.26106155341301585,0.048760962871043034,-0.520643058704175,False,True,False,all
2026-09-11,IIIV,15.550000190734863,4,0,False,-0.17010897215474996,-0.2793752957289207,0.031851393870664824,-0.54224316656021,True,False,False,all
2026-09-11,LULU,98.97000122070312,4,0,False,-0.15502841415687518,-0.34651461925473626,0.034493604211534246,-0.5620408748921746,False,False,False,all
2026-09-11,PNR,56.58000183105469,4,0,False,-0.13649430495418435,-0.3328840881016084,0.005866699218749938,-0.5034664032790261,False,False,False,all
2026-09-11,ROL,34.72999954223633,4,0,False,-0.10712909732462805,-0.3292608821350492,0.011062622561730961,-0.4749017256920036,True,True,False,all
2026-09-11,SHOE,12.710000038146973,4,0,False,-0.1402635319341886,-0.2597489187984021,0.24607845841348785,-0.4750103048827181,False,False,False,all
2026-09-11,TSLG,4.820000171661377,4,2,False,0.010236549024409625,-0.3050308594360641,0.45180730981324424,-0.6062091289384841,True,False,False,all
2026-09-11,TSLL,9.710000038146973,4,2,False,0.010773954489700754,-0.3071436955923559,0.45033604020616735,-0.5909856726300369,True,False,False,all
2026-09-11,TSLT,13.520000457763672,4,2,False,0.007594254264374767,-0.30686569814158215,0.4444445463327298,-0.5906751148220455,True,False,False,all
2026-09-11,TTAN,54.68000030517578,4,0,False,-0.34290613376516577,-0.29829829079257875,0.016356897408820847,-0.5428093561639353,False,False,False,all
2026-09-11,IESC,345.7099914550781,4,2,False,-0.39920950205549477,-0.3624150147205616,0.17660466556860732,-0.5766004245871861,False,False,False,all
2026-09-11,MLTX,12.510000228881836,4,3,False,-0.27851341146916153,-0.2602185489208204,1.1025211142699014,-0.8006374465516839,False,False,False,all
2026-09-11,STLA,5.400000095367432,4,0,False,-0.024213938947149294,-0.3013642683491058,0.06930690919075744,-0.5581014748471527,False,True,False,all
2026-09-11,CSGP,30.459999084472656,4,1,False,0.0037500278517199614,-0.2915949787574047,0.17651602172889325,-0.6642416371846189,False,False,False,all
2026-09-11,NIO,3.690000057220459,4,1,False,-0.1875109981698696,-0.2866049832023233,0.03361348073434267,-0.5399002685033022,False,False,False,all
2026-09-11,PRCT,20.3799991607666,4,1,False,0.008436586335220708,-0.2115764747533485,0.22292217468634323,-0.49177057515553213,True,True,False,all
2026-09-11,METC,11.1899995803833,4,1,False,-0.04214890299477103,-0.25532059035119903,0.30724287755167756,-0.8064013887874166,False,False,False,all
2026-09-11,CWH,6.039999961853027,4,0,False,-0.05373649380414025,-0.2798593128865422,0.10118501637720434,-0.6684961476685698,False,True,False,all
2026-09-11,TMC,3.934999942779541,4,0,False,-0.055698224446024125,-0.29027808212655193,0.15735289188404944,-0.6533039814514974,False,True,False,all
2026-09-11,NKE,36.79999923706055,4,0,False,-0.10586292808029785,-0.27725302481138836,0.006839945423213756,-0.521891663590591,False,False,False,all
2026-09-11,PRIM,75.27999877929688,4,0,False,-0.08079213611267777,-0.38748569541873745,0.15815382737379813,-0.6336739718769009,False,True,False,all
2026-09-11,SFIX,2.950000047683716,4,0,False,-0.17588555288939312,-0.25025096279948633,0.046099332453326314,-0.5033670001235442,False,False,False,all
2026-09-11,KTOS,46.689998626708984,4,0,False,-0.10497260833671929,-0.34394212735117,0.08354603066542077,-0.6515671744275449,False,True,False,all
2026-09-11,QS,5.28000020980835,4,0,False,-0.09602968576263915,-0.3295024991952913,0.10691828740485132,-0.7231253123070898,False,True,False,all
2026-09-11,CPRI,13.890000343322754,4,0,False,-0.09472474986806101,-0.2932556379063973,0.12016135247019344,-0.5086664266569476,False,False,False,all
2026-09-11,LEGN,18.639999389648438,4,1,False,-0.14965834064894334,-0.18818339122477323,0.14778322982482583,-0.5029333496093751,False,True,False,all
2026-09-11,QXO,12.3100004196167,4,0,False,-0.13125094164889817,-0.3533610811285576,0.011503725755553695,-0.5541470428290601,False,True,False,all
2026-09-11,BUR,4.349999904632568,4,1,False,0.02069545310653531,-0.316762885547178,0.21169916675029032,-0.6679389482472267,False,True,False,all
2026-09-11,ONON,27.40999984741211,4,0,False,-0.18409021435136552,-0.3024513494016674,0.030451107305496494,-0.463390781815754,False,False,False,all
2026-09-11,OCS,10.5600004196167,4,0,False,-0.14971734814708149,-0.4943551697764712,0.0057143256777809626,-0.6936910547641173,False,True,False,all
2026-09-11,AGNT,4.019999980926514,3,0,False,-0.06832298891696864,-0.38409211483792505,0.11357343427839783,-0.6711925375334733,False,False,False,all
2026-09-11,AHCO,6.059999942779541,3,0,False,-0.23808087681940815,-0.38882025628662886,0.16314777320709695,-0.5487714218112056,True,True,False,all
2026-09-11,APP,323.9599914550781,3,0,False,-0.14201784298693299,-0.32765196685163356,0.08894114774816186,-0.5655101221554486,True,True,False,all
2026-09-11,APTV,45.540000915527344,3,0,False,-0.12566331424285526,-0.30811144372883326,0.03901435119861385,-0.4879118322360234,True,False,False,all
2026-09-11,ARI,6.630000114440918,3,0,False,-0.1087990842429386,-0.32145451184947316,0.031104244392176073,-0.4101423265615102,False,True,False,all
2026-09-11,ARRY,4.619999885559082,3,0,False,-0.13685196587901027,-0.40666158612135217,0.07192574173901733,-0.6222403876955267,False,True,False,all
2026-09-11,BABX,16.93000030517578,3,1,False,-0.15736095505152248,-0.41860354374511255,0.3327560586997311,-0.743484843860973,False,True,False,all
2026-09-11,BBAI,2.869999885559082,3,0,False,-0.061723583633610524,-0.3226579443764849,0.10810810064431009,-0.6943557209132645,False,True,False,all
2026-09-11,BBW,27.579999923706055,3,0,False,-0.18562831671286917,-0.356577872940011,0.007672600585807654,-0.6363876008103554,False,False,False,all
2026-09-11,BRBR,9.140000343322754,3,0,False,-0.2149654406260486,-0.4571785553346577,0.1687979722103945,-0.7642507032394819,False,True,False,all
2026-09-11,ERY,8.630000114440918,3,0,False,-0.15778582971634403,-0.3414073780445269,0.031063349156123632,-0.6164444393581814,False,False,False,all
2026-09-11,LMB,50.5,3,0,False,-0.14317321525702853,-0.338903995278631,0.23956794107575763,-0.5606785442305117,True,False,False,all
2026-09-11,LTBR,7.019999980926514,3,0,False,-0.13350449615074356,-0.40293937724225626,0.014450853111279693,-0.7760051069959284,False,True,False,all
2026-09-11,MRAL,42.209999084472656,3,2,False,0.001185463665728692,-0.18980410230338807,0.9065040762470822,-0.884766583425797,False,True,False,all
2026-09-11,NFXL,17.459999084472656,3,2,False,0.02075411192473875,-0.2915703727750715,0.3890214406020971,-0.7188405875444788,False,True,False,all
2026-09-11,NNE,16.40999984741211,3,0,False,-0.08915816120344688,-0.33646166039802017,0.11556762779446506,-0.7304090662827947,False,True,False,all
2026-09-11,NVD,3.990000009536743,3,0,False,-0.10538116569394773,-0.3416955051075511,0.15317918079377124,-0.6299044653824455,False,False,False,all
2026-09-11,NVDQ,9.010000228881836,3,0,False,-0.11041337681293995,-0.3474773409402342,0.15291108930412456,-0.6082608596138332,False,False,False,all
2026-09-11,PODD,131.9600067138672,3,0,False,-0.13581503457049238,-0.36039889145450044,0.043987382285354926,-0.6281559825906713,False,False,False,all
2026-09-11,PONY,6.635000228881836,3,0,False,-0.1024322617022071,-0.3880844570606419,0.04241955498393368,-0.733747985209935,False,True,False,all
2026-09-11,QDEL,11.779999732971191,3,0,False,-0.24537489306857052,-0.38834428480912264,0.18749996394880375,-0.6689151453980686,False,True,False,all
2026-09-11,RIOX,27.34000015258789,3,1,False,-0.053347038278546144,-0.23188492071662725,1.1095679067989401,-0.8221788607961763,False,False,False,all
2026-09-11,SOFX,8.569999694824219,3,0,False,-0.1066533279337577,-0.45405478063962446,0.2705707694928843,-0.8455271421496097,False,False,False,all
2026-09-11,SRAD,12.90999984741211,3,0,False,-0.0643842837197911,-0.22541317610300426,0.1177488860795175,-0.5881977770232207,False,True,False,all
2026-09-11,VXX,18.06999969482422,3,0,False,-0.10798471377037955,-0.3191903111572427,0.037611182593328074,-0.5573790726973362,False,False,False,all
2026-09-11,WHR,35.209999084472656,3,0,False,-0.10549155437492186,-0.38021367582564447,0.0039919985989933515,-0.6304576035309171,False,False,False,all
2026-09-11,XPEV,10.539999961853027,3,0,False,-0.13656098921341142,-0.35289188162181695,0.02230839310139232,-0.626704454258491,False,True,False,all
2026-09-11,DKS,135.02999877929688,3,0,False,-0.27921186733932624,-0.3442900059650962,0.1215116035548669,-0.4474588915568285,False,False,False,all
2026-09-11,RUN,8.5600004196167,3,0,False,-0.1642256968130983,-0.4015408627032122,0.04136254763295599,-0.6185383147997245,False,True,False,all
2026-09-11,CWEB,18.649999618530273,3,0,False,-0.1636471427744336,-0.3825658562330434,0.09128141907629872,-0.6954604979201366,False,False,False,all
2026-09-11,COLL,22.75,3,0,False,-0.26146435356325115,-0.39531749761857526,0.004858684333792773,-0.5520507106054025,False,False,False,all
2026-09-11,RWT,3.549999952316284,3,0,False,-0.24471300411591257,-0.3393935542596531,0.10248444744532637,-0.4906743100176375,False,False,False,all
2026-09-11,SMPL,9.84000015258789,3,0,False,-0.12530222314167794,-0.32072696328655803,0.0010173172898728655,-0.6462340476844692,False,True,False,all
2026-09-11,UTI,20.309999465942383,3,1,False,-0.37695948326056916,-0.38859556416462526,0.006441980118962576,-0.6044020372890744,True,False,False,all
2026-09-11,SMR,8.609999656677246,3,0,False,-0.05503000940299807,-0.3282569279410408,0.19417470334578302,-0.8500522478014667,False,False,False,all
2026-09-11,CONY,19.459999084472656,3,0,False,-0.009265902021129757,-0.30965125752850664,0.13008129270835656,-0.7511508971368306,False,False,False,all
2026-09-11,MYGN,3.4200000762939453,3,0,False,-0.19037922457818612,-0.3148832446783203,0.24817520598190468,-0.6018626291568099,True,True,False,all
2026-09-11,TME,7.980000019073486,3,0,False,-0.09885493377857058,-0.33189050585017277,0.02702703200289225,-0.7011236033315023,False,True,False,all
2026-09-11,NAIL,30.40999984741211,3,0,False,-0.2358758933698234,-0.3693344318195396,0.06926861027992492,-0.676179334878656,False,False,False,all
2026-09-11,ALIT,11.960000038146973,2,0,False,-0.27255918370964094,-0.438105910083316,0.24843425192014057,-0.8417989381012879,True,True,False,all
2026-09-11,ANGI,4.71999979019165,2,0,False,-0.11752611710480554,-0.40818017919057825,0.10798111187673687,-0.7431991291780458,True,False,False,all
2026-09-11,ARDX,3.5799999237060547,2,0,False,-0.20299213734508426,-0.384528116162556,0.005617972260667514,-0.5738095135375211,True,False,False,all
2026-09-11,DQ,11.539999961853027,2,0,False,-0.10744671804321604,-0.43729276610443935,0.014059740404490206,-0.684613284675353,False,True,False,all
2026-09-11,DRIP,32.369998931884766,2,0,False,-0.20116089827130545,-0.4227047381816659,0.028860181863164636,-0.6730303138193459,False,True,False,all
2026-09-11,FNGD,26.850000381469727,2,0,False,-0.12220133169398817,-0.42313541977991664,0.06336635174137539,-0.6927214325310653,True,True,False,all
2026-09-11,GOGO,2.619999885559082,2,0,False,-0.20117083571408445,-0.3804022924691629,0.06720976251760713,-0.7532956766674057,True,False,False,all
2026-09-11,IMSR,4.744999885559082,2,0,False,-0.1214264779568488,-0.33834399308084906,0.0833332788998693,-0.8493650829981244,False,True,False,all
2026-09-11,JOBY,6.389999866485596,2,0,False,-0.148363381329776,-0.37435748253137757,0.024038477703429928,-0.6801801795351606,False,True,False,all
2026-09-11,MNST,43.400001525878906,2,1,False,-0.38848690845503175,-0.4443428894410043,0.028679851589374472,-0.5674705689670222,True,False,False,all
2026-09-11,MSTX,14.010000228881836,2,2,False,0.34059290353536675,-0.46449661240426876,1.0848215277224407,-0.9483977892122216,False,False,False,all
2026-09-11,MSTY,14.680000305175781,2,1,False,0.0895704293338544,-0.3405610925423146,0.2732004028757127,-0.8211936592203093,False,False,False,all
2026-09-11,OI,6.53000020980835,2,0,False,-0.16880932624865563,-0.4064094846394821,0.03815584251364901,-0.6138379498088704,True,True,False,all
2026-09-11,OKLO,36.220001220703125,2,0,False,-0.16082423105476285,-0.4321197081532615,0.0005524988216063509,-0.8131448519140161,False,False,False,all
2026-09-11,RARE,14.300000190734863,2,0,False,-0.456771542692483,-0.4422472294894625,0.03548151746774275,-0.6415141536842001,False,False,False,all
2026-09-11,RDTL,14.069999694824219,2,0,False,-0.21561326532903058,-0.44753486689741606,0.29201095052777415,-0.8433882427832413,False,True,False,all
2026-09-11,REZI,19.110000610351562,2,0,False,-0.2771509965119946,-0.4177776762733837,0.03297300596494934,-0.5780525452848945,True,True,False,all
2026-09-11,SCO,20.610000610351562,2,0,False,-0.2304934886071066,-0.5205080942099656,0.027417804538976354,-0.7551093189931666,False,False,False,all
2026-09-11,SSG,12.100000381469727,2,0,False,-0.0409916299696963,-0.42450694595503113,0.10907429428973736,-0.7170252372209198,True,True,False,all
2026-09-11,TLRY,4.019999980926514,2,0,False,-0.09296029467365752,-0.3839410942864756,0.09536781944321016,-0.8267241444513997,False,True,False,all
2026-09-11,TOYO,4.400000095367432,2,1,False,-0.1483925758270106,-0.4703217560575066,0.0679612178606539,-0.7475616742209198,False,True,False,all
2026-09-11,TREE,26.81999969482422,2,0,False,-0.2420560095363421,-0.379781865148486,0.02015970942716283,-0.6532643797815024,True,True,False,all
2026-09-11,TTD,14.34000015258789,2,0,False,-0.11578635644407875,-0.4151706886177421,0.1176929257880821,-0.7456995866678393,True,True,False,all
2026-09-11,VITL,9.739999771118164,2,0,False,-0.17857204879098632,-0.4561818943267594,0.22515723330796988,-0.8013866315399226,False,True,False,all
2026-09-11,VIXY,17.299999237060547,2,0,False,-0.11261121615157166,-0.325275672266636,0.05039465442072366,-0.5642317656273106,False,False,False,all
2026-09-11,WING,117.0999984741211,2,0,False,-0.08731888738112359,-0.3768324108809703,0.11068953936418047,-0.6132760792771728,False,True,False,all
2026-09-11,WVE,4.590000152587891,2,0,False,-0.17198828170058456,-0.5045844646991822,0.006578993461579419,-0.7887712724675229,False,False,False,all
2026-09-11,CRCA,22.350000381469727,2,2,False,0.33045220910242756,-0.3549429710018115,1.2194638588675613,-0.8906823149176776,False,True,False,all
2026-09-11,CRCG,15.149999618530273,2,2,False,0.3345548041830646,-0.3338126521069841,1.2210818645709787,-0.8832819779481114,False,True,False,all
2026-09-11,EOSE,3.950000047683716,2,2,False,0.006702871890425399,-0.5178575733855986,0.31229237880355853,-0.801107757991464,False,False,False,all
2026-09-11,PZZA,20.559999465942383,2,0,False,-0.2548889059698568,-0.38953421098374597,0.0014612166728464882,-0.6311446206165972,True,False,False,all
2026-09-11,CONI,31.158300399780273,2,0,False,-0.28256977305347475,-0.4419172807103844,0.24908000725473012,-0.7800331680737644,False,False,False,all
2026-09-11,KRMN,35.279998779296875,2,0,False,-0.2888645441156713,-0.5042482645426127,0.03795225175429495,-0.7019766886480626,False,False,False,all
2026-09-11,SFBS,42.130001068115234,2,1,False,-0.40623584567667304,-0.44766246583118785,0.023318021420123847,-0.5424630730849251,False,False,False,all
2026-09-11,PLAY,8.140000343322754,2,0,False,-0.18248465028767635,-0.39176678396595366,0.02518895272808197,-0.6742696911614043,False,False,False,all
2026-09-11,CCB,47.459999084472656,2,0,False,-0.1877446503597705,-0.4116276194384547,0.29636706619046693,-0.604664740707995,True,True,False,all
2026-09-11,CWVX,16.229999542236328,2,1,False,-0.03576523348064653,-0.4061758962522206,0.8380520591697136,-0.8711904798235213,False,True,False,all
2026-09-11,CONL,5.320000171661377,2,2,False,0.04786293356328919,-0.41832334377613734,0.4943820947108444,-0.898473282123208,False,True,False,all
2026-09-11,OPEN,2.7899999618530273,2,0,False,-0.2695379109009518,-0.4406183366386588,0.018248157716151958,-0.7433302675964538,False,True,False,all
2026-09-11,MNSO,9.069999694824219,2,0,False,-0.21113974804886237,-0.4121764586777318,0.00665920803753739,-0.6449542056381095,False,False,False,all
2026-09-11,ABTC,8.319999694824219,1,2,False,0.19473279370988794,-0.5091879952194855,0.6910568223184597,-0.9380260730366912,False,False,False,all
2026-09-11,AIIO,1.6799999475479126,1,1,False,-0.4309714317909815,-0.5634906833485327,2.111110890353176,-0.9701598584313653,False,True,False,all
2026-09-11,AMDD,27.397199630737305,1,0,False,-0.06849708917738817,-0.5555033264892271,0.04970111993517645,-0.82448943908068,False,True,False,all
2026-09-11,APLX,8.34000015258789,1,0,False,-0.22262404981282624,-0.6000926970155123,0.20346325529235942,-0.8609999974568685,False,True,False,all
2026-09-11,APPX,13.670000076293945,1,0,False,-0.347454158758835,-0.7115598334843658,0.16638223249456385,-0.9132724241862172,True,False,False,all
2026-09-11,ASPI,3.309999942779541,1,0,False,-0.20966549702109594,-0.395864144133785,0.0030303001841676114,-0.7715665979942169,False,False,False,all
2026-09-11,BOIL,19.260000228881836,1,0,False,-0.08373849512006948,-0.43258900582872595,0.051884259456506765,-0.7944503643952023,False,False,False,all
2026-09-11,ETHD,28.469999313354492,1,1,False,-0.45054097996809517,-0.5227526575792574,0.1173469319009155,-0.7334269803385937,False,False,False,all
2026-09-11,EYPT,4.230000019073486,1,0,False,-0.5781137770613685,-0.6852924417537058,0.07088606785054674,-0.7786499275786435,False,True,False,all
2026-09-11,GDXD,17.420000076293945,1,0,False,-0.48001241739705225,-0.6348636070948559,0.22245614570483818,-0.9340151512261593,True,False,False,all
2026-09-11,INV,0.9359999895095825,1,0,False,-0.6596635956357247,-0.7801503507613337,0.02970298198306942,-0.8809160338918375,False,False,False,all
2026-09-11,IONL,10.890000343322754,1,0,False,-0.23257975060448943,-0.5651567897662388,0.24315069164248193,-0.9268341802521903,False,True,False,all
2026-09-11,IONX,19.809999465942383,1,0,False,-0.24390469055631347,-0.5916439662222654,0.17951767644848626,-0.9364789248993463,False,False,False,all
2026-09-11,LABD,7.429999828338623,1,0,False,-0.009650267833579473,-0.49217416264087066,0.27882958717966244,-0.8568400845877856,False,False,False,all
2026-09-11,LABX,10.579999923706055,1,1,False,-0.6979665586213964,-0.7912292965920122,0.2580261730874691,-0.9548345787675302,True,False,False,all
2026-09-11,LCID,4.21999979019165,1,1,False,-0.3001658733801804,-0.49238581213257004,0.7805907147527791,-0.8327388082933909,False,True,False,all
2026-09-11,MNTS,4.039999961853027,1,0,False,-0.14452091170207204,-0.4189707710659728,0.2990354013270946,-0.8827772068864984,False,True,False,all
2026-09-11,MRLN,2.9800000190734863,1,0,False,-0.20220597611981694,-0.633020741815811,0.1016636240753237,-0.8247058812309713,False,True,False,all
2026-09-11,MSTZ,4.360000133514404,1,0,False,-0.537939790572453,-0.6022478346210447,0.20775630476816698,-0.8481365282985174,False,False,False,all
2026-09-11,MUD,10.1899995803833,1,0,False,-0.09286760207595712,-0.9459880297387663,0.14430094171191676,-0.9920078434663661,True,True,False,all
2026-09-11,NVTX,16.079999923706055,1,2,False,-0.22011256590584805,-0.6163906200106988,0.33999999364217115,-0.923428571791876,False,True,False,all
2026-09-11,ORCX,22.3799991607666,1,2,False,0.08995272053088565,-0.36423888621613654,0.6323850545948981,-0.8684303447517392,False,True,False,all
2026-09-11,PLTZ,10.079999923706055,1,1,False,-0.44101239120192537,-0.6220434912471601,0.23832917672720777,-0.769810465563799,True,False,False,all
2026-09-11,QFIN,8.470000267028809,1,0,False,-0.2971012512930945,-0.42200868958553306,0.014371243122980548,-0.7408993385485035,False,False,False,all
2026-09-11,QPUX,12.680000305175781,1,0,False,-0.2443240709455876,-0.6001111889867808,0.0718512584067239,-0.9528326416749375,False,False,False,all
2026-09-11,RGTX,9.130000114440918,1,0,False,-0.20228566599324804,-0.6845221983114709,0.18725618290059476,-0.9818054995286135,False,False,False,all
2026-09-11,SMU,4.960000038146973,1,0,False,-0.21409557111937505,-0.7815526483639362,0.18377087599309294,-0.9929495379699403,False,False,False,all
2026-09-11,SOC,5.170000076293945,1,3,False,0.14057537931071518,-0.4556863329089639,0.7951388440474334,-0.7928685790894061,False,True,False,all
2026-09-11,SPRY,4.760000228881836,1,0,False,-0.23462821599220374,-0.44158980074755627,0.006342539045956608,-0.6380227857821152,False,True,False,all
2026-09-11,SSTK,5.039999961853027,1,0,False,-0.20514761658139924,-0.6495473354038332,0.026476602541940286,-0.8291525436659991,True,True,False,all
2026-09-11,TDUP,2.609999895095825,1,0,False,-0.4207594715874723,-0.47797130961693735,0.05241930444456444,-0.7661290384604209,True,True,False,all
2026-09-11,UVXY,18.020000457763672,1,0,False,-0.16802864025831465,-0.47838419276551725,0.055653238425511065,-0.7447591947984387,True,False,False,all
2026-09-11,VISN,6.480000019073486,1,0,False,-0.39340041892267996,-0.5717613618284941,0.08000000317891431,-0.6846715202116777,False,False,False,all
2026-09-11,VRRM,3.549999952316284,1,0,False,-0.2023009735818434,-0.7235374781003573,0.044117603747491074,-0.8605053229860286,False,True,False,all
2026-09-11,CABO,21.309999465942383,1,0,False,-0.37761397751463954,-0.717425917904442,0.028971531047511156,-0.8820958347998481,False,False,False,all
2026-09-11,CCOI,9.329999923706055,1,0,False,-0.16797460811002718,-0.48374459858955166,0.08488366393671853,-0.7957977630961884,False,False,False,all
2026-09-11,HIMZ,24.18000030517578,1,1,False,-0.31482354880276264,-0.47745440939080186,0.9537814734283119,-0.938250163097359,False,True,False,all
2026-09-11,EH,4.53000020980835,1,0,False,-0.1367317354852563,-0.5362205857309077,0.04257777411964825,-0.7757425723409153,False,True,False,all
2026-09-11,DUST,33.619998931884766,1,0,False,-0.30888745965409237,-0.386161446594111,0.15891067447884044,-0.7660403643293465,True,False,False,all
2026-09-11,BETR,12.949999809265137,1,0,False,-0.2989389437711226,-0.5676253274844206,0.1655116315478311,-0.8623219206315834,True,True,False,all
2026-09-11,LENZ,4.519999980926514,1,0,False,-0.13272061318478956,-0.5908882131925026,0.004444440205891853,-0.9103174634110749,False,True,False,all
2026-09-11,SERV,4.480000019073486,1,0,False,-0.12753899859606188,-0.48104451285776584,0.03703700024404788,-0.7596566434674126,True,True,False,all
2026-09-11,SOXS,44.13999938964844,1,1,False,-0.07106149523261984,-0.9876539919053109,0.3924289693157552,-0.9977117677869545,True,True,False,all
2026-09-11,ENVX,3.0999999046325684,1,0,False,-0.2513343353473898,-0.4896615468059472,0.01307188320294328,-0.7818437792884891,False,True,False,all
2026-09-11,JDST,21.780000686645508,1,0,False,-0.3069256269100078,-0.41671830912213226,0.14934035935453305,-0.8154237229945296,True,False,False,all
2026-09-11,SMCZ,5.269999980926514,1,1,False,-0.17853658361390745,-0.8078707029775533,1.0912698495294921,-0.9209895019183295,True,True,False,all
2026-09-11,TENX,1.8600000143051147,1,1,False,-0.7907078781917329,-0.8419815162392145,0.41984740118277464,-0.9041237087175764,True,False,False,all
2026-09-11,RKLX,14.390000343322754,1,0,False,-0.3055622461134624,-0.6345389770685972,0.08268752891661557,-0.8746843149537327,False,False,False,all
2026-09-11,IPX,18.670000076293945,1,0,False,-0.18726792592520503,-0.44823509644339476,0.003224044275904392,-0.6961757551750294,False,True,False,all
2026-09-11,TECS,59.9900016784668,1,0,False,-0.10465624216938119,-0.5254088861418984,0.05914552127326833,-0.750457557397866,True,True,False,all
2026-09-11,UVIX,39.154998779296875,1,0,False,-0.2317050721289723,-0.6230013139241902,0.07156534751640664,-0.8663287007224014,True,False,False,all
2026-09-11,CRWG,19.469999313354492,1,1,False,-0.03975146250138051,-0.4239734616309151,0.8264539955018062,-0.8826755066501932,False,True,False,all
2026-09-11,CAPR,8.369999885559082,1,2,False,-0.26090106300975147,-0.6427390067206101,1.827702627598239,-0.7926678199897512,True,True,False,all
2026-09-11,JKS,11.449999809265137,1,0,False,-0.2422136779194214,-0.482044598311274,0.0021881503818745873,-0.6408406489747911,False,False,False,all
2026-09-11,SMST,21.549999237060547,1,0,False,-0.5453130022396913,-0.6257113669362304,0.2032383819464072,-0.860209266310362,False,False,False,all
2026-09-11,ASTX,10.170000076293945,1,0,False,-0.23792253104560734,-0.7277751628306994,0.1556818018028563,-0.910930109921948,False,True,False,all
2026-09-11,SION,7.849999904632568,1,1,False,-0.7090653067196945,-0.7848514918819899,0.9576058495192388,-0.8571948384517034,True,True,False,all
2026-09-11,QBTX,6.0,1,0,False,-0.2820218259793129,-0.667643885703231,0.06761568010301033,-0.9649505401114139,False,False,False,all
