run_date,ticker,close,rs_rank,template_score,passes_template,dist_50d,dist_200d,off_52w_low,off_52w_high,base_tight,vol_dryup,new_today
2026-08-07,DMRA,29.920000076293945,99,8,True,0.13200837017974965,0.2341465091091708,11.212244691415812,-0.21930855888653245,True,True,False
2026-08-07,CLYM,14.0,99,8,True,0.13637286038043728,0.9069477600824996,8.090909316097838,-0.03647623831461788,False,True,False
2026-08-07,DLLL,25.399999618530273,99,8,True,0.1056408077605091,1.7945401241465326,10.718569501737623,-0.17057842200868045,False,True,False
2026-08-07,SLS,12.010000228881836,99,8,True,0.1095303419623821,1.1285457667477625,7.640288023368452,-0.24370276181797945,True,True,True
2026-08-07,EVC,11.970000267028809,99,8,True,0.11239152572834565,1.2342510987777766,5.138461525294438,-0.12882092675211976,True,True,False
2026-08-07,ORKA,98.81999969482422,99,8,True,0.20853533469067997,0.9464825663559036,6.696261567014634,-0.015148462213890102,False,True,False
2026-08-07,ATEX,99.26000213623047,99,8,True,0.1144131860012203,1.133411333065192,4.646188996985239,-0.12159290144928792,False,True,False
2026-08-07,FBRX,76.79000091552734,99,8,True,1.0562379507160635,1.7413520848452655,6.748738859524829,-0.005310829649251447,False,False,False
2026-08-07,SYRE,104.91000366210938,99,8,True,0.15819761655297793,0.9288313211579313,6.23267858217132,-0.029868649396795233,False,True,False
2026-08-07,ERAS,18.40999984741211,99,8,True,0.10505526886046801,0.6289188242010118,12.842104701784526,-0.24176279543772905,False,True,False
2026-08-07,BWET,287.2049865722656,99,8,True,0.3746901137175329,1.7476388425387794,24.64330280922656,-0.022022828497380242,False,False,False
2026-08-07,BLZE,18.81999969482422,98,8,True,0.5019712080136858,1.6915705621161221,4.771235868800321,-0.2155064662617533,False,False,False
2026-08-07,VSXY,98.54000091552734,98,8,True,0.21996817544468206,0.7093750405856234,3.812698367747429,-0.007328691687693456,False,True,False
2026-08-07,DFTX,46.13999938964844,98,8,True,0.2312733644086462,1.1074796025124818,4.303448321977118,-0.07162980520406059,True,True,False
2026-08-07,AEHR,103.06999969482422,98,8,True,0.12638899348531907,0.8766341051120385,5.292430096193023,-0.185989595173923,False,True,False
2026-08-07,DRTS,13.140000343322754,98,8,True,0.14702727053498132,0.6975329998431552,3.380000114440918,-0.06874552352632135,False,True,False
2026-08-07,TWST,115.66999816894531,98,8,True,0.3103963758070747,1.1218947235270456,3.9643777663718875,-0.02239690274437034,False,True,False
2026-08-07,DELL,453.7699890136719,98,8,True,0.09087453971476966,1.0454163400143686,3.1169477770649685,-0.06574021492869364,False,True,False
2026-08-07,ANRO,28.670000076293945,98,8,True,0.15953635168332458,0.4276359878644991,8.493377568664156,-0.02780602581175018,True,True,False
2026-08-07,MBX,67.81999969482422,98,8,True,0.3180781918451907,0.8684366493021993,6.042575170183328,-0.0663546219069916,True,True,False
2026-08-07,TXG,52.029998779296875,98,8,True,0.33631602005019956,1.145474061451607,3.6621863342912233,-0.003638499367382697,False,True,False
2026-08-07,APPS,14.34000015258789,98,8,True,0.45129949987171725,1.445742574753195,4.233576679808984,-0.06488424408763904,False,True,False
2026-08-07,CDNA,46.689998626708984,98,8,True,0.5151219763505925,1.1472416769144367,3.146904641121905,-0.061696137427233455,False,False,False
2026-08-07,RVMD,205.14999389648438,98,8,True,0.16654361744876334,0.7231784450404148,5.0338233498966,-0.00364254503269712,False,True,False
2026-08-07,PLSE,42.40999984741211,98,8,True,0.4670019589202026,1.0297134479718348,2.376592231730702,-0.07603489242803396,False,False,False
2026-08-07,DNTH,108.91999816894531,98,8,True,0.1483249402796889,0.5904282044439273,5.024336207332173,-0.0491488846165169,False,True,False
2026-08-07,ALMS,27.600000381469727,98,8,True,0.08306650920631631,0.34406640624685303,6.340425651987628,-0.11961722342486925,True,True,False
2026-08-07,LITE,890.1699829101562,98,8,True,0.0882635509637677,0.44027003171107326,7.188483031983592,-0.1800807430628507,False,True,False
2026-08-07,LQDA,90.22000122070312,98,8,True,0.18810265731997156,0.9376856647548062,3.7434279205748764,-0.014742803086384648,False,True,False
2026-08-07,BFLY,8.829999923706055,98,8,True,0.27638043660147305,0.9573071848025532,5.689393615782876,-0.08875125840234843,False,True,False
2026-08-07,RLAY,19.770000457763672,98,8,True,0.12455420921402349,0.6933582936554428,5.535537135367366,-0.04906206891996179,True,True,False
2026-08-07,TSEM,252.49000549316406,98,8,True,0.029160868504340298,0.46854872191066343,4.548011751380303,-0.2108207677487749,False,False,True
2026-08-07,CRSR,14.350000381469727,97,8,True,0.46440530493779253,1.0172698597336463,2.203125071512269,-0.01509947274965584,False,True,False
2026-08-07,VSTS,14.210000038146973,97,8,True,0.005092658613239376,0.5412481845734882,2.570351751268321,-0.15917157639659396,False,True,True
2026-08-07,GH,168.47999572753906,97,8,True,0.15178260796636178,0.5358410399971651,2.4918133829541773,-0.045871593722518034,False,True,False
2026-08-07,PVLA,157.77000427246094,97,8,True,0.18405147954653667,0.4158792078440652,3.226359403529755,-0.022369565628486576,False,True,False
2026-08-07,FET,74.2300033569336,97,8,True,0.37385117674937685,0.5317077409313562,3.0965783619728597,-0.04231710345629969,False,False,False
2026-08-07,PGEN,7.230000019073486,97,8,True,0.3915085248843688,0.6583519740072492,3.252941068398502,-0.004132260173905,False,False,False
2026-08-07,LABU,277.2300109863281,97,8,True,0.1632308254383099,0.5244525887875284,3.7405953002120453,-0.16747744448550117,True,True,False
2026-08-07,HPE,53.220001220703125,97,8,True,0.11861715472957268,0.764071252791656,1.6824597183161418,-0.17167313275170237,False,True,False
2026-08-07,APGE,134.83999633789062,97,8,True,0.14180612946782545,0.5877566648720158,2.926616066940494,-0.000296623246393235,True,True,False
2026-08-07,MEI,16.670000076293945,97,8,True,0.14679214958492293,0.7944122496189419,2.4159835420831257,-0.18204117945278186,False,True,False
2026-08-07,ELVN,60.459999084472656,97,8,True,0.2509698666833058,0.7906407178993284,3.089279655627137,-0.02984596629428482,False,True,False
2026-08-07,IOVA,6.340000152587891,97,8,True,0.43973115861343515,0.881110311581824,2.6022728334896827,-0.08381501695252547,False,False,False
2026-08-07,COHR,379.1300048828125,97,8,True,0.1054139251745867,0.45621746865424284,3.4947245019705724,-0.13834089799360794,False,False,True
2026-08-07,ETON,44.599998474121094,97,8,True,0.19876356111286886,0.833481945355725,2.1254377745906954,-0.1111997169613238,False,False,False
2026-08-07,ARWR,87.6500015258789,97,8,True,0.09853200284874042,0.31952240397227394,4.839440385698672,-0.08210280147953852,False,True,False
2026-08-07,PACS,48.439998626708984,97,8,True,0.16393061113194274,0.40057881217684543,5.458666483561198,-0.02121646829958934,False,False,False
2026-08-07,FTK,35.41999816894531,97,8,True,0.4346236945155988,0.8892227444882399,2.2347030854717773,-0.056221707406916455,False,False,False
2026-08-07,UMAC,26.110000610351562,97,8,True,0.15065622488117358,0.6417202279451104,2.6038648754701406,-0.240104768726766,False,True,True
2026-08-07,NESR,29.020000457763672,97,8,True,0.0864112659741465,0.3656711782385371,3.4509203286285643,-0.04256017917876276,False,True,False
2026-08-07,KOD,45.369998931884766,97,8,True,0.18631124362654994,0.4599925668980869,4.899869778191354,-0.051630460134300615,False,True,False
2026-08-07,ACRS,5.909999847412109,97,8,True,0.156103250497031,0.5399447155909947,2.8881578431400228,-0.0928626295428987,False,False,False
2026-08-07,PSNL,14.15999984741211,97,8,True,0.14648443128292676,0.5473464932845806,2.304550840524283,-0.13605854943745432,False,True,False
2026-08-07,CRNX,84.08000183105469,97,8,True,0.43051588647990546,0.7870930333438813,2.2551297746574286,-0.0025860008415159452,True,True,False
2026-08-07,URGN,46.959999084472656,97,8,True,0.2991360052775076,0.8240452389959072,1.9609079508839677,-0.025523958856363382,False,False,False
2026-08-07,MRVI,6.230000019073486,96,8,True,0.047798449304196744,0.5185122079740141,2.130653260913191,-0.1626344124786232,False,True,False
2026-08-07,SEPN,38.83000183105469,96,8,True,0.13450441037980432,0.40501967319435583,2.65768662294821,-0.044302219781951035,False,True,False
2026-08-07,TVTX,61.31999969482422,96,8,True,0.12432479238120897,0.5654608035764326,2.930769115086846,-0.07427533707147571,False,False,False
2026-08-07,AEVA,26.6200008392334,96,8,True,0.22749745678053768,0.601280110628194,2.014722657897903,-0.1495207192301088,False,False,False
2026-08-07,AYA,27.190000534057617,96,8,True,0.3740234515456582,0.6376410854435888,2.287787065178735,-0.005122553605534486,False,False,False
2026-08-07,IMMX,9.720000267028809,96,8,True,0.03856142566059195,0.28410918507257454,4.0103092682147485,-0.19934102206389104,False,True,False
2026-08-07,PUBM,17.780000686645508,96,8,True,0.4100368443073139,0.856410190454532,1.8910569773874517,-0.03576561691727498,False,False,False
2026-08-07,PLPC,466.82000732421875,96,8,True,0.27218948508351826,0.6213900642041008,2.046730215409644,-0.06072433133960009,False,False,False
2026-08-07,MTRN,290.04998779296875,96,8,True,0.16720693003698162,0.6744185955966504,1.7721494352184322,-0.04770503453893038,False,False,False
2026-08-07,ONTO,308.29998779296875,96,8,True,0.04670479606212519,0.3712594498218442,2.365169404374242,-0.20224604199732443,False,False,True
2026-08-07,ALNT,112.80999755859375,96,8,True,0.24522867666218207,0.6419402535744267,1.8653797464858903,-0.036059140944378676,False,False,False
2026-08-07,LIND,33.95000076293945,96,8,True,0.27591289821983156,0.7865647630396582,1.9859279775419343,-0.02861230266582393,False,False,False
2026-08-07,IRDM,49.93000030517578,96,8,True,0.04012599863133781,0.610117988154151,2.190415432729884,-0.12679258414316152,True,True,False
2026-08-07,EWTX,43.52000045776367,96,8,True,0.10817150254275187,0.4308353017234301,2.538211364463692,-0.10082646517079041,True,True,False
2026-08-07,ATI,227.83999633789062,96,8,True,0.18891320186807437,0.5554702685634709,2.235444508125056,-0.038568653702555133,False,False,False
2026-08-07,CMPS,13.539999961853027,96,8,True,0.07783668057313542,0.6146438852914891,2.4105793109006477,-0.12077920147732824,False,True,False
2026-08-07,COGT,42.38999938964844,96,8,True,0.135383573115049,0.19838009734914097,3.083814925076388,-0.030642583274981705,False,True,False
2026-08-07,PANW,363.8599853515625,96,8,True,0.15162767072443994,0.6682258152806602,1.6070069947501109,-0.0348029743021081,False,True,False
2026-08-07,RNG,63.0099983215332,96,8,True,0.44144099598927955,0.7538023908060247,1.6101905515603598,-0.025819449223300928,False,False,False
2026-08-07,SPHR,159.5399932861328,96,8,True,0.07056865321869066,0.38580461431486945,3.210609550173791,-0.0862543659274223,False,False,False
2026-08-07,CAKE,107.05000305175781,95,8,True,0.3173471846520757,0.7120166324622512,1.4854888277285538,-0.008337136840456671,False,False,False
2026-08-07,AMLX,22.81999969482422,95,8,True,0.32226996717720713,0.5201172160261274,2.050802090459196,-0.07235775036761039,False,False,False
2026-08-07,HNGE,89.33000183105469,95,8,True,0.18457836504677094,0.700354647033735,1.9697474088307323,-0.023715826983008892,False,True,False
2026-08-07,LFST,10.84000015258789,95,8,True,0.10046294622369101,0.43559998842205516,1.848883038739666,-0.07823129748199165,True,False,False
2026-08-07,SITM,725.280029296875,95,8,True,0.13551432789756412,0.5551504567527341,2.7775001525878906,-0.19575073323607617,False,False,False
2026-08-07,VAC,123.47000122070312,95,8,True,0.27150760808204377,0.7255788855184768,1.7696275493352092,-0.05780454846873573,False,False,False
2026-08-07,CTRN,72.69000244140625,95,8,True,0.2427213427828281,0.5269132374016268,1.4893835802108666,-0.009538042704234195,False,True,False
2026-08-07,NRIX,25.530000686645508,95,8,True,0.20774321612508162,0.4622077264485984,2.115314415785725,-0.013904932850128504,True,True,False
2026-08-07,ECPG,100.19999694824219,95,8,True,0.13837243439783276,0.45448312022510895,1.6550077501828255,-0.015668758282759265,False,False,False
2026-08-07,FROG,89.5199966430664,95,8,True,0.05749973885078874,0.4508660749199931,1.6290748501877044,-0.09776259280686972,False,True,True
2026-08-07,CLOV,4.760000228881836,95,8,True,0.03453526928355877,0.5760546461605422,2.0126582908813724,-0.14847940984792396,False,True,False
2026-08-07,CRWD,214.4199981689453,95,8,True,0.1533314329336808,0.5904532613545215,1.5025676634596437,-0.0224755313307069,False,True,False
2026-08-07,DGII,81.69999694824219,95,8,True,0.18292300467525902,0.5386961723430777,1.6621047744061537,-0.05918930914792908,False,True,False
2026-08-07,ROIV,36.34000015258789,95,8,True,0.10132560216293696,0.3526805689976178,2.333945084806148,-0.017837833713840845,True,False,False
2026-08-07,XMAX,9.09000015258789,95,8,True,0.055969902596175736,0.30174211988869515,5.44680877147046,-0.023630532450380493,False,True,False
2026-08-07,PBF,61.709999084472656,95,8,True,0.19818261165188478,0.5189742344855133,1.8755825590469302,-0.17433769269096022,False,False,False
2026-08-07,TSAT,58.91999816894531,95,8,True,0.3252540169214395,0.5697055911776201,2.0076568509450383,-0.0033829628983904625,False,False,False
2026-08-07,PTGX,145.8699951171875,95,8,True,0.18195279552735522,0.47532986907337027,1.88937294946329,-0.014391924883868201,False,True,False
2026-08-07,BJRI,69.55000305175781,95,8,True,0.1866454778293365,0.5889752536492807,1.4437809307486322,-0.06769430999539683,False,False,False
2026-08-07,VSAT,80.37999725341797,95,8,True,0.10570953465912725,0.50611490727253,2.2216430779759264,-0.13597765980723697,False,True,False
2026-08-07,AAMI,89.8499984741211,94,8,True,0.13657636989504418,0.4888423611231092,1.1666263764001328,-0.04016667142094521,False,True,False
2026-08-07,AXGN,46.43000030517578,94,8,True,0.09441737212439127,0.33436220613925927,2.4392592818648726,-0.011075621923613221,False,True,False
2026-08-07,AMN,36.0,94,8,True,0.11324827465246567,0.5887411234739899,1.420981861268284,-0.021739110153428554,False,True,True
2026-08-07,MAN,56.599998474121094,94,8,True,0.379572539922469,0.7482166004425312,1.2504969913565631,-0.023043115000000336,False,True,False
2026-08-07,CRDO,249.88999938964844,94,8,True,0.05744137877806943,0.4839694830689121,1.889402759161669,-0.19042994615946873,False,True,True
2026-08-07,IMVT,39.95000076293945,94,8,True,0.07746417054690591,0.39725745150781955,1.7898045820056039,-0.03104532606132182,True,True,False
2026-08-07,FEIM,74.43000030517578,94,8,True,0.10575952357899876,0.4139679480261018,1.914252060967045,-0.07563334068289529,False,False,False
2026-08-07,DK,58.459999084472656,94,8,True,0.07966149845141124,0.3927586349951626,1.9142572602619117,-0.15189324204771493,False,False,False
2026-08-07,DCO,197.07000732421875,94,8,True,0.1546682851883452,0.5182559931494939,1.3250354218665317,-0.06331095633856942,False,True,False
2026-08-07,OKTA,148.32000732421875,94,8,True,0.11476222828582427,0.5543443526888905,1.3670604482190156,-0.055286577552746796,False,True,False
2026-08-07,RAPP,45.4900016784668,94,8,True,0.14217567237023943,0.39716026914696134,2.3399414141477797,-0.0522916316986084,False,True,False
2026-08-07,NSIT,149.32000732421875,94,8,True,0.26551173564611585,0.62023192912698,1.3470608272736588,-0.033965192153920576,False,False,False
2026-08-07,BCAX,28.059999465942383,94,8,True,0.10022386994138288,0.39312273488707405,1.9320794525331264,-0.09454663849034495,True,True,False
2026-08-07,NTAP,189.52000427246094,94,8,True,0.13483537912229004,0.5444720627374029,1.0228412779793317,-0.03157891043511718,False,True,False
2026-08-07,ENVA,252.63999938964844,94,8,True,0.15994515569615797,0.5292094125004887,1.466464889553286,-0.048580284477512614,False,True,False
2026-08-07,MYE,34.369998931884766,94,8,True,0.15666263440888684,0.5203221512558212,1.2117116484076491,-0.0822430378720489,False,False,False
2026-08-07,SN,185.52000427246094,94,8,True,0.2768593567265534,0.559998418976916,1.231953779381819,-0.0112455393883798,False,False,False
2026-08-07,NVEC,125.94000244140625,94,8,True,0.2019194324827409,0.5856947837077995,1.201363475910063,-0.06711109302662033,False,True,False
2026-08-07,CGON,75.0999984741211,94,8,True,0.12170915612500766,0.3050973273435522,2.175475673804183,-0.02467534449193387,True,True,False
2026-08-07,KNSA,76.05999755859375,94,8,True,0.24509716737901566,0.5551337486045265,1.3933290092896518,-0.08295158765727007,False,False,False
2026-08-07,ATRO,77.75,94,8,True,0.06411420131588419,0.34270556012681785,2.572451365332332,-0.12364744217500345,False,True,False
2026-08-07,NEXA,14.100000381469727,94,8,True,0.046832799330142505,0.24468694293664628,2.0000002029094373,-0.1651864481350218,False,True,False
2026-08-07,DSGN,13.989999771118164,94,8,True,0.11251598882004399,0.29522343732857137,2.541772051198307,-0.18898552051488904,True,True,False
2026-08-07,ADPT,24.93000030517578,93,8,True,0.2322916888893376,0.48672061442932035,1.1868422052096386,-0.001201874214632359,False,True,False
2026-08-07,TWLO,241.27999877929688,93,8,True,0.18694010935471228,0.5871162477974168,1.6271777918152144,-0.05194499497329319,False,False,True
2026-08-07,CBRL,57.790000915527344,93,8,True,0.192515179890568,0.6694833507609159,1.32555332106234,-0.09149504227291427,False,True,False
2026-08-07,ABCL,6.929999828338623,93,8,True,0.11974661655108565,0.5423220141797691,1.5245902066502892,-0.1789099321230181,False,True,False
2026-08-07,GKOS,180.02000427246094,93,8,True,0.2597444690674975,0.5073801456843814,1.460634161582142,-0.02163041156271228,False,False,False
2026-08-07,OII,47.970001220703125,93,8,True,0.14521315287922332,0.42298825302191756,1.2810270877054744,-0.11133750226934913,False,True,False
2026-08-07,CNC,65.7699966430664,93,8,True,0.023065194730602423,0.3896767677122732,1.6224081675893252,-0.051758995612658176,False,False,False
2026-08-07,STGW,9.170000076293945,93,8,True,0.23855318391431024,0.4975462948036786,1.137529174320329,-0.023429207559640952,False,False,False
2026-08-07,CLMT,39.47999954223633,93,8,True,0.038712281303283635,0.3758590240145281,2.051004700346897,-0.12654869743703834,False,False,False
2026-08-07,MITK,18.489999771118164,93,8,True,0.046560320898188845,0.3791405746540226,1.1676436518102538,-0.12161518093716872,False,True,True
2026-08-07,GSAT,83.4000015258789,93,8,True,0.03093295400379792,0.20775135234572728,2.422240404342243,-0.017088944894730118,False,True,False
2026-08-07,TIGO,97.0999984741211,93,8,True,0.055781339965166765,0.35223960124882336,1.4888501211367315,-0.09362455928726232,False,True,False
2026-08-07,NTRA,322.1000061035156,93,8,True,0.2753496217604052,0.44381922194581946,1.3647308584320292,-0.002816884641795081,False,False,False
2026-08-07,CGEM,17.729999542236328,93,8,True,0.06970905204621602,0.33485160455590557,2.121478886984805,-0.0874936045413548,True,True,False
2026-08-07,ACHV,6.650000095367432,93,8,True,0.1232349309310028,0.37284656060980015,1.8059073487249133,-0.06469761315174538,True,True,False
2026-08-07,FA,24.010000228881836,93,8,True,0.27932566830413696,0.6558335346984674,1.722222342362604,-0.0453280082282187,False,False,False
2026-08-07,FTNT,159.63999938964844,93,8,True,0.04426276948938068,0.5570008669321913,1.2766684702879596,-0.07234584934151089,False,False,False
2026-08-07,FTRE,18.43000030517578,93,8,True,0.05665701256733757,0.33008572113407797,2.038746930139701,-0.13838238283939042,False,False,False
2026-08-07,IESC,762.7100219726562,93,8,True,0.1176555116300586,0.4409194842796791,1.4642499366990256,-0.060528367421351925,False,True,False
2026-08-07,ATLC,100.01000213623047,93,8,True,0.025341890398240974,0.41314449361915817,1.1054737291837995,-0.12532792251727054,False,True,False
2026-08-07,HBM,27.610000610351562,93,8,True,0.1193999824711065,0.2387609976613445,1.988095378168,-0.14121308553820455,False,True,False
2026-08-07,CRS,570.6599731445312,93,8,True,0.021300405410588086,0.380753848796225,1.5028946190549615,-0.08838802209780994,False,False,False
2026-08-07,TRVI,18.510000228881836,93,8,True,0.09911644391931573,0.3857591166209464,1.8259541511257797,-0.08456969053125885,True,True,False
2026-08-07,JBIO,21.959999084472656,93,8,True,0.11142597353956529,0.3065731207818969,2.2923536481688167,-0.21571431841169086,True,True,False
2026-08-07,KYMR,107.5199966430664,93,8,True,0.06993055680581084,0.2910499689707169,1.9336969213260615,-0.17324110634372558,True,True,False
2026-08-07,CADL,10.59000015258789,93,8,True,0.12544635970645124,0.5906573478203485,1.434482847070866,-0.06778164853524105,True,True,False
2026-08-07,HNST,5.460000038146973,92,8,True,0.449544700458524,0.7695673409667196,1.6376812629136204,-0.06506851104661837,False,False,False
2026-08-07,CBL,56.54999923706055,92,8,True,0.07339312338173665,0.36161706570536456,1.0207253172666677,-0.06374175813834693,False,True,False
2026-08-07,SION,51.040000915527344,92,8,True,0.2028714549849,0.2672913547472051,2.0254889375480722,-0.07149354589600487,False,False,False
2026-08-07,TECL,211.63999938964844,92,8,True,0.023690372306949037,0.44576173181029577,1.815859354412766,-0.23151777748695823,False,True,True
2026-08-07,CLDX,41.709999084472656,92,8,True,0.1903878333673119,0.3912236864527239,1.1151115890874506,-0.028191964960244342,False,True,False
2026-08-07,ECO,61.86000061035156,92,8,True,0.14774478278590597,0.34334144925566545,1.596977388870116,-0.037348295146192645,False,False,False
2026-08-07,KALU,184.75,92,8,True,0.059397352364442435,0.3314941036134622,1.5860861378263316,-0.057205584454972924,False,False,True
2026-08-07,RCUS,28.6200008392334,92,8,True,0.049828362270852855,0.21427347616025538,2.2229730259452034,-0.09815660032166784,True,True,False
2026-08-07,KFRC,59.09000015258789,92,8,True,0.1323654536288863,0.6008647786708876,1.4128215886010178,-0.04199092314807518,True,False,False
2026-08-07,ACHC,31.530000686645508,92,8,True,0.09419140714783025,0.428089415594771,1.7585301701495109,-0.12001118963611856,False,False,False
2026-08-07,ULCC,7.380000114440918,92,8,True,0.0961427274026867,0.4653615005047107,1.443708662599656,-0.12195117800056532,False,False,False
2026-08-07,VLO,298.30999755859375,92,8,True,0.07971604245543484,0.3425926781338797,1.2810062726947944,-0.06847986929968142,True,True,False
2026-08-07,EAT,225.1999969482422,92,8,True,0.27710007107632606,0.48522456111331613,1.2452641086364897,-0.020827029133943187,False,False,False
2026-08-07,PRLB,88.91000366210938,92,8,True,0.13729687783616984,0.4139125679474096,0.9757778591579862,-0.033376816512072915,False,True,False
2026-08-07,NVRI,22.06999969482422,92,8,True,0.019399527602689703,0.17402045848575143,1.6654589863017581,-0.08801657028776533,False,True,False
2026-08-07,WTTR,20.229999542236328,92,8,True,0.05990588502667937,0.3717020892363039,1.5737912466409827,-0.10288247331784106,False,False,False
2026-08-07,BVS,14.125,92,8,True,0.3111847546578206,0.5670416462240593,1.2581934039281015,-0.11124392424898666,False,False,False
2026-08-07,JAZZ,256.55999755859375,92,8,True,0.06297205086704882,0.31955418834440485,1.4056258217337088,-0.03203165676433295,False,False,False
2026-08-07,GEO,30.690000534057617,92,8,True,0.05817371243379177,0.5324656776243362,1.4532374078781882,-0.04837207646332975,False,True,False
2026-08-07,CXW,32.27000045776367,92,8,True,0.11759125704350004,0.4992845298094153,1.0501906561000682,-0.05088233947753906,False,True,False
2026-08-07,BLMN,10.949999809265137,91,8,True,0.29905564089997094,0.5416889331742614,1.1098265295837946,-0.13301665003588548,False,False,False
2026-08-07,AVT,96.52999877929688,91,8,True,0.09290792438137685,0.4313537951074651,1.181468898967161,-0.03470001220703123,False,False,False
2026-08-07,CARE,33.0,91,8,True,0.034178016954322876,0.3806924780982872,0.9666268563542613,-0.08485860390336819,False,False,False
2026-08-07,GHM,111.68000030517578,91,8,True,0.04507640581258787,0.327155470547428,1.397595446866625,-0.11238276445672335,False,True,True
2026-08-07,USD,93.66999816894531,91,8,True,0.0033032620051434147,0.36189030558196267,1.38012957079106,-0.19596568095325917,False,True,True
2026-08-07,CON,34.060001373291016,91,8,True,0.15062907536116987,0.4358646335001426,0.8366137089872479,-0.03100996032063863,False,True,False
2026-08-07,RAL,67.44999694824219,91,8,True,0.0011250124500741254,0.277247979179982,0.809766464174855,-0.10555637617435609,False,False,True
2026-08-07,CHEF,110.19999694824219,91,8,True,0.1640090584078806,0.522485285697396,1.0714284843584148,-0.06076881250781119,False,False,False
2026-08-07,HUM,385.0,91,8,True,0.028777442029595424,0.43776565927588384,1.3603702934175974,-0.10231301152592154,False,False,True
2026-08-07,PKE,37.66999816894531,91,8,True,0.09337352365400786,0.353957119650816,1.1837680097939312,-0.05494235845138218,False,True,False
2026-08-07,MT,73.29000091552734,91,8,True,0.09710972466482848,0.31236253056704655,1.2953335488583506,-0.031324380542806285,False,True,False
2026-08-07,LGND,293.1499938964844,91,8,True,0.03435254122478826,0.31388667175469065,1.13759658160398,-0.10250133326955069,True,True,False
2026-08-07,OOMA,21.969999313354492,91,8,True,0.13790564141574913,0.4848607292628009,1.2434390704572778,-0.033010564377929374,False,False,False
2026-08-07,LILAK,8.390000343322754,91,8,True,0.23313959484893587,0.44214929449454954,0.8215458956402837,-0.050797535659749204,True,True,False
2026-08-07,NAT,6.460000038146973,91,8,True,0.09106878283080588,0.3084074365215139,1.3237410448308409,-0.040118867780283396,True,True,False
2026-08-07,MOG.A,403.1099853515625,91,8,True,0.009350053706474348,0.30210255265948227,1.1480868458117528,-0.06366720329271147,False,False,False
2026-08-07,NEOG,11.470000267028809,91,8,True,0.1852847176574124,0.3011173808350447,1.3995815404971896,-0.10739300182675016,False,False,False
2026-08-07,DIOD,105.16999816894531,91,8,True,0.05712302636338906,0.39359753849700074,1.487464550742693,-0.1652512107932288,False,True,True
2026-08-07,PARR,66.29000091552734,91,8,True,0.02247944663169177,0.26819602091273165,1.466145944389858,-0.2383086080049821,False,False,False
2026-08-07,EC,16.780000686645508,91,8,True,0.06534275381686627,0.2980031529874274,0.9857989426516685,-0.054647848639689744,False,True,False
2026-08-07,BZH,33.18000030517578,91,8,True,0.11998489068063489,0.3721970981514535,0.8609086061218083,-0.03937465472793833,True,False,False
2026-08-07,NHC,215.5399932861328,91,8,True,0.036150343961949716,0.29646869010230725,1.264075632306127,-0.0736236086200256,False,True,False
2026-08-07,AMRX,18.139999389648438,90,8,True,0.08975780274848955,0.32465560072504296,1.2646690226350605,-0.05815165243632092,False,True,False
2026-08-07,URTY,86.87999725341797,90,8,True,0.06311378948554225,0.32400672724733104,1.1692883622585182,-0.028187966772365902,False,True,False
2026-08-07,MATX,206.77000427246094,90,8,True,0.028646107360228212,0.2940003883730813,1.3774865053496117,-0.10388316135067988,False,False,False
2026-08-07,ILMN,187.9600067138672,90,8,True,0.04106437097003646,0.32154615098900474,1.1359091672030361,-0.09198064389436145,False,False,False
2026-08-07,IMAX,48.4900016784668,90,8,True,0.1489650410157506,0.2798129641251301,1.0037190144525003,-0.06027125751203366,False,False,False
2026-08-07,ZD,53.869998931884766,90,8,True,0.0761172487162931,0.31707946482428717,1.3995544365777288,-0.0721667644212931,True,True,False
2026-08-07,ZETA,26.639999389648438,90,8,True,0.24463877775500897,0.40143770432455494,0.8545074705263844,-0.06526317931058112,False,False,False
2026-08-07,ARKG,43.040000915527344,90,8,True,0.1227455311949961,0.3579675561923248,0.8761987756551481,-0.032047660680770584,False,True,False
2026-08-07,ALKS,49.16999816894531,90,8,True,0.004904930423328624,0.36773481165476296,0.9535160119151318,-0.11675947932087283,True,True,True
2026-08-07,INSW,92.41000366210938,90,8,True,0.07859847684921961,0.331854667579905,1.2429612123996545,-0.059277411313619965,False,True,False
2026-08-07,CRL,267.489990234375,90,8,True,0.2513179839708086,0.4144516354687806,0.8542215473445041,-0.0019030215135261708,False,False,False
2026-08-07,MGTX,13.069999694824219,90,8,True,0.12333473772224401,0.4220200629376438,0.9743202297231477,-0.14853424299571272,True,True,False
2026-08-07,VIK,105.79000091552734,90,8,True,0.07304060953609981,0.33876568187494116,0.9044104836809583,-0.039058911485160164,False,True,False
2026-08-07,BELFB,291.5899963378906,90,8,True,0.0357332991358974,0.2996737585683422,1.3435942825039375,-0.13033496702355918,False,False,False
2026-08-07,NUE,272.6300048828125,90,8,True,0.10646731192877734,0.40005584886869827,1.0760736344592985,-0.026703726607111067,False,False,False
2026-08-07,TNA,74.68000030517578,90,8,True,0.06371462676641881,0.32817217393848375,1.1887456812136104,-0.028110308897161262,False,True,False
2026-08-07,KN,39.08000183105469,90,8,True,0.023347446719557352,0.3418901747629999,1.0259201646588587,-0.08968083966346785,False,True,False
2026-08-07,HALO,103.12000274658203,90,8,True,0.35309975159193097,0.46522231833891503,0.6841418180225538,-0.0016458337442009086,False,False,False
2026-08-07,LTH,43.810001373291016,90,8,True,0.11264060391551634,0.43369296974073857,0.8148302601895403,-0.07250977437925465,False,False,False
2026-08-07,KOP,51.2400016784668,90,8,True,0.10690109678845805,0.4006027638242733,1.0496000671386718,-0.033207515500626505,False,False,False
2026-08-07,SENEA,178.82000732421875,90,8,True,0.08926069624880051,0.303776645775649,0.7957421574223404,-0.04685247725353836,True,True,False
2026-08-07,CSCO,121.43000030517578,90,8,True,0.030129356547936137,0.33766848555296325,0.8468441111053351,-0.06857402122302525,False,True,False
2026-08-07,XMTR,93.1449966430664,90,8,True,0.02747580165795327,0.42561744578675187,1.597462215775273,-0.12193632131142729,False,True,True
2026-08-07,MAMA,17.90999984741211,90,8,True,0.04027507688409959,0.21804625507057396,1.2728425872215632,-0.1471428644089472,True,True,False
2026-08-07,AIR,143.05999755859375,89,8,True,0.08093158755830276,0.31586267590571504,0.9988821876289533,-0.07103897689224836,False,True,False
2026-08-07,MSGS,389.989990234375,89,8,True,0.007072389996170214,0.2542908021376282,1.0678702389253125,-0.05280164227007256,False,True,False
2026-08-07,VCTR,108.16000366210938,89,8,True,0.17918978385244233,0.44160478933927205,0.8965457825219838,-0.016101124698924107,False,False,False
2026-08-07,OGN,13.600000381469727,89,8,True,0.00887216505057764,0.4089322508800053,1.3901582152379222,-0.0007347006215840945,False,True,False
2026-08-07,CIB,88.8499984741211,89,8,True,0.0952963061141252,0.23947196801074955,0.9661429779643191,-0.056894179624665586,False,True,False
2026-08-07,UFCS,54.470001220703125,89,8,True,0.08961358275736142,0.33381657546131005,0.9405059427466527,-0.02418485276785609,False,True,False
2026-08-07,STLD,262.45001220703125,89,8,True,0.04760008608971922,0.3027203311433979,1.189090112129,-0.09105069930217746,False,True,False
2026-08-07,WNC,12.930000305175781,89,8,True,0.11455911292442744,0.33530240967167413,0.950226256710422,-0.09706699855243961,True,False,False
2026-08-07,GRC,83.79000091552734,89,8,True,0.021199123280467802,0.30415192761854515,1.056700968665269,-0.09689586098351599,False,False,False
2026-08-07,KEYS,340.9700012207031,89,8,True,0.02648566472881031,0.24833785293977906,1.2308075889632688,-0.09065697235111403,False,True,False
2026-08-07,GRDN,43.83000183105469,89,8,True,0.07435427731095068,0.258632871200299,1.2715730322750671,-0.06784344099644235,False,True,True
2026-08-07,BFH,108.31999969482422,89,8,True,0.0705397939332526,0.3312955828040043,1.0122607469861555,-0.05082371987527423,False,True,False
2026-08-07,MPC,298.20001220703125,89,8,True,0.06798736408696149,0.3266246406085107,0.8873418494115901,-0.08785023871611852,False,True,False
2026-08-07,DCTH,15.109999656677246,89,8,True,0.2293447819295198,0.4356089638604732,0.8608374223686193,-0.07725192936322156,False,False,False
2026-08-07,RHI,42.7400016784668,89,8,True,0.23566728309625384,0.4903982498461268,0.957856244976609,-0.03259390259760331,False,True,False
2026-08-07,PRM,35.2599983215332,89,8,True,0.035688012940223945,0.2326063336063866,1.2037498950958252,-0.07623788281393351,False,False,False
2026-08-07,ROKU,153.11000061035156,89,8,True,0.10943568520448754,0.3607927169255485,0.949700789384406,-0.002735609797985261,True,True,False
2026-08-07,ROM,148.36000061035156,89,8,True,0.031657632451658424,0.3518321961245716,1.079035865210325,-0.13653827094535576,False,True,False
2026-08-07,CROX,136.6199951171875,88,8,True,0.07023669465276772,0.3821597478398946,0.8661384623096338,-0.0329841711662886,False,False,False
2026-08-07,APA,37.630001068115234,88,8,True,0.06677328834877394,0.187795066221909,0.9973461127040555,-0.17586506364721322,False,False,False
2026-08-07,ZGN,14.90999984741211,88,8,True,0.054947847380459436,0.28178123906161456,0.9566929227477485,-0.06520376014355223,False,True,False
2026-08-07,SHOO,48.58000183105469,88,8,True,0.11091296926292693,0.20857801454244007,0.9820481998123156,-0.0225351894304181,False,False,False
2026-08-07,MSGE,76.55000305175781,88,8,True,0.014893989846967548,0.2390420943071796,1.1679410952858618,-0.07537139503279333,False,True,False
2026-08-07,BAX,27.549999237060547,88,8,True,0.24691097591612232,0.3987575811801425,0.75143039026076,-0.08166669209798172,False,False,False
2026-08-07,ENTG,152.0800018310547,88,8,True,0.05602164852246627,0.26257397113059167,1.2374576886829938,-0.18647694530376369,False,False,True
2026-08-07,ETSY,85.55000305175781,88,8,True,0.10954902656920096,0.37456552229355067,0.944318251176314,-0.027553549896417673,False,False,False
2026-08-07,FRO,39.7400016784668,88,8,True,0.05528149730171017,0.2522570447899475,1.1763417951994355,-0.07795816507213493,True,True,False
2026-08-07,ITGR,125.2699966430664,88,8,True,0.28721536302450734,0.4645586244387794,1.0204838168236519,-0.006897120269475976,False,False,False
2026-08-07,FTDR,90.83000183105469,88,8,True,0.2533081967134245,0.4534486316446438,0.8739426355173727,-0.027828304245195,False,True,False
2026-08-07,STT,184.67999267578125,88,8,True,0.05973728316888782,0.3040894198275028,0.7649081971807696,-0.04067322245327187,False,True,False
2026-08-07,SXI,340.1199951171875,88,8,True,0.09980292886584019,0.2892770745294191,0.836997063620458,-0.06532198899223651,False,True,False
2026-08-07,TPC,99.11000061035156,88,8,True,0.2493224657964601,0.3049881557072973,0.8411665844152862,-0.031182818633859632,False,True,True
2026-08-07,AMAL,49.79999923706055,88,8,True,0.08206294304530637,0.29191423074412737,0.981695220858152,-0.02199526653887085,False,True,False
2026-08-07,DXPE,192.36000061035156,88,8,True,0.17120858664891636,0.38749037991963875,1.2889100251641104,-0.0715319653892531,False,False,False
2026-08-07,UNF,290.3699951171875,88,8,True,0.05109331846747445,0.2497799279114461,0.9664769600144507,-0.05315165355868068,False,True,False
2026-08-07,XENE,63.36000061035156,88,8,True,0.05338060005020595,0.25015847709815087,0.9328859966391561,-0.12799342943891923,True,True,False
2026-08-07,MRCY,108.63999938964844,88,8,True,1.831507500993368e-06,0.22674515508739512,1.0948707695919935,-0.154223417899932,False,True,False
2026-08-07,TSHA,6.559999942779541,88,8,True,0.08852566600347744,0.24131926537128812,1.443203010272156,-0.10136989433158206,False,True,False
2026-08-07,AEIS,325.0199890136719,87,8,True,0.018214545377703617,0.12041975048550801,1.310678092931295,-0.1822162162411196,False,True,False
2026-08-07,CODI,11.0,87,8,True,0.05840469818747751,0.33772756421125627,1.4017467648992876,-0.12974685908051464,False,True,False
2026-08-07,TCMD,29.5,87,8,True,0.05841746409071891,0.11291252081663106,1.485256974255694,-0.21895685352219163,True,True,False
2026-08-07,MBIN,54.25,87,8,True,0.09322102847298397,0.2845055517274526,0.8235294117647058,-0.04606996625800597,False,False,False
2026-08-07,DNLI,24.829999923706055,87,8,True,0.061256238500609905,0.23943169330598346,0.9737678914382031,-0.09047616785283263,False,True,False
2026-08-07,NWL,6.010000228881836,87,8,True,0.18657457628466645,0.4077249755254755,0.9576548402506175,-0.1570827303762118,False,False,False
2026-08-07,TECK,66.47000122070312,87,8,True,0.08234767265682064,0.22855983078501008,1.145577863230172,-0.06708770216557014,False,False,False
2026-08-07,LFUS,456.54998779296875,87,8,True,0.031202813029498344,0.2918461440060749,0.9564192089426862,-0.0879397864178032,False,False,False
2026-08-07,CNK,37.2400016784668,87,8,True,0.14810709249564424,0.3305703029105693,0.7240741213326256,-0.04463822175996124,False,False,False
2026-08-07,BBIO,84.4800033569336,87,8,True,0.11875224806377238,0.17263264806951106,0.9156464009065313,-0.09564842339051549,True,True,False
2026-08-07,WLY,52.33000183105469,87,8,True,0.08146651986173525,0.35875144667563164,0.8439042769034792,-0.08911938243365092,False,True,False
2026-08-07,ASH,76.44999694824219,87,8,True,0.16290739338008042,0.29935460596415764,0.6511878662634678,-0.02300323388827874,False,False,False
2026-08-07,UHAL,75.2699966430664,87,8,True,0.13662441773149925,0.3620804691387107,0.7942787908019149,-0.015434929395414576,False,True,False
2026-08-07,SAFT,103.5,87,8,True,0.3005943838989167,0.35670714936878367,0.5438543941909171,-0.002409638554216831,False,False,False
2026-08-07,ICUI,184.55999755859375,87,8,True,0.22053480604308207,0.31290232994605605,0.7248597902672314,-0.04298682023619993,False,False,False
2026-08-07,DPST,146.1699981689453,87,8,True,0.07454869134328046,0.28781303196147223,1.0116981943557182,-0.07999752217556821,False,True,False
2026-08-07,CMBT,16.290000915527344,87,8,True,0.06821079232460292,0.26831136400879885,1.0938303954015738,-0.08069968697738295,False,True,False
2026-08-07,WT,21.25,87,8,True,0.12164430361623602,0.3450005536613836,0.9878391799935,-0.08207341899951615,False,False,False
2026-08-07,LQDT,42.060001373291016,87,8,True,0.09798887728115657,0.2911861466058989,0.9409322208218569,-0.040164270510962274,False,False,False
2026-08-07,DINO,81.41000366210938,87,8,True,0.051246534124004484,0.3258623540890513,0.9012144848742174,-0.135958367571948,False,False,False
2026-08-07,DAL,91.33999633789062,87,8,True,0.05949598894209829,0.2738586528717226,0.7273070062959095,-0.04535957309199956,False,True,False
2026-08-07,TALK,5.21999979019165,87,8,True,0.0019193601980866948,0.16556878814403997,1.184100234757497,-0.0057143256777808515,False,True,False
2026-08-07,FCX,69.62000274658203,86,8,True,0.08629511882698515,0.2055787492470169,0.9806543307067814,-0.0368012739020237,False,True,False
2026-08-07,AMTB,28.90999984741211,86,8,True,0.13167514882134257,0.3082898249335897,0.8508322701167128,-0.055228774934297786,False,False,False
2026-08-07,PHVS,34.90999984741211,86,8,True,0.05460631468084243,0.23533241634596025,0.7847648671052854,-0.04617482779142568,False,True,False
2026-08-07,NMM,79.3499984741211,86,8,True,0.07135043330050261,0.2359447067379694,0.8552723316540758,-0.042129382159004525,False,True,False
2026-08-07,CLBK,10.84000015258789,86,8,True,0.09743359186965339,0.30245768942988893,0.7458272768730208,-0.07673243179908429,False,False,False
2026-08-07,SKWD,63.66999816894531,86,8,True,0.14555180881670204,0.3072706997170136,0.5682266148243651,-0.03075055864494336,False,True,False
2026-08-07,CVE,28.25,86,8,True,0.031134795493414025,0.21997827953680416,0.9496204586772057,-0.11911442878625067,False,False,False
2026-08-07,ESLT,859.1400146484375,86,8,True,0.0727417826183947,0.1861030898401963,0.9848446402539153,-0.15443968199437652,False,True,False
2026-08-07,MFG,10.710000038146973,86,8,True,0.07200769161733134,0.2592962749418837,0.7586206518559535,-0.013812120006656436,False,False,False
2026-08-07,EWT,103.08999633789062,86,8,True,0.00755294487975644,0.2871889341916811,0.7910005885741072,-0.08591951184862978,False,True,True
2026-08-07,GRMN,310.8900146484375,86,8,True,0.24534638728256764,0.3472769409725931,0.665452497444539,-0.005788287457422325,False,False,False
2026-08-07,ALRS,33.22999954223633,86,8,True,0.06866053770502756,0.29073855048224706,0.6361398530787434,-0.03401168406235078,False,False,False
2026-08-07,ATKR,93.70999908447266,86,8,True,0.19985044388399253,0.34074549869024406,0.7519161739379234,-0.0007464245653164836,False,False,False
2026-08-07,RELY,24.420000076293945,86,8,True,0.10275190873275442,0.385146824065971,1.0215231978910535,-0.10055247074011242,False,True,False
2026-08-07,DAR,59.40999984741211,86,8,True,0.011657645845468245,0.18020880436745634,1.0380789236664674,-0.10012113195629035,False,False,False
2026-08-07,HACK,115.41999816894531,86,8,True,0.10890136434025233,0.3324021001700843,0.6569048535914228,-0.011603539620877679,False,False,False
2026-08-07,IX,40.09000015258789,86,8,True,0.017269986787569414,0.2222747316778313,0.6572963731912418,-0.05425806251892051,False,True,False
2026-08-07,SCCO,199.05999755859375,86,8,True,0.09220716512566929,0.17003393296759683,1.206765401867537,-0.10201169788854703,False,True,False
2026-08-07,BWA,68.41999816894531,86,8,True,0.010581389509231709,0.23526997585169362,0.8081394792030951,-0.13194622641646403,False,True,True
2026-08-07,CGNX,66.88999938964844,86,8,True,0.02956794299031351,0.29680538068935847,0.9332370618362453,-0.08218987499328712,False,False,False
2026-08-07,COMP,12.579999923706055,86,8,True,0.17834394463504322,0.284191067639749,0.9748822840994342,-0.09853099301449786,True,True,False
2026-08-07,ROST,255.22999572753906,85,8,True,0.10054483860041663,0.2458007155752009,0.7799706870349881,-0.006887176157435504,False,True,False
2026-08-07,SRRK,52.91999816894531,85,8,True,0.058402082250262444,0.1715292745109409,0.9549316130603285,-0.09523001110755813,False,True,False
2026-08-07,TEVA,35.36000061035156,85,8,True,0.06055608604140095,0.13720422141698219,1.2031154075511044,-0.05327973079164516,False,False,False
2026-08-07,WHD,67.9000015258789,85,8,True,0.20439188801720953,0.31232964767049554,1.0451807218533085,-0.014599551997548144,False,False,False
2026-08-07,WKC,36.43000030517578,85,8,True,0.06860422386392107,0.32767956118643604,0.6402522200302359,-0.11577670799594786,False,False,False
2026-08-07,ARTY,72.77999877929688,85,8,True,0.012729370210176949,0.27145513184758596,0.7941575556069844,-0.11081246015773505,False,True,True
2026-08-07,UFPT,314.010009765625,85,8,True,0.2612586228636302,0.3769711526481949,0.8061084128796958,-0.07292368785267733,False,False,False
2026-08-07,RBCAA,99.19000244140625,85,8,True,0.10299353081845597,0.306038963591047,0.5505705885355618,-0.02964193644211377,False,False,False
2026-08-07,MLKN,24.489999771118164,85,8,True,0.26381735196808886,0.3635553668431635,0.7785039184447118,-0.008903250566801302,False,True,False
2026-08-07,SVRA,5.829999923706055,85,8,True,0.042225303485010635,0.06852878674564544,1.3991768574253993,-0.16773735496628783,False,True,False
2026-08-07,SWK,103.88999938964844,85,8,True,0.17541504415208942,0.3170171337037253,0.678352129704141,-0.004837370273065744,False,False,False
2026-08-07,LPG,45.7599983215332,85,8,True,0.10024327816496292,0.34322153685758106,0.9259258367307981,-0.04904407029792768,False,True,False
2026-08-07,VLUE,197.6300048828125,85,8,True,0.008199069635989709,0.23856571580250807,0.7521943725386173,-0.04327831787978109,False,True,False
2026-08-07,DRH,12.529999732971191,85,8,True,0.026460202013891543,0.2334497875187982,0.6818792018475424,-0.09137057522605851,False,False,False
2026-08-07,BHP,90.41000366210938,85,8,True,0.0636320808077111,0.24106628994919266,0.7480665415359451,-0.036448876715394096,False,True,False
2026-08-07,AMG,369.70001220703125,85,8,True,0.05336522317645542,0.2197959051734717,0.7745033056804091,-0.0590960002727724,False,True,False
2026-08-07,XBI,157.3699951171875,85,8,True,0.0674261414599544,0.20912281829892887,0.8619261875005924,-0.05032895575872165,True,True,False
2026-08-07,PSX,203.91000366210938,85,8,True,0.0809868195161485,0.25868352327142397,0.7270263757868722,-0.05632172374036082,False,True,False
2026-08-07,HLIO,83.38999938964844,85,8,True,0.004122926350340617,0.21301954745572527,0.7738779486714247,-0.12267231233817133,False,True,True
2026-08-07,TX,53.900001525878906,84,8,True,0.14776093898820597,0.27956170887269693,0.7359099146625787,-0.008826765958225957,False,False,False
2026-08-07,COPP,42.81999969482422,84,8,True,0.08146496975844042,0.1522301236345034,0.9201794242064958,-0.0977665292700457,False,True,False
2026-08-07,UVE,44.150001525878906,84,8,True,0.09908441549545732,0.24877495706739206,0.9304766027878648,-0.022148393492895546,False,False,False
2026-08-07,PK,14.760000228881836,84,8,True,0.026539824162338466,0.2504606827300515,0.5,-0.04651158492543972,False,True,False
2026-08-07,JHX,30.229999542236328,84,8,True,0.19540973491451719,0.3655099000526614,0.8365735858851557,-0.016430813668022126,False,False,False
2026-08-07,ARMK,55.95000076293945,84,8,True,0.006030798839400164,0.25606848644650326,0.5953807028745652,-0.04652350933944238,True,True,False
2026-08-07,ABNB,178.07000732421875,84,8,True,0.24082815029916027,0.33540945862679106,0.6069850306607891,-0.0021293899160651497,False,False,True
2026-08-07,UGP,6.119999885559082,84,8,True,0.10313996331965525,0.22548281019018357,1.0399999618530273,-0.0713202209630055,True,True,False
2026-08-07,BBVA,28.350000381469727,84,8,True,0.130581135558683,0.2303219184412899,0.5953854615171761,-0.01047117769825423,False,False,False
2026-08-07,TGT,149.6999969482422,84,8,True,0.10981124660511155,0.2932022810960435,0.7941034583905415,-0.0024655851130677142,False,True,False
2026-08-07,MUFG,22.489999771118164,84,8,True,0.06946530300267217,0.24137891725188565,0.5683402741846884,-0.032688181887390755,False,False,False
2026-08-07,UHAL.B,66.0199966430664,84,8,True,0.1311999522053653,0.3135053425965091,0.6663300964891208,-0.013154033822735944,False,True,False
2026-08-07,SMFG,25.739999771118164,84,8,True,0.044651330595247174,0.21584853245956492,0.6956521247461267,-0.034870652512762,False,True,False
2026-08-07,TILE,38.290000915527344,84,8,True,0.1636176057036023,0.29472931029113125,0.5692623571374356,-0.054567878628954514,False,True,False
2026-08-07,FTI,69.62000274658203,84,8,True,8.04800381217774e-05,0.14445595762126984,1.0315144971295154,-0.1065194509420716,False,True,False
2026-08-07,WTS,392.2300109863281,84,8,True,0.1395277550627989,0.2807847242313386,0.5616117125680797,-0.0058549133384802055,False,True,False
2026-08-07,NET,300.2699890136719,84,8,True,0.16801576797610096,0.39496956616543843,0.8905117770700839,-0.0753184451342287,False,False,False
2026-08-07,SPB,90.12999725341797,84,8,True,0.05808487077172164,0.23596711134836856,0.8029604766395013,-0.09014739072544098,False,False,False
2026-08-07,CIBR,97.8499984741211,84,8,True,0.09135236551827908,0.29922031170873775,0.6289328944769763,-0.021206389123690328,False,True,False
2026-08-07,IFS,58.939998626708984,84,8,True,0.04559902493236567,0.22420830779681666,0.6272776543425198,-0.0397524014165217,False,True,False
2026-08-07,HELE,29.770000457763672,84,8,True,0.07691418857975352,0.39199639250863716,1.1494584576036346,-0.029661011680582994,False,True,False
2026-08-07,BMO,181.5500030517578,83,8,True,0.04307670077298997,0.23632292306555058,0.6179485298372154,-0.014440060611045635,False,False,False
2026-08-07,AGM,235.5399932861328,83,8,True,0.18258759757902543,0.3430981373212256,0.724683170931947,-0.05135124388725054,False,True,False
2026-08-07,ANET,188.6699981689453,83,8,True,0.10626265232051035,0.28324808248792177,0.647485187735275,-0.12201592114652027,False,False,False
2026-08-07,MD,27.079999923706055,83,8,True,0.08659887810631739,0.2126802988951042,0.9287749285814089,-0.030780264635401844,False,False,False
2026-08-07,RSPT,64.6500015258789,83,8,True,0.03763745708009436,0.25131255725506896,0.6022305816775404,-0.04208025526424286,False,True,False
2026-08-07,UWM,67.25,83,8,True,0.04589820820207602,0.2320211899618485,0.7554162774550404,-0.01566158810895424,False,True,False
2026-08-07,TEN,39.13999938964844,83,8,True,0.020211324997230662,0.18950655491034496,0.9898321930775948,-0.14634676789051482,True,True,False
2026-08-07,UDOW,76.13999938964844,83,8,True,0.10099543158509316,0.25158522546904694,0.66517226747949,-0.03936415168421814,False,False,False
2026-08-07,DIN,35.689998626708984,83,8,True,0.04537675179162637,0.13880929873753178,0.8061739986492189,-0.10055447701058484,False,True,False
2026-08-07,BNY,157.61000061035156,83,8,True,0.05191709083071783,0.23533040516961257,0.5813183857312332,-0.03761374794776884,False,True,False
2026-08-07,RAMP,37.810001373291016,83,8,True,0.0035034063025245477,0.23687602510485473,0.7415938723062103,-0.010986088777775183,False,True,False
2026-08-07,MGA,70.36000061035156,83,8,True,0.06151219779937511,0.20860557084396558,0.6752381097702753,-0.022234553842098936,False,False,False
2026-08-07,OPY,111.63999938964844,83,8,True,0.03695666706136502,0.24448278137663504,0.7495689858483163,-0.09412527324889952,False,False,False
2026-08-07,PNTG,39.0,83,8,True,0.052489534987315345,0.2278166594201516,0.7524152536816628,-0.08643707532003386,True,False,False
2026-08-07,EPC,28.3799991607666,83,8,True,0.1278015873294276,0.35183408299146146,0.8041958033478638,-0.05242075332817997,True,True,False
2026-08-07,CTS,66.2300033569336,83,8,True,0.04127366554939016,0.2516454107391448,0.8381905523402315,-0.04773543564553895,False,True,False
2026-08-07,SAN,14.699999809265137,83,8,True,0.09340829875642642,0.2195577092622869,0.635150187265997,-0.01540525728126807,False,False,False
2026-08-07,EQNR,38.91999816894531,83,8,True,0.07796102416315498,0.22920072966313376,0.7484275727206648,-0.10446389809403822,False,True,False
2026-08-07,SCSC,54.95000076293945,83,8,True,0.056523544977958196,0.281341287578712,0.6276659802998448,-0.0780200978226655,False,True,False
2026-08-07,NVT,164.69000244140625,83,8,True,0.01911247429249152,0.2640395156019768,0.9212552507713947,-0.10804807741653755,False,False,False
2026-08-07,GEF,88.68000030517578,83,8,True,0.19977270775126676,0.28617550067155295,0.5906726512139153,-0.02086783036344042,False,False,False
2026-08-07,HG,35.90999984741211,83,8,True,0.07676161830997597,0.2030452989944478,0.6263586943611155,-0.03752349167376656,False,True,False
2026-08-07,YETI,52.20000076293945,82,8,True,0.05563309323485166,0.19781503993800986,0.7109144664484499,-0.03315430375771333,False,True,False
2026-08-07,SPXL,296.3299865722656,82,8,True,0.09247931017119115,0.2580896129303978,0.7634491693158125,-0.015384120860807426,False,False,False
2026-08-07,TD,121.30999755859375,82,8,True,0.021000729256146933,0.20510590795440975,0.6693271035533641,-0.028509690956066924,False,True,False
2026-08-07,ABEO,7.239999771118164,82,8,True,0.17231771043623612,0.35252519833218243,0.809999942779541,-0.03978782390618674,False,True,False
2026-08-07,SPYU,36.77000045776367,82,8,True,0.10645700514757084,0.27136593114493945,1.0016330309159707,-0.021033037450555403,False,True,False
2026-08-07,HSBC,103.7300033569336,82,8,True,0.06259838254102612,0.20770195065220087,0.6535948368227202,-0.03882500818293577,False,False,False
2026-08-07,UAL,129.55999755859375,82,8,True,0.07041823343804143,0.2189534065489187,0.5307183186775764,-0.06636885804070647,False,True,False
2026-08-07,CNXN,84.13999938964844,82,8,True,0.10781367290675337,0.3040038271887864,0.5306530384059576,-0.047220000953782315,False,False,False
2026-08-07,BPOP,174.0399932861328,82,8,True,0.05238457488119108,0.2420697539299188,0.6005149595843446,-0.027709534714341788,False,True,False
2026-08-07,ICOP,55.34000015258789,82,8,True,0.08332775242576362,0.14533218393645897,0.8390881287496792,-0.07889483245682494,False,True,False
2026-08-07,THFF,81.48999786376953,82,8,True,0.07585507766932165,0.23500288162525163,0.5912907502565852,-0.027913681452626515,False,True,False
2026-08-07,SNDA,40.29999923706055,82,8,True,0.04785824873136413,0.17045513888927033,0.6861924636105408,-0.09213787359370096,False,True,False
2026-08-07,KMX,58.18000030517578,82,8,True,0.09787257178027975,0.319581086580224,0.922670187214524,-0.07001280326034653,False,True,False
2026-08-07,TQQQ,74.47000122070312,82,8,True,0.0015843674898221582,0.2450512491413015,0.9954448507412799,-0.154614549703745,False,False,True
2026-08-07,CSW,350.67999267578125,82,8,True,0.22340928096634727,0.2391284932034572,0.5217183654575708,-0.01136139064694841,False,False,True
2026-08-07,ERX,88.23999786376953,82,8,True,0.02463344389213251,0.1361594956553729,0.7626846872371251,-0.20346634016879706,False,True,False
2026-08-07,TRV,384.30999755859375,82,8,True,0.14112053459172813,0.267845616929387,0.5234678741269037,-0.036092335610376836,False,True,False
2026-08-07,VOYA,101.4000015258789,82,8,True,0.08232733707567563,0.2874645700494629,0.5720930469128513,-0.023591689785654735,False,True,False
2026-08-07,BWLP,21.75,82,8,True,0.07553999030234948,0.28992847396823196,0.855802005498925,-0.05112995549076238,False,True,False
2026-08-07,IHAK,65.58000183105469,82,8,True,0.09597121384087148,0.2881210705337396,0.6006834238978627,-0.010262606146279607,False,False,False
2026-08-07,BAP,386.92999267578125,81,8,True,0.027392511049010304,0.1808744723575053,0.6790193004979019,-0.06369027785654868,True,True,False
2026-08-07,APH,169.17999267578125,81,8,True,0.07305088984914265,0.18126573641447452,0.615700450339024,-0.05231913159953083,False,True,False
2026-08-07,RPRX,56.77000045776367,81,8,True,0.005456790155085933,0.20883234359504832,0.6657374584878437,-0.06072134765607862,False,True,False
2026-08-07,VVX,84.41000366210938,81,8,True,0.04033153210418461,0.23410768231936885,0.7021577616935009,-0.10183016974874548,False,False,False
2026-08-07,SRCE,88.01000213623047,81,8,True,0.07936876784995461,0.2427175446532126,0.5470206201521695,-0.03772137527637365,False,False,False
2026-08-07,VFLO,51.459999084472656,81,8,True,0.08670400981247428,0.23030855573180098,0.5009916721790473,-0.0005826877649275364,False,False,False
2026-08-07,HXL,103.43000030517578,81,8,True,0.04153450080436172,0.20375079832740672,0.7298879197427008,-0.0743690506305994,False,False,False
2026-08-07,SLAB,219.2100067138672,81,8,True,0.004399576098216507,0.1841364643981045,0.8977577929167966,-0.007650462785477208,False,True,False
2026-08-07,PLGO,25.030000686645508,81,8,True,0.03485346172531534,0.21071410242937239,0.5707561987781598,-0.04973422393141769,True,True,False
2026-08-07,ACA,144.83999633789062,81,8,True,0.040281060179791606,0.22102033597152326,0.7047019664649641,-0.014157377191516551,True,True,False
2026-08-07,RY,211.0800018310547,81,8,True,0.03094295152969484,0.20017297423727864,0.5987275905674956,-0.034268221815327404,False,True,False
2026-08-07,OSBC,25.440000534057617,81,8,True,0.09809476244224413,0.22483765274380896,0.5380894272004044,-0.023041488493648732,False,False,False
2026-08-07,DAC,140.72000122070312,81,8,True,0.07732353822658888,0.24885128716715932,0.684059422357304,-0.03158761554613465,False,False,False
2026-08-07,TPR,162.36000061035156,81,8,True,0.11383235213996112,0.1942362459535567,0.7529690757469034,-0.009637683344669967,False,True,False
2026-08-07,SBLK,28.899999618530273,81,8,True,0.07855942617089595,0.2387563450812078,0.7284689476899349,-0.0203389959820246,False,False,False
2026-08-07,UPRO,155.05999755859375,81,8,True,0.09181342179975527,0.2549856056643103,0.7590470206976858,-0.015492078993055602,False,True,False
2026-08-07,AUR,7.059999942779541,81,8,True,0.09359024957164008,0.35829961229568297,0.9611111471682428,-0.17571508597043128,False,True,False
2026-08-07,TRST,55.09000015258789,81,8,True,0.009806622796666664,0.1850025895460865,0.6785496850956918,-0.06595455103153669,False,True,False
2026-08-07,FBT,255.92999267578125,81,8,True,0.06581985768373166,0.19348706133917948,0.5779640472490903,-0.008791709620175503,True,True,False
2026-08-07,URI,1162.8399658203125,80,8,True,0.07561848561156337,0.2819055990856729,0.6574351420475133,-0.013857161032534426,False,True,False
2026-08-07,AXTA,38.189998626708984,80,8,True,0.13742632430022717,0.22916980773074602,0.5314592054409573,-0.010878062082443352,False,True,False
2026-08-07,DFEN,85.94000244140625,80,8,True,0.14219036461055734,0.1864266688933427,0.6123828080967488,-0.12081838934622757,False,True,False
2026-08-07,COKE,192.99000549316406,80,8,True,0.05447149929737671,0.10746117744077455,0.7449367826015036,-0.12137486521344731,False,True,False
2026-08-07,RS,423.8800048828125,80,8,True,0.07247534122092025,0.26899334059297875,0.6283662128167029,-0.002095214242715082,False,True,False
2026-08-07,USFD,108.87999725341797,80,8,True,0.13739399053973766,0.2526547258155325,0.5582110519272696,-0.010946103838635146,False,True,False
2026-08-07,COLO,46.84000015258789,80,8,True,0.07855192536726796,0.18112073197416034,0.5520211954588672,-0.013894733629728595,False,True,False
2026-08-07,OBK,53.84000015258789,80,8,True,0.052755074578189065,0.23777513387475002,0.6759533121428136,-0.031131897637880712,False,False,False
2026-08-07,RUSHA,80.08000183105469,80,8,True,0.08820022049845178,0.22437593155877034,0.7534487637774308,-0.04221981525568641,False,False,False
2026-08-07,ING,35.68000030517578,80,8,True,0.11153341353722901,0.24007299573193186,0.5099450517296698,-0.01545257580999948,False,True,False
2026-08-07,NMR,9.949999809265137,80,8,True,0.08498896412067691,0.1843968872718058,0.4828613640385193,-0.010934453853209014,False,True,False
2026-08-07,CNO,55.15999984741211,80,8,True,0.06817661978718137,0.2358374871110105,0.5403517936906124,-0.04219483067784968,False,True,False
2026-08-07,KB,124.01000213623047,80,8,True,0.1107070786171771,0.23299794819497688,0.6250819827508292,-0.013130681822321466,True,True,False
2026-08-07,SVIX,25.25,80,8,True,0.08396546772161195,0.2000308928633756,0.786978046390417,-0.007273421263094493,False,True,False
2026-08-07,TMP,98.7300033569336,80,8,True,0.060354190089780824,0.2220050398346609,0.6129718156127004,-0.03224851396185979,False,False,False
2026-08-07,PRG,42.849998474121094,80,8,True,0.023337316800184693,0.25916268077785753,0.6608527031492692,-0.10224180001922933,False,False,False
2026-08-07,CTBI,77.76000213623047,80,8,True,0.07261980370117782,0.2295053127895308,0.5474627290792133,-0.027026978005539548,False,True,False
2026-08-07,AVNT,45.689998626708984,80,8,True,0.24051757245753458,0.2955123104820023,0.6626637331810785,-0.018052872869655845,False,True,True
2026-08-07,MRK,128.5800018310547,80,8,True,0.038169581325568025,0.14116682250137136,0.6573859086915501,-0.047908190111062066,False,True,False
2026-08-07,GFF,107.22000122070312,80,8,True,0.16860271991997444,0.2959276695690167,0.6492846900084743,-0.011615063580747376,False,False,False
2026-08-07,CPAY,392.94000244140625,79,8,True,0.08958778413682111,0.21463892085258296,0.5541053952409041,-0.03204830490062904,False,False,False
2026-08-07,PH,1073.8699951171875,79,8,True,0.13517680365525897,0.17460050467705535,0.5163800251680173,-0.023701245229564627,False,False,False
2026-08-07,QTEC,316.5899963378906,79,8,True,0.006202019214656351,0.22503845792560817,0.5400592744960822,-0.06948244976951035,False,True,True
2026-08-07,EGBN,27.709999084472656,79,8,True,0.003738173378672771,0.13745978705118733,0.8436460130924321,-0.05394338619556305,False,True,False
2026-08-07,DXCM,84.75,79,8,True,0.13800854295243004,0.24258116704378185,0.5662539095182864,-0.0352874049853773,False,False,False
2026-08-07,MSM,122.91999816894531,79,8,True,0.02309878054455372,0.24812403774023495,0.5598983935090509,-0.05779555539544834,False,True,False
2026-08-07,WCC,363.739990234375,79,8,True,0.05640652565242954,0.2148893325989274,0.8065059806721506,-0.05612789048673861,False,False,False
2026-08-07,ABVX,130.92999267578125,79,8,True,0.10188913245234432,0.11275368594889401,0.9498136962114916,-0.12027151068366404,True,True,False
2026-08-07,OPRA,19.959999084472656,79,8,True,0.04779098007808136,0.25979475049060263,0.704525962378322,-0.05223173833639527,False,True,False
2026-08-07,LLY,1185.7099609375,79,8,True,0.024326852667991172,0.1474244751330951,0.900846300376164,-0.05101444053408655,False,False,False
2026-08-07,GSBC,80.6500015258789,79,8,True,0.04644586762409286,0.21017872726197906,0.5001860871259569,-0.027258497604714327,False,True,False
2026-08-07,SAIC,126.54000091552734,79,8,True,0.11602654966634263,0.25859791407839094,0.5606807851237725,-0.005345073877150108,False,True,False
2026-08-07,WSM,251.77999877929688,79,8,True,0.12083248257028867,0.25953984036601896,0.5212374305824643,-0.004782824173265143,False,True,False
2026-08-07,NTRS,185.5,79,8,True,0.04457961924951359,0.21612788434415853,0.5315389348869111,-0.03183719159288534,False,True,False
2026-08-07,EXEL,54.06999969482422,79,8,True,0.00033300757329901565,0.1704134486572999,0.6015995966545014,-0.06079555356180877,False,False,True
2026-08-07,FBP,28.670000076293945,79,8,True,0.07880913550319679,0.2532155495870978,0.4963465712222501,-0.02549286193253053,False,True,False
2026-08-07,CM,118.69999694824219,79,8,True,0.033309627140307496,0.17690389895424796,0.6536639588586646,-0.031020433075574005,False,True,False
2026-08-07,PEBO,40.93000030517578,79,8,True,0.07167919083559338,0.2225172627652543,0.48890507988210663,-0.03215891655022929,False,False,False
2026-08-07,TALO,14.380000114440918,79,8,True,0.006650337839709808,0.09424759698077101,0.8651102520483278,-0.15659819601727687,False,False,True
2026-08-07,CASY,833.9500122070312,78,8,True,0.00814325706255481,0.19302347564072164,0.7019388004225127,-0.10120166605555858,True,True,False
2026-08-07,TBBB,40.79999923706055,78,8,True,0.001133616697757578,0.13942766432219567,0.7135657350778404,-0.08479144097658986,False,True,False
2026-08-07,SHG,75.80999755859375,78,8,True,0.11089941453592211,0.22327954764944913,0.6387808108351261,-0.021427696346360103,False,True,False
2026-08-07,RRBI,100.11000061035156,78,8,True,0.055049982787679363,0.17999977018021607,0.6606121068879631,-0.03266013453654981,False,True,False
2026-08-07,BNO,46.93000030517578,78,8,True,0.0008786784891865462,0.15485177192374167,0.7291820692919955,-0.22825194465809717,False,True,False
2026-08-07,AIZ,289.54998779296875,78,8,True,0.07348801014188266,0.2105997961387993,0.4432758191616686,-0.04734491851302669,False,False,False
2026-08-07,BNS,88.8499984741211,78,8,True,0.03676579022325366,0.1712874243627054,0.6006125231615216,-0.01790651845610136,False,True,False
2026-08-07,HZO,35.68000030517578,78,8,True,0.024316030026587887,0.2215622279632663,0.6657329681648199,-0.06449919045201458,False,False,False
2026-08-07,INVX,28.100000381469727,78,8,True,0.05331815603091061,0.1215863600770073,0.7829949221684376,-0.16641942614548988,False,False,False
2026-08-07,JOYY,74.44000244140625,78,8,True,0.06901804444170856,0.16725328651246762,0.5338966477197338,-0.02921228292716027,False,True,False
2026-08-07,NOVT,166.3699951171875,78,8,True,0.07956334004637022,0.23929524002942304,0.6929887127346921,-0.05675252006187259,False,True,False
2026-08-07,FLYW,17.780000686645508,78,8,True,0.06964743807621931,0.24791857425082564,0.6853080914880094,-0.06322438801541874,False,False,False
2026-08-07,IBTA,38.41999816894531,78,8,True,0.21402474366644153,0.36544237524673284,1.0115181885660744,-0.051006605169180874,False,False,True
2026-08-07,DGX,238.35000610351562,78,8,True,0.12911251544609503,0.2208142582334791,0.39239406648974384,-0.007412646246209631,False,True,False
2026-08-07,PRAA,19.790000915527344,78,8,True,0.16175318559696694,0.19526489672097957,0.930731796636814,-0.12239460820012771,False,True,True
2026-08-07,WSFS,81.2699966430664,78,8,True,0.057894532165075674,0.23240272303253962,0.628004800160902,-0.02013510669377705,False,True,False
2026-08-07,SXC,9.390000343322754,78,8,True,0.07439533844935142,0.2550875616248236,0.7010870245957272,-0.05342739202570612,False,False,False
2026-08-07,OVV,59.36000061035156,78,8,True,0.04188973535907459,0.1875194511522884,0.6735268837742336,-0.0812567706300078,False,True,False
2026-08-07,WST,354.07000732421875,78,8,True,0.03573518057615788,0.23386408076121468,0.5818701891065894,-0.082720188279226,False,True,False
2026-08-07,IVZ,31.579999923706055,78,8,True,0.10273833811372901,0.19840465667736829,0.5472807525625851,-0.029800286823050914,False,False,False
2026-08-07,PAG,216.41000366210938,78,8,True,0.1316916692372605,0.28560614660204875,0.5444619697646844,-0.04665196624621426,False,False,False
2026-08-07,AMBP,5.039999961853027,78,8,True,0.11346764362450457,0.19504907093630952,0.5319148997844811,-0.07182318210218452,False,False,False
2026-08-07,SCL,65.1500015258789,78,8,True,0.14903406471689995,0.25740161738225265,0.5578670971138742,-0.04191174226648664,False,False,False
2026-08-07,ADAM,9.819999694824219,78,8,True,0.07741593432596638,0.21086569863400118,0.5224806178626902,-0.009581469227868178,False,False,False
2026-08-07,TRNS,93.11000061035156,78,8,True,0.04351121519106238,0.26279529001488977,0.8536731327671865,-0.03612834284572475,False,True,False
2026-08-07,GCO,37.97999954223633,78,8,True,0.03196986735538987,0.19792396622573527,0.7318741000323892,-0.12889906258186068,False,True,False
2026-08-07,AMGN,410.94500732421875,78,8,True,0.13525831494879803,0.18651589935015567,0.5233162473954514,-0.017817845795930043,False,False,False
2026-08-07,CFFN,8.880000114440918,78,8,True,0.05689123383654837,0.19846145309781837,0.5470384091515521,-0.04103672840694994,False,False,False
2026-08-07,BY,38.83000183105469,78,8,True,0.05703587752306749,0.20411320212345774,0.5299449611913158,-0.029977441539738803,False,True,False
2026-08-07,GGB,4.940000057220459,78,8,True,0.07723844657762524,0.20454020457126232,0.733333411411935,-0.04633200368177215,False,True,False
2026-08-07,IHE,102.47000122070312,77,8,True,0.04743136820737881,0.1562291748570228,0.5779180377019428,-0.024281046504219583,True,False,False
2026-08-07,MS,216.3300018310547,77,8,True,0.00216063706600389,0.16438479311006016,0.5386201453774011,-0.06854681665853746,False,True,True
2026-08-07,INCY,120.55999755859375,77,8,True,0.08254687435967556,0.18113859501287966,0.5699960427297752,-0.09079945694363478,False,False,False
2026-08-07,LAUR,38.34000015258789,77,8,True,0.04213101044601486,0.13282808530607948,0.5761561747205,-0.0631643037914037,False,True,False
2026-08-07,WAB,291.80999755859375,77,8,True,0.06955771497757945,0.18996863039042267,0.5836861296973921,-0.04836295454409745,False,True,False
2026-08-07,SIRI,29.90999984741211,77,8,True,0.015405913341996147,0.22871520327386952,0.5128982880557529,-0.08420085771120733,False,True,False
2026-08-07,CZR,30.149999618530273,77,8,True,0.014140776458984039,0.1789824213429747,0.688129820166719,-0.02363988219157087,True,True,False
2026-08-07,RTX,223.02999877929688,77,8,True,0.14469338325915726,0.17751532812769266,0.4808445513276747,-0.011610880514312805,False,False,False
2026-08-07,ALL,267.0,77,8,True,0.11075149208270885,0.23820373127171357,0.4196086633380418,-0.03686603122321852,False,True,False
2026-08-07,ESQ,131.3800048828125,77,8,True,0.10728852689183555,0.20540961395058654,0.4336534892824655,-0.025479342034553487,False,True,False
2026-08-07,CHE,552.719970703125,77,8,True,0.15885724100572474,0.2601549689310565,0.5134305841441118,0.0,False,True,False
2026-08-07,WSBC,41.689998626708984,77,8,True,0.08197466139866716,0.1875834610197673,0.42627435099574296,-0.01905885584214151,False,True,False
2026-08-07,THG,229.0800018310547,77,8,True,0.09200948494961803,0.22821946411007255,0.38416919535380467,-0.029609883832315775,False,False,False
2026-08-07,E,53.61000061035156,77,8,True,0.05418192528181698,0.15448102623966564,0.5753747438559047,-0.07568964464911099,False,False,False
2026-08-07,NVCR,16.389999389648438,77,8,True,0.0024955010793705767,0.18439827231821204,0.6690427595722876,-0.23593309279632013,False,True,True
2026-08-07,IXN,140.8699951171875,77,8,True,0.01570090575447991,0.20380870572230347,0.5103463084305753,-0.05980115200138825,False,False,False
2026-08-07,DHT,18.760000228881836,77,8,True,0.05839211902007024,0.17024363930645547,0.7532710806814724,-0.08710457784108172,True,True,False
2026-08-07,XNTK,362.45001220703125,77,8,True,0.0016233049005371925,0.19125877496219834,0.556782066853444,-0.07641929988738261,False,True,True
2026-08-07,PFG,113.4000015258789,76,8,True,0.031025328538788255,0.1834097373108594,0.5053763277505976,-0.027527648294924267,False,False,False
2026-08-07,SFL,12.069999694824219,76,8,True,0.06870902600221651,0.2097824679472753,0.7934620595269903,-0.0672333781894382,False,True,False
2026-08-07,NIC,172.5399932861328,76,8,True,0.085738979852781,0.19724491370513708,0.5119171848363848,-0.022934498758403365,True,True,False
2026-08-07,MCY,109.5,76,8,True,0.041642879785417586,0.16032637631438829,0.5683185402264801,-0.03148768472906405,False,False,False
2026-08-07,WASH,38.849998474121094,76,8,True,0.07343567580194743,0.18906059614067905,0.5398334989695177,-0.034782646605687084,False,True,False
2026-08-07,AIT,359.8999938964844,76,8,True,0.08666244498862596,0.24940590906894555,0.510027689126336,-0.008348714188534112,False,True,False
2026-08-07,CSX,50.27000045776367,76,8,True,0.0349882554877905,0.20662239541166527,0.5808176623846488,-0.06212683043200451,False,False,False
2026-08-07,GL,183.85000610351562,76,8,True,0.05950277399610271,0.22784408657678612,0.4380133617344535,-0.04019836505124774,False,False,False
2026-08-07,HWM,281.8800048828125,76,8,True,0.035818576138266556,0.18097273210259934,0.6634996161664823,-0.09070966166834682,False,True,False
2026-08-07,JNJ,259.239990234375,76,8,True,0.046473659666293576,0.13679712088708307,0.525659092678556,-0.05696618410259502,False,True,False
2026-08-07,DCOM,40.31999969482422,76,8,True,0.016877329048166967,0.18025875587742535,0.5731564968813769,-0.03931383078123396,False,False,False
2026-08-07,GNK,25.329999923706055,76,8,True,0.025514370568180844,0.15708595043372364,0.6289388818656347,-0.07045871839610807,False,False,False
2026-08-07,PR,20.149999618530273,76,8,True,0.027652240020452856,0.14391466514231377,0.6904361987886096,-0.1113561059972763,False,True,False
2026-08-07,CFG,72.66999816894531,76,8,True,0.05027804432107574,0.1719691503074443,0.5617880953239829,-0.027175352908025086,False,True,False
2026-08-07,BEN,33.77000045776367,76,8,True,0.026038349333391997,0.23266621594286163,0.5997157499466919,-0.0691840795475861,False,False,False
2026-08-07,LUV,47.04999923706055,76,8,True,0.003759008974894451,0.11688078737164509,0.623533470678233,-0.1462529719474739,False,True,False
2026-08-07,XLK,187.97000122070312,76,8,True,0.0252581033257826,0.20135705461220166,0.48381749895704096,-0.05414378673659315,False,True,False
2026-08-07,CAH,236.39999389648438,76,8,True,0.04915678186114514,0.12188275984489882,0.7161524057821007,-0.03458978800832513,False,True,False
2026-08-07,CALF,56.279998779296875,75,8,True,0.08861704209149868,0.19601042521059808,0.41229613385921593,-0.003541090024086979,False,False,False
2026-08-07,SFST,63.33000183105469,75,8,True,0.04398143324676984,0.14266643601684859,0.5932075932340801,-0.02629149846866652,False,True,False
2026-08-07,LB,75.4000015258789,75,8,True,0.03679667770144612,0.14551106973236716,0.7234286063058035,-0.11915884497738505,True,True,False
2026-08-07,BMY,64.72000122070312,75,8,True,0.10186836113005349,0.1537416148263442,0.5221072559721947,-0.04963285358519376,False,False,False
2026-08-07,QLD,92.20999908447266,75,8,True,0.01111224424113555,0.1938489629544382,0.6291519712077966,-0.08874397806377599,False,False,True
2026-08-07,MET,97.7699966430664,75,8,True,0.08810813332853873,0.21970917717919325,0.4521014998394348,-0.031308864089514166,False,False,False
2026-08-07,SLF,81.91000366210938,75,8,True,0.042454185740323114,0.20778437243142123,0.45695485385272194,-0.0292722644193798,False,False,False
2026-08-07,GM,87.58000183105469,75,8,True,0.07625723411261043,0.12068691993644665,0.6669204473723531,-0.04648880472512462,False,True,False
2026-08-07,IBB,197.7100067138672,75,8,True,0.07898518077678385,0.14570694102678727,0.5179271148857365,-0.006731958389079695,True,True,False
2026-08-07,VG,13.260000228881836,75,8,True,0.061394396581337496,0.22597856079016632,1.318181943226532,-0.2474461068494055,False,True,False
2026-08-07,FMBH,51.16999816894531,75,8,True,0.06389167973562215,0.1989263818584166,0.497950772760962,-0.04104202429453119,False,True,False
2026-08-07,VGT,121.44999694824219,75,8,True,0.040016415732387234,0.19764675906863194,0.46166809845987045,-0.03611113533141119,False,True,False
2026-08-07,SMBC,77.1500015258789,75,8,True,0.035603850657547564,0.18646585382012026,0.6207984033407774,-0.03393437345054795,False,True,False
2026-08-07,BSTZ,30.079999923706055,75,8,True,0.021912685059391146,0.21017544955052392,0.46803319959551914,-0.05646170904783876,False,True,False
2026-08-07,FTEC,289.8399963378906,75,8,True,0.039267991669395874,0.1976884103719947,0.4625826261086916,-0.036404175324845967,False,True,False
2026-08-07,BURL,368.9599914550781,75,8,True,0.09383770490740728,0.19625214990747342,0.5342009357040238,-0.02476672600573182,False,True,False
2026-08-07,EXPD,178.7100067138672,75,8,True,0.061819802710641136,0.16844860050977517,0.5822046174623505,-0.04809842609504811,False,True,False
2026-08-07,FYC,123.05000305175781,75,8,True,0.025426943342372388,0.16705539737996,0.533142284782115,-0.03543150155898134,False,False,False
2026-08-07,BUSE,30.979999542236328,75,8,True,0.059732210335009084,0.188596664815047,0.4107468503558127,-0.02271297171528397,False,False,False
2026-08-07,NVST,28.149999618530273,75,8,True,0.08630215999857804,0.14732415238276286,0.4997335605757449,-0.07462197409830595,False,False,True
2026-08-07,BIIB,207.94000244140625,75,8,True,0.029808696222811903,0.12461338180022552,0.6373228538693405,-0.05361368429751723,False,True,False
2026-08-07,LXP,60.560001373291016,75,8,True,0.08292535603492213,0.1905464280858853,0.5390089891139103,-0.017042675323137857,False,False,False
2026-08-07,LYG,6.28000020980835,75,8,True,0.08111833739511765,0.16176896340100044,0.49523821309581084,-0.009463713144399533,False,True,False
2026-08-07,NGVT,77.81999969482422,75,8,True,0.07494501652830676,0.16702457799591142,0.6972737684767385,-0.01853955358468473,False,False,False
2026-08-07,JBLU,6.070000171661377,75,8,True,0.09788745666418475,0.20641170189705416,0.5684755429351829,-0.08308152921535217,False,False,False
2026-08-07,CATY,63.40999984741211,74,8,True,0.03634818328200273,0.18572455417002343,0.4227058622747921,-0.022807821793144,False,True,False
2026-08-07,USB,63.939998626708984,74,8,True,0.05629379719412819,0.16021234813094365,0.4545040936839684,-0.016610244111302852,True,True,False
2026-08-07,FESM,48.31999969482422,74,8,True,0.031764324686122114,0.1672872031650714,0.47299105097441996,-0.007802896553636529,False,False,False
2026-08-07,QCRH,103.87000274658203,74,8,True,0.0676921390939429,0.17265339944032254,0.5584396154327367,-0.02515251270217178,False,True,False
2026-08-07,GIII,35.459999084472656,74,8,True,0.02577451320781532,0.1540845880342323,0.48058446575684144,-0.05540761268853234,False,True,False
2026-08-07,HSIC,88.12999725341797,74,8,True,0.059051112170459996,0.14596746036042374,0.4225988082011496,-0.04393581078704345,False,False,False
2026-08-07,SRTA,5.789999961853027,74,8,True,0.0546832191530211,0.15879956413616658,0.5755102141440023,-0.10923077509953427,False,False,True
2026-08-07,DDM,69.41999816894531,74,8,True,0.06963898395590085,0.17544266173618506,0.44279321931341165,-0.025684236225328894,False,False,False
2026-08-07,CRI,39.959999084472656,74,8,True,0.0024031362181407,0.10971175969289582,0.6698703959410219,-0.10081007382263496,False,False,False
2026-08-07,STBA,50.869998931884766,74,8,True,0.040912101699133174,0.17395917388830817,0.47963924815181924,-0.04915889846944366,False,True,False
2026-08-07,TFIN,76.01000213623047,74,8,True,0.005101570061361693,0.16745116824653583,0.6370881248466687,-0.08991852021894686,False,True,False
2026-08-07,TFSL,17.59000015258789,74,8,True,0.01183834025257302,0.16967620316270682,0.40271134019912935,-0.0974858717723458,False,False,False
2026-08-07,IPAR,122.97000122070312,74,8,True,0.10622534867312594,0.2787117541742665,0.5926693780447545,-0.04888229865897553,True,True,False
2026-08-07,KFY,84.06999969482422,74,8,True,0.12433331439653839,0.23964321741616734,0.42612381012346234,-0.018905388031582482,False,True,False
2026-08-07,BCS,27.93000030517578,74,8,True,0.04557400937534761,0.1482392159722059,0.4479004136642488,-0.026490073709815598,False,False,False
2026-08-07,NBN,133.44000244140625,74,8,True,0.036630102698726796,0.17283084906308854,0.6525077701722137,-0.062328685751929847,False,True,False
2026-08-07,DLTR,130.89999389648438,74,8,True,0.0901555684823665,0.14504245571670982,0.5452720494773131,-0.08075843042774111,False,True,False
2026-08-07,IWC,199.11000061035156,74,8,True,0.03782368159872296,0.1546989927823872,0.5275028100284949,-0.02051356844739416,False,True,False
2026-08-07,RIO,101.0999984741211,74,8,True,0.03983459684231905,0.1213056251770519,0.6788441784249544,-0.10197195923092339,False,True,False
2026-08-07,CNI,126.5999984741211,74,8,True,0.03271065039318244,0.17382698250443784,0.3951950788470282,-0.037628312145984166,False,True,False
2026-08-07,EBC,22.84000015258789,74,8,True,0.04833639329067463,0.14047462542822364,0.5277592270223972,-0.03831578304893091,True,True,False
2026-08-07,GE,370.0799865722656,74,8,True,0.051733494165747684,0.1676832600060678,0.4028809844476029,-0.04824609078877551,False,True,False
2026-08-07,NWG,19.190000534057617,74,8,True,0.10145562336671499,0.15886194380786933,0.4151917360043902,-0.011843436731861279,False,False,False
2026-08-07,HLX,9.600000381469727,73,8,True,0.03403709238384023,0.1279984896409354,0.7204301994136442,-0.10697670870049059,False,False,False
2026-08-07,IHF,57.06999969482422,73,8,True,0.038890579353277666,0.16137801817526842,0.3970624682147459,-0.021097762578604518,True,False,False
2026-08-07,DIVB,67.30000305175781,73,8,True,0.06492569316334129,0.18438691086836023,0.3535800764167012,-0.00029703866840546933,False,False,False
2026-08-07,AZZ,150.9199981689453,73,8,True,0.020934143129037963,0.1738265764160607,0.6231446840197505,-0.06954376690214303,False,True,False
2026-08-07,MBWM,60.70000076293945,73,8,True,0.0713970629151397,0.17709342912142634,0.41988305878220933,-0.027087652560377817,False,False,False
2026-08-07,JCI,152.2100067138672,73,8,True,0.06038803411366622,0.1551644047820142,0.4767634342149958,-0.030879860690926075,False,True,False
2026-08-07,TXRH,208.0,73,8,True,0.11041354847689244,0.17869430829158994,0.35214195881267707,-0.024664703377676123,False,True,False
2026-08-07,JETS,32.540000915527344,73,8,True,0.051740218716256114,0.1674045492657834,0.39297945485103414,-0.044627140237158525,False,False,False
2026-08-07,FFBC,33.65999984741211,73,8,True,0.015470380493046498,0.16729897648195036,0.45967045216653224,-0.07144828007139004,False,True,False
2026-08-07,PICK,63.63999938964844,73,8,True,0.05176868899856357,0.11773445072934963,0.6385169706393046,-0.07794838474479171,False,False,False
2026-08-07,MTB,250.4499969482422,73,8,True,0.05643455844941303,0.16620341433653762,0.43310829034413567,-0.01784314922257968,False,True,False
2026-08-07,JXN,129.9600067138672,73,8,True,0.13812315525973173,0.1936701918967072,0.473469514858722,-0.05819261149094368,False,True,False
2026-08-07,CFR,164.5,73,8,True,0.06982963802708864,0.1810757907126348,0.38235294117647056,-0.03400078404139739,False,False,False
2026-08-07,MFC,44.31999969482422,73,8,True,0.07026770334597376,0.18496494304524935,0.4922558436472513,-0.022281096303387704,False,False,False
2026-08-07,BRC,97.0199966430664,73,8,True,0.0797371392744668,0.14909920063883408,0.3957703015591909,-0.022862365308991994,False,True,False
2026-08-07,CNOB,32.81999969482422,73,8,True,0.013569838923505717,0.15960461947879634,0.4560780107251545,-0.038664315126626936,False,True,False
2026-08-07,RGA,246.3300018310547,73,8,True,0.1105170339555459,0.18550625180025748,0.3822456234265257,-0.007234249547386606,True,True,False
2026-08-07,HASI,40.68000030517578,73,8,True,0.05366763655831641,0.11837357952548722,0.6685808738927226,-0.07817812552540693,False,True,True
2026-08-07,VLY,14.550000190734863,73,8,True,0.010641265307163916,0.13711408945021253,0.6024229419592546,-0.04276313333465087,False,True,False
2026-08-07,IYW,254.0500030517578,73,8,True,0.034062823922128116,0.19164578556283907,0.47241226925546664,-0.026665669719398655,False,True,False
2026-08-07,SPHB,147.89999389648438,73,8,True,0.0037775287745756003,0.15258858149732513,0.47457616546794656,-0.06136963240623061,False,False,True
2026-08-07,IGM,163.72000122070312,73,8,True,0.029206544826299252,0.18208533782441472,0.45399647814676447,-0.04525305983308758,False,True,False
2026-08-07,AEG,9.529999732971191,72,8,True,0.08663425799283742,0.19763485761309485,0.4118518122920283,-0.008324654169000856,False,False,False
2026-08-07,BAC,63.16999816894531,72,8,True,0.08192259775722999,0.17287293764684453,0.4106744057829381,-0.012505909590304953,False,True,False
2026-08-07,PFGC,114.9000015258789,72,8,True,0.06307191076510299,0.19147552032999426,0.42167782677234045,-0.02191953165940619,False,True,False
2026-08-07,AHR,56.7400016784668,72,8,True,0.08881293216150343,0.13956455399550527,0.4435822729403498,-0.03339010321972791,True,True,True
2026-08-07,QQQJ,46.27000045776367,72,8,True,0.038130616970679876,0.16370899123386629,0.40339698952479774,-0.00043206864048606075,False,True,False
2026-08-07,OC,157.10000610351562,72,8,True,0.15428308559966863,0.29019228883049775,0.610786507431639,-0.017572368796459292,False,True,True
2026-08-07,SSO,71.68000030517578,72,8,True,0.06350149061503307,0.1789119868978919,0.4739872245689405,-0.01021814253630915,False,True,False
2026-08-07,OFG,52.29999923706055,72,8,True,0.05926623402165854,0.20337910592182085,0.4645757652735847,-0.02824229777745335,False,True,False
2026-08-07,WELL,236.9199981689453,72,8,True,0.04919600207738628,0.15180129815066867,0.46918024457021845,-0.07163009011714172,False,True,False
2026-08-07,CDP,37.13999938964844,72,8,True,0.040318633721753816,0.1658476139234093,0.37250554776960376,-0.04524426907951651,True,True,False
2026-08-07,DXJ,179.3800048828125,72,8,True,0.030309665835054567,0.130589121216951,0.4824793791967976,-0.00609480757295211,False,False,False
2026-08-07,LH,319.1700134277344,72,8,True,0.14117591456883316,0.18653760321226298,0.30529203276184025,-0.0023910611114661418,False,False,True
2026-08-07,NTB,62.31999969482422,72,8,True,0.04359241907234157,0.17059462851495621,0.5353535220632635,-0.003517768108130981,False,True,False
2026-08-07,IDT,65.08000183105469,72,8,True,0.09061783478106489,0.2343829465925713,0.4234470711602887,-0.05885755032559259,False,True,False
2026-08-07,FULT,24.239999771118164,72,8,True,0.024176297907719135,0.15389557571817036,0.4602409165108712,-0.039238992829185526,False,True,False
2026-08-07,CNQ,45.5099983215332,72,8,True,0.038922462733938845,0.11704140830267007,0.5532423039782606,-0.113556716278288,False,True,False
2026-08-07,EPOL,44.189998626708984,72,8,True,0.09167713571550751,0.17970708264266544,0.43287932581287136,-0.002933237116660381,False,False,False
2026-08-07,HBCP,71.87999725341797,72,8,True,0.05164897773437893,0.16125400720902516,0.45241452446127317,-0.015207571487031668,False,True,False
2026-08-07,MQQQ,232.9864959716797,72,8,True,0.011444245956287569,0.17666276455732466,0.6024821729271976,-0.08226060403817281,False,True,True
2026-08-07,IEX,234.4600067138672,72,8,True,0.050933967619624765,0.17550651970271125,0.4910016325206181,-0.03831007473739767,False,False,False
2026-08-07,SON,58.02000045776367,72,8,True,0.0780459219900691,0.16974628392723234,0.501164247533475,-0.043678882333279434,False,True,False
2026-08-07,FCF,21.510000228881836,72,8,True,0.05883395314652051,0.18461162105451412,0.43400001525878906,-0.037153084961367266,False,False,False
2026-08-07,PCAR,133.11000061035156,72,8,True,0.07953052955276751,0.13894515358799175,0.4429268358845697,-0.044024738875160785,False,False,False
2026-08-07,HOPE,13.989999771118164,71,8,True,0.04641942087508899,0.16966885238628704,0.42755096926881886,-0.033839764268562056,False,False,False
2026-08-07,AGIX,45.34000015258789,71,8,True,0.008804230916444444,0.16569684199936652,0.4680265441665301,-0.08717532063580036,False,True,True
2026-08-07,TEO,13.829999923706055,71,8,True,0.01314227285193792,0.13406203661642047,1.1508554110303044,-0.15361078368682313,True,True,False
2026-08-07,CLH,308.1700134277344,71,8,True,0.03496248135646196,0.1293081529910327,0.5305951079414972,-0.0826635375717586,False,False,False
2026-08-07,TEX,67.7300033569336,71,8,True,0.03163293786447485,0.13557587210582445,0.6242206742866081,-0.09318515004645667,False,False,True
2026-08-07,NOV,19.649999618530273,71,8,True,0.002786354149916903,0.07077172723258474,0.6680814994869346,-0.08816703878405507,False,True,False
2026-08-07,FITB,57.09000015258789,71,8,True,0.03208148726434312,0.1519010220773338,0.425468195758647,-0.04050419911616987,False,True,False
2026-08-07,PNC,252.55999755859375,71,8,True,0.04063313807055535,0.15688009427629068,0.4278606432983829,-0.02157830247881276,True,True,False
2026-08-07,BCRX,9.380000114440918,71,8,True,0.006956388294805826,0.1309925878283691,0.5633333524068196,-0.1639928795719311,True,True,True
2026-08-07,MLAB,102.6500015258789,71,8,True,0.02217010264161101,0.13795976145524902,0.7448580372420266,-0.0994823804755498,False,True,False
2026-08-07,LOB,42.599998474121094,71,8,True,0.04972127241701707,0.15817200534662357,0.4509535963395537,-0.04334157552398332,False,True,False
2026-08-07,TNK,77.25,71,8,True,0.05800758001612105,0.13432958955925,0.801539134229212,-0.08024762513628947,False,True,False
2026-08-07,PRK,203.39999389648438,71,8,True,0.0965621366188898,0.20478427614612893,0.36455116884414407,-0.053953516760537834,False,False,False
2026-08-07,NDSN,310.1099853515625,71,8,True,0.058950261662429115,0.1460479873193572,0.4792500775349413,-0.01764447368680544,False,True,False
2026-08-07,SXT,129.8699951171875,71,8,True,0.09282670033572771,0.2621512051452253,0.5722759989865651,-0.018589939392639532,False,True,False
2026-08-07,AVGO,427.760009765625,71,8,True,0.08282543229797845,0.16368957038266196,0.5175790867267858,-0.1358383641098485,False,True,False
2026-08-07,IYZ,43.599998474121094,71,8,True,0.03772458772565024,0.13720238856481393,0.4543028398881954,-0.05361409240427284,False,True,False
2026-08-07,NWBI,15.550000190734863,71,8,True,0.03593462323584706,0.171855880780027,0.3822222391764323,-0.03774750386367931,False,True,False
2026-08-07,AVSC,74.4000015258789,71,8,True,0.03716742517983196,0.14992825830420609,0.4210406248945795,-0.009980039717520484,False,True,False
2026-08-07,TCBK,57.27000045776367,70,8,True,0.044779394991159904,0.14446840888423407,0.4161721662359097,-0.07194941974689106,False,True,False
2026-08-07,AIQ,63.349998474121094,70,8,True,0.007189412918870319,0.15723294876174387,0.45799763778497526,-0.09834903859967492,False,True,True
2026-08-07,ZION,70.31999969482422,70,8,True,0.03163262551795554,0.159583751365179,0.5224074861557209,-0.041178031004429516,False,True,False
2026-08-07,WBS,79.02999877929688,70,8,True,0.04628378164081659,0.1496769259081705,0.49990512125836206,-0.008903926554972408,False,False,False
2026-08-07,FHI,63.15999984741211,70,8,True,0.0800901510254306,0.15086414886973487,0.3536219471487019,-0.06011900720682628,False,True,False
2026-08-07,RVTY,114.66000366210938,70,8,True,0.06344107211796413,0.15301947288827278,0.4117212747945924,-0.030769224816130314,False,False,False
2026-08-07,MTUS,21.670000076293945,70,8,True,0.09391406622592213,0.1767964239947637,0.5271318334816042,-0.04030114483998415,False,False,True
2026-08-07,MLI,68.8499984741211,70,8,True,0.07672503920233353,0.13437618757939718,0.5778618339064923,-0.031917944105676166,False,True,False
2026-08-07,IVES,38.709999084472656,70,8,True,0.03418608716979055,0.15619795718029383,0.44704870394976814,-0.07679468631689113,False,True,True
2026-08-07,NBTB,52.65999984741211,70,8,True,0.05869249250083963,0.17440833032774372,0.34336731690061684,-0.033761470689686046,False,False,False
2026-08-07,GARP,83.44000244140625,70,8,True,0.036872106637183544,0.1590394344037862,0.3830598360508546,-0.010436400102026844,False,False,False
2026-08-07,ACT,48.959999084472656,70,8,True,0.09438633241652994,0.17900402393178538,0.4133949176426228,-0.004473387949124774,False,False,False
2026-08-07,SEIC,104.69999694824219,70,8,True,0.10996612246086634,0.2174531498443273,0.3945124453225044,-0.02149535562390481,False,True,False
2026-08-07,IFF,85.88999938964844,70,8,True,0.10618841380189892,0.18367413795663357,0.4523165416988859,-0.03840125746635592,False,True,True
2026-08-07,CNS,83.5999984741211,70,8,True,0.07374135460189901,0.21400019062338083,0.431752001164466,-0.023706631372288678,False,True,False
2026-08-07,KWR,169.9499969482422,70,8,True,0.11908895847924716,0.18283683813419094,0.5149759002131238,-0.07136220944537497,False,False,False
2026-08-07,AGL,95.51000213623047,99,6,False,-0.10054562342808349,1.1581779220773565,11.768716830573064,-0.282095558056633,False,False,False
2026-08-07,MU,877.5700073242188,99,6,False,-0.09616974979029325,0.6402524651691393,6.921021753518429,-0.30074103002054287,False,True,False
2026-08-07,MULL,18.540000915527344,99,6,False,-0.3050511920455766,0.5886714151263897,26.45853275112871,-0.5740516038959929,False,False,False
2026-08-07,MUU,26.6200008392334,99,6,False,-0.3054460065700959,0.5955845591436963,26.771114178761085,-0.5750319109416773,False,True,False
2026-08-07,RXT,4.900000095367432,99,6,False,-0.07291783273172492,0.9411937502720806,11.468193415097355,-0.43023257232344103,True,True,False
2026-08-07,NUAI,5.28000020980835,99,7,False,0.025402045738275314,0.10287210401583624,15.448598283553398,-0.44097402007310327,False,True,False
2026-08-07,AXTI,88.58000183105469,99,7,False,0.22331848432044765,0.8278936781899591,42.635469497278564,-0.38125174933549233,False,False,False
2026-08-07,INTW,24.309999465942383,99,6,False,-0.247441242620286,0.43920346179171554,12.284152402102956,-0.5380522666804297,False,True,False
2026-08-07,SNDK,1212.2099609375,99,6,False,-0.2819064636748667,0.3897492480044631,28.90895626566633,-0.4851277756675658,False,False,False
2026-08-07,AAOI,135.6300048828125,98,6,False,-0.01874956918872195,0.46803752028163115,6.331351615287162,-0.41956602924800424,False,False,False
2026-08-07,AMDG,88.80390167236328,98,6,False,-0.18891656385621614,0.6075699906198833,4.254668856618957,-0.37187792753316606,False,False,False
2026-08-07,AMDL,52.290000915527344,98,6,False,-0.19065247708111044,0.6299608864222637,4.891831089073504,-0.37593984551637183,False,False,False
2026-08-07,AMUU,184.80999755859375,98,6,False,-0.1870204896073958,0.6190032483763475,4.2517762083208535,-0.37064532130131156,False,False,False
2026-08-07,BAND,49.959999084472656,98,6,False,-0.16879764685784537,0.6535476442521502,2.9967999267578125,-0.3682347252443615,False,False,False
2026-08-07,BW,9.369999885559082,98,4,False,-0.28487476602031236,-0.1636803542792421,7.001707818134063,-0.5746709217653754,True,True,False
2026-08-07,FCEL,20.43000030517578,98,6,False,-0.06484302300481815,0.6600106710609055,4.404762026404038,-0.46066526586314316,True,True,False
2026-08-07,HYMC,26.540000915527344,98,5,False,0.11447520176692061,-0.057229573489182894,6.946108262738709,-0.5481014622443372,False,True,False
2026-08-07,PRAX,360.760009765625,98,7,False,0.17886798443757335,0.2458576519412654,8.700457732916817,-0.05693521799756862,False,True,False
2026-08-07,RLMD,4.940000057220459,98,5,False,-0.1876603168138965,-0.06716769096527087,7.981818091179715,-0.3824999928474426,False,True,False
2026-08-07,SOXL,140.25,98,6,False,-0.26498487540838844,0.39079782782475414,4.927726158262859,-0.5355960264900662,False,False,False
2026-08-07,STX,812.760009765625,98,6,False,-0.08898542462880654,0.5227736129683913,4.6149223472582035,-0.2901659303356987,False,False,False
2026-08-07,CRWL,76.31580352783203,98,6,False,0.26214348603933324,1.0221330209425838,4.004314985431608,-0.05221303142709954,False,True,False
2026-08-07,MXL,74.9800033569336,98,6,False,-0.11151238039735523,0.7749098901719853,4.871574053965567,-0.41558845227239993,False,True,False
2026-08-07,MVLL,27.110000610351562,98,6,False,-0.3099047571277729,0.5112149943956323,5.274010642925672,-0.6509441867204326,True,True,False
2026-08-07,CHRN,20.93000030517578,98,6,False,-0.015623957391075582,0.7423662500746511,6.197386643771487,-0.3023333231608073,False,True,False
2026-08-07,ICHR,68.31999969482422,98,6,False,-0.18898385560063724,0.36254739197730146,3.8591747977121855,-0.39848566126590446,False,False,False
2026-08-07,REPL,12.0600004196167,98,6,False,0.2088892889301388,0.5089713013281785,7.040000279744467,-0.13237404672016295,False,False,False
2026-08-07,ABSI,8.930000305175781,97,7,False,0.05773106897513158,0.884522915878216,2.9866072621234516,-0.2592285293147848,False,True,False
2026-08-07,AIIO,2.9800000190734863,97,2,False,-0.10002415305785028,-0.43578397592496765,4.518518334553573,-0.9470692707023725,False,True,False
2026-08-07,BE,219.33999633789062,97,6,False,-0.13480602860462132,0.20826979885096097,5.118270730087333,-0.37559782196509817,False,False,False
2026-08-07,FSLY,22.959999084472656,97,7,False,0.17086699640030778,0.34106465363778704,2.4294247193088703,-0.34060886600508733,False,False,False
2026-08-07,IRWD,4.320000171661377,97,6,False,0.11088257691137926,0.1605260430198201,4.333333529562616,-0.25259515314020764,False,False,False
2026-08-07,TNGX,27.06999969482422,97,7,False,-0.03883027422070673,0.508664214638217,3.3311999511718753,-0.2128525683262319,False,True,False
2026-08-07,AMPG,5.800000190734863,97,6,False,-0.09191962209323035,0.5307166504019261,2.5365855130037347,-0.4263105452328876,False,True,False
2026-08-07,PENG,58.43000030517578,97,6,False,-0.07102382694165676,0.7495727533451184,2.6427678909053722,-0.34976630415863974,False,True,False
2026-08-07,QURE,46.41999816894531,97,4,False,0.19906797443197632,0.6495372238423729,4.317296747194799,-0.3507692563783872,True,True,False
2026-08-07,WDC,434.29998779296875,97,6,False,-0.22611985639272691,0.2728363988961031,4.9379271454360385,-0.4570367804216231,False,False,False
2026-08-07,ALTO,4.389999866485596,97,6,False,-0.16568477101065848,0.163067923806959,3.7717388987484908,-0.28150576586640486,False,True,False
2026-08-07,TRT,11.149999618530273,97,6,False,-0.000609526518156045,0.42602718829223973,3.3554686983407,-0.4784845623852457,True,True,False
2026-08-07,UCTT,87.25,97,6,False,-0.1204105068058492,0.4028910018426233,3.0600279632045906,-0.3950215000589318,False,False,False
2026-08-07,MRVL,218.72000122070312,97,6,False,-0.09203898183740344,0.583288609296341,2.559895932771423,-0.3369710258783286,False,True,False
2026-08-07,OPTX,7.789999961853027,97,5,False,-0.20306905605593062,0.18598136085604766,5.601695176377729,-0.47788204276014823,True,True,False
2026-08-07,INTC,101.6500015258789,97,6,False,-0.08131594817615051,0.48213385847192924,4.1862244667087385,-0.2859150181422546,False,True,False
2026-08-07,ACMR,83.80000305175781,96,6,False,-0.0843871284798362,0.4168221965547305,2.5523527982073673,-0.341143160286024,False,True,False
2026-08-07,AMAT,539.1400146484375,96,6,False,-0.025254684927996984,0.41446645807386906,2.4902570750816975,-0.27110734908121326,False,True,False
2026-08-07,AMBQ,67.48999786376953,96,6,False,-0.13059723847172666,0.5192426014594476,2.0510847786255555,-0.26329006206617755,False,True,False
2026-08-07,AMD,483.3599853515625,96,7,False,-0.05976384985745942,0.5186219707521997,2.2392439444940844,-0.17336206198273607,False,False,False
2026-08-07,ANAB,56.61000061035156,96,7,False,-0.012253901380477106,0.31487925669933836,3.9640476332043564,-0.21766168970632738,False,True,False
2026-08-07,ARMG,22.351200103759766,96,6,False,-0.3421865802843834,0.35775080783673774,3.822265156425213,-0.661088686307278,True,True,False
2026-08-07,ASMG,47.741600036621094,96,6,False,-0.0672384795644988,0.2755216664131621,2.952119233290055,-0.27466423187517464,False,True,False
2026-08-07,ASX,37.38999938964844,96,7,False,-0.036930966924556,0.45048974828742416,2.9275207554382474,-0.17860283361944962,False,True,False
2026-08-07,BB,8.979999542236328,96,6,False,-0.0680974264905182,0.5962457206949234,1.8782050870579359,-0.3392200558197711,False,True,False
2026-08-07,HUT,88.58999633789062,96,6,False,-0.1975943550290471,0.24407989785072726,3.742505079796196,-0.3708096987375411,False,False,False
2026-08-07,IBRX,7.639999866485596,96,7,False,0.0015993992784475441,0.26590666197393076,2.9179485536734617,-0.38535803065874874,True,True,False
2026-08-07,MNPR,119.20999908447266,96,6,False,0.32309425979780637,0.6590678691492466,3.085332345364228,-0.044944725397112695,True,False,False
2026-08-07,NBIS,187.97000122070312,96,6,False,-0.15910560715386535,0.31109990419070477,2.0312853783037412,-0.37314076434599,False,False,False
2026-08-07,NEO,16.56999969482422,96,6,False,0.24723378707248123,0.5078851981268844,1.9483985822494057,-0.0018072702383186146,False,False,False
2026-08-07,SIMO,256.1199951171875,96,6,False,-0.10194024433353854,0.5154670652967388,2.589628599783126,-0.278535225022007,False,False,False
2026-08-07,CORT,110.7699966430664,96,6,False,0.24935706559183268,0.7684590420613813,2.864968500796015,-0.09360938161450127,False,False,False
2026-08-07,VICR,221.1999969482422,96,5,False,-0.20108526455947173,0.15972025476228469,3.8711736994389847,-0.421926040829673,False,True,False
2026-08-07,CIEN,412.3900146484375,96,6,False,-0.07503185908770027,0.15467137328603497,3.8855585446865035,-0.3531238594982232,False,True,False
2026-08-07,DOCN,124.1500015258789,96,6,False,-0.14022829823612892,0.38607839022546253,3.3122611176757877,-0.33786665852864584,False,False,False
2026-08-07,AIP,29.780000686645508,95,6,False,-0.16853265573884058,0.30288602304371137,2.536817151639878,-0.40748106483945745,True,True,False
2026-08-07,ALAB,334.1700134277344,95,6,False,-0.06608759862883484,0.5770272000955952,2.4137298550547523,-0.33095883564502104,False,False,False
2026-08-07,ARM,282.57000732421875,95,6,False,-0.1230149863496941,0.46822658888270063,1.825135141051888,-0.37581179654355235,False,True,False
2026-08-07,BNAI,14.069999694824219,95,4,False,-0.0926034803887783,-0.26064693662970695,10.923729084956525,-0.8369262877388872,True,True,False
2026-08-07,HYLN,3.869999885559082,95,6,False,-0.24866042646107211,0.3256829283417735,1.6326529321348828,-0.5441696124981887,True,True,False
2026-08-07,MKSI,304.989990234375,95,6,False,-0.11672016363414783,0.22514748131516482,2.192275353901608,-0.31864082578677433,False,False,False
2026-08-07,OUST,43.400001525878906,95,7,False,0.01787141739330944,0.5004620329866984,1.6463416180108608,-0.31964256305074357,False,True,False
2026-08-07,SILC,42.09000015258789,95,7,False,-0.013740609942423432,0.5660841847631701,2.1551723891414385,-0.20509915871337725,False,False,False
2026-08-07,TER,379.30999755859375,95,7,False,-0.008289054845467492,0.2834379075363027,2.626984040135663,-0.222582044410641,False,False,False
2026-08-07,UMC,18.719999313354492,95,6,False,-0.1594827926178395,0.43047627318410875,1.8536584568052041,-0.35359116349587505,False,False,False
2026-08-07,ENLT,84.81999969482422,95,7,False,-0.052946562015768195,0.24496325087235182,2.657610941847746,-0.21932813158202047,False,True,False
2026-08-07,VELO,14.15999984741211,95,5,False,-0.13900037031395385,0.08717975337880457,4.039145955784468,-0.5540157528374139,True,True,False
2026-08-07,XNCR,20.809999465942383,95,6,False,0.33241130222528725,0.49172415380404866,2.0072253231949855,-0.052367926524341635,False,False,False
2026-08-07,TE,5.849999904632568,95,5,False,-0.2339121690696535,-0.08891988012939367,3.8749997268120557,-0.5316252992926318,False,False,False
2026-08-07,SNOW,330.489990234375,95,6,False,0.260447124028081,0.5558096661201593,1.793660031350813,-0.0027459374739566833,False,True,False
2026-08-07,LWLG,8.109999656677246,95,6,False,-0.01804096730131588,0.14869261853790694,3.0753766923675503,-0.5665419533126702,False,True,False
2026-08-07,FORM,117.38999938964844,95,6,False,-0.039015691539015296,0.22654643762316673,3.3477777551721646,-0.2675485352200776,False,True,False
2026-08-07,VIAV,39.13999938964844,95,6,False,-0.1177253037893804,0.20189648586397402,2.9061873853830096,-0.3523084694358982,False,True,False
2026-08-07,COHU,52.880001068115234,95,6,False,-0.0602018090459675,0.4136070641950125,1.8323514114635229,-0.29115278619664553,False,True,False
2026-08-07,ATAI,7.25,94,6,False,0.32446701883473494,0.632450870112554,1.2205206024680302,0.0,False,True,False
2026-08-07,AVR,8.90999984741211,94,7,False,-0.021395321161375325,0.38459922660470625,1.8062992066856327,-0.1940298867978697,False,True,False
2026-08-07,BTSG,62.43000030517578,94,7,False,-0.05790354124558528,0.31608558329563596,2.109838004112462,-0.15349152128575216,False,True,False
2026-08-07,IMOS,52.540000915527344,94,6,False,-0.14433031551101738,0.2316535678583116,2.4887117829751406,-0.3294192477504484,False,True,False
2026-08-07,LPTH,13.0600004196167,94,6,False,-0.02103350627613143,0.1439182643798853,2.8869050081456136,-0.3104540627582134,False,True,False
2026-08-07,LRCX,311.3500061035156,94,6,False,-0.07839623713197208,0.26976478359103817,2.3083625978562465,-0.2899657785552665,False,False,False
2026-08-07,MOV,37.84000015258789,94,7,False,-0.0025095356772741884,0.4029207811632134,1.5076209257756994,-0.06567900857807674,False,True,False
2026-08-07,NWPX,119.72000122070312,94,7,False,-0.08946125534028926,0.35187018466152553,1.8689193034744824,-0.21252382962587812,False,False,False
2026-08-07,OSS,13.239999771118164,94,6,False,-0.13298584627487242,0.2655354049518932,2.1750598390600295,-0.36590036861706166,False,True,False
2026-08-07,STM,56.099998474121094,94,6,False,-0.16524815459018605,0.3167190095033203,1.6575081407914185,-0.31098010641422014,False,True,False
2026-08-07,STRO,25.3799991607666,94,6,False,-0.0689245593402108,0.2021968815393096,2.549650184929452,-0.4212086649046274,False,True,False
2026-08-07,TH,16.510000228881836,94,7,False,-0.056161516713030823,0.4044609540922477,1.7654942728820142,-0.20815348072823214,False,True,False
2026-08-07,MRNA,59.16999816894531,94,6,False,-0.002116548226681725,0.2978260418114649,1.6557448988056556,-0.3087616913120179,True,True,False
2026-08-07,NKTR,76.4800033569336,94,7,False,0.15188014433696062,0.20610184588343272,2.5407408336226,-0.2983485930556551,False,True,False
2026-08-07,SMTC,139.4199981689453,94,7,False,-0.02907889801185104,0.38202640016135536,2.0295522986120456,-0.21387091417652015,False,True,False
2026-08-07,VSH,35.40999984741211,94,6,False,-0.263779447241014,0.30081479594603855,2.0084960467486757,-0.4902835867971831,False,True,False
2026-08-07,ASYS,15.529999732971191,93,5,False,-0.17653797424237083,0.06836723317984172,2.3908296925045778,-0.3959548702453899,False,True,False
2026-08-07,AUGO,74.12999725341797,93,6,False,0.21743723822148997,0.16537222447829159,2.0012143709989116,-0.3280517958721144,False,True,False
2026-08-07,GCT,53.25,93,7,False,0.4585284875783058,0.3810318836821034,1.4550483489563266,-0.05366981398961401,False,False,False
2026-08-07,KEEL,3.880000114440918,93,6,False,-0.2268759993380337,0.13510867946655147,2.316239535691008,-0.47354136028638694,False,True,False
2026-08-07,MGNI,24.719999313354492,93,5,False,0.3363317577618026,0.6215258460987041,1.284658041642957,-0.07242027515204219,False,True,False
2026-08-07,OMER,13.25,93,7,False,0.2670695819978304,0.19410786854079087,2.5810810349299325,-0.2492917684774808,False,True,False
2026-08-07,VIVO,4.039999961853027,93,5,False,-0.14959901053142555,0.23283490152199238,2.3666665010982157,-0.4212034454422121,False,True,False
2026-08-07,CGAU,21.239999771118164,93,7,False,0.28110787401548176,0.30274378410473246,2.165424687088941,-0.010712601285146173,False,False,False
2026-08-07,DHC,8.819999694824219,93,7,False,-0.016327654399743596,0.2866801911704471,1.6808510021551881,-0.08695653890853061,False,False,False
2026-08-07,KLIC,91.30999755859375,93,6,False,-0.15307375781823218,0.2296110918729053,1.7838414537346412,-0.3276141715269879,False,False,False
2026-08-07,WATT,18.489999771118164,93,6,False,-0.11738031451049102,0.25879504045627844,4.107734904876253,-0.5,False,True,False
2026-08-07,TTMI,137.2100067138672,93,6,False,-0.1516348000455171,0.20071063122533617,2.5002552051883775,-0.38699010145461943,False,False,False
2026-08-07,OSCR,27.899999618530273,93,7,False,-0.025279855146948305,0.45729192332748214,1.6099158759302674,-0.1570996705530482,False,False,False
2026-08-07,AGX,597.3300170898438,92,6,False,-0.08065819697283894,0.20708809354291313,2.0321320664459073,-0.25866581807031497,False,True,False
2026-08-07,ALM,14.180000305175781,92,4,False,-0.10216794779557226,0.014957761999952801,2.6518157819472616,-0.4190905205319323,False,False,False
2026-08-07,FLEX,121.3499984741211,92,6,False,-0.11807928040817284,0.35357918615338146,1.5371104710126087,-0.2727436292086838,False,True,False
2026-08-07,GPCR,53.13999938964844,92,5,False,0.12425158890612531,0.01205118413258277,2.3526812688140084,-0.44004216506616867,False,True,False
2026-08-07,LSCC,130.02999877929688,92,7,False,-0.05424749633197712,0.2656188628482883,1.2215957883342865,-0.1718361675782646,False,False,False
2026-08-07,MSTZ,10.300000190734863,92,3,False,-0.07995460145291533,-0.07667619623363509,1.9428571973528181,-0.6412399679836474,True,True,False
2026-08-07,QLYS,183.47999572753906,92,6,False,0.35934670533587076,0.5293510804820178,1.4624881286685936,-0.08960999384848345,False,False,False
2026-08-07,QMCO,12.039999961853027,92,6,False,0.01899183359184886,0.44682844980309966,1.8735083048757906,-0.3484848344105519,True,True,False
2026-08-07,SATL,5.519999980926514,92,7,False,0.02114434287962852,0.2504530583898892,3.3984063760157364,-0.5400000015894573,False,True,False
2026-08-07,TGB,8.319999694824219,92,7,False,0.1606818585371974,0.25787109867817315,1.764119508699308,-0.10054057353251689,False,False,False
2026-08-07,VECO,52.78499984741211,92,6,False,-0.13080349762696974,0.2560432998926454,1.5292284487206098,-0.3906845028171868,False,True,False
2026-08-07,DYN,26.25,92,6,False,0.19883815723901943,0.3567854774803245,1.4350649953833492,-0.03100775739595729,False,True,False
2026-08-07,NUVB,6.599999904632568,92,5,False,0.152878685528808,0.1440556585188939,2.02752279932276,-0.32307693285819816,False,True,False
2026-08-07,FTXL,236.49000549316406,92,7,False,-0.05891855023657888,0.30710341171382893,1.485078410458918,-0.20470131442343575,False,True,False
2026-08-07,QUIK,14.520000457763672,92,6,False,-0.1537770854836642,0.27169862160825975,2.0249999751647323,-0.4032058979327806,True,True,False
2026-08-07,PSI,148.4199981689453,92,7,False,-0.04871903167393543,0.3151907400151248,1.5319003901962929,-0.21570495740496742,False,False,False
2026-08-07,PL,23.93000030517578,92,4,False,-0.1707499513288151,-0.08191763993303569,2.922950931032383,-0.5376738585553543,False,True,False
2026-08-07,CCCC,3.7300000190734863,92,6,False,-0.04900310512754136,0.2905234807341315,1.2071005282734801,-0.27852998761514647,False,True,False
2026-08-07,ZBIO,32.43000030517578,92,5,False,0.27523536344412625,0.25241853467048014,1.4022222448278359,-0.27286992343748373,True,True,False
2026-08-07,KORU,17.360000610351562,92,5,False,-0.45924880489036224,-0.19286651321331427,3.6151804216728864,-0.7286864039266252,True,False,False
2026-08-07,ADEA,28.229999542236328,91,7,False,-0.03156090257261035,0.24712706956595842,1.4315245802785568,-0.17792663317420243,False,True,False
2026-08-07,AIS,68.93000030517578,91,7,False,-0.07001907639927263,0.30885591765373865,1.4322512326762067,-0.22371753221925295,False,True,False
2026-08-07,ASML,1740.989990234375,91,7,False,-0.01112814083882574,0.23557593042964697,1.4638278031541483,-0.12948757763216945,False,True,False
2026-08-07,GLW,165.67999267578125,91,6,False,-0.07508723801130546,0.20903545658492462,1.614486278496984,-0.3903893096624662,False,False,False
2026-08-07,GTX,29.850000381469727,91,7,False,-0.0785444286983783,0.3122667431922084,1.4339530764861737,-0.17655171361462818,False,True,False
2026-08-07,HIBL,108.16999816894531,91,7,False,-0.03708398918163325,0.30410788799766464,1.3768403023158173,-0.21680078626736665,False,True,False
2026-08-07,INBX,88.66000366210938,91,6,False,-0.027374125507124702,0.043038006077619206,3.314355569523185,-0.4290681467237426,False,True,False
2026-08-07,LION,12.970000267028809,91,7,False,-0.07564460870552714,0.2361446289536726,1.2955752297532204,-0.2233533129045263,True,True,False
2026-08-07,PDFS,49.45000076293945,91,6,False,-0.10748447804211159,0.2587806227301268,1.729028613280767,-0.3102245908924891,False,True,False
2026-08-07,SOXQ,97.19999694824219,91,7,False,-0.027914489484571203,0.31871795202252184,1.2526070338594817,-0.15723763194334606,False,True,False
2026-08-07,SOXX,543.27001953125,91,7,False,-0.04095400844800923,0.3284355240423058,1.2913117062260362,-0.17178137141373684,False,False,False
2026-08-07,VPG,68.58999633789062,91,5,False,-0.40985770224871465,0.04999206382633137,1.6249521064231955,-0.5480959488105724,False,False,False
2026-08-07,ERO,34.310001373291016,91,7,False,0.24707409057890217,0.25088188184386406,1.5661930940140993,-0.13791799900872892,False,True,False
2026-08-07,DDOG,233.92999267578125,91,7,False,-0.060809534799375564,0.37690820909429923,1.3867971388331037,-0.20084042190405627,False,False,False
2026-08-07,TENB,36.380001068115234,91,6,False,0.10701334841079313,0.43647983698488657,1.3127782661679026,-0.16693376245694813,False,False,False
2026-08-07,FIVN,33.9900016784668,91,6,False,0.4145938043052906,0.6852658996503296,1.5575622103860085,-0.0032257126268722125,False,False,False
2026-08-07,CRVS,13.920000076293945,91,5,False,0.04141728983023052,0.060733069167401066,2.436188513933685,-0.48348795242202125,True,True,False
2026-08-07,CALY,17.59000015258789,90,7,False,-0.009404731496398089,0.22423555730552147,1.1987500190734863,-0.13264301987075366,False,False,False
2026-08-07,KLAC,198.11000061035156,90,6,False,-0.10532595358611063,0.20351681706546665,1.3804431766678253,-0.35546733982664647,False,False,False
2026-08-07,MRAM,16.639999389648438,90,5,False,-0.19008243475679243,0.12459213463388141,1.8395902748331459,-0.6768932157349818,True,True,False
2026-08-07,MTSI,310.82000732421875,90,6,False,-0.04688424138171765,0.23841479425139012,1.6305009960311136,-0.2580090430819476,False,False,False
2026-08-07,QNST,21.079999923706055,90,6,False,0.4350483983970377,0.5556047496330974,1.0485908650975309,-0.00916567324656381,False,False,False
2026-08-07,U,43.0,90,5,False,0.42348283292590905,0.3674974460764222,1.5625743885828252,-0.1754554411918533,False,False,False
2026-08-07,VOYG,41.849998474121094,90,7,False,0.2187308427453869,0.4039289393876566,1.4037908581798089,-0.201335930239381,False,True,False
2026-08-07,CYRX,15.119999885559082,90,7,False,-0.024352479267995775,0.3532078146083115,1.013315502629525,-0.1047957115483471,False,True,False
2026-08-07,PEB,18.18000030517578,90,7,False,-0.007370986573444371,0.3144005899233482,0.954838702399988,-0.08780732429519977,False,True,False
2026-08-07,LASR,56.154998779296875,90,5,False,-0.17661654934635562,0.004555404640013805,1.8318204233659925,-0.35416905405156396,False,False,False
2026-08-07,DAVE,317.92999267578125,90,6,False,-0.10068596860128665,0.2799899864744828,1.0887588111959268,-0.30620841751057015,False,True,False
2026-08-07,MRX,60.810001373291016,90,7,False,-0.025060459212781883,0.30543779565566953,1.1787890256448526,-0.14568697509728334,False,True,False
2026-08-07,TENX,13.4399995803833,90,5,False,-0.020079647054197736,0.08231075082983708,1.325259358568248,-0.3072165028526169,True,False,False
2026-08-07,SMST,51.59870147705078,90,3,False,-0.09285483794614946,-0.12675188604362375,1.608629913339068,-0.6652890676439112,True,True,False
2026-08-07,ZBRA,376.489990234375,90,5,False,0.42238731307512367,0.5186651147707435,0.8914342349267812,-0.018611721079060395,False,False,False
2026-08-07,AMPL,11.260000228881836,89,5,False,0.35229267090606764,0.3140581716647062,1.043557125435341,-0.22291232527652938,False,True,False
2026-08-07,AVAH,9.489999771118164,89,6,False,0.10724784439732793,0.17437411364155775,0.8180076920596471,-0.08042635157463462,True,True,False
2026-08-07,BHE,82.36000061035156,89,7,False,-0.03815160050319488,0.29940205882677695,1.2935115834116861,-0.17976299565228626,False,True,False
2026-08-07,FIGS,14.260000228881836,89,7,False,0.30109490913005654,0.2009129153670819,1.3511953989027794,-0.18421049185808713,False,False,False
2026-08-07,FIX,1694.550048828125,89,7,False,-0.061974994091425595,0.19276245876696851,1.583312994795226,-0.18295167440194382,False,True,False
2026-08-07,GLUE,15.880000114440918,89,5,False,-0.22383244561642324,-0.13195226838710172,2.8543690668782653,-0.3837795951743266,False,False,False
2026-08-07,GRPN,25.030000686645508,89,5,False,0.09272682353753403,0.4470592379806906,1.7295529420280418,-0.41898793818986424,True,True,False
2026-08-07,HAE,87.83999633789062,89,6,False,0.1455966332268963,0.28179866901568507,0.8562974831865524,-0.008465967163374,False,False,False
2026-08-07,KRYS,326.45001220703125,89,7,False,-0.03788708130291707,0.18602008639929535,1.4673117544459346,-0.14661401157583376,False,True,False
2026-08-07,LNTH,100.94999694824219,89,7,False,-0.027363913274525142,0.2670830725192639,1.0324139454339294,-0.0975326622794579,False,False,False
2026-08-07,ONDS,9.109999656677246,89,4,False,0.04149990040770524,-0.022102036175125406,1.952998231451962,-0.4037958235680015,False,True,False
2026-08-07,RDW,13.59000015258789,89,7,False,0.06794286327003407,0.346951532605003,1.790554511692302,-0.48986484744933645,False,True,False
2026-08-07,SKE,32.540000915527344,89,7,False,0.17639405799395935,0.18818970730561224,1.2395045776696203,-0.16069124242140098,False,True,False
2026-08-07,SMH,582.7000122070312,89,7,False,-0.02057414284414205,0.27726170959420915,1.0725592205474972,-0.13266749418088764,False,False,False
2026-08-07,TGTX,49.7599983215332,89,7,False,-0.021833817911951492,0.3438732594734464,0.9683543105210268,-0.1608769146419341,False,False,False
2026-08-07,UNHG,21.399999618530273,89,5,False,-0.04859037571649327,0.2106273633132898,1.3400763857111335,-0.22435666907660412,False,True,False
2026-08-07,BLFS,34.65999984741211,89,6,False,0.2156370257562319,0.4126901536684042,0.9406494212168928,-0.002916984728216998,False,True,False
2026-08-07,UTZ,14.109999656677246,89,5,False,0.5213265691595859,0.5284622974542867,1.0811208289145604,-0.005637767869750232,False,True,False
2026-08-07,CEVA,38.66999816894531,89,6,False,-0.07632560324234194,0.35800468433145505,1.2720327337773951,-0.25058140867311374,False,False,False
2026-08-07,PRCH,15.850000381469727,89,5,False,0.23230269083278876,0.5613456506462726,1.4921383724423518,-0.1845029990985334,False,False,False
2026-08-07,PLXS,270.3500061035156,89,7,False,-0.008757815565120342,0.2824980223258804,1.1310894277376784,-0.11955315491094887,False,False,False
2026-08-07,ARCB,137.75999450683594,88,7,False,-0.07798574524447488,0.2887870493567608,1.3180210970794555,-0.22032943232020297,False,False,False
2026-08-07,BXC,89.87999725341797,88,5,False,0.5549957285419647,0.4866887322977387,1.007146040722363,-0.010894744835927672,False,False,False
2026-08-07,FLKR,55.040000915527344,88,7,False,-0.08375087930102387,0.21114675079130696,1.2809781529134021,-0.24072282332020445,False,False,False
2026-08-07,GEVX,19.499900817871094,88,6,False,-0.10082399257565566,0.16172031457414815,1.7045632059223572,-0.36791246104541875,False,True,False
2026-08-07,IMNM,25.030000686645508,88,7,False,0.16252069896887789,0.18127612207640387,1.888632521273871,-0.09475583971179924,False,True,False
2026-08-07,LINC,40.9900016784668,88,6,False,-0.12529659011298533,0.16234066116544077,1.3707345001731945,-0.27245293632495693,False,False,False
2026-08-07,MPTI,88.04000091552734,88,7,False,-0.00827264513964332,0.2832556698184625,1.1930501908488886,-0.16032425181906673,False,False,False
2026-08-07,PBI,17.420000076293945,88,7,False,-0.005469341109681225,0.3513618427388083,0.9463687650876342,-0.08652331646224931,False,True,False
2026-08-07,WULF,17.079999923706055,88,5,False,-0.24380611777271022,-0.031531919313510626,2.6573875042118913,-0.42761394650245055,False,False,False
2026-08-07,XSD,544.6699829101562,88,7,False,-0.030657979533894153,0.2955163435401822,1.0571439570593903,-0.1724101698920315,False,True,False
2026-08-07,CTOS,10.420000076293945,88,7,False,-0.010953538916081196,0.33018447244231575,1.0115830929739515,-0.14799669122566572,False,False,False
2026-08-07,EWY,166.08999633789062,88,7,False,-0.0984286616591642,0.193961371141816,1.3416043369983037,-0.24808729776439986,False,False,False
2026-08-07,TSMU,68.20890045166016,88,6,False,-0.06896026205369743,0.17799883896922108,1.6261464433708452,-0.2688508973922912,False,True,False
2026-08-07,SVM,11.449999809265137,88,6,False,0.09569375765241506,0.11816950381054392,1.668997648270237,-0.27393788986047696,False,True,False
2026-08-07,ODC,92.79000091552734,88,7,False,-0.028315908032967685,0.32068114693804906,1.034422268665085,-0.13280372976142674,False,False,False
2026-08-07,M,25.399999618530273,88,6,False,0.06366939433006524,0.1969444766868158,1.1362488549291365,-0.04475368662011081,False,True,False
2026-08-07,KOPN,4.269999980926514,88,6,False,-0.02613693930774219,0.29625693880933035,1.5416667346679995,-0.3540090930896487,False,True,False
2026-08-07,LLYX,26.360000610351562,88,6,False,0.021325426840535844,0.17504285011541354,1.745833287802009,-0.1198664461147596,False,True,False
2026-08-07,SSL,11.069999694824219,88,7,False,-0.02959432925232508,0.14483682710970847,1.3207546622828303,-0.22964510904771473,True,True,False
2026-08-07,ACLS,140.27000427246094,87,6,False,-0.07680052870113907,0.24826084232324197,0.9058424888661112,-0.27613786171905397,False,True,False
2026-08-07,ARW,203.50999450683594,87,7,False,-0.05660554860557987,0.27206387369118357,0.9993122377091159,-0.14250203119407467,False,False,False
2026-08-07,ATOM,5.480000019073486,87,5,False,-0.23568300462831993,0.09283623875550484,1.8964059910608153,-0.5568135769906342,False,True,False
2026-08-07,FLTW,99.0199966430664,87,7,False,-0.003341684338131312,0.28446615327473035,0.8711262295767359,-0.10242932453786047,False,True,False
2026-08-07,HIMX,14.609999656677246,87,6,False,-0.07698725214969493,0.30187792963447047,1.1328466949023879,-0.4176963105689616,False,True,False
2026-08-07,NVTS,13.890000343322754,87,5,False,-0.20322151333539562,0.0887265351495885,1.5533088597833178,-0.5935030410406521,True,True,False
2026-08-07,PGC,45.79999923706055,87,7,False,-0.00015720078303127494,0.2688632381625524,0.8572586991263478,-0.0679690719184558,True,False,False
2026-08-07,RHLD,129.4499969482422,87,3,False,-0.005104767426789669,-0.1698490897117515,2.219348418195566,-0.45192431682049705,True,True,False
2026-08-07,RLJ,11.130000114440918,87,7,False,-0.02804945764037592,0.2760395873681625,0.7018348898105149,-0.13653996757211473,False,True,False
2026-08-07,SEZL,118.0199966430664,87,6,False,-0.2384627531735034,0.27674416770405896,1.3842423564255841,-0.39696493488135987,False,False,False
2026-08-07,SMHX,59.880001068115234,87,7,False,-0.003006946044639025,0.29292910566511754,0.7938885306182015,-0.12404914374667553,False,True,False
2026-08-07,CURE,125.18000030517578,87,6,False,0.13529799587491076,0.1959937382459931,0.8966666712905422,-0.051666664354728886,False,True,False
2026-08-07,CSTM,29.440000534057617,87,7,False,-0.06073327250267513,0.15756488958689419,1.2542113007774054,-0.20410924038439027,True,True,False
2026-08-07,SNX,252.4199981689453,87,7,False,-0.03410517296499116,0.29770379572879024,0.7759796629646776,-0.14858165369306753,True,True,False
2026-08-07,WTI,3.430000066757202,87,6,False,-0.024847882046576175,0.21085892406729867,1.2866667111714682,-0.324803126324678,False,False,False
2026-08-07,TSMX,78.33000183105469,87,6,False,-0.06574424010972968,0.18163629050151875,1.5440077785627153,-0.2632618316789942,False,True,False
2026-08-07,WPP,27.549999237060547,87,5,False,0.4690825754338426,0.4429371656163499,0.8602294703900875,-0.008104434014972517,False,False,False
2026-08-07,CIFR,17.18000030517578,87,5,False,-0.2508383224890909,-0.0782767154943056,2.775824084614174,-0.42999334263171085,False,False,False
2026-08-07,ALOY,12.270000457763672,86,7,False,0.013438215048972468,0.134110709249321,1.1755320475582511,-0.5438661475180324,False,False,False
2026-08-07,ANNX,5.409999847412109,86,6,False,0.008556859296255714,0.04377686167394024,1.6650245929355045,-0.24651810908692917,False,True,False
2026-08-07,IAG,18.31999969482422,86,6,False,0.1607866827454345,0.07302671457110721,1.5766525106616025,-0.26336955864015477,False,False,False
2026-08-07,IART,17.25,86,7,False,-0.03267050142792949,0.2879670287961107,0.9827586641587589,-0.1581259056764427,False,False,False
2026-08-07,NSP,52.52000045776367,86,6,False,0.21001558219686056,0.4572434272108008,1.8282176263256433,-0.08213912377965693,False,True,False
2026-08-07,OMDA,23.670000076293945,86,5,False,0.16768948709044107,0.3968495694217955,1.302529250110466,-0.12056476793063553,False,False,False
2026-08-07,POWL,211.55999755859375,86,5,False,-0.17667671882086167,0.09530950317794762,1.7969328300595726,-0.3550000074433117,False,False,False
2026-08-07,RDVT,65.48500061035156,86,6,False,0.06221463087112489,0.2899292701607803,0.9606286712176535,-0.08013768275609001,False,False,False
2026-08-07,RIGL,40.16999816894531,86,6,False,0.0960256672778601,0.1396730284040093,0.6100199174588214,-0.23104906435132655,True,True,False
2026-08-07,VRNS,43.52000045776367,86,4,False,0.08517313282512995,0.33745244870967306,1.2091369935190812,-0.3189358463451918,False,False,False
2026-08-07,EMEQ,62.415000915527344,86,7,False,-0.06790082825736421,0.2038031237304765,1.0414405092684582,-0.20702577002265365,False,True,False
2026-08-07,IGPT,91.43000030517578,86,7,False,-0.04400723816858543,0.25597733091396613,0.8720311224309276,-0.16364800072804464,False,False,False
2026-08-07,TKR,130.3300018310547,86,7,False,-0.049644798010703095,0.22492387814870018,0.8468187954464936,-0.1095852553201958,False,False,False
2026-08-07,NUTX,162.07000732421875,86,6,False,0.04236280306950069,0.20666362240688252,1.09908054974724,-0.20553917978324143,False,False,False
2026-08-07,CHYM,29.100000381469727,86,6,False,0.4202881700216716,0.35998468362675773,0.8324937135867421,-0.14386587394889605,False,False,False
2026-08-07,CENX,51.22999954223633,86,5,False,0.01592400511167469,0.0708500047560221,1.4500239079904498,-0.2726111128744163,False,True,False
2026-08-07,ZIM,26.899999618530273,86,7,False,0.07377513073151332,0.14979129329202512,1.1816707043778214,-0.10243576126664244,False,False,False
2026-08-07,RBRK,90.06999969482422,86,5,False,0.16730559481855112,0.35135945763513643,1.131834312303532,-0.0970426095756971,False,True,False
2026-08-07,ABX,9.520000457763672,85,7,False,-0.06040264009128371,0.10316382393591272,0.9040000915527344,-0.23472662549154666,False,True,False
2026-08-07,AMDW,85.16000366210938,85,6,False,-0.1441320913897267,0.25371428961464093,1.2234988344257012,-0.26522862346042075,False,False,False
2026-08-07,AVTR,13.59000015258789,85,5,False,0.26869435774672934,0.3313935663093155,0.8706125811894858,-0.14689266213181462,False,False,False
2026-08-07,BTCZ,5.320000171661377,85,6,False,-0.055867081887676306,0.12861313581979394,1.3130436008503872,-0.27520435135335997,False,True,False
2026-08-07,BUG,41.68000030517578,85,6,False,0.11023505296838065,0.32731668644599066,0.8008208892125901,-0.024116103989132,False,True,False
2026-08-07,EXPE,310.67999267578125,85,6,False,0.19627300649073698,0.2423887536073852,0.7109813280255584,-0.06226798175374704,False,False,False
2026-08-07,HP,37.099998474121094,85,7,False,0.05525433102072497,0.10953929971299137,1.3920050242833395,-0.1128646880714178,True,True,False
2026-08-07,NBR,81.58999633789062,85,5,False,-0.056173834389869115,0.09227796876175876,1.6234725188783048,-0.27732510863439985,True,False,False
2026-08-07,OILU,40.525001525878906,85,6,False,0.030067063461981736,0.12127882819995461,1.0487866592057,-0.3401663766270242,False,True,False
2026-08-07,OSPN,16.780000686645508,85,5,False,0.13112416602322297,0.3201995813105478,0.6663357691331508,-0.09199128234313247,False,False,False
2026-08-07,PGNY,28.100000381469727,85,5,False,-0.030171660020301916,0.1905619512294714,0.7453415972468787,-0.15015873133073931,False,True,False
2026-08-07,THC,262.1300048828125,85,6,False,0.31307658336833266,0.29878046585234563,0.6634725335505987,-0.012023226116936181,False,True,False
2026-08-07,W,106.5999984741211,85,6,False,0.23162952994156916,0.2126693085245217,0.9172662122236901,-0.11151862400776702,False,False,False
2026-08-07,CSTL,32.029998779296875,85,5,False,0.3501664605704218,0.10165071590659203,0.8073580046649429,-0.2766486074459309,False,False,False
2026-08-07,BRUN,18.200000762939453,85,5,False,-0.36654888309500455,0.06082587449468524,0.7756098305306784,-0.5666666485014415,False,False,False
2026-08-07,PAYC,214.94000244140625,85,5,False,0.4858576103807679,0.48487681446785436,1.0489990401799982,-0.13661375747639304,False,False,False
2026-08-07,VCYT,47.220001220703125,85,7,False,-0.11651287668685817,0.12003959663414987,0.8503134942671169,-0.22475781745204904,False,False,False
2026-08-07,SLDB,8.390000343322754,85,6,False,-0.008836553916516832,0.22373228762052966,1.2137204294906296,-0.267248866106206,True,True,False
2026-08-07,SSRM,31.780000686645508,85,7,False,0.127182214543488,0.18920661058714194,1.1737346741046304,-0.12979188695794508,False,False,False
2026-08-07,ORIC,13.5,85,5,False,0.3391395721441528,0.27737787473018094,0.8672199120865292,-0.09578032658713631,False,False,False
2026-08-07,ALGT,95.61000061035156,84,7,False,-0.04643267284967589,0.09351616730893686,0.9989545672204982,-0.22664399632421528,True,True,False
2026-08-07,AMKR,55.27000045776367,84,5,False,-0.20639706485019182,0.017686616103302466,1.4619153042080781,-0.42832022876188613,False,False,False
2026-08-07,AVBP,30.84000015258789,84,7,False,-0.02441184447467315,0.20513590051529929,0.9155279144019863,-0.13926880891593618,False,True,False
2026-08-07,BLTE,163.0500030517578,84,7,False,0.09010682479571996,0.07344615445231817,1.7175000508626304,-0.18474998474121096,False,True,False
2026-08-07,BRKR,53.40999984741211,84,7,False,-0.08523217867882493,0.15587921803027238,0.8720644431113729,-0.18208273581429235,False,False,False
2026-08-07,BULZ,36.63999938964844,84,6,False,-0.04249204218269642,0.22311457900241938,1.4491978139183792,-0.3467641417369842,False,True,False
2026-08-07,HL,16.850000381469727,84,5,False,0.08201482037128294,-0.08155115066131824,1.4279539254381972,-0.506877340228145,False,True,False
2026-08-07,JBHT,268.5199890136719,84,7,False,-0.04164008090491711,0.1814727605698272,1.0636335620197328,-0.10421677253206296,False,True,False
2026-08-07,RYAM,9.020000457763672,84,7,False,0.08645906814881288,0.09618346517036169,1.2493765443696354,-0.23881855127459972,False,False,False
2026-08-07,SBIT,54.79999923706055,84,6,False,-0.0670847887179089,0.11611914810472701,1.3220338284438533,-0.283800566239378,False,True,False
2026-08-07,STOK,32.709999084472656,84,7,False,0.07503908140854065,0.035787852317628044,1.5435458754066742,-0.18672307081792727,False,False,False
2026-08-07,CYTK,76.76000213623047,84,7,False,-0.02438525685159898,0.12240767812450382,1.3338401812311789,-0.13078921686867728,True,False,False
2026-08-07,ECHO,90.04000091552734,84,4,False,-0.11940975102065654,-0.15114381127379173,2.4015868247529903,-0.38852291398623195,True,True,False
2026-08-07,FIVE,244.3699951171875,84,7,False,0.22017955134409828,0.22618607975895744,0.8597412973222798,-0.028851923954800518,False,True,False
2026-08-07,ROG,134.49000549316406,84,7,False,-0.05538319956553572,0.18374761530741845,0.9401328056151992,-0.20420115092802327,False,True,False
2026-08-07,LAR,6.940000057220459,84,4,False,-0.11030203167717179,-0.030787163793499994,1.60902249371664,-0.42406639440914173,False,False,False
2026-08-07,S,21.399999618530273,84,6,False,0.22234026056325806,0.3728200643902124,0.8120236120385187,-0.004882564349404261,False,True,False
2026-08-07,TECX,30.979999542236328,84,7,False,-0.003788066088527886,0.20361392862107008,1.1528838640098895,-0.21629141161366428,False,True,False
2026-08-07,ANF,112.62000274658203,83,7,False,0.231444174171048,0.22675131146825311,0.7207029487815233,-0.15393282074837644,False,True,False
2026-08-07,APPN,34.63999938964844,83,5,False,0.3995280861033117,0.2343094319599237,0.8593666639877102,-0.24792112697520063,False,False,False
2026-08-07,ARIS,17.399999618530273,83,5,False,0.1323996257467568,0.05283855819346028,1.6161478813188093,-0.25289828533541325,False,False,False
2026-08-07,AXSM,212.74000549316406,83,7,False,-0.1000632609266846,0.13570242435865,1.0880814143527986,-0.1823667185633996,False,True,False
2026-08-07,AZTA,32.040000915527344,83,5,False,0.2541001291423488,0.14302841886801487,1.0112994539690812,-0.2322070149294253,False,True,False
2026-08-07,BELFA,233.5500030517578,83,7,False,-0.033995248291067814,0.1709948443220426,1.1723560451223576,-0.204286071067037,False,True,False
2026-08-07,BTE,4.179999828338623,83,7,False,-0.029531990187468105,0.08730990421188523,1.1658030787251374,-0.22014930518333542,False,True,False
2026-08-07,CBZ,54.5,83,5,False,0.39783014710328257,0.3832680366329717,1.243721611601956,-0.18947052749140758,False,False,False
2026-08-07,ESTA,77.41999816894531,83,7,False,-0.0978750995299692,0.08079958743798898,1.321439331669584,-0.20668100139188184,False,True,False
2026-08-07,HPQ,30.049999237060547,83,5,False,0.19605794899272633,0.33610778027718746,0.7112756350216591,-0.00033267561741534557,False,True,False
2026-08-07,MAX,13.399999618530273,83,6,False,0.1338059980335069,0.23065051070119935,0.8899858011482831,-0.08843538827228403,True,False,False
2026-08-07,POET,8.90999984741211,83,6,False,-0.09620223647946058,0.1243114840880224,1.302325610049707,-0.5718404576610296,True,True,False
2026-08-07,TCAI,47.25,83,7,False,-0.07672899764243846,0.18701906308199123,0.9325152771209755,-0.1940985990243146,False,True,False
2026-08-07,MDB,398.79998779296875,83,6,False,0.167988870774743,0.19104786948401653,1.00937161959048,-0.10325601120185612,False,True,False
2026-08-07,CHAT,89.11000061035156,83,7,False,-0.022232652788917506,0.22613620738231122,0.7565543349977986,-0.15294673768675882,False,False,False
2026-08-07,ECG,136.88999938964844,83,7,False,-0.04163621881778523,0.16326647132749428,0.9665277717192233,-0.20216577571019356,False,False,False
2026-08-07,COPX,88.02999877929688,83,7,False,0.09045727243738622,0.13198859294277043,0.9693511695033818,-0.1196119545953731,False,True,False
2026-08-07,BWIN,29.540000915527344,82,5,False,0.21066569705022586,0.27038467928414245,0.8602015555821265,-0.1509054286243735,True,True,False
2026-08-07,CAT,842.1900024414062,82,7,False,-0.08145863365734829,0.1286397253637972,1.0771223306620983,-0.21544348826398285,False,False,False
2026-08-07,FFIV,400.2300109863281,82,7,False,-0.006830543857293536,0.27719870487486986,0.7886575831771436,-0.07993100922683194,False,False,False
2026-08-07,HRTG,32.7400016784668,82,6,False,0.2625620517923066,0.23448649935720778,0.7441799498242629,-0.10301365264474527,False,False,False
2026-08-07,NTCT,38.439998626708984,82,7,False,-0.06901498565454822,0.16770046668436978,0.8852378507781684,-0.15106007811367927,False,True,False
2026-08-07,RKLB,82.83000183105469,82,5,False,-0.08522441777424117,0.06219954239384862,1.2046846554131236,-0.4514569415161941,False,True,False
2026-08-07,TNDM,22.3799991607666,82,7,False,0.31331856258931956,0.16910792060546553,1.2424849887068903,-0.24519394776720882,False,False,False
2026-08-07,TNET,68.5,82,5,False,0.24816419354048636,0.34986407779864503,1.0380838665888823,-0.06267106891489505,False,False,False
2026-08-07,TYRA,26.510000228881836,82,4,False,-0.12183939089175955,-0.09283394351158036,1.6616465991313327,-0.3478474973240815,False,True,False
2026-08-07,UCO,37.0,82,6,False,-0.05772815902404116,0.15495428698103342,1.041942510283314,-0.3010955617718325,False,False,False
2026-08-07,VIRT,55.849998474121094,82,7,False,-0.042313149497581914,0.24413986868236393,0.7702060166301459,-0.17891794721495125,False,True,False
2026-08-07,DBX,34.810001373291016,82,6,False,0.19820463028860957,0.2816890365484306,0.6045172557248593,-0.025475918709786605,False,False,False
2026-08-07,DRUG,79.33000183105469,82,6,False,0.11265396016389606,0.04372997788969979,1.3205405697943071,-0.35894948015309347,False,True,False
2026-08-07,INTA,37.72999954223633,82,5,False,0.4012894790889867,0.2262142558239537,0.9847448231438343,-0.2128103629875836,False,False,False
2026-08-07,FNGU,33.529998779296875,82,5,False,0.19185566596654446,0.32631603149266164,1.4864664169786708,-0.08836324382450489,False,True,False
2026-08-07,WRLD,187.1300048828125,82,7,False,-0.0027306979416992228,0.2242753966023403,0.7011818625710227,-0.17810079540327628,True,False,False
2026-08-07,SGML,11.380000114440918,82,4,False,-0.07954120886046245,-0.11445373073535037,1.4658723031060235,-0.5351307055865526,False,True,False
2026-08-07,QTUM,153.4600067138672,82,7,False,-0.0024065131183566013,0.20938924639338352,0.6990700535029033,-0.09729407815372237,False,True,False
2026-08-07,EFXT,19.959999084472656,82,5,False,-0.15886357168327148,-0.007890691954440143,1.2995389841830702,-0.3152658886559866,False,False,False
2026-08-07,XHR,19.40999984741211,82,7,False,-0.02527946779933088,0.19945124536528258,0.6519148806308179,-0.12012691217973559,False,True,False
2026-08-07,ADI,389.92999267578125,81,7,False,-0.012859459494480197,0.16518992099391294,0.7631924188896846,-0.1255410520656255,False,True,False
2026-08-07,ADUR,16.100000381469727,81,7,False,0.07908849465856349,0.24696732129344956,0.7888889312744141,-0.11489830078205487,False,True,False
2026-08-07,GOLD,43.5099983215332,81,5,False,0.05353636420875829,0.06094905861125066,1.0138856395934686,-0.34767615723736756,False,True,False
2026-08-07,IDYA,37.02000045776367,81,6,False,0.08323531666741624,0.12431212266971481,0.6758714441849698,-0.08772797468349669,True,True,False
2026-08-07,IOT,40.880001068115234,81,5,False,0.16554904463975606,0.21754362012686368,0.7485031024601128,-0.13882452039444626,False,True,False
2026-08-07,KSS,19.299999237060547,81,6,False,0.10212654810318034,0.13024123000280152,0.7788017104609719,-0.2347343472431892,False,True,False
2026-08-07,NRGV,3.490000009536743,81,3,False,-0.116813439901716,-0.14056343427543128,1.9576272581953105,-0.47479307455917674,False,True,False
2026-08-07,OUT,31.209999084472656,81,7,False,-0.027071204206316812,0.14010170049988502,0.8756009753154232,-0.10726544903330815,False,False,False
2026-08-07,TXN,286.0799865722656,81,7,False,-0.030072274883063743,0.24864470942043915,0.8731093732407009,-0.14355001760998476,False,True,False
2026-08-07,UNH,407.0799865722656,81,7,False,-0.01384610591284563,0.17676659985127996,0.6997076683601906,-0.11814914674802224,False,True,False
2026-08-07,VIR,8.819999694824219,81,6,False,-0.050602283197396236,0.08344154693570482,1.122743501673865,-0.24356776927559032,False,True,False
2026-08-07,VOR,23.670000076293945,81,6,False,0.35093487412337754,0.5425069214513158,2.6415384732759914,-0.5284860614231601,False,True,False
2026-08-07,VRT,272.3999938964844,81,5,False,-0.09413845679438038,0.09535100526045559,1.2948610016836088,-0.2830352674881583,False,False,False
2026-08-07,TRFK,94.70999908447266,81,7,False,-0.036398724002944416,0.2333490937148106,0.6101666027857278,-0.18056759314719584,False,True,False
2026-08-07,SVV,12.220000267028809,81,5,False,0.24346218187493207,0.3081481225884408,0.7697320631027147,-0.1202303840904333,False,False,False
2026-08-07,SNDR,35.630001068115234,81,7,False,-0.025544224403753923,0.20924979378189357,0.7717553449389156,-0.09269160548045807,False,True,False
2026-08-07,ENS,191.72000122070312,81,6,False,-0.09122623747711844,0.06484579287728165,1.117985067726893,-0.21522718450361622,False,True,False
2026-08-07,TECH,72.29000091552734,81,6,False,0.11585162231264823,0.20665439239143524,0.6733796212694447,-0.0011054556863129283,True,True,False
2026-08-07,YOU,51.290000915527344,81,6,False,-0.05606205775183826,0.13445468589538012,0.7424835008022399,-0.25741999215079225,False,False,False
2026-08-07,KNX,70.0199966430664,81,7,False,-0.07018624553494357,0.15121676436353892,0.8125807586596243,-0.15496022052504155,False,True,False
2026-08-07,APLE,16.18000030517578,80,7,False,-0.009391776338833924,0.2164773514843712,0.4912442153282266,-0.06365742695368293,False,False,False
2026-08-07,CART,50.16999816894531,80,6,False,0.12086430934195569,0.21960850503410345,0.5328444506760104,-0.06224302487952682,False,False,False
2026-08-07,GEV,990.3200073242188,80,7,False,-0.03033938501311295,0.1700595212342808,0.8679644965468556,-0.1719316555647873,False,True,False
2026-08-07,GOOX,78.04000091552734,80,6,False,-0.03426405660976106,0.05489782083177852,1.668034219334268,-0.2740465031113736,False,False,False
2026-08-07,INOD,62.33000183105469,80,5,False,-0.21659760448508503,0.010543204702219144,0.8209174018289374,-0.5019178349443829,True,False,False
2026-08-07,JBL,341.2200012207031,80,7,False,-0.011298124871756632,0.2124375630705233,0.7996834928075254,-0.20448556396795547,False,True,False
2026-08-07,KSTR,25.440000534057617,80,7,False,-0.033691625952557924,0.16991418748390408,0.7678943660249655,-0.21819299882323506,False,False,False
2026-08-07,NOK,9.359999656677246,80,5,False,-0.2416508933393089,0.010346298828195044,1.2941176058099337,-0.4636103583126403,False,True,False
2026-08-07,NPO,332.9800109863281,80,7,False,-0.008587964244843538,0.22443992751255792,0.6484158959719215,-0.1471236116640271,False,True,False
2026-08-07,TSM,420.0400085449219,80,7,False,-0.013708132227224556,0.1661373975877667,0.8776934031076773,-0.12308975251582077,False,False,False
2026-08-07,TRGP,256.8699951171875,80,7,False,-0.04459216367289798,0.13969706115293024,0.7820868336678715,-0.11740658474609778,False,False,False
2026-08-07,PAY,38.56999969482422,80,6,False,0.4224074242708524,0.3683588636951325,0.9179511946394685,-0.14875306718573267,False,False,False
2026-08-07,ST,46.66999816894531,80,7,False,-0.021072055603871487,0.1947687726457441,0.6573152848661774,-0.13397664320794167,False,False,False
2026-08-07,CMPR,95.3499984741211,80,7,False,-0.0069818601530650115,0.1812898861640886,0.7546926427378771,-0.10536689026084678,False,False,False
2026-08-07,USO,117.9800033569336,80,7,False,-0.026358767775837788,0.16294202562866622,0.7878467521773951,-0.23429386062510527,False,True,False
2026-08-07,TROX,6.510000228881836,80,4,False,-0.03455432172238182,-0.002826054386772081,1.2762239397437867,-0.38526910905747436,False,False,False
2026-08-07,ATRC,41.38999938964844,80,6,False,0.2871865791985677,0.2465083837140607,0.6320977284501199,-0.0414543979359997,False,False,False
2026-08-07,PSMT,177.0500030517578,80,7,False,-0.04504701232527342,0.16217056417920528,0.6788356209821518,-0.11404120148000485,False,True,False
2026-08-07,SYNA,106.19000244140625,80,6,False,-0.1437988701820938,0.14129353534021405,0.822065968867671,-0.28784117760888606,False,True,False
2026-08-07,BVN,34.150001525878906,79,6,False,0.08187398789479206,0.07048934011804286,0.9348443209044441,-0.2355047475775348,False,True,False
2026-08-07,GUSH,35.2400016784668,79,7,False,0.012178351931689813,0.11952631919929635,0.6938236559265964,-0.27579116750981725,False,True,False
2026-08-07,IQV,238.6999969482422,79,6,False,0.1897854761548865,0.20465478874103127,0.5449837990177488,-0.0503660233584039,False,False,False
2026-08-07,ISSC,20.170000076293945,79,5,False,0.10835138443565118,0.09376737751665831,1.4809347838097775,-0.34809309217394646,False,True,False
2026-08-07,KGS,59.900001525878906,79,7,False,-0.09429327007141342,0.12294149747370486,0.9524120250994146,-0.22888772797947843,False,False,False
2026-08-07,PCVX,58.06999969482422,79,7,False,0.08125318394561121,0.10854459084948931,0.9969050841532321,-0.1066153893103966,True,True,False
2026-08-07,SCHL,41.97999954223633,79,7,False,-0.042252243919172594,0.1523485361507424,0.8501541892528599,-0.1266902473736361,False,False,False
2026-08-07,VTRS,16.43000030517578,79,7,False,-0.006998738770359281,0.16328057208623692,0.8670454487574004,-0.10657961661357762,False,False,False
2026-08-07,CYD,47.31999969482422,79,7,False,-0.02879145630828972,0.08446421991962305,1.0161909279604884,-0.23031880209570088,False,True,False
2026-08-07,CVLG,34.650001525878906,79,6,False,-0.20085054870173957,0.13347535343959982,0.9250000847710504,-0.30533278300131783,False,False,False
2026-08-07,EGO,37.91999816894531,79,6,False,0.1996962203345194,0.104264410095948,0.760445522618816,-0.2587959679037515,False,False,False
2026-08-07,SA,31.1299991607666,79,7,False,0.12183411192082727,0.06459194290989134,0.9727502970562587,-0.22291567414868496,False,True,False
2026-08-07,SNEX,65.83999633789062,79,6,False,-0.16175137172702225,0.11491317896456121,0.8161087268669096,-0.3044581260221825,False,True,False
2026-08-07,FDX,318.57000732421875,79,7,False,-0.004063236890048505,0.1406703838508414,0.797024527058694,-0.07759790419510892,False,True,False
2026-08-07,SKY,94.66000366210938,79,7,False,0.1609226039221474,0.161371975072635,0.48626166907174073,-0.045477408390718566,False,True,False
2026-08-07,PENN,20.18000030517578,79,7,False,-0.024300607896849735,0.2335265071203514,0.732188924116173,-0.09749553871508165,False,True,False
2026-08-07,CVSA,140.97999572753906,79,7,False,0.13248951405033216,0.24588838999454143,0.6210186702168161,-0.09778573733809015,False,False,False
2026-08-07,SWBI,14.25,79,7,False,-0.05179527012975338,0.11578741438476792,0.8199233893804772,-0.18849655846300717,True,True,False
2026-08-07,PWR,671.8599853515625,79,7,False,-0.00683565508280759,0.1840569887403134,0.8508029180389389,-0.14819653204239303,False,False,False
2026-08-07,WTAI,41.15999984741211,79,7,False,-0.03830877260028931,0.19961982352449947,0.6834355240512364,-0.15811003556430836,False,True,False
2026-08-07,AG,18.399999618530273,78,5,False,0.06627104409817708,-0.02653487971415447,1.222222247817347,-0.42571788100002217,False,False,False
2026-08-07,INN,6.489999771118164,78,7,False,-0.009099825914540505,0.22817803537240344,0.6306532010090258,-0.09483965103766945,False,True,False
2026-08-07,SIBN,18.610000610351562,78,6,False,0.12596809165912481,0.1574211227009683,0.6210802571797225,-0.14984005805171263,False,False,False
2026-08-07,XTL,215.19000244140625,78,7,False,-0.02183872808119558,0.14272090698281503,0.73947137688093,-0.1309667769778995,False,True,False
2026-08-07,OBE,9.90999984741211,78,7,False,0.016535351689883848,0.15681156814774289,0.821691129259946,-0.32076766663677314,False,False,False
2026-08-07,KYTX,7.960000038146973,78,4,False,-0.012455950404496319,-0.03947677229781221,1.8428572048946315,-0.4177029997277808,True,True,False
2026-08-07,SVCO,7.650000095367432,78,5,False,-0.265933550881147,0.09303282369912447,1.4918567627742076,-0.46838082607015474,False,True,False
2026-08-07,TDW,82.83999633789062,78,7,False,0.13271833183704262,0.19613402256519286,0.7757769266510197,-0.11049072499730683,False,False,False
2026-08-07,R,262.19000244140625,78,7,False,-0.013406434651113242,0.20353151436115802,0.6629035674907948,-0.07760773107684693,False,True,False
2026-08-07,TEAM,149.07000732421875,78,5,False,0.590909896623504,0.3797151008413788,1.6614892303417257,-0.21413882963987363,False,False,False
2026-08-07,ACAD,29.209999084472656,77,6,False,0.20191908336259679,0.2269190974758517,0.48349407273749856,-0.009158767366221898,False,False,False
2026-08-07,ASTH,35.7599983215332,77,6,False,-0.13023178173548133,0.17310898336659686,0.9778760217053744,-0.30697675622087695,False,True,False
2026-08-07,B,43.68000030517578,77,7,False,0.13499356283714103,0.0534388767715992,0.9737913222615173,-0.20131648560978832,False,True,False
2026-08-07,BHVN,14.65999984741211,77,7,False,0.06349021186849635,0.2732436325879737,0.959893022731299,-0.21038458152210038,True,True,False
2026-08-07,BIO,352.4700012207031,77,6,False,0.1589802553373727,0.18889628938495906,0.4889114500993501,-0.0024339438605407437,False,True,False
2026-08-07,BKD,14.220000267028809,77,7,False,-0.0022032664667198665,0.0899349874354789,1.0314286095755443,-0.16793445640341242,True,True,False
2026-08-07,BKSY,29.15999984741211,77,5,False,0.020886865177048408,0.10520270993921943,1.34971798597507,-0.44856279768506746,False,True,False
2026-08-07,GGLL,108.4000015258789,77,6,False,-0.044157445556241126,0.043309634117589146,1.6057693630280627,-0.29150325800079147,False,False,False
2026-08-07,GPRE,14.649999618530273,77,5,False,-0.0821607362679766,0.05983163058076402,1.0692090079658745,-0.2544529311484015,False,False,False
2026-08-07,HST,23.290000915527344,77,7,False,-0.03794515242292462,0.1439461955408341,0.5352670269212765,-0.09412673104320923,False,False,False
2026-08-07,MNST,90.36000061035156,77,7,False,-0.039516308700962455,0.112953859406981,0.5110368187822938,-0.09946179082897166,False,True,False
2026-08-07,PSTL,23.110000610351562,77,7,False,-0.02085396283401142,0.17593783270790575,0.6217544287966008,-0.08366370977201587,False,True,False
2026-08-07,PTEN,9.869999885559082,77,7,False,-0.03556773167355465,0.10929411436439351,0.9352941313966887,-0.24541284838459376,False,False,False
2026-08-07,COCO,62.25,77,5,False,-0.14799439856339502,0.05536244914588906,0.9501879652635485,-0.27472913116638265,False,True,False
2026-08-07,TDAY,7.25,77,7,False,-0.12384589206187802,0.0991093420321425,1.1198829936449597,-0.2128121639553564,False,False,False
2026-08-07,SPIR,14.329999923706055,77,4,False,-0.09233712848851405,0.09678579235419349,1.171212141025603,-0.4473582817179642,False,True,False
2026-08-07,PATH,15.050000190734863,77,5,False,0.29622932259606416,0.18174074692831788,0.635869619864373,-0.24143144783334236,False,True,False
2026-08-07,UVSP,42.84000015258789,77,7,False,-0.003350084093999839,0.1777805286331393,0.5278173592663808,-0.05763306169488358,False,False,False
2026-08-07,MAC,24.399999618530273,77,7,False,-0.014889712736744998,0.1845378798432027,0.5221458872960472,-0.08545729612316377,False,False,False
2026-08-07,RGEN,163.89999389648438,77,6,False,0.18870270652600496,0.17191964754678213,0.6229329375526602,-0.06753149051289131,False,False,False
2026-08-07,SHC,18.860000610351562,77,6,False,0.1039440233182094,0.14072124094837712,0.6960432378100996,-0.049874042926585704,False,False,False
2026-08-07,AIA,135.24000549316406,76,7,False,-0.018833941536157472,0.1632713287427332,0.6200287500579196,-0.10336137471743223,False,False,False
2026-08-07,ASM,6.880000114440918,76,5,False,0.11749992899644912,0.03297876330310956,0.9217877824194665,-0.4261884699102624,False,True,False
2026-08-07,ATEN,26.84000015258789,76,6,False,-0.19639755869426312,0.11979373741043076,0.62469730077848,-0.302676046189847,False,False,False
2026-08-07,AVTX,18.31999969482422,76,6,False,0.06287927424389483,0.10281058129876741,1.2871409702046437,-0.24515865886752064,True,True,False
2026-08-07,EZPW,27.899999618530273,76,6,False,-0.12171905125614113,0.06870344376418513,0.8452380839749347,-0.2485860809067164,False,True,False
2026-08-07,GLBE,42.31999969482422,76,6,False,0.1828828539646461,0.20377658602427218,0.5764574698190226,-0.004469504450973827,False,True,False
2026-08-07,LIVN,76.22000122070312,76,7,False,-0.03932562499543113,0.1357426441129166,0.6172289304756262,-0.11124067954631078,False,False,False
2026-08-07,LTRX,5.96999979019165,76,4,False,-0.01296213906178878,0.010280458247574398,1.0874125906188623,-0.3177143096923828,False,True,False
2026-08-07,ON,81.16999816894531,76,5,False,-0.19902823554144045,0.07225818420849595,0.8215887717094663,-0.3983842330971191,True,False,False
2026-08-07,TFII,140.4600067138672,76,7,False,-0.05482112958501517,0.161984165999415,0.7420316445305717,-0.16238294073049275,False,False,False
2026-08-07,THRM,41.2599983215332,76,6,False,0.1073596284564029,0.20484737765883265,0.5281480859827112,-0.14663909775266593,False,False,False
2026-08-07,VCEL,45.09000015258789,76,6,False,0.05636277428529102,0.1974187374316969,0.557512917592395,-0.08576641460685641,True,True,False
2026-08-07,CMCO,20.219999313354492,76,7,False,0.32724189350694366,0.2218592698394104,0.6864053127057579,-0.1713114905953249,False,False,False
2026-08-07,KMTS,26.399999618530273,76,5,False,0.15413870822425202,0.12105003563116701,0.8723403478219229,-0.12000001271565752,False,True,False
2026-08-07,WCLD,39.0099983215332,76,5,False,0.1757053728728304,0.2371750769135832,0.6329007667717346,-0.00788406347144055,False,True,False
2026-08-07,GEN,29.170000076293945,76,5,False,0.12392885372110607,0.1995797149375731,0.640607365004402,-0.09466173273914669,False,True,False
2026-08-07,PRSU,45.66999816894531,76,7,False,-0.0971096780399271,0.13289777393999302,0.42585076208197914,-0.1919674840931107,False,True,False
2026-08-07,MX,3.9800000190734863,76,6,False,-0.18729069802100817,0.12354793067198155,0.825688026236542,-0.5963488683918758,True,True,False
2026-08-07,FDMT,10.75,76,6,False,0.010224402741030536,0.10008186301463828,1.0168855823407426,-0.2321428571428571,True,True,False
2026-08-07,CERS,2.3499999046325684,76,5,False,-0.16280730095141194,0.04446761574851821,1.043478220306857,-0.32276660367240184,False,False,False
2026-08-07,YPF,49.15999984741211,76,7,False,-0.023293154216243228,0.1819069164735425,1.1542506794407208,-0.14489479192648447,True,True,False
2026-08-07,AAPU,40.029998779296875,75,5,False,-0.003088138711642374,0.15105634526362444,0.6623753698557331,-0.18122316876582956,False,False,False
2026-08-07,AOSL,36.08000183105469,75,6,False,-0.083435754161305,0.23557630159938614,1.1211053113211173,-0.3360323568321445,False,True,False
2026-08-07,APEI,51.2400016784668,75,7,False,-0.02638856232847464,0.09144358051053136,0.8471522026404608,-0.16804673564668282,False,False,False
2026-08-07,INGM,28.399999618530273,75,7,False,-0.012675312610069489,0.15317069882213086,0.5699281027627561,-0.10381826633267299,False,True,False
2026-08-07,MIRM,100.6500015258789,75,7,False,-0.08256126671009734,0.07991767882681655,0.8385241298681987,-0.22576921903170077,False,True,False
2026-08-07,NEU,889.7100219726562,75,5,False,0.11432272119137576,0.24118067839844892,0.5339033791943186,-0.01249758493247155,False,False,False
2026-08-07,P,90.05000305175781,75,5,False,0.19115021155737666,0.2151586920317119,0.6562443410119114,-0.1047817245238587,False,True,False
2026-08-07,CMI,644.260009765625,75,7,False,-0.0348254331474831,0.10089577880091039,0.6980575196941372,-0.12673497988824778,False,False,False
2026-08-07,BBY,82.0,75,6,False,0.026254594127301356,0.15563760653459657,0.4882033080003274,-0.1015667468392597,False,True,False
2026-08-07,WBD,26.780000686645508,75,6,False,0.010017221715663327,0.004233705859694847,1.4888475945161246,-0.10733331044514971,False,True,False
2026-08-07,CLOU,27.280000686645508,75,6,False,0.1470619478254762,0.2432109070950388,0.5570776240794484,-0.010877419792981402,False,False,False
2026-08-07,SKM,34.2599983215332,75,6,False,-0.01716099656647263,0.1670188890310107,0.7426245466651378,-0.2738448897853275,False,True,False
2026-08-07,SKYY,156.1699981689453,75,6,False,0.1266164700714978,0.2286638787327233,0.5051078927687738,-0.002363582043287793,False,True,False
2026-08-07,HCC,91.97000122070312,75,7,False,0.05451077164656137,0.07023933896203016,0.6825832688884916,-0.16686292481918974,False,False,False
2026-08-07,AMBA,86.77999877929688,74,5,False,0.19681362288734428,0.231195272483522,0.796687373707258,-0.10249253709673656,False,False,False
2026-08-07,GBTG,9.460000038146973,74,6,False,0.007004327839067903,0.2439511940978749,0.9091826808892132,-0.008385736271063426,False,True,False
2026-08-07,GRND,16.579999923706055,74,6,False,0.14684927279730942,0.2559511823239693,0.7036579660710678,-0.11294206103250315,False,False,False
2026-08-07,HRI,167.89999389648438,74,6,False,0.13750918138449375,0.20723097473704666,0.8982475940019932,-0.10857452372893517,False,False,False
2026-08-07,MEDP,590.6699829101562,74,6,False,0.13654006484361703,0.13705092121589457,0.5835656378288372,-0.12867685257763906,False,True,False
2026-08-07,MGM,44.470001220703125,74,7,False,-0.04738032187115593,0.15422253409485065,0.5234669546791364,-0.13801122137673827,False,True,False
2026-08-07,RIOT,20.520000457763672,74,6,False,-0.14277834770831888,0.10711113507523873,0.8739726771868122,-0.323218975451819,False,False,False
2026-08-07,SLVP,36.15999984741211,74,5,False,0.13538598531471524,0.03728160870826547,0.8774662210640807,-0.27896313564910935,False,True,False
2026-08-07,VRTL,31.260000228881836,74,5,False,-0.26390157055528984,-0.10549549007578807,2.02126272678145,-0.5717808187824406,False,False,False
2026-08-07,LAD,375.6300048828125,74,6,False,0.1669289818885451,0.23205064916628348,0.5665610426020455,-0.14530475498999806,False,False,False
2026-08-07,DBO,19.59000015258789,74,7,False,-0.019224987473272503,0.14818571201356545,0.6476029930133131,-0.18306920239578262,False,True,False
2026-08-07,KOLD,31.219999313354492,74,4,False,0.23299787322084953,0.1869142644174333,1.3229166881018695,-0.36891048023081574,False,True,False
2026-08-07,HNI,49.70000076293945,74,5,False,0.28881353523196296,0.23696152389742187,0.7179398630717531,-0.05853381509752953,False,False,False
2026-08-07,SGMT,9.0600004196167,74,6,False,0.2502242944811732,0.3723426606521809,1.0133334265814886,-0.09958257082988808,False,False,False
2026-08-07,ODFL,216.36000061035156,74,7,False,-0.04496469530646485,0.13802677767436378,0.7170065625143229,-0.14153076356668792,False,False,False
2026-08-07,SAIL,18.65999984741211,74,5,False,0.1978661659542975,0.1520883049880526,0.8116504370744866,-0.22250000635782874,False,True,False
2026-08-07,AAL,15.9399995803833,73,6,False,0.01875164847797617,0.15237937056606543,0.5797818968610222,-0.15167648729537364,False,True,False
2026-08-07,BIOA,11.720000267028809,73,5,False,-0.4085438064215149,-0.29687627444744347,1.7576471216538372,-0.5484492274521519,False,False,False
2026-08-07,CACI,644.4299926757812,73,5,False,0.2960911391870287,0.16451083909477493,0.4824706109482775,-0.05716167860163679,False,False,False
2026-08-07,ESI,37.880001068115234,73,7,False,-0.07865931010484495,0.10911361967343969,0.6570428721232078,-0.23086292247481754,False,True,False
2026-08-07,EXTR,23.969999313354492,73,6,False,-0.20380792539907877,0.16676966498453982,0.7781899204262046,-0.2893566665087105,False,True,False
2026-08-07,FRDM,66.66999816894531,73,7,False,-0.036429829109957956,0.12447005333792216,0.646172794294946,-0.13302994998629392,False,True,False
2026-08-07,HPK,7.199999809265137,73,7,False,-0.008605876940473989,0.17433583719547463,0.8701298669128881,-0.20617419498108636,False,True,False
2026-08-07,HTLD,12.34000015258789,73,5,False,-0.16052136382802606,0.08183457382433734,0.762857164655413,-0.2584134251672827,False,False,False
2026-08-07,MPWR,1401.5400390625,73,7,False,-0.014194052385672618,0.14921283443406974,0.7854013236464967,-0.18234161157826712,True,False,False
2026-08-07,POWI,64.58999633789062,73,6,False,-0.12513820312796553,0.18128914646570116,1.093000488024125,-0.29162101204528934,False,True,False
2026-08-07,REAL,12.300000190734863,73,5,False,0.10019858618239397,0.01061351227756413,1.2693726969733334,-0.2927782859678385,False,False,False
2026-08-07,TBN,33.61000061035156,73,7,False,0.009345707070269382,0.08915625922053216,0.7191816839889051,-0.35625356828732,True,True,False
2026-08-07,CVS,95.69999694824219,73,7,False,-0.060567423989358105,0.12526407991659938,0.5299759890570941,-0.1353451690967612,False,False,False
2026-08-07,MYRG,337.4200134277344,73,5,False,-0.19423818179187746,0.0743270266984204,0.9673489839350773,-0.3299441815038644,False,False,False
2026-08-07,GS,1039.6099853515625,73,7,False,-0.014099320243523561,0.12573946720158768,0.4734745990196485,-0.0991169818202513,False,True,False
2026-08-07,CMP,27.350000381469727,73,7,False,-0.08880106967998247,0.11610104739895677,0.667682988880506,-0.20724636575450073,False,False,False
2026-08-07,ELF,98.48999786376953,73,4,False,0.3914475617313633,0.2892651915739908,1.0174108660269248,-0.34770518391544414,False,True,False
2026-08-07,PAYO,7.099999904632568,73,6,False,0.050964357185762754,0.24626995136954855,0.7401960875977924,-0.0737116842834099,True,True,False
2026-08-07,AKAM,110.54000091552734,72,5,False,-0.12173510593521597,0.040416625910962845,0.5841215656243837,-0.3318827261743158,False,True,False
2026-08-07,MANU,21.6299991607666,72,7,False,-0.03145210064468318,0.1766465405507116,0.4825222025052547,-0.10693642551673443,False,True,False
2026-08-07,NEM,112.9800033569336,72,7,False,0.14967328606238084,0.08142725224243486,0.6835047284965556,-0.16236655347770956,False,True,False
2026-08-07,PD,11.6899995803833,72,4,False,0.20072306258862826,0.17773877987485576,1.0508771879924703,-0.32388669974649587,False,True,False
2026-08-07,SPRX,48.81999969482422,72,7,False,-0.03687457299067809,0.12620665164961586,0.5473851307570645,-0.17394245422524535,False,False,False
2026-08-07,SQM,71.94999694824219,72,4,False,-0.028264776428914673,-0.017742789855404895,0.9383081632160202,-0.2658163576709981,True,True,False
2026-08-07,VAL,78.77999877929688,72,4,False,-0.02353773796284786,0.027536611814810596,0.8097863769471345,-0.3096740546507182,True,False,False
2026-08-07,XES,113.33000183105469,72,7,False,-0.009060355445668078,0.07943512351100135,0.764989930648672,-0.16268934820453607,False,True,False
2026-08-07,ARQT,25.290000915527344,72,4,False,-0.022306382797387503,-0.005767223819192369,0.8466594727333401,-0.20396598831816515,False,False,False
2026-08-07,TRLV,8.75,72,6,False,-0.05681122281154305,0.13501193919111287,0.8955805171947515,-0.341114444582724,True,True,False
2026-08-07,XPO,202.5800018310547,72,7,False,-0.033248823585890985,0.1094836090552378,0.7170706566109724,-0.1269984952946972,False,True,False
2026-08-07,MANH,195.22999572753906,72,5,False,0.2550238045470179,0.25584846751898116,0.6397614625471439,-0.11548570746733555,False,False,False
2026-08-07,WEX,185.22000122070312,72,7,False,0.19687038405254675,0.20494665138069368,0.47833027270533424,-0.03716792679715342,False,False,False
2026-08-07,XPRO,16.959999084472656,72,7,False,0.10181377507062406,0.09141917182412751,0.7288479468928835,-0.09450082760398915,False,True,False
2026-08-07,EDC,75.4000015258789,72,6,False,-0.07544784383863334,0.09567385907606751,0.8453255114924523,-0.27416246130678434,False,False,False
2026-08-07,XPEL,50.06999969482422,72,7,False,0.09474447138299147,0.09287052535982343,0.5895237998356895,-0.10445358913479241,False,False,False
2026-08-07,AGYS,108.58000183105469,71,4,False,0.08932725717682044,0.1326190945657546,0.7655284850577997,-0.25246126105986444,False,True,False
2026-08-07,ESE,305.7200012207031,71,7,False,-0.05204099874257362,0.13077582676255117,0.7477704346041982,-0.15581939424776292,False,True,False
2026-08-07,FAS,179.57000732421875,71,6,False,0.1435628031805376,0.19832371961617268,0.6796370888897578,-0.041014647133678195,False,True,False
2026-08-07,GTN,5.369999885559082,71,5,False,0.3383510726622565,0.16328185625089664,0.5342856815883092,-0.16614909350221263,False,False,False
2026-08-07,NTNX,62.66999816894531,71,5,False,0.17099472261602733,0.2771771695358889,0.8426933625946762,-0.23962630961864695,False,True,False
2026-08-07,NX,21.979999542236328,71,7,False,0.23140011972241536,0.2580019964519029,0.9909419944007916,-0.04351610182419885,False,True,False
2026-08-07,PTF,108.16590118408203,71,7,False,-0.07906855761936304,0.11373479923245289,0.6824684965583467,-0.2254500113744362,False,False,False
2026-08-07,RIVN,16.0,71,3,False,-0.03465585734508958,-0.008615747129866791,0.3816925825055939,-0.2948435600085574,True,True,False
2026-08-07,SILJ,29.139999389648438,71,5,False,0.10401367224400615,0.007973136566560957,0.8032178010394577,-0.2909975554379486,False,True,False
2026-08-07,SM,28.8799991607666,71,7,False,-0.03536549868236549,0.14801796761931763,0.6550142061943249,-0.19509480766345866,False,True,False
2026-08-07,STRL,547.0599975585938,71,5,False,-0.2643574453716707,0.0756271676970528,1.0765229539207182,-0.4560297494802016,False,False,False
2026-08-07,ENPH,41.869998931884766,71,5,False,-0.12254232452554881,0.043786922295471875,0.6241271457209137,-0.43219419385884417,False,True,False
2026-08-07,DVA,183.77000427246094,71,6,False,-0.15496077532362595,0.15896569297975893,0.8195049927966429,-0.2574649472964804,False,False,False
2026-08-07,BLBD,68.76000213623047,71,7,False,-0.08176139396448234,0.13280148210499632,0.490247140134485,-0.17544066867128494,False,False,False
2026-08-07,ASPN,6.25,71,4,False,0.13007630384321023,0.4433680162793745,1.7173913606849207,-0.3609406778479295,False,False,False
2026-08-07,SGDJ,91.62999725341797,71,7,False,0.1612701453704366,0.055138959613334704,0.7872049236454159,-0.2085511030381102,False,True,False
2026-08-07,NMAX,8.970000267028809,71,4,False,0.08753640960726461,0.17386869942562577,0.755381611088078,-0.4372647112194521,False,True,False
2026-08-07,SANM,202.72999572753906,71,6,False,-0.1073748223492137,0.13454829767232268,0.8707205923175372,-0.29773451270927975,False,True,False
2026-08-07,DC,6.0,71,6,False,0.2574398478361428,0.13208614996351953,0.6042780707755113,-0.1724137931034483,False,True,False
2026-08-07,SHLS,8.930000305175781,71,4,False,-0.1175976247358832,0.00951011813385727,1.0158015014020414,-0.32245826263987465,False,False,False
2026-08-07,ANDE,65.38999938964844,70,6,False,-0.09281858243634333,0.012557469942044097,0.7910162255768203,-0.20362929115111028,False,False,False
2026-08-07,BILL,47.9900016784668,70,5,False,0.2128120280590473,0.09538579204045328,0.5278574311238249,-0.16116059348982326,False,True,False
2026-08-07,BOX,33.2400016784668,70,5,False,0.17546384430600348,0.22056459240410264,0.5576383055665441,-0.018890182097743402,False,False,False
2026-08-07,C,135.0,70,7,False,-0.008359171856034076,0.127640557445029,0.48875164915823843,-0.0875912822775815,False,True,False
2026-08-07,CACC,585.5800170898438,70,7,False,-0.010909387262591053,0.1581541986274304,0.4570291763693557,-0.12451031618814157,False,True,False
2026-08-07,EVER,25.709999084472656,70,6,False,0.11536255538605489,0.21559704787520162,0.852305394271839,-0.10511662046231263,False,False,False
2026-08-07,HQY,104.62999725341797,70,6,False,0.12112737984762045,0.17774782077656015,0.43801531310453323,-0.016820155481356625,False,True,False
2026-08-07,HSTM,28.719999313354492,70,6,False,0.05869253260095064,0.20921730787622161,0.4728204776079228,-0.07682421247532278,False,True,False
2026-08-07,INDV,38.81999969482422,70,7,False,-0.008894932365897668,0.11536258850921355,0.7897648104650388,-0.0932025589925849,False,False,False
2026-08-07,MCRI,124.38999938964844,70,7,False,-0.005723150922600007,0.17654903239843955,0.41143768598976305,-0.08489659315775788,False,True,False
2026-08-07,MHK,136.05999755859375,70,5,False,0.19532060477638424,0.21536832344596157,0.46316808994793,-0.04939570378696845,False,False,False
2026-08-07,PAAS,51.220001220703125,70,5,False,0.10049247828015906,0.008326295718688703,0.7211021783190221,-0.2681811289607531,False,True,False
2026-08-07,RH,196.14999389648438,70,5,False,0.19073920919402054,0.19900005223064965,0.8452491840567333,-0.23677045176465228,False,True,False
2026-08-07,RHP,120.83999633789062,70,7,False,-0.037211288820519384,0.15847768406233032,0.44166066306192486,-0.12090797005831888,False,False,False
2026-08-07,SU,60.099998474121094,70,7,False,-0.01106426283234152,0.08188965723467123,0.5912098953064076,-0.14497086795677128,False,False,False
2026-08-07,UNFI,47.060001373291016,70,7,False,-0.0495348356172699,0.10510344633092572,0.8914792186769915,-0.17467553497917476,False,True,False
2026-08-07,AU,96.22000122070312,70,6,False,0.14675948264379768,0.05210444269800685,0.8486071590985296,-0.25491713121058057,False,True,False
2026-08-07,DJCO,564.6900024414062,70,7,False,-0.000463748867871705,0.08776526030383192,0.6197401099518658,-0.1631122601831697,True,False,False
2026-08-07,LNC,46.029998779296875,70,6,False,0.17243413760513393,0.17755555029171743,0.4303914960464894,-0.034403177105989835,False,False,False
2026-08-07,MMSI,89.04000091552734,70,5,False,0.2370446699726556,0.16920209773441353,0.49045862761704084,-0.060263842580186355,False,False,False
2026-08-07,EGY,5.550000190734863,70,7,False,0.04346848342448051,0.1211668598465061,0.6493314041621436,-0.1741070886883792,False,True,False
2026-08-07,VOD,16.190000534057617,70,7,False,0.09127923906295554,0.1352720073921787,0.47181823036887427,-0.025285975969934427,False,False,False
2026-08-07,PLOW,44.36000061035156,70,7,False,-0.042190253579121983,0.0907168736128443,0.5553997159307882,-0.19345453435724436,True,False,False
2026-08-07,AVGG,33.720001220703125,69,3,False,0.12327889613013188,0.1582868750633477,0.8869613674931238,-0.3179611214130059,False,True,False
2026-08-07,BFST,31.65999984741211,69,7,False,0.05087063703509975,0.1393550699211652,0.4033688207842163,-0.022537806606740207,False,True,False
2026-08-07,BOKF,143.8000030517578,69,7,False,0.05051687365509028,0.1298689477765429,0.4397277433529052,-0.016550390840802898,False,True,False
2026-08-07,BSAC,35.15999984741211,69,6,False,0.066482241998858,0.08687083650618699,0.511607889141553,-0.06786853898313039,False,True,False
2026-08-07,CBLL,18.809999465942383,69,5,False,0.016317243961266437,0.010084711334308327,0.7336404428212937,-0.22688041410083326,False,True,False
2026-08-07,CCS,71.30999755859375,69,7,False,0.10726372137087958,0.15168630812548733,0.5084081492743644,-0.061710558439555974,False,True,False
2026-08-07,FLR,57.0,69,7,False,0.12697666311507283,0.208154407212368,0.4492752948461143,-0.011274961121850446,False,False,False
2026-08-07,GABC,50.5,69,7,False,0.0712997674632938,0.181144260509849,0.35789195656845463,-0.03312271792836885,False,True,False
2026-08-07,GFS,53.93000030517578,69,4,False,-0.22073004763664805,0.0379797093306069,0.7115201495855255,-0.4172879683751509,False,False,False
2026-08-07,GSL,42.439998626708984,69,7,False,0.06056513412456299,0.1293901857484403,0.5557183855748513,-0.050346835290688174,False,False,False
2026-08-07,GTLB,38.970001220703125,69,3,False,0.23925553259812093,0.2209622410411991,1.0806194433067335,-0.25601373757082735,False,True,False
2026-08-07,IMO,124.94999694824219,69,7,False,0.0331261578479054,0.10924483509298955,0.5154639366048648,-0.10391570022564278,False,True,False
2026-08-07,IWX,112.63999938964844,69,7,False,0.05375615329407246,0.1536090162235435,0.3460802937243945,-0.0015069424042581936,False,True,False
2026-08-07,LGIH,60.040000915527344,69,7,False,0.05518455177559822,0.21749429955151767,0.7895678772238235,-0.13611509474061378,False,False,False
2026-08-07,OXY,55.90999984741211,69,7,False,0.026395113712877505,0.10531642933936003,0.4409794058451584,-0.1710896608295669,True,True,False
2026-08-07,PKG,256.0400085449219,69,7,False,0.09271430741956355,0.17103846945513967,0.33702354331551887,-0.010702789845066785,False,True,False
2026-08-07,RSI,24.8799991607666,69,5,False,-0.1620638883701081,0.09316984534314621,0.6041262923024648,-0.27946712886407965,False,False,False
2026-08-07,SBH,16.829999923706055,69,4,False,0.18178242959363344,0.15210054215530655,0.4584055441368986,-0.060825901113127356,False,False,False
2026-08-07,SLVR,57.939998626708984,69,4,False,0.11049775629724601,0.008120444143161487,0.8540799560546875,-0.32549478931902553,False,True,False
2026-08-07,SPT,10.34000015258789,69,3,False,0.3205113701008635,0.2687194548146101,1.1016260146842582,-0.4060884409413209,False,True,False
2026-08-07,UBSI,48.31999969482422,69,7,False,0.04748359978547945,0.15012703395167137,0.4170088521116755,-0.02619909844909718,False,True,False
2026-08-07,UMBF,145.60000610351562,69,7,False,0.040733019308414775,0.17228909939450365,0.4083963046217025,-0.029333292643229147,False,True,False
2026-08-07,UNP,293.1300048828125,69,7,False,0.047534108801486674,0.1613225428242775,0.39029600632815664,-0.07234401739943364,False,True,False
2026-08-07,VIST,65.95999908447266,69,6,False,-0.02625682366813531,0.09187128855691373,1.0853620244887168,-0.19007862098323258,False,True,False
2026-08-07,VRDN,23.59000015258789,69,2,False,0.28457853577610215,-0.015255393461363176,0.7898330505594986,-0.3120443417105373,False,True,False
2026-08-07,WGS,77.08000183105469,69,2,False,0.2362688299225908,-0.14152715452467346,1.393045762867231,-0.548896798538614,False,False,False
2026-08-07,ZYME,23.540000915527344,69,4,False,-0.019799674251809174,-0.023066223257200424,1.0451781448673514,-0.20873946502429097,False,True,False
2026-08-07,CPER,39.900001525878906,69,7,False,0.03338966262803034,0.11255490255666878,0.4631463460250702,-0.02611666250777467,False,True,False
2026-08-07,CVLT,135.27000427246094,69,3,False,0.009358628609187347,0.18769792148388964,0.8852962267938806,-0.31743864531390853,False,False,False
2026-08-07,ESTC,75.11000061035156,69,4,False,0.21480998592268952,0.17130057250896114,0.7862069434748944,-0.21817423910746492,False,True,False
2026-08-07,HWC,77.5999984741211,69,7,False,0.050468490418294376,0.1553730918257663,0.43570767011062195,-0.022177446102500387,False,True,False
2026-08-07,HEI,367.5799865722656,69,7,False,0.06377618205956703,0.15111703418709732,0.43524269882600675,-0.024624526720818607,False,True,False
2026-08-07,NATL,46.58000183105469,69,7,False,0.029260374474778805,0.11129273772001347,0.3983788625239735,-0.0395875911122745,False,False,False
2026-08-07,CVCO,592.22998046875,69,5,False,0.029151172126888447,0.059609938289601594,0.33583702206146815,-0.16939457741494657,False,False,False
2026-08-07,UTHR,538.8400268554688,69,6,False,-0.002058658446432493,0.042850011271478916,0.8431963932594086,-0.11571338566587774,False,False,False
2026-08-07,ACIW,53.66999816894531,69,5,False,0.05001816133358683,0.1708255263210705,0.41051246373405825,-0.12131636280243097,True,False,False
2026-08-07,REX,42.79999923706055,69,6,False,-0.04954366432983148,0.07822005979115998,0.6718749452847996,-0.19790107294793458,False,True,False
2026-08-07,MMM,182.89999389648438,69,5,False,0.11823719903125074,0.14463050744475336,0.31261661190921464,-0.010816658009841218,False,True,False
2026-08-07,MEC,24.18000030517578,69,4,False,-0.2400432401572964,0.07370034805090553,0.9738775759327167,-0.3761609558238157,False,False,False
2026-08-07,ALGM,43.77000045776367,68,5,False,-0.1393938107132927,0.14029884078567578,0.9531459507269118,-0.3901351190603375,False,True,False
2026-08-07,ASC,16.709999084472656,68,7,False,0.028522832273031096,0.1418457491234586,0.6430677442592463,-0.16575144724714752,False,False,False
2026-08-07,AVGX,57.81999969482422,68,3,False,0.12396550441783982,0.15366028287028177,0.8748378537207091,-0.31816040549510716,False,True,False
2026-08-07,BAI,44.56999969482422,68,6,False,-0.0524400235597291,0.1370724559612475,0.5118724690266117,-0.1816011670200013,False,True,False
2026-08-07,FN,562.3800048828125,68,6,False,0.033396589741928384,0.05487773306095867,1.0638556462169357,-0.2490486000847283,False,True,False
2026-08-07,IBKR,87.83000183105469,68,6,False,-0.03282213747902707,0.1479672953589295,0.4899067123722829,-0.1023098413890614,False,False,False
2026-08-07,IEO,119.27999877929688,68,7,False,0.023602575745334642,0.11254748772112055,0.38810657925847036,-0.08597702084829983,False,False,False
2026-08-07,IJT,176.97000122070312,68,7,False,0.032609144016297664,0.14602103464449567,0.3308016762407979,-0.015082321713848823,False,False,False
2026-08-07,IWD,257.55999755859375,68,7,False,0.0501559830896503,0.14713231136052762,0.3274919693172671,-0.0010471590882862314,False,True,False
2026-08-07,IWN,225.52000427246094,68,7,False,0.02900207161135504,0.13369504989325764,0.40897168382064986,-0.007874679096203874,False,False,False
2026-08-07,KBWB,97.61000061035156,68,7,False,0.038046459728313664,0.13988294705001203,0.3630777793380102,-0.018304331582401523,False,True,False
2026-08-07,RL,395.5299987792969,68,7,False,0.022488386335284938,0.09231396293247318,0.4486155376537879,-0.06183587985484462,False,False,False
2026-08-07,SDGR,18.15999984741211,68,4,False,0.1625971439939633,0.19863239152038492,0.6592051488132789,-0.21112078686829439,False,True,False
2026-08-07,SHOP,151.57000732421875,68,4,False,0.2710038650420181,0.1427482004817553,0.6124468864278589,-0.16806627535468166,False,False,False
2026-08-07,SIL,88.5,68,4,False,0.11286599009411313,0.021007369984935798,0.704217205467248,-0.2577993828789704,False,True,False
2026-08-07,SLYG,118.08000183105469,68,7,False,0.0322418395738675,0.1455497363295719,0.33167930832787107,-0.014686202942410076,False,True,False
2026-08-07,SOBO,35.619998931884766,68,6,False,-0.0289568491475255,0.11694527004821875,0.42394562466488916,-0.08525936856471861,False,True,False
2026-08-07,STRT,86.38999938964844,68,7,False,0.058052656333722474,0.10645834402901411,0.5153482184372935,-0.06605406065244934,False,True,False
2026-08-07,TMO,594.0,68,5,False,0.1477200665536158,0.11694477516230628,0.36467023914516283,-0.07762541497916997,False,True,False
2026-08-07,TMSL,44.40999984741211,68,7,False,0.03979358463565008,0.14104978335482343,0.35437629177931007,-0.0017600239951824914,False,False,False
2026-08-07,EMXC,94.72000122070312,68,6,False,-0.026087516309182823,0.12274015235550428,0.5104449466362107,-0.11575803965589948,False,True,False
2026-08-07,CHRD,131.35000610351562,68,7,False,0.021198362954353733,0.13618233136304259,0.5590505175491469,-0.13557085395495871,False,True,False
2026-08-07,DFUV,56.88999938964844,68,7,False,0.03557996370617822,0.13537766009222119,0.350664787091977,-0.0016671267822337965,False,False,False
2026-08-07,HBNC,20.420000076293945,68,7,False,0.03367283897180395,0.1438270116329483,0.37601077266383864,-0.02946771921363578,False,True,False
2026-08-07,RZLT,4.690000057220459,68,3,False,0.010079278008889636,0.016554244019584496,3.3831774087043502,-0.5906432619541209,False,True,False
2026-08-07,WAT,406.8599853515625,68,5,False,0.08945431996704345,0.14324390520074948,0.47922197203588923,-0.017602338892570346,False,False,False
2026-08-07,PRU,121.27999877929688,68,5,False,0.07829555617971229,0.14144645533177225,0.31983893334272095,-0.05042281850810337,False,False,False
2026-08-07,KODK,10.039999961853027,68,5,False,0.12319326657708407,0.14262302473948996,1.032388632704214,-0.3248150612560987,False,False,False
2026-08-07,OGC,28.110000610351562,68,4,False,0.10314029937997549,-0.04978566647839089,0.8665338530626021,-0.3512578023893579,False,False,False
2026-08-07,OIH,388.2799987792969,68,5,False,-0.008691691665054457,0.06548515857787462,0.6708119962093015,-0.15458979312991694,True,True,False
2026-08-07,PRI,321.3800048828125,68,7,False,0.0907866712687988,0.18996995684568185,0.3967578338819264,-0.018027358587418774,False,True,False
2026-08-07,ELV,394.20001220703125,68,6,False,-0.004978611087273044,0.11963654822399783,0.4342891044227726,-0.09636892299753919,False,True,False
2026-08-07,PAGP,24.739999771118164,68,6,False,-0.005571062477444322,0.12003475839491928,0.48321338839792327,-0.07617628316733538,False,False,False
2026-08-07,SVXY,59.36000061035156,68,7,False,0.049245249663157464,0.1306526816742397,0.371217356317038,-0.003776092600121017,False,False,False
2026-08-07,EBAY,111.9800033569336,68,7,False,0.008080517719801561,0.1538275612811726,0.4350891337786926,-0.06143654640559659,False,False,False
2026-08-07,WDS,22.420000076293945,68,7,False,0.05518793352764062,0.13254059333564805,0.5711281960118104,-0.10996428737738806,False,True,False
2026-08-07,VONV,112.97000122070312,68,7,False,0.05000271080911878,0.14647756668477596,0.3268734088626073,-0.0029126374418889656,False,True,False
2026-08-07,LAMR,160.92999267578125,68,7,False,0.030227559118696234,0.16644083558299205,0.4158893849255627,-0.03246563515798162,False,False,False
2026-08-07,SUN,70.56999969482422,68,7,False,0.018085180756132635,0.13348527389457665,0.4708211831619993,-0.0965305448292123,False,False,False
2026-08-07,SPMO,149.69000244140625,68,6,False,-0.006897102319211923,0.154432446598034,0.3958411546367462,-0.07769562768480176,False,False,False
2026-08-07,AAPL,313.3299865722656,67,7,False,0.01144206982372653,0.12138757860562976,0.44671707416773265,-0.09066378410166798,False,False,False
2026-08-07,ABBV,246.0399932861328,67,4,False,0.02026342159030836,0.09304957367552014,0.2898557970439466,-0.0801211643801778,True,True,False
2026-08-07,AVUV,126.87999725341797,67,7,False,0.025277995834861233,0.12726007110711257,0.3816834882225846,-0.016815232444973516,False,True,False
2026-08-07,BDX,176.86000061035156,67,6,False,0.14671255805437244,0.1360506553637959,0.38619704640580665,-0.055991487330766754,False,True,False
2026-08-07,BH,386.54998779296875,67,7,False,0.057900842138336905,0.1137682798550419,0.6454537323594607,-0.20068241746418236,True,False,False
2026-08-07,BLX,56.9900016784668,67,6,False,-0.029973930328656473,0.11536134927538044,0.48372824537531267,-0.09825947799852253,False,True,False
2026-08-07,BUD,83.76000213623047,67,7,False,0.025668677836933274,0.14578847396037986,0.4493857208734766,-0.03279441556502227,False,False,False
2026-08-07,CAMT,155.35000610351562,67,3,False,-0.024168662708358157,0.04580473982379374,1.0508251630827146,-0.2807537286329096,True,False,False
2026-08-07,ETN,448.67999267578125,67,7,False,0.09773156176998588,0.1932610364670122,0.4384456699176549,-0.01987855766477664,False,False,False
2026-08-07,EUFN,42.459999084472656,67,6,False,0.07296460332532262,0.1439440212858325,0.2980739918341453,-0.006551300491296264,False,True,False
2026-08-07,EWP,62.65999984741211,67,7,False,0.05827433556924344,0.12821722245027423,0.3533477511864904,-0.005712481874588948,False,True,False
2026-08-07,FFSM,38.06999969482422,67,7,False,0.03097528338126576,0.1323807071997849,0.38840261082777183,-0.009058242995167887,False,False,False
2026-08-07,FRSH,11.84000015258789,67,4,False,0.15742552191993409,0.17990867969520608,0.7437408275561597,-0.157894751121873,False,True,False
2026-08-07,GREK,81.79000091552734,67,7,False,0.06762636111324394,0.16411388340677968,0.3512308370226176,-0.018480749810249386,False,False,False
2026-08-07,HPP,14.359999656677246,67,2,False,-0.02071770603442724,0.2798288514706406,1.7300378387492725,-0.338248887013769,False,True,False
2026-08-07,HTO,62.65999984741211,67,7,False,0.03701546161958369,0.13928100957793177,0.4322285679408482,-0.06603065631673877,False,True,False
2026-08-07,IJR,148.92999267578125,67,7,False,0.03210876555423248,0.1367256983666787,0.35329385321086915,-0.011679671757317545,False,True,False
2026-08-07,IOSP,92.44000244140625,67,7,False,0.10352141620984967,0.17681209090725702,0.41108226876826914,-0.01837098610149035,False,False,False
2026-08-07,JMOM,84.2699966430664,67,7,False,0.02013834117180191,0.14144956203341685,0.31460307341919425,-0.01599722975649187,False,False,False
2026-08-07,LSTR,182.99000549316406,67,6,False,-0.1079454463948567,0.0986735075837617,0.5336071568989593,-0.19902827577892723,False,False,False
2026-08-07,MEOH,53.27000045776367,67,4,False,-0.010998391224183779,0.06579648517129022,0.6646875143051147,-0.20194755868518843,True,False,False
2026-08-07,MIDD,134.5,67,7,False,0.011753200010143905,0.1281471068584008,0.5086039761213648,-0.09458096777596503,False,True,False
2026-08-07,OLMA,12.050000190734863,67,3,False,0.06262898599015432,-0.31162523856378577,1.6957496099162506,-0.6676687011228418,True,True,False
2026-08-07,RDVY,83.31999969482422,67,7,False,0.049983867759376466,0.1414238024292347,0.316791745326898,-0.007977118537757732,False,True,False
2026-08-07,SMMD,92.55000305175781,67,7,False,0.0317265985894879,0.13589554436223805,0.3502867270286112,-0.001833457363106139,False,False,False
2026-08-07,VIOO,137.99000549316406,67,7,False,0.03229218616825902,0.13767016969937784,0.35204790117638907,-0.012240454491288633,False,False,False
2026-08-07,XCEM,49.560001373291016,67,6,False,-0.01676418265467683,0.12477377146564761,0.4619468773609767,-0.10589931263876706,False,True,False
2026-08-07,DBRG,15.9399995803833,67,7,False,0.010792752378068204,0.08640087649353445,0.7829977996150954,-0.0006269736051047747,False,False,False
2026-08-07,DY,407.989990234375,67,4,False,-0.08676077193207232,0.05395242670752021,0.7510300010059012,-0.2797676640688267,False,True,False
2026-08-07,DFLV,41.5099983215332,67,7,False,0.03873156499392327,0.13180739964432342,0.3398966731726669,-0.0018035533146725236,False,True,False
2026-08-07,VSEC,218.17999267578125,67,7,False,0.07471582149633815,0.12978285274321677,0.4309699673968108,-0.0930329444211162,False,True,False
2026-08-07,PVAL,54.2599983215332,67,7,False,0.04727600813542909,0.13119197019343143,0.3548064757844822,-0.003855386349617018,False,True,False
2026-08-07,LZB,42.13999938964844,67,7,False,0.073619605666841,0.15339872727769333,0.45160173589089303,-0.06146997867337922,False,True,False
2026-08-07,DOC,21.40999984741211,67,7,False,0.012522929212168687,0.16940537199772288,0.3636942743640861,-0.06710243417569717,False,True,False
2026-08-07,VTR,93.36000061035156,67,7,False,0.04436539940865214,0.11942043814951919,0.40644779260734865,-0.08110234239686898,False,False,False
2026-08-07,HCSG,22.229999542236328,67,6,False,-0.031786010911747375,0.08927068429244223,0.6238130185255943,-0.1366990469034436,False,False,False
2026-08-07,AVLV,93.79000091552734,67,7,False,0.025547386213441214,0.13145863957732407,0.36065574496283426,-0.007092930080871085,False,True,False
2026-08-07,SLG,56.36000061035156,67,4,False,0.10935273971067594,0.2415190862599097,0.6209375860898827,-0.1497963519087815,False,True,False
2026-08-07,EIG,49.4900016784668,67,7,False,0.018094922817389447,0.14023854601039099,0.3851106160794884,-0.058946538602901,True,True,False
2026-08-07,AME,253.66000366210938,66,7,False,0.0764671177457914,0.1483816957361106,0.415197477617705,-0.016631162403197397,False,False,False
2026-08-07,EWBC,131.6999969482422,66,7,False,0.015388858827857899,0.12530100478154038,0.4211718954406567,-0.03332360805835166,False,True,False
2026-08-07,EWS,33.25,66,6,False,0.08523943668551404,0.15010117461733885,0.2453183164755628,-0.0012015894991665999,False,False,False
2026-08-07,FWD,132.42999267578125,66,6,False,-0.029055799419019035,0.10895797611296465,0.48898121250925586,-0.11458930353471286,False,False,False
2026-08-07,FXN,21.440000534057617,66,7,False,0.011616625903432265,0.09695576967846198,0.41986754916696234,-0.08493383462221149,False,True,False
2026-08-07,GOOG,353.4700012207031,66,6,False,-0.003512663448522746,0.07667998682375732,0.810623906415679,-0.12609093343407518,False,True,False
2026-08-07,GOOGL,354.29998779296875,66,6,False,-0.006186751557879511,0.07653350758577293,0.8231872817095309,-0.13291402438896882,False,True,False
2026-08-07,IEZ,28.09000015258789,66,4,False,-0.0020959829682013487,0.06789639603697895,0.6274623279311313,-0.14542132444854294,True,True,False
2026-08-07,IJS,139.19000244140625,66,7,False,0.03196199930598698,0.12798941877509495,0.38153848577078153,-0.008547595651109186,False,True,False
2026-08-07,IWM,301.55999755859375,66,7,False,0.026157547843933315,0.12871065994759934,0.3800741620043364,-0.004949514987407699,False,True,False
2026-08-07,JIVE,97.36000061035156,66,7,False,0.042246970835413844,0.1207967627063895,0.36244055216489146,-0.0026634104580536277,False,False,False
2026-08-07,MCHB,16.639999389648438,66,7,False,0.058807020340110094,0.11922349626746986,0.33119995117187506,-0.03199541171156406,False,False,False
2026-08-07,MUSA,520.0700073242188,66,6,False,-0.0945112368107679,0.09439082617543937,0.48663644423399366,-0.18234412812613865,False,False,False
2026-08-07,RDNT,72.38500213623047,66,4,False,0.19216830426922704,0.09093940310998994,0.42602451792287765,-0.15674504631497743,False,True,False
2026-08-07,SLYV,111.0,66,7,False,0.031048490731127698,0.12487535184155929,0.37325247414944474,-0.008751592494687266,False,True,False
2026-08-07,SPSM,57.90999984741211,66,7,False,0.03175988818598241,0.1350239423591284,0.3498833983136016,-0.01177472089890419,False,True,False
2026-08-07,TMQ,3.799999952316284,66,2,False,0.07277960843261422,-0.09804062668700597,1.6573427214681518,-0.6634189579135668,False,True,False
2026-08-07,TNL,76.69999694824219,66,7,False,0.030332305033907492,0.08495689820873498,0.32721916824946784,-0.05308645742910878,False,True,False
2026-08-07,VTWO,121.8499984741211,66,7,False,0.026003298613424652,0.12833789066776324,0.3787056150808912,-0.005143736655334075,False,True,False
2026-08-07,CNXT,51.380001068115234,66,6,False,-0.06255825664152836,0.058213281784930127,0.6520900462344983,-0.17910207792209376,False,True,False
2026-08-07,CTO,21.75,66,7,False,0.018201223341117068,0.12761489928945835,0.44326479365955285,-0.04227208820668904,False,False,False
2026-08-07,DTCR,28.309999465942383,66,6,False,-0.04449141463678652,0.10012773138569675,0.5615003186103475,-0.1366270608264456,False,True,False
2026-08-07,PRGS,42.84000015258789,66,4,False,0.19410641018558406,0.1604692860813448,0.798488694435058,-0.09563012204857224,False,True,False
2026-08-07,SYBT,83.58000183105469,66,7,False,0.07788975033455525,0.19018294416462034,0.3588035134410872,-0.06321451818518575,False,False,False
2026-08-07,PSC,69.83000183105469,66,7,False,0.0287235550390903,0.13265459174787764,0.3321252245373678,-0.011326567371833907,False,True,False
2026-08-07,XOM,153.0399932861328,66,6,False,0.04477281492495622,0.09157873418048412,0.45020368669005006,-0.13247553931657308,False,True,False
2026-08-07,UFO,48.130001068115234,66,4,False,-0.026880558364533402,0.05612402737008848,0.6460328811512401,-0.2944056399270615,True,True,False
2026-08-07,VNO,39.5,66,4,False,0.029353507570751836,0.18639994834106588,0.6076516276197128,-0.0892321657181232,False,False,False
2026-08-07,CHCO,144.94000244140625,66,6,False,0.08248356495952103,0.15668383345435832,0.2802756259476511,-0.017888598434025127,False,True,False
2026-08-07,CLSE,33.529998779296875,66,6,False,-0.011914241633786515,0.12064136635464684,0.4011700105179157,-0.035385489114778346,False,False,False
2026-08-07,CURB,29.6200008392334,66,6,False,-0.024618313834062766,0.1112632972240497,0.36152617705684387,-0.07869364126185197,False,True,False
2026-08-07,TTE,85.83000183105469,66,7,False,0.029440357539630035,0.10156246282196957,0.4955567650090624,-0.08856319953334058,False,True,False
2026-08-07,REPX,34.220001220703125,66,7,False,0.0027075278889967525,0.09284909707368905,0.42109640071113685,-0.1760172832520731,False,True,False
2026-08-07,OPLN,36.97999954223633,66,6,False,-0.05608364694875534,0.16361209257311504,0.5205592107842998,-0.1379953793258354,False,True,False
2026-08-07,HCI,188.69000244140625,66,4,False,0.098112576905651,0.11085961186764659,0.38366216321455715,-0.10361043970828387,False,True,False
2026-08-07,SNDX,20.399999618530273,66,5,False,0.00019610641350586988,-0.003641121475072784,0.6859503285447324,-0.20281361872257586,False,True,False
2026-08-07,DFSV,40.290000915527344,66,7,False,0.036878836430253914,0.12668103200231706,0.3609188156901382,-0.01104567364751241,False,True,False
2026-08-07,CENTA,39.060001373291016,66,7,False,0.0401798457594178,0.1829732200809524,0.5040432193313644,-0.0426470072624171,False,True,False
2026-08-07,PWB,159.6999969482422,66,7,False,0.002833282883611954,0.13719464664577452,0.36262799579055316,-0.05508548524458523,False,True,False
2026-08-07,AIPO,30.139999389648438,65,6,False,-0.03236165363848198,0.11081419764332878,0.5722482665464483,-0.1336591377841423,False,True,False
2026-08-07,ALRM,57.529998779296875,65,5,False,0.1639716792533863,0.19008952479956887,0.38659909500931144,-0.033596506652299074,False,True,False
2026-08-07,BHRB,73.41999816894531,65,7,False,0.0606913972906733,0.12374681221460748,0.3020038830222631,-0.022239955392069022,False,True,False
2026-08-07,BKDV,34.875,65,7,False,0.04109760736923773,0.13074362876639278,0.32027252664222594,-0.0010025736913518157,False,False,False
2026-08-07,BTX,8.579999923706055,65,6,False,-0.009809584300562002,0.15994537324269675,0.3996736971494472,-0.09062008032696822,False,True,False
2026-08-07,CCK,120.69000244140625,65,7,False,0.10951970018119583,0.15802499980759155,0.35287527945298236,-0.01806200597638996,False,True,False
2026-08-07,EXK,9.539999961853027,65,3,False,0.1446534777336883,-0.0008954276780753778,0.8816567335000476,-0.37029701636530343,False,False,False
2026-08-07,FLS,79.94999694824219,65,6,False,0.0777430477334129,0.07385989902206802,0.6413467142463556,-0.13483395974559553,False,False,False
2026-08-07,FMX,122.45999908447266,65,6,False,-0.030603367277477478,0.0943738752038139,0.4740009194209962,-0.13437479304586653,False,False,False
2026-08-07,GRAL,69.4800033569336,65,3,False,0.03751050122619026,-0.06097031959379673,1.3198664970623009,-0.41534832128919563,False,False,False
2026-08-07,HAPN,19.3700008392334,65,5,False,0.019903164978127164,0.10150388486223383,0.48429123035458344,-0.10613748172417625,False,True,False
2026-08-07,IMCG,99.12999725341797,65,7,False,0.033726166398238,0.14977588286308552,0.31003039053991355,-0.0031175098589820704,False,False,False
2026-08-07,IWO,390.1600036621094,65,7,False,0.02399362211790579,0.12395366979199096,0.3539700121589502,-0.016461213388561213,False,False,False
2026-08-07,JMEE,78.95999908447266,65,7,False,0.034677950405128444,0.12934309896597562,0.325721915108641,-0.001425288567385219,False,True,False
2026-08-07,KURA,9.569999694824219,65,3,False,-0.049576958040449814,-0.00598283360133367,0.7559633082105761,-0.23378704001629724,False,True,False
2026-08-07,MTUM,309.32000732421875,65,6,False,-0.023835409545303277,0.13103780392278996,0.3482695919840211,-0.1049509227640083,False,False,False
2026-08-07,PHIN,74.91000366210938,65,6,False,-0.056689262965180065,0.07816600390709416,0.4900050002693621,-0.138321668306019,False,False,False
2026-08-07,PSO,16.459999084472656,65,7,False,0.02462582228140331,0.15684524836313574,0.3693842310830535,-0.0726761079170335,False,True,False
2026-08-07,REGN,784.3599853515625,65,6,False,0.19437692135886375,0.09763316226175411,0.44983361432821156,-0.04475648896690165,False,True,False
2026-08-07,RING,78.0199966430664,65,5,False,0.15351743051624878,0.03591508856831638,0.6254165967305501,-0.2229858201617818,False,False,False
2026-08-07,SCHA,34.83000183105469,65,7,False,0.010426336849127527,0.11992855066436325,0.3589544663103652,-0.03784527356384293,False,True,False
2026-08-07,SPG,222.91000366210938,65,7,False,0.011715234743298275,0.1255139268142409,0.3651173545674933,-0.06536686095551625,False,True,False
2026-08-07,UNM,90.55999755859375,65,7,False,0.02345952811161589,0.13917534849222157,0.3263034443118997,-0.028534688127837327,False,False,False
2026-08-07,WF,72.62000274658203,65,6,False,0.15755651089581302,0.1461589794944338,0.4872004919810895,-0.14272218709192175,False,True,False
2026-08-07,CR,219.8800048828125,65,7,False,0.04045117507535867,0.13793034439953855,0.37786691540207307,-0.046073731527928374,False,False,False
2026-08-07,VRTX,496.07000732421875,65,7,False,0.048427576380317694,0.09102339257484493,0.3684689857219827,-0.07045548145859926,True,True,False
2026-08-07,GDXJ,117.62000274658203,65,3,False,0.15080407691537534,0.02251010915425078,0.6800456957237142,-0.25315893933544,False,False,False
2026-08-07,GSG,31.09000015258789,65,7,False,0.012439759075507428,0.10989931607876446,0.4176926456882093,-0.11018885590848482,False,True,False
2026-08-07,RYTM,115.62999725341797,65,5,False,0.13460741312562696,0.16775742695204454,0.5520805000458788,-0.05376431963093209,False,False,False
2026-08-07,LYV,180.66000366210938,65,7,False,0.02575460136994967,0.15219998243935762,0.44135957348432897,-0.039042533712184135,False,False,False
2026-08-07,TDY,691.2999877929688,65,7,False,0.08565268725351416,0.14893927922891836,0.43120368414691335,-0.005209225819104879,False,True,False
2026-08-07,KOID,39.119998931884766,65,6,False,-0.008852455125063274,0.11497062915779366,0.4153400794406583,-0.09695292688197454,False,True,False
2026-08-07,PFS,24.459999084472656,65,7,False,0.040045537865264214,0.13395079733063575,0.38270199807971284,-0.040408030439159304,False,False,False
2026-08-07,SLDE,21.1299991607666,65,7,False,0.10115740097135184,0.1734895325279069,0.6863527223520638,-0.0813043843144956,False,True,False
2026-08-07,SNA,416.3500061035156,65,7,False,0.047039456865775486,0.12212893410248293,0.30435460583088414,-0.01576753601102443,False,False,False
2026-08-07,IHG,157.50999450683594,65,6,False,-0.034712628149535574,0.09284191636161387,0.35527441793536596,-0.10449715701058904,False,False,False
2026-08-07,TRMD,29.489999771118164,65,7,False,0.021026420846850913,0.11656857862605663,0.6167763235289965,-0.16529866281533068,True,True,False
2026-08-07,SW,48.279998779296875,65,7,False,0.08140553169177656,0.1659554232936289,0.4751443259568999,-0.08300099942891848,False,True,False
2026-08-07,TTI,8.510000228881836,65,3,False,-0.10030867861115078,-0.08559023006330913,1.2277487899476736,-0.3213715905287515,False,False,False
2026-08-07,A,145.97000122070312,64,5,False,0.08656816038700099,0.11405370709029783,0.3472081520662633,-0.08922445043083438,False,True,False
2026-08-07,ASND,255.41000366210938,64,7,False,0.04184429295814396,0.12410301585183126,0.45790284892274813,-0.09477225168463199,True,True,False
2026-08-07,BCH,41.41999816894531,64,7,False,0.040557064175335666,0.061706861637850885,0.4958467811512077,-0.11438961377923773,False,False,False
2026-08-07,CBT,87.62000274658203,64,6,False,-0.003058376014399067,0.1581950390397624,0.5021429795315633,-0.07309844622814288,False,False,False
2026-08-07,FBNC,64.66999816894531,64,7,False,0.03615234380751442,0.13324720365485687,0.40709311264529013,-0.028103437343741544,False,True,False
2026-08-07,FHLC,80.66999816894531,64,7,False,0.053878825853670875,0.09542646471411009,0.3200785037347953,-0.008480855902531337,True,True,False
2026-08-07,GVAL,38.0,64,7,False,0.039375938714628855,0.11657498368680241,0.349911208346368,-0.004714518170168214,False,False,False
2026-08-07,HAFC,31.90999984741211,64,7,False,0.007584508017874025,0.11334407477740438,0.4277404609741542,-0.04746269112202661,False,True,False
2026-08-07,HIW,31.450000762939453,64,5,False,0.021535088028900473,0.1819887043114332,0.5378972904458159,-0.11258459419810785,False,True,False
2026-08-07,HRMY,38.40999984741211,64,5,False,0.0960569309697068,0.15221473188822676,0.5050940109104525,-0.060190828205612834,False,False,False
2026-08-07,HUBG,47.79999923706055,64,7,False,0.0396864276588238,0.13664194127607665,0.4528874474203719,-0.1025159454852097,False,False,False
2026-08-07,IAT,64.23999786376953,64,7,False,0.038876992708155145,0.1270590275425283,0.35613255884051886,-0.0192366738355797,True,True,False
2026-08-07,IWS,171.1999969482422,64,6,False,0.03907957283681118,0.12840889079674245,0.28557482392580913,-0.002737818056248731,False,True,False
2026-08-07,IYE,61.22999954223633,64,7,False,0.01846645507386757,0.09000992510020267,0.36735152325517206,-0.08707320976830957,False,True,False
2026-08-07,PAA,22.809999465942383,64,6,False,-0.009225823045489134,0.10818529245200992,0.4537922291891574,-0.08869361405521592,False,False,False
2026-08-07,PBR,17.959999084472656,64,6,False,0.011204269058816996,0.09337848830635243,0.5713034649999031,-0.192446076020365,False,False,False
2026-08-07,RIG,5.260000228881836,64,3,False,-0.029806649813307273,-0.019470732189638906,0.9057971909626574,-0.3133158833340056,True,False,False
2026-08-07,RSPG,102.84500122070312,64,7,False,0.0031417511709093127,0.08069201534098447,0.4030695353188909,-0.09793001233511334,False,False,False
2026-08-07,SFNC,23.459999084472656,64,7,False,0.03719026265584091,0.14839838903363312,0.3799999461454504,-0.035361867645688605,False,True,False
2026-08-07,SHO,11.079999923706055,64,5,False,-0.03804414202415174,0.1189376086691587,0.2868757683530532,-0.08202152412171893,False,True,False
2026-08-07,SII,117.87999725341797,64,4,False,0.0328554308507929,-0.004418401832479768,0.9031320611393627,-0.3050757893047613,False,False,False
2026-08-07,UNIT,9.539999961853027,64,4,False,-0.1377440363712491,0.06480344035012586,0.7999999280245824,-0.2626371800606141,False,False,False
2026-08-07,WTW,344.82000732421875,64,4,False,0.2156008367711728,0.15467419236098157,0.433107545195625,-0.022591346204999696,False,False,False
2026-08-07,XYZ,79.0,64,7,False,0.030777190815794997,0.16485671774129695,0.6386642086754177,-0.08933717579250722,False,False,False
2026-08-07,EQIX,1042.6199951171875,64,6,False,-0.00848883723856031,0.11277156289254653,0.4468374485607165,-0.07624840920223308,False,False,False
2026-08-07,DD,142.47000122070312,64,7,False,0.018880079608386335,0.06410385034891397,0.6326395935447104,-0.09817695231227452,False,False,False
2026-08-07,EE,34.869998931884766,64,5,False,-0.047043875894696496,0.038296645288754316,0.6382428556194872,-0.19235669836554248,False,True,False
2026-08-07,DFAT,71.97000122070312,64,7,False,0.03505407480357281,0.12034223836775326,0.3300683867842138,-0.01140112357501677,False,True,False
2026-08-07,HMN,52.220001220703125,64,6,False,0.0332246691671243,0.13475734591791078,0.2647130070918815,-0.06011519204521665,False,True,False
2026-08-07,GMAB,31.25,64,4,False,0.1444413111545022,0.07810016386339447,0.4884495713666781,-0.11797912134268729,False,False,False
2026-08-07,NVDL,36.43000030517578,64,7,False,0.14878133021564888,0.20252521372182586,0.6915338164850184,-0.15814205853482655,False,True,False
2026-08-07,SLB,50.529998779296875,64,5,False,0.0072518713492171205,0.0707254929741914,0.5970290693440601,-0.14093847260350822,False,True,False
2026-08-07,WPM,134.1999969482422,64,6,False,0.16058437627635191,0.077401479914603,0.47553602475228995,-0.19039574447676644,False,True,False
2026-08-07,KO,87.05000305175781,64,7,False,0.0542187318046774,0.1370546299171731,0.3320582262328593,-0.04256483936566269,False,False,False
2026-08-07,DV,13.210000038146973,64,5,False,0.20483027336133852,0.24576219713079528,0.729057626832601,-0.1964720432471565,False,False,False
2026-08-07,DNOW,16.520000457763672,64,4,False,0.21313597513416638,0.22605595052876604,0.5107452971037694,-0.042873682578514316,False,True,False
2026-08-07,SAH,82.44000244140625,64,5,False,-0.07431941941763465,0.152647524631514,0.5235631401126799,-0.2747426430070191,False,False,False
2026-08-07,ICFI,95.0,64,4,False,0.2617173754173405,0.22098631464707563,0.6148223192788038,-0.06597187243016134,False,True,False
2026-08-07,CCEP,108.29000091552734,64,6,False,0.060429508517032327,0.12821651892679875,0.2791164213473081,-0.047329966922510125,False,False,False
2026-08-07,JPM,357.5199890136719,64,6,False,0.07362392677976315,0.14136959972656737,0.28097449371273386,-0.015096448998149103,False,True,False
2026-08-07,ASB,31.280000686645508,63,7,False,0.041999812960484384,0.13939153730130238,0.322062590379385,-0.02249997854232788,False,True,False
2026-08-07,AUB,41.779998779296875,63,7,False,0.020951719474799457,0.11191391900407077,0.3534174811617663,-0.042182489629611464,True,True,False
2026-08-07,AWR,87.38999938964844,63,6,False,0.060931636262158584,0.1419327297352071,0.25831538127749787,-0.030185342384634883,False,True,False
2026-08-07,BBNX,15.899999618530273,63,2,False,0.052352873276098055,-0.08645761758604975,0.8068180993076217,-0.5139101172864918,False,False,False
2026-08-07,BH.A,1933.77001953125,63,7,False,0.04277223882364556,0.08294601062495377,0.5620113243386511,-0.23049342637037407,True,False,False
2026-08-07,CDE,17.389999389648438,63,3,False,0.05839101404092695,-0.06218994604435013,0.7583416365995697,-0.3737846920061283,False,False,False
2026-08-07,EWN,69.20999908447266,63,7,False,0.019332095610127498,0.11053612136995028,0.34075940559004647,-0.027676330602092958,False,False,False
2026-08-07,FENY,31.950000762939453,63,7,False,0.016583534750382878,0.08573945806629735,0.37537672804722155,-0.0938740135042021,False,True,False
2026-08-07,FNDA,38.220001220703125,63,7,False,0.027761970170802286,0.11919978349967209,0.3098012618568713,-0.006240194214316208,False,True,False
2026-08-07,FSM,10.390000343322754,63,5,False,0.17877972504477557,0.06867719544308137,0.6839546539460633,-0.24981949045836827,False,False,False
2026-08-07,HFWA,29.5,63,7,False,0.01182635960562406,0.11783707852794523,0.3836773181174862,-0.05600000000000005,False,False,False
2026-08-07,HGER,32.650001525878906,63,7,False,0.053069592749096284,0.12431115383647207,0.35028954151378167,-0.026535461101803715,False,False,False
2026-08-07,HOV,137.77999877929688,63,7,False,0.08265348298781716,0.17106835827854483,0.5054633285952501,-0.1498210486552568,False,False,False
2026-08-07,PCTY,150.4199981689453,63,4,False,0.2608835088708301,0.20584740626249465,0.617593307070625,-0.210476617700307,False,False,False
2026-08-07,QQEW,161.99000549316406,63,7,False,0.038344215376166835,0.13301116706126415,0.3236640719783954,-0.010627192816095143,False,False,False
2026-08-07,QQQE,121.95999908447266,63,6,False,0.024104569734486825,0.13038492388431866,0.2751986602132177,-0.010546836193634057,False,True,False
2026-08-07,RXO,21.700000762939453,63,5,False,-0.16775967375093648,0.1880451319779446,1.081534807282321,-0.2742474568631412,False,False,False
2026-08-07,SIGI,96.2300033569336,63,7,False,0.023616719621615934,0.13682212491094603,0.32220397047199945,-0.04153384567300489,False,False,False
2026-08-07,SMLF,89.87000274658203,63,7,False,0.03413916848210019,0.12361661261121926,0.3068199379597176,-0.003105920960151054,False,True,False
2026-08-07,CMC,75.12999725341797,63,6,False,0.07086551902252336,0.09167810790657138,0.43624536954760296,-0.11476381734365293,False,True,False
2026-08-07,DT,48.970001220703125,63,4,False,0.1272864842618373,0.18614655542449587,0.5479690490406552,-0.08097961225608508,False,False,False
2026-08-07,VDE,162.3699951171875,63,7,False,0.01604060833519383,0.08488955743701276,0.37403738371096806,-0.09462474387882958,False,True,False
2026-08-07,REYN,26.520000457763672,63,4,False,0.06330942270720286,0.13066011239794828,0.2974559571843167,-0.029282549267821034,True,False,False
2026-08-07,ITIC,289.8399963378906,63,5,False,0.07593859301387051,0.1473651999244472,0.3818355010149732,-0.02512529441338729,False,False,False
2026-08-07,RPG,58.41999816894531,63,6,False,-0.01630955961427416,0.1247852871286399,0.3457728259454953,-0.08804245402116506,False,False,False
2026-08-07,CNMD,49.119998931884766,63,4,False,0.26690013458359063,0.22729734353137832,0.5623409064091827,-0.13276837109461603,False,True,False
2026-08-07,RF,31.43000030517578,63,7,False,0.04720590235391087,0.1293913150914534,0.38458146470590115,-0.03202959274495598,False,True,False
2026-08-07,IYM,188.4600067138672,63,7,False,0.041238529440653426,0.10075639980039908,0.3550474851359011,-0.015206084953591326,False,False,False
2026-08-07,WERN,37.5099983215332,63,6,False,-0.11134806156045485,0.10001123993626382,0.6266261574260752,-0.2101495684187097,False,False,False
2026-08-07,XOP,166.39999389648438,63,7,False,0.01257191846650385,0.08929605222400028,0.3699983134427407,-0.12586681360077845,False,True,False
2026-08-07,LMT,587.9500122070312,63,6,False,0.10038582424656894,0.07444403182918036,0.3869689488990571,-0.15036125403608203,False,True,False
2026-08-07,JQUA,74.52999877929688,63,6,False,0.039232296975146186,0.1307252000620367,0.24840867381635912,-0.004142137543595825,False,True,False
2026-08-07,DES,41.2599983215332,63,7,False,0.028958427503760653,0.12144701495429522,0.3019879339285778,-0.014097973096766747,False,True,False
2026-08-07,XLE,57.5,63,7,False,0.015710836306494835,0.08522150303604392,0.36741976321661096,-0.09391741522938257,False,True,False
2026-08-07,PRF,55.91999816894531,63,7,False,0.03152113028325099,0.12013393279207873,0.31793537041582276,-0.004273534172344884,False,True,False
2026-08-07,ICLR,164.50999450683594,63,4,False,0.03183111733274413,0.11458448391552456,1.4712332170797127,-0.19322254155103402,False,False,False
2026-08-07,GSHD,65.19999694824219,63,3,False,0.3209048851674885,0.16969392683455609,0.9358668752215706,-0.28185927645374254,False,False,False
2026-08-07,FNV,238.64999389648438,63,5,False,0.1083987238055224,0.05434082660449935,0.4412102130222466,-0.16459557293767058,False,True,False
2026-08-07,VHT,312.1199951171875,63,7,False,0.053643583888240975,0.09411021699871513,0.31568520312945725,-0.008828195723022847,True,True,False
2026-08-07,EWI,63.349998474121094,62,6,False,0.051162641257784136,0.1264865431125397,0.27824852136226563,-0.006430361640609394,False,False,False
2026-08-07,FMTM,39.189998626708984,62,6,False,-0.02962578691411699,0.07826260001510299,0.46999245502670783,-0.18354169527689612,False,True,False
2026-08-07,GWW,1277.550048828125,62,6,False,-0.04493449993072318,0.11866279349002995,0.40929049695861086,-0.10025986289603683,False,False,False
2026-08-07,H,177.7100067138672,62,6,False,-0.06203615443143573,0.06663421558556126,0.32619407995423266,-0.1409165320046203,False,False,False
2026-08-07,IBCP,38.029998779296875,62,6,False,0.0556498943271726,0.11180296428531133,0.2748910116179464,-0.030835954317349534,False,False,False
2026-08-07,JLL,362.3800048828125,62,6,False,0.13539664362748205,0.13220612194991777,0.3946812285348942,-0.029226615801040023,False,False,False
2026-08-07,LEVI,24.40999984741211,62,7,False,0.014614426967318073,0.11757675886573393,0.37753954815425805,-0.050194586662720364,False,True,False
2026-08-07,ONB,26.559999465942383,62,7,False,0.035437197798896314,0.1278011690321823,0.36977825177868384,-0.029239807257405603,False,True,False
2026-08-07,PI,183.36000061035156,62,3,False,0.30827331778179623,0.27335920196554686,1.098901091223489,-0.25784410495673493,False,False,False
2026-08-07,PTCT,73.30999755859375,62,4,False,-0.05031112778908997,0.0016525395544964017,0.6979733376732971,-0.1932431457822178,False,True,False
2026-08-07,PUMP,10.979999542236328,62,4,False,-0.18573783569755453,-0.1218950804301202,1.4345895753886908,-0.40648651123046875,False,False,False
2026-08-07,SCHD,33.900001525878906,62,6,False,0.038723914490693234,0.11704419845211333,0.28799399388083136,-0.009929910511707551,False,False,False
2026-08-07,SDRL,43.2400016784668,62,5,False,0.019772875630143627,0.07014476159752836,0.5666099757768588,-0.22047952538482574,False,True,False
2026-08-07,STNG,76.08000183105469,62,6,False,-0.007723766646294927,0.09567263495333878,0.737779898409503,-0.1294198150541862,True,False,False
2026-08-07,UAN,126.56999969482422,62,6,False,0.07404157080547602,0.11820585157328112,0.5044574328650895,-0.09268817423065079,False,False,False
2026-08-07,VBK,360.6099853515625,62,6,False,0.026841762415579007,0.11295617282807657,0.29893376447666786,-0.017036472358822663,False,True,False
2026-08-07,VPL,113.75,62,7,False,0.0070970450507505944,0.1112131425939833,0.34822799925306636,-0.061700925099461235,False,True,False
2026-08-07,XAR,286.8299865722656,62,7,False,0.043126615287226056,0.08995413221915638,0.37390420415918757,-0.028978732020984888,False,False,False
2026-08-07,XSW,195.75999450683594,62,4,False,0.12008657656543553,0.14851789971155527,0.44803603056137087,-0.04860031233947071,False,False,False
2026-08-07,CGDV,51.29999923706055,62,6,False,0.04661836819159837,0.12480018572001317,0.27532631903179805,-0.003690084195233423,False,False,False
2026-08-07,CF,114.3499984741211,62,6,False,-0.0013501740172999765,0.10040641899866687,0.5161760971933498,-0.19449145487430475,False,True,False
2026-08-07,ALSN,118.87999725341797,62,6,False,0.01670097040223184,0.07809571651582203,0.5640046561287142,-0.13617205732213455,False,True,False
2026-08-07,FNDX,32.310001373291016,62,7,False,0.031010116060199655,0.11459342191760746,0.31234769585398037,-0.004927620615859163,False,True,False
2026-08-07,BLCR,50.25,62,7,False,0.0157999861972431,0.11697420839855566,0.34268539811323073,-0.015092129573795465,False,True,False
2026-08-07,MRTN,14.949999809265137,62,6,False,-0.11687913523553228,0.09018250968744801,0.5989303956493686,-0.19101730629934932,False,False,False
2026-08-07,VET,10.859999656677246,62,4,False,0.04074823487676915,0.044823473963766736,0.5514285223824638,-0.2672064858091714,False,False,False
2026-08-07,SDCI,28.549999237060547,62,7,False,0.02936147160387148,0.1146561168919007,0.3156681213495589,-0.03318663822544887,False,True,False
2026-08-07,CHPY,71.4000015258789,62,6,False,-0.08063380054981284,0.10138701875422584,0.4041298656521346,-0.2054306583472928,False,True,False
2026-08-07,SKYW,111.83999633789062,62,5,False,0.15128053800369234,0.15728473077439498,0.435871064504773,-0.09762793178284801,False,False,False
2026-08-07,GDX,89.88999938964844,62,4,False,0.14601527052740604,0.02739823321325696,0.5954916426374819,-0.23288957880572692,False,False,False
2026-08-07,TTC,99.63999938964844,62,6,False,0.06622949410204604,0.12262705513956051,0.4730928487396948,-0.05276169714749568,False,True,False
2026-08-07,DFAS,83.48999786376953,62,7,False,0.03511374868220285,0.11800291220974679,0.303512785101705,-0.0073713320899171375,False,True,False
2026-08-07,ITA,250.75,62,7,False,0.05486563400797517,0.10590513720830641,0.3072150475741373,-0.02279815262808549,False,True,False
2026-08-07,IYH,70.0,62,6,False,0.05326195279817547,0.08888320354557355,0.297738260700265,-0.01102004510806831,False,False,False
2026-08-07,RPV,120.19999694824219,62,7,False,0.032977921512113983,0.10240434863732073,0.3166830511861414,-0.009476732924097675,False,False,False
2026-08-07,EDIT,2.880000114440918,62,2,False,-0.010139164059510208,0.10407226850576867,0.7349398628619177,-0.3652193077737276,True,True,False
2026-08-07,TDIV,117.04000091552734,62,7,False,0.023327396100066622,0.12926048377433408,0.3039215477946793,-0.08918287225270549,False,True,False
2026-08-07,PBA,47.5,62,6,False,-0.01840440654991804,0.09305335682335647,0.3399153449287933,-0.07910045921321096,False,True,False
2026-08-07,CP,91.62000274658203,62,7,False,0.02354994089367146,0.1297352409689152,0.33908221570468866,-0.024800364846672363,False,False,False
2026-08-07,ALX,276.8900146484375,61,7,False,0.033770361779623226,0.14507145610153094,0.3756459475739904,-0.04332646354792613,False,False,False
2026-08-07,BBCA,105.7699966430664,61,6,False,0.043652402858703976,0.10023562622778526,0.29350618790853344,-0.00018909417041135246,False,False,False
2026-08-07,BRZE,26.540000915527344,61,3,False,0.12470975499257508,0.08596918636447937,0.7391874519959978,-0.2889864935781109,False,True,False
2026-08-07,CAL,14.5,61,6,False,0.11789557433344311,0.17235189516686522,0.6477272370137466,-0.10161087061132534,False,True,False
2026-08-07,CARG,38.98500061035156,61,4,False,0.19128743945481963,0.151543904057859,0.47726417248965736,-0.05421890178833111,False,True,False
2026-08-07,FAST,51.84000015258789,61,7,False,0.10861616353897774,0.16630801287079167,0.33025400381685066,-0.0011560957905000224,False,False,False
2026-08-07,GMED,82.3499984741211,61,5,False,0.036699261764537194,-0.025431115854264608,0.5629151759434137,-0.18786984975435084,False,True,False
2026-08-07,IRM,121.1500015258789,61,6,False,-0.03084650999980565,0.12667020055856337,0.5577987238691755,-0.1004602902115792,True,False,False
2026-08-07,IVLU,44.439998626708984,61,7,False,0.04382953284031421,0.10198572264565153,0.3159608535478209,-0.0010116215134344797,False,True,False
2026-08-07,IXC,53.619998931884766,61,7,False,0.01632717558239971,0.07920870638273136,0.35884440385058225,-0.09395068172726495,False,True,False
2026-08-07,JAVA,83.47000122070312,61,6,False,0.04673239992829714,0.11452191293791536,0.2885150168817141,-0.00346228400347548,False,True,False
2026-08-07,KRE,76.20999908447266,61,7,False,0.030048596158524843,0.11545573159292899,0.3242397931327097,-0.02731333032961425,False,True,False
2026-08-07,MAZE,28.649999618530273,61,3,False,0.04343834474295605,-0.170725610606432,1.2365338548043185,-0.4659832469024161,True,True,False
2026-08-07,MCB,92.86000061035156,61,6,False,-0.0200092827788958,0.0844862267677906,0.4361273639204466,-0.08999146166947536,False,True,False
2026-08-07,MGV,166.7899932861328,61,6,False,0.02681321590714192,0.11013006802313408,0.2836912390376991,-0.003048474335456075,False,True,False
2026-08-07,MHO,151.99000549316406,61,7,False,0.031067052688867003,0.12241812266788488,0.30150716802464395,-0.0713063540743838,True,True,False
2026-08-07,NBIX,163.41000366210938,61,4,False,-0.028049215531532612,0.11521539984580276,0.3378909814859443,-0.12201801015940894,False,False,False
2026-08-07,NVS,156.3300018310547,61,7,False,0.022606871212202284,0.06452342878591888,0.3667599718917036,-0.0828933727928981,False,True,False
2026-08-07,OMC,85.23999786376953,61,6,False,0.09305871575102298,0.10825218680282456,0.2850896353188621,-0.024825600130714776,False,True,False
2026-08-07,RWL,134.1199951171875,61,7,False,0.036429550284530654,0.11334822671208644,0.3007467202334857,-0.004896896187023492,False,False,False
2026-08-07,SJM,120.16000366210938,61,7,False,0.06282862753747209,0.1458389292877591,0.361586443763279,-0.058676049935268204,False,True,False
2026-08-07,VTV,224.30999755859375,61,6,False,0.029237661032654794,0.10679666529836385,0.2728253021431659,-0.003332444717567995,False,True,False
2026-08-07,VXF,247.30999755859375,61,6,False,0.03332148477487107,0.11807258892287464,0.26404296076514044,-0.0014535495337064663,False,True,False
2026-08-07,WABC,59.130001068115234,61,7,False,0.007960739879517176,0.12077684909350839,0.3160471993431895,-0.07042916993003889,False,True,False
2026-08-07,XERS,7.929999828338623,61,5,False,0.04010911139012663,0.12395380113800214,0.5104761577787853,-0.21329366186909193,False,True,False
2026-08-07,ZM,104.5,61,7,False,0.12168031239108013,0.17992068712292464,0.5112074865376772,-0.08924523317428901,False,True,False
2026-08-07,SGHC,13.050000190734863,61,6,False,-0.06411357947096685,0.09547415496950551,0.5425532070793295,-0.17717525389474642,False,True,False
2026-08-07,NVDA,223.9600067138672,61,7,False,0.08679410038882307,0.15456097694964321,0.3650271025544589,-0.0531833386713938,False,True,False
2026-08-07,HMY,19.700000762939453,61,4,False,0.22874647656194735,0.09824563643472906,0.5659778125925341,-0.2440521424919737,False,True,False
2026-08-07,RPD,11.569999694824219,61,3,False,0.2609117053313792,0.12651369136689627,1.3279678437125373,-0.4687787268106741,False,True,False
2026-08-07,VFMO,232.6999969482422,61,6,False,-0.0055359314741326715,0.10085448464436042,0.3457867793639686,-0.06994404561731526,False,False,False
2026-08-07,NULG,116.80000305175781,61,7,False,0.027963262986452575,0.13922563819120226,0.3399105828290394,-0.011342444090176929,False,True,False
2026-08-07,DE,620.8300170898438,61,7,False,0.04045201542355348,0.1250613734706194,0.4337875683368215,-0.07914680603143476,False,True,False
2026-08-07,TS,53.040000915527344,61,5,False,-0.08354526729424483,0.034567523644289944,0.5762258101158284,-0.17894733485519676,False,False,False
2026-08-07,XLV,165.67999267578125,61,6,False,0.04960267691001152,0.08320922650423457,0.2947795706563563,-0.016910972077131103,False,False,False
2026-08-07,DFIV,57.97999954223633,61,7,False,0.042824504143694764,0.09903544542569032,0.315932767477932,-0.0015498562607347832,False,False,False
2026-08-07,RYZ,28.079999923706055,61,7,False,0.006357824196631334,0.0950954653220728,0.45191311800215583,-0.12250000238418579,False,False,False
2026-08-07,ROBO,84.44000244140625,61,7,False,0.020097545286246188,0.11210623814522913,0.3634749237091348,-0.0670644078174698,False,True,False
2026-08-07,PYPL,59.06999969482422,61,3,False,0.2181139475316094,0.13817824260743672,0.5358814638836635,-0.25430786561092755,False,True,False
2026-08-07,ABUS,4.630000114440918,60,5,False,0.02347587256557504,0.04016897447674328,0.39879159954091103,-0.13940520149560243,True,True,False
2026-08-07,ADM,76.58999633789062,60,6,False,-0.0448195733895006,0.09488497698053866,0.3780135626965173,-0.13418497478444547,False,False,False
2026-08-07,BBT,31.510000228881836,60,7,False,0.04432498780008931,0.09661220346878663,0.3814117039296483,-0.040207174186759564,False,False,False
2026-08-07,BKNG,214.4199981689453,60,4,False,0.19752384261624334,0.15647227443602407,0.4281337354509722,-0.07497844975839707,False,False,False
2026-08-07,BKR,61.54999923706055,60,6,False,0.03652332942936698,0.08112948903456485,0.4668732264066515,-0.12583445482501476,False,False,False
2026-08-07,CB,350.30999755859375,60,7,False,0.029781373734742322,0.09308150938762472,0.32042975377731264,-0.042633450704783304,False,True,False
2026-08-07,EWC,61.29999923706055,60,7,False,0.04313081008714259,0.09712607143028507,0.30675760896303417,-0.00024462839410233084,False,True,False
2026-08-07,FANG,188.0399932861328,60,6,False,-0.015469582018234118,0.07501920070632018,0.4001488385198635,-0.1233975194561836,False,True,False
2026-08-07,FEOE,56.65999984741211,60,7,False,0.0487310050233658,0.1002706537333582,0.3161440383635383,-0.0022891541824168193,False,True,False
2026-08-07,FMDE,42.290000915527344,60,6,False,0.045586510627085186,0.11684634291412421,0.2318671325345545,-0.004870949111579592,False,False,False
2026-08-07,GD,392.04998779296875,60,6,False,0.07647721468290647,0.11762688421541445,0.27799329084793944,-0.019875030517578107,False,True,False
2026-08-07,GPN,86.12000274658203,60,4,False,0.1451610259795464,0.1559258656749507,0.4081099241570072,-0.0520637953437767,False,True,False
2026-08-07,GTES,28.25,60,7,False,0.04654436583532395,0.14684718443943523,0.3529694030391337,-0.06888596381268053,False,False,False
2026-08-07,IDEQ,35.849998474121094,60,7,False,0.028045380405326448,0.0969476418434847,0.33569293108459486,-0.01185226900892733,False,True,False
2026-08-07,IJK,117.37999725341797,60,6,False,0.028186190828876745,0.11529441806609375,0.28565162464316085,-0.0018707587037217754,False,True,False
2026-08-07,PPH,111.16179656982422,60,7,False,0.030907826103386382,0.06837537734056554,0.3599437175798559,-0.029747779820880726,False,False,False
2026-08-07,QGRW,68.33999633789062,60,7,False,0.04229574014150139,0.12984938436579796,0.34157829172100596,-0.00956527046535327,False,True,False
2026-08-07,RNR,321.8699951171875,60,7,False,0.03873663284113005,0.10563374414411553,0.3923519386886709,-0.041968050874438445,False,True,False
2026-08-07,RVLV,24.270000457763672,60,4,False,0.059501478536987396,-0.006616399274343987,0.3988472578758382,-0.23390150808178767,False,False,False
2026-08-07,SEI,57.959999084472656,60,4,False,-0.1391371842084108,-0.016343377509217105,1.3589743510123928,-0.3275322259809069,False,False,False
2026-08-07,SPUS,59.15999984741211,60,6,False,0.03531552761554435,0.11702202848959442,0.28720628863978814,-0.0060483973048189865,False,False,False
2026-08-07,TBBK,69.63999938964844,60,4,False,0.1147286841870061,0.12494042472156197,0.38725096277410254,-0.14709126652525428,False,False,False
2026-08-07,VB,306.0899963378906,60,6,False,0.031311648383300694,0.11003664372559618,0.2803898580433466,-0.0014680374322665335,False,True,False
2026-08-07,WGMI,48.400001525878906,60,4,False,-0.18477892569985033,-0.01993091012576831,0.9852339291203249,-0.3709383936822983,False,False,False
2026-08-07,WWD,362.8900146484375,60,5,False,-0.07904022893373475,0.033591110242723765,0.5553984760438775,-0.19522309092054702,False,False,False
2026-08-07,EFSC,65.91000366210938,60,6,False,0.020019739767186184,0.1285659970271389,0.2878078012720129,-0.04103011140824764,False,True,False
2026-08-07,DCI,98.61000061035156,60,6,False,0.10738029955195683,0.08863890195287327,0.37454702462643996,-0.12610772943423754,False,True,False
2026-08-07,RETL,9.829999923706055,60,4,False,0.09156727573927292,0.1082549698326376,0.5146379461293018,-0.1293179843295006,False,True,False
2026-08-07,COP,117.61000061035156,60,6,False,0.03673758874119959,0.08409252657895938,0.374430303024359,-0.13439313434203592,False,True,False
2026-08-07,PLUS,89.58000183105469,60,5,False,0.044340785165299046,0.0645744616547046,0.43511702112836326,-0.08722231110485046,False,False,False
2026-08-07,MDYG,112.05999755859375,60,6,False,0.028624489431769318,0.11587647155454328,0.2867149187126481,-0.0009806598212285245,False,False,False
2026-08-07,AAT,22.829999923706055,60,5,False,-0.06184508518058285,0.10736813934475542,0.28837476345162516,-0.1209087205494751,False,True,False
2026-08-07,CNEQ,39.939998626708984,60,7,False,0.0052289724896317225,0.11151677018162753,0.3552765374042597,-0.05243185810593731,False,True,False
2026-08-07,TRMK,47.41999816894531,60,7,False,0.03159612571035897,0.10942268214010897,0.30525724687442635,-0.03224493532764672,False,False,False
2026-08-07,CORZ,21.010000228881836,60,5,False,-0.14834105859979319,0.06230756049567976,0.5995431947297643,-0.3102429133167003,False,False,False
2026-08-07,CRGY,11.569999694824219,60,6,False,0.07195134547935322,0.09085077744357162,0.5065104106033684,-0.19034291632538936,False,True,False
2026-08-07,DBEF,56.2599983215332,60,6,False,0.0363438457302836,0.10391537436700449,0.2611521531447436,-0.005392032397783297,False,True,False
2026-08-07,SCHM,36.09000015258789,60,6,False,0.01517844837013782,0.10647313335014541,0.2797872048293526,-0.021951255821031412,False,False,False
2026-08-07,NMIH,44.630001068115234,60,6,False,0.10815638406651762,0.14489989151612548,0.28099887694174286,-0.04514335760761523,False,True,False
2026-08-07,AMP,551.97998046875,59,7,False,0.1174041179772427,0.15439212002526714,0.30686361921992567,-0.02313070986032395,False,True,False
2026-08-07,APOG,43.52000045776367,59,6,False,0.076034506825152,0.15805510537659306,0.41528456773215194,-0.1446540970095188,True,True,False
2026-08-07,AVGE,101.48999786376953,59,6,False,0.026824487208598313,0.10470335775842621,0.2899084579323934,-0.0029472742809657504,False,False,False
2026-08-07,AVIV,82.87000274658203,59,7,False,0.049266294211357975,0.09858268332617004,0.3005540018609214,-0.0010788447835633486,False,False,False
2026-08-07,AVUS,131.17999267578125,59,6,False,0.029261481147370372,0.11127671370265357,0.27893139383913557,-0.007640591171580446,False,True,False
2026-08-07,AX,100.04000091552734,59,7,False,0.05588017405638479,0.11524703162539729,0.3358259010662408,-0.05390577892375026,False,True,False
2026-08-07,BFC,153.4199981689453,59,7,False,0.04505690827308739,0.11250699019196886,0.3307311731340492,-0.025595419862863733,False,True,False
2026-08-07,BMRN,63.810001373291016,59,6,False,0.0978442470669052,0.12947450914106895,0.29537157018938665,-0.03726610518250917,False,False,False
2026-08-07,FCNCA,2218.489990234375,59,7,False,0.053938716969832434,0.10716322247807053,0.366267168111003,-0.03122284390102603,False,True,False
2026-08-07,FELC,43.959999084472656,59,6,False,0.04349144787049197,0.11758399920351414,0.25797680550512836,-0.0049796563871311594,False,True,False
2026-08-07,IOO,146.19000244140625,59,7,False,0.04999979626248696,0.11726806787555444,0.30690149869244476,-0.0033405389885590164,False,False,False
2026-08-07,LIT,74.01000213623047,59,4,False,-0.022820627686670925,0.01767703040768276,0.7438738108170759,-0.19536856452341622,False,True,False
2026-08-07,MAR,353.9100036621094,59,6,False,-0.060973186676900326,0.04917230950796592,0.3798199428317419,-0.13886321913139776,False,False,False
2026-08-07,MOH,196.4499969482422,59,6,False,-0.05465623386906848,0.13760732816706112,0.6227490575750196,-0.19780310572965698,False,True,False
2026-08-07,OIS,8.140000343322754,59,3,False,-0.01112781146931674,-0.07836184789631384,0.6680328181212187,-0.4386206659777411,False,True,False
2026-08-07,OSW,26.209999084472656,59,7,False,0.00045419448621109026,0.13992697932439868,0.3751311552398702,-0.10387035663338084,False,False,False
2026-08-07,PDBC,17.25,59,7,False,0.014347881542936092,0.09539110177158361,0.3403263522446136,-0.08970979918186317,False,False,False
2026-08-07,QQQ,723.030029296875,59,7,False,0.011843010744245763,0.11604094800123343,0.30135000192245376,-0.03422159123983093,False,False,False
2026-08-07,QQQM,297.70001220703125,59,7,False,0.011863691683404953,0.11608779241257028,0.30142081839139334,-0.03410006015193934,False,True,False
2026-08-07,QRVO,99.08000183105469,59,4,False,0.06229001101818965,0.13710214001606635,0.32247736589139175,-0.09507714161860925,False,False,False
2026-08-07,SETM,32.70000076293945,59,5,False,0.03251965547574698,0.008581288645937768,0.6490166862707736,-0.19358812877477471,False,True,False
2026-08-07,SOLV,82.9800033569336,59,5,False,0.04614225512091363,0.0974347342573143,0.33023408041183555,-0.07799996270073783,False,True,False
2026-08-07,TOUS,40.119998931884766,59,6,False,0.04883237447712574,0.10847895213988323,0.2407607876244069,-0.0002492433581920972,False,True,False
2026-08-07,VBR,249.89999389648438,59,6,False,0.03423013254667606,0.10693675527711721,0.2677556822580036,-0.006993601446450226,False,True,False
2026-08-07,VYMI,105.05000305175781,59,6,False,0.04475492579506901,0.10224671082626369,0.28070711487417066,-0.0023741689720285786,False,True,False
2026-08-07,EEMA,114.66000366210938,59,7,False,0.001537366584508204,0.10506186619995139,0.3591749980148742,-0.06575409006837862,False,True,False
2026-08-07,DFEV,41.290000915527344,59,6,False,-0.008965608106394463,0.09823763544524988,0.35688466978110434,-0.08132158869983874,False,False,False
2026-08-07,SKT,39.310001373291016,59,5,False,-0.009753804156130474,0.09742704509956823,0.2627691112447488,-0.07571120381911034,False,True,False
2026-08-07,KNTK,49.18000030517578,59,7,False,0.018185748173500604,0.13305702737672576,0.569741475420924,-0.06395128572140107,False,False,False
2026-08-07,EHC,125.2300033569336,59,4,False,0.16961088380574885,0.17126435435422405,0.349897681238013,-0.021564142143151166,False,True,False
2026-08-07,PFBC,105.76000213623047,59,6,False,0.027654179207430518,0.1099502696350807,0.2976687378678584,-0.057901299450467514,False,True,False
2026-08-07,CUBI,82.06999969482422,59,7,False,0.06007841968355487,0.11458252353432008,0.3830468399694644,-0.022394250408097616,False,True,False
2026-08-07,AYI,359.5799865722656,59,4,False,0.09678001482876986,0.12023782378805392,0.39892613841639846,-0.054160049788836595,True,True,False
2026-08-07,LLYVK,102.80000305175781,59,7,False,0.015244501757739837,0.10835075214493939,0.3361929721706334,-0.056664331349632335,False,True,False
2026-08-07,DISV,43.869998931884766,59,6,False,0.05441266459866556,0.09895791685351707,0.2985820591234587,-0.0009109750778033554,False,True,False
2026-08-07,QTOP,37.79600143432617,59,7,False,0.00957869964106961,0.11791499225912871,0.3164751877253642,-0.041075718472541656,False,True,False
2026-08-07,IYT,87.2300033569336,59,6,False,0.010149002338740054,0.10240294975262154,0.2892402990776619,-0.03142343191625052,False,True,False
2026-08-07,XME,115.73999786376953,59,6,False,0.05067647227941552,0.047789657509877737,0.515119764216851,-0.14696341309259953,False,False,False
2026-08-07,GENI,7.590000152587891,59,3,False,0.15977020756586535,0.031754686880047345,0.9843137406453433,-0.44719589179595565,False,False,False
2026-08-07,COWZ,69.23999786376953,59,6,False,0.07323043672329987,0.10982477912418842,0.2584514228952415,-0.0005095785795059538,False,False,False
2026-08-07,EWJ,96.9000015258789,58,6,False,0.04230534919535267,0.10519609093256022,0.26948774009403165,-0.006357620370484152,False,True,False
2026-08-07,FCFS,202.5399932861328,58,6,False,-0.05952564422002471,0.0631459748641261,0.5135254984362649,-0.14167058423372714,False,True,False
2026-08-07,FSLR,250.0500030517578,58,4,False,0.026672548303916965,0.06662924924819724,0.41695473067420386,-0.22090670340756635,False,False,False
2026-08-07,FSMD,52.380001068115234,58,6,False,0.022637440808012776,0.1093703116483673,0.2595281891044796,-0.011698093054429592,False,True,False
2026-08-07,GNR,74.04000091552734,58,6,False,0.04923051740764017,0.07571484981140597,0.3425203783681563,-0.027580752442277978,False,True,False
2026-08-07,IGE,60.599998474121094,58,6,False,0.030293317351774762,0.06550759326295541,0.34726543109938346,-0.05297707634670168,False,True,False
2026-08-07,IMKTA,88.11000061035156,58,6,False,-0.017679749305375414,0.06469429370156465,0.466788764074912,-0.07854007446678213,False,True,False
2026-08-07,ITW,296.6600036621094,58,6,False,0.09944847355739883,0.12686329391942341,0.24219074853041045,-0.021440823068615167,False,False,False
2026-08-07,IUSG,194.19000244140625,58,7,False,0.04069310317874275,0.12107514558507759,0.30864615701961373,-0.00741155669988669,False,True,False
2026-08-07,IVW,142.10000610351562,58,7,False,0.04141630719387157,0.12127133665540102,0.31415897265292747,-0.008097085353894529,False,True,False
2026-08-07,IWR,113.11000061035156,58,6,False,0.03519157584713484,0.10912545672289986,0.23428635272479448,-0.0024693428062796396,False,True,False
2026-08-07,JBSS,83.16000366210938,58,7,False,0.016397336716690525,0.08357160909169847,0.4078212983196603,-0.09687226315776387,False,True,False
2026-08-07,KBE,69.97000122070312,58,6,False,0.03373796719111022,0.1105018568788203,0.28056372624994874,-0.02494427065552718,False,True,False
2026-08-07,KEY,22.729999542236328,58,7,False,0.002628958159405448,0.08465353681096488,0.38008503277871997,-0.05567096674604577,False,True,False
2026-08-07,PDM,9.479999542236328,58,5,False,0.019069898425165155,0.14051281588345277,0.4999998868266269,-0.0641658997888831,False,True,False
2026-08-07,PPA,183.77999877929688,58,6,False,0.052893302444678714,0.09024283114789378,0.2812325407925804,-0.013526592759962708,False,True,False
2026-08-07,QLTY,43.150001525878906,58,6,False,0.04122180566487588,0.10000025517368138,0.27477924815446597,-0.0002316571262407363,False,True,False
2026-08-07,SPYG,123.0199966430664,58,7,False,0.04134038826474229,0.12105464644340946,0.3141757914854948,-0.008223188204872445,False,False,False
2026-08-07,XSMO,88.69999694824219,58,7,False,0.000313483158225214,0.10356047203792196,0.3057558744259843,-0.05315972823132509,False,False,False
2026-08-07,DRN,11.069999694824219,58,7,False,0.007774497250169876,0.12327054617177846,0.37515520901045685,-0.09336612119255683,False,True,False
2026-08-07,DBC,28.90999984741211,58,7,False,0.014628050433909578,0.09368586151196534,0.3390458380310297,-0.09059455757072787,False,True,False
2026-08-07,LVHI,42.93000030517578,58,6,False,0.03724966060242707,0.08968656449923507,0.27653877316935094,-0.004637161094051212,False,False,False
2026-08-07,NUGT,160.83999633789062,58,3,False,0.2623356825710863,-0.1025342570151524,0.878752426015549,-0.4986128244222813,False,True,False
2026-08-07,FDS,285.57000732421875,58,3,False,0.14300698564650838,0.15387439216151177,0.5436216612119933,-0.27897285995925136,False,False,False
2026-08-07,DCOR,85.19000244140625,58,6,False,0.03755819723990972,0.10951158469001077,0.2531626689411943,-0.004440776612985697,False,False,False
2026-08-07,NVDU,145.00999450683594,58,4,False,0.1468731143465758,0.18603146130699688,0.6857707529162569,-0.1612586325480766,False,True,False
2026-08-07,VOE,207.10000610351562,58,6,False,0.034138066139919765,0.10000165091351798,0.24183007014358204,-0.005474449479333399,False,False,False
2026-08-07,PAVE,58.689998626708984,58,6,False,0.024401291878141107,0.10746137544312995,0.2957280273597056,-0.028793673170274148,False,True,False
2026-08-07,VOLT,38.09000015258789,58,6,False,-0.02132831345034991,0.09186344323069284,0.42851788121489753,-0.09653699500841073,False,False,False
2026-08-07,DFAC,45.93000030517578,58,6,False,0.03700526790994152,0.11044356945993106,0.2606357438220308,-0.0047670902151488725,False,False,False
2026-08-07,DYNF,69.98999786376953,58,6,False,0.03844575825561325,0.11294150954793047,0.2543010541348618,-0.0029914400797977914,False,True,False
2026-08-07,SHEL,88.5,58,6,False,0.05066209398019628,0.08648080241793643,0.2896174863387979,-0.06743942489962607,False,False,False
2026-08-07,CVBF,22.65999984741211,58,6,False,0.03378742027229764,0.12010478940091596,0.2623954810184286,-0.03038087147302726,True,True,False
2026-08-07,VOOG,85.41999816894531,58,7,False,0.041382172867500566,0.1212281179102579,0.3143560698063208,-0.008358500415657666,False,True,False
2026-08-07,SCHV,34.86000061035156,58,6,False,0.018161014834299216,0.10104088897866492,0.25666910230642737,-0.005987997898490138,False,False,False
2026-08-07,LYFT,17.459999084472656,58,3,False,0.17072773357136817,0.06676925568450187,0.40128403138185487,-0.31636654429962674,False,True,False
2026-08-07,TTAN,85.83000183105469,58,3,False,0.15433189704258443,0.09322263140895526,0.5844564285080498,-0.2846903628708982,False,True,False
2026-08-07,SCHW,107.5999984741211,58,6,False,0.10973367355578811,0.12217934990254298,0.2815626446811188,-0.013296694516812702,False,True,False
2026-08-07,WEBL,29.3700008392334,58,4,False,0.1825195190409028,0.20266087304198166,0.971141046386848,-0.16657209306605192,False,True,False
2026-08-07,ADUS,119.68000030517578,57,4,False,0.15297763250307295,0.13486744975603138,0.36077321725896616,-0.03825138253650995,False,True,False
2026-08-07,ARQQ,22.899999618530273,57,3,False,0.18273515358130998,0.09131674818538271,0.9878471101185835,-0.6306451674430601,True,True,False
2026-08-07,AUPH,15.850000381469727,57,6,False,-0.00423433338772039,0.039512994467058915,0.5328820258772236,-0.17662335680676744,True,True,False
2026-08-07,AVDV,109.62999725341797,57,7,False,0.039890096817539744,0.08527197988640944,0.32707900306782745,-0.01225336189321169,False,False,False
2026-08-07,BTG,5.03000020980835,57,5,False,0.23958800658445623,0.09412050958817475,0.45375727004390476,-0.20031792681815586,False,False,False
2026-08-07,FRT,118.69000244140625,57,6,False,-0.034003952111807845,0.08682616074671179,0.31833837666006914,-0.07425320781479416,False,False,False
2026-08-07,HFXI,38.209999084472656,57,6,False,0.017918101703787492,0.09393134050937757,0.2813547778508083,-0.013553672843846676,False,True,False
2026-08-07,HRB,46.189998626708984,57,4,False,0.16130553149458593,0.1997947581747863,0.6402698464841725,-0.17444150139664283,False,False,False
2026-08-07,IJH,77.79000091552734,57,6,False,0.028358868811386495,0.10255585017452318,0.2512466335310979,-0.0025643922774756245,False,True,False
2026-08-07,IVOO,131.67999267578125,57,6,False,0.02840606714700389,0.1023877175722212,0.2519489664738235,-0.001516622684454516,False,True,False
2026-08-07,JSMD,96.72650146484375,57,6,False,0.005139784791970303,0.10296491156914689,0.28448024497059143,-0.04890359520786991,False,True,False
2026-08-07,LTM,56.720001220703125,57,6,False,0.05366798530900985,0.07794687333269024,0.36971749407644117,-0.19454696541420502,False,False,False
2026-08-07,NPK,137.99000549316406,57,6,False,0.08742768061080564,0.1154795390434864,0.5117222539277841,-0.0792072272043457,False,True,False
2026-08-07,OMFL,71.16999816894531,57,6,False,0.036803057838765474,0.11172289371632638,0.24597338059853757,-0.0043369498241385696,False,True,False
2026-08-07,SCHF,28.229999542236328,57,6,False,0.026224507856648094,0.09524731452148338,0.2676245604833343,-0.006335808030360712,False,False,False
2026-08-07,SFBS,88.91999816894531,57,7,False,0.0508302915898029,0.1346069568083621,0.3232143185576628,-0.03137260116634988,False,True,False
2026-08-07,TMV,41.790000915527344,57,7,False,0.06541372045194138,0.12724003913906756,0.31332499422760285,-0.03975182729869908,False,False,False
2026-08-07,TOL,155.08999633789062,57,6,False,0.034885400540096034,0.08224659948862789,0.26987635982731684,-0.07881922205009206,False,True,False
2026-08-07,XT,82.83999633789062,57,6,False,0.019560150044418467,0.10303410895433518,0.2695007068887867,-0.016502516486348262,False,False,False
2026-08-07,EFV,82.26000213623047,57,6,False,0.049904304995955995,0.09526884088313747,0.2661228350110878,-0.002425381402652027,False,True,False
2026-08-07,CLPT,14.210000038146973,57,2,False,-0.07366361972073665,0.020576727014488316,0.7182586761294525,-0.5279069814598745,False,True,False
2026-08-07,CGUS,46.279998779296875,57,6,False,0.04605297935044117,0.11327270981712423,0.24425323723653247,-0.011026639866943744,False,False,False
2026-08-07,CNA,52.02000045776367,57,6,False,0.06485330859299543,0.10406246030831023,0.25258853808818715,-0.06623584073505129,False,True,False
2026-08-07,CGXU,34.810001373291016,57,6,False,0.014732751593875992,0.09517761185898554,0.2814283158515867,-0.0402536274068378,False,False,False
2026-08-07,CORO,36.81999969482422,57,6,False,0.020778741237112985,0.09705167123251868,0.2874125595704651,-0.020223579010111514,False,True,False
2026-08-07,DRS,44.79999923706055,57,6,False,-0.01896379195525466,0.07843702075880277,0.38143690457846,-0.1144495136996192,False,True,False
2026-08-07,EOG,134.74000549316406,57,6,False,-0.0191296184174804,0.08012566331868598,0.3263117467296264,-0.11279377213916031,False,True,False
2026-08-07,HEFA,47.63999938964844,57,6,False,0.029907074615495688,0.09141267399290598,0.2520368027562867,-0.0012578904052688022,False,True,False
2026-08-07,VERA,32.88999938964844,57,3,False,-0.0983977462091542,-0.1556903118195514,0.7250602861623188,-0.4132025006719108,False,False,False
2026-08-07,PLTR,172.00999450683594,57,4,False,0.29720374668228255,0.12957727790027063,0.6170911917397981,-0.17111608054422822,False,False,False
2026-08-07,CGGO,40.630001068115234,57,6,False,0.0023535733364967726,0.09886843497789388,0.27207264836428147,-0.05247201361832654,False,False,False
2026-08-07,WAFD,37.15999984741211,57,7,False,0.003212652539616112,0.10490666264446902,0.41239074882972804,-0.05900232291773233,False,True,False
2026-08-07,PEN,324.6600036621094,57,5,False,0.0182357952108696,0.02275558322018778,0.4673235637817881,-0.10416379133727216,False,True,False
2026-08-07,USPH,80.05000305175781,57,4,False,0.14359435517312913,0.05494272302363168,0.3756660068903175,-0.14385023474055814,False,False,False
2026-08-07,SNPE,71.20999908447266,57,6,False,0.04112447225964866,0.10772771239086687,0.2601309715016926,-0.006972528327758187,False,False,False
2026-08-07,SPMD,68.16999816894531,57,6,False,0.028127562205949586,0.1017311121573683,0.25082565447606076,-0.0017558022695833841,False,True,False
2026-08-07,WES,46.619998931884766,57,6,False,0.03765099866048338,0.11238631064536642,0.2634145529557492,-0.041332553816215034,False,False,False
2026-08-07,CELC,92.77999877929688,57,3,False,-0.03289290992627636,-0.11352651863664531,1.163460473606003,-0.3856443109887022,False,True,False
2026-08-07,DLX,25.010000228881836,57,5,False,0.016468340873929455,0.015154262381974926,0.4651435662570691,-0.22014342167523615,False,False,False
2026-08-07,AAXJ,113.52999877929688,56,6,False,-0.015525451739897833,0.09229313001809092,0.3416449432091584,-0.09096005017110398,False,True,False
2026-08-07,AIRR,123.54000091552734,56,6,False,-0.015014758085571955,0.07776737426718139,0.4091479810169312,-0.08522770733903107,False,False,False
2026-08-07,ARKX,34.27000045776367,56,7,False,0.039187099566216244,0.08205819830207517,0.3834726326924378,-0.09553969359191261,False,True,False
2026-08-07,BALL,63.45000076293945,56,6,False,0.05334631776575538,0.10094610241186563,0.4153468251474908,-0.07087421419974538,False,True,False
2026-08-07,FBCG,62.7400016784668,56,7,False,0.024411855063755095,0.11119280754736582,0.31806730440499775,-0.024564645893251802,False,False,False
2026-08-07,FBK,60.84000015258789,56,4,False,0.07566044668754413,0.0928942175948726,0.2958466275598588,-0.02554658742084126,False,True,False
2026-08-07,FEGE,52.52000045776367,56,6,False,0.053573368411237166,0.08884720203140861,0.28035104514055287,-0.0005708616504739306,False,False,False
2026-08-07,GDOT,13.149999618530273,56,6,False,-4.56509957084128e-05,0.06250602757531887,0.412459616094375,-0.14665803058144555,False,True,False
2026-08-07,HMC,31.81999969482422,56,4,False,0.1395133852436361,0.1289332477764955,0.36860213741179426,-0.08799082111004741,False,True,False
2026-08-07,INDB,83.7300033569336,56,7,False,0.007860216833826206,0.07519360688259091,0.3347681168171839,-0.04308567592075896,False,True,False
2026-08-07,JHMM,76.4800033569336,56,6,False,0.032428114354590365,0.09800778962035461,0.24317299720179064,-0.004166662527455345,False,True,False
2026-08-07,NE,40.77000045776367,56,3,False,-0.03200071238935598,0.01356391724969086,0.5561068423873423,-0.25845760645298577,True,False,False
2026-08-07,PII,71.56999969482422,56,5,False,0.028756887859379576,0.09992199886296449,0.5182435430947505,-0.08220060767077964,False,False,False
2026-08-07,RILY,7.179999828338623,56,4,False,-0.0930450144794579,0.01668032952901921,0.9725273685198537,-0.3612099666773969,False,True,False
2026-08-07,SECT,72.93000030517578,56,6,False,0.027782405692290846,0.10322106163121503,0.24901526061849966,-0.004368596516371559,False,False,False
2026-08-07,WTV,107.41999816894531,56,6,False,0.03364591659892491,0.09934418195328609,0.24429509892937484,-0.006474330002353312,False,True,False
2026-08-07,ZVRA,11.5600004196167,56,6,False,-0.0556481054397131,0.14410988011981352,0.6145252326778909,-0.23112733375873906,False,True,False
2026-08-07,CPA,142.1300048828125,56,6,False,-0.013914634485338917,0.09009446937036092,0.32287790071789013,-0.1142892515633912,False,False,False
2026-08-07,DGRO,79.47000122070312,56,6,False,0.037857598502743395,0.09677256427730452,0.23010968052410452,-0.0035109564802116022,False,True,False
2026-08-07,MDGL,510.0400085449219,56,4,False,-0.009442942309168534,0.002220939708944547,0.5305486240898025,-0.17066665277248472,False,False,False
2026-08-07,IHS,8.350000381469727,56,7,False,0.013743244832994606,0.06420947596281468,0.4623468171078149,-0.06703904364045732,False,False,False
2026-08-07,VEA,72.88999938964844,56,6,False,0.02812860562039976,0.09397218752638214,0.2680932493064625,-0.004642959875720942,False,True,False
2026-08-07,LYTS,25.170000076293945,56,7,False,0.023645108265418546,0.16234501581753724,0.4625218718926618,-0.08004387738314,False,True,False
2026-08-07,WCMI,19.639999389648438,56,6,False,0.01812824102705557,0.09402696100256258,0.2736705118336633,-0.016524783928528963,False,False,False
2026-08-07,IIPR,59.15999984741211,56,6,False,-0.028526768269834246,0.09737943730063536,0.327052431976369,-0.09513609157701042,False,True,False
2026-08-07,ONEQ,105.18440246582031,56,6,False,0.029460586406869105,0.10922919772687756,0.291398482588775,-0.017610882921250792,False,True,False
2026-08-07,PM,189.57000732421875,56,7,False,0.031253709489732495,0.11034028798731654,0.33396669136605506,-0.08755288632826119,False,False,False
2026-08-07,RGLD,229.9199981689453,56,5,False,0.121208746256803,0.001558828967278103,0.41908401497323977,-0.24924082230548472,False,False,False
2026-08-07,PAYX,120.04000091552734,56,4,False,0.12709382731465202,0.16103342977108293,0.40479818844506954,-0.15399251933265679,False,True,False
2026-08-07,MSFL,25.440000534057617,56,3,False,0.44479785325960997,0.19312240402128378,0.963720623996728,-0.2953884266278023,False,False,False
2026-08-07,DFAW,85.58000183105469,56,6,False,0.032706333701563395,0.10115991867609431,0.25493074586156106,-0.0027965260384871238,False,True,False
2026-08-07,QUAL,225.69000244140625,56,6,False,0.03743100256389065,0.10091556273569413,0.23139460903848486,-0.00647121498945602,False,True,False
2026-08-07,JNUG,166.13999938964844,56,3,False,0.2600013680684785,-0.14215300482721294,0.9906542201311623,-0.5430064503694596,False,True,False
2026-08-07,CECO,70.91999816894531,56,4,False,-0.13794991449224514,0.042946520259847576,0.6577840157224741,-0.2994863723290807,False,False,False
2026-08-07,XLI,185.17999267578125,56,6,False,0.030334687981586228,0.10157108655766467,0.2585292472742051,-0.01599452535509782,False,True,False
2026-08-07,EPR,62.20000076293945,56,6,False,0.03933083291809125,0.12172827082996673,0.2928705045486162,-0.042635068581174496,False,False,False
2026-08-07,MDY,709.1599731445312,56,6,False,0.02784375495604352,0.10095894947100015,0.248740874551318,-0.001773612505188149,False,True,False
2026-08-07,PVH,87.58000183105469,56,4,False,0.07735874706646673,0.14048414703952772,0.46946315559190466,-0.13071958480342738,False,True,False
2026-08-07,RBC,567.25,56,6,False,-0.046643465040128174,0.061830248673422794,0.556241426611797,-0.15042909445123898,False,False,False
2026-08-07,ADX,26.1200008392334,55,6,False,0.02451464209261678,0.09584906430759599,0.24916312911719585,-0.013967494718069906,False,False,False
2026-08-07,AER,151.72000122070312,55,7,False,0.03734213733154279,0.07027960872354688,0.3957682196895096,-0.0446445214211072,False,False,False
2026-08-07,AMCR,47.86000061035156,55,7,False,0.12548738920943103,0.1344162556227213,0.3202758789062501,-0.06046325283453202,False,False,False
2026-08-07,AVL,54.779998779296875,55,3,False,0.12385504372917233,0.12209533942622097,0.8922278872415048,-0.31704277017126425,False,True,False
2026-08-07,BDC,132.82000732421875,55,5,False,0.18409562968871152,0.11763628125730952,0.3553061971859055,-0.16982309666903672,False,True,False
2026-08-07,ESGU,169.5399932861328,55,6,False,0.03573065993178148,0.10485603729880144,0.23914620823238497,-0.005046952119458381,False,False,False
2026-08-07,ESGV,137.11000061035156,55,6,False,0.03721757847128826,0.10794348395669107,0.26742466466596637,-0.003561086274919467,False,False,False
2026-08-07,F,13.979999542236328,55,5,False,-0.03459708753671653,0.04324851414613584,0.2640143772002521,-0.21372334070061916,False,False,False
2026-08-07,FLJP,41.2400016784668,55,6,False,0.038654923677616804,0.0990959026924978,0.2525437398354391,-0.006863331413353269,False,True,False
2026-08-07,HLIT,11.84000015258789,55,5,False,-0.13034535517935708,0.059218748726581616,0.39787482636541216,-0.3303167450103631,False,True,False
2026-08-07,IAK,148.0800018310547,55,6,False,0.04970504872233428,0.10021031928917412,0.18825227545676726,-0.02821894549133741,False,False,False
2026-08-07,IDCC,344.55999755859375,55,4,False,0.24755328865292991,0.06982006637404603,0.38299750502813046,-0.1649054957305347,False,True,False
2026-08-07,MTX,75.29000091552734,55,6,False,-0.0022766334643051778,0.08944868138284945,0.39581021194625454,-0.10730372083615414,False,False,False
2026-08-07,PBR.A,16.059999465942383,55,5,False,0.012380506431984184,0.06681542841078758,0.4925649743793097,-0.19900248992244463,False,True,False
2026-08-07,RDVI,29.829999923706055,55,6,False,0.036995316144861956,0.09956236467887636,0.20916091736742604,-0.00666003191363207,False,False,False
2026-08-07,RSP,220.08999633789062,55,6,False,0.0347476460406404,0.09818716582776044,0.20855524463372155,-0.00452304498875522,False,True,False
2026-08-07,SPDW,51.650001525878906,55,6,False,0.026606326441816597,0.08981767658286244,0.2659314336202927,-0.00977757521137157,False,True,False
2026-08-07,VIS,356.8299865722656,55,6,False,0.024516815528039304,0.09588035268040063,0.26521996992065944,-0.014853275750897454,False,False,False
2026-08-07,VYM,165.6300048828125,55,6,False,0.03263562523802932,0.09111285947969505,0.23521522415024054,-0.002589381441063354,False,True,False
2026-08-07,XSOE,46.70000076293945,55,6,False,-0.014354945166006328,0.08570970551904677,0.3308256045970739,-0.09108602973696778,False,True,False
2026-08-07,EMBJ,73.01000213623047,55,6,False,0.1532981682716279,0.12490171358377333,0.36314414234945613,-0.09585136673398797,False,False,False
2026-08-07,EQWL,133.92999267578125,55,6,False,0.03552623440129832,0.09874642734521566,0.22702694277129387,-0.0004105529299528454,False,True,False
2026-08-07,CUZ,29.6200008392334,55,6,False,-0.008681535490047243,0.133617217910442,0.40846409282538554,-0.1010622108225101,False,False,False
2026-08-07,DIA,539.6199951171875,55,6,False,0.03677851237390928,0.09567756250407733,0.23206534906003307,-0.013040703946616383,False,True,False
2026-08-07,DFAU,53.529998779296875,55,6,False,0.035636877142032786,0.10383307890087767,0.24141929743218316,-0.004278265428148353,False,True,False
2026-08-07,THRO,44.25,55,6,False,0.03350664445011531,0.11103299845698134,0.2662755869634179,-0.004051323518780459,False,True,False
2026-08-07,CLBT,16.010000228881836,55,4,False,0.10109285681414248,0.05271984677562447,0.4528130275713984,-0.19869866888446064,False,True,False
2026-08-07,VTHR,341.9945983886719,55,6,False,0.03576570135710311,0.10178646542608227,0.23139230497314633,-0.0028439887703285427,False,True,False
2026-08-07,XIFR,11.4399995803833,55,6,False,-0.04639650931063688,0.07956605938975736,0.318731911107222,-0.13660380525409055,False,False,False
2026-08-07,DSI,147.32000732421875,55,6,False,0.041663776082425885,0.11074088481941557,0.25828497625751745,-0.0059378518363314425,False,False,False
2026-08-07,LLYVA,98.77999877929688,55,7,False,0.01094455104891634,0.09651507184200159,0.32804520606187104,-0.06347475507635936,False,True,False
2026-08-07,EQH,51.52000045776367,55,4,False,0.12514141995982464,0.16430958226186432,0.4638443217642707,-0.06734252548281916,False,True,False
2026-08-07,ITOT,169.5800018310547,55,6,False,0.03502913978631361,0.1027757444863997,0.2339373562445013,-0.003701338687281619,False,True,False
2026-08-07,QCLN,52.81999969482422,55,5,False,-0.07846161545751762,0.025876077767354122,0.5296843777038724,-0.23670517306047445,False,True,False
2026-08-07,CRBG,33.68000030517578,55,4,False,0.13012550633059772,0.1711014795157253,0.5178007883994011,-0.043589375003859065,False,False,False
2026-08-07,DFUS,84.55000305175781,55,6,False,0.03492935725734725,0.1035467864231241,0.23882788354223905,-0.0044156607185690255,False,True,False
2026-08-07,CLF,12.260000228881836,55,3,False,0.07046190662982377,0.0737056172111461,0.5860284862394234,-0.26586828330636014,False,False,False
2026-08-07,TROW,114.0199966430664,55,5,False,0.01397074580934432,0.10952817150301097,0.33794877974452175,-0.06540986358142287,False,False,False
2026-08-07,SPGP,128.30999755859375,55,6,False,0.04686110879690486,0.10548692131304249,0.23541302527014718,-0.01025919343810866,False,False,False
2026-08-07,ADP,271.32000732421875,54,4,False,0.1279377296229529,0.15162686247900425,0.4419642965751902,-0.124999938488496,False,False,False
2026-08-07,AMZZ,39.49879837036133,54,5,False,0.1888836157282019,0.2341758882831333,0.7784241332083408,-0.08376715817357505,False,False,False
2026-08-07,FENI,41.7599983215332,54,6,False,0.03937991068759761,0.08709866144035994,0.24835581551470653,-0.0020337406405904757,False,True,False
2026-08-07,FEZ,71.86000061035156,54,6,False,0.04916137379243879,0.09229979473670813,0.22294082135835813,-0.0018057682633074723,False,True,False
2026-08-07,FGD,35.0099983215332,54,6,False,0.04493732693134178,0.09101952583660422,0.24635094807245084,-0.0011412529642810254,False,True,False
2026-08-07,FIDU,98.61000061035156,54,6,False,0.024357722577837304,0.09447005469225211,0.2598697437032149,-0.01389999389648433,False,True,False
2026-08-07,FRPT,66.91000366210938,54,6,False,0.19370878333753572,0.0859382482561366,0.44047368273660226,-0.22197670160337934,False,False,False
2026-08-07,GPC,135.6300048828125,54,4,False,0.16793742607533169,0.1386920161051195,0.4940516270831239,-0.10516594095894893,False,True,False
2026-08-07,IWV,440.2900085449219,54,6,False,0.03547264503946512,0.10179032042632219,0.23192505893675364,-0.0040039565295371116,False,False,False
2026-08-07,KIE,64.55999755859375,54,4,False,0.05511914772707982,0.10061146534162191,0.20785774812107438,-0.02961072083043781,False,True,False
2026-08-07,LRGF,78.79000091552734,54,6,False,0.038870299626449833,0.10562827742796443,0.2332133615310854,-0.0034150853959526994,False,True,False
2026-08-07,LRMR,4.159999847412109,54,4,False,0.14166524925018087,0.0663453553392288,0.5322283531949628,-0.352024953586365,True,True,False
2026-08-07,MGC,283.7699890136719,54,6,False,0.03639371875996433,0.10190897117792197,0.2425887598239691,-0.0038964330599378094,False,True,False
2026-08-07,RLI,64.2300033569336,54,4,False,0.11015094347649068,0.08915639839247813,0.3590775632268337,-0.07168664416037629,False,True,False
2026-08-07,SBUX,105.58000183105469,54,7,False,0.030056833403509398,0.10645287540726489,0.3537633635466757,-0.03341574122223279,False,False,False
2026-08-07,SCHB,29.899999618530273,54,6,False,0.034687990537877855,0.1022899107559716,0.23298967499093903,-0.0036654651620328105,False,True,False
2026-08-07,SCHK,37.310001373291016,54,6,False,0.03526738254459949,0.10187065358361758,0.23135321164154998,-0.003738301383079845,False,False,False
2026-08-07,SDVY,44.599998474121094,54,6,False,0.041695831291453045,0.09532141974951269,0.23785734069323938,-0.011283838534690838,False,True,False
2026-08-07,SPGM,88.0376968383789,54,6,False,0.03187047586651137,0.09580256460417713,0.25124639105569524,-0.002066474493331083,False,True,False
2026-08-07,SPTM,93.88999938964844,54,6,False,0.03473737040665603,0.10088666035228111,0.2324757024616264,-0.004347864780919863,False,True,False
2026-08-07,VRSN,294.55999755859375,54,7,False,0.06968493653975805,0.14304007056370938,0.4103226883931872,-0.05734771120613669,False,True,False
2026-08-07,EEM,65.63999938964844,54,6,False,-0.011302846022017365,0.08360729559858093,0.33333333333333326,-0.08285594984576516,False,True,False
2026-08-07,EMGF,70.20999908447266,54,6,False,-0.012342013294446952,0.08836327079087969,0.3237179086080828,-0.08318102107956427,False,True,False
2026-08-07,DIVI,44.75,54,6,False,0.03912689935494962,0.09128242137083786,0.24895332718666352,-0.002649949035517629,False,True,False
2026-08-07,DFAI,43.310001373291016,54,6,False,0.04072553416601066,0.08553374726448282,0.24186383866067418,-0.0008282240011940889,False,False,False
2026-08-07,PRKS,45.029998779296875,54,5,False,-0.0026269115537949084,0.16983368794671572,0.5651719868897462,-0.20930644115811126,False,False,False
2026-08-07,DLO,14.404999732971191,54,5,False,0.06029823596897521,0.07530692339881728,0.3877648915370042,-0.14153759573826952,True,True,False
2026-08-07,SSB,108.12000274658203,54,6,False,0.07669942027466381,0.11922224219882738,0.2798295271103137,-0.021272729683655345,False,False,False
2026-08-07,RACE,412.260009765625,54,4,False,0.1133394103211951,0.13305979132423928,0.3191897759524891,-0.18281825656422235,False,False,False
2026-08-07,PRN,221.89999389648438,54,6,False,-0.05700390531282573,0.07089009582687589,0.4224358583107972,-0.1554067498286994,False,False,False
2026-08-07,VTI,381.7799987792969,54,6,False,0.03444799805066623,0.10144531256507006,0.23409625309309123,-0.003939601168727158,False,True,False
2026-08-07,ICOW,45.18000030517578,54,7,False,0.04542678730829497,0.08122493857441682,0.30578041322654825,-0.01137856562543793,False,True,False
2026-08-07,DB,38.060001373291016,54,5,False,0.09586993395519272,0.09532748923081669,0.3534850724538101,-0.058619809893529995,False,True,False
2026-08-07,L,115.52999877929688,54,6,False,0.029418568000571188,0.07126314320457072,0.24319378456800012,-0.0452855405354371,False,True,False
2026-08-07,HEI.A,266.30999755859375,54,5,False,0.0548559901847947,0.09932500104472886,0.3358915947075922,-0.0477365584234396,False,True,False
2026-08-07,VSGX,82.79000091552734,54,6,False,0.020385541810582053,0.08913002199403186,0.25079313887042076,-0.027829998175969206,False,True,False
2026-08-07,ITRN,52.95000076293945,54,5,False,-0.11239924222838815,0.051958203576897954,0.6187710866697844,-0.22474380092173807,True,False,False
2026-08-07,NVDX,20.610000610351562,54,4,False,0.1433612162136424,0.16929704917766752,0.6607575232685778,-0.1662620880730601,False,True,False
2026-08-07,PSA,328.3999938964844,54,6,False,0.02927153428971052,0.11513589449116202,0.2801121967647371,-0.021308282391879763,False,False,False
2026-08-07,INTF,43.06999969482422,54,6,False,0.04144450173641334,0.08694060527167391,0.24623836757454476,-0.0011595370663048943,False,True,False
2026-08-07,AFL,124.61000061035156,53,6,False,0.03390539650557778,0.09547349536285665,0.22780572699997603,-0.04308094423101305,False,True,False
2026-08-07,AVDE,93.94999694824219,53,6,False,0.04195313921816868,0.08447033795140335,0.24999989849129634,-0.0005850785254267743,False,False,False
2026-08-07,BBJP,78.19999694824219,53,6,False,0.040112112997088945,0.09226186692854865,0.2395973382440746,-0.005595148077584655,False,False,False
2026-08-07,BBUS,139.5,53,6,False,0.03543641609146442,0.09952164248780981,0.2298333741045988,-0.0037137855777312767,False,True,False
2026-08-07,BC,81.55000305175781,53,7,False,0.004065552994129584,0.052124380901237055,0.4604226867642369,-0.09639885815226801,False,False,False
2026-08-07,BCC,86.5999984741211,53,6,False,0.15264720850611457,0.13863242312605584,0.3323076688326323,-0.05838863406879247,False,True,False
2026-08-07,BKLC,49.40999984741211,53,6,False,0.034699386757598205,0.10030962534330379,0.2286969520239841,-0.0036297702081452554,False,True,False
2026-08-07,FNB,18.969999313354492,53,7,False,0.018009668471682172,0.08539547040805417,0.3118948314875294,-0.0316488430017442,False,True,False
2026-08-07,GSUS,106.83000183105469,53,6,False,0.035120472704351924,0.10020904968403843,0.23246425305648866,-0.0033771130978436092,False,True,False
2026-08-07,IVV,776.72998046875,53,6,False,0.035032761476761376,0.10000282725135956,0.2287309179450152,-0.005008754491592882,False,True,False
2026-08-07,IWB,423.44000244140625,53,6,False,0.03594746162931939,0.1003270196636179,0.2266157206417594,-0.003529910084675625,False,False,False
2026-08-07,JIRE,85.72000122070312,53,6,False,0.043873894473302144,0.09115859732101961,0.21313326886606854,-0.0008159423484928041,False,True,False
2026-08-07,MTG,30.479999542236328,53,4,False,0.09519736019099367,0.11012771314339109,0.23450785269088725,-0.044214483361507906,False,True,False
2026-08-07,PBUS,77.61000061035156,53,6,False,0.03590081925458222,0.10080360418439827,0.23131845333057033,-0.002826689136930516,False,True,False
2026-08-07,PTL,288.625,53,6,False,0.021587756553206328,0.09061823349769815,0.22887131604865774,-0.015670831462975543,False,True,False
2026-08-07,SBCF,34.54999923706055,53,6,False,0.06236430071122845,0.08362238118283738,0.26928729274838226,-0.03058361872207216,False,False,False
2026-08-07,SPY,773.260009765625,53,6,False,0.0348921183079165,0.09998927251261724,0.22913326408816714,-0.004621182896484943,False,True,False
2026-08-07,SPYM,91.01000213623047,53,6,False,0.03508439275598163,0.10023292490900415,0.22969868273626104,-0.004702540394739385,False,True,False
2026-08-07,TFX,134.97999572753906,53,7,False,0.025426724371403253,0.111357624079512,0.3473746787417942,-0.06910347774110992,False,False,False
2026-08-07,URTH,210.47000122070312,53,6,False,0.0370636879757269,0.09591395495282984,0.22622932864794976,-0.0009019388498208158,False,True,False
2026-08-07,VV,356.05999755859375,53,6,False,0.034708013844994,0.09963109092003375,0.2315728117298299,-0.004306511517441325,False,False,False
2026-08-07,EMR,158.25999450683594,53,6,False,0.09884917226223444,0.12805678684663602,0.29044353632142994,-0.04171964665022676,False,False,False
2026-08-07,DLN,100.63999938964844,53,6,False,0.03388690814434092,0.09186637910465922,0.20888888155733865,-0.0031695691137683113,False,True,False
2026-08-07,CWBC,25.200000762939453,53,6,False,-0.025732993813046723,0.058494449850136965,0.3614262804610322,-0.10543128524354717,False,True,False
2026-08-07,ROK,441.0400085449219,53,6,False,-0.049483970520773246,0.06536704204130972,0.3417705876662196,-0.11323785279354637,False,False,False
2026-08-07,DFIC,39.22999954223633,53,6,False,0.03940352797418756,0.08390360405395492,0.24448810867415527,-0.0010186125556673753,False,False,False
2026-08-07,VT,161.3000030517578,53,6,False,0.03137874742981861,0.09475429872413321,0.23620484620934046,-0.004320968816309834,False,True,False
2026-08-07,LNG,256.1400146484375,53,7,False,0.0321891726361454,0.09546138396820902,0.37561771668361765,-0.1487254405975761,False,True,False
2026-08-07,FDVV,64.19999694824219,53,6,False,0.04045114045291287,0.09753434186923493,0.1947519534572153,-0.003105661069842447,False,False,False
2026-08-07,MSA,194.19000244140625,53,5,False,0.13754721016728078,0.13113020827897293,0.28509034251240384,-0.07050543680183019,False,False,False
2026-08-07,VONE,350.1700134277344,53,6,False,0.03572527564231964,0.09983321842657178,0.22625723638298934,-0.0035569971892254193,False,True,False
2026-08-07,VOO,710.7100219726562,53,6,False,0.03448770736523543,0.0994556671531186,0.2289429976535169,-0.004830782039890069,False,True,False
2026-08-07,TRIN,18.049999237060547,53,6,False,0.040483717787534124,0.1332475866148941,0.2774238563956821,-0.010687947010313503,False,False,False
2026-08-07,CGGE,35.779998779296875,53,6,False,0.0335931891683503,0.09481984261351961,0.21742087520760833,-0.006166327671930483,False,False,False
2026-08-07,VEU,85.22000122070312,53,6,False,0.02500326465284597,0.08736636759237815,0.2530510004984179,-0.006064808211129424,False,False,False
2026-08-07,TSPA,48.7400016784668,53,6,False,0.031717849428035017,0.09996456191269232,0.2329876848868888,-0.005711929348881317,False,True,False
2026-08-07,WTFC,158.75,53,7,False,0.002859173883381194,0.08637818638051442,0.3272301579292951,-0.05065184283502133,False,True,False
2026-08-07,SCHX,30.520000457763672,53,6,False,0.03620612113805022,0.10085920604332155,0.23014917834478887,-0.00359120816248093,False,True,False
2026-08-07,HDV,28.780000686645508,53,6,False,0.03214054885804729,0.08819814331532938,0.22384758341547606,-0.028031067429829415,False,False,False
2026-08-07,AA,50.16999816894531,52,3,False,-0.09816472872512605,-0.1097696782324673,0.7347855475999889,-0.4054278288458574,True,True,False
2026-08-07,ACWI,161.44000244140625,52,6,False,0.03116622232273758,0.09419358628539554,0.24356796590080454,-0.0017313800221578912,False,True,False
2026-08-07,ACWX,77.41000366210938,52,6,False,0.025113405477325657,0.08515629108635347,0.25869924653836374,-0.0029623355145174113,False,False,False
2026-08-07,ALGN,173.66000366210938,52,5,False,-0.005938251805149841,0.03518442996765203,0.4234426529681097,-0.13360605893589206,False,False,False
2026-08-07,AVEM,92.2699966430664,52,6,False,-0.013112896992046763,0.0800655114487463,0.3130781421799136,-0.0848954183530708,False,False,False
2026-08-07,ESGE,52.68000030517578,52,6,False,-0.009930754975351785,0.08199501554589639,0.3165063378409967,-0.07756960703608917,False,False,False
2026-08-07,EXI,205.24000549316406,52,6,False,0.041300979481855515,0.09240408427235547,0.23862407527546625,-0.00470394834935961,False,True,False
2026-08-07,EYPT,13.890000343322754,52,2,False,0.060143519760067266,-0.015469646534161496,0.43937833081886146,-0.2731554212615369,False,False,False
2026-08-07,EZU,71.56999969482422,52,6,False,0.039488056312846576,0.08598671722192108,0.21945819338039185,-0.00248506171661933,False,True,False
2026-08-07,FAF,74.22000122070312,52,7,False,0.06120443582084922,0.1279121199536255,0.32064057318744354,-0.07073996909460101,False,True,False
2026-08-07,IJJ,150.4199981689453,52,6,False,0.02805730733290357,0.08858601033030933,0.22332465264258694,-0.007979995217980429,False,True,False
2026-08-07,IPAC,86.1500015258789,52,6,False,0.04472364723568645,0.093731471546187,0.22476551053602734,-0.0012752215120264143,False,True,False
2026-08-07,IQLT,51.66999816894531,52,6,False,0.04404504899247774,0.0873441981172216,0.22382749111831535,-0.0016424093791062022,False,False,False
2026-08-07,IVT,33.22999954223633,52,5,False,-0.04898460968313778,0.06431701838299486,0.23946289459831882,-0.10720047145639033,False,True,False
2026-08-07,IWL,191.6199951171875,52,6,False,0.035769205212862865,0.09750192932182178,0.23323458035483502,-0.003639830388791232,False,True,False
2026-08-07,IXJ,102.27999877929688,52,6,False,0.04546995634830231,0.061015097362285164,0.24488795302313826,-0.010831747872863562,False,True,False
2026-08-07,LUNR,16.399999618530273,52,3,False,-0.2148752650989636,-0.14528246307688375,1.1079690457918723,-0.6491978691223471,True,True,False
2026-08-07,MAS,77.51000213623047,52,7,False,0.023604600527316055,0.1279850728940084,0.3327029288099175,-0.07329025942313239,False,False,False
2026-08-07,OMF,64.94999694824219,52,5,False,0.09596571336496296,0.09263504987925009,0.4187417798188011,-0.09703883396802016,False,True,False
2026-08-07,PPLI,41.58000183105469,52,6,False,-0.0516375845217244,0.04857612939637379,0.40663066922450986,-0.13948671163777937,False,False,False
2026-08-07,TMFC,80.33999633789062,52,6,False,0.045956699567286874,0.10473225902262517,0.2600376168886751,-0.005323762820939715,False,False,False
2026-08-07,VXUS,87.20999908447266,52,6,False,0.026188333886440374,0.08589745757881007,0.24692587990020054,-0.01591067048532402,False,True,False
2026-08-07,DFAX,37.849998474121094,52,6,False,0.02631372760062778,0.08301468415656688,0.26314027303124266,-0.015604740621921631,False,False,False
2026-08-07,DFAE,38.83000183105469,52,6,False,-0.007636275406143644,0.08208661003292161,0.3104962177140358,-0.07900660616437205,False,False,False
2026-08-07,DBD,75.37999725341797,52,5,False,-0.0875793407482176,0.011410196723389499,0.3836269803008836,-0.18140850298245248,False,False,False
2026-08-07,EG,374.9599914550781,52,6,False,0.04821578169813878,0.10871633380305323,0.23978305921261733,-0.06510089359046412,False,True,False
2026-08-07,RNST,42.72999954223633,52,6,False,0.004882117041927536,0.10521529395827645,0.2932808219794907,-0.040637659094883816,False,True,False
2026-08-07,MDYV,96.66000366210938,52,6,False,0.027694413686872643,0.0874720076654647,0.22261581896042593,-0.00942814256693858,False,False,False
2026-08-07,XMHQ,118.48999786376953,52,6,False,0.0512484521525145,0.10503470011459903,0.21540671310040405,-0.007039335912140676,False,True,False
2026-08-07,FDL,51.88999938964844,52,6,False,0.029718756999208562,0.07746245884219105,0.23254159787072837,-0.023890151644263002,False,True,False
2026-08-07,VEEV,230.47000122070312,52,3,False,0.2549455649793999,0.14048101714745398,0.5567037924351244,-0.25774556772720414,False,True,False
2026-08-07,BNL,20.93000030517578,52,5,False,-0.017767461883393953,0.07820184570580113,0.26963903732178407,-0.09393939569086185,False,False,False
2026-08-07,HOG,26.010000228881836,52,4,False,0.024273841543938746,0.13680319410768838,0.5219426563283684,-0.16767999267578126,False,True,False
2026-08-07,CWT,50.529998779296875,52,6,False,0.045888245962242724,0.10381734902697382,0.22378294160547663,-0.061129708922011305,False,False,False
2026-08-07,GSIE,48.2599983215332,52,6,False,0.04706358367562036,0.08794827366750368,0.20982700075089,-0.0008943806360787177,False,True,False
2026-08-07,CGMM,33.13999938964844,52,6,False,0.029576224534892948,0.08645138532174346,0.23679788375772515,-0.003308289033129741,False,True,False
2026-08-07,COLB,31.239999771118164,52,6,False,-0.0008251882550993628,0.06996560380601902,0.3304940536699321,-0.07244657101985386,False,True,False
2026-08-07,CGIC,36.900001525878906,52,6,False,0.020854805805478938,0.07676539009547012,0.25403576831375596,-0.010856420747453632,False,False,False
2026-08-07,CWI,41.27000045776367,52,6,False,0.0246746343447648,0.08391476467706815,0.25326450274211054,-0.00338081116069322,False,False,False
2026-08-07,AFG,145.58999633789062,51,4,False,0.05303278854505944,0.08665429349369047,0.18279308367380187,-0.029529448129628655,False,True,False
2026-08-07,AIOT,4.409999847412109,51,3,False,0.08867380730352115,0.051364233817909666,0.5863308966897123,-0.25000004054737657,False,True,False
2026-08-07,ALB,131.11000061035156,51,3,False,-0.055091660131117326,-0.1440551083678191,0.8780977681643203,-0.40674207868619205,True,False,False
2026-08-07,AMZN,274.4800109863281,51,7,False,0.10897877979594406,0.1604124302763299,0.40040821931800075,-0.04428969596120269,False,False,False
2026-08-07,ARGX,865.0399780273438,51,4,False,-0.012813678543060703,0.041378721394688345,0.36988300023854626,-0.09285014102194422,False,True,False
2026-08-07,ARHS,9.600000381469727,51,3,False,0.2646555611361814,0.11742902778089004,0.7235188663569307,-0.2604005608604406,False,False,False
2026-08-07,AXON,571.010009765625,51,3,False,0.11712291975227163,0.11417761020459638,0.6843455748117688,-0.3547909494173729,False,True,False
2026-08-07,BCPC,179.42999267578125,51,5,False,0.08659971660366272,0.09067960767485639,0.28928644849130736,-0.024306695862204575,False,True,False
2026-08-07,BIP,39.040000915527344,51,7,False,0.010043540338223078,0.06031206313087312,0.31758359842347295,-0.11353314932010217,False,False,False
2026-08-07,ESGD,107.68000030517578,51,6,False,0.043706169238988846,0.08471681041391621,0.20847554323604878,-0.0017614020262205488,False,True,False
2026-08-07,ESNT,68.72000122070312,51,4,False,0.09661093107066931,0.11005488381796558,0.24177811765852586,-0.018145401940693917,False,True,False
2026-08-07,FFLC,60.400001525878906,51,6,False,0.027973851110283388,0.09275502557011017,0.2226720578993806,-0.012103334497167495,False,False,False
2026-08-07,FR,63.630001068115234,51,6,False,-0.005249662697969226,0.054189812784917635,0.3429717102926697,-0.08943898727753652,False,True,False
2026-08-07,GRID,186.42999267578125,51,7,False,0.003691054219007839,0.0854076196050626,0.33948845011127804,-0.06780345239725649,False,False,False
2026-08-07,GSLC,147.8699951171875,51,6,False,0.03910246086083147,0.09509825763350022,0.22085528206743987,-0.002428662353962996,False,True,False
2026-08-07,IDEV,93.30999755859375,51,6,False,0.041183117616249376,0.08243485021047836,0.21862345475366474,-0.0009636398909502741,False,False,False
2026-08-07,IDMO,62.7400016784668,51,6,False,0.04567366329914013,0.08891286869518522,0.20909621153286873,-0.0039182727888712465,False,False,False
2026-08-07,IEMG,79.98999786376953,51,6,False,-0.007671681220233095,0.07839856541364032,0.3072397394834143,-0.07515319875759685,False,True,False
2026-08-07,JTEK,102.03350067138672,51,6,False,-0.007331170091851025,0.0946306251357858,0.35583687987913004,-0.0875201131295521,False,True,False
2026-08-07,MFSI,33.869998931884766,51,6,False,0.04011327124380837,0.08648281404510971,0.20063807270832146,-0.0029438411900147843,False,False,False
2026-08-07,MOAT,112.2699966430664,51,6,False,0.06873117977118959,0.08928400228916256,0.19347291386505194,-0.0008454698750433032,False,True,False
2026-08-07,NSC,334.3599853515625,51,6,False,0.0387508773789802,0.1027054838104624,0.24654204099706445,-0.06759626419235432,False,False,False
2026-08-07,OKE,86.41999816894531,51,6,False,-0.02819168141409556,0.04988214001657054,0.3498907013501835,-0.10044760650081275,False,False,False
2026-08-07,PCRX,25.020000457763672,51,5,False,0.014195512829706436,0.06198748733930315,0.3308511421873679,-0.09544466392668605,False,False,False
2026-08-07,TCAF,42.849998474121094,51,6,False,0.04459197807907511,0.10244076890536391,0.244554112527253,-0.0044145547714824485,False,True,False
2026-08-07,USAS,5.010000228881836,51,4,False,0.05834640404839653,-0.1250207010032487,1.303448431594858,-0.5228571210588728,False,False,False
2026-08-07,IHDG,53.79999923706055,51,6,False,0.029056088732160923,0.07664371084719734,0.21609396916562384,-0.0014829768824534684,False,True,False
2026-08-07,FTV,61.709999084472656,51,7,False,0.011500046390336527,0.07986464879018906,0.33167887098132476,-0.044144959446977605,False,False,False
2026-08-07,USRT,67.37999725341797,51,6,False,0.007647796991413935,0.08811059572668145,0.2153679459320319,-0.03866456307699406,False,True,False
2026-08-07,OEF,383.04998779296875,51,6,False,0.039336008824334634,0.09889081579006631,0.24837046136304886,-0.004599603704489086,False,True,False
2026-08-07,TAK,17.450000762939453,51,6,False,0.06780080746090733,0.06734035132799976,0.3433411139650373,-0.07671951771730123,False,False,False
2026-08-07,SPHQ,85.97000122070312,51,5,False,-0.006154729046713436,0.07842984882075932,0.2110156896423685,-0.048583436918940515,False,True,False
2026-08-07,DIHP,35.619998931884766,51,6,False,0.04226525550400062,0.07832782986832432,0.22107570907685714,-0.0005611800815429335,False,True,False
2026-08-07,CQP,64.70999908447266,51,7,False,0.028582859810215355,0.08420743770970085,0.3064809343690291,-0.08394677741241263,False,False,False
2026-08-07,VO,82.69000244140625,51,6,False,0.02899199351722581,0.0910792156359268,0.1907694237959774,-0.007799303156302839,False,True,False
2026-08-07,PLMR,131.0,51,6,False,0.03965118597910511,0.0561811778565362,0.29947428997663583,-0.11258634105761745,True,True,False
2026-08-07,DBB,25.3700008392334,51,7,False,0.015620653693771969,0.06262896345778746,0.314507867467529,-0.0501684122489634,False,True,False
2026-08-07,CTRE,41.220001220703125,51,6,False,0.025781431627740492,0.06809842941903632,0.2913534186146829,-0.05502058161279144,False,True,False
2026-08-07,DAN,28.440000534057617,51,3,False,-0.028150791854267276,-0.0258488914018703,0.6373056511212454,-0.2810920235897939,True,True,False
2026-08-07,ABM,48.540000915527344,50,5,False,0.07519261633792795,0.1258249939058922,0.31331174561418185,-0.031524302674162175,False,True,False
2026-08-07,AROC,33.08000183105469,50,5,False,-0.09779680377353994,0.02298790599733791,0.4579110203810579,-0.2166705614578629,False,True,False
2026-08-07,BANR,70.66999816894531,50,6,False,0.042939498621719085,0.09998463495155008,0.23873793363763984,-0.027254002964174573,False,True,False
2026-08-07,BATRK,50.060001373291016,50,6,False,-0.01587261843409804,0.12186690907193176,0.3257416207231014,-0.05990607749688237,False,False,False
2026-08-07,BBEU,80.77999877929688,50,6,False,0.03720347205541197,0.07469408641869846,0.2069325924244776,-0.0032083185253352076,False,True,False
2026-08-07,BEAM,27.479999542236328,50,4,False,-0.10044979027693879,-0.022316322710092207,0.7615383891194076,-0.2817563840098173,False,True,False
2026-08-07,ESS,288.1000061035156,50,6,False,0.0019029793241989168,0.08996528668186121,0.20816907654126027,-0.050271962067460985,False,False,False
2026-08-07,EVTC,29.850000381469727,50,4,False,0.07122863983885885,0.05591766067743742,0.36863829034394446,-0.20843274711823945,False,True,False
2026-08-07,FCG,28.3700008392334,50,6,False,0.013373558225567406,0.05096458791061287,0.30376840720700793,-0.1410838060031765,False,True,False
2026-08-07,FELE,109.45999908447266,50,6,False,0.05165260910410363,0.10363934709839429,0.22247038156430188,-0.05491280113201191,False,False,False
2026-08-07,GNL,9.229999542236328,50,5,False,0.014575545090905084,0.026530709432516897,0.35735283578556176,-0.08021926431651916,False,True,False
2026-08-07,GSK,52.959999084472656,50,5,False,0.023587332950726347,0.02230795463956925,0.42864848989645465,-0.14165318590589937,False,False,False
2026-08-07,IEV,75.80999755859375,50,6,False,0.03925903108871731,0.07614644698025996,0.20812745113296804,-0.0028936107357012686,False,False,False
2026-08-07,IXUS,97.33999633789062,50,6,False,0.024282205664858836,0.08076475680259532,0.2436438036632207,-0.006024752021306479,False,True,False
2026-08-07,PPG,119.72000122070312,50,6,False,0.02346131235507376,0.08913396322171052,0.2819359888974704,-0.10275044748291151,False,False,False
2026-08-07,RWR,114.79000091552734,50,6,False,0.007573265236290094,0.08329142683680102,0.2116318714782801,-0.04061847512221217,False,False,False
2026-08-07,SCHG,35.779998779296875,50,4,False,0.04832609813217004,0.09901920023221966,0.27968526290714313,-0.00362019127450941,False,True,False
2026-08-07,SPYD,49.900001525878906,50,6,False,0.02647443059579535,0.08396731104762489,0.19178416046911217,-0.019646364833438623,False,False,False
2026-08-07,VIG,245.22999572753906,50,6,False,0.03346724836213877,0.08390744846444043,0.19420495952612815,-0.00191290690492818,False,True,False
2026-08-07,EFA,108.55000305175781,50,6,False,0.041596725364752896,0.08246048169968678,0.21366279168955593,-0.0019308484769025025,False,True,False
2026-08-07,DFEM,39.2599983215332,50,5,False,-0.007563391979909628,0.07792876823189232,0.2918722971381862,-0.07775431987361403,False,False,False
2026-08-07,CW,691.52001953125,50,5,False,-0.06977842769162668,0.032394016829072836,0.4874277044678046,-0.1443278032682539,False,True,False
2026-08-07,CSWC,25.1299991607666,50,6,False,0.06326260787116156,0.10757781272110467,0.2973669629309714,-0.004160944998823912,False,True,False
2026-08-07,XLB,52.86000061035156,50,6,False,0.03166426265949318,0.07570646802277681,0.25752351141273744,-0.023642386289749573,False,False,False
2026-08-07,FDT,93.96510314941406,50,6,False,-0.0014240153543606526,0.06214472611951649,0.3099832531979265,-0.07259076754404958,False,False,False
2026-08-07,NVDG,20.76799964904785,50,4,False,0.14803503211580504,0.16544450559391688,0.6829821225482302,-0.1804262224155163,False,True,False
2026-08-07,CGNG,36.599998474121094,50,6,False,0.008602291719348676,0.0798734177076994,0.26534138079515834,-0.043137294794219794,False,False,False
2026-08-07,MSEX,58.220001220703125,50,7,False,0.05966680270493363,0.09302135953565016,0.3180892830925217,-0.06368605765579305,False,True,False
2026-08-07,VGK,92.5999984741211,50,6,False,0.041570572517303006,0.07939495897732174,0.20259738278079342,-0.0023164786039938656,False,True,False
2026-08-07,HOMB,30.809999465942383,50,6,False,0.06242110609004925,0.09965805405599859,0.2082352731742112,-0.028075750018201062,False,True,False
2026-08-07,KMT,33.130001068115234,50,4,False,-0.0343190893820744,-0.016366638354520013,0.6749241616802872,-0.24377995823773013,False,False,False
2026-08-07,DFIS,37.2400016784668,50,6,False,0.04056357140378286,0.07921575664845881,0.23026102131807047,-0.0013381653641352242,False,False,False
2026-08-07,TRNO,68.76000213623047,50,6,False,0.005698407994363386,0.07165487336343546,0.29735853087227304,-0.12895870268983023,False,True,False
2026-08-07,IYJ,168.3800048828125,50,6,False,0.03611323363192187,0.08785473177215564,0.21223910929973244,-0.016759095574817473,False,False,False
2026-08-07,VMI,493.6400146484375,50,6,False,-0.07063256958542963,0.07124728399315305,0.36966235574091777,-0.15719383973340484,False,True,False
2026-08-07,MSFT,499.989990234375,50,4,False,0.22844042395143527,0.1545058573708531,0.4318155004471891,-0.09703457218731437,False,False,False
2026-08-07,SCHY,33.63999938964844,50,6,False,0.03909260164923256,0.07277504668895962,0.22527770836385752,-0.01175092582610493,False,False,False
2026-08-07,EIX,68.62000274658203,50,5,False,-0.07313853662010972,0.01838121351820976,0.3196154374342699,-0.1592746822168466,False,False,False
2026-08-07,XMMO,161.97999572753906,50,5,False,-0.010742728417095226,0.07643782880636874,0.2576086326834013,-0.06875937993559622,False,True,False
2026-08-07,COMT,32.54999923706055,50,7,False,0.008977548924074874,0.07992916471225597,0.3428217633831707,-0.11186908917106897,True,True,False
2026-08-07,EWL,64.5,49,6,False,0.03098056636563684,0.06349563617207732,0.2142319521261229,-0.015717973424139386,False,True,False
2026-08-07,GLNG,50.43000030517578,49,7,False,0.006369890058602001,0.09418971450228142,0.44003425602456914,-0.1273576828820232,False,False,False
2026-08-07,GUNR,53.02000045776367,49,5,False,0.027670751500552093,0.046669793967520024,0.297919276333692,-0.05909490872278789,False,False,False
2026-08-07,ICVT,115.70999908447266,49,5,False,-0.019495700699748264,0.07035816234666448,0.26376149158833395,-0.08573007809278632,False,True,False
2026-08-07,IDV,44.61000061035156,49,6,False,0.03479952346485238,0.06758629154338602,0.2464375375580865,-0.019344933735884973,False,True,False
2026-08-07,IEFA,101.08000183105469,49,6,False,0.040437933343266286,0.08061302122786551,0.20721363643280388,-0.0017776051884100807,False,True,False
2026-08-07,ILCG,117.72000122070312,49,6,False,0.024764276161612475,0.09873443865357223,0.2899408115833033,-0.023637708230362042,False,True,False
2026-08-07,IYF,136.86000061035156,49,6,False,0.04899608016168644,0.08788836468433292,0.20454143022337368,-0.011412899474076643,False,False,False
2026-08-07,KIM,24.459999084472656,49,5,False,-0.02806920773710775,0.07574167674991727,0.23785419034161515,-0.08217638144110395,False,False,False
2026-08-07,KSPI,90.30000305175781,49,7,False,0.03906328973829232,0.12664918901457134,0.3165185577050993,-0.08971768316815543,False,False,False
2026-08-07,KTB,77.05000305175781,49,4,False,-0.04390228407700714,0.06954622104425612,0.3712405220656718,-0.1338803524649952,False,True,False
2026-08-07,KYIV,13.380000114440918,49,4,False,-0.06375295502504985,0.03426486249004346,0.44025836053632017,-0.191540741314418,False,True,False
2026-08-07,LIF,63.19499969482422,49,3,False,0.21591979614318912,0.11834563050322688,0.7075115525756732,-0.43846633036498317,False,True,False
2026-08-07,MGK,90.79000091552734,49,7,False,0.03546754032594812,0.0957612673290078,0.42438027180345705,-0.017211478514433498,False,True,False
2026-08-07,NXT,103.26000213623047,49,3,False,-0.09884434563039202,-0.054535196671335995,0.9627447431717573,-0.3670079136550678,False,False,False
2026-08-07,OTTR,93.79000091552734,49,6,False,0.045741001585913654,0.08366109367478636,0.2648684960956329,-0.012736832468133175,False,True,False
2026-08-07,PGY,21.280000686645508,49,3,False,0.25601302421065153,0.19563160281506065,1.0461539872299337,-0.5270060037176976,False,False,False
2026-08-07,QQH,85.25,49,6,False,0.02034660931843635,0.08445872550476818,0.24325507334711016,-0.048973665992186444,False,True,False
2026-08-07,RECS,45.290000915527344,49,6,False,0.034519014291592987,0.08646672751754769,0.19846519762634784,-0.00044141375319983744,False,False,False
2026-08-07,SIG,96.91000366210938,49,4,False,0.09381706091035014,0.0739307110304308,0.3531136546449556,-0.12059885348612798,False,True,False
2026-08-07,SMIG,33.400001525878906,49,6,False,0.022757938460824745,0.09265453225189169,0.20751994613636393,-0.00890205431064739,True,False,False
2026-08-07,SPNT,23.030000686645508,49,6,False,-0.02474757883137335,0.054984750747860245,0.3412929868557353,-0.13028696809786489,False,True,False
2026-08-07,TARS,64.79000091552734,49,3,False,0.05863246705955105,-0.05298613607351643,0.4502518639503461,-0.23999998926067634,False,True,False
2026-08-07,VKTX,34.2599983215332,49,4,False,-0.0004260212357297677,0.014253831370716785,0.4922252218303236,-0.2060255594432363,True,True,False
2026-08-07,CHD,103.23999786376953,49,6,False,0.05673013546967032,0.10508826727114062,0.26939623188781026,-0.02640515869090121,False,False,False
2026-08-07,DVN,42.97999954223633,49,4,False,-0.013817581955053337,0.020804399963576525,0.3657451693682592,-0.184594948040942,False,True,False
2026-08-07,DVY,161.91000366210938,49,6,False,0.021393064979219112,0.07338868689205902,0.20182602579451148,-0.02925828778979378,False,True,False
2026-08-07,TRP,63.22999954223633,49,4,False,-0.06990633513813482,0.030105700954281778,0.2833366948400935,-0.11529315150032304,False,True,False
2026-08-07,CGCV,33.849998474121094,49,6,False,0.034348886838837966,0.08111866642637322,0.17087508311250277,-0.003239122889195145,False,True,False
2026-08-07,NVGS,20.670000076293945,49,6,False,-0.029668574224218536,0.05196461039135247,0.46803978610060315,-0.1514778506405121,True,True,False
2026-08-07,SAMT,43.63999938964844,49,5,False,-0.0267878772832002,0.05673367875701274,0.2808922741574915,-0.08817386474897759,True,True,False
2026-08-07,TTWO,246.5,49,4,False,0.04765580102619804,0.07521183072084447,0.3137557617927673,-0.07309920381642998,True,True,False
2026-08-07,DUHP,42.52000045776367,49,6,False,0.027410513831674255,0.08605838892467244,0.1913701903575693,-0.005612672431950738,False,True,False
2026-08-07,MLYS,27.350000381469727,49,2,False,0.024348419442633773,-0.12094056598355085,1.1723590190622755,-0.4260230953693499,True,True,False
2026-08-07,PNFP,104.68000030517578,49,6,False,0.050206879231849744,0.10191793885784528,0.29107052221454177,-0.0512100193248487,False,True,False
2026-08-07,MLPX,72.91999816894531,49,5,False,-0.018293266436582023,0.06274755166400103,0.2646548449864088,-0.06942320570487093,False,False,False
2026-08-07,EPD,37.75,49,6,False,0.005401205446453616,0.06158306577659056,0.2579140190631899,-0.06024392032002057,False,False,False
2026-08-07,ITT,213.1300048828125,49,5,False,0.09723841953276824,0.1092753267389932,0.2995732005049543,-0.07463529825790638,False,False,False
2026-08-07,JOE,67.3499984741211,49,6,False,0.06392723268644773,0.057528920617361035,0.45244770380639676,-0.08417191139984448,False,True,False
2026-08-07,AFRM,75.25,48,5,False,0.003902208187639866,0.1357620513621236,0.7876231813242143,-0.24750000000000005,False,True,False
2026-08-07,ALK,49.959999084472656,48,6,False,0.04498276779642163,0.08963535910059584,0.5125643636350197,-0.24165146983395414,False,True,False
2026-08-07,BBAX,65.38999938964844,48,6,False,0.06116076028157402,0.0907795733866017,0.2145245023091884,-0.0010266205697557762,False,True,False
2026-08-07,CBSH,59.08000183105469,48,6,False,0.037856857154292545,0.1154501734360609,0.25728877890481416,-0.030203486428018067,False,True,False
2026-08-07,EW,89.72000122070312,48,6,False,0.019554735540777912,0.06722813015939244,0.24094049009202334,-0.06823138054166089,False,True,False
2026-08-07,FIBK,37.529998779296875,48,6,False,-0.002477225264038596,0.06109416736286466,0.31361565208892395,-0.0756157588720372,False,False,False
2026-08-07,FLOC,21.790000915527344,48,5,False,0.014857294477507832,0.03596647595770852,0.5531005937455413,-0.22894547986387226,False,True,False
2026-08-07,FNCL,82.02999877929688,48,4,False,0.05053261682685184,0.08797935566540271,0.21059616577899143,-0.013232268861597563,False,True,False
2026-08-07,GCOW,46.970001220703125,48,5,False,0.04453218571902284,0.06339905480627595,0.21338161538587364,-0.012612959385542633,False,True,False
2026-08-07,GDE,67.33000183105469,48,6,False,0.06635407587834496,0.04104902236109664,0.3995011635183323,-0.14653311760718046,False,True,False
2026-08-07,GNW,9.6899995803833,48,6,False,0.03472573524090983,0.09658796653258261,0.23596931017721312,-0.05000002337437093,False,True,False
2026-08-07,GRNY,27.84000015258789,48,6,False,0.01697144958123009,0.078208880109647,0.22535215642475537,-0.01136362558800319,False,True,False
2026-08-07,HR,19.969999313354492,48,5,False,-0.02795898995816659,0.07262938298016497,0.230437453888112,-0.09392021398304573,False,False,False
2026-08-07,IEUR,78.33999633789062,48,6,False,0.03887074568438309,0.07409377511428517,0.19584786724597736,-0.0025465313891686048,False,False,False
2026-08-07,IUSV,114.29000091552734,48,6,False,0.027547522126296853,0.07689140989939447,0.20065130774503337,-0.0034876756244143214,False,True,False
2026-08-07,IVE,235.77999877929688,48,6,False,0.02733249652918679,0.07586101931798472,0.1991048818811605,-0.0025804839964743698,False,True,False
2026-08-07,KEX,131.2899932861328,48,5,False,-0.060781355349648014,0.02190724613024897,0.6510311723910314,-0.1674171396191273,False,False,False
2026-08-07,KRG,26.75,48,5,False,-0.05919840429168599,0.05199613815581028,0.28235854349522826,-0.10594920014073073,False,False,False
2026-08-07,MTN,148.8300018310547,48,3,False,0.04510753951961277,0.07600346573856975,0.25584338155669384,-0.10072506446492635,False,True,False
2026-08-07,NWE,72.08999633789062,48,7,False,0.017553418372247664,0.053608437501331485,0.31335392857530064,-0.04110140934745943,False,True,False
2026-08-07,RCL,320.0,48,6,False,0.06747581298542404,0.11574299438183155,0.37871603440321033,-0.1268758526603001,False,True,False
2026-08-07,RJF,176.55999755859375,48,4,False,0.09126823219338487,0.11272832595399573,0.2718627592795899,-0.033765655958013285,False,True,False
2026-08-07,SPYV,63.13999938964844,48,6,False,0.02690376521958493,0.07524316927239627,0.198102437866581,-0.0028427085603807134,False,False,False
2026-08-07,TBPH,16.93000030517578,48,4,False,0.01098771885138472,-0.011301685514347182,0.5328202977121659,-0.19495959332389912,True,True,False
2026-08-07,TFPM,32.619998931884766,48,4,False,0.11299146081623279,-0.005311951554826999,0.31797975482362695,-0.2177458432836401,False,True,False
2026-08-07,VOOV,227.60000610351562,48,6,False,0.02668759001201071,0.07490955999112203,0.1980209033688447,-0.002891388851323895,False,False,False
2026-08-07,VUG,89.4000015258789,48,6,False,0.03727460522795867,0.09309674546136115,0.2838679387924592,-0.013244999651793044,False,True,False
2026-08-07,COO,74.2300033569336,48,4,False,0.07148017390411843,0.014781571164383722,0.2604857212815932,-0.17366133982119203,False,True,False
2026-08-07,DEM,54.689998626708984,48,6,False,0.008378234487945946,0.08186912205175845,0.23649105115825608,-0.032549092381402245,False,False,False
2026-08-07,IYG,96.83999633789062,48,4,False,0.04916920334401986,0.08612140386344302,0.21247017663380263,-0.013346970632933441,False,True,False
2026-08-07,EWU,48.63999938964844,48,6,False,0.038765770148069034,0.06501774346535938,0.20515358409517015,-0.005723605678191079,False,True,False
2026-08-07,USLM,120.06500244140625,48,3,False,0.11086235256840449,0.0175679279795955,0.2471694881902089,-0.15112414897514537,False,True,False
2026-08-07,KYN,14.170000076293945,48,6,False,0.0039250171587188465,0.06478907549166646,0.2528735234807509,-0.06591957778317303,False,True,False
2026-08-07,RRR,61.880001068115234,48,5,False,-0.013373968908114153,0.03902341946640964,0.22486145105736655,-0.10305837100754789,False,False,False
2026-08-07,VFH,140.89999389648438,48,4,False,0.04935462963289883,0.08692083949784823,0.20767974721703975,-0.014754217826717708,False,True,False
2026-08-07,PECO,40.75,48,5,False,-0.02442878766356449,0.0671114909161481,0.24086479326002008,-0.08169014084507042,False,True,False
2026-08-07,MSI,467.54998779296875,48,5,False,0.12201674187571387,0.12349773660423913,0.30106301995633644,-0.05271799166305058,False,True,False
2026-08-07,CVX,186.55999755859375,48,5,False,0.020304348581717147,0.058266473380345296,0.27353396520487916,-0.13110711319937451,False,True,False
2026-08-07,XLF,57.599998474121094,48,4,False,0.051232979638763165,0.087493138363546,0.2083071257939484,-0.013867511991217718,False,True,False
2026-08-07,AM,21.270000457763672,47,4,False,-0.03293563157779089,0.03792047382051189,0.2541274531811113,-0.10761479862526857,False,False,False
2026-08-07,BXP,69.70999908447266,47,4,False,0.04381912384463327,0.0908814752747229,0.4020514354984732,-0.12126563121817757,False,False,False
2026-08-07,EUAD,46.970001220703125,47,4,False,0.10375330594083065,0.09028449404810135,0.2485380795929204,-0.03012656895756971,False,True,False
2026-08-07,FLNG,30.84000015258789,47,6,False,0.01738528297197872,0.08023097277119562,0.28500000635782885,-0.07664674420171758,True,True,False
2026-08-07,GTY,33.38999938964844,47,6,False,-0.01485247496319475,0.06070711658200301,0.31508468658182087,-0.09340217948362073,False,True,False
2026-08-07,HTH,39.040000915527344,47,6,False,0.015070073663339345,0.06875894986953957,0.29057854266206085,-0.03390247307740346,False,True,False
2026-08-07,INFL,52.04999923706055,47,5,False,0.028613423651483894,0.053634538502480344,0.24619918516521366,-0.056552456687246844,False,True,False
2026-08-07,IRMD,92.49500274658203,47,4,False,-0.019574561249870337,-0.015359854458591893,0.3700933168382008,-0.1427710710050557,False,False,False
2026-08-07,IRON,77.44000244140625,47,5,False,0.05421361461217411,0.03663047399708441,0.9360000610351562,-0.22170851817682158,True,True,False
2026-08-07,LECO,281.9599914550781,47,6,False,0.08021045787117376,0.0976858723035634,0.30404213238012123,-0.09045164046748988,False,False,False
2026-08-07,MUR,33.369998931884766,47,5,False,-0.07990518367405974,-0.03669900293210526,0.5265323879306192,-0.23004155942781657,False,False,False
2026-08-07,NNN,46.84000015258789,47,6,False,0.0006237954337573459,0.07430207530720878,0.20411306723026112,-0.06319999694824219,False,True,False
2026-08-07,NOBL,58.41999816894531,47,6,False,0.04062755200276014,0.07863339728389751,0.16571877107303323,-0.008990713946306572,False,False,False
2026-08-07,ONC,348.2699890136719,47,4,False,0.1736726605062382,0.10815404857553501,0.3714224632296035,-0.09591924637854299,False,True,False
2026-08-07,PBW,34.810001373291016,47,4,False,-0.06538289081288862,0.00282904835436093,0.5095404240881429,-0.2628123576153376,False,False,False
2026-08-07,SIVR,60.459999084472656,47,4,False,0.015632595989157227,-0.09720097813475737,0.702619035265057,-0.47544683355972406,False,True,False
2026-08-07,UCB,35.5099983215332,47,6,False,0.02234705432794959,0.07936734287933311,0.23944149369433188,-0.044916674823429203,False,True,False
2026-08-07,V,362.5,47,4,False,0.05291163742411964,0.09546551612931697,0.23345463245369658,-0.03067091259529653,True,True,False
2026-08-07,VAW,236.41000366210938,47,5,False,0.030417846759750233,0.061723322538150605,0.2423669767365404,-0.03608411906932463,False,True,False
2026-08-07,VIGI,99.5999984741211,47,6,False,0.050883866713060666,0.0775687029824097,0.1686025407861078,-0.0008526767974558203,False,True,False
2026-08-07,WFG,72.13999938964844,47,5,False,0.06104462152097656,0.10678035943091713,0.25810950815619393,-0.06299517610979743,False,False,False
2026-08-07,EAGL,34.84000015258789,47,6,False,0.05698432949591847,0.0795385082056459,0.19192612720521285,-0.004855703430318492,False,True,False
2026-08-07,CGIE,38.189998626708984,47,6,False,0.04317295898957796,0.0748854784709374,0.1797961040119609,-0.0019600356496998206,False,True,False
2026-08-07,D,67.38999938964844,47,5,False,-0.02022362235437669,0.0624000273115457,0.206624910130921,-0.0767228200851996,False,True,False
2026-08-07,DUOT,9.239999771118164,47,2,False,-0.1175796695973147,-0.022421384178802906,0.5999999339446371,-0.3952879625265904,True,False,False
2026-08-07,DGRW,100.0199966430664,47,6,False,0.03777790664729541,0.08265614128624654,0.17380586454310265,-0.0003997693034513139,False,False,False
2026-08-07,DON,58.279998779296875,47,6,False,0.029572821065039,0.07645447856971477,0.17571109820648423,-0.010022085328565189,False,True,False
2026-08-07,TREX,49.16999816894531,47,5,False,0.08650492741054783,0.21173881018370477,0.6516626608288258,-0.2556766577938091,False,False,False
2026-08-07,HON,246.2100067138672,47,5,False,0.04917681311985844,0.07744532937032611,0.25702097379981104,-0.05406867356262357,False,True,False
2026-08-07,MLTX,18.260000228881836,47,4,False,-0.04140941537813558,0.11501238081412057,2.0689076998705085,-0.7090039804162257,False,True,False
2026-08-07,BOH,79.27999877929688,47,6,False,-0.014227079703461154,0.06173545232136335,0.3355794805276928,-0.08145057326092942,False,False,False
2026-08-07,OHI,48.459999084472656,47,6,False,0.01263810658959219,0.055217055140156956,0.23433523067405382,-0.07501432240811012,False,True,False
2026-08-07,VTOL,45.7599983215332,47,6,False,0.05503907186956969,0.07184722739192506,0.30630887571077725,-0.09170310934165427,False,True,False
2026-08-07,WRBY,26.459999084472656,47,6,False,-0.0028340032867391063,0.09338613323727496,0.7687165118316495,-0.14645164243636588,False,True,False
2026-08-07,DDS,612.1400146484375,47,4,False,0.06885297716392191,0.012598112113155091,0.3403840928770401,-0.17499119819686426,False,True,False
2026-08-07,DOO,65.01000213623047,47,3,False,0.07256346748401388,-0.020498531449461566,0.3313536698433155,-0.20613014262095275,False,True,False
2026-08-07,CWB,103.86000061035156,47,5,False,-0.013935531988962357,0.0688896666237162,0.2361343104019562,-0.0728441017429714,False,True,False
2026-08-07,MSFU,38.2599983215332,47,3,False,0.4424236372454602,0.1627570753108709,0.9650744566431819,-0.35031416678434424,False,False,False
2026-08-07,SYY,84.29000091552734,47,6,False,0.039713639849278115,0.07136412122608626,0.23610496990310814,-0.08230808583762572,False,False,False
2026-08-07,ALLE,168.94000244140625,46,4,False,0.19794873439062388,0.11327219489740625,0.35152001953125,-0.07738516805042406,False,True,False
2026-08-07,AOA,99.38999938964844,46,6,False,0.02297077989206997,0.07133039888454507,0.185755186727657,-0.0024088916027877882,False,False,False
2026-08-07,EWD,53.61000061035156,46,5,False,0.05280730202502171,0.06066842336033007,0.18606194038624158,-0.024030578690891424,False,True,False
2026-08-07,FLQM,61.465599060058594,46,6,False,0.04875547441314554,0.07741588783839526,0.14099870575044915,-0.004025045192671106,False,False,False
2026-08-07,FSUN,39.68000030517578,46,5,False,0.07715152413557469,0.07810999731865853,0.3248747677588164,-0.06282474817727479,False,False,False
2026-08-07,GHC,1185.7099609375,46,6,False,0.021150524316951635,0.06509230160773272,0.2752860399280834,-0.060712176599729384,False,False,False
2026-08-07,HUBB,513.989990234375,46,5,False,0.04701896983759868,0.06469513809340155,0.27281952580844515,-0.09108735422524195,False,False,False
2026-08-07,IDVO,43.060001373291016,46,6,False,0.018658084302747735,0.051934086519310085,0.24775437460461625,-0.01741095899115741,False,True,False
2026-08-07,IP,41.58000183105469,46,4,False,0.10609232909062061,0.0797181976739596,0.4210526830417478,-0.17253727699393662,False,True,False
2026-08-07,JD,32.970001220703125,46,4,False,0.13560434870966231,0.12021218947244905,0.34527509387707456,-0.1055344363872851,False,True,False
2026-08-07,MCK,869.5800170898438,46,6,False,0.08750599530162151,0.03813269574198208,0.3651177662320939,-0.1295495324425988,False,False,False
2026-08-07,MISL,47.220001220703125,46,5,False,0.046060353417511024,0.04226840281882316,0.24591027228482631,-0.07592949842029728,False,True,False
2026-08-07,MTCH,37.2599983215332,46,5,False,-0.0015435531705181305,0.0981221486841859,0.2933009028889415,-0.10000007371395414,False,False,False
2026-08-07,MTH,74.58999633789062,46,6,False,0.006971395095480171,0.06536819052651399,0.2853696003264745,-0.1263762153037009,False,True,False
2026-08-07,OILK,49.2400016784668,46,5,False,-0.045591022924338476,0.04589938253313819,0.36285635822804196,-0.19713027542200512,False,False,False
2026-08-07,PHM,132.89999389648438,46,5,False,0.04989567497287406,0.06859464466296772,0.22499766350227413,-0.08027685884785896,False,True,False
2026-08-07,RDWR,28.299999237060547,46,6,False,-0.027458016250688888,0.0849937009583146,0.3053504999399994,-0.13693203882591554,False,False,False
2026-08-07,RLY,36.31999969482422,46,6,False,0.01873095735563446,0.05274904288838833,0.23035227410615322,-0.029655372730469143,False,True,False
2026-08-07,SDY,157.8300018310547,46,6,False,0.03081002470536509,0.07115990205466494,0.16651883422854197,-0.015347130564082101,False,True,False
2026-08-07,TFC,52.349998474121094,46,6,False,0.033935170910331935,0.06865083440917252,0.283717509591934,-0.06850537787460687,False,True,False
2026-08-07,TOPT,34.060001373291016,46,6,False,0.028369269695471155,0.08103652174759723,0.2367465592235194,-0.01203762492235061,False,True,False
2026-08-07,TSLS,63.20000076293945,46,7,False,0.11166226951453129,0.14449691400716858,0.36796536188884654,-0.18609144209898842,False,True,False
2026-08-07,EME,816.9000244140625,46,7,False,0.022376166783728557,0.0915998051907092,0.446045544726253,-0.14187570322409315,False,False,False
2026-08-07,COR,320.4599914550781,46,3,False,0.09318657306680955,-0.012119336746478693,0.3089616120740011,-0.1511893198017239,False,False,False
2026-08-07,DOCU,60.2599983215332,46,3,False,0.2190014978176622,0.10765081925768549,0.5004979718747764,-0.30455860057271966,False,True,False
2026-08-07,PWRD,112.24320220947266,46,5,False,-0.010178205022723597,0.06654631889141793,0.2593625230631531,-0.08915686803673828,False,False,False
2026-08-07,CINF,176.86000061035156,46,6,False,0.008429630657738718,0.06501557683657055,0.18530924637988533,-0.09214104600993744,True,True,False
2026-08-07,TDOC,7.130000114440918,46,2,False,-0.12566830454394784,0.04249674385656754,0.6204545363414389,-0.27885101103270094,False,False,False
2026-08-07,QTWO,62.810001373291016,46,3,False,0.22571885195319163,0.1013318460217123,0.5398381947420212,-0.2627068954893882,False,False,False
2026-08-07,HYDR,43.55630111694336,46,4,False,-0.13563685823238336,-0.019072293700125864,0.8558288193966717,-0.4176965328891149,False,True,False
2026-08-07,TJX,161.36000061035156,46,6,False,0.02310612346848906,0.042081065555954256,0.23288504424209244,-0.050823525821461435,False,True,False
2026-08-07,FNDE,41.66999816894531,46,6,False,0.02652152015948195,0.0704033167868916,0.22956621184458448,-0.01791190503804363,False,False,False
2026-08-07,JPEF,82.89939880371094,46,6,False,0.0354686248772651,0.081770457836297,0.18968169323027806,-0.003612958600446192,False,True,False
2026-08-07,SLV,57.5,46,4,False,0.0151585237334535,-0.09815521844800768,0.6986706821851039,-0.4764636343314551,False,True,False
2026-08-07,EGP,202.74000549316406,46,5,False,-0.02024173731092116,0.05382055806424502,0.272134101178116,-0.105729789205802,False,False,False
2026-08-07,PSLV,20.81999969482422,46,4,False,0.03885993383232744,-0.08989774712905807,0.6510705996569646,-0.4539732727090282,False,True,False
2026-08-07,ET,20.1299991607666,46,6,False,0.025053419456109616,0.09069330022032429,0.24412847843564411,-0.03267661329298299,False,False,False
2026-08-07,EIS,123.63999938964844,46,6,False,0.008571712745624849,0.040444278526130084,0.4211494182718212,-0.10954271548629102,False,True,False
2026-08-07,VSTM,6.739999771118164,46,3,False,0.3863748107298737,0.05830071418841731,0.965014472285509,-0.40088890923394094,False,True,False
2026-08-07,AEO,17.969999313354492,45,3,False,0.03893246163173436,-0.09111373764401143,0.49128622646591014,-0.36858749503057253,False,True,False
2026-08-07,BALI,34.970001220703125,45,6,False,0.03382323185969516,0.07764883928493616,0.16800269194797557,-0.0045545073312659445,False,True,False
2026-08-07,EWA,30.40999984741211,45,6,False,0.05787895232835072,0.08455691580819602,0.2193263510914829,-0.002296577948671552,False,True,False
2026-08-07,FHN,25.459999084472656,45,6,False,0.009204100725639375,0.06504911714767858,0.2858585891669143,-0.041415677845936916,False,False,False
2026-08-07,FLG,13.949999809265137,45,6,False,-0.041869294620931474,0.04413040212866726,0.31977296234890074,-0.09650257847229649,False,True,False
2026-08-07,FRME,42.59000015258789,45,6,False,0.005026321195250372,0.0752973318095791,0.22879400865802002,-0.06044565558763504,False,True,False
2026-08-07,FWONA,93.95999908447266,45,3,False,0.07891859046222938,0.11547531242214504,0.27489827646069775,-0.055868144555259236,False,False,False
2026-08-07,GRBK,72.9000015258789,45,6,False,0.0004583881219291097,0.057011203634350194,0.20615491698015576,-0.12358738568863903,False,True,False
2026-08-07,GVA,128.32000732421875,45,5,False,-0.05175581203124635,0.03250190064501601,0.3623527338163528,-0.20829216513722604,True,False,False
2026-08-07,HAFN,7.510000228881836,45,7,False,0.01764278224684146,0.06964823318663615,0.4526112414035577,-0.21237542222718309,True,True,False
2026-08-07,HLT,317.6000061035156,45,4,False,-0.04439642955480416,0.03367652342349281,0.25266235905073886,-0.11284914496224685,False,False,False
2026-08-07,HRL,25.020000457763672,45,6,False,0.010476342293002538,0.0712313379003513,0.2700507354716679,-0.14752980808953664,False,True,False
2026-08-07,IDEF,34.95029830932617,45,5,False,0.08033053980849725,0.06186864287825444,0.24777929395687814,-0.0523238260005745,False,True,False
2026-08-07,IDR,35.2400016784668,45,3,False,0.0845480134585479,-0.054983347569259045,0.7342520771515024,-0.3557586620301707,False,False,False
2026-08-07,ILF,34.619998931884766,45,5,False,0.010136343120703994,0.025153541725937867,0.3571148028720439,-0.10077924852247366,False,False,False
2026-08-07,MCHP,84.69000244140625,45,6,False,-0.029598980875451875,0.1177062851164794,0.7454658211540686,-0.20035879980140958,False,False,False
2026-08-07,OVL,58.15999984741211,45,6,False,0.026303431230159324,0.0708789828152383,0.2011565891531497,-0.004961521158973525,False,False,False
2026-08-07,PCG,17.459999084472656,45,6,False,0.02185332412947316,0.04361230344816902,0.22097894067058776,-0.08872655409593166,False,False,False
2026-08-07,PTLC,60.279998779296875,45,6,False,0.03526209602949493,0.07118985899386088,0.16866996198910944,-0.004294716423827838,False,False,False
2026-08-07,SBRA,21.040000915527344,45,5,False,0.05978949899828212,0.07166782905724833,0.2253931754244185,-0.07597714130244848,False,True,False
2026-08-07,SCHH,24.110000610351562,45,6,False,0.004591727360476083,0.07245644808058826,0.16868645618770084,-0.036755894968265035,False,True,False
2026-08-07,SHW,369.7300109863281,45,4,False,0.12486822158737598,0.10904208830805606,0.27554691806767906,-0.02612928505106482,False,True,False
2026-08-07,TWO,12.119999885559082,45,6,False,-0.0074360495367750135,0.07526880401263725,0.38041005172760056,-0.14467185460107812,True,False,False
2026-08-07,URBN,76.91999816894531,45,4,False,0.05182261616270689,0.08899240156493637,0.2919045513297174,-0.08808536383619892,False,True,False
2026-08-07,VALE,14.710000038146973,45,4,False,-0.023486762820886242,-0.012725171295178583,0.5211995782925187,-0.18004461537103933,True,False,False
2026-08-07,XRT,90.81999969482422,45,6,False,0.03764875666656753,0.06538285895497586,0.17581566813357674,-0.028870798173220025,False,True,False
2026-08-07,EEMV,73.80000305175781,45,6,False,0.003341795167774997,0.07746196649612291,0.18117803445035552,-0.046388375322442776,False,True,False
2026-08-07,ECH,41.25,45,5,False,0.033440897541217485,0.02002967455269644,0.3649901038141734,-0.137931006992416,False,True,False
2026-08-07,COWG,38.98569869995117,45,6,False,0.01174691870445943,0.07558345995884208,0.19426839533228968,-0.031627715706075255,False,False,False
2026-08-07,DFAR,26.59000015258789,45,6,False,0.0043930424038520766,0.07422169520433064,0.17421062552779532,-0.03641961173306629,False,False,False
2026-08-07,PLD,140.16000366210938,45,6,False,-0.022808087243123554,0.03242271101798955,0.35538147856642643,-0.08601240245469977,False,False,False
2026-08-07,BUFQ,39.529998779296875,45,6,False,0.015926339213017116,0.07175407977497472,0.1835328435140442,-0.0393682305348938,False,True,False
2026-08-07,TDC,27.389999389648438,45,4,False,-0.14909350324863624,-0.0693597350820625,0.372244521341474,-0.3444231644348221,False,False,False
2026-08-07,ORI,43.029998779296875,45,4,False,0.05853293397636494,0.03848898411822432,0.17407904468743318,-0.07976902643554296,False,True,False
2026-08-07,DEA,24.959999084472656,45,6,False,0.01557537202506265,0.08401786258177868,0.21400776910616504,-0.038520802591172854,True,True,False
2026-08-07,RCKT,3.609999895095825,45,3,False,0.09261497530987994,0.012218085339847029,0.4268774450273187,-0.33761467496590836,True,True,False
2026-08-07,EPP,58.0099983215332,45,6,False,0.058955363462662946,0.08196623205853926,0.18557118250001214,-0.0018068201652052807,False,False,False
2026-08-07,CGDG,39.0,45,6,False,0.03212284399823395,0.06344180334162841,0.1624441396981966,-0.000128216074305465,False,True,False
2026-08-07,QDPL,46.72999954223633,45,6,False,0.02689483064165321,0.07737266192805392,0.1945296732651245,-0.004685861919661249,False,True,False
2026-08-07,DLR,193.8000030517578,45,7,False,0.046009318199186966,0.09720048817419924,0.3253095036182103,-0.06889591803565565,False,True,False
2026-08-07,ABEV,3.0,44,5,False,-0.03648509214698181,0.0475043223331284,0.42857149344723533,-0.13043479462727536,False,False,False
2026-08-07,APD,303.44000244140625,44,7,False,0.045370117080689276,0.09446447848055262,0.3244293205579798,-0.03630067282697824,True,True,False
2026-08-07,ARKQ,127.8499984741211,44,7,False,0.015302185650063915,0.04248587648253799,0.38126622565204293,-0.11471029422004264,False,False,False
2026-08-07,ATR,135.4199981689453,44,6,False,0.0827138224824413,0.07977943864424897,0.31182789659232957,-0.07821118512522052,False,False,False
2026-08-07,FPX,181.41400146484375,44,5,False,-0.04608855515146848,0.04416031966375722,0.2688955719094843,-0.12011830483417518,False,False,False
2026-08-07,FSS,128.2100067138672,44,6,False,0.08477513221630151,0.1169729324466322,0.26702246882647107,-0.04683657757973203,False,True,False
2026-08-07,FVD,50.84000015258789,44,6,False,0.0420381720304015,0.0679438359633262,0.13914404964935634,-0.011087331190741345,False,True,False
2026-08-07,FWONK,102.8499984741211,44,3,False,0.0868071922645397,0.11961053097131535,0.2832189209742284,-0.05955396752168751,False,False,False
2026-08-07,GOLF,93.29000091552734,44,4,False,-0.10430707311415799,-0.003130899445246915,0.2763716731391437,-0.2203092375611061,False,False,False
2026-08-07,HURN,152.0500030517578,44,4,False,0.33753346870882095,0.08686020033180775,0.7913525915628494,-0.18594065721446307,False,False,False
2026-08-07,IFRA,61.130001068115234,44,5,False,-0.008855908889827235,0.05475542088802965,0.2107347798759578,-0.04856029465968503,False,True,False
2026-08-07,IMCR,34.0,44,3,False,0.0766921458835752,0.04578621455642229,0.23389583100870537,-0.16492693423608096,False,True,False
2026-08-07,IMTM,53.560001373291016,44,6,False,0.01871385076777443,0.060251448531986274,0.1743038951228415,-0.015260121817824213,False,True,False
2026-08-07,JJSF,91.91000366210938,44,4,False,0.19197074902585842,0.10077199881725485,0.33454334248114725,-0.20985209849343722,False,False,False
2026-08-07,MPLX,58.849998474121094,44,6,False,0.03199986023774248,0.05761719736120918,0.23117153584582484,-0.034454507998878725,False,False,False
2026-08-07,STRA,84.87999725341797,44,4,False,0.0666719910504332,0.058968730100802835,0.21779054476068538,-0.05405110801370383,False,False,False
2026-08-07,TBT,37.83000183105469,44,6,False,0.04448522703653168,0.0837787499132514,0.19375200989341534,-0.024999933636064342,False,True,False
2026-08-07,EFG,126.19999694824219,44,6,False,0.03207780625738876,0.06693537621950507,0.17756834099500063,-0.0023715656265439478,False,True,False
2026-08-07,DORM,140.91000366210938,44,4,False,0.057327262755689334,0.13014698850880402,0.4312849977658155,-0.15567137529242814,False,False,False
2026-08-07,DRI,213.75999450683594,44,6,False,0.04800955526680206,0.08379151838144416,0.2648520385019877,-0.03122592150571646,False,True,False
2026-08-07,DASH,216.25999450683594,44,4,False,0.2037904648494202,0.14090302787215103,0.5091415903789345,-0.24252191065906847,False,True,False
2026-08-07,ICF,68.76499938964844,44,6,False,0.002777994345749102,0.06765059191884615,0.16728907770773405,-0.03161530318327643,False,False,False
2026-08-07,DG,126.58999633789062,44,5,False,0.07758911485260045,0.022359185126726633,0.330985128015159,-0.1999620820576289,False,True,False
2026-08-07,CCC,6.920000076293945,44,3,False,0.28020130118199527,0.09809025596298371,0.6960784817878589,-0.3172175707925555,False,False,False
2026-08-07,CTAS,203.0500030517578,44,4,False,0.09125013561609552,0.09577081793822195,0.25992801214795014,-0.10452038345421033,False,False,False
2026-08-07,GSIT,6.71999979019165,44,2,False,-0.05272064312526148,-0.09463859261073426,1.3829787054158302,-0.6297520698936625,False,True,False
2026-08-07,RAAX,40.540000915527344,44,5,False,0.013830023122016755,0.041222977387732174,0.2820999316744548,-0.05169588501690425,False,True,False
2026-08-07,BUFR,37.33000183105469,44,6,False,0.021379803952703336,0.06655136529312067,0.15716068733138489,-0.0013375932485779618,False,False,False
2026-08-07,SWX,92.08999633789062,44,6,False,0.025722663987763683,0.0681274465179742,0.2157095226124175,-0.025193234381910012,False,True,False
2026-08-07,WDFC,234.92999267578125,44,7,False,0.01730714537371192,0.08555043064455248,0.3395483301118596,-0.21401807469710865,False,True,False
2026-08-07,BLCO,16.780000686645508,44,5,False,0.048710717863629904,0.02464213589541342,0.24020702275066608,-0.11287338755184584,True,False,False
2026-08-07,WDAY,179.63999938964844,44,3,False,0.2752526896079912,0.09542429763360394,0.6277636679606773,-0.2810086251700086,False,True,False
2026-08-07,FDN,289.3800048828125,44,3,False,0.06708655825319831,0.10098048674909754,0.2891700597367959,-0.0145746738606648,False,False,False
2026-08-07,SCZ,86.80000305175781,44,6,False,0.03644764875281892,0.068893810800009,0.18159548235149447,-0.002642717807250783,False,True,False
2026-08-07,CL,93.2699966430664,44,6,False,0.024157204821197098,0.07964567847190507,0.25110654359479856,-0.06100880978836021,False,False,False
2026-08-07,PXH,29.299999237060547,44,6,False,0.026010931782277202,0.06563858455330429,0.22083330154418945,-0.026901406737685152,False,True,False
2026-08-07,NJR,55.02000045776367,44,5,False,-0.030392316260227203,0.04849529631083249,0.2659917537232799,-0.09595793779197848,False,False,False
2026-08-07,WEAT,23.90999984741211,44,6,False,0.019581414226508942,0.07533651145709297,0.20879671473191475,-0.08320552464118192,False,True,False
2026-08-07,WMB,70.4000015258789,44,4,False,-0.03641895989003674,0.024537254480653692,0.2611967379212756,-0.12087912192606765,False,False,False
2026-08-07,BEP,33.20000076293945,43,6,False,-0.025712946983021845,0.05240136612327073,0.37588072596869093,-0.12906606261287357,False,False,False
2026-08-07,BP,41.630001068115234,43,5,False,0.010054466308670573,0.040877534141253724,0.27231049862475043,-0.1375595468547478,False,False,False
2026-08-07,BRK.B,521.7999877929688,43,4,False,0.05398425120619521,0.0626545409175141,0.130979459685999,-0.006927555251835638,False,True,False
2026-08-07,CASH,86.8499984741211,43,5,False,0.008378169769584831,0.04415882402570781,0.3185060703315017,-0.14230696581185953,False,True,False
2026-08-07,CBU,64.8499984741211,43,5,False,-0.013754231640450643,0.051021948938441586,0.2277546165998119,-0.0880326547953818,False,True,False
2026-08-07,FELG,44.63999938964844,43,4,False,0.028493212481170094,0.07182022580042258,0.2425887359128298,-0.021696288741894776,False,True,False
2026-08-07,FTGC,28.90999984741211,43,6,False,0.021828458627665137,0.06459467060845547,0.27356823241218753,-0.05676997692574848,False,True,False
2026-08-07,HIG,143.27999877929688,43,5,False,0.057696419296307644,0.059984791737966336,0.19072547659780104,-0.019100488841142682,False,True,False
2026-08-07,IR,86.97000122070312,43,5,False,0.09558567757636327,0.06319385170375047,0.27765537844296473,-0.13856971068377466,False,False,False
2026-08-07,IWMI,53.13999938964844,43,6,False,0.011145421215047469,0.05502854092433451,0.1643295376927869,-0.013368013600890016,False,True,False
2026-08-07,KGC,27.639999389648438,43,3,False,0.10420425810132872,-0.0424157414637375,0.498102885999276,-0.29327540377657946,False,True,False
2026-08-07,NWN,50.470001220703125,43,5,False,0.011670209523851227,0.01787998151497705,0.27353015040187145,-0.09858903897633942,False,True,False
2026-08-07,OSK,155.25999450683594,43,6,False,0.08746809043897885,0.08542946782685257,0.32962232568544825,-0.13978619435126394,False,False,False
2026-08-07,REET,28.229999542236328,43,6,False,0.012975254386064172,0.06733308671618121,0.15060117048315202,-0.028561594595994166,False,True,False
2026-08-07,SCHE,36.9900016784668,43,6,False,0.025187678079143128,0.0670428742677236,0.19631311730903467,-0.010962562317769153,False,False,False
2026-08-07,SONO,15.640000343322754,43,4,False,0.04891824533805722,0.005493592143714698,0.5469832714576965,-0.21089805327257538,False,False,False
2026-08-07,SPEM,52.41999816894531,43,6,False,0.018168505843436877,0.061476290875189354,0.2009162963686706,-0.02091899005286002,False,False,False
2026-08-07,TAL,12.380000114440918,43,4,False,0.2167554621882577,0.12443234220094102,0.3941441390646152,-0.07404635599043363,False,False,False
2026-08-07,VWO,60.470001220703125,43,6,False,0.021011201438891902,0.0639776820983533,0.19742576674659662,-0.017067607757601078,False,True,False
2026-08-07,DCH,6.349999904632568,43,3,False,0.09377151012485951,0.0021463124209428752,0.42058170082381885,-0.31351352382350617,False,True,False
2026-08-07,DBMF,30.93000030517578,43,6,False,0.0017619160434227954,0.030802438787578712,0.20490846175491084,-0.023057471438869825,False,False,False
2026-08-07,BRX,30.3700008392334,43,5,False,-0.034733060410822136,0.05112877324906173,0.231549108968081,-0.07577601110371746,False,False,False
2026-08-07,BKH,74.6500015258789,43,6,False,0.01760672182118106,0.0362773601187818,0.28573888667215375,-0.051340714070197024,False,True,False
2026-08-07,DAKT,21.43000030517578,43,5,False,0.06907322059774468,0.042842697900590254,0.37459910810959607,-0.2419526014089416,False,True,False
2026-08-07,ITRI,103.75,43,3,False,0.19635156057874292,0.10490882892377074,0.33406203521097666,-0.2693661971830986,False,False,False
2026-08-07,MMI,31.479999542236328,43,4,False,0.03292360770618319,0.11017458628115429,0.28857958039267495,-0.06365257161322779,False,True,False
2026-08-07,SYF,78.58999633789062,43,4,False,0.057804333593922896,0.054054620456020386,0.24587815562174353,-0.11467839011088798,False,True,False
2026-08-07,CNR,89.5999984741211,43,4,False,0.0507478234802643,0.013035466660612949,0.30270427543379297,-0.21951222916148572,False,True,False
2026-08-07,CSL,387.489990234375,43,6,False,0.10148097133706369,0.11438834690401123,0.32055345365639965,-0.10491791144467333,False,False,False
2026-08-07,WSC,24.3700008392334,43,6,False,-0.08819818036829985,0.0988912261571584,0.6344735807266448,-0.1813906461369239,False,False,False
2026-08-07,RPM,117.36000061035156,43,3,False,0.09014909612222999,0.10135600749225882,0.2630219858266669,-0.09107802781562013,False,False,False
2026-08-07,TT,482.30999755859375,43,7,False,0.022520417196542297,0.0930429185484336,0.385709363160585,-0.04657322589993884,False,False,False
2026-08-07,CGBL,38.38999938964844,43,6,False,0.02128767466926007,0.060388839854082166,0.14579907971356465,-0.000676826747049164,False,True,False
2026-08-07,EWW,77.5199966430664,43,5,False,0.017755537774242436,0.04266207590557114,0.282594282005983,-0.050581810234302305,False,False,False
2026-08-07,WTM,2149.43994140625,43,6,False,0.02154186558500948,0.021748928506662102,0.30427180910573415,-0.07867983651682386,False,False,False
2026-08-07,TRS,40.2400016784668,43,6,False,-0.02263670192622269,0.07764021511748709,0.3223792729184578,-0.11424165951673337,False,False,False
2026-08-07,LW,52.27000045776367,43,4,False,0.11932948415443789,0.0894962844485725,0.38942057261629337,-0.2206649665185948,False,False,False
2026-08-07,ZBH,96.55000305175781,43,3,False,0.07352211736932257,0.060768147802593875,0.22029827730167462,-0.1084125751640489,False,False,False
2026-08-07,TK,11.319999694824219,43,5,False,0.0027637750017492912,0.019438649570648447,0.5422342587871862,-0.21279557686120854,True,True,False
2026-08-07,ALKT,19.729999542236328,42,3,False,0.148896491086846,0.061360376914728176,0.4113018732674576,-0.2662699892127338,False,True,False
2026-08-07,AMDY,45.61000061035156,42,6,False,-0.13270835222613964,0.065853442245561,0.5540034077528555,-0.23665270945018302,False,True,False
2026-08-07,AMLP,54.36000061035156,42,6,False,0.025888795840421697,0.06890358885678305,0.2177419658065025,-0.022653691940488274,False,False,False
2026-08-07,APLD,29.219999313354492,42,3,False,-0.1843775856330928,-0.10080897038058134,1.2203647152093664,-0.42395268226056293,False,False,False
2026-08-07,ASTS,71.94000244140625,42,2,False,-0.0725365279380431,-0.12246993327025857,0.9939024055006072,-0.4625728215046562,False,True,False
2026-08-07,BITI,23.549999237060547,42,5,False,-0.0893342175377223,-0.024285180557223063,0.4208143682090624,-0.23872637324633827,False,True,False
2026-08-07,BRK.A,780086.0,42,4,False,0.05100730639009354,0.05908016591947307,0.12563111363147716,-0.010413614192656295,False,True,False
2026-08-07,EWQ,47.900001525878906,42,6,False,0.04831900396703226,0.059876411361315274,0.15199613796322708,-0.010126015084727436,False,False,False
2026-08-07,EXR,149.5399932861328,42,6,False,0.017694255527998415,0.06293670287977382,0.18956323582221368,-0.05878657672228005,False,False,False
2026-08-07,FBIN,50.779998779296875,42,4,False,0.08037953129315811,0.0653865539731393,0.5701916678943921,-0.21684143048566906,True,False,False
2026-08-07,FTAI,216.24000549316406,42,3,False,-0.08124815550332287,-0.0630670363038186,0.6078518600711578,-0.33158171628190236,True,False,False
2026-08-07,FTCS,100.16999816894531,42,6,False,0.04593246332929635,0.06026308350944021,0.11597588886991561,-0.009394823495184612,False,True,False
2026-08-07,GPIQ,57.290000915527344,42,5,False,-0.001453620041479864,0.059156759096485434,0.20067066399076894,-0.04245363258887547,False,False,False
2026-08-07,IAI,188.25,42,6,False,0.015977150238128957,0.05747941561148573,0.19311700758297423,-0.04169213164130936,False,True,False
2026-08-07,INMD,15.3100004196167,42,4,False,0.05481455615556907,0.06673358424619336,0.20361635992267746,-0.08542409623975444,True,True,False
2026-08-07,IPI,34.849998474121094,42,3,False,-0.0007971054648575615,0.024808561869245294,0.5454545300758016,-0.307707620808787,False,True,False
2026-08-07,LOAR,70.87000274658203,42,3,False,-0.00015233537343450898,0.04425604282890583,0.33339606231384966,-0.15054533756024158,False,True,False
2026-08-07,LTC,39.849998474121094,42,6,False,0.028663137552757068,0.062228986531944974,0.1846016408188036,-0.07325584943904428,False,True,False
2026-08-07,MTD,1429.4599609375,42,5,False,0.13005807807655656,0.08218226361398817,0.3972532896669905,-0.06275371286484854,False,True,False
2026-08-07,MUX,19.190000534057617,42,3,False,0.038554820511831345,-0.08331818151082515,0.9541752678640103,-0.353872052488178,False,True,False
2026-08-07,NBHC,42.619998931884766,42,5,False,-0.02039655431463716,0.04756049728355949,0.2156302698936292,-0.09856175904667419,False,True,False
2026-08-07,NWS,32.45000076293945,42,4,False,0.06133158052659149,0.10155714225803503,0.2730482955793285,-0.08099689887055361,False,True,False
2026-08-07,NWSA,28.520000457763672,42,3,False,0.05991572666055722,0.10378566883293905,0.2846846611543721,-0.0977538782955919,False,True,False
2026-08-07,OZK,51.40999984741211,42,6,False,0.015253485615069673,0.07498214518708579,0.21335853536508953,-0.04193067473719925,False,True,False
2026-08-07,SCHC,50.68000030517578,42,5,False,0.038511821854678274,0.05618649775371454,0.16639814534602104,-0.021243694477661945,False,True,False
2026-08-07,TOWN,37.459999084472656,42,6,False,0.041284432669669524,0.07589262326886526,0.1739266456784596,-0.04022546102812108,False,False,False
2026-08-07,VOT,306.2799987792969,42,6,False,0.02280984781113604,0.07648138416489458,0.2338557146634057,-0.011042987707240215,False,True,False
2026-08-07,EFAV,94.25,42,5,False,0.04668027401000607,0.0543620102659883,0.1305025416214709,-0.009250470711922087,False,False,False
2026-08-07,EMLP,43.43000030517578,42,5,False,-0.00566425604614984,0.04179411001992128,0.16872983001910113,-0.039796578714967334,False,False,False
2026-08-07,EMN,73.63999938964844,42,6,False,0.04115708707974908,0.06098425315301248,0.31242200300498335,-0.11776688256015677,False,False,False
2026-08-07,ECL,285.1700134277344,42,5,False,0.050781107171256945,0.052404376534254116,0.172815219354433,-0.0779253611473828,False,True,False
2026-08-07,YEXT,5.730000019073486,42,2,False,0.2058588332618232,-0.023142817438914998,0.7549769785510183,-0.3771738980578111,False,True,False
2026-08-07,USMV,100.62000274658203,42,6,False,0.03928461510840631,0.05799079619849157,0.10547139593030219,-0.0009928363076761038,False,False,False
2026-08-07,AVPT,12.789999961853027,42,3,False,0.08376971956444423,0.09064086513526748,0.4476513759625931,-0.29512264319725656,False,True,False
2026-08-07,SPHD,52.599998474121094,42,6,False,0.02191877006377596,0.053759747134599856,0.1292399400262132,-0.02664697292765017,False,False,False
2026-08-07,IGV,102.69000244140625,42,4,False,0.09704743462596355,0.08761965610171907,0.38901666464915463,-0.12967196965312733,False,True,False
2026-08-07,XLG,63.29999923706055,42,6,False,0.028739692741186262,0.06416779223256741,0.2034220736375838,-0.022695653577175512,False,True,False
2026-08-07,MLPA,55.91999816894531,42,6,False,0.027793772669777894,0.0703324061513233,0.2054321816055773,-0.016877687783801054,False,False,False
2026-08-07,PB,73.94999694824219,42,6,False,0.025408449237216635,0.05841759382732703,0.21090547433733775,-0.042098447260029315,False,True,False
2026-08-07,AJG,248.1199951171875,41,4,False,0.055850436525165525,0.06007230992986812,0.3007601316759503,-0.20867483726066505,False,True,False
2026-08-07,AMZU,42.43000030517578,41,5,False,0.1801781247219294,0.1964363587415252,0.7290138028613027,-0.09991512824471804,False,False,False
2026-08-07,AON,358.29998779296875,41,4,False,0.0406392047581523,0.06390161388554239,0.17633537575375935,-0.0628759972149936,False,False,False
2026-08-07,AOR,70.12000274658203,41,6,False,0.016488251997051284,0.05023440583272154,0.13499521094325395,-0.0012818165370198642,False,False,False
2026-08-07,AVES,65.48999786376953,41,6,False,0.0057481969300619,0.04974478969820306,0.19507297035653015,-0.051694176383300094,False,False,False
2026-08-07,BCAT,16.040000915527344,41,6,False,0.017973250432875787,0.0712044313602056,0.16824482522267914,-0.008652619716184695,False,True,False
2026-08-07,BKU,46.459999084472656,41,5,False,-0.026338751100214663,0.014130355537900652,0.3236467551053368,-0.10842451467476177,False,True,False
2026-08-07,BUFD,30.239999771118164,41,6,False,0.016579929457108067,0.052500960616872705,0.12625695871453368,-0.0006609536553996431,False,True,False
2026-08-07,FTLS,75.9000015258789,41,6,False,0.018957462813294024,0.05065945635718272,0.1480865349439191,-0.02089777073451915,False,False,False
2026-08-07,GOOD,12.949999809265137,41,6,False,0.028871966164951024,0.08850054463788726,0.2536301940861114,-0.03860433908353389,False,True,False
2026-08-07,GPIX,56.380001068115234,41,6,False,0.020190308417821434,0.057793083576131776,0.16343380382316752,-0.0024769884733645275,False,False,False
2026-08-07,HAS,93.5199966430664,41,6,False,0.09917487652301693,0.06457330311015341,0.34561146249016406,-0.12581796869980022,False,True,False
2026-08-07,IREN,41.22999954223633,41,1,False,-0.12599791551876305,-0.13179575380594255,1.3943090119789696,-0.46363993665826175,False,False,False
2026-08-07,KVUE,19.229999542236328,41,7,False,0.027704719116063092,0.09138890286975565,0.3716119054466638,-0.12431692422822727,False,False,False
2026-08-07,LINE,42.36000061035156,41,6,False,-0.014892867237326746,0.10599513200870336,0.3520587524259642,-0.07409834731471998,False,False,False
2026-08-07,NSSC,41.36000061035156,41,4,False,0.11815213910569011,0.018871051191629018,0.4130509041171231,-0.14048209625071217,False,True,False
2026-08-07,NTST,20.690000534057617,41,5,False,-0.011702864387025613,0.055911265536934485,0.2156286708335471,-0.07921668151716299,False,True,False
2026-08-07,RYLD,16.34000015258789,41,6,False,0.024380769208395048,0.051250057965683826,0.11841208326928188,0.0,False,False,False
2026-08-07,SFLR,39.0099983215332,41,6,False,0.012879970920856243,0.04931521830108787,0.13665497285584993,-0.027667014952719948,False,True,False
2026-08-07,STVN,20.270000457763672,41,3,False,0.07899501275344711,0.08684289528346345,0.5725368439003873,-0.276071412222726,False,False,False
2026-08-07,TOST,34.47999954223633,41,3,False,0.21475175277957637,0.1373363185547245,0.5489667200227306,-0.26340528667640617,False,True,False
2026-08-07,WLFC,61.04999923706055,41,4,False,-0.08620431430205333,0.04399077031246201,1.6606461093798335,-0.251287705964339,False,True,False
2026-08-07,EQX,11.579999923706055,41,3,False,0.1443592302586152,-0.1203916510809927,0.8410174871121301,-0.3892404808611237,False,False,False
2026-08-07,DIVO,48.0,41,6,False,0.034148439991413815,0.049042747529950415,0.12306967980731942,-0.0041493933563011565,False,False,False
2026-08-07,DFGR,29.65999984741211,41,6,False,0.011476119974985766,0.06035761700544495,0.1399800233488564,-0.025143776789864125,False,True,False
2026-08-07,CXM,6.860000133514404,41,3,False,0.21708894701279635,0.09940304083948104,0.45493105228198183,-0.2543477961156222,False,True,False
2026-08-07,CPT,111.93000030517578,41,5,False,-0.006283857056183173,0.04838366412336215,0.15953591340127304,-0.06577078218839139,False,True,False
2026-08-07,RGNX,10.720000267028809,41,3,False,0.08554766520879808,0.01805821219386372,0.9651696456387451,-0.3378628836683485,True,True,False
2026-08-07,TCBI,99.33000183105469,41,5,False,-0.02013781020533989,0.025614041044147662,0.31719927075092014,-0.0880462403517086,False,True,False
2026-08-07,UTL,53.72999954223633,41,6,False,0.019204205013560793,0.04916508290843358,0.20443843997098066,-0.06164860081683554,False,True,False
2026-08-07,CGGR,46.959999084472656,41,6,False,0.01721640897050225,0.05713739903085102,0.21815823641643672,-0.02207416416464525,False,False,False
2026-08-07,HBAN,17.549999237060547,41,6,False,0.011305834323340092,0.04306889654878532,0.1786433064073527,-0.09815004816398576,False,False,False
2026-08-07,SWKS,70.62000274658203,41,4,False,0.04795798715455746,0.09760480430836638,0.3599076127781853,-0.22310229305687335,False,False,False
2026-08-07,CUBE,41.77000045776367,41,6,False,0.020263613653576318,0.0730796351871359,0.19036763397343925,-0.03444285533011371,False,False,False
2026-08-07,WMK,75.25,41,5,False,-0.033474531319616085,0.06628993734217636,0.2543756941918993,-0.10138521710474946,False,False,False
2026-08-07,SKYQ,3.5,41,3,False,0.16534594159959526,-0.0039146151201765456,2.1818181128541316,-0.8200514209403532,False,True,False
2026-08-07,MRSH,191.64999389648438,41,3,False,0.09823671696773206,0.08159843215024654,0.22381855955867613,-0.10360153806878691,False,False,False
2026-08-07,PLAB,32.650001525878906,41,4,False,0.06277021530186033,-0.061623819266163005,0.6743590526091747,-0.41696425846644813,False,True,False
2026-08-07,IYR,104.69000244140625,41,6,False,0.009819455844487512,0.05727506473725841,0.1323959534581336,-0.03217154281637158,False,True,False
2026-08-07,AEM,178.82000732421875,40,3,False,0.14220822117079268,-0.021631628087919297,0.37511547644233634,-0.2994044684385968,False,False,False
2026-08-07,ALLY,43.720001220703125,40,5,False,-0.0173734943531052,0.029058209852534933,0.21714931651921177,-0.07549163936793313,False,True,False
2026-08-07,AMH,34.630001068115234,40,4,False,0.04016487290983517,0.09756371336384229,0.27222637552107853,-0.03403061249462913,False,True,False
2026-08-07,ASHR,35.119998931884766,40,5,False,-0.0038575271419237778,0.03149250987363161,0.22156518023947003,-0.059201789198183974,False,True,False
2026-08-07,BHF,60.79999923706055,40,5,False,-0.04201581761706874,-0.02435464232493756,0.4452103560281375,-0.08982041228423832,False,False,False
2026-08-07,ETR,107.18000030517578,40,4,False,-0.04105446556230985,0.026378640637362283,0.2405092408832048,-0.09514560517879067,False,True,False
2026-08-07,EVRG,83.37999725341797,40,5,False,-0.013051234698955971,0.040410390977856814,0.18403861717491377,-0.059128924969099717,False,True,False
2026-08-07,FHB,27.489999771118164,40,5,False,-0.033736624667260684,0.03965651593063657,0.21395448069833978,-0.1010464408207038,False,True,False
2026-08-07,FREL,29.90999984741211,40,6,False,0.006989331075512917,0.055214417345462063,0.13424341659147343,-0.03266494910704065,False,True,False
2026-08-07,GWRE,170.52999877929688,40,3,False,0.23853556399043963,0.05486790910302042,0.6669598601382121,-0.37443141980510175,False,True,False
2026-08-07,HESM,39.79999923706055,40,6,False,0.02285750571907541,0.07511775442801483,0.2582990924143904,-0.057318851579187036,False,False,False
2026-08-07,HIFS,301.57000732421875,40,6,False,0.03218579481766515,0.039917914365039,0.26259158307712505,-0.10778104341947115,False,False,False
2026-08-07,HLF,12.350000381469727,40,4,False,0.00794936414823888,-0.09969671151356307,0.6335979464212897,-0.3946078131172295,False,True,False
2026-08-07,HROW,40.439998626708984,40,2,False,0.010070698621373664,-0.016229571296038747,0.4169585609476061,-0.2627165040708419,False,True,False
2026-08-07,IWF,124.5999984741211,40,4,False,0.0216179473157303,0.05587637539834511,0.2188202522021172,-0.035155652291967265,False,True,False
2026-08-07,KRP,14.979999542236328,40,7,False,0.006571578741577655,0.07308124562907459,0.3244915107389543,-0.05189877459491321,False,False,False
2026-08-07,MTZ,272.4599914550781,40,4,False,-0.23013501460932528,-0.08750705055410368,0.6250744691869121,-0.38277870562548555,False,False,False
2026-08-07,NDAQ,94.58999633789062,40,4,False,0.06938143950380837,0.05851719570238689,0.23566286828147365,-0.07073390817249137,False,True,False
2026-08-07,NTES,132.22000122070312,40,3,False,0.0478697971098796,0.0427790274024451,0.24665287822260273,-0.17129427332062708,False,True,False
2026-08-07,PJT,171.33999633789062,40,4,False,0.0638654328483057,0.06636824069394942,0.3414232508793693,-0.12411818518220374,False,True,False
2026-08-07,PNW,101.02999877929688,40,5,False,-0.030950513016496317,0.03514661017103493,0.18413032279260166,-0.09112994376650485,False,False,False
2026-08-07,RSPA,54.540000915527344,40,6,False,0.020698442722990595,0.04969915065636532,0.11238022177061713,-0.007081868100883737,False,False,False
2026-08-07,SARO,29.190000534057617,40,5,False,0.04637159133839286,0.04476865884968584,0.22492658948854793,-0.1534222470536497,False,True,False
2026-08-07,SF,83.08999633789062,40,4,False,0.10103433822416141,0.05986148696431326,0.22533548635057277,-0.07499634144093803,False,True,False
2026-08-07,UPS,104.5,40,4,False,-0.04359906582869777,0.006389368424647435,0.27439024390243905,-0.14631160139122856,False,False,False
2026-08-07,VRTS,165.16000366210938,40,4,False,0.07685328179439566,0.09032373176205732,0.35811202066592873,-0.18884139694996582,False,False,False
2026-08-07,ES,72.33000183105469,40,6,False,0.004561032546258836,0.027349856144789797,0.17552418764863864,-0.05537413975014205,False,False,False
2026-08-07,SSD,198.2899932861328,40,6,False,0.025227097509152197,0.08773817827600783,0.2684876151193196,-0.07119776952517787,False,True,False
2026-08-07,CTVA,76.83000183105469,40,4,False,-0.06082911087056442,0.01612873608883536,0.2691831506519644,-0.15543584918003095,False,False,False
2026-08-07,DNP,10.850000381469727,40,6,False,0.00047953335215566995,0.0414317412135754,0.11971113016710166,-0.0277777303029505,False,True,False
2026-08-07,LYB,59.59000015258789,40,3,False,-0.009237580524985578,0.01756708014252495,0.433140873699581,-0.29008817703830436,True,True,False
2026-08-07,VNQ,98.43000030517578,40,6,False,0.006322365946175745,0.05432455002736991,0.13346389286094573,-0.033104151724520414,False,False,False
2026-08-07,INVH,30.3700008392334,40,4,False,0.021238561512223697,0.09420743447035584,0.2523711686281813,-0.03212439963773872,True,True,False
2026-08-07,VONG,128.27999877929688,40,4,False,0.02175082222973357,0.05603843673520115,0.21904394837068608,-0.035053434455616816,False,True,False
2026-08-07,JACK,17.579999923706055,40,3,False,0.21890339707522188,0.11043384333909723,0.970851992527128,-0.26320203378037443,False,True,False
2026-08-07,KMI,30.850000381469727,40,4,False,-0.03375136039186333,0.009758828407277598,0.2050781219440978,-0.11376043767868727,False,False,False
2026-08-07,VSS,158.67999267578125,40,6,False,0.0260442029890553,0.051138628105969364,0.16266117851117912,-0.025965323744645885,False,True,False
2026-08-07,MAGS,69.13999938964844,40,4,False,0.04588331649493749,0.0613581243540291,0.25515113985247573,-0.028386792699626184,False,False,False
2026-08-07,COLD,14.960000038146973,40,6,False,-0.0038089677846783188,0.14063512621696317,0.4811880666454025,-0.11374402950695606,False,True,False
2026-08-07,ELAN,22.1200008392334,40,5,False,-0.10331348750345748,-0.06082751431513422,0.4270968283376386,-0.2094352680083913,False,False,False
2026-08-07,ACWV,126.69999694824219,39,6,False,0.038849842387518096,0.04806149748475952,0.08327631617656706,-0.000709866445581353,False,False,False
2026-08-07,AIN,62.709999084472656,39,6,False,-0.11921436951109377,0.0632003009312716,0.5239367377674298,-0.1855844274743811,False,False,False
2026-08-07,BANC,18.729999542236328,39,5,False,-0.06755615043251029,-0.015298902967640249,0.30887484227886697,-0.14591886540850663,False,False,False
2026-08-07,BCI,23.829999923706055,39,6,False,0.013813904725982873,0.037658105108152595,0.2236827967915722,-0.08240275110627326,False,True,False
2026-08-07,BHC,6.25,39,3,False,0.22357087333672387,0.06845825848312681,0.44341803928962054,-0.2807824739015323,False,False,False
2026-08-07,BKGI,44.709999084472656,39,5,False,-0.011136081086750571,0.0298363267497741,0.19226664225260426,-0.045473976540914895,False,False,False
2026-08-07,EZA,69.6500015258789,39,4,False,0.07834366373561652,0.015360171182382087,0.24575213228341264,-0.14811644195132956,False,True,False
2026-08-07,FERG,256.69000244140625,39,5,False,0.10141383694474104,0.06678204406229105,0.23622617605441554,-0.05503611913134332,False,False,False
2026-08-07,FFIN,34.66999816894531,39,6,False,0.014870277858499703,0.07920829688712527,0.23293019680757876,-0.09050369516284962,False,True,False
2026-08-07,HELO,69.86000061035156,39,6,False,0.028758111853136814,0.047574133911837846,0.10748253935463636,-0.001000996632614548,False,True,False
2026-08-07,HIVE,2.8399999141693115,39,1,False,-0.19873606296469704,-0.08590559300221445,0.6416184293976444,-0.6377551200388866,True,True,False
2026-08-07,IWY,290.9800109863281,39,4,False,0.019300109454544634,0.05437128653843071,0.21876444392179328,-0.04005009344951327,False,True,False
2026-08-07,KAI,337.6300048828125,39,6,False,0.09711960591190372,0.10040894764882058,0.37881329528035,-0.05597648358821539,False,True,False
2026-08-07,KBH,58.59000015258789,39,4,False,0.04943955159235158,0.02531615914045271,0.33068366515915515,-0.14728567991164065,True,True,False
2026-08-07,LOGI,106.33000183105469,39,3,False,0.0038727562513061198,0.03834799674312328,0.27616421292017646,-0.17993213922661977,False,False,False
2026-08-07,MO,68.3499984741211,39,5,False,-0.04154387330539244,0.041132713036216684,0.24954291628510972,-0.11302880042073549,False,False,False
2026-08-07,NPKI,13.479999542236328,39,5,False,-0.06439570678298956,-0.030250743803276636,0.5214447025488615,-0.1830303307735559,False,True,False
2026-08-07,NXE,10.430000305175781,39,4,False,0.05601008042872935,-0.019031511295011905,0.6661341731354524,-0.2528653096937783,False,True,False
2026-08-07,PDS,75.75,39,3,False,-0.0946381103287175,-0.06406318028836666,0.4420331574394514,-0.27023123532829985,False,False,False
2026-08-07,PPTA,24.719999313354492,39,3,False,0.158279414316028,-0.06280214141642682,0.5184274122071948,-0.33850682312268043,False,True,False
2026-08-07,QGRO,117.87000274658203,39,4,False,0.016614997164603906,0.041280656496649915,0.16645224331372876,-0.017749977111816362,False,True,False
2026-08-07,QQA,56.630001068115234,39,6,False,0.005351475104003134,0.04926090088265167,0.17489626912324718,-0.03246194687866122,False,False,False
2026-08-07,VZ,47.060001373291016,39,5,False,0.03793104508956979,0.05078538479769512,0.2258401177776621,-0.08939626363396269,False,True,False
2026-08-07,WFRD,86.81999969482422,39,4,False,-0.030780150813401463,-0.03792852454552498,0.6474070576061195,-0.23269996885534883,False,True,False
2026-08-07,WTRG,40.040000915527344,39,3,False,0.042838708781571366,0.028868203096483525,0.10883412458456676,-0.05499169400743187,False,False,False
2026-08-07,ZTO,23.600000381469727,39,5,False,0.02056703385264025,0.037089136812025414,0.3303269834248821,-0.09923665289153316,False,False,False
2026-08-07,EQR,67.06999969482422,39,5,False,-0.0072234210754590356,0.0582928921659398,0.16501650252490951,-0.061958046226234686,False,True,False
2026-08-07,OCFC,19.420000076293945,39,4,False,0.021556852196064735,0.035752672948382136,0.19214235634469135,-0.05773898587173887,False,True,False
2026-08-07,IYK,74.44999694824219,39,6,False,0.013631222004287125,0.04739953867766444,0.14169602811679383,-0.04953408390288372,False,False,False
2026-08-07,BLK,1136.3900146484375,39,3,False,0.09294143792589571,0.07904733222877858,0.2387207147484871,-0.06848691802114681,False,True,False
2026-08-07,HOOD,93.29000091552734,39,1,False,-0.05131578825682792,-0.05061994031309203,0.4687869292608635,-0.3936695661936006,False,True,False
2026-08-07,J,145.07000732421875,39,4,False,0.12985336128852,0.08596877446155338,0.37272905852853033,-0.13874373532686823,False,True,False
2026-08-07,XLRE,44.97999954223633,39,6,False,0.005283426816361736,0.05226341838654469,0.1322844876013931,-0.03175120505177409,False,False,False
2026-08-07,SLM,27.3700008392334,39,4,False,0.12193285387266095,0.11376069324895122,0.5402363609549323,-0.1748567274610836,False,True,False
2026-08-07,PRMB,23.56999969482422,39,6,False,-0.017154982054416346,0.15731248517174912,0.6413649204973637,-0.1007248943862965,False,False,False
2026-08-07,CERT,8.199999809265137,39,3,False,0.2531327981103688,0.09697526544853718,0.8426966653329513,-0.40922192062997476,False,False,False
2026-08-07,XOVR,20.1299991607666,39,3,False,0.008643328960038943,0.04742522049104503,0.2296883401814953,-0.07575764342792746,False,True,False
2026-08-07,DHR,204.75999450683594,39,3,False,0.07563933490310726,0.006251698567254271,0.272354463591862,-0.15667219137889743,False,True,False
2026-08-07,DTM,131.44000244140625,39,5,False,-0.0770816436613424,-0.0020097819064731626,0.3081209997027361,-0.14024072315958325,False,False,False
2026-08-07,AAP,57.79999923706055,38,6,False,0.0028628278656341877,0.09832266741372897,0.5254684657728321,-0.1136328776483072,False,True,False
2026-08-07,ACGL,98.4800033569336,38,6,False,0.016001439960950048,0.036091213215682316,0.1944209460523596,-0.08039960104014532,False,True,False
2026-08-07,AES,14.729999542236328,38,5,False,0.0012506827105220886,0.013907643952990156,0.19464717221254446,-0.16543910138266027,False,True,False
2026-08-07,AHRT,6.929999828338623,38,4,False,-0.0012682557220751178,0.06213405197719779,0.35087712938460114,-0.10116734188704568,True,True,False
2026-08-07,ARKK,79.43000030517578,38,3,False,0.025699967574792426,0.03154035799910271,0.2618953163917017,-0.14268754455455168,False,True,False
2026-08-07,BA,234.4199981689453,38,6,False,0.06374868077034579,0.07082852332351575,0.32612995702385517,-0.0783566245579691,False,False,False
2026-08-07,FMS,24.270000457763672,38,3,False,0.03282749674722507,0.040701879398790775,0.2122877074336862,-0.12192471079239153,False,False,False
2026-08-07,FRHC,148.97999572753906,38,6,False,0.0028284672938567734,0.06612963245412118,0.3797638141504196,-0.22692934852751168,True,True,False
2026-08-07,GNRC,212.22000122070312,38,4,False,-0.13267937593379897,0.0347813754015498,0.574332317627761,-0.2841047109940902,False,False,False
2026-08-07,HAL,31.889999389648438,38,3,False,-0.09641115668355549,-0.06153164233242081,0.5640019786287145,-0.2684102023854854,False,True,False
2026-08-07,IDA,141.83999633789062,38,4,False,-0.024717631332095924,0.02321159596813671,0.1597709958998399,-0.08437161587528674,False,True,False
2026-08-07,IWP,144.1199951171875,38,3,False,0.023213248538979103,0.046868241696094604,0.1722790975693671,-0.017184971924098513,False,True,False
2026-08-07,JEF,56.619998931884766,38,4,False,0.017638815558142618,0.055731688958671866,0.5935829123888658,-0.20298425954117316,True,True,False
2026-08-07,LIN,489.9800109863281,38,4,False,-0.042988727500005486,0.03156857187773876,0.2635515305811269,-0.10620211587794703,False,False,False
2026-08-07,MOO,81.0999984741211,38,4,False,0.01031490101335919,0.02331154475716768,0.16993650939349947,-0.06307762521338689,False,False,False
2026-08-07,NN,16.309999465942383,38,2,False,-0.036672625430517636,-0.010339589538642224,0.5004599482664578,-0.33210485606117823,False,False,False
2026-08-07,NOW,124.87999725341797,38,3,False,0.16366832003698883,0.012428986794508878,0.5371738126190977,-0.35868862615026076,False,True,False
2026-08-07,SONY,23.459999084472656,38,3,False,0.1012739847238231,0.00946639778281666,0.21428568607884269,-0.22676338277896801,False,False,False
2026-08-07,TAN,52.75,38,4,False,-0.08732919109504955,-0.041426722353892664,0.46081415420630845,-0.302248663165555,False,False,False
2026-08-07,WFC,87.25,38,4,False,0.031262925863031255,0.027755280952752592,0.19881837679858938,-0.10750820280859419,False,True,False
2026-08-07,WY,25.579999923706055,38,5,False,0.05224187263291058,0.05884056745996902,0.2088846932026096,-0.0781982009475296,False,False,False
2026-08-07,ZWS,51.41999816894531,38,6,False,0.05334744879219522,0.0688617255489683,0.19414762027480514,-0.06509094238281254,False,False,False
2026-08-07,CLS,317.8299865722656,38,4,False,-0.11402076518342985,-0.033759774904042805,0.8347283635113485,-0.32951503619870326,False,False,False
2026-08-07,CPK,133.85000610351562,38,3,False,0.05117585693877946,0.04032073245318446,0.12592538018137645,-0.04956327229131574,False,False,False
2026-08-07,DOV,211.1300048828125,38,4,False,-0.014457520926040024,0.015830486178378234,0.3281122429488692,-0.11118122905521732,False,True,False
2026-08-07,CEF,43.58000183105469,38,4,False,0.03761414914031436,-0.04866578984760017,0.42511451732447014,-0.28999672413344135,False,True,False
2026-08-07,CVI,31.149999618530273,38,2,False,-0.01761048753543959,0.02090477072704533,0.5876655599443583,-0.25245977952202303,False,False,False
2026-08-07,DNN,3.2200000286102295,38,4,False,0.03523663642667629,-0.024035393327292986,0.7311827977663767,-0.27313766289290764,False,False,False
2026-08-07,TCHP,51.540000915527344,38,4,False,0.03146428313459748,0.051998311604821934,0.21973730002857295,-0.03229435711999373,False,True,False
2026-08-07,KNG,51.959999084472656,38,6,False,0.03129612666401238,0.0415815580968677,0.08976507449460458,-0.02330830189255595,False,True,False
2026-08-07,SCI,85.01000213623047,38,4,False,0.09820125475885799,0.06762752800206018,0.24265454736871228,-0.06572146244571109,False,True,False
2026-08-07,MA,562.9500122070312,38,3,False,0.07953197417533886,0.06587132745732971,0.21189620580668356,-0.06450970647301058,False,True,False
2026-08-07,ROCK,50.22999954223633,38,3,False,0.17683717375524677,0.07679131028206498,0.49672221355188206,-0.3309803101062242,False,False,False
2026-08-07,INSM,131.10000610351562,38,2,False,0.24498356329192839,-0.1038712543925806,0.4503817567071402,-0.38378375509510865,False,False,False
2026-08-07,WS,38.2599983215332,38,6,False,0.01700137338795904,0.03958346707096316,0.4055841031106251,-0.22188326731121633,True,True,False
2026-08-07,NLY,23.040000915527344,38,5,False,0.028837864050462958,0.02947685769522046,0.15200004577636728,-0.06035887090563741,False,False,False
2026-08-07,STE,237.47000122070312,38,3,False,0.10411722831435832,0.013151301826758166,0.2169211948521721,-0.11865350701834065,False,False,False
2026-08-07,COF,217.75999450683594,38,3,False,0.08717790827081329,0.048937215656989164,0.2497703606613999,-0.1613003303759195,False,True,False
2026-08-07,PFE,26.760000228881836,38,5,False,0.06719841391353287,0.03458275298404745,0.13486006426907493,-0.06921738334324046,False,False,False
2026-08-07,AGIO,32.27000045776367,37,2,False,-0.06479489334288546,0.028502961611224453,0.45098924414877484,-0.29847825091818103,False,False,False
2026-08-07,ALLW,29.809999465942383,37,6,False,0.01373729432263815,0.022628335717599146,0.13843803986762993,-0.017144756316245124,False,True,False
2026-08-07,AN,209.22999572753906,37,3,False,0.05727355441351922,0.040576133515318524,0.18463368538038294,-0.11271787501057973,False,False,False
2026-08-07,APG,41.720001220703125,37,4,False,0.011879662690692516,0.008555339793149264,0.2491017758899723,-0.16543309021983843,False,False,False
2026-08-07,AWK,135.30999755859375,37,3,False,0.03913236701765177,0.03217585659858213,0.12225261591671277,-0.08493946015646991,False,False,False
2026-08-07,AXS,103.48999786376953,37,5,False,-0.027669488306145684,0.009402474218247248,0.17508797799906795,-0.13751146173644613,False,False,False
2026-08-07,BBAR,17.110000610351562,37,5,False,-0.11371944975915638,0.015351963146223335,1.2048969208364313,-0.23854022549156673,False,True,False
2026-08-07,BMA,83.6500015258789,37,5,False,-0.08779420125913928,-0.010271741321771222,1.1840731903967234,-0.2119641985545766,False,True,False
2026-08-07,CARS,12.319999694824219,37,5,False,0.1325402822415893,0.14223725578250335,0.6648648021689647,-0.1181102749223868,False,False,False
2026-08-07,EWG,44.02000045776367,37,5,False,0.04829991318797089,0.0495258556455167,0.15903109500595058,-0.014109765880972902,False,False,False
2026-08-07,GATX,177.7100067138672,37,4,False,0.004547097689138635,0.009289863703963785,0.1814254013902521,-0.1354835141831916,False,False,False
2026-08-07,GBCI,48.75,37,5,False,-0.024262344059183483,0.037100543541681796,0.22180446455324154,-0.10681571336513873,False,True,False
2026-08-07,HLN,10.029999732971191,37,5,False,0.0561229614827321,0.023855919729475206,0.15953759252019428,-0.11081560546019142,False,False,False
2026-08-07,IONQ,44.43000030517578,37,1,False,-0.08722609071360243,-0.026252600372604795,0.7161066571110144,-0.4750708810778935,False,False,False
2026-08-07,IRT,17.260000228881836,37,4,False,0.03689821033972107,0.04824923617416421,0.18219176561037442,-0.0506050638531631,False,False,False
2026-08-07,KREF,7.760000228881836,37,4,False,0.08619582421203131,0.05379661881960951,0.4780952816917783,-0.2226785151683226,False,True,False
2026-08-07,LPLA,362.6300048828125,37,5,False,0.17316048415154528,0.09745693370294806,0.39392663229162217,-0.09378748109715329,False,True,False
2026-08-07,MGRC,119.75,37,6,False,0.02945045120388956,0.07343553938671432,0.26065904508957005,-0.06210839823168701,False,False,False
2026-08-07,PHO,73.30999755859375,37,3,False,0.0703908286089232,0.047174976661383594,0.15376135508803412,-0.021620215400828258,False,True,False
2026-08-07,RDN,36.90999984741211,37,6,False,0.002509664562497127,0.04831597098542151,0.17174602690197172,-0.10085260576352906,False,True,False
2026-08-07,TSLZ,15.34000015258789,37,5,False,0.17563208300223176,0.14958896025258128,0.5757576470037336,-0.5019480346567733,False,True,False
2026-08-07,XHB,110.80000305175781,37,5,False,0.024298458842639148,0.03593326445999234,0.18414025235790032,-0.10013802060178223,False,True,False
2026-08-07,YANG,26.959999084472656,37,4,False,-0.16414507391745892,-0.005604574401419704,0.35205608637897723,-0.36144011594077186,False,True,False
2026-08-07,PRDO,33.849998474121094,37,4,False,0.02167701335282657,0.03168188692230833,0.2696923731380636,-0.12077926041243914,False,False,False
2026-08-07,FE,47.470001220703125,37,3,False,-0.004316627001521911,-0.0003400706003715559,0.11092913010171124,-0.09304545123590291,False,False,False
2026-08-07,CXT,53.33000183105469,37,4,False,0.12398627985074251,0.08238115292233084,0.49341929986896926,-0.2271014227383379,True,True,False
2026-08-07,TTEK,35.439998626708984,37,4,False,0.17448992940108443,0.08491009403496519,0.37311117241493474,-0.17848866184238033,False,False,False
2026-08-07,SPLV,76.20999908447266,37,6,False,0.01498571325637199,0.034586200128726485,0.09449952736759148,-0.033113430860910675,False,True,False
2026-08-07,CDW,135.80999755859375,37,4,False,0.0016742329644945375,0.023965646833368437,0.3983730819382967,-0.2083357904830877,False,False,False
2026-08-07,FTS,56.099998474121094,37,5,False,-0.014991124364394093,0.02268778238722491,0.15337169362835756,-0.05555560550482641,False,False,False
2026-08-07,TRU,80.0199966430664,37,3,False,0.08175769586224768,0.04641312443640788,0.26274259100238284,-0.1621381190060961,False,False,False
2026-08-07,ZLAB,23.31999969482422,37,3,False,0.2452608390466473,0.18318125641853955,0.4611528595918333,-0.36578734282010594,False,True,False
2026-08-07,IIIN,32.290000915527344,37,4,False,0.07799346929760387,0.027985489918312734,0.32607804557161035,-0.1909295655479405,False,True,False
2026-08-07,O,62.5099983215332,37,4,False,-0.004582988422706213,0.017609950943489494,0.11904757677265954,-0.079923519645971,False,True,False
2026-08-07,UE,21.6299991607666,37,5,False,-0.05453372518230526,0.03598151952998663,0.17172265620318172,-0.10286194055591102,False,True,False
2026-08-07,PFIX,50.29999923706055,37,4,False,0.07820754713417188,0.0781364805877387,0.21600380021850696,-0.13305758634598752,False,True,False
2026-08-07,UDR,38.40999984741211,37,5,False,-0.017033654725159608,0.04226731270302375,0.16605954610659412,-0.08547619410923546,False,False,False
2026-08-07,UTF,27.229999542236328,37,5,False,-0.007139281764547367,0.05146094562172654,0.16268144549661723,-0.03130562251895408,False,True,False
2026-08-07,DEO,96.3499984741211,37,4,False,0.1584677976562039,0.1221488242311235,0.329882712665301,-0.17232200461237224,False,False,False
2026-08-07,AGNC,10.84000015258789,36,5,False,0.01463927387725339,0.013017852697262189,0.1643393838895426,-0.11074647040742236,False,False,False
2026-08-07,AOM,49.93000030517578,36,6,False,0.009416911940538064,0.02818394142644909,0.08378555754115236,-0.003393177128201419,False,True,False
2026-08-07,ARCO,8.239999771118164,36,3,False,-0.013244579547608604,0.018132366538475164,0.25993881027232657,-0.15487181834685493,True,True,False
2026-08-07,ARKO,5.659999847412109,36,4,False,-0.27426594719000863,-0.06787548920692699,0.5256064121872892,-0.3535123045771029,False,True,False
2026-08-07,ATHM,22.719999313354492,36,4,False,0.1464556376720565,0.09248361070244648,0.45921642637585136,-0.24064173611563988,False,False,False
2026-08-07,ATMU,51.16999816894531,36,5,False,0.007890546237113272,-0.05725645745461372,0.36745057917750157,-0.2305263433241307,False,True,False
2026-08-07,AVB,187.5500030517578,36,5,False,-0.0029716663830933188,0.04166639520686055,0.17145531481425347,-0.055782115283094624,False,True,False
2026-08-07,AXP,340.9100036621094,36,4,False,0.011804747242792457,0.003707643593106935,0.17300346810223788,-0.1202095221713767,False,True,False
2026-08-07,BALT,34.665000915527344,36,6,False,0.010259121409768257,0.027676896243790106,0.07179304697292199,-0.0018715412486527416,False,True,False
2026-08-07,BG,108.37999725341797,36,4,False,-0.06975230028536461,-0.03461467713170274,0.4258649415529778,-0.1964113503581918,False,False,False
2026-08-07,CAAP,25.079999923706055,36,4,False,-0.02611019427091288,-0.01973046813558077,0.4447004056411812,-0.1777049205342277,False,True,False
2026-08-07,FER,66.51000213623047,36,4,False,0.00487406975293303,-0.0061975974667412,0.2760936972226704,-0.11070997028932839,False,False,False
2026-08-07,FOXA,64.02999877929688,36,4,False,0.10572321359876358,0.01548602392641496,0.3245758911291401,-0.16180129217315398,True,True,False
2026-08-07,GLTR,196.02000427246094,36,4,False,0.03389786235337544,-0.05936524997989179,0.40707779561919066,-0.33651501945361306,False,False,False
2026-08-07,GSM,4.489999771118164,36,4,False,0.23609728712028089,0.03565986134405552,0.4577921695905456,-0.21777004352676088,False,False,False
2026-08-07,HII,324.4800109863281,36,3,False,0.10901715086305419,-0.06799005207434683,0.2528185752367882,-0.29460867176885186,False,False,False
2026-08-07,IBP,244.0500030517578,36,2,False,0.10668529095908119,-0.07179469938516614,0.2637874904479476,-0.30071632363393175,False,True,False
2026-08-07,INCM,29.469999313354492,36,6,False,0.010308761225380714,0.023618401050284232,0.08745383389386618,-0.003381818819809812,False,False,False
2026-08-07,ITUB,7.940000057220459,36,3,False,-0.019970854748335376,-0.012996906875564207,0.2428874505769465,-0.17291669357153994,False,True,False
2026-08-07,JGRO,95.95999908447266,36,4,False,0.007282741766296841,0.035795154693936126,0.18235577568453043,-0.03780210714490895,False,False,False
2026-08-07,KDP,30.010000228881836,36,5,False,-0.035283977720194204,0.045486144592170596,0.20618976049664672,-0.16499717931041435,False,True,False
2026-08-07,KRC,37.970001220703125,36,3,False,-0.0034015802320016553,0.05388354082558999,0.3877924113180504,-0.15678431601112264,False,True,False
2026-08-07,POR,49.04999923706055,36,3,False,-0.039372991563799586,-0.026623498503549503,0.1779538894338748,-0.1019772941001047,False,False,False
2026-08-07,QGEN,42.29999923706055,36,2,False,0.07521959526260757,-0.01587513916099892,0.30033817474292723,-0.268419241433392,True,True,False
2026-08-07,SMG,62.90999984741211,36,4,False,-0.03322771299673166,0.014050994458307153,0.20980768937330985,-0.16498536095929062,False,False,False
2026-08-07,SPYI,54.18000030517578,36,4,False,0.020079646808080165,0.03334532320506267,0.13418463022790994,-0.0012903169552851423,False,False,False
2026-08-07,TXT,89.43000030517578,36,3,False,-0.013009772711037537,-0.0032978172445494724,0.16978422334956078,-0.11952347569286315,False,False,False
2026-08-07,UA,5.929999828338623,36,4,False,-0.04824578301529492,0.03932064317718731,0.5012657612032134,-0.2500031963232392,False,True,False
2026-08-07,VLTO,98.33999633789062,36,3,False,0.0972923248908566,0.04983117899316758,0.22878917703208068,-0.10689314510233894,False,True,False
2026-08-07,VZLA,3.740000009536743,36,1,False,0.106116174968234,-0.08545158742951664,0.2986110628203129,-0.4798331043431774,False,True,False
2026-08-07,XYLD,41.56999969482422,36,6,False,0.017620462529729153,0.0286179369628643,0.08765040207027663,-0.00048089583289956384,False,True,False
2026-08-07,MDLZ,62.61000061035156,36,5,False,0.02474042677902699,0.06769304237918661,0.22285155619902075,-0.060615166137073406,False,False,False
2026-08-07,NVMI,393.0199890136719,36,4,False,-0.18100599774480153,-0.09174641714675824,0.6887380063968507,-0.36197016957348016,False,False,False
2026-08-07,GEHC,71.7699966430664,36,2,False,0.10972804278930282,-0.016913665283294854,0.22161696413730048,-0.20051242812862768,False,False,False
2026-08-07,FDIS,104.68000030517578,36,3,False,0.031055784680866783,0.03702705829791886,0.16375768601092155,-0.025779401784447598,False,True,False
2026-08-07,ICLN,18.299999237060547,36,5,False,-0.07633607304909185,-0.020355767433557714,0.3545521041471631,-0.23044580703744255,False,False,False
2026-08-07,ENSG,182.97000122070312,36,3,False,0.09580723068963026,0.0010381384500157687,0.29234354325717904,-0.16068806779493983,False,True,False
2026-08-07,DOW,29.34000015258789,36,3,False,-0.04951957647075622,-0.04443662584294206,0.4380942818433353,-0.31352365464763365,True,True,False
2026-08-07,EWZ,35.34000015258789,36,4,False,0.005949177412445383,-0.006730003301434029,0.29308453169566095,-0.15897192366502166,False,True,False
2026-08-07,AEE,108.83999633789062,35,4,False,-0.017258500175107327,0.013015412334431709,0.12705805821519567,-0.08012173243225829,False,True,False
2026-08-07,AS,36.84000015258789,35,5,False,0.049835864374701666,0.039199899972630625,0.27385892307746085,-0.13844710947905026,False,False,False
2026-08-07,BGC,10.350000381469727,35,4,False,-0.07849279129425202,0.029963513755474125,0.2515114641563776,-0.1970519700698683,False,True,False
2026-08-07,BTI,59.33000183105469,35,4,False,-0.024017077956001165,0.008586532736128083,0.1894547024975941,-0.11842497562108145,False,True,False
2026-08-07,CCL,28.989999771118164,35,4,False,0.04002237558667754,0.03642501951236454,0.2362472847734045,-0.14810458974347473,False,True,False
2026-08-07,FND,62.689998626708984,35,3,False,0.14444169520176664,0.06303242682241073,0.47021574868802674,-0.32157351382645616,False,False,False
2026-08-07,FXU,48.08000183105469,35,4,False,-0.017219066786801407,0.0018169804020788938,0.11322073072078531,-0.06857801577061806,False,True,False
2026-08-07,GILD,133.2100067138672,35,4,False,0.026886733583461275,0.008558908709337176,0.22819479843548884,-0.1530929340715319,False,True,False
2026-08-07,HIMS,31.59000015258789,35,3,False,0.004662351697962919,0.0625452037793146,1.2991266869589686,-0.5162253876708739,False,True,False
2026-08-07,HLMN,9.220000267028809,35,4,False,0.1558954727471653,0.07805053714225108,0.32471267478376875,-0.15023042001221754,False,False,False
2026-08-07,IGF,65.94999694824219,35,4,False,-0.010793576383444026,0.010422857788559226,0.11026928037215011,-0.052442551808906446,False,False,False
2026-08-07,JEPQ,59.7400016784668,35,6,False,0.0019489122313718354,0.01965318621359291,0.1164269024921003,-0.032080354878090356,False,False,False
2026-08-07,LEA,122.83999633789062,35,4,False,-0.11279957498886706,-0.017948609451994613,0.2893880619951792,-0.1828643993768998,False,False,False
2026-08-07,MOD,195.60000610351562,35,4,False,-0.21586735928088585,-0.051635415448677,0.7593092783469781,-0.39489557276561293,False,False,False
2026-08-07,MORN,200.66000366210938,35,4,False,0.14596327857736835,0.06547925612148342,0.4181920692045209,-0.24578081988766598,False,False,False
2026-08-07,MTDR,49.060001373291016,35,3,False,-0.04911421456587983,-0.0210544824478498,0.3209478238969732,-0.26600831745588216,False,False,False
2026-08-07,NOMD,11.989999771118164,35,3,False,0.08316618473751358,0.07059782772578593,0.33370412418006823,-0.26396567849855024,False,True,False
2026-08-07,PDBA,36.849998474121094,35,6,False,0.014386908272728371,0.034660087814931906,0.09379637804160978,-0.04111376056486504,False,True,False
2026-08-07,POWR,26.610000610351562,35,5,False,-0.015982401174774785,0.020110889282266342,0.14797240120872246,-0.06434598767023869,False,False,False
2026-08-07,QDVO,30.079999923706055,35,4,False,0.012733234951445738,0.03346033912249968,0.16815533684295358,-0.028737468820823064,False,True,False
2026-08-07,REG,77.12000274658203,35,4,False,-0.03141857597546993,0.023324725352763753,0.1534550111063262,-0.07817356716766899,False,False,False
2026-08-07,RRX,178.0,35,4,False,-0.15770585369899504,-0.03751813994144304,0.39105971611091905,-0.2816787820506149,False,False,False
2026-08-07,SFIX,4.199999809265137,35,3,False,0.07637104733873978,0.0346164988897637,0.42372872589032573,-0.2929293318508033,False,True,False
2026-08-07,SPXC,215.67999267578125,35,4,False,-0.03601709930646391,0.004150793181345147,0.20075714585710536,-0.14099095466429545,False,True,False
2026-08-07,UAA,6.110000133514404,35,4,False,-0.04468555391925144,0.039345454742012675,0.47941887753228807,-0.2503066969939014,False,True,False
2026-08-07,UAMY,6.849999904632568,35,3,False,0.0021652489469821123,-0.14411910548584916,1.0087975754299383,-0.6524606685533065,False,True,False
2026-08-07,VCR,403.0400085449219,35,3,False,0.030493461331813743,0.03645266177926887,0.16324173333285175,-0.0271313852165066,False,True,False
2026-08-07,KMLM,28.209999084472656,35,5,False,-0.007448568279830092,0.021042084016154705,0.09468368581165043,-0.06496522992591436,False,False,False
2026-08-07,WMS,143.9499969482422,35,4,False,0.003930624010947348,-0.025660119581724317,0.15067944607545702,-0.19722279235793494,False,True,False
2026-08-07,FIW,113.55000305175781,35,3,False,0.05717204293243516,0.04262076677707061,0.15255792652068845,-0.02364574314564849,False,True,False
2026-08-07,XLP,85.12000274658203,35,6,False,0.009669704235026222,0.03170820919143846,0.13251727779643274,-0.05569111024026585,False,False,False
2026-08-07,SHLD,69.04000091552734,35,3,False,0.09896758453001686,0.013915655001260463,0.1926066962072328,-0.12043106717829322,False,True,False
2026-08-07,ULTA,565.1500244140625,35,4,False,0.17055061188488319,0.018289984611302046,0.27400815292636116,-0.2095471871940644,False,True,False
2026-08-07,DBA,27.6200008392334,35,6,False,0.01444168520852429,0.033653652730740724,0.08740162417496844,-0.04230233380373327,False,True,False
2026-08-07,NVO,47.2599983215332,35,3,False,0.006495550035177322,0.012145281376664041,0.3456719749107613,-0.2634040582288295,False,False,False
2026-08-07,SSNC,79.2300033569336,35,3,False,0.14232744461420976,0.04876642538322695,0.2903909020839306,-0.13000984273159633,False,False,False
2026-08-07,ELS,65.16999816894531,35,5,False,0.01609343934060581,0.025221490121999146,0.10984326999584759,-0.05550727291383606,False,True,False
2026-08-07,ED,107.9800033569336,35,4,False,-0.011977386404508183,0.01448638762998633,0.13711040857191725,-0.07097995149036407,False,True,False
2026-08-07,QYLD,18.139999389648438,35,6,False,0.0071622652099982975,0.0240718708126757,0.10948005910797454,-0.02157505426787243,False,True,False
2026-08-07,WM,227.67999267578125,35,5,False,0.006278604404491572,0.01884009843941392,0.17294313512891435,-0.08241652280903888,False,False,False
2026-08-07,AAAU,42.810001373291016,34,5,False,0.04217386585400962,-0.031572822003468004,0.30797439572362295,-0.21751047176601035,False,True,False
2026-08-07,ABT,107.80999755859375,34,4,False,0.1316615190830508,0.00030199009080389416,0.31523723256166347,-0.21587029419419135,False,True,False
2026-08-07,AVY,177.17999267578125,34,4,False,0.09411564072002898,0.025576569829524054,0.1624458391568242,-0.11205773961457521,False,False,False
2026-08-07,AWI,185.52000427246094,34,3,False,0.15386053466021754,0.0548449078476303,0.2344956466556669,-0.09976706801200885,False,False,False
2026-08-07,BAR,42.779998779296875,34,5,False,0.04295672597840494,-0.03081437597779324,0.3082568128800043,-0.2168421276101259,False,True,False
2026-08-07,BCO,112.19000244140625,34,3,False,0.04783094972805002,-0.005903947948841637,0.23218010632719377,-0.17731167809313575,False,False,False
2026-08-07,FSTA,53.869998931884766,34,5,False,0.012910019614051249,0.02949942894088231,0.12510438032881455,-0.053750243402208686,False,False,False
2026-08-07,GLDM,85.94999694824219,34,5,False,0.04261179919726543,-0.03086246923178737,0.30951465149412805,-0.21678514104820823,False,True,False
2026-08-07,IAU,81.68000030517578,34,5,False,0.04241112733629926,-0.03152867005223192,0.30729834992972904,-0.21762452958462108,False,True,False
2026-08-07,IAUM,43.290000915527344,34,5,False,0.0426501737440661,-0.030802070089849587,0.3096354716641452,-0.21675410607950374,False,False,False
2026-08-07,IBN,30.219999313354492,34,3,False,0.05537392951586928,0.043189470450831324,0.20494415491564744,-0.09493860839292823,False,True,False
2026-08-07,IBOC,73.55000305175781,34,5,False,-0.02311059832968776,0.038153414298354615,0.16376585702333735,-0.06257960859046885,False,True,False
2026-08-07,IT,185.60000610351562,34,3,False,0.25758894170211954,0.01651289066622419,0.4937626245755784,-0.3018619452984047,False,False,False
2026-08-07,KHC,25.31999969482422,34,4,False,0.026913895760910744,0.056020808103812714,0.20370809976208704,-0.0989324074343697,False,False,False
2026-08-07,MBUU,28.8799991607666,34,2,False,0.05086580757929382,0.02420424470500282,0.2114093530167871,-0.27162678311835375,False,True,False
2026-08-07,MGEE,81.54000091552734,34,3,False,0.028721969448702422,0.02611407368676333,0.12998886886619343,-0.0735143854523288,True,True,False
2026-08-07,NTR,64.41999816894531,34,3,False,-0.027816367627897742,-0.041177878971208504,0.2147840779150676,-0.24531399123334663,False,True,False
2026-08-07,OUNZ,41.7400016784668,34,5,False,0.042108831600891516,-0.03175666814430833,0.30723461570718613,-0.2176194400696384,False,True,False
2026-08-07,PGR,215.3300018310547,34,3,False,0.01557629929038118,0.022751758514182985,0.1381078504454769,-0.15533672766032536,False,True,False
2026-08-07,PHYS,32.869998931884766,34,4,False,0.04551002796707748,-0.03267199908529528,0.29307627196030195,-0.2186831668570539,False,False,False
2026-08-07,PTIR,18.489999771118164,34,2,False,0.5199092251817179,-0.038230232073017456,1.3569152664905886,-0.5465914584454294,False,False,False
2026-08-07,RYAN,42.84000015258789,34,2,False,0.10795587467726264,-0.002066212083870922,0.46311472499818085,-0.2982800870113399,False,False,False
2026-08-07,SFD,25.399999618530273,34,4,False,-0.008850132421578616,0.03422404375994281,0.20493357260243883,-0.14779401582091445,False,True,False
2026-08-07,SMIN,71.88999938964844,34,3,False,0.04015648386612547,0.05674976102197493,0.24420216179387166,-0.05333161603310077,False,True,False
2026-08-07,TATT,39.63999938964844,34,2,False,-0.08040219106267354,-0.10042801462701723,0.30566530279096105,-0.38542636605196223,False,False,False
2026-08-07,TBLA,4.099999904632568,34,4,False,-0.17037638482093287,-0.003566525641638396,0.4462080597756999,-0.2819614926021764,False,False,False
2026-08-07,TSDD,10.180000305175781,34,3,False,0.1795650553371666,0.14167480600755633,0.5494672814599839,-0.524743218071122,False,True,False
2026-08-07,TSLQ,24.149999618530273,34,3,False,0.1814490307009322,0.144110538225525,0.634517782879819,-0.5306122592727727,False,True,False
2026-08-07,CX,11.329999923706055,34,5,False,-0.0844444506096117,-0.03932575204676114,0.3424171193135894,-0.17117777172846105,False,False,False
2026-08-07,WPC,71.80999755859375,34,4,False,-0.023304180093283722,0.017902919741709322,0.13839561626710717,-0.070059616376423,False,True,False
2026-08-07,OGE,47.02000045776367,34,4,False,-0.022201140483708248,0.013882130257650172,0.12757792799736167,-0.07056729954648155,False,False,False
2026-08-07,WRB,71.5999984741211,34,3,False,0.019373775509777813,0.02585702082772201,0.13885795594962036,-0.09321176159687794,False,True,False
2026-08-07,MSOS,4.380000114440918,34,3,False,-0.06346216678553851,0.0044259237938324425,0.4797297493221986,-0.395862053180563,False,True,False
2026-08-07,KNSL,373.760009765625,34,4,False,0.12870828142785995,0.03555296823811882,0.3013927363491755,-0.22936080460695873,False,True,False
2026-08-07,TSPY,25.799999237060547,34,4,False,0.013763583718763073,0.025202877999258355,0.13831891440099064,-0.03262095375870333,False,False,False
2026-08-07,SGOL,41.349998474121094,34,5,False,0.042270520575570236,-0.03141407854890854,0.3081302649700013,-0.21744893348385164,False,True,False
2026-08-07,CRAI,169.30999755859375,34,1,False,0.07331723128878864,-0.01388604577737218,0.2810017394581068,-0.2550926016991373,False,False,False
2026-08-07,VDC,231.22000122070312,34,5,False,0.012446060519093916,0.029498004628709218,0.12543200124238996,-0.05365694148120481,False,True,False
2026-08-07,KMB,109.68000030517578,34,3,False,0.03034095061498121,0.06103054076530601,0.18675614020981568,-0.2020951917055953,True,True,False
2026-08-07,AEP,125.7300033569336,33,4,False,-0.042458375045009045,-0.00597063401261777,0.1894986469914417,-0.1056337905868534,False,True,False
2026-08-07,ALV,122.86000061035156,33,3,False,0.0066762234660724395,0.034029732444596617,0.239007624777835,-0.070439567886604,False,True,False
2026-08-07,AOK,41.43000030517578,33,6,False,0.005460517219220584,0.016982860516295384,0.058237514442745386,-0.004804245923804129,False,True,False
2026-08-07,ARKW,147.9199981689453,33,4,False,0.029261442377180202,0.03515770184443312,0.30486941930589473,-0.19169399907680162,False,True,False
2026-08-07,ARLO,15.229999542236328,33,4,False,0.1377558281932738,0.0912477742993969,0.3782804777692479,-0.23620866929148698,False,False,False
2026-08-07,BBDC,9.220000267028809,33,3,False,0.09226179427832326,0.05793396459881395,0.158291485281846,-0.07056449635902151,False,False,False
2026-08-07,BOXX,117.75,33,6,False,0.004087986565776358,0.015504228091396177,0.040837999281772674,-0.0002547018136168644,False,False,False
2026-08-07,BRO,71.43000030517578,33,3,False,0.1027606840872104,0.014121463299451964,0.3274484014533139,-0.27334691670796996,False,True,False
2026-08-07,CAIE,27.360000610351562,33,3,False,0.011686931613834828,0.021714822541613055,0.11993451774763297,-0.018651311551931227,False,False,False
2026-08-07,CDNS,339.239990234375,33,5,False,-0.07910912746581111,0.034474684224595764,0.2911131883325404,-0.18586961950910263,False,False,False
2026-08-07,FLGT,19.139999389648438,33,1,False,-0.009501361187538082,-0.09944459210453449,0.42199103531974624,-0.38337632651054754,False,False,False
2026-08-07,FUL,61.06999969482422,33,4,False,0.027073569984988,0.015831295554199487,0.2537466812289795,-0.11015587732982524,False,True,False
2026-08-07,GFI,40.81999969482422,33,3,False,0.16661902528791694,-0.05479941240416053,0.3960328322281388,-0.3377676817161137,False,True,False
2026-08-07,GLD,398.4700012207031,33,5,False,0.042181043280783426,-0.03212846465508434,0.305645656912388,-0.21822642401889614,False,False,False
2026-08-07,HAYW,15.819999694824219,33,3,False,0.04298521771855368,0.03136468232460077,0.22351116175083097,-0.10772701053161993,False,False,False
2026-08-07,OMAB,110.44000244140625,33,4,False,0.037687120096417726,0.005932326843753222,0.15414358473897893,-0.18186533856390596,False,True,False
2026-08-07,SBGI,14.199999809265137,33,3,False,0.011179934271867031,-0.02781012260554372,0.19428085779994486,-0.2058165282007589,False,False,False
2026-08-07,SMA,34.310001373291016,33,3,False,0.040611486147739795,0.055992901215382807,0.16661004934721468,-0.1372893895304642,False,True,False
2026-08-07,USAC,25.81999969482422,33,3,False,-0.029155429663179633,-0.009258952703946721,0.18169332924686432,-0.15482813945534613,True,False,False
2026-08-07,EFC,13.600000381469727,33,4,False,0.0075417776428834404,0.029464671421200572,0.20567382122512146,-0.03682716064475133,False,True,False
2026-08-07,EMA,50.81999969482422,33,4,False,-0.0393666899624332,-0.003589007465663707,0.11033426232365162,-0.08415934118550938,False,False,False
2026-08-07,ENB,51.279998779296875,33,4,False,-0.07048914127197703,-0.010486591782222998,0.1387963617461505,-0.12266898015489436,False,False,False
2026-08-07,CLSK,12.300000190734863,33,1,False,-0.18101552836241863,-0.04975092979575946,0.5375000238418579,-0.47903431288595333,False,True,False
2026-08-07,ENR,22.56999969482422,33,3,False,0.09383631549175986,0.11855325005047601,0.4330158536396329,-0.2548696265223841,False,False,False
2026-08-07,AVO,13.199999809265137,33,6,False,0.08491960137046917,0.03683919646955802,0.3108242511714947,-0.15003219341719076,False,True,False
2026-08-07,ITB,101.13999938964844,33,3,False,0.036461634964719325,0.023062911872364422,0.19016233695401863,-0.1428813611046743,False,True,False
2026-08-07,ROAD,119.73999786376953,33,4,False,0.09151236054407685,0.04259518443175736,0.28173838804006235,-0.20701988169689056,False,True,False
2026-08-07,RES,5.869999885559082,33,3,False,-0.04235188210332541,-0.04926955781035236,0.40430625038857104,-0.28063725547486207,False,True,False
2026-08-07,APAM,42.54999923706055,33,3,False,0.13298680298760557,0.07069477277253378,0.2529446520661258,-0.12195625173475844,False,False,False
2026-08-07,FOX,57.029998779296875,33,3,False,0.09640814739185322,0.006374742737691896,0.2937839476022621,-0.16347640298599997,True,True,False
2026-08-07,ETD,23.709999084472656,33,3,False,0.07376406608072461,0.04189320988277756,0.29704585305590525,-0.24514488380597244,False,True,False
2026-08-07,RNW,6.170000076293945,33,2,False,-0.0070488116616814755,0.03507860722020184,0.40706949925685176,-0.2512135621750534,False,True,False
2026-08-07,MAA,134.9600067138672,33,2,False,-0.0023669022018768526,0.021155968761228827,0.12186203898766368,-0.07820501783926548,False,False,False
2026-08-07,QSR,73.88999938964844,33,6,False,0.0018575428670584149,0.021345404048924488,0.20479369286817706,-0.0984626620908916,False,True,False
2026-08-07,DFIN,47.380001068115234,33,4,False,0.08057566688654982,0.014822904595908959,0.31210191822962563,-0.18939263559160147,False,True,False
2026-08-07,REMX,77.04000091552734,33,3,False,-0.07253130492392035,-0.0976323229879924,0.4801153130598599,-0.3093680071009792,False,False,False
2026-08-07,CRSP,53.52000045776367,33,1,False,0.022623060099504322,-0.0011100269055733802,0.21305534345980437,-0.3180428367930841,False,True,False
2026-08-07,EDU,56.43000030517578,33,3,False,0.153855590795682,0.04709516631546595,0.2752542441847634,-0.13144529405989935,False,False,False
2026-08-07,OCSL,12.960000038146973,33,3,False,0.08466406541839966,0.0460132886890845,0.21919095941878086,-0.09433964653272087,False,False,False
2026-08-07,AIG,78.77999877929688,32,3,False,0.02061966327418463,0.01611032504638099,0.10568419339364032,-0.09749114499913691,False,True,False
2026-08-07,AMPX,11.850000381469727,32,2,False,-0.13682582716866754,-0.13822566523437485,0.8623291745658668,-0.5108359052685889,False,True,False
2026-08-07,ARCC,20.010000228881836,32,3,False,0.06611967240000349,0.035770586639080504,0.150000038366209,-0.12082600932975052,False,True,False
2026-08-07,ARGT,92.95999908447266,32,6,False,-0.012463200952020137,0.011538117159104466,0.3981050093419638,-0.10589595082199621,False,True,False
2026-08-07,ASAN,9.260000228881836,32,3,False,0.22063750826520057,0.004251282151771285,0.7211895970087951,-0.41056650500339065,False,True,False
2026-08-07,BOTZ,37.61000061035156,32,4,False,0.019622528331890265,0.018251239154222665,0.1799215877757352,-0.09829773589343949,False,True,False
2026-08-07,BX,137.1300048828125,32,3,False,0.11291645802106354,0.04383135894656176,0.3479799504348109,-0.27860483179209583,False,True,False
2026-08-07,EWM,28.18000030517578,32,4,False,0.015561380856236706,0.0030540216430665623,0.15967083086149847,-0.0802871779855111,False,False,False
2026-08-07,EXC,45.61000061035156,32,3,False,-0.013539221599126794,-0.011606727063248612,0.07116013736493132,-0.09950643166224238,False,True,False
2026-08-07,FOXF,21.1299991607666,32,5,False,0.16582521489692725,0.18577458654066725,0.6154433703375497,-0.3127338239066556,False,False,False
2026-08-07,FTHI,23.959999084472656,32,6,False,0.007730384675436186,0.01270527100104557,0.07107725460835268,-0.009098478822435419,False,True,False
2026-08-07,IYC,103.91000366210938,32,3,False,0.030906394610220822,0.020612157644718687,0.1055432069773854,-0.032134844715244415,False,True,False
2026-08-07,JEPI,57.58000183105469,32,5,False,0.02012979308148699,0.006113946863131048,0.04500913658098149,-0.03873121261644541,False,False,False
2026-08-07,LNT,69.37000274658203,32,4,False,-0.05826609682982453,-0.013474556696684292,0.09623900260373586,-0.11978169146615258,False,False,False
2026-08-07,NXPI,239.7100067138672,32,4,False,-0.15141974054704488,-0.008584847485795244,0.3098907470703125,-0.29486689776059605,False,False,False
2026-08-07,PNRG,184.3000030517578,32,4,False,0.01581319063311959,-0.026041096738161795,0.4580696267952542,-0.33918964831472165,False,False,False
2026-08-07,QQQI,55.2400016784668,32,2,False,-0.0009946373807635522,0.021504512415334798,0.15395869878896318,-0.04495156409512502,False,True,False
2026-08-07,RMBS,101.5199966430664,32,3,False,-0.15524182459765257,-0.0697521290445614,0.5118390817004177,-0.41688688636400684,False,True,False
2026-08-07,RSG,214.55999755859375,32,3,False,0.008990424018134657,0.0016481625238085051,0.09240870402766466,-0.10082976301620394,False,True,False
2026-08-07,SE,113.43000030517578,32,3,False,0.1455030159052959,0.03813069039639161,0.472160880110283,-0.43085801019421843,False,True,False
2026-08-07,SPSC,73.37999725341797,32,3,False,0.20638006210042148,0.04766306587648894,0.49632944297486636,-0.3747976864935799,False,True,False
2026-08-07,UMH,15.899999618530273,32,5,False,0.03788608369856328,0.0355910950781686,0.1414213402868718,-0.06360423750422639,False,True,False
2026-08-07,WK,65.13999938964844,32,2,False,0.23696382630944735,-0.02804263703100085,0.5029995191580274,-0.32911067953353157,False,True,False
2026-08-07,EFOR,32.220001220703125,32,2,False,0.5298274162291399,-0.09411423977519495,0.9065089910046502,-0.4135420089901599,False,False,False
2026-08-07,ERIC,10.149999618530273,32,3,False,-0.08340561849757766,-0.0631735256901439,0.3624160910591303,-0.26289039352881094,False,False,False
2026-08-07,CNX,35.13999938964844,32,4,False,0.04383883440877323,-0.04589299895901011,0.267676777059632,-0.19440622993774836,False,True,False
2026-08-07,CMRE,14.65999984741211,32,4,False,-0.03829754563651744,-0.07228988983002638,0.3988550083737705,-0.18826133549682578,True,True,False
2026-08-07,GDYN,7.579999923706055,32,3,False,0.20893141096723955,0.0495925464823983,0.4833658954315736,-0.2575906076997665,False,False,False
2026-08-07,ROP,402.25,32,3,False,0.13909181587865782,0.0558403707388917,0.31471437846166705,-0.26397938661970766,False,True,False
2026-08-07,TKO,186.55999755859375,32,2,False,-0.039068743817221474,-0.05143051786707897,0.2250312284673368,-0.1779325127716883,True,True,False
2026-08-07,SYK,339.0299987792969,32,2,False,0.060800713838818465,-0.009564891891038374,0.206512451171875,-0.14571886485616925,False,True,False
2026-08-07,UUP,28.06999969482422,32,3,False,-0.005702963616692869,0.012257426882703815,0.06325757956154532,-0.01853149229287776,False,False,False
2026-08-07,RRC,38.279998779296875,32,4,False,0.008058118571689254,-0.015235835478440651,0.1742331463507505,-0.2076175182958987,False,True,False
2026-08-07,WOR,58.41999816894531,32,4,False,0.03189656208680547,0.0654128916823511,0.29793380021071103,-0.13834814838654064,False,True,False
2026-08-07,TEL,216.3300018310547,32,2,False,0.04626430190173436,-0.014291016471396745,0.13696324682516225,-0.14345104560405975,False,True,False
2026-08-07,CI,282.489990234375,32,4,False,-0.01162789294707356,0.011116739317933888,0.17944969610156436,-0.10454246317783877,False,False,False
2026-08-07,XLY,119.86000061035156,32,3,False,0.033154736071907775,0.023388041767642642,0.13946190539463976,-0.04119671576572459,False,True,False
2026-08-07,MDU,20.549999237060547,32,4,False,-0.01862467648056132,-0.011322917302132973,0.30393394280544106,-0.10574414071286364,False,False,False
2026-08-07,CQQQ,53.08000183105469,32,3,False,0.004116382390979778,0.010971590259910347,0.19819419289400253,-0.13267971945519885,False,True,False
2026-08-07,ADC,75.62999725341797,31,4,False,-0.012900334797806834,0.0012371122225172115,0.08726279338510845,-0.07858192536243802,False,False,False
2026-08-07,ADT,7.639999866485596,31,3,False,0.10785648303685802,0.027696677210924836,0.22435899787165559,-0.14493570143409773,False,False,False
2026-08-07,AR,34.709999084472656,31,3,False,-0.0029529584296308364,-0.029390941012197525,0.19278345805710906,-0.24131149542136265,False,True,False
2026-08-07,BAM,52.4900016784668,31,3,False,0.10709905538832443,0.06545584320888587,0.24383887984580666,-0.17390618630539312,False,True,False
2026-08-07,BORR,3.859999895095825,31,3,False,-0.1188824216204637,-0.17373065444669156,0.8037381803159624,-0.4199850077529922,False,True,False
2026-08-07,CALM,85.08000183105469,31,2,False,0.030748007314946202,0.03365642593435769,0.18298114567794577,-0.2756066067115548,False,False,False
2026-08-07,CAR,142.17999267578125,31,2,False,-0.13730234943850217,-0.09949542025816782,0.6540250603779247,-0.8322755802425811,False,True,False
2026-08-07,CBOE,286.5799865722656,31,4,False,0.0315831403197715,0.02265899507443203,0.2616332567583708,-0.2279217839669827,False,True,False
2026-08-07,EXLS,34.88999938964844,31,4,False,0.20498153181044976,0.03129501505753396,0.40402409875475853,-0.2260426359252401,False,False,False
2026-08-07,GGG,83.54000091552734,31,4,False,0.09596015663504742,0.013384227374498847,0.15211692806978427,-0.1269725281208839,False,True,False
2026-08-07,GGOV,50.2400016784668,31,3,False,0.002985432801806409,0.010547825784325227,0.04557757494649706,-0.021044388596641816,False,True,False
2026-08-07,MC,66.62999725341797,31,3,False,-0.010913687087384272,0.011003708089737163,0.3049352812644355,-0.14812833254388835,False,False,False
2026-08-07,MCO,477.75,31,4,False,0.014018171732694151,0.012394763470624959,0.18760565141124075,-0.1264079949268322,False,True,False
2026-08-07,MNR,12.960000038146973,31,4,False,-0.00925005904163334,0.020295698448067334,0.2390057352660282,-0.14455443138788382,False,True,False
2026-08-07,PPLT,15.850000381469727,31,4,False,0.0367201938286188,-0.08826354318257867,0.3367630861372901,-0.39415946854365747,False,False,False
2026-08-07,SBS,5.309999942779541,31,3,False,-0.04991949267051632,-0.04859511983984155,0.32749998569488525,-0.2581726811345021,False,True,False
2026-08-07,SEB,4240.64013671875,31,3,False,-0.1061610523657951,-0.11349803277391879,0.3505180313215872,-0.29197226857803904,True,False,False
2026-08-07,UPBD,19.829999923706055,31,3,False,-0.0063736421201039395,0.03214321623377203,0.25347663124126196,-0.29254372322745703,False,False,False
2026-08-07,WLDN,86.23999786376953,31,2,False,0.056078425697982714,-0.07824548758747396,0.3335395129975771,-0.37051096449803267,False,True,False
2026-08-07,EMLC,25.719999313354492,31,4,False,0.010585183096879947,0.002371447723544362,0.03709677841115089,-0.0341719818284032,False,True,False
2026-08-07,ENOV,26.610000610351562,31,4,False,0.07962708575407085,0.04639367900005653,0.3902822078846646,-0.2237455788235776,False,False,False
2026-08-07,DGXX,3.9100000858306885,31,4,False,-0.2575150302878523,-0.028197173406788845,1.102150567612464,-0.5749999818594556,True,True,False
2026-08-07,CHH,106.66000366210938,31,4,False,-0.03264655644706693,0.023318768825194125,0.2691575737763079,-0.14910247339069838,False,True,False
2026-08-07,DSGX,79.56999969482422,31,2,False,0.09318069636113879,0.040685064841311736,0.2718989441837727,-0.27000000279977776,False,True,False
2026-08-07,TR,39.630001068115234,31,3,False,0.029275816917850417,0.01733006829353112,0.18521779278952955,-0.12050599511065208,False,True,False
2026-08-07,DHI,151.0800018310547,31,2,False,-0.0019145032497018821,0.006995928149648778,0.14671728145013052,-0.18136006863850507,False,True,False
2026-08-07,LKFN,61.72999954223633,31,5,False,0.006131637532207579,0.03570609851897344,0.1355776094395651,-0.11051875814127288,False,True,False
2026-08-07,BF.B,28.520000457763672,31,3,False,0.068917460636436,0.04738962332646035,0.26138875222791147,-0.10651627852141998,False,True,False
2026-08-07,WCN,166.7100067138672,31,3,False,0.019659256795944602,0.004605158865832015,0.1349309510965626,-0.12717273971797283,False,True,False
2026-08-07,NAD,11.890000343322754,31,3,False,0.00209017291088176,-0.0027342759113901938,0.07020708467589531,-0.034118607796686296,False,True,False
2026-08-07,USDU,26.350000381469727,31,3,False,-0.008205345188327384,0.0019278256230486068,0.04813050999195778,-0.03302750893689077,False,False,False
2026-08-07,ECAT,15.720000267028809,31,3,False,0.016331137139082852,0.02661896534194841,0.1766467568112584,-0.08284709295131165,False,False,False
2026-08-07,STAA,24.209999084472656,31,1,False,-0.11109646001632534,-0.0033305034623304364,0.5529184635994935,-0.32506273193801405,False,False,False
2026-08-07,CNP,40.68000030517578,31,4,False,-0.05402828158995643,-0.0176855203384777,0.11147546451237011,-0.10119306642082682,False,False,False
2026-08-07,UFPI,94.04000091552734,31,4,False,0.09084245163441551,0.015987990152360076,0.2073437110339127,-0.2030508396989208,False,False,False
2026-08-07,DTE,139.8699951171875,31,4,False,-0.04782331034680398,-0.012022884093292219,0.10805665370763595,-0.1019582978029695,False,False,False
2026-08-07,INSP,60.15999984741211,31,2,False,0.26597727683853645,-0.11893047454700711,0.546132101858986,-0.590831800674114,False,False,False
2026-08-07,CGHM,25.520000457763672,31,4,False,-0.007351490981752362,-0.0036124730794759863,0.0429097333008972,-0.1493333180745443,False,True,False
2026-08-07,XRAY,12.119999885559082,31,5,False,0.03157714442237336,0.02523758202168147,0.2879915071297545,-0.1843876066233261,False,True,False
2026-08-07,CGNT,9.199999809265137,31,6,False,0.02210863838507282,0.03977123387871284,0.46263908824489497,-0.25264017094553437,False,True,False
2026-08-07,BLOK,59.88999938964844,30,1,False,-0.04524753102946255,-0.005247416749019074,0.2769722268900523,-0.21083146829201893,False,True,False
2026-08-07,FLOT,50.93000030517578,30,4,False,-0.0009886094257880451,-0.00019335906675732595,0.0051312837107979625,-0.003131725326565804,False,False,False
2026-08-07,FLRN,30.760000228881836,30,4,False,-0.0012338448599814589,-0.0006319103767216117,0.0042442400155775495,-0.0035633497687425075,False,False,False
2026-08-07,FLTR,25.540000915527344,30,5,False,-0.0006260441224249513,0.000940621281456,0.007892689886942472,-0.0027332953204196597,False,False,False
2026-08-07,GNTX,24.079999923706055,30,4,False,-0.01619519650841028,0.025322221370682962,0.17578127255546905,-0.18039480559747767,False,True,False
2026-08-07,HGV,45.65999984741211,30,4,False,-0.0933316371784011,-0.004622644721548608,0.2410980894578112,-0.1758122998230779,False,False,False
2026-08-07,HTGC,17.25,30,3,False,0.08893266128451649,0.0438666048891434,0.25912410512108486,-0.12302999831761574,False,False,False
2026-08-07,HTHT,42.369998931884766,30,3,False,-0.007793422920838511,-0.10119845906397618,0.33448815533495324,-0.25194210119238925,False,True,False
2026-08-07,HYMB,24.979999542236328,30,4,False,-0.007051617448387226,-0.004592520276687773,0.039533867184563753,-0.020007855373137318,False,False,False
2026-08-07,IPGP,90.2300033569336,30,2,False,-0.13908254848675927,-0.11584980192607375,0.26407966977909925,-0.4209344171753908,False,False,False
2026-08-07,LBRT,19.940000534057617,30,3,False,-0.1947598622751764,-0.18369851166448647,1.0141415456961256,-0.4216601843663358,False,False,False
2026-08-07,LSPD,10.460000038146973,30,4,False,0.04635576094154814,0.014863974352234521,0.3358876296382005,-0.2373313946939133,False,True,False
2026-08-07,MINT,100.58000183105469,30,5,False,-0.0003538049474811622,0.0003809556203566711,0.002991653923112514,-0.002380458882126457,False,False,False
2026-08-07,MKTX,162.52999877929688,30,4,False,0.3105588058561879,0.031734082775458416,0.49452872440732754,-0.1706383744098967,False,False,False
2026-08-07,MNTN,11.109999656677246,30,3,False,0.1666736316831816,0.04237519421947855,0.4485005927203938,-0.5958530465922465,False,True,False
2026-08-07,NGG,80.87999725341797,30,3,False,-0.010601088409612158,-0.02253561387454117,0.19786731745525787,-0.14539309197983274,False,True,False
2026-08-07,SDIV,24.809999465942383,30,4,False,0.0059684789023537466,-0.00487936190216931,0.08340610826327577,-0.061649055793914,False,True,False
2026-08-07,SFM,85.86000061035156,30,3,False,0.04928435089352723,0.07410257634449913,0.3260231754494449,-0.44156097163998986,False,False,False
2026-08-07,TBIL,49.90999984741211,30,1,False,-9.616759265784758e-05,-0.0003700327344066112,0.0014044882546129234,-0.0021991325338840406,False,True,False
2026-08-07,TFLO,50.54999923706055,30,4,False,-0.00040736289483622734,3.856162472049007e-05,0.003175230191508449,-0.002368244251453544,False,False,False
2026-08-07,USAR,19.329999923706055,30,2,False,-0.031723212178425,0.0022879398912520887,0.6882096284459813,-0.5604820344497178,False,True,False
2026-08-07,VBIL,75.54000091552734,30,4,False,-0.0005927011022165418,-1.2233241945103224e-05,0.0030540879616234307,-0.00250894537150248,False,True,False
2026-08-07,DUK,124.8499984741211,30,3,False,-0.004993774663713646,0.0022050771081845166,0.09613693416636404,-0.07167824094953257,False,False,False
2026-08-07,RYN,21.790000915527344,30,3,False,0.018509901013367136,0.005895073606275725,0.11800929560899753,-0.20299923943252818,False,False,False
2026-08-07,DUSB,50.83000183105469,30,5,False,0.0007056273997287921,0.0012559891111114663,0.0055391216265114895,-0.001571361551702899,False,True,False
2026-08-07,NAC,11.84000015258789,30,4,False,-0.010496747331863454,-0.003647948014761093,0.06955740550956713,-0.03346937529894767,False,False,False
2026-08-07,MAIN,58.939998626708984,30,3,False,0.11730782093773207,0.044885376597611604,0.20408575501663861,-0.13029361743757484,False,True,False
2026-08-07,INVA,20.510000228881836,30,3,False,-0.06851478775838693,-0.05103408640993212,0.2415254031813927,-0.18449302027940118,False,True,False
2026-08-07,TUR,38.75,30,3,False,-0.008007612379083873,0.009799620059970371,0.22162676036647322,-0.11891768068832476,False,True,False
2026-08-07,BYD,83.41999816894531,30,4,False,-0.0406311635890213,-0.00977878033739854,0.09288610202818148,-0.08740843641904394,False,True,False
2026-08-07,SGVT,100.56500244140625,30,4,False,-0.0005481781758228665,-0.00032438809454204964,0.0033423034346280467,-0.0022323491623902347,False,False,False
2026-08-07,QCOM,167.86000061035156,30,2,False,-0.1247435899147511,-0.006235444571013327,0.37601445651148113,-0.3541859343700684,False,True,False
2026-08-07,SAIA,364.2099914550781,30,4,False,-0.15101774333437412,-0.03579125293106333,0.4608133352950494,-0.263790912360924,False,False,False
2026-08-07,SGOV,100.4800033569336,30,4,False,-0.0006046979321976398,-0.00044165065864298914,0.002094412295781334,-0.0025808468567521947,False,False,False
2026-08-07,USFR,50.40999984741211,30,6,False,0.00010712871972495819,0.0006034148607356737,0.003583521935420775,-0.0019797758353609085,False,False,False
2026-08-07,CSHI,49.849998474121094,30,4,False,0.0013667266190655614,0.0019365095642847052,0.006054475109581237,-0.0016022798030385088,False,True,False
2026-08-07,MDT,87.16000366210938,30,2,False,0.06707284637955602,-0.030224226639501972,0.18892383801330603,-0.18028776299095794,False,True,False
2026-08-07,VGUS,75.5250015258789,30,3,False,-0.0004168895880557466,-0.0003785867249399555,0.002189502576844138,-0.006249979922645976,False,True,False
2026-08-07,ECVT,10.380000114440918,30,4,False,-0.16486981351947316,-0.09640519699466155,0.40080976088900466,-0.31189923180696344,False,True,False
2026-08-07,BIL,91.4800033569336,29,1,False,-0.0004719739230943931,-0.0005014598964429018,0.002410708038059317,-0.0032686361555166465,False,False,False
2026-08-07,BILS,99.20999908447266,29,1,False,-0.0005742163309762072,-0.0009264756504203664,0.0013120433085944683,-0.0031149273417439005,False,False,False
2026-08-07,BILZ,100.7300033569336,29,1,False,-0.0006293706417568323,-0.0012418441866719476,0.000993800121685151,-0.005135769314236094,False,False,False
2026-08-07,BSCQ,19.545000076293945,29,2,False,0.0005016641693007529,-0.0004170630110931217,0.0023076962202022155,-0.003822668691709552,False,False,False
2026-08-07,CARR,64.01000213623047,29,5,False,-0.06223992275303958,0.04803940214498548,0.2740843948591185,-0.16610213190682077,False,False,False
2026-08-07,GBIL,99.97000122070312,29,1,False,-0.0005218766336103631,-0.0008525169913952135,0.0012018302295029315,-0.0028924886230632385,False,True,False
2026-08-07,GSST,50.439998626708984,29,1,False,-0.0008379407860215071,-0.0018180862864835001,0.00138971007164157,-0.007672697035148057,False,True,False
2026-08-07,GSY,50.20000076293945,29,2,False,0.0007216516776060722,-0.0003295583240812139,0.002997033529779536,-0.003770562195085425,False,False,False
2026-08-07,HIMU,48.66999816894531,29,1,False,-0.008353740914524788,-0.004402695599154627,0.03421157561988619,-0.02543052648552635,False,False,False
2026-08-07,IBDR,24.190000534057617,29,1,False,-0.000611426715673935,-0.001402101297703906,0.0012417502829049631,-0.005345360295965329,False,True,False
2026-08-07,IBTG,22.84000015258789,29,1,False,-0.0009360670476454835,-0.0019369098640545923,0.0008764442607862577,-0.004793054757941229,False,False,False
2026-08-07,MNKD,4.110000133514404,29,2,False,0.05002301943485277,-0.04394144310590209,0.8430493714623442,-0.368663596157762,True,True,False
2026-08-07,NEE,84.6500015258789,29,3,False,-0.02827807069124344,-0.03496635146573146,0.2225592740835829,-0.142784794674644,False,False,False
2026-08-07,NG,7.590000152587891,29,2,False,0.13718089539204925,-0.13763717568075506,0.49409454066501146,-0.47291664210734474,False,False,False
2026-08-07,PAAA,51.349998474121094,29,4,False,-0.0005177802977301971,-0.000177022617546152,0.0037138121046846884,-0.003686504424353032,False,True,False
2026-08-07,PFXF,18.030000686645508,29,3,False,0.0010438209679011212,0.00017199931964606563,0.05871990368057789,-0.05453586915688191,False,False,False
2026-08-07,PULS,49.59000015258789,29,1,False,-0.0005320820095481293,-0.0014497977332859069,0.0018181849007654627,-0.005016051349009065,False,True,False
2026-08-07,SBIL,100.12999725341797,29,1,False,-0.00035124324312318933,-0.00043432218991301674,0.001249937537453727,-0.005759128550564263,False,False,False
2026-08-07,SHV,110.1500015258789,29,1,False,-0.0005226356369084639,-0.000856718256181277,0.0011816477620361088,-0.0031674070056207926,False,False,False
2026-08-07,TBLL,105.69999694824219,29,3,False,0.0007441370938920944,0.000501027195261905,0.002656030963386513,-0.0018886173253532812,False,False,False
2026-08-07,TBUX,49.845001220703125,29,2,False,0.00019145493011185621,-0.0003577585939628092,0.004736960440643978,-0.005883489679623266,False,False,False
2026-08-07,VCRM,75.18000030517578,29,2,False,-0.007170344990978683,-0.007691181256545554,0.029017284662264053,-0.024269989260427005,False,False,False
2026-08-07,VRIG,25.09000015258789,29,2,False,0.0003269438530073554,-0.00011456538723308984,0.0036000061035155184,-0.0035742713064776943,False,True,False
2026-08-07,XHLF,50.209999084472656,29,1,False,-0.0003643580683302394,-0.0013053257501236537,0.0013960848758740596,-0.004164995876616229,False,False,False
2026-08-07,CLIP,100.13999938964844,29,1,False,-0.0006526633371894963,-0.0008902132863100043,0.0008995135946578969,-0.0030860882828446234,False,False,False
2026-08-07,PZA,23.06999969482422,29,1,False,-0.008978065892287002,-0.00835826037239773,0.04720830575412349,-0.023698666349178832,False,False,False
2026-08-07,CLOI,52.84000015258789,29,2,False,-0.00035264124496448,0.00033025649767259857,0.009128769820223592,-0.005832575059100842,False,False,False
2026-08-07,NVG,12.520000457763672,29,3,False,-0.007341831373011587,-0.011261475791548459,0.08586303102518511,-0.07873434016264247,False,True,False
2026-08-07,JMST,50.88999938964844,29,2,False,-0.0005538384074479374,-0.0013595287320190552,0.0017716565736132228,-0.00469395019466301,False,True,False
2026-08-07,TIC,10.0600004196167,29,3,False,0.273675729417739,0.09999457790973088,0.5817610390611347,-0.3268201113981437,False,False,False
2026-08-07,MWA,26.649999618530273,29,4,False,0.044295348996629125,0.012541825458255662,0.17194370654208013,-0.14032259295063632,False,True,False
2026-08-07,COLM,57.36000061035156,29,4,False,-0.09592408852773893,-0.02053361069740578,0.20834209259162817,-0.16941785927975683,False,False,False
2026-08-07,JAAA,50.560001373291016,29,1,False,-0.0004941889977808644,-0.0008052959127651249,0.004769508742494821,-0.005702991337898755,False,False,False
2026-08-07,SO,92.69000244140625,29,3,False,-0.0182662159740693,-3.1801027074673804e-05,0.1060859077076366,-0.08082104514537769,False,False,False
2026-08-07,CLOA,51.814998626708984,29,4,False,-0.0008893231034433624,-0.0003324443282815004,0.005530755951164812,-0.0045149013217321565,False,False,False
2026-08-07,PMMF,100.29000091552734,29,1,False,-1.3945568732132152e-05,-0.000459296598531056,0.0018981263167088258,-0.002784118327001317,False,True,False
2026-08-07,SHMD,4.71999979019165,29,3,False,-0.09754889016347346,-0.21881468222661637,1.3599998950958252,-0.5568075155628013,True,True,False
2026-08-07,FCPT,25.100000381469727,29,5,False,-0.003113766485542846,0.018600637196471093,0.10184370609717708,-0.06552495118721446,False,True,False
2026-08-07,EBND,21.190000534057617,29,3,False,0.014662111331866567,0.0016923623443532154,0.040766203282138536,-0.0341841377276072,False,True,False
2026-08-07,AKR,20.649999618530273,28,4,False,-0.05190859066428444,-0.007061181779416059,0.13836826424118653,-0.1033435083436769,False,True,False
2026-08-07,ALC,71.80999755859375,28,2,False,0.062328354481338,-0.03893771182410033,0.16131638427768502,-0.20572951388244265,False,False,False
2026-08-07,BSCR,19.635000228881836,28,2,False,0.00045348717326820775,-0.002344868172543091,0.00332143766332349,-0.008333283562449556,False,False,False
2026-08-07,BUXX,20.219999313354492,28,1,False,-0.0005635028615207371,-0.0023746968702714755,0.00297616400776346,-0.011730194616690004,True,True,False
2026-08-07,EVSM,50.220001220703125,28,2,False,-0.0009687623836684978,-0.003509813727381683,0.005606780170081649,-0.012971694841919068,False,False,False
2026-08-07,EXP,214.2899932861328,28,2,False,-0.004552452316071376,0.009203314705563903,0.24594445282839428,-0.12723498410980416,False,False,False
2026-08-07,FLDR,50.06999969482422,28,1,False,-0.0012327535780479737,-0.0029264068747577587,0.021440638653414057,-0.010865255801380758,False,True,False
2026-08-07,FLMI,24.729999542236328,28,3,False,-0.008372514650079266,-0.009326885605698831,0.028274441860601573,-0.028672410388323022,False,True,False
2026-08-07,FPEI,19.200000762939453,28,1,False,-0.0011548775559716562,-0.005605084354115664,0.026189294625537762,-0.020907691721115063,False,False,False
2026-08-07,IBDS,24.15999984741211,28,1,False,-0.00040546763933091423,-0.003241742156183669,0.0016583336147173444,-0.009023762138126945,False,True,False
2026-08-07,IBTH,22.34000015258789,28,1,False,-0.00016558405507649532,-0.0037737453629792528,0.0022431240469675817,-0.009312598296124408,False,True,False
2026-08-07,ICSH,50.470001220703125,28,1,False,-0.0005109097706753607,-0.0022063132423644216,0.001388882791764967,-0.005908986298121532,False,False,False
2026-08-07,JKHY,155.9499969482422,28,3,False,0.09965192738025053,-0.021878394128500567,0.28841701725595814,-0.19359844128222436,False,True,False
2026-08-07,NEA,11.430000305175781,28,2,False,-0.00601778346168147,-0.009665057477104333,0.06226766375855086,-0.03949574188411109,False,False,False
2026-08-07,NYF,53.08000183105469,28,2,False,-0.007327191084642415,-0.009577655216209346,0.022145224708660205,-0.026412300341496553,False,False,False
2026-08-07,NZF,12.460000038146973,28,1,False,-0.0051101850892545375,-0.008285510996646761,0.0640478221653944,-0.043010783404602515,False,False,False
2026-08-07,SMMU,50.279998779296875,28,2,False,-0.001588580540352269,-0.004218430913174864,0.0029921745059975358,-0.01218080015708456,False,True,False
2026-08-07,SUB,106.26000213623047,28,2,False,-0.0003160912795291404,-0.003260067756863827,0.005298062480195709,-0.011626825180563904,False,True,False
2026-08-07,TUSI,25.30500030517578,28,1,False,-0.0006476597108528992,-0.002149477531539712,0.0029726818985429393,-0.009588999577322621,False,True,False
2026-08-07,USA,6.010000228881836,28,3,False,0.03428103353598977,0.01015197855952743,0.11296298569285446,-0.09624058004622238,False,True,False
2026-08-07,UYLD,51.03450012207031,28,1,False,-0.000891339194339924,-0.0026186498814664283,0.0014619513135030182,-0.008268538087299215,False,True,False
2026-08-07,VUSB,49.65999984741211,28,1,False,-0.0006238566559794156,-0.0027431637330832537,0.001310588267146695,-0.007395541493354529,False,False,False
2026-08-07,XEL,78.06999969482422,28,3,False,-0.014854791309269366,-0.011248370407673236,0.12883163043550216,-0.073133128536226,False,True,False
2026-08-07,EMB,95.23999786376953,28,1,False,-0.005386638207925509,-0.00735470559633844,0.025519490116249877,-0.026175921350774067,False,False,False
2026-08-07,CGSM,26.309999465942383,28,2,False,-0.0011344271920830096,-0.0031546153722731285,0.004965590498518857,-0.013868097263912693,False,True,False
2026-08-07,UGI,34.18000030517578,28,3,False,-0.033113999337667455,-0.06021187103960368,0.08096139778611233,-0.17319786698075013,False,True,False
2026-08-07,MEAR,50.16999816894531,28,1,False,-0.0018121714814361978,-0.003445372123895951,0.00139719954004347,-0.012207181244458076,False,True,False
2026-08-07,LMUB,50.0,28,1,False,-0.011212066978674384,-0.011101083320422145,0.04166666666666674,-0.06576981367071455,False,True,False
2026-08-07,SHM,47.75,28,2,False,-0.001221545080469899,-0.004606949715692976,0.005686614582282923,-0.01566683875138053,False,False,False
2026-08-07,VTEB,49.810001373291016,28,1,False,-0.007187448475210467,-0.01000329264268196,0.02153410762719643,-0.02676824782563003,False,False,False
2026-08-07,VNLA,48.88999938964844,28,1,False,-0.0008583443070325769,-0.003895090396499934,0.0018442654507162537,-0.011064605092760083,False,False,False
2026-08-07,CMF,56.83000183105469,28,1,False,-0.0059819232805934375,-0.009938044827808912,0.02285817902038767,-0.027549569361530968,False,True,False
2026-08-07,VTEC,99.13999938964844,28,1,False,-0.0058663311640213545,-0.00990895530743896,0.021009278553913102,-0.027085398379798176,False,False,False
2026-08-07,HD,355.6199951171875,28,3,False,0.06288162410341003,0.021497628499884902,0.2300933504299325,-0.16667839457015232,False,True,False
2026-08-07,VSDM,76.16000366210938,28,2,False,-0.0022415083854162576,-0.004932891071626866,0.003822339594424351,-0.019062284121248774,False,False,False
2026-08-07,YEAR,50.2400016784668,28,1,False,-0.0004857960899087299,-0.003981263881970176,0.0015949328408704222,-0.010634051079383533,False,False,False
2026-08-07,JPST,50.439998626708984,28,1,False,-0.0007924217417691892,-0.0028645190372315055,0.000992245240447831,-0.006891165239403585,False,False,False
2026-08-07,HYD,50.47999954223633,28,1,False,-0.011409535634803403,-0.010208702127736835,0.028524809677081375,-0.02321982886713092,False,False,False
2026-08-07,FTSM,59.78499984741211,28,1,False,-0.0006626065401141856,-0.0023027908386655804,0.0014237702409782838,-0.005902885697358862,False,True,False
2026-08-07,ABG,214.32000732421875,27,2,False,0.02703985576617418,-0.011028984434253153,0.24597415364548114,-0.1862707747325859,False,False,False
2026-08-07,ALMU,18.299999237060547,27,3,False,-0.07636870165562148,0.031523428192312686,0.7871093404392007,-0.4243473195962637,False,True,False
2026-08-07,ANGL,29.020000457763672,27,1,False,-0.0010877052836190115,-0.00740171589907912,0.023272208505214387,-0.025520490643327953,False,False,False
2026-08-07,BJ,96.4800033569336,27,5,False,0.06413489932016847,0.034545466106587375,0.15944822492246336,-0.12853397023950341,False,True,False
2026-08-07,BSCS,20.364999771118164,27,2,False,0.0002210034426384233,-0.006033848036950951,0.005679001042872223,-0.015708108001470156,False,False,False
2026-08-07,EWH,22.709999084472656,27,4,False,0.032150706787851924,0.003863355635077337,0.10242711960825646,-0.07907545721838649,False,False,False
2026-08-07,FALN,26.989999771118164,27,1,False,-0.002415064274147727,-0.008075978333053957,0.02339516167117961,-0.028787373805453487,False,False,False
2026-08-07,FMB,50.61000061035156,27,2,False,-0.008158909450957985,-0.011112611875863654,0.022630812162046876,-0.02729191240170359,False,True,False
2026-08-07,GFL,41.31999969482422,27,3,False,0.08846834443474338,0.001705462970323035,0.23972389513417247,-0.19782564470496522,False,True,False
2026-08-07,HYG,79.61000061035156,27,1,False,-0.001139259143951965,-0.007566350701584512,0.013236616005687152,-0.021509341038246532,False,False,False
2026-08-07,HYLB,36.34000015258789,27,1,False,-0.0010253530658996812,-0.008211453048320161,0.011692706154024624,-0.022855566160485008,False,True,False
2026-08-07,IDU,110.94999694824219,27,3,False,-0.023246671168149047,-0.021207491286245217,0.056063197473076976,-0.0816917958244694,False,False,False
2026-08-07,JBBB,47.31999969482422,27,1,False,-0.001835181028583821,-0.004037423347286517,0.019388228379573658,-0.02653776793519802,True,True,False
2026-08-07,MUB,105.94000244140625,27,1,False,-0.00743903633166354,-0.01069888715063294,0.02032168518868782,-0.028073372097190408,False,False,False
2026-08-07,MUNI,51.90999984741211,27,1,False,-0.005951650362879257,-0.010764205050927345,0.013867169411969638,-0.02735617601072149,False,False,False
2026-08-07,NMZ,10.289999961853027,27,1,False,-0.0036986149674195223,-0.01046275083998649,0.037298375273532525,-0.04456828927659251,False,False,False
2026-08-07,SHY,81.91999816894531,27,1,False,-0.0005685488986502119,-0.007218055103053067,0.002079488305141375,-0.015384601277006582,False,False,False
2026-08-07,SPOT,488.1400146484375,27,1,False,0.008598339541837419,-0.05943573525564927,0.20528398678626547,-0.3476680173573775,False,False,False
2026-08-07,SPSB,29.90999984741211,27,1,False,-0.0008618475088176814,-0.006351910008441042,0.002345834264955604,-0.01417271928191155,False,False,False
2026-08-07,VIPS,15.680000305175781,27,1,False,0.10983708380361779,-0.04158527853267824,0.2395257532029511,-0.2561669657530484,False,True,False
2026-08-07,VOX,187.52000427246094,27,4,False,0.0005186298750103902,-0.011963690535473415,0.08789238025431012,-0.06599591432004304,False,True,False
2026-08-07,VVV,35.34000015258789,27,4,False,-0.06777738347993878,0.028171433293942227,0.24000000535396104,-0.14493107701645458,False,False,False
2026-08-07,CGMU,27.149999618530273,27,2,False,-0.0064843907169104265,-0.010070672784776025,0.01609282620605712,-0.027926984537159583,False,False,False
2026-08-07,ARES,136.85000610351562,27,3,False,0.09257992295701545,0.020385760701011613,0.4284968866815144,-0.29913955775142365,False,False,False
2026-08-07,CRVL,62.560001373291016,27,3,False,0.024572732647018203,0.008339452461461505,0.39549406241501384,-0.3324084731139759,False,True,False
2026-08-07,LMBS,49.63520050048828,27,1,False,-0.0013641760907888711,-0.006244817454074125,0.03687490302883134,-0.0451096395228473,False,True,False
2026-08-07,QBTS,20.760000228881836,27,1,False,-0.05578851362459869,-0.08368440594032278,0.6282353120691635,-0.5559358239811372,False,True,False
2026-08-07,JPIE,45.84000015258789,27,1,False,-0.0014720821125803196,-0.006988551307419488,0.00405216029432709,-0.01652006967776487,False,True,False
2026-08-07,MYCH,24.834999084472656,27,1,False,-0.00046689839832625424,-0.005915908331454167,0.0030290329118549675,-0.017214141884092093,False,False,False
2026-08-07,DFNM,47.85499954223633,27,2,False,-0.005438867662863833,-0.008298759416503376,0.0123756944956106,-0.020769376137354745,False,False,False
2026-08-07,SCMB,25.40999984741211,27,1,False,-0.007402496065368358,-0.012276579229250517,0.015587505296284832,-0.030152705821475334,False,True,False
2026-08-07,SHEN,13.479999542236328,27,3,False,-0.02817432581293977,0.005835002340772721,0.3940020099154513,-0.2230547985097836,False,False,False
2026-08-07,CLX,105.1500015258789,27,3,False,0.09225647150313998,0.012356247079911453,0.24144044054845892,-0.18425130717755,False,False,False
2026-08-07,TAFI,25.079999923706055,27,1,False,-0.002798369580855664,-0.0060447800069175495,0.0036014467151739282,-0.022222210655022168,False,True,False
2026-08-07,WAL,81.33000183105469,27,3,False,0.0003099622148627912,0.0004133240935053628,0.23564269535312832,-0.1635297848083953,False,True,False
2026-08-07,VTES,100.80500030517578,27,1,False,-0.001853011408624483,-0.006407756007701604,0.00473436126235649,-0.01854735465171342,False,False,False
2026-08-07,CLOZ,26.30500030517578,27,1,False,-0.0016062233003300008,-0.0008811738121167201,0.042608037354096906,-0.023933225955624082,False,False,False
2026-08-07,JPLD,51.97999954223633,27,1,False,-0.0006748176556219398,-0.00565513113732341,0.0020240875611823306,-0.014597165076088547,False,True,False
2026-08-07,YUMC,47.720001220703125,27,4,False,0.0950530120961719,0.0018895934360758648,0.18854294911906622,-0.18273674054596623,False,False,False
2026-08-07,BSCT,18.55500030517578,26,1,False,-5.171314783702918e-05,-0.008871001591962413,0.007329002623380987,-0.0216187632013366,False,True,False
2026-08-07,CARY,20.684999465942383,26,1,False,-0.003660738638280314,-0.009163527736727684,0.005053209013851312,-0.03991648212142851,False,False,False
2026-08-07,EVSD,50.814998626708984,26,1,False,-0.0011271608238715425,-0.008118851544179906,0.004050543645231608,-0.017498116253560236,False,False,False
2026-08-07,FUTY,56.36000061035156,26,3,False,-0.026375601514935454,-0.026368875778303047,0.058801448338012374,-0.0837261884524999,False,False,False
2026-08-07,FXE,106.68000030517578,26,2,False,0.006986991686343869,-0.005794406453954015,0.01988529504203873,-0.043571817916983835,False,True,False
2026-08-07,IBDT,25.15999984741211,26,1,False,-0.0010799186362898672,-0.0073991428859061514,0.0019912081180888386,-0.022533019769364948,False,True,False
2026-08-07,IBDU,23.059999465942383,26,1,False,-0.001212770713620026,-0.00987614371831902,0.003481284825920916,-0.024905945186854295,False,True,False
2026-08-07,IBTI,22.079999923706055,26,1,False,-0.0006426966073851403,-0.008331498374637203,0.002269597616983088,-0.018230317989537448,False,False,False
2026-08-07,ISTB,48.02000045776367,26,1,False,-0.0016424334213348546,-0.010112223165806289,0.0029239637954325826,-0.020998956071718755,False,True,False
2026-08-07,NBSD,50.595001220703125,26,1,False,-0.0002122027659315906,-0.007044471554015774,0.004367269889888448,-0.018906311419252364,False,True,False
2026-08-07,NEAR,50.470001220703125,26,1,False,-0.0014126850056912499,-0.00854822765607055,0.0029809524401553933,-0.017519909088863583,False,True,False
2026-08-07,PCY,21.270000457763672,26,1,False,-0.00731791706021212,-0.013189922439969415,0.039589511707541325,-0.04102794566687895,False,True,False
2026-08-07,SPTS,28.920000076293945,26,1,False,-0.0011190735228641113,-0.008024641086653572,0.0017318751509214358,-0.016326515253891172,False,True,False
2026-08-07,TFI,45.060001373291016,26,1,False,-0.007995885348578091,-0.013014122313544263,0.014864860917345402,-0.03096771240234375,False,False,False
2026-08-07,VRP,24.270000457763672,26,1,False,-0.0015920064727716898,-0.004180003907760521,0.023618785108167728,-0.02647412111242875,False,False,False
2026-08-07,VWOB,66.20999908447266,26,1,False,-0.0067834729540459104,-0.012840839278679739,0.018615370530348452,-0.032159106269062376,False,False,False
2026-08-07,CORN,17.639999389648438,26,3,False,0.012652377797993442,-0.010672881205278872,0.07758084821665245,-0.07788812527362676,False,True,False
2026-08-07,FCOM,70.7699966430664,26,4,False,0.00015541499080340415,-0.013756863019143029,0.08443141781291708,-0.06808013737330221,False,False,False
2026-08-07,JMUB,49.93000030517578,26,1,False,-0.006412839426631622,-0.011030382078899281,0.012162952601866284,-0.027463962665006614,False,True,False
2026-08-07,JNK,95.80999755859375,26,1,False,-0.0018107513431343536,-0.008405450198295972,0.013969729332911296,-0.024735345663845498,False,False,False
2026-08-07,XLU,43.61000061035156,26,3,False,-0.02790779024158052,-0.026857902988003057,0.05978126350555746,-0.08765687643485087,False,False,False
2026-08-07,SPHY,23.280000686645508,26,1,False,-0.002416805316775461,-0.010530089745780291,0.011294536216837958,-0.02959562697984819,False,False,False
2026-08-07,JSCP,46.8849983215332,26,1,False,-0.001715756789036127,-0.009597654863795047,0.002673225074570462,-0.020576574730096442,False,False,False
2026-08-07,PRVA,22.450000762939453,26,2,False,-0.08270747379919885,-0.048260977751321654,0.17662478263672954,-0.22102702981737898,False,False,False
2026-08-07,SLQD,50.11000061035156,26,1,False,-0.0019081357945179844,-0.008247114220200968,0.0022000122070311434,-0.017258306317861183,False,True,False
2026-08-07,VTEI,99.58999633789062,26,1,False,-0.006859376674077766,-0.011842939500160021,0.01224774280120089,-0.029923497972743074,False,True,False
2026-08-07,SCYB,26.040000915527344,26,1,False,-0.0015321752151123968,-0.00912729399511103,0.013229577528969694,-0.027632552357893858,False,True,False
2026-08-07,USTB,50.41999816894531,26,1,False,-0.002099939655181182,-0.006200051729583267,0.002186380295204904,-0.013693285946116185,False,False,False
2026-08-07,VTIP,49.66999816894531,26,1,False,-0.005310924983151222,-0.0054941477370975544,0.006484289862582759,-0.02243659070131343,True,False,False
2026-08-07,EPRT,30.6299991607666,26,3,False,-0.010716457199332008,-0.018951587940498005,0.05803103121081121,-0.1180535685433447,False,True,False
2026-08-07,CGSD,25.700000762939453,26,1,False,-0.0014631924308007305,-0.008268771885552195,0.0035142581196001554,-0.01720836948968618,False,False,False
2026-08-07,MMIT,24.059999465942383,26,1,False,-0.007110370998201998,-0.011757885525483291,0.01220021045830455,-0.02866374560759255,False,False,False
2026-08-07,SCHO,24.059999465942383,26,1,False,-0.0013033900007806132,-0.008317625462919143,0.0016652376110084521,-0.016353214779316838,False,False,False
2026-08-07,JPIB,48.029998779296875,26,1,False,-0.0009007336504291974,-0.009317964247264499,0.014361147351407588,-0.02822459239852959,False,True,False
2026-08-07,VNT,35.09000015258789,26,1,False,0.16728540696974958,-0.0036981524297241553,0.28756466512289913,-0.27199170960245556,False,False,False
2026-08-07,USHY,36.81999969482422,26,1,False,-0.0016566773433148718,-0.009495478849005035,0.011816441670458033,-0.027649427442831165,False,False,False
2026-08-07,VCSH,78.61000061035156,26,1,False,-0.0016636732864456771,-0.009552310179005152,0.003190403242122608,-0.02055820436035194,False,True,False
2026-08-07,VGSH,58.06999969482422,26,1,False,-0.0005473205344045384,-0.007453929251225455,0.0020707321881781038,-0.015929480654907402,False,True,False
2026-08-07,SRLN,40.439998626708984,26,2,False,0.0028219538581593095,-0.005733537865928895,0.0266564928492099,-0.028585212848281305,False,True,False
2026-08-07,CHT,42.52000045776367,26,3,False,-0.027909858988309,-0.006948085616444222,0.08248477034511748,-0.08519791573737445,True,False,False
2026-08-07,BANF,113.01000213623047,25,4,False,-0.003876590608322128,0.011129058682937343,0.11361843119715553,-0.18563090972926177,False,True,False
2026-08-07,BINC,52.060001373291016,25,1,False,-0.0012623032893265274,-0.00957321064746175,0.008817010659641467,-0.0270976825588628,False,True,False
2026-08-07,BKLN,20.5,25,2,False,0.0037211210403957917,-0.007136504292533097,0.019393305709184627,-0.02705266744565915,False,True,False
2026-08-07,BSV,77.55999755859375,25,1,False,-0.0017118957891304465,-0.01073387585838892,0.0027149203440890446,-0.022188630143745613,False,True,False
2026-08-07,CC,15.75,25,3,False,-0.18491761105645554,-0.11851619985092932,0.5086207502914233,-0.4506452752672633,False,False,False
2026-08-07,FLXR,38.900001525878906,25,1,False,-0.0033664751950176486,-0.012351280223154792,0.0059478502152685575,-0.026770069105476857,False,True,False
2026-08-07,FSEC,43.4900016784668,25,1,False,-0.004978504759295621,-0.014445952970280174,0.012101476448484139,-0.046271861102183176,False,True,False
2026-08-07,FSIG,18.850000381469727,25,1,False,-0.00048250941255212343,-0.010182494858568814,0.0074826992970435935,-0.02483184397986793,False,True,False
2026-08-07,GAB,5.739999771118164,25,2,False,0.021897771552938483,-0.013817134728001945,0.08712112557406715,-0.08989019318882796,False,True,False
2026-08-07,GBX,47.220001220703125,25,3,False,-0.030971139183168628,-0.039164890376067074,0.23515568365452588,-0.2022300673040479,False,True,False
2026-08-07,GVI,105.41999816894531,25,1,False,-0.0023413250787572837,-0.012534422004197854,0.003999982561383897,-0.026952171567723004,False,False,False
2026-08-07,IAGG,50.029998779296875,25,1,False,-0.0016004962500152375,-0.008292663915148268,0.008059595054867197,-0.034728979127284454,True,True,False
2026-08-07,MGY,25.079999923706055,25,3,False,-0.04482614894665482,-0.0387287321424179,0.19060048838627086,-0.23443219753705158,False,True,False
2026-08-07,NHI,75.30000305175781,25,4,False,0.002358843267900257,-0.04488103884470562,0.1083308852792444,-0.17596842509271038,False,True,False
2026-08-07,OMAH,18.600000381469727,25,1,False,-0.007544771181109411,-0.003545163917085925,0.04377108305293942,-0.05487804405277463,False,False,False
2026-08-07,PCOR,57.060001373291016,25,2,False,0.242108944055621,-0.022768646314736074,0.5003945097246196,-0.3068092124044136,False,False,False
2026-08-07,SHYG,42.150001525878906,25,1,False,-0.0023762729643886926,-0.010277577428797535,0.007650004322654613,-0.028577964535887013,False,False,False
2026-08-07,SJNK,24.8700008392334,25,1,False,-0.0024467218183154005,-0.011026995193895162,0.0060680230600924645,-0.030409309586631794,False,False,False
2026-08-07,TXNM,57.599998474121094,25,3,False,-0.0004199886085367588,-0.013653899547019677,0.035226439719143965,-0.032420634045888685,False,True,False
2026-08-07,UAE,19.739999771118164,25,4,False,0.027611176855606434,0.013516104510060467,0.14170033116600877,-0.11440112335898711,False,True,False
2026-08-07,UCON,24.700000762939453,25,1,False,-0.0037687057014926806,-0.01244180480612822,0.04131540800817879,-0.03609753120236281,False,False,False
2026-08-07,VPU,188.86000061035156,25,3,False,-0.026781792680360073,-0.02667520724254191,0.05797998107674185,-0.08364873839210418,False,False,False
2026-08-07,DFGX,52.57740020751953,25,1,False,-0.00875812255793007,-0.01034337988192946,0.01305199733573903,-0.03933125073490251,False,True,False
2026-08-07,CRNC,9.145000457763672,25,1,False,-0.09983951615672304,-0.060062907555754386,0.5632479669823274,-0.334328103535516,False,True,False
2026-08-07,JMTG,50.119998931884766,25,1,False,-0.004540363034840067,-0.01567179442179223,0.005517056965532285,-0.03689473385596542,False,True,False
2026-08-07,VMBS,46.2400016784668,25,1,False,-0.005711101918916217,-0.01484860727671966,0.005873405494757122,-0.03465552806956096,False,False,False
2026-08-07,FTSL,44.905399322509766,25,2,False,0.0007552948747659993,-0.008456424747781632,0.012066720836458211,-0.02696862756702667,False,True,False
2026-08-07,PAM,82.36000061035156,25,3,False,-0.022215041935783053,-0.018675659850955983,0.49881709675786845,-0.12846560200686175,False,True,False
2026-08-07,PYLD,26.209999084472656,25,1,False,-0.00412260525342778,-0.013023715982521944,0.011188233307296125,-0.030695332949418286,False,True,False
2026-08-07,DGP,150.1300048828125,25,3,False,0.06724203516807714,-0.11829797709083245,0.5050627055921053,-0.406013828356825,False,True,False
2026-08-07,YUM,150.75999450683594,25,3,False,-0.017277850873224088,-0.02328037822239959,0.09779358113096803,-0.11390622400573258,False,True,False
2026-08-07,SPIB,33.15999984741211,25,1,False,-0.003911064491947891,-0.013884719192403527,0.003935848408105791,-0.028705318094805587,False,False,False
2026-08-07,RQI,12.520000457763672,25,3,False,-0.0068851355082107935,0.006540137721155137,0.10796462357842396,-0.07737651147192215,False,True,False
2026-08-07,ITM,46.16999816894531,25,1,False,-0.009125443680666923,-0.016564231250435935,0.01584152681891604,-0.0385256616239632,False,False,False
2026-08-07,SPMB,22.030000686645508,25,1,False,-0.005677941286754362,-0.01585880210846491,0.006855645869853433,-0.03672934507054648,False,True,False
2026-08-07,DFSD,47.45000076293945,25,1,False,-0.00413456113930899,-0.010758637530958848,0.006469409316243846,-0.0218511151364692,False,True,False
2026-08-07,CGMS,27.190000534057617,25,1,False,-0.004816676643056406,-0.012644231241244142,0.008905371589013056,-0.03169513504510624,False,True,False
2026-08-07,HYDB,46.41999816894531,25,1,False,-0.0029255380488720784,-0.012526404917766132,0.009920752329596993,-0.03271522097541302,False,False,False
2026-08-07,PLTU,49.599998474121094,25,2,False,0.5147257808941108,-0.08691983058835073,1.3574142735667238,-0.6126059510646173,False,False,False
2026-08-07,AGG,97.5999984741211,24,1,False,-0.007001874066350444,-0.0188568623623927,0.0049422952426343425,-0.03804455593517042,False,False,False
2026-08-07,ARR,16.68000030517578,24,3,False,-0.01031219473600209,-0.029778454246883745,0.19313310810792372,-0.13619882099972136,False,True,False
2026-08-07,ATO,170.19000244140625,24,3,False,-0.01783579313061967,-0.0343783067686908,0.06302308527937694,-0.11594199107744052,False,True,False
2026-08-07,BND,72.4000015258789,24,1,False,-0.006913177081845467,-0.018640390720529365,0.004578907068850446,-0.03761799421472256,False,True,False
2026-08-07,BNDW,67.69390106201172,24,1,False,-0.004865529047525241,-0.01513752748035635,0.004360527143608017,-0.037892261586302434,False,False,False
2026-08-07,BSCU,16.575000762939453,24,1,False,-0.001884783834848247,-0.012975380465546249,0.007598783842102552,-0.0284289987213161,False,False,False
2026-08-07,BSCV,16.30500030517578,24,1,False,-0.0022213451450869837,-0.01485390442122747,0.008972800688911597,-0.043133836318154706,False,True,False
2026-08-07,BSJQ,22.924999237060547,24,1,False,-0.0014330898727367147,-0.011684149293438417,0.003721501046620057,-0.024883070443471156,False,False,False
2026-08-07,BTU,23.809999465942383,24,2,False,-0.026765009477062396,-0.1833094868059525,0.5194639023622518,-0.4212445352652726,False,True,False
2026-08-07,CDRE,32.81999969482422,24,1,False,0.09915133788163821,-0.09349287859906263,0.27555383904883124,-0.32690728415529136,False,False,False
2026-08-07,ETOR,35.2400016784668,24,1,False,-0.08254009643072946,-0.01249785246232249,0.4244139856301248,-0.4008840213991417,False,True,False
2026-08-07,EXPO,66.79000091552734,24,2,False,0.09640628979565902,-0.003636955999663849,0.28664999252272305,-0.184990806555973,False,True,False
2026-08-07,FPE,17.8700008392334,24,1,False,-0.0020550406482826578,-0.013769650249530585,0.018814133778859876,-0.03457587151456776,False,True,False
2026-08-07,HYLS,40.72999954223633,24,1,False,-0.00023565584557838637,-0.011873062216696262,0.017995532389603275,-0.03938683781941121,False,True,False
2026-08-07,IBDV,21.6299991607666,24,1,False,-0.002954755516177743,-0.013935099856929978,0.003945188404347322,-0.03480592110470637,False,True,False
2026-08-07,IBDW,20.649999618530273,24,1,False,-0.003705369884469678,-0.016434849441912203,0.004866198792327969,-0.05188250837880359,False,True,False
2026-08-07,IGOV,41.45000076293945,24,2,False,0.008884030134616916,-0.006201336352827602,0.029302217327099367,-0.04471073182756968,False,True,False
2026-08-07,IUSB,45.540000915527344,24,1,False,-0.006466453011305773,-0.017558370839234394,0.004854395899924313,-0.03578231300209245,False,True,False
2026-08-07,JCPB,46.27000045776367,24,1,False,-0.006981385620404734,-0.019051217731348102,0.004995645909267488,-0.03944359110244988,False,True,False
2026-08-07,JSI,51.20500183105469,24,1,False,-0.0016342363576846708,-0.01234931215627788,0.0055970870455213095,-0.036594536951747636,False,True,False
2026-08-07,MBB,93.2699966430664,24,1,False,-0.006755839748389447,-0.01741208271143646,0.0063659509705209505,-0.03815617748849498,False,False,False
2026-08-07,NB,5.360000133514404,24,2,False,0.10057083943918865,-0.0472677634940315,0.531428609575544,-0.5739268548472809,False,False,False
2026-08-07,NCLH,19.25,24,1,False,-0.0167334068520939,-0.046932983333332734,0.3248451723174004,-0.2917586540153828,False,False,False
2026-08-07,NNI,131.4600067138672,24,4,False,-0.006805589754056762,-0.004699725113545772,0.12725093138209598,-0.0894860626956756,False,True,False
2026-08-07,PTON,5.679999828338623,24,1,False,-0.052812413407920755,-0.0035612459323975942,0.55616429587157,-0.3826087015112317,False,False,False
2026-08-07,VPLS,76.48680114746094,24,1,False,-0.007013060800640569,-0.017989720320320646,0.004290933162259591,-0.03681151466868959,False,False,False
2026-08-07,BNDX,47.95000076293945,24,1,False,-0.0027370049649328987,-0.011496111706229994,0.008836566261927192,-0.039655508314328625,True,True,False
2026-08-07,DLB,61.77000045776367,24,3,False,0.16592047466355586,0.0166010362493203,0.27994203493791714,-0.18358449024635504,False,False,False
2026-08-07,IHI,54.380001068115234,24,2,False,0.0725711580920625,-0.03236452033026327,0.14798400452384297,-0.15963526753991464,False,True,False
2026-08-07,DFCF,41.75,24,1,False,-0.005964211822662491,-0.016721041722310925,0.007967210179697926,-0.03512827459401946,False,False,False
2026-08-07,MSCI,563.1699829101562,24,4,False,-0.05114617262200638,-0.01768473776925039,0.12391234533757611,-0.12655680963643012,False,True,False
2026-08-07,ORA,108.08999633789062,24,2,False,-0.07716977862282148,-0.0645029412091005,0.2766032676912842,-0.26162991468982877,False,False,False
2026-08-07,OGS,80.22000122070312,24,3,False,0.025878444876805018,-0.019187692133466383,0.08537406637727751,-0.11632515642864327,False,True,False
2026-08-07,STAG,37.29999923706055,24,4,False,-0.038530953852237815,-0.026488410942375973,0.09128141907629872,-0.12461866456770287,False,False,False
2026-08-07,EL,88.3499984741211,24,2,False,0.051352641940129784,-0.03967184111504207,0.33418901911012355,-0.27367643112928464,False,True,False
2026-08-07,MRP,28.979999542236328,24,2,False,0.006592507673632841,-0.027843020436808086,0.1019011552441138,-0.1950000127156576,False,True,False
2026-08-07,DECK,97.45999908447266,24,2,False,-0.07348255890061839,-0.046139324100506474,0.23507786796961616,-0.22311676799256974,False,True,False
2026-08-07,STC,68.19000244140625,24,2,False,0.013950601428932119,-0.003105845387998407,0.19401158663350393,-0.132553085969232,False,True,False
2026-08-07,UTG,39.2400016784668,24,3,False,-0.02911655985508621,-0.007855693730828062,0.09578330560283232,-0.10615033452026312,False,False,False
2026-08-07,AVIG,40.86000061035156,23,1,False,-0.007030474142901255,-0.019910949703231262,0.004424786229730637,-0.03946968186076938,False,False,False
2026-08-07,BOND,90.77999877929688,23,1,False,-0.007207003139883983,-0.02051651217940864,0.005872562651488833,-0.04119139747896372,False,True,False
2026-08-07,BSCW,20.344999313354492,23,1,False,-0.003792919488499802,-0.01736340863785313,0.009176560880090001,-0.04213749846554515,False,False,False
2026-08-07,EVTR,50.2400016784668,23,1,False,-0.005929957198525515,-0.018518300854998837,0.015975751331421817,-0.03662511584902428,False,False,False
2026-08-07,FBND,45.0,23,1,False,-0.00681107078647869,-0.019497831311959812,0.007838711358570505,-0.03969271417253628,False,False,False
2026-08-07,FIXD,43.08000183105469,23,1,False,-0.006998917840621233,-0.020645626859515653,0.013313306038067907,-0.04595276280227811,False,True,False
2026-08-07,FLCB,21.100000381469727,23,1,False,-0.007283039042836448,-0.019805259784998808,0.006439314471704094,-0.03916205550350016,False,True,False
2026-08-07,GBDC,13.170000076293945,23,3,False,0.02064540369585921,4.176681378775804e-05,0.11894643705020513,-0.11788346904934066,False,False,False
2026-08-07,GOVT,22.489999771118164,23,1,False,-0.006125009351053756,-0.01877590529644735,0.004017864023240447,-0.03847796673857895,False,True,False
2026-08-07,GTO,46.31999969482422,23,1,False,-0.006347617223712132,-0.017955393596514102,0.00959020524118448,-0.035120626708204594,False,True,False
2026-08-07,HTRB,33.32500076293945,23,1,False,-0.007467866277819035,-0.020577980253011496,0.008473372961396608,-0.04293506447408124,False,False,False
2026-08-07,IBHF,22.5,23,1,False,-0.003692092877760067,-0.01812154870705096,0.0036578077928866026,-0.040716262068320574,False,True,False
2026-08-07,IGIB,52.380001068115234,23,1,False,-0.007112078540280065,-0.02072864037076194,0.004988529193376667,-0.04030781768291747,False,True,False
2026-08-07,JBND,52.7599983215332,23,1,False,-0.00700146569754978,-0.01947623209465532,0.006294068556868648,-0.05422607392942813,False,True,False
2026-08-07,NXST,193.77999877929688,23,3,False,0.0784152182460911,-0.03146272357955182,0.254483053330391,-0.2379866439094901,False,True,False
2026-08-07,REM,21.989999771118164,23,2,False,0.007560123447762912,-0.011332151699127047,0.0774130296677289,-0.08565486616598172,False,False,False
2026-08-07,SCCR,25.18000030517578,23,1,False,-0.00805061176716293,-0.02058367739046707,0.0051896635558736914,-0.04076189313616074,False,True,False
2026-08-07,SCHI,22.309999465942383,23,1,False,-0.00702782997197926,-0.02125729843225377,0.005407793104853287,-0.04158434646720155,False,True,False
2026-08-07,SMBS,25.0049991607666,23,1,False,-0.009353827015065708,-0.0220430766672014,0.004015196601649285,-0.0426876586003786,False,True,False
2026-08-07,SPAB,25.15999984741211,23,1,False,-0.007001514332766523,-0.019101406203405058,0.0051937338074450334,-0.038593818339219044,False,False,False
2026-08-07,SPPP,14.239999771118164,23,2,False,0.06232187617447549,-0.08524444218532623,0.2307692434502273,-0.4019319575589686,False,False,False
2026-08-07,SPTI,28.1200008392334,23,1,False,-0.003988264207306802,-0.018284935899786414,0.004285744258335722,-0.03830365734103203,False,True,False
2026-08-07,SR,81.97000122070312,23,3,False,0.019829270681035904,-0.04424824917947767,0.1090515107459773,-0.1399642920952715,False,True,False
2026-08-07,VCIT,81.41999816894531,23,1,False,-0.0071119426471001335,-0.020880568374765485,0.004813024750385253,-0.040311154132121274,False,True,False
2026-08-07,VCRB,76.08000183105469,23,1,False,-0.007559123182555139,-0.019777015347129057,0.005086229444252188,-0.0391512814116326,False,True,False
2026-08-07,DFGP,53.64500045776367,23,1,False,-0.009450329798514456,-0.01460340852211306,0.009788243910845651,-0.04495278250832546,False,True,False
2026-08-07,SLGN,41.709999084472656,23,4,False,-0.023669769162454557,-0.0013742998675748685,0.16900220649443654,-0.1582240216610139,False,False,False
2026-08-07,NUKZ,67.3499984741211,23,3,False,0.004981464984838757,-0.018546218255288016,0.21242123130738233,-0.12916987764163113,False,False,False
2026-08-07,SCHR,24.43000030517578,23,1,False,-0.0043688662503558184,-0.018914891286418878,0.004110167767501283,-0.03894570291687027,False,True,False
2026-08-07,UGL,50.689998626708984,23,3,False,0.07222781189999328,-0.1227030486811782,0.4756914375090371,-0.43926993616036714,False,False,False
2026-08-07,SYSB,87.36000061035156,23,1,False,-0.007438075957797885,-0.020833784166784164,0.006219775598081956,-0.0421052244121225,False,True,False
2026-08-07,VGIT,58.41999816894531,23,1,False,-0.004088010264044373,-0.018442460344967104,0.004125092171032296,-0.038512182640377035,False,True,False
2026-08-07,SCHZ,22.81999969482422,23,1,False,-0.006988515571061615,-0.019260248357765852,0.005729359088003205,-0.03834807690545583,False,True,False
2026-08-07,PFF,30.639999389648438,23,2,False,-0.002123441340600829,-0.013973026816806677,0.017940166157311754,-0.05021695648395097,False,True,False
2026-08-07,SMTH,25.44499969482422,23,1,False,-0.005859756640605784,-0.018151191526670662,0.007722760191058109,-0.03872306932826952,False,True,False
2026-08-07,CGCB,25.899999618530273,23,1,False,-0.006600178554557079,-0.019001464264533197,0.007782056406754112,-0.03753252451166278,False,True,False
2026-08-07,EAGG,46.7400016784668,23,1,False,-0.007044547681125279,-0.019073876235193854,0.004729174947082582,-0.03827154020683199,False,True,False
2026-08-07,SAP,206.16000366210938,23,3,False,0.22220169112727217,0.025004895086314205,0.4220873416994062,-0.31160679811942105,False,False,False
2026-08-07,EPAC,37.720001220703125,23,3,False,0.07233425782737779,0.004012621250439441,0.1659970015416803,-0.16177775065104172,False,True,False
2026-08-07,BIV,75.69000244140625,22,1,False,-0.006194667548263033,-0.0212058767198382,0.005045875649070997,-0.04298892469230653,False,True,False
2026-08-07,BWX,21.989999771118164,22,2,False,0.01237499508832185,-0.012107199962995585,0.03336461755465181,-0.06105893682823882,False,True,False
2026-08-07,CAI,22.739999771118164,22,3,False,0.32563832793011827,0.06639278798430182,0.6025370291451349,-0.46494118185604316,False,False,False
2026-08-07,FLIN,36.18000030517578,22,2,False,0.02980984942467635,-0.006766360122466786,0.12360246732717783,-0.09209531516867275,False,True,False
2026-08-07,FTCB,20.610000610351562,22,1,False,-0.006914466210285242,-0.022052426911473577,0.007626876587533804,-0.05761317697900936,False,True,False
2026-08-07,FXY,58.2400016784668,22,3,False,0.022540159041669394,0.0004793127566644628,0.04074343515539436,-0.07935499172085247,False,False,False
2026-08-07,GIL,57.5,22,3,False,0.05474396366820855,-0.03315683767041211,0.25,-0.21981000839958076,False,False,False
2026-08-07,IEF,93.16999816894531,22,1,False,-0.00690488598959671,-0.0241608605222019,0.005178505932638133,-0.04977057349234848,False,False,False
2026-08-07,IGEB,44.36000061035156,22,1,False,-0.008483303821705257,-0.021720826811019167,0.004415253951815634,-0.045200140238981,False,False,False
2026-08-07,INDI,4.039999961853027,22,3,False,0.004125852645227468,0.03662837879230296,0.7413793440097587,-0.33223143231631724,False,False,False
2026-08-07,JMBS,44.41999816894531,22,1,False,-0.009030758417791551,-0.0226676835275903,0.00839952186817472,-0.04246607559004878,False,False,False
2026-08-07,MKL,1875.050048828125,22,2,False,-0.0138591172564132,-0.0501061911189663,0.09051942908004018,-0.1506348669015113,False,False,False
2026-08-07,MTBA,48.68000030517578,22,1,False,-0.005779870535269183,-0.023175591709052368,0.006408959688578131,-0.04323900779786183,False,False,False
2026-08-07,NEXT,6.699999809265137,22,4,False,-0.11614165241525087,0.01196991337192066,0.4105262756347656,-0.40550137203857484,False,False,False
2026-08-07,NFG,80.54000091552734,22,3,False,0.019780255762783305,-0.03457037529630913,0.07143811197803807,-0.17020396722237208,False,False,False
2026-08-07,OMCL,36.810001373291016,22,3,False,-0.11071487677923675,-0.09174797495323939,0.2666896782441943,-0.33072724775834517,False,False,False
2026-08-07,PPL,35.459999084472656,22,2,False,-0.009120810840922311,-0.02758070083554398,0.06903831902141344,-0.11593122550785595,False,True,False
2026-08-07,SPBO,28.510000228881836,22,1,False,-0.009821892862219905,-0.02302286470991055,0.004934768611456253,-0.04744403814952136,False,True,False
2026-08-07,STIP,100.69000244140625,22,1,False,-0.010135544971555555,-0.01998473563426728,0.0015916011544041542,-0.0333141426526794,False,True,False
2026-08-07,DRD,23.6299991607666,22,3,False,0.06024027670211951,-0.17000354389327854,0.6274103592146874,-0.39979680462654865,False,True,False
2026-08-07,CGCP,22.040000915527344,22,1,False,-0.007497769265751186,-0.020918714725038146,0.007773208494303185,-0.041947327991430416,False,True,False
2026-08-07,VMC,284.69000244140625,22,1,False,-0.013129609568665601,-0.01840477189577705,0.12815532219414538,-0.14014314660576854,False,False,False
2026-08-07,XLC,111.25,22,2,False,0.008009715366110282,-0.02627610338090325,0.05922118721312586,-0.0760350390109471,False,True,False
2026-08-07,DX,12.949999809265137,22,2,False,-0.0022805201000365427,-0.03591676726415083,0.09467454714980361,-0.1326189186496023,False,False,False
2026-08-07,VNOM,40.81999969482422,22,3,False,-0.06358965746103051,-0.043609830265121774,0.16296300482521198,-0.2016428937593031,False,True,False
2026-08-07,GSBD,9.75,22,3,False,0.077562393005703,0.042936910722529475,0.16696595262652547,-0.16092942375008545,False,False,False
2026-08-07,VTC,75.39779663085938,22,1,False,-0.010244911699451076,-0.023635093919393446,0.004500387466731981,-0.04848815417077268,False,True,False
2026-08-07,PFFD,18.600000381469727,22,1,False,-0.003717297763394578,-0.018187268022619385,0.021136438411016867,-0.06485666404042623,False,False,False
2026-08-07,EPI,43.68000030517578,22,2,False,0.027856616717826466,-0.0061885621462266505,0.10834814702604123,-0.07457627967937475,False,True,False
2026-08-07,USIG,50.400001525878906,22,1,False,-0.008962563582663563,-0.02141714827456831,0.004784722472027214,-0.04400606299517984,False,True,False
2026-08-07,ORLY,93.52999877929688,22,3,False,0.057340320818136226,0.0069912196308681285,0.1324615925232484,-0.13971672434559979,False,True,False
2026-08-07,PALL,25.049999237060547,22,2,False,0.07928544335464305,-0.0829725319358251,0.2718318604707015,-0.365533655221576,False,True,False
2026-08-07,REXR,36.7400016784668,22,2,False,0.038451589233039485,-0.0195175323647242,0.1431239071616135,-0.17214959904850902,False,True,False
2026-08-07,TPL,340.6499938964844,22,2,False,-0.13348173522741402,-0.11940782612221823,0.26525933668985124,-0.37746713030481327,False,True,False
2026-08-07,TRN,29.899999618530273,22,4,False,-0.13323787658757802,-0.04455445365630639,0.20759286519120357,-0.21952496615215555,False,False,False
2026-08-07,VNQI,46.22999954223633,22,2,False,0.01941361228256344,-0.011311224473067427,0.06989124095697785,-0.0913915375051535,False,True,False
2026-08-07,UITB,46.15869903564453,22,1,False,-0.008209041420123353,-0.020394856480913215,0.003231921746055244,-0.03946106039930686,False,False,False
2026-08-07,CORP,95.22440338134766,22,1,False,-0.009066844261323426,-0.02210250688750226,0.00777230960082087,-0.04421955227866048,False,True,False
2026-08-07,LXU,9.619999885559082,22,3,False,-0.15366073523740675,-0.15065313079985232,0.34545451150301276,-0.4413472549851638,False,False,False
2026-08-07,AIPI,37.34000015258789,21,2,False,0.02004969127440681,-0.017507257464927428,0.1592673459773004,-0.17169479512165564,False,True,False
2026-08-07,AOS,63.97999954223633,21,2,False,0.0674577117246431,-0.02613217557225367,0.18131461821437656,-0.21851719316196783,False,False,False
2026-08-07,APO,127.44000244140625,21,3,False,0.016845307994629577,0.0030187546205182603,0.28003219733311435,-0.1686345617908318,False,True,False
2026-08-07,APPF,198.74000549316406,21,3,False,0.1714354910566558,0.04137522520492576,0.39407974815291147,-0.36969567305035334,False,False,False
2026-08-07,ARLP,24.6200008392334,21,3,False,-0.009606225839790983,-0.020567259641225077,0.10900900869939956,-0.16400678433204785,False,False,False
2026-08-07,AVA,38.72999954223633,21,4,False,-0.058466037626441425,-0.043349400870865584,0.09098590259820649,-0.10965518293709586,False,True,False
2026-08-07,BIZD,13.40999984741211,21,3,False,0.06798125850567649,0.005959984631009885,0.12030071414031274,-0.16965943255963478,False,True,False
2026-08-07,BN,44.08000183105469,21,2,False,0.00794377565758042,-0.012584576210900034,0.16214082458205792,-0.11075242883938852,False,False,False
2026-08-07,BROS,53.0099983215332,21,1,False,-0.17580113387675855,-0.08322411811081809,0.18909816384543365,-0.2898861722975822,False,False,False
2026-08-07,BZ,16.469999313354492,21,2,False,0.14140373878111667,-0.018401291948700216,0.31026250701788993,-0.3479810307157881,False,True,False
2026-08-07,CAE,27.190000534057617,21,2,False,0.06737958229472274,-0.01938152901413359,0.1946397302559879,-0.20589955604011712,False,True,False
2026-08-07,CBRE,148.17999267578125,21,3,False,0.07641385201219686,0.0025804856911475493,0.2176841951098647,-0.1497102826478932,False,True,False
2026-08-07,INDA,50.3650016784668,21,2,False,0.029510693115408992,-0.010580267778635521,0.1140235058258301,-0.09252249227987752,False,False,False
2026-08-07,KBR,38.040000915527344,21,1,False,0.07447917139644589,-0.018570763763994247,0.27054109007966587,-0.2716829169265854,False,False,False
2026-08-07,KSA,37.650001525878906,21,2,False,-0.001588403283102724,-0.016540493129772904,0.05138229773876124,-0.09277104756918297,False,False,False
2026-08-07,LNN,116.05999755859375,21,3,False,0.0057174702357902785,-0.015062204094417053,0.1931736564613804,-0.215810827306799,False,True,False
2026-08-07,LQD,106.55000305175781,21,1,False,-0.012850062715945576,-0.02799250944257936,0.005568176409805448,-0.05649514952782275,False,False,False
2026-08-07,MFA,9.229999542236328,21,2,False,-0.013952141410045082,-0.039417244553437425,0.048863561611531825,-0.12677390645943387,False,False,False
2026-08-07,MH,11.600000381469727,21,1,False,0.08803725088686787,-0.12197371326962958,0.2968139493824413,-0.35555553436279297,False,True,False
2026-08-07,NOC,571.5800170898438,21,2,False,0.06611768758978198,-0.05552360714773652,0.19322790321706207,-0.2615245257237161,False,True,False
2026-08-07,NTLA,11.9399995803833,21,3,False,-0.11806420784045368,-0.06164721807019968,0.5018867757038326,-0.5773451475970512,True,True,False
2026-08-07,PG,145.7899932861328,21,2,False,-0.012054088432656873,-0.014688484556521053,0.05936635996817419,-0.12831095195137332,False,False,False
2026-08-07,PHG,26.729999542236328,21,3,False,0.0050610065911655955,-0.0389161799632759,0.1207546798617336,-0.2006578755991123,False,False,False
2026-08-07,QLTA,46.599998474121094,21,1,False,-0.01072495746207458,-0.025041402674872093,0.0040939156934640675,-0.04936764506413427,False,True,False
2026-08-07,STRC,95.01000213623047,21,3,False,0.059111159344843234,-0.01824297731279112,0.33347371419270844,-0.05385485839981008,True,True,False
2026-08-07,TOTL,38.83000183105469,21,1,False,-0.008242044277480542,-0.026665750659175425,0.005698037224173058,-0.0496585641113545,False,False,False
2026-08-07,CNH,10.90999984741211,21,5,False,0.02535664777016855,0.026557818562078284,0.21222220526801205,-0.18031558952225069,False,False,False
2026-08-07,OBDC,11.640000343322754,21,2,False,0.06012862966131349,-0.006334163445677277,0.10646386281595,-0.1988987916558943,False,False,False
2026-08-07,BLKB,45.869998931884766,21,3,False,0.43246159689901953,0.00761032210452206,0.7931977743821306,-0.3512940245256283,False,False,False
2026-08-07,DEC,13.850000381469727,21,2,False,0.02466599607720843,-0.035028103983595016,0.12327659912156763,-0.26719573222156767,False,True,False
2026-08-07,NVAX,7.949999809265137,21,1,False,-0.09389320087623343,-0.05887090123334682,0.2822580731994282,-0.3358396297481049,False,True,False
2026-08-07,TIP,107.08000183105469,21,1,False,-0.014190556952206612,-0.028962439767592496,0.002997374376368933,-0.04614288443438397,False,False,False
2026-08-07,TPG,48.9900016784668,21,2,False,0.14582021611250262,-0.010364974193526444,0.32584575553252404,-0.30392151761433006,False,False,False
2026-08-07,MMYT,60.0099983215332,21,3,False,0.15618626161357363,0.01371236912905549,0.8368534338816129,-0.42535671601871117,False,True,False
2026-08-07,CRC,52.08000183105469,21,2,False,-0.04356126753392198,-0.05376012764620253,0.20430114735546523,-0.2764656932175873,False,True,False
2026-08-07,UL,62.959999084472656,21,2,False,0.04122908424113936,-0.00990460963983697,0.14995432117758267,-0.16030946564834236,False,False,False
2026-08-07,CWST,89.41000366210938,21,2,False,-0.015629224985873713,-0.025645289083234712,0.2074274136034211,-0.17182285642526685,False,True,False
2026-08-07,CVNA,70.8499984741211,21,2,False,0.06148045144813774,-0.020118638744890727,0.30085923841514406,-0.2724229325604227,False,False,False
2026-08-07,SCHP,25.959999084472656,21,1,False,-0.013685335580377767,-0.025278584048080366,0.003478865184370905,-0.04523727199064553,False,False,False
2026-08-07,PFFA,20.860000610351562,21,1,False,-0.0031444172231613887,-0.022680713457981172,0.03114192201536703,-0.07288886176215281,False,True,False
2026-08-07,AGI,33.150001525878906,20,3,False,0.02885133260952455,-0.14396823110919343,0.30975907646644485,-0.40173251006736543,False,False,False
2026-08-07,AGRO,9.449999809265137,20,3,False,-0.0893672887048671,-0.07748178651096738,0.3715529742216568,-0.405286368465298,False,True,False
2026-08-07,ARKF,42.97999954223633,20,1,False,0.059936459818928034,-0.017147337602470225,0.19982137308234837,-0.27398650357547316,False,True,False
2026-08-07,BBD,3.369999885559082,20,3,False,-0.03515807142250116,-0.0733102677377504,0.19081271251267906,-0.21627913114507225,False,True,False
2026-08-07,BDN,3.2200000286102295,20,3,False,0.025020699398707658,0.04333739161732342,0.303643721179224,-0.3045356481596867,False,False,False
2026-08-07,BEKE,17.040000915527344,20,3,False,0.059029776552155466,0.017267939457664472,0.23388851540674271,-0.1877978414049578,False,True,False
2026-08-07,CCJ,97.38999938964844,20,3,False,-0.009688560270138757,-0.06952303720893638,0.41226799133727376,-0.2798728524558425,False,True,False
2026-08-07,FG,27.670000076293945,20,2,False,-0.032415985281258,-0.023470928883111863,0.3451628821976218,-0.24604905991621173,False,True,False
2026-08-07,GOVI,26.517900466918945,20,1,False,-0.013072890220038547,-0.03186267275353394,0.010590727828689195,-0.06363344799875215,False,True,False
2026-08-07,HHH,67.4800033569336,20,0,False,-0.008242066709331586,-0.0773094649160424,0.10604827427305197,-0.2590314748758181,False,True,False
2026-08-07,HSY,182.35000610351562,20,3,False,0.022127539782720307,-0.048838597646728266,0.12959186258374222,-0.23855850443985016,False,True,False
2026-08-07,IGLB,48.209999084472656,20,1,False,-0.02118036519828559,-0.039764829052998496,0.008788410983454398,-0.08346006686308727,False,False,False
2026-08-07,LEG,9.619999885559082,20,2,False,-0.10219320419394684,-0.10384500078089176,0.15625002865608018,-0.26000000880314755,False,True,False
2026-08-07,NI,42.61000061035156,20,4,False,-0.0795982155664422,-0.05781781967910027,0.10819245162204982,-0.13411905297522364,False,False,False
2026-08-07,RITM,10.1899995803833,20,2,False,0.08921047018154282,-0.0006767141810258837,0.2087780796552201,-0.2001570044385531,False,False,False
2026-08-07,SEDG,31.760000228881836,20,4,False,-0.41127402405341884,-0.2551664571450356,0.3802694442834955,-0.6091076894906851,False,False,False
2026-08-07,TGS,28.790000915527344,20,4,False,-0.05521059321008226,-0.05789415842211243,0.4584600430264618,-0.20797793331342207,False,True,False
2026-08-07,VC,104.12999725341797,20,2,False,-0.04901159420947854,0.015200683908520363,0.24721523437246562,-0.1934160160308287,True,True,False
2026-08-07,VRSK,191.82000732421875,20,1,False,0.023338032965745326,-0.03150459217632928,0.23008852328506446,-0.30547809251381797,False,True,False
2026-08-07,WWW,18.93000030517578,20,3,False,0.058961747602690906,0.06482017006986585,0.40534520637773763,-0.4228658309300546,False,True,False
2026-08-07,XDTE,39.45500183105469,20,2,False,0.012193567088153223,-0.014965956211309028,0.09994432690052912,-0.1195045609935681,False,True,False
2026-08-07,XTEN,44.43000030517578,20,1,False,-0.013307791345262276,-0.03306648666567091,0.007026323227469211,-0.06463157252261509,False,True,False
2026-08-07,CTMX,3.4600000381469727,20,4,False,0.028782124550001953,-0.1730154357700242,1.0116278956940912,-0.5785627256917885,False,True,False
2026-08-07,CRTO,18.3799991607666,20,1,False,-0.06698617205931834,-0.0505929072867084,0.1800962687545491,-0.273230585393858,False,False,False
2026-08-07,DKS,208.83999633789062,20,1,False,-0.04177310045639249,-0.018584829261015123,0.11876572768206928,-0.1454292815894016,False,False,False
2026-08-07,COST,947.8200073242188,20,3,False,-0.0038273660232203133,-0.010715568576892931,0.12292966147637174,-0.135595068559764,False,True,False
2026-08-07,SUI,120.44000244140625,20,2,False,-0.010694732567450571,-0.04305686101490058,0.03917170712472884,-0.12629672028476868,False,False,False
2026-08-07,CWK,13.829999923706055,20,2,False,0.03799216081113199,-0.03569599012255953,0.19533278206505367,-0.2051724007523723,False,True,False
2026-08-07,RARE,25.90999984741211,20,1,False,-0.0617180311301222,-0.03395692536646944,0.41662102517533217,-0.3504637692690509,False,True,False
2026-08-07,ETHD,56.400001525878906,20,4,False,-0.22142460539371212,-0.06654813968924012,1.0434782879113698,-0.4719101131622053,False,True,False
2026-08-07,OSIS,236.22999572753906,20,2,False,0.08246490573031595,-0.07739794521416399,0.1974957703213116,-0.24217247914007234,False,True,False
2026-08-07,ULS,78.20999908447266,20,3,False,-0.14788884930749002,-0.08720672250651784,0.268818946445462,-0.27273574094623076,False,False,False
2026-08-07,WEC,107.62999725341797,20,3,False,-0.04988147015784139,-0.041523187775009296,0.04545896497237045,-0.10241019125722695,False,False,False
2026-08-07,WEN,7.690000057220459,20,1,False,0.038964553473453956,-0.004395410780082654,0.2668862997932475,-0.2905904106113334,True,True,False
2026-08-07,CMS,71.02999877929688,20,3,False,-0.038505805673828664,-0.03990874890376939,0.034819338736895133,-0.11610256048023027,False,False,False
2026-08-07,OR,33.08000183105469,20,2,False,0.03895783241414885,-0.09325141410528404,0.20116197281619663,-0.31169369775676603,False,False,False
2026-08-07,SPIP,25.09000015258789,20,1,False,-0.014973653452559854,-0.03357265522685271,0.0027977495421067644,-0.056057177403874614,False,True,False
2026-08-07,DNUT,3.3399999141693115,20,0,False,-0.03322915404803828,-0.07920494318005378,0.15972214633668202,-0.34637968162395616,True,False,False
2026-08-07,ONON,37.54999923706055,20,1,False,0.0034847784735350107,-0.07280747383258168,0.19547912828641145,-0.28065136612564956,False,True,False
2026-08-07,AMTM,24.770000457763672,19,2,False,0.12808323859306725,-0.06562854055835776,0.25088376934161993,-0.350039358145915,False,True,False
2026-08-07,ANIP,78.25,19,1,False,-0.03278039878985439,-0.0332374777270662,0.15107378840720398,-0.21356783919597988,False,False,False
2026-08-07,BLV,66.3499984741211,19,1,False,-0.021311388701327982,-0.041978265139121174,0.009586080975596545,-0.08646563426658171,False,False,False
2026-08-07,BXSL,24.540000915527344,19,2,False,0.04014788273977454,-0.015955598195959153,0.0921229045584615,-0.20039099092570667,False,False,False
2026-08-07,EVR,305.94000244140625,19,4,False,-0.10461284239568647,-0.0765384271884213,0.15071278466965432,-0.2129350694172658,False,False,False
2026-08-07,FXI,36.16999816894531,19,2,False,0.05319855388063255,-0.027371858641980662,0.1596664812316959,-0.13880956740606398,False,True,False
2026-08-07,GLPI,44.13999938964844,19,2,False,-0.024129265410517076,-0.03289929258416435,0.072139940558545,-0.11631634203300678,True,True,False
2026-08-07,LHX,286.6700134277344,19,2,False,-0.029693689798956147,-0.09284339962569577,0.09132793292545638,-0.24407350388187155,False,False,False
2026-08-07,NTGR,23.670000076293945,19,0,False,-0.007696948459041453,-0.026284552880029843,0.2457894776996814,-0.3578404860458252,False,False,False
2026-08-07,PDO,13.079999923706055,19,2,False,0.0015160502229276673,-0.029837326335139136,0.05739693166657478,-0.08210526851185584,False,False,False
2026-08-07,PGX,10.720000267028809,19,1,False,-0.012163632556928206,-0.03954698660281375,0.003745314673225364,-0.10067112429400504,False,True,False
2026-08-07,PUK,28.280000686645508,19,4,False,0.01460924984324774,-0.04386293292638754,0.14912637079538538,-0.16896850716755074,False,False,False
2026-08-07,RELX,35.52000045776367,19,1,False,0.05871203550770465,-0.02160618248689883,0.28835694054911154,-0.2827140523138889,False,False,False
2026-08-07,RYAAY,60.189998626708984,19,2,False,-0.016210721997747868,-0.04901095440388137,0.1326684102001301,-0.1892510727551785,False,True,False
2026-08-07,SPTL,25.25,19,1,False,-0.020748494290829478,-0.043065829062920336,0.010000000000000009,-0.08844767853643432,False,False,False
2026-08-07,VCLT,72.36000061035156,19,1,False,-0.022497678125754983,-0.041794362784370764,0.008642358029608221,-0.08728554837910008,False,True,False
2026-08-07,EEFT,72.08000183105469,19,0,False,-0.016235903566263254,-0.010023351022745097,0.153280029296875,-0.26837186066705476,False,False,False
2026-08-07,CLM,7.550000190734863,19,2,False,0.009439285901361005,-0.03168503789085242,0.09104047796171688,-0.11488857830186261,False,True,False
2026-08-07,ERIE,252.5800018310547,19,1,False,0.08986253770279662,-0.022532479461757626,0.23432534723195753,-0.336485688597576,False,False,False
2026-08-07,DAPP,17.690000534057617,19,0,False,-0.09637935718601753,-0.060898250099050255,0.29312866516272407,-0.3564932454949209,False,True,False
2026-08-07,SCHQ,30.110000610351562,19,1,False,-0.021548022149553092,-0.045873168981932944,0.009386546676555252,-0.09279897992761155,False,True,False
2026-08-07,RGTI,17.940000534057617,19,1,False,-0.032748500464968244,-0.15136174768383193,0.4317638400941588,-0.6914875311555468,False,True,False
2026-08-07,SPLB,21.530000686645508,19,1,False,-0.022900321141707147,-0.04214258210180477,0.008903492628821619,-0.08771185005783066,False,False,False
2026-08-07,OPFI,9.399999618530273,19,3,False,0.03782538047460848,0.011927788759592994,0.2771738380447242,-0.24497993875189383,False,True,False
2026-08-07,TLH,97.05000305175781,19,1,False,-0.018052421435045485,-0.04006643606357563,0.009045568141209603,-0.07983310961878054,False,False,False
2026-08-07,DEI,11.6899995803833,19,1,False,-0.028488831174575457,0.037934747237059474,0.2931415519593734,-0.3119482202550997,False,True,False
2026-08-07,RCI,34.470001220703125,19,1,False,-0.02062730997025053,-0.0631115137325875,0.09847043156711921,-0.16212927243318342,True,False,False
2026-08-07,TM,190.08999633789062,19,2,False,0.06361072124464662,-0.06550281678774839,0.14443100152220434,-0.23627962635889976,False,True,False
2026-08-07,JPC,7.730000019073486,19,1,False,-0.009279193409583386,-0.03155283332577308,0.07063715286732686,-0.06867471789912216,False,True,False
2026-08-07,VNM,17.440000534057617,19,2,False,-0.01812856580338562,-0.042313355609700065,0.07521586142723535,-0.12141056932481875,False,False,False
2026-08-07,MSDL,15.430000305175781,19,2,False,0.008641787494059194,-0.018903415737800855,0.1295754375940934,-0.1672962906959784,False,False,False
2026-08-07,NU,13.84000015258789,19,1,False,0.03941361211281791,-0.08329192738131064,0.235714320382294,-0.27081135477429075,False,True,False
2026-08-07,VGLT,53.08000183105469,19,1,False,-0.021390002005339026,-0.044950103087718296,0.009701391272419535,-0.09171794869284278,False,False,False
2026-08-07,STCE,62.529998779296875,19,0,False,-0.10816926300885965,-0.0816563113480746,0.29327819550533185,-0.4296789572474169,False,True,False
2026-08-07,SSYS,8.914999961853027,19,1,False,0.03215124596048291,-0.03046451563878383,0.2145776262293173,-0.30405935442430043,False,True,False
2026-08-07,YMM,9.630000114440918,19,1,False,0.10125106482961832,-0.007850642690068299,0.291750531588687,-0.3155650090039871,False,True,False
2026-08-07,TDG,1225.25,19,1,False,-0.033643636234688135,-0.043143620089188595,0.09045844730245589,-0.1625257339462478,False,False,False
2026-08-07,DIS,104.91000366210938,19,3,False,0.06031390947359627,0.0043694366473114865,0.13797592888434562,-0.12414422498522915,False,False,False
2026-08-07,WMT,111.8499984741211,19,3,False,-0.02411232861800039,-0.05299984556990178,0.17218613100459024,-0.17246230065413193,False,True,False
2026-08-07,AQN,5.739999771118164,18,3,False,-0.01940689766358683,-0.06407960642493826,0.07894729058356886,-0.1926864045949127,False,True,False
2026-08-07,ATAT,35.310001373291016,18,2,False,0.06575639608065575,-0.04698796171664066,0.14735992886999494,-0.18212769326345835,False,True,False
2026-08-07,BCE,22.75,18,3,False,0.0038742889550062998,-0.047828315588918646,0.0900814128014984,-0.14215687755239126,True,False,False
2026-08-07,BIRK,38.45000076293945,18,0,False,-0.11378983290998324,-0.05324597034182066,0.23553983695479297,-0.2817111593544389,False,True,False
2026-08-07,BKV,24.459999084472656,18,2,False,-0.04221914136736293,-0.1029219542927774,0.25051123478106874,-0.25449563972330946,False,False,False
2026-08-07,BOOT,163.60000610351562,18,2,False,0.0061612369006678325,-0.060409972167100645,0.22841278796125253,-0.22187868678470568,False,False,False
2026-08-07,GGAL,46.18000030517578,18,2,False,-0.08962590584696872,-0.057345166268210734,0.7837003242124396,-0.26135636648989824,False,True,False
2026-08-07,GIB,74.73999786376953,18,2,False,0.10636757689741305,-0.030400867504263407,0.25339588336404995,-0.23382885160839828,False,False,False
2026-08-07,GLL,22.90999984741211,18,1,False,-0.09168041771733593,-0.016343474273127878,0.4685896978967692,-0.4883876625292789,False,True,False
2026-08-07,GO,9.90999984741211,18,3,False,0.04973252640083792,0.050594988096062554,0.752431384568943,-0.4894384376446357,False,True,False
2026-08-07,GPGI,14.989999771118164,18,2,False,0.06413185098948593,-0.16852257437294338,0.33600707792921436,-0.440253943735211,False,True,False
2026-08-07,JBS,14.229999542236328,18,3,False,0.1420362114858782,-0.016382138633061705,0.2384682180765194,-0.23699732797325745,False,True,False
2026-08-07,LCII,108.80000305175781,18,3,False,0.07455307342235629,-0.07602494272126048,0.2901695800947084,-0.318551919352246,True,True,False
2026-08-07,LUMN,6.239999771118164,18,1,False,-0.17423182749143984,-0.2252056772733293,0.7190081472157834,-0.4778242786012319,True,False,False
2026-08-07,MCHI,56.56999969482422,18,2,False,0.05124859719906438,-0.03395997553547503,0.13412186213815924,-0.16030878152674177,False,True,False
2026-08-07,MPT,4.699999809265137,18,0,False,-0.007727103551878223,-0.06976748312273928,0.1898733550702667,-0.27357033049827717,False,True,False
2026-08-07,OTEX,24.940000534057617,18,1,False,0.07871040932479234,-0.0715975268172756,0.2608695484472803,-0.37493735387750105,False,True,False
2026-08-07,PINS,23.68000030517578,18,3,False,0.07263866341291592,0.04405489340399216,0.7109826621459931,-0.4054732810302575,False,True,False
2026-08-07,RUM,6.385000228881836,18,1,False,-0.05290946969469679,-0.006144434570032664,0.3820347158102073,-0.39421249981112005,True,True,False
2026-08-07,SOFI,18.3799991607666,18,1,False,0.05403200370193062,-0.12807008802305575,0.2352149878634049,-0.43843570370209795,False,True,False
2026-08-07,SRE,83.87999725341797,18,3,False,-0.07951832713912521,-0.08593101964998817,0.06217545848824946,-0.16983376392143623,False,False,False
2026-08-07,TSLX,19.100000381469727,18,2,False,0.1102069498098881,-0.013490879563317404,0.19077302314741051,-0.2295280485646798,False,True,False
2026-08-07,DOLE,13.829999923706055,18,3,False,-0.018271657576761857,-0.05131020221321081,0.10463254137742872,-0.1653590719119945,False,True,False
2026-08-07,CSIQ,15.90999984741211,18,3,False,0.0040895590537657345,-0.15018401773720236,0.6907545276727711,-0.5400404805658324,False,True,False
2026-08-07,DSL,10.84000015258789,18,1,False,-0.0001291270125145516,-0.026912500712577225,0.03336514672129676,-0.14443566793105667,False,True,False
2026-08-07,SUPN,47.63999938964844,18,3,False,0.03165115429626919,-0.026192049623350644,0.183308528956595,-0.20174264165483202,False,False,False
2026-08-07,PAGS,9.140000343322754,18,2,False,0.0017316962099134248,-0.0734968060550496,0.12078487340338473,-0.25811683687276565,False,True,False
2026-08-07,HCA,413.3599853515625,18,1,False,0.06402636535695594,-0.09528638685752489,0.16771659299710406,-0.2572414812683099,False,True,False
2026-08-07,NIQ,11.680000305175781,18,2,False,0.190937483311441,-0.04819721360653806,0.4728878383371671,-0.3754010786821058,True,False,False
2026-08-07,TLT,82.76000213623047,18,1,False,-0.024070386588888715,-0.049264522138862565,0.010624041434441622,-0.10228875209293176,False,False,False
2026-08-07,TSN,58.040000915527344,18,3,False,-0.001122090270165077,-0.03416209150466787,0.1479430249024427,-0.16465172551354834,False,False,False
2026-08-07,OPCH,23.790000915527344,18,2,False,0.09613155922690653,-0.137652890525368,0.32093284914990616,-0.3535325704145964,False,False,False
2026-08-07,CHRW,149.34500122070312,18,3,False,-0.1848180510305838,-0.1337612231922667,0.29068362632753675,-0.28994912793913774,False,False,False
2026-08-07,JANX,15.850000381469727,18,2,False,0.054213891958392324,-0.04278911260387641,0.3077558194002066,-0.5514997081767399,True,True,False
2026-08-07,SGRY,15.529999732971191,18,3,False,0.01263015447281668,0.013495858941316774,0.3610867607937378,-0.35560168103100664,False,False,False
2026-08-07,TAC,12.430000305175781,18,0,False,-0.07763314122308462,-0.08019607333658574,0.0922671511577966,-0.3048097937023143,False,False,False
2026-08-07,CRF,7.199999809265137,18,2,False,0.008318604076158254,-0.036034913514822464,0.09756095610793869,-0.12727275039210462,False,True,False
2026-08-07,SNY,43.459999084472656,18,2,False,0.002329369811342241,-0.062141255531537376,0.06285154642175983,-0.17501900469422105,False,False,False
2026-08-07,UTES,76.54000091552734,18,1,False,-0.04436807433639711,-0.0529208521482426,0.026005395188838154,-0.1344468423716323,False,False,False
2026-08-07,ACVA,7.460000038146973,17,3,False,0.07091589080391203,0.1110366549794497,0.835178335335111,-0.4907849670718708,False,True,False
2026-08-07,ADSK,249.0800018310547,17,3,False,0.15338951184392746,-0.012522458084178845,0.3427493360164673,-0.24312496702174524,False,True,False
2026-08-07,AMT,172.5399932861328,17,1,False,-0.014882426774537771,-0.03337450252236751,0.07797073546106015,-0.19670376330668538,False,False,False
2026-08-07,ARE,49.7400016784668,17,0,False,-0.025378528717744042,-0.027079967215411505,0.2621162616353834,-0.43631003079512143,False,False,False
2026-08-07,ARVN,8.75,17,2,False,0.08206370507125693,-0.17580347413715136,0.4438944030726568,-0.39696761805810876,False,False,False
2026-08-07,BBSI,33.18000030517578,17,1,False,-0.08914217521327372,-0.03150243344069259,0.3099092145722038,-0.3317220687721132,False,False,False
2026-08-07,BIPC,39.459999084472656,17,1,False,-0.021319676581609714,-0.08905704893610134,0.1544762648377549,-0.23704566602606503,False,False,False
2026-08-07,BMI,138.86000061035156,17,1,False,0.019456762603019317,-0.0888101613506771,0.2388259893573721,-0.3193137224982766,False,True,False
2026-08-07,FEPI,41.779998779296875,17,1,False,-0.016351476245792473,-0.04540847162459738,0.10237459359384538,-0.1590177431028692,False,True,False
2026-08-07,FSK,12.4399995803833,17,2,False,0.1552319338607644,0.00020097052017220562,0.27983531261629646,-0.35343036754826684,False,False,False
2026-08-07,FSV,143.91000366210938,17,1,False,0.01883476574319931,-0.026887033901874968,0.20517543965015572,-0.3136029707695871,False,False,False
2026-08-07,IAUI,51.22999954223633,17,3,False,0.01906767835965195,-0.0795644983375422,0.07041368342891063,-0.20659749443451203,False,False,False
2026-08-07,IDXX,586.6699829101562,17,2,False,0.047685957671028234,-0.05242904426366879,0.1313663035787871,-0.23807112159850952,False,False,False
2026-08-07,IVR,7.480000019073486,17,3,False,-0.0424251714435423,-0.08009789003067003,0.05352114359790017,-0.21263157693963297,False,False,False
2026-08-07,KKR,102.80999755859375,17,1,False,0.05960194163408361,-0.03733027897182817,0.24361920691579209,-0.32406315954633347,False,False,False
2026-08-07,LPX,78.51000213623047,17,2,False,0.045968824603368263,-0.010681986827210999,0.1873865528580747,-0.236729519051457,False,False,False
2026-08-07,MORT,9.890000343322754,17,1,False,-0.007705552189119613,-0.04977850787853588,0.03128260541830197,-0.13548944876872226,False,True,False
2026-08-07,NCNO,19.170000076293945,17,2,False,0.14436830641218146,-0.021770323791109658,0.38913042111147433,-0.43484666535611416,False,True,False
2026-08-07,NOWL,6.53000020980835,17,2,False,0.26904543304534,-0.2883469596881516,0.8710602269239338,-0.734552841115923,False,True,False
2026-08-07,NRDS,9.90999984741211,17,2,False,0.11061300162713117,-0.1010909974337848,0.3519781651514131,-0.389778325918672,False,False,False
2026-08-07,OTF,11.699999809265137,17,1,False,0.10736729572050208,-0.04357850081039005,0.19999998043744993,-0.26042983344095827,False,False,False
2026-08-07,OWL,11.869999885559082,17,3,False,0.2273046742453988,0.003835198845407728,0.49308178243293477,-0.4232264368530898,False,False,False
2026-08-07,TAP,43.369998931884766,17,2,False,0.07414229447005694,-0.024460491046952693,0.14011561219973045,-0.20886539267931614,False,False,False
2026-08-07,TYG,42.59000015258789,17,3,False,-0.014065596674713188,-0.05407896095633846,0.055514294006812515,-0.1678390015898299,False,True,False
2026-08-07,WINA,368.1199951171875,17,0,False,-0.037259025696035564,-0.10228812663020759,0.13246784557312985,-0.30197015657785553,False,True,False
2026-08-07,EFX,182.55999755859375,17,1,False,0.08033256140062783,-0.042329310740769066,0.21101159242848255,-0.3284284872794214,False,True,False
2026-08-07,EQT,51.689998626708984,17,1,False,-0.006874474721283885,-0.08229437845026222,0.07822278071386402,-0.24252637390317666,False,True,False
2026-08-07,PEG,75.66000366210938,17,1,False,-0.045937684847079496,-0.06293131060636792,0.01967664115789125,-0.14653127625697182,False,False,False
2026-08-07,FNF,50.18000030517578,17,2,False,0.02358865141080546,-0.02597035697077077,0.17297806771934954,-0.1524973567056115,False,True,False
2026-08-07,WAY,24.229999542236328,17,2,False,0.14590819450620507,-0.0846656160928162,0.4038238250826509,-0.415722237062777,False,False,False
2026-08-07,CNNE,14.779999732971191,17,3,False,0.016590073520006632,0.022395139669440622,0.4130018813641918,-0.28095356295131924,False,True,False
2026-08-07,CWEN,32.650001525878906,17,3,False,-0.07518605320298777,-0.10030307081290657,0.17997836775763276,-0.21777670788349102,False,True,False
2026-08-07,AZN,161.4199981689453,17,3,False,-0.08475357327845645,-0.12538544974948318,0.10713302325269858,-0.24112644880838197,False,False,False
2026-08-07,UTI,28.950000762939453,17,4,False,-0.2975994454342129,-0.1502663472160356,0.35979330756277594,-0.43611218003706664,False,False,False
2026-08-07,UHS,173.5399932861328,17,1,False,0.1389455424374284,-0.09084911843902177,0.23886344244507485,-0.29549794180103517,False,False,False
2026-08-07,TLTW,21.360000610351562,17,1,False,-0.025556310219850276,-0.055717500843126544,0.0070722080317635605,-0.11295678247393737,False,True,False
2026-08-07,SRPT,16.780000686645508,17,0,False,-0.006489164871116282,-0.12892705727489706,0.14305179412900437,-0.3372827453044722,False,True,False
2026-08-07,SANA,3.5199999809265137,17,2,False,0.070885295908101,-0.06905398584150224,0.34865905073045145,-0.4625954384084384,True,True,False
2026-08-07,UVV,50.84000015258789,17,2,False,-0.03491320449969404,-0.04461590827943507,0.033543435087290296,-0.14381948066540196,False,True,False
2026-08-07,AB,37.119998931884766,16,2,False,0.008344894824453997,-0.04074386104550698,0.06300117062709165,-0.15846750355352324,False,True,False
2026-08-07,ADBE,265.2099914550781,16,2,False,0.15414773547764593,-0.03402901023052307,0.3949610680959996,-0.28487838556195766,False,True,False
2026-08-07,AMRC,25.649999618530273,16,1,False,-0.029761557655200388,-0.1387155075922074,0.39553867191038816,-0.42911196429314336,False,False,False
2026-08-07,ASO,48.130001068115234,16,2,False,-0.018071703915463866,-0.08274275447419777,0.16565754422193946,-0.2292417118531188,False,True,False
2026-08-07,EYE,22.549999237060547,16,3,False,0.17879523699559807,-0.06451335031258387,0.5288135075973253,-0.2488341474615554,False,True,False
2026-08-07,FWRD,19.350000381469727,16,2,False,0.436013923429889,-0.013776527223643642,1.461832067783675,-0.39531248807907104,False,True,False
2026-08-07,G,34.290000915527344,16,1,False,0.09281783210974881,-0.09933452533506792,0.27709498802064303,-0.29502464338383727,False,True,False
2026-08-07,HYT,8.40999984741211,16,1,False,-0.009562862703865083,-0.04461132923421407,0.023114303432009153,-0.14878545040502678,False,False,False
2026-08-07,IBM,237.27999877929688,16,0,False,-0.08402227175705468,-0.11903825270249058,0.19122443833040847,-0.2862900653375068,False,True,False
2026-08-07,INGR,104.33000183105469,16,2,False,0.041745733866367596,-0.04289407103523801,0.10472256600993335,-0.20041381631471933,False,True,False
2026-08-07,LBTYA,10.550000190734863,16,2,False,-0.050182738781550884,-0.07810743861333225,0.11876986737151585,-0.21967456852587064,False,False,False
2026-08-07,LOW,223.35000610351562,16,2,False,0.04054567085304983,-0.06431918187988239,0.12011039588829964,-0.23786935110835272,False,True,False
2026-08-07,MBC,9.369999885559082,16,2,False,0.04938962365424371,-0.060952885986218175,0.41862223444375624,-0.3410689374398379,False,True,False
2026-08-07,NVR,6390.14013671875,16,0,False,-0.0034683926332066406,-0.07491249463808536,0.1616303931416001,-0.2585365137852532,False,False,False
2026-08-07,NYT,63.540000915527344,16,2,False,-0.1331585170596018,-0.12740754810866617,0.17449173211939928,-0.27049366212783377,False,False,False
2026-08-07,PIPR,74.79000091552734,16,1,False,-0.020755420937061064,-0.08123778045545071,0.08868588507359632,-0.2132751381179998,False,False,False
2026-08-07,QDTE,29.690000534057617,16,1,False,-0.017287641919230934,-0.04796793570309721,0.11011402514162838,-0.1887977657963389,False,True,False
2026-08-07,RDDT,161.6999969482422,16,1,False,-0.08196358321873276,-0.0967666429652353,0.3557474763091846,-0.42852097553567814,False,False,False
2026-08-07,SBSW,10.640000343322754,16,3,False,0.13767591606747542,-0.15602775337833452,0.49859161778022365,-0.50023485740845,False,True,False
2026-08-07,SPGI,408.19000244140625,16,0,False,-0.01078831114211043,-0.05888704134769207,0.13062245150597152,-0.25488847534563064,False,False,False
2026-08-07,STRF,96.0,16,2,False,0.010736337680647079,-0.044447047297526576,0.16363636363636358,-0.19307389245202333,True,True,False
2026-08-07,WGO,32.15999984741211,16,1,False,0.07334525233130496,-0.10077298880346541,0.2000000284678909,-0.35885167573278354,False,True,False
2026-08-07,WH,73.80999755859375,16,2,False,-0.07118213784685101,-0.06119949557006943,0.06646436259169253,-0.19280407274824396,False,True,False
2026-08-07,WYNN,102.54000091552734,16,2,False,0.019756677630736075,-0.06459655849995616,0.10830095802010442,-0.23886579582535306,False,False,False
2026-08-07,CMG,32.790000915527344,16,0,False,-0.0055258409978228284,-0.056449012255024966,0.1694008503890474,-0.25931780943144467,False,False,False
2026-08-07,DPZ,350.95001220703125,16,1,False,0.09884918544250643,-0.05435966814566817,0.24450358938663563,-0.25170573090185233,False,True,False
2026-08-07,BNTX,93.66999816894531,16,2,False,0.025061289327708014,-0.043147262764618,0.17794268263607482,-0.2445967889601185,False,False,False
2026-08-07,CTRI,23.850000381469727,16,2,False,-0.154692947730507,-0.15340120143441205,0.25262601022354847,-0.4451552857317811,False,False,False
2026-08-07,LADR,9.760000228881836,16,1,False,-0.020355699116675674,-0.061975884449680385,0.04051173878515102,-0.18120803973045585,False,False,False
2026-08-07,LMND,52.939998626708984,16,1,False,-0.12296980198601393,-0.19285740438518595,0.16736494835648363,-0.47007009191090976,False,False,False
2026-08-07,SLVM,41.06999969482422,16,1,False,0.05771458648651184,-0.05799404392768326,0.15592460191007573,-0.2769366153789119,False,True,False
2026-08-07,TLN,347.7099914550781,16,1,False,-0.06827773553474514,-0.046208611484845896,0.15345820990140235,-0.2295027645904394,False,False,False
2026-08-07,EDV,60.349998474121094,16,1,False,-0.03993308389322159,-0.07503839785936417,0.021150592762660736,-0.15369512634560223,False,False,False
2026-08-07,VFC,14.989999771118164,16,2,False,-0.09892040417115944,-0.15159028826465437,0.28669530145523336,-0.32689719519550275,False,False,False
2026-08-07,CHDN,87.86000061035156,16,1,False,0.01309202040900459,-0.07633289186721448,0.10654910480971824,-0.2576256717944665,False,False,False
2026-08-07,GRRR,13.149999618530273,16,1,False,-0.16821640501897417,-0.04332503766888751,0.45464598163944836,-0.4401873245354948,False,True,False
2026-08-07,ICE,150.3000030517578,16,2,False,0.07252497215203424,-0.027748606440978762,0.23409148470246577,-0.20623185525755727,False,False,False
2026-08-07,TEM,52.04999923706055,16,1,False,0.017814182023291547,-0.10753286845766119,0.2766739919707033,-0.5010544537066082,False,True,False
2026-08-07,CME,263.6600036621094,16,3,False,0.052108216145739794,-0.053280174407801195,0.2077321543249242,-0.19899136976325138,False,True,False
2026-08-07,CRM,192.74000549316406,16,2,False,0.11958941565238601,-0.053807146342020884,0.3172498349189319,-0.2837872394761922,False,True,False
2026-08-07,ALG,168.74000549316406,15,2,False,0.05114705336396885,-0.02194590305879096,0.15765650282904198,-0.2766941988540308,False,True,False
2026-08-07,ASTE,44.25,15,2,False,-0.18104692707533399,-0.15013348416373884,0.12167298210979549,-0.32638151384649694,False,False,False
2026-08-07,BSY,35.209999084472656,15,1,False,0.09333562535941509,-0.040511242725616015,0.2540513411493166,-0.3849781819306086,False,False,False
2026-08-07,CAG,15.109999656677246,15,1,False,0.08045875962639393,-0.05870775566742403,0.2059058243167471,-0.25639764352329353,False,True,False
2026-08-07,EVLV,6.130000114440918,15,1,False,0.04283625562967486,-0.0167102929313534,0.26002063778761664,-0.31200895404938045,False,True,False
2026-08-07,GOVZ,33.875,15,1,False,-0.04601112684783315,-0.08414571844911234,0.016626177746740023,-0.17418333442293688,False,False,False
2026-08-07,GXO,48.22999954223633,15,1,False,-0.04725218987790336,-0.09868999823558045,0.062334755974496225,-0.2785340217934773,False,False,False
2026-08-07,IEP,7.454999923706055,15,1,False,-0.00017435959365308396,-0.04389675805527482,0.052966102265676884,-0.21691181037429308,False,False,False
2026-08-07,KT,18.5,15,3,False,0.02118545677086292,-0.0658995249458929,0.07997670206377805,-0.24735557130096775,False,False,False
2026-08-07,KTOS,60.77000045776367,15,2,False,0.15380527410660405,-0.1820638117386585,0.41030402048197634,-0.546492533897286,False,True,False
2026-08-07,MATW,23.700000762939453,15,4,False,-0.11367407502607707,-0.09604948129349189,0.07972664870949409,-0.233753620139036,False,False,False
2026-08-07,MCD,274.4800109863281,15,2,False,0.0020744307464017897,-0.08396525164132707,0.051808782855426116,-0.19683976302464334,False,False,False
2026-08-07,MKC,52.959999084472656,15,1,False,0.05745729091227236,-0.0903915034876892,0.1816153379088139,-0.2703224338882181,True,True,False
2026-08-07,NOG,21.600000381469727,15,2,False,0.0654039776702744,-0.0814744732193462,0.2572759020826292,-0.30702597598331716,False,True,False
2026-08-07,OXM,36.9900016784668,15,1,False,-0.05084236942321818,-0.04533801200036769,0.2100098805277235,-0.28327841036592416,False,True,False
2026-08-07,PHR,12.510000228881836,15,2,False,0.21851443067641285,-0.06494553205324105,0.6100386434479905,-0.6181318415801325,False,True,False
2026-08-07,PTY,11.84000015258789,15,1,False,-0.00025330710624571484,-0.05447923611779648,0.02245252423098676,-0.19400949688257552,False,False,False
2026-08-07,UBER,75.0199966430664,15,1,False,0.04562149893933709,-0.03852258356121452,0.14691931574564165,-0.26443770747723316,False,False,False
2026-08-07,URNM,54.529998779296875,15,2,False,0.018376698859673857,-0.10670554335804072,0.2518364798016779,-0.3580929871896219,False,True,False
2026-08-07,WLK,77.47000122070312,15,2,False,-0.01604654687440865,-0.11241822536465207,0.37528845557384605,-0.37639862249605804,False,False,False
2026-08-07,XYL,120.31999969482422,15,2,False,0.03658903611242259,-0.057932238560818416,0.14274858627226372,-0.22006873428016882,False,False,False
2026-08-07,ZROZ,59.02000045776367,15,1,False,-0.045209381357704026,-0.08365419831630849,0.021814442050645422,-0.17130020435036164,False,True,False
2026-08-07,CIM,11.970000267028809,15,2,False,-0.08132250199494218,-0.07929448994885557,0.044502637625147834,-0.1955645043703984,False,False,False
2026-08-07,CMCSA,25.360000610351562,15,3,False,0.06726822489618267,-0.05762685256077804,0.19172931353646527,-0.22824101828036325,False,True,False
2026-08-07,CTSH,57.66999816894531,15,2,False,0.20196913420813511,-0.09609853426204251,0.5552857422096027,-0.3373549468247937,False,True,False
2026-08-07,CSR,56.68000030517578,15,1,False,-0.008872580758794713,-0.0892796655084599,0.06943396802218449,-0.18574917672465852,False,True,False
2026-08-07,PAC,222.6999969482422,15,1,False,-0.04471851300069307,-0.09228455369885757,0.07631333916516847,-0.2586798234631117,False,False,False
2026-08-07,BBWI,20.360000610351562,15,2,False,0.005045001067252031,-0.009231250352294773,0.42577037752614344,-0.3700494801176607,True,True,False
2026-08-07,VNDA,5.0,15,2,False,-0.13852515308374735,-0.2332287969041612,0.20772950754813668,-0.4969818701131985,False,False,False
2026-08-07,CRUS,124.91999816894531,15,3,False,-0.16350269223466452,-0.1144498569560155,0.2660383144535392,-0.30761556680667845,False,False,False
2026-08-07,RFIX,36.810001373291016,15,1,False,-0.03725840476522191,-0.061806904157932774,0.04248088195019495,-0.19611267444179536,True,True,False
2026-08-07,PEP,139.02000427246094,15,2,False,-0.010992728038243804,-0.06954078428734478,0.03955738214259519,-0.1892931669222404,False,True,False
2026-08-07,INR,12.979999542236328,15,1,False,-0.0003850920008771075,-0.11210832823557304,0.16621737724827867,-0.33724788618820467,False,True,False
2026-08-07,RCAT,9.210000038146973,15,2,False,-0.08116843398431361,-0.16299168477653836,0.5961871869309925,-0.509584680436342,False,True,False
2026-08-07,T,23.790000915527344,15,3,False,0.048756877955620004,-0.053268056331849056,0.19607851410536625,-0.20140986289371476,False,True,False
2026-08-07,TRI,101.83000183105469,15,2,False,0.1405255756019641,-0.04152917248566779,0.33495022890184334,-0.44349106892164525,False,False,False
2026-08-07,DJT,10.210000038146973,15,2,False,0.1588840220129013,-0.044671654791785476,0.46695402042918355,-0.46178173918228127,False,True,False
2026-08-07,ORC,6.559999942779541,15,1,False,-0.02074936798469429,-0.08439352326137173,0.03961965170634785,-0.21904759039413768,False,False,False
2026-08-07,ORN,10.3100004196167,15,4,False,-0.24081762071031287,-0.14942060800928547,0.6009317279519644,-0.40747122726158114,False,False,False
2026-08-07,AGO,75.43000030517578,14,2,False,-0.058657032367855466,-0.0979975454201979,0.03669596056286806,-0.18365801883618216,False,True,False
2026-08-07,AQST,3.940000057220459,14,1,False,-0.037474939343864366,-0.14606788901242274,0.3447098865021807,-0.4781457009689204,False,False,False
2026-08-07,BABA,128.41000366210938,14,2,False,0.12825823509533052,-0.08336742158712118,0.3959126714218997,-0.33352361611841963,False,True,False
2026-08-07,BIDU,109.70999908447266,14,1,False,-0.041932803827696485,-0.1244521419064496,0.2961956507042498,-0.33629765844516724,False,True,False
2026-08-07,BKCH,65.2300033569336,14,0,False,-0.1337984217366328,-0.1296609835626208,0.27927046890999385,-0.4726331791622852,False,True,False
2026-08-07,BULL,7.320000171661377,14,2,False,0.05066745423072705,-0.0006962150579519211,0.6266667048136394,-0.5714285594637715,False,True,False
2026-08-07,EXE,92.83999633789062,14,1,False,0.03164263422303604,-0.09267271185002324,0.09242802460581845,-0.2667883311075585,False,True,False
2026-08-07,FCN,151.42999267578125,14,2,False,-0.027245894725229203,-0.08686486690948991,0.10010896760126053,-0.20005287778903136,False,False,False
2026-08-07,HLNE,101.02999877929688,14,2,False,0.20415439633871113,-0.06788898109781283,0.4055370428452929,-0.3729907793847923,False,True,False
2026-08-07,HUN,10.119999885559082,14,3,False,-0.1795437312056667,-0.14403766531144635,0.3863013179648067,-0.3710379248236739,False,True,False
2026-08-07,LBTYK,10.239999771118164,14,2,False,-0.047601355117644406,-0.08915437606942689,0.10107522162416482,-0.21951220575930608,False,False,False
2026-08-07,LOPE,152.52999877929688,14,1,False,0.0355985637484606,-0.06607548769159433,0.13599459243169987,-0.31613162046853327,False,True,False
2026-08-07,META,592.0999755859375,14,0,False,-0.012767198633649612,-0.062086922153737456,0.1380847354627086,-0.25638935562205656,False,False,False
2026-08-07,MQ,15.960000038146973,14,0,False,-0.030023092144941033,-0.07473432988139161,0.07837836705828538,-0.4332386319379299,False,False,False
2026-08-07,NVOX,14.994999885559082,14,1,False,-0.02705053365496979,-0.13496457369266812,0.6245937843162619,-0.5834722254011366,False,False,False
2026-08-07,RDY,12.220000267028809,14,1,False,-0.07066587711844519,-0.10361596030403508,0.07570428136818363,-0.22016590890030696,False,False,False
2026-08-07,SBAC,184.02999877929688,14,2,False,-0.02159894284118624,-0.05157655322668997,0.13311984871429128,-0.18328674706497028,False,False,False
2026-08-07,SPDN,8.430000305175781,14,1,False,-0.031857922473123246,-0.08749194944453498,0.005966609791412836,-0.17996103850682799,False,False,False
2026-08-07,STZ,135.75999450683594,14,2,False,-0.005379024359416951,-0.06447582390700302,0.07362592157597647,-0.22120245064965394,True,True,False
2026-08-07,TNC,73.88999938964844,14,4,False,-0.14336593426600885,-0.05555833458188386,0.22781653398053447,-0.19623627603220695,False,False,False
2026-08-07,TW,102.62000274658203,14,2,False,0.02704219862097701,-0.05832107129769171,0.1225115379781454,-0.26336943116074574,False,False,False
2026-08-07,UNCY,5.070000171661377,14,3,False,-0.17898723133056638,-0.20479005516066195,0.3665768516255006,-0.41990843198697936,True,True,False
2026-08-07,URA,44.90999984741211,14,2,False,0.026251561182629057,-0.08200153201168758,0.2601010273994595,-0.27890172242037525,False,False,False
2026-08-07,CTA,25.8700008392334,14,2,False,-0.05045400646432174,-0.09098412966522906,0.01890513828766216,-0.2103173942402493,False,False,False
2026-08-07,CGBD,11.020000457763672,14,2,False,0.03977963802779305,-0.04885202285463619,0.10809459989213743,-0.2148200514732722,False,True,False
2026-08-07,PDYN,5.989999771118164,14,2,False,-0.01792013027898165,-0.05481374187974275,0.44685989475719823,-0.44164802891745425,False,True,False
2026-08-07,BRSP,5.119999885559082,14,2,False,-0.05202742419128803,-0.09328376518136672,0.055670100254768595,-0.1695052851192309,False,False,False
2026-08-07,CONI,48.912200927734375,14,3,False,-0.058779166334606336,-0.13783352347512223,0.7214725915553186,-0.6546967664292407,False,True,False
2026-08-07,NICE,101.8499984741211,14,1,False,0.07856756788882002,-0.05172941165561562,0.22563177309611038,-0.34866021836355365,False,False,False
2026-08-07,OCUL,9.1899995803833,14,2,False,0.006108861249556341,-0.08306543908013742,0.4751203133623778,-0.4409976105934418,False,True,False
2026-08-07,SUZ,8.220000267028809,14,2,False,0.0064402733463149175,-0.10214956885703641,0.08802123809398177,-0.2873861832886825,False,True,False
2026-08-07,HE,12.399999618530273,14,2,False,-0.0670238332502795,-0.09778815104143579,0.16981124266817904,-0.28653623605909706,False,True,False
2026-08-07,LAZ,44.20000076293945,14,2,False,0.015573674942398696,-0.06668650053791392,0.14300498722120736,-0.24765956148188162,False,True,False
2026-08-07,SNN,30.110000610351562,14,1,False,-0.010613462206365498,-0.07614655378351465,0.0542717497686771,-0.22376901521807502,False,False,False
2026-08-07,PBH,54.849998474121094,14,2,False,0.124026055669618,-0.049589453253313986,0.28695447791498774,-0.24749624182448982,False,True,False
2026-08-07,CG,47.790000915527344,14,1,False,0.06567540839818675,-0.07269603494113308,0.20681825143903687,-0.3158195854043836,False,False,False
2026-08-07,CRH,100.4800033569336,14,1,False,-0.03911987254016702,-0.11477446189626705,0.06757331518015208,-0.2361839526723527,False,False,False
2026-08-07,RBA,94.72000122070312,14,4,False,-0.13248313894305996,-0.09740875157923834,0.026441292519324033,-0.20789429862590514,False,False,False
2026-08-07,VICI,26.739999771118164,14,1,False,-0.008550062591820562,-0.055088625558242454,0.03583185039412262,-0.211558335566025,True,False,False
2026-08-07,AGCO,102.83000183105469,13,2,False,-0.09618750021500377,-0.10385455051035664,0.036488285253382324,-0.2848101077751479,False,False,False
2026-08-07,AMR,151.9499969482422,13,1,False,-0.09102548496656249,-0.1769079369994908,0.2275811798897589,-0.40134744084950014,True,False,False
2026-08-07,AMRZ,46.63999938964844,13,2,False,-0.1010161823345892,-0.13661847519385684,0.05711696552065204,-0.2926903599815247,False,False,False
2026-08-07,BAH,76.05000305175781,13,1,False,0.0910452861365243,-0.05004349455003254,0.2781513117942489,-0.33569181672152903,False,True,False
2026-08-07,BEPC,33.7400016784668,13,0,False,-0.0609099825067585,-0.13982547341307472,0.060339472094805835,-0.2532093525771497,False,False,False
2026-08-07,BR,166.5,13,1,False,0.1198758113976428,-0.08475649638474503,0.24411565211055963,-0.3876650444722062,False,True,False
2026-08-07,FIZZ,32.130001068115234,13,1,False,-0.03968004137772618,-0.05746165488528332,0.07064314638668656,-0.31623749903293086,True,True,False
2026-08-07,GLDI,147.96389770507812,13,2,False,0.009416606172218511,-0.10809167672678488,0.06910335426565872,-0.1941403125471357,True,False,False
2026-08-07,IGLD,21.6299991607666,13,1,False,0.004896687819250456,-0.12491330243116616,0.06973293250711743,-0.2889546644800083,False,True,False
2026-08-07,IMXI,12.1899995803833,13,2,False,-0.12683464298335345,-0.1933216048203944,0.3264417994538009,-0.23573669428495558,False,False,False
2026-08-07,IRTC,127.83999633789062,13,1,False,0.1116347432762721,-0.08913611916494457,0.2676754208078673,-0.3969811493495725,False,False,False
2026-08-07,KC,12.329999923706055,13,3,False,0.15983745050562792,-0.023691132384188185,0.4766466299892298,-0.334233281914566,False,False,False
2026-08-07,KRMN,58.22999954223633,13,3,False,0.1602282516423148,-0.21408678927434555,0.3330738734848977,-0.5081094704067071,False,True,False
2026-08-07,LRN,82.51000213623047,13,3,False,-0.07311086551730772,-0.017151286017958456,0.361326535313359,-0.5179645789632314,False,False,False
2026-08-07,MELI,1820.68994140625,13,1,False,0.04174793158399992,-0.035337361058185635,0.21785280361622084,-0.2855836996640181,True,False,False
2026-08-07,MOS,23.059999465942383,13,1,False,0.038299076958819844,-0.07351235727470629,0.16464648255036018,-0.3765883098251809,False,True,False
2026-08-07,PDI,16.079999923706055,13,1,False,-0.020575236656629525,-0.07915647141573712,0.01643490732600328,-0.20277640739302327,False,False,False
2026-08-07,POOL,206.30999755859375,13,1,False,0.043355553653712464,-0.07596909421188014,0.19475333744051748,-0.3862561317727531,False,True,False
2026-08-07,PTC,147.7100067138672,13,2,False,0.1657420264484939,-0.032125706446296864,0.36138255035822286,-0.32131038812669344,False,True,False
2026-08-07,RMD,211.94000244140625,13,1,False,0.057831877495737594,-0.08152852573313263,0.17568090873886666,-0.27864945303932476,False,False,False
2026-08-07,STWD,16.450000762939453,13,1,False,-0.012427159037387114,-0.06850846678695566,0.060606094144808775,-0.21065256034095048,False,False,False
2026-08-07,CPB,23.049999237060547,13,1,False,0.04290145927386302,-0.0727089045698418,0.17842535104333246,-0.3254316513833162,False,True,False
2026-08-07,DOG,21.049999237060547,13,1,False,-0.03558047343461035,-0.08797275609558541,0.013480923116311994,-0.18442465429582433,False,False,False
2026-08-07,TPB,86.86000061035156,13,2,False,0.052815313313573586,-0.09283173497032493,0.3200607383259253,-0.4087133817612071,False,False,False
2026-08-07,SVC,8.229999542236328,13,1,False,-0.02189161653561511,-0.09756797721131016,0.4566370625346181,-0.4531561835259703,False,True,False
2026-08-07,PWP,17.5,13,2,False,0.09362696936476356,-0.0492308261435519,0.24025516837759175,-0.3249758721310496,False,False,False
2026-08-07,NMRK,14.8100004196167,13,0,False,-0.02025638890593462,-0.0733078341239849,0.10853299402704342,-0.2533399998384499,False,False,False
2026-08-07,NAVI,9.079999923706055,13,1,False,0.08306693525588793,-0.08180343298384596,0.2387448865231636,-0.3453496756579063,False,False,False
2026-08-07,XP,16.239999771118164,13,1,False,-0.0023344550514911022,-0.10431998778798668,0.09729726769090008,-0.297881523546933,False,True,False
2026-08-07,SARK,27.029499053955078,13,2,False,-0.03960643411686049,-0.08883158336882302,0.04789867404740722,-0.24223435824319017,False,True,False
2026-08-07,CE,43.88999938964844,13,2,False,-0.09176317891649644,-0.12543502685500718,0.24935946641584272,-0.37920790262863413,False,False,False
2026-08-07,TKC,5.5,13,2,False,-0.04900231409071931,-0.09176478241945318,0.03969755003049413,-0.23398326859394336,False,False,False
2026-08-07,MLM,548.5700073242188,13,1,False,-0.04527880218943836,-0.09975610651727573,0.04792929585005701,-0.22842028506252976,False,False,False
2026-08-07,SH,32.06999969482422,13,1,False,-0.03297009183439015,-0.09116414890572655,0.005644412311723412,-0.18313802684921243,False,True,False
2026-08-07,PRME,3.0799999237060547,13,0,False,-0.058852314042597165,-0.15471120539957262,0.1535579908975897,-0.5561959800704056,True,True,False
2026-08-07,NAMS,27.959999084472656,13,0,False,-0.11130890663673298,-0.16778038759821734,0.2560646359830312,-0.33751930170751643,False,True,False
2026-08-07,YELP,25.559999465942383,13,2,False,0.030578655629285523,-0.03858271836293836,0.30408158002422137,-0.262124713732514,False,True,False
2026-08-07,NAIL,45.029998779296875,13,2,False,0.05596643087866737,-0.10927812756688338,0.5197435050528647,-0.545179077244405,False,True,False
2026-08-07,ICL,5.309999942779541,13,1,False,-0.00307901587385373,-0.032513743021057806,0.1155461528259012,-0.23816354338318646,True,True,False
2026-08-07,AGQ,76.86000061035156,12,2,False,-0.003947398891746889,-0.38542187604921774,0.5474129946396089,-0.8218647869077773,False,True,False
2026-08-07,ARX,12.460000038146973,12,1,False,-0.07319250307571323,-0.07640420188022867,0.3572984339795602,-0.5911402827832857,False,False,False
2026-08-07,BBUC,29.3799991607666,12,1,False,-0.06548003962132665,-0.12627915545989998,0.04425089467768051,-0.23189544677734375,False,True,False
2026-08-07,BKE,45.939998626708984,12,1,False,0.04776281165953944,-0.09845116429938605,0.12791552032967668,-0.25530880775836107,False,True,False
2026-08-07,CATX,3.0,12,2,False,-0.043611328933918725,-0.14334665712735906,0.5306122151080499,-0.5129870009233302,False,True,False
2026-08-07,CAVA,62.41999816894531,12,3,False,-0.14880272923330895,-0.11753647816871815,0.43791749339677755,-0.36815469591584515,True,False,False
2026-08-07,FLNC,13.194999694824219,12,1,False,-0.28915060351832833,-0.2979534666112402,0.9986366589100582,-0.6062369335797537,True,True,False
2026-08-07,GAP,20.469999313354492,12,1,False,0.0026351329120395395,-0.15299300065806998,0.1303146672261275,-0.302792953412361,True,True,False
2026-08-07,GIS,36.88999938964844,12,1,False,0.03968207602099705,-0.09290864550094868,0.16188974455585625,-0.28131700616207733,False,True,False
2026-08-07,GPK,12.100000381469727,12,2,False,0.11323744174858441,-0.02979566437323755,0.37656432696035136,-0.4844482004486129,False,False,False
2026-08-07,GPOR,162.75999450683594,12,1,False,0.00865121254172685,-0.13826927279564705,0.091030986042268,-0.2791212889236654,False,True,False
2026-08-07,HSAI,19.219999313354492,12,3,False,0.12446318144244306,-0.10591659057244918,0.34499645658936573,-0.3769854432514328,False,True,False
2026-08-07,IONS,56.560001373291016,12,1,False,-0.1604272456868816,-0.24306649662127722,0.4129403721726641,-0.34793632964895904,True,True,False
2026-08-07,JBTM,123.12000274658203,12,0,False,-0.0807137925432807,-0.12118344406670856,0.08313543353446162,-0.27657323591043304,False,False,False
2026-08-07,KWEB,28.65999984741211,12,1,False,0.081966718045003,-0.09482970195138751,0.23374947964605264,-0.3390983803041465,False,True,False
2026-08-07,LEN.B,86.4800033569336,12,1,False,0.008762554796959865,-0.10986356406099951,0.10843382565845094,-0.3705509590136197,False,False,False
2026-08-07,MARA,10.09000015258789,12,1,False,-0.21494482433196072,-0.1265165692910839,0.5150150726367635,-0.56972282199094,False,True,False
2026-08-07,MAT,14.789999961853027,12,1,False,0.03901760437126467,-0.12715555404208512,0.16182250539616372,-0.3420818388334492,False,True,False
2026-08-07,MBLY,8.729999542236328,12,1,False,-0.03723151421882587,-0.0981172473100782,0.3493044552290061,-0.4478178804217906,False,True,False
2026-08-07,OTIS,73.98999786376953,12,2,False,0.02582657629702534,-0.0968265867553989,0.06983796914265294,-0.21757525560669522,False,True,False
2026-08-07,PKX,57.77000045776367,12,3,False,0.024051118160602902,-0.04079565047289968,0.28406308740845554,-0.3747835551541224,False,True,False
2026-08-07,PSQ,25.530000686645508,12,1,False,-0.0157905005011324,-0.11713594280165973,0.022836603488797458,-0.2392729546500032,False,False,False
2026-08-07,STRD,66.0,12,3,False,0.050129357710345435,-0.09149661499286343,0.346938775510204,-0.23963136313895084,True,True,False
2026-08-07,THO,79.55000305175781,12,1,False,0.043886580993099944,-0.127535515151174,0.14115627738513248,-0.35235690087203553,False,True,False
2026-08-07,URNJ,24.309999465942383,12,2,False,0.013753838691270559,-0.14235376918642373,0.249871388810601,-0.4043127015954333,False,True,False
2026-08-07,VIV,12.010000228881836,12,2,False,-0.09288657928081223,-0.13954302974961297,0.044347845989724854,-0.3041714907520666,False,False,False
2026-08-07,OPEN,3.484999895095825,12,1,False,-0.21599066622507423,-0.3651054114107041,1.0499998807907138,-0.6793928305624284,False,True,False
2026-08-07,ROBN,24.510000228881836,12,1,False,-0.15737868994088977,-0.39038039212135434,0.6915114296782663,-0.8008288581574882,False,True,False
2026-08-07,WMG,26.389999389648438,12,0,False,-0.06338397370069904,-0.09207416167179827,0.13067691590063557,-0.25494069017806953,False,False,False
2026-08-07,CEG,269.8900146484375,12,1,False,0.03438910945262985,-0.11501141021956995,0.18046629438149808,-0.34603826831716455,False,True,False
2026-08-07,TMDX,83.88999938964844,12,2,False,0.14185145255962528,-0.22496108611693033,0.39572414988038007,-0.4622435936560998,False,False,False
2026-08-07,PLTY,38.130001068115234,12,2,False,0.21247006710462046,-0.09254146389808637,0.46316200497037796,-0.5163622166508157,False,False,False
2026-08-07,PAHC,34.290000915527344,12,2,False,0.03911296891885918,-0.1940696111827518,0.2959184467867013,-0.4292609875087716,False,True,False
2026-08-07,GDXU,130.42999267578125,12,3,False,0.3274209479071952,-0.37958444716717965,1.0237393149998995,-0.7588113731837194,False,False,False
2026-08-07,DRVN,13.329999923706055,12,1,False,-0.04971021437263079,-0.04955267807735908,0.3602040473742574,-0.32472137394807166,False,True,False
2026-08-07,NVDY,13.0,12,1,False,0.023638169436541734,-0.06531640662722027,0.12349839154515929,-0.278979506105684,False,True,False
2026-08-07,ASR,276.67999267578125,12,1,False,-0.03925954127152176,-0.12403857496919057,0.06822123564315374,-0.2747955529379449,False,False,False
2026-08-07,CNM,46.54999923706055,12,0,False,-0.0063482902643898775,-0.0799122585399954,0.1116417728253265,-0.3070854566001815,False,True,False
2026-08-07,SAM,186.61000061035156,12,2,False,0.04829187560405246,-0.09497763412742533,0.17601467874804833,-0.29437341511050596,False,True,False
2026-08-07,PAX,11.529999732971191,12,1,False,0.03175807744460801,-0.13119160035630395,0.09289095019135396,-0.35224717824902385,False,False,False
2026-08-07,AMZD,7.985000133514404,11,0,False,-0.1267936944720256,-0.18467119213954208,0.045157103803394216,-0.32158030391176606,False,True,False
2026-08-07,BFAM,73.37999725341797,11,1,False,0.041370980320134976,-0.12152798257180475,0.27329508751331066,-0.40941652109925175,False,True,False
2026-08-07,BTAL,11.920000076293945,11,1,False,0.01953539626376588,-0.10904150558436654,0.09760593491040859,-0.31336407504581587,False,False,False
2026-08-07,BV,11.449999809265137,11,3,False,-0.14503749682438494,-0.10721597122479631,0.09884834217175253,-0.2762326150353088,False,False,False
2026-08-07,BWXT,169.89999389648438,11,1,False,-0.08166434105488174,-0.13572832953421843,0.08147668552307152,-0.29741134417925996,False,True,False
2026-08-07,GGLS,56.808101654052734,11,0,False,-0.01235287591418488,-0.12085177040014583,0.12158144013139727,-0.49503909640842014,False,True,False
2026-08-07,GOF,10.65999984741211,11,0,False,-0.011406854060436622,-0.09217105422928284,0.028957548327861904,-0.2968337760747519,False,True,False
2026-08-07,GOOY,12.65999984741211,11,1,False,-0.04322854896368489,-0.10261931956379089,0.08576329443279929,-0.2067669287498327,False,True,False
2026-08-07,IE,11.020000457763672,11,2,False,0.07642420638625569,-0.18434713104395895,0.40292812616230944,-0.4886310511411964,False,True,False
2026-08-07,INFY,12.529999732971191,11,1,False,0.07764550205377985,-0.14170441459841354,0.21650480591663235,-0.5823333422342936,False,False,False
2026-08-07,LDOS,137.57000732421875,11,2,False,0.2032839223209859,-0.13169516236122059,0.3915638931304426,-0.3314379916031799,False,False,False
2026-08-07,MNDY,93.12999725341797,11,2,False,0.15054281614990228,-0.106206933433043,0.6196521261463994,-0.6472348588885684,False,False,False
2026-08-07,PTLO,4.429999828338623,11,1,False,-0.0037556328111748583,-0.11763977111789836,0.17350985865536472,-0.46041415252678974,True,False,False
2026-08-07,RWT,4.730000019073486,11,1,False,-0.0472545585324009,-0.13443678593272368,0.1288782707586047,-0.32137730825621336,False,True,False
2026-08-07,SHNY,9.65999984741211,11,3,False,0.08244994105935421,-0.2681177067742674,0.41663003036471724,-0.6419039180190782,False,False,False
2026-08-07,TGLS,44.13999938964844,11,0,False,-0.011647971302945148,-0.06491075544218483,0.17643920178884076,-0.470235243023046,False,False,False
2026-08-07,TMUS,177.19000244140625,11,0,False,-0.027425717302055785,-0.10411484548268102,0.06960037742613001,-0.3225645966688283,False,True,False
2026-08-07,VYX,8.25,11,2,False,0.05060744053892674,-0.04466343143078666,0.3704318980297199,-0.40303906062387695,False,True,False
2026-08-07,ZS,168.67999267578125,11,2,False,0.1925044502500206,-0.09548816492313461,0.47158117928707743,-0.49945102951436304,False,True,False
2026-08-07,CHWY,23.530000686645508,11,2,False,0.1303153505738437,-0.12558109554677255,0.35229891968428784,-0.4590804439851608,False,True,False
2026-08-07,DUOL,130.89999389648438,11,2,False,0.046026728512534865,-0.07624934843616504,0.48936164302558405,-0.7202991583408453,False,False,False
2026-08-07,PRGO,12.84000015258789,11,3,False,0.2063134221303271,0.017142503915598573,0.3911160118515995,-0.4782608763046078,False,True,False
2026-08-07,SUPV,8.600000381469727,11,2,False,-0.12126533572678422,-0.14175078898302707,0.8942732276939462,-0.3653136339178664,False,True,False
2026-08-07,HWKN,129.91000366210938,11,1,False,-0.112320074406707,-0.11697961370186272,0.10111883341012518,-0.3021219021132461,False,False,False
2026-08-07,LAND,8.34000015258789,11,1,False,-0.04289744825609243,-0.1381759931117813,0.053030312152531955,-0.35846152672400844,False,False,False
2026-08-07,NLR,117.81999969482422,11,1,False,0.008187344804078789,-0.11694981358223444,0.15600472735019721,-0.2991910354702415,False,True,False
2026-08-07,VST,140.58999633789062,11,0,False,-0.09356893396537358,-0.1337211538514379,0.059776816349103035,-0.3604312999110656,False,False,False
2026-08-07,DFH,15.029999732971191,11,0,False,-0.02006808497681989,-0.10980811645133859,0.23196721048772861,-0.5227814150667276,False,False,False
2026-08-07,AMPH,20.780000686645508,11,1,False,0.05700075796622506,-0.09127083511687728,0.24804811788216719,-0.3352527020314483,False,True,False
2026-08-07,SNPS,415.989990234375,11,1,False,-0.04304736488005645,-0.07240408386242825,0.1365846727715163,-0.342817427365087,False,True,False
2026-08-07,CHKP,127.81999969482422,11,0,False,-0.021076500879123494,-0.18759464525937142,0.13891112778735804,-0.39324030441088076,False,False,False
2026-08-07,QUBT,9.180000305175781,11,1,False,-0.017183200827142087,-0.08652168695774887,0.4854369838459449,-0.6447368323929209,False,True,False
2026-08-07,TRMB,59.5099983215332,11,1,False,0.11383540844805617,-0.10984734702892085,0.24186144815211663,-0.3033247530182196,False,True,False
2026-08-07,LMAT,81.44999694824219,11,2,False,-0.15505496658693085,-0.1487102677247676,0.035600703980176895,-0.3098042922309543,False,False,False
2026-08-07,QXO,16.15999984741211,11,2,False,0.03455780608931258,-0.1714520164926736,0.22610011177815248,-0.4147048355604386,False,True,False
2026-08-07,HOOG,24.389999389648438,11,1,False,-0.1582282665192647,-0.41277126632509176,0.690228612185142,-0.8154928592239084,False,True,False
2026-08-07,NIO,4.739999771118164,11,0,False,-0.05543825535518532,-0.13184432394860546,0.08466816824910417,-0.4089776183828443,False,True,False
2026-08-07,CTGO,19.459999084472656,11,2,False,0.16679252752353535,-0.14378367040239803,0.3420689023774246,-0.43397328447088723,False,True,False
2026-08-07,CRML,7.25,11,2,False,-0.1517491506133778,-0.28660690596649063,0.9003931562932193,-0.774494567467931,False,False,False
2026-08-07,ADNT,19.420000076293945,10,1,False,-0.06199888119828767,-0.08307128783332607,0.0984162749481845,-0.2891654358263749,False,False,False
2026-08-07,AESI,11.270000457763672,10,4,False,-0.23373989451679222,-0.12219548954838289,0.4747448528169331,-0.4401390497954456,False,False,False
2026-08-07,AI,10.220000267028809,10,2,False,0.06051804375105241,-0.09058548905792041,0.3315960929051478,-0.568412156447692,False,True,False
2026-08-07,ATEC,9.3100004196167,10,2,False,0.06380552138459916,-0.3075312180938715,0.36510266646353307,-0.60025761899349,False,False,False
2026-08-07,AVAV,186.72999572753906,10,2,False,0.13566834663841076,-0.19095717864625572,0.3811390528287053,-0.5531278364200497,False,True,False
2026-08-07,EVH,3.950000047683716,10,1,False,-0.161821486705372,-0.019169632601364617,0.8854415244586162,-0.6081349129384277,False,False,False
2026-08-07,FWRG,12.420000076293945,10,1,False,0.028035067858040552,-0.111600686635412,0.24573718592239002,-0.3640553179915317,False,False,False
2026-08-07,GDDY,91.06999969482422,10,1,False,0.047092128393452226,-0.08552183559456406,0.2721051034140556,-0.41584346850395937,False,True,False
2026-08-07,GRAB,3.6600000858306885,10,1,False,0.024521356248160986,-0.14172649265672643,0.15094339905563747,-0.44712988684265076,False,False,False
2026-08-07,KDEF,43.119998931884766,10,2,False,0.024359399441266083,-0.14243454497930752,0.2999698918360183,-0.36033234550731563,False,True,False
2026-08-07,LEN,88.18000030517578,10,1,False,0.0072925465206425955,-0.1367364236307974,0.10459724768380063,-0.3886578137342426,False,True,False
2026-08-07,NXRT,25.530000686645508,10,0,False,-0.06811890947841259,-0.10735511875892467,0.07313996234369613,-0.2678519796769727,False,False,False
2026-08-07,PDD,91.76000213623047,10,1,False,0.0954822376921236,-0.10811871251332694,0.27550735365858836,-0.3417975774634445,False,True,False
2026-08-07,RKT,13.720000267028809,10,0,False,-0.017951707381886783,-0.16584840788771316,0.12736238134904565,-0.4367816123453372,False,True,False
2026-08-07,RWM,13.300000190734863,10,0,False,-0.027123491462024085,-0.12544589584979848,0.0075757865844463534,-0.2880085667316744,False,False,False
2026-08-07,SHOE,15.75,10,0,False,-0.0006091519359820996,-0.10376164129490839,0.125,-0.4072261881482796,False,True,False
2026-08-07,SMCI,31.1299991607666,10,1,False,-0.022783942265314994,-0.032967055885919416,0.5980492757851903,-0.4703980978691171,False,True,False
2026-08-07,TMF,31.43000030517578,10,0,False,-0.07193054038454494,-0.15048657503728113,0.04038402044607081,-0.28955698208135705,False,False,False
2026-08-07,TSLA,328.5799865722656,10,0,False,-0.13631814699933875,-0.19622455352300383,0.1049162054514996,-0.34129864800206,False,True,False
2026-08-07,UPST,31.09000015258789,10,0,False,-0.002681755319670298,-0.12583516695007135,0.29730857311221826,-0.5959713920001903,False,False,False
2026-08-07,ESAB,91.86000061035156,10,1,False,0.004421826417804642,-0.13062858536064303,0.11772225271236425,-0.33153833623678197,False,True,False
2026-08-07,DKNG,24.030000686645508,10,0,False,-0.050359007162037894,-0.12124398346410126,0.1744868896344267,-0.5073800473967154,False,False,False
2026-08-07,CRWV,90.66999816894531,10,2,False,-0.015870691168796136,-0.03180692864270074,0.4974401207498176,-0.40815926909203726,False,False,False
2026-08-07,AZO,3127.2900390625,10,1,False,0.021959551101089048,-0.09574264905736085,0.07755843555842401,-0.28732640328106107,False,True,False
2026-08-07,UEC,11.260000228881836,10,2,False,0.03189151585494199,-0.160065029650037,0.2637486444124104,-0.44641100568284864,False,True,False
2026-08-07,WB,7.940000057220459,10,1,False,0.030446191903709785,-0.1409529515391048,0.11988714899001995,-0.38734567640049755,False,True,False
2026-08-07,SNAP,5.329999923706055,10,2,False,0.07334163967311724,-0.1266804963974788,0.39895013221906117,-0.42564654341864505,False,False,False
2026-08-07,INV,3.434999942779541,10,3,False,-0.2746584621529611,-0.23050645715993856,0.4555085150290088,-0.5629771139401156,False,True,False
2026-08-07,MSFD,10.300000190734863,10,2,False,-0.2175559062323219,-0.19320031153773742,0.016781843472202906,-0.3281147917811066,False,False,False
2026-08-07,SHAK,71.12999725341797,10,2,False,0.20858801604689559,-0.12512134058690372,0.37848835962837746,-0.3781527654411946,False,False,False
2026-08-07,SGI,65.25,10,0,False,-0.09342262791191769,-0.19295839219250643,0.0804769110692296,-0.33796670438015197,False,False,False
2026-08-07,MLCO,5.519999980926514,10,1,False,0.0036728564582699796,-0.1410699318312031,0.08875735582424582,-0.4561576169077912,False,True,False
2026-08-07,KR,56.72999954223633,10,1,False,-0.04453772255359845,-0.12578698027860602,0.04764539138792845,-0.2592060827134741,True,True,False
2026-08-07,UI,566.27001953125,10,3,False,0.022634633789260228,-0.15160652949049713,0.49018426192434217,-0.48520438862303217,False,True,False
2026-08-07,CCI,75.58999633789062,10,0,False,-0.07587624290872064,-0.12647712174844117,0.08419384702254451,-0.2914323573148393,True,False,False
2026-08-07,DXC,10.84000015258789,10,2,False,0.12940197329265568,-0.10704722941233225,0.3721519014847201,-0.30867347311149373,False,True,False
2026-08-07,UUUU,14.140000343322754,10,3,False,0.005246640637789346,-0.20230393506960265,0.7328432117320642,-0.4931899449227438,False,True,False
2026-08-07,ADMA,9.899999618530273,10,2,False,0.15086833907984687,-0.25054366861362143,0.3730928663177444,-0.5160817513969012,False,True,False
2026-08-07,PATK,88.83999633789062,10,1,False,0.02187056713104063,-0.15756417727485483,0.09287729532945721,-0.4017508664115109,True,True,False
2026-08-07,AAPD,11.09000015258789,9,0,False,-0.024531817998362793,-0.13214142989876587,0.09368834093686362,-0.33333333333333337,False,False,False
2026-08-07,ACN,175.72000122070312,9,2,False,0.1436441023848487,-0.16041849389113172,0.48726194626594577,-0.3963378905789282,False,True,False
2026-08-07,ALHC,14.369999885559082,9,2,False,-0.2521817989107977,-0.25291465461805474,0.10114940042386977,-0.427945883540121,False,False,False
2026-08-07,ASIX,16.479999542236328,9,3,False,-0.20634922967743496,-0.16285900350075,0.16879426215437587,-0.3834642789201652,False,True,False
2026-08-07,BBW,36.86000061035156,9,1,False,0.10067965649813226,-0.18041351592205723,0.25587734689173347,-0.5140408523155389,False,True,False
2026-08-07,FIG,23.290000915527344,9,2,False,0.06473442339908586,-0.16887618618043487,0.40301207110365733,-0.744065924005194,False,False,False
2026-08-07,JBI,5.550000190734863,9,2,False,0.044568274123977014,-0.09395148365904427,0.30281687618397757,-0.48611110252608014,False,True,False
2026-08-07,KVYO,16.6200008392334,9,2,False,0.023323452094898833,-0.2179963936019389,0.3264166954050174,-0.547878084926414,False,False,False
2026-08-07,LEU,191.3699951171875,9,2,False,0.11845562869316129,-0.14808507377512692,0.3464433162791616,-0.5877867633447765,False,True,False
2026-08-07,LII,439.7699890136719,9,2,False,-0.1546796088454424,-0.13278479720512282,0.06893363092564586,-0.28666668448715027,False,False,False
2026-08-07,LULU,128.5800018310547,9,1,False,0.08575965933699425,-0.18624887029708537,0.231137483965415,-0.43101157508613375,False,True,False
2026-08-07,MFIC,9.760000228881836,9,0,False,-0.02225959852583137,-0.11752869777514519,0.05172419285802743,-0.2683658083025998,False,False,False
2026-08-07,MP,51.11000061035156,9,1,False,-0.037389433146039486,-0.12213503373768031,0.3517587610154298,-0.4901796401990579,False,False,False
2026-08-07,OLED,91.19000244140625,9,1,False,0.07146720739703283,-0.12906775539342308,0.1932740725772879,-0.4054635575798913,False,False,False
2026-08-07,OLN,18.59000015258789,9,1,False,-0.16284640642726889,-0.21149628465171533,0.04850539382716135,-0.3896913752021627,False,False,False
2026-08-07,RTO,24.209999084472656,9,2,False,-0.16034297299835032,-0.20052178812925425,0.04084259872066598,-0.3017017489733216,False,False,False
2026-08-07,RXRX,3.2200000286102295,9,0,False,-0.028774799728321643,-0.15936769179533938,0.16245489197916863,-0.5515320187193787,False,True,False
2026-08-07,TSCO,34.560001373291016,9,1,False,0.12047002148053676,-0.21174802254603264,0.21861779370612622,-0.4504690458149453,False,True,False
2026-08-07,GME,19.15999984741211,9,1,False,-0.11116060552479823,-0.1504211404304474,0.03288413129057477,-0.3181494808787624,False,False,False
2026-08-07,LKQ,24.860000610351562,9,0,False,-0.02564823547091777,-0.1525437969821858,0.17430328392816863,-0.33046054685682,False,False,False
2026-08-07,LVS,45.77000045776367,9,0,False,-0.043297218233519064,-0.17922470836022308,0.03528616615237423,-0.3503193408029567,False,False,False
2026-08-07,TIMB,18.43000030517578,9,1,False,-0.1325915731166316,-0.2053054237148103,0.01097096916958673,-0.346917053380147,False,False,False
2026-08-07,TLK,15.100000381469727,9,1,False,0.020546117742043846,-0.18747307444203232,0.14134549538444685,-0.3579931935551729,True,True,False
2026-08-07,CRMD,7.440000057220459,9,0,False,-0.09411906959575189,-0.13080557571608042,0.2137030861864868,-0.5026737942346946,False,True,False
2026-08-07,VNET,7.329999923706055,9,1,False,-0.11037212225122772,-0.2159840921864581,0.18800645592679976,-0.49378451965240944,False,True,False
2026-08-07,STEP,46.40999984741211,9,1,False,0.05043490192460909,-0.1504523942708288,0.1945946375860712,-0.4034320850985207,False,False,False
2026-08-07,DMC,30.75,9,1,False,0.06076182207436842,-0.14574553068477347,0.1616925121900621,-0.29440113106907106,False,True,False
2026-08-07,CLB,11.350000381469727,9,0,False,-0.03795619890874857,-0.2599619641761032,0.16769548041783877,-0.4425343791149453,False,True,False
2026-08-07,KNF,66.80000305175781,9,2,False,-0.15890412475920246,-0.14762102338329275,0.13760220815877466,-0.30619023786151267,False,False,False
2026-08-07,PAR,17.809999465942383,9,2,False,0.10266344956231466,-0.22227076778463506,0.5366694763990707,-0.7052300561787113,False,True,False
2026-08-07,TRIP,10.779999732971191,9,0,False,-0.18152278033087832,-0.15140162591407302,0.19644833064660383,-0.4652777869760255,False,False,False
2026-08-07,WSO,330.1000061035156,9,1,False,-0.11602439049357649,-0.12940470268558546,0.09791792085019657,-0.28082787341282,False,False,False
2026-08-07,YMAG,11.579999923706055,9,0,False,-0.008018095917918688,-0.1163576912451757,0.07921718711393066,-0.27670207631753296,False,True,False
2026-08-07,GDS,31.979999542236328,9,1,False,-0.017263956997840224,-0.15555550822431286,0.1857619709467726,-0.34211069449305564,False,True,False
2026-08-07,NABL,4.989999771118164,9,2,False,0.2417877173258116,-0.09333725150112127,0.7089039865544988,-0.44800887254701827,False,True,False
2026-08-07,TMC,4.570000171661377,9,2,False,0.007673348882866415,-0.20541082596168925,0.34411765984597875,-0.5973568266021854,False,True,False
2026-08-07,WEAV,5.289999961853027,9,0,False,-0.15205334706117246,-0.12280702101182484,0.24764156778667923,-0.3477188426885338,False,False,False
2026-08-07,TRUP,26.989999771118164,9,1,False,0.09764528195994626,-0.0917458004626589,0.2755198471525069,-0.5264912320856463,False,False,False
2026-08-07,PMT,9.649999618530273,9,0,False,-0.04474365000174385,-0.17221031712641655,0.06629827791712906,-0.301231040889562,False,True,False
2026-08-07,AMSF,29.1200008392334,8,0,False,-0.08915175298911959,-0.17121329813261388,0.006219775461439703,-0.39155870313685115,False,False,False
2026-08-07,FBRT,7.909999847412109,8,0,False,-0.02198374712237028,-0.14457819929250693,0.07692308691076444,-0.3319256971729678,False,False,False
2026-08-07,FICO,1041.4000244140625,8,0,False,-0.13099319187483305,-0.23501934444560701,0.19699775028405586,-0.4787813778089014,False,False,False
2026-08-07,FIS,42.77000045776367,8,1,False,0.036878656543396726,-0.17675590597389712,0.14297174106380117,-0.4133863899393708,False,False,False
2026-08-07,FISV,52.40999984741211,8,1,False,0.00768694699497896,-0.14969421783496972,0.11415813833694455,-0.6267625656542497,False,False,False
2026-08-07,GLXY,20.170000076293945,8,0,False,-0.23695310762020705,-0.22823504017157603,0.22763236163422285,-0.5607578205450697,False,False,False
2026-08-07,GT,6.440000057220459,8,0,False,-0.021157577546110473,-0.14430543925476058,0.18600373127283465,-0.3935969748947479,False,True,False
2026-08-07,ISRG,378.80999755859375,8,0,False,-0.036545207229666254,-0.21110308300011615,0.152904979500458,-0.3727065070947254,False,False,False
2026-08-07,JMIA,6.190000057220459,8,0,False,-0.06481341078229197,-0.31240939340201823,0.19729206303178404,-0.579483699393309,False,True,False
2026-08-07,NRG,118.12999725341797,8,0,False,-0.11937394174535321,-0.22266480397991806,0.05004442003038201,-0.3781322748037447,False,False,False
2026-08-07,OLLI,81.63999938964844,8,2,False,0.11124721995375397,-0.16624838274994413,0.35412171421318606,-0.42132124801491355,False,True,False
2026-08-07,PFSI,77.41000366210938,8,0,False,-0.05845115284984237,-0.25014466062438356,0.07993866256331272,-0.517273613323294,False,False,False
2026-08-07,RKLX,26.110000610351562,8,2,False,-0.3258699507699153,-0.3668989341830208,0.9644872388033141,-0.7726203936775489,True,True,False
2026-08-07,SDS,53.349998474121094,8,0,False,-0.06699454138067451,-0.182900198699806,0.010991055738603706,-0.3425755086756509,False,True,False
2026-08-07,SITE,103.86000061035156,8,0,False,-0.01547036135065194,-0.178448870407933,0.1531031526840314,-0.3838395697991843,False,False,False
2026-08-07,SOUN,8.020000457763672,8,2,False,0.16727560271732567,-0.12814710042520794,0.41946908360930113,-0.6382498678320105,False,False,False
2026-08-07,STRK,67.05000305175781,8,2,False,0.06246270690226696,-0.11711605456288088,0.34646669197183844,-0.3945276833557322,True,True,False
2026-08-07,TYL,312.45001220703125,8,1,False,0.02461170605885843,-0.15735549392140136,0.15418721905164512,-0.492157639647247,False,False,False
2026-08-07,UNG,9.739999771118164,8,0,False,-0.11571916412013106,-0.19277644859147935,0.019895243621841363,-0.42806815159109046,False,False,False
2026-08-07,WU,7.079999923706055,8,0,False,-0.0810684671104206,-0.19612596979999286,0.12918659413773192,-0.31594206156921156,False,False,False
2026-08-07,CHA,10.180000305175781,8,0,False,-0.11203375086700518,-0.14479291429761176,0.13363038130407423,-0.5740585578385127,False,True,False
2026-08-07,CPNG,16.229999542236328,8,0,False,-0.04110887000320729,-0.2167536757263352,0.08780157233536556,-0.5236977497036963,False,True,False
2026-08-07,CRK,13.40999984741211,8,0,False,-0.0013256213596750666,-0.2831886173675908,0.10643564142191586,-0.5227758126204438,False,True,False
2026-08-07,ONT,16.510000228881836,8,1,False,-0.12913671754857026,-0.2606888770928345,0.3020504598996505,-0.4840624928474426,False,False,False
2026-08-07,DOX,58.54999923706055,8,1,False,0.06781489353745251,-0.14542515355717422,0.17712097429236184,-0.3515339611986692,False,True,False
2026-08-07,DPRO,4.650000095367432,8,0,False,-0.11437004134820705,-0.29548388536967496,0.22983343551723112,-0.6770833181562244,False,True,False
2026-08-07,LBRDA,35.93000030517578,8,2,False,0.120571367603032,-0.18441235077037144,0.3745218494306557,-0.45061162894685547,False,True,False
2026-08-07,COUR,5.809999942779541,8,1,False,0.04062185591690559,-0.10559657187618099,0.16199998855590825,-0.5460937612340784,False,False,False
2026-08-07,PSKY,9.1899995803833,8,0,False,-0.03496801460157806,-0.20416367239388666,0.20603670845186994,-0.5594439447991744,False,False,False
2026-08-07,PFLT,7.519999980926514,8,1,False,0.008178035332207623,-0.11726210586991426,0.10102489969663941,-0.29056606506613736,False,True,False
2026-08-07,MZTI,113.4800033569336,8,1,False,0.02970615647403463,-0.20346268332583672,0.08822405720494908,-0.4057394251825146,False,True,False
2026-08-07,YMAX,7.699999809265137,8,0,False,-0.02356136219405769,-0.15095382178444494,0.062068939208984375,-0.4219219229969545,False,True,False
2026-08-07,COLL,29.469999313354492,8,1,False,-0.15088688429859443,-0.2505386832628145,0.05174870920421637,-0.4197333955658715,False,False,False
2026-08-07,MMS,59.189998626708984,8,1,False,0.004729113711371857,-0.1917639024567216,0.1225108883093815,-0.40810001373291016,False,False,False
2026-08-07,QCML,15.710000038146973,8,1,False,-0.28813786680891806,-0.19996231532933462,0.5019120440586591,-0.6250596786149536,False,True,False
2026-08-07,CIGI,101.54000091552734,8,1,False,0.04613116075138812,-0.15392463174624893,0.1489025126847967,-0.40796452587210463,False,False,False
2026-08-07,TCOM,46.13999938964844,8,1,False,0.030669896661251306,-0.18953528573975786,0.2129337087059533,-0.4158754191989724,False,False,False
2026-08-07,KMPR,28.510000228881836,8,1,False,0.04821572810573138,-0.15208995079968157,0.2565006415970956,-0.48069217784187646,False,True,False
2026-08-07,WRD,6.300000190734863,8,1,False,0.03015242441683119,-0.17063246948422905,0.21621629334212877,-0.4980079605587665,False,True,False
2026-08-07,ACM,75.83999633789062,7,1,False,0.07749613195093619,-0.16301140952231474,0.14423653794000812,-0.44037784867970153,False,True,False
2026-08-07,ARKB,21.540000915527344,7,1,False,0.014836250187188815,-0.16832367679003035,0.11954268044544314,-0.48702071792072754,False,True,False
2026-08-07,BITB,35.2400016784668,7,1,False,0.014421870330491915,-0.16862082560052105,0.1190854853796488,-0.48734357326710687,False,True,False
2026-08-07,BRSL,11.050000190734863,7,1,False,0.005020574681188217,-0.17207067018116684,0.11616167843603575,-0.4049542071982537,False,False,False
2026-08-07,BTC,28.729999542236328,7,1,False,0.015093904074558129,-0.16792290615831174,0.12007797152094213,-0.48659756947336863,False,True,False
2026-08-07,BTCO,64.5999984741211,7,1,False,0.014604950905863667,-0.16873733670950575,0.11842105871457242,-0.4871387826003528,False,True,False
2026-08-07,BTDR,10.880000114440918,7,1,False,-0.2549271931313516,-0.15933595830767988,0.5731637201379518,-0.608633078667979,False,False,False
2026-08-07,EZBC,37.529998779296875,7,1,False,0.01486737925995052,-0.1683455701360167,0.12029847102378732,-0.4870148045285815,False,True,False
2026-08-07,FBTC,56.529998779296875,7,1,False,0.014921278256688542,-0.1682985556996498,0.11984943129800452,-0.4872562468998016,False,True,False
2026-08-07,GILT,11.229999542236328,7,2,False,-0.12362851174070555,-0.2442189434547557,0.31807499282505636,-0.46344962357887487,True,True,False
2026-08-07,HLI,129.0,7,0,False,-0.062093754227245945,-0.19106154305697876,0.14331293012967738,-0.39086867607410525,False,False,False
2026-08-07,IBIT,36.79999923706055,7,1,False,0.014898017241146588,-0.1682685560676096,0.12058462442365725,-0.48760791710623497,False,True,False
2026-08-07,KEP,12.489999771118164,7,1,False,0.016753212185449673,-0.2100061799802868,0.11022220187717013,-0.4664673279569078,False,True,False
2026-08-07,LEGN,20.75,7,0,False,-0.23207306907149583,-0.1427045712225109,0.2777093776135757,-0.4589591323513512,False,False,False
2026-08-07,LPL,3.299999952316284,7,0,False,-0.16696119110931573,-0.23002439375560002,0.19565216076772174,-0.4339622649225495,False,False,False
2026-08-07,NFLX,74.13999938964844,7,0,False,-0.02020901297872646,-0.17737312789473403,0.13921323453728807,-0.41488438224814317,False,True,False
2026-08-07,QFIN,13.239999771118164,7,0,False,-0.08263239357244834,-0.17962319347882494,0.17064538283782604,-0.6211731192533279,False,True,False
2026-08-07,SMMT,13.960000038146973,7,0,False,-0.030730560042735888,-0.17169892098804107,0.13959183984873236,-0.5354409187162255,False,True,False
2026-08-07,STNE,10.600000381469727,7,0,False,-0.03683642657035757,-0.24077467020063104,0.1216931847000764,-0.46867168039607077,False,True,False
2026-08-07,TSL,12.13479995727539,7,0,False,-0.1770291992404195,-0.2621954420463435,0.13092269105039267,-0.43055841100938486,False,True,False
2026-08-07,VISN,10.9399995803833,7,0,False,-0.10455582885136827,-0.3161869880128664,0.15522695585051993,-0.46763990333129823,False,False,False
2026-08-07,VTS,15.800000190734863,7,0,False,-0.02216829999205905,-0.16733638704605358,0.05333334604899087,-0.41804786693436524,True,True,False
2026-08-07,CLFD,27.479999542236328,7,2,False,-0.23982983502748711,-0.16122338343692766,0.15656562615822667,-0.4788545461635163,False,False,False
2026-08-07,DXD,16.170000076293945,7,0,False,-0.0728317253938009,-0.17715995022917264,0.02666667151072666,-0.345873765151829,False,True,False
2026-08-07,DXYZ,25.889999389648438,7,2,False,-0.12038706635328866,-0.15023789912998387,0.3134797224101895,-0.6447097788690175,True,True,False
2026-08-07,CHTR,152.57000732421875,7,2,False,0.1147546765657812,-0.195535837729226,0.36772750470861193,-0.4662024931265515,False,True,False
2026-08-07,HNRG,14.760000228881836,7,0,False,-0.11137867681911418,-0.18929160631462438,0.08131872830565534,-0.40242915898900955,False,False,False
2026-08-07,PLNT,50.0099983215332,7,1,False,-0.050712234267862866,-0.3623426637531785,0.3505265992472386,-0.5623140435276113,False,False,False
2026-08-07,TSSI,11.260000228881836,7,3,False,-0.04049353871348049,-0.022531240924307916,0.6390102498474051,-0.5136068935453096,False,True,False
2026-08-07,LZ,5.769999980926514,7,0,False,-0.14361197298752604,-0.24942601815525722,0.10536402544848955,-0.5346774065779842,False,False,False
2026-08-07,YINN,31.5,7,2,False,0.14219824361922906,-0.16241893473845836,0.5224745861242557,-0.4541673800082362,False,True,False
2026-08-07,LBRDK,35.880001068115234,7,2,False,0.11784758686490293,-0.18743465295239548,0.36685718354724695,-0.4540889783018738,False,True,False
2026-08-07,ETH,18.290000915527344,7,1,False,0.07064256233604449,-0.20404890949867527,0.2587750345255706,-0.6005241678173525,False,True,False
2026-08-07,CNXC,25.719999313354492,7,2,False,0.025424272886252375,-0.1939420514718203,0.34518818956211494,-0.5555939643480865,False,True,False
2026-08-07,TDS,32.97999954223633,7,1,False,-0.09867562993020818,-0.19307879251932203,0.046651834423254046,-0.328583056608571,False,False,False
2026-08-07,QCMU,19.479999542236328,7,1,False,-0.2906200345814337,-0.2130215212129566,0.48702282251772044,-0.6266768986526033,False,True,False
2026-08-07,EIDO,12.90999984741211,7,1,False,0.061119135807524705,-0.18960994481704074,0.2042910005440035,-0.33074135641848,False,True,False
2026-08-07,CPRI,15.3100004196167,7,0,False,-0.14887700544194715,-0.25719634595770224,0.03620986902872381,-0.45843649905523165,False,False,False
2026-08-07,GDXY,11.050000190734863,7,1,False,0.05743651888729184,-0.22029627286092002,0.19201722169068858,-0.41503438074274523,False,True,False
2026-08-07,HODL,18.350000381469727,7,1,False,0.013985849036916465,-0.1684349509209836,0.11890248831080208,-0.48685678851332304,False,True,False
2026-08-07,ACHR,5.590000152587891,6,1,False,0.06667178146383668,-0.17940133814109915,0.29999997782152854,-0.6176470453936584,False,True,False
2026-08-07,APP,346.79998779296875,6,0,False,-0.27524180155802147,-0.3267276989187212,0.04397457591072418,-0.5348774901003384,False,False,False
2026-08-07,AVS,6.859899997711182,6,0,False,-0.09596580862808735,-0.21907928673768418,0.09758399963378905,-0.45814375352354797,False,False,False
2026-08-07,BBBY,4.639999866485596,6,0,False,-0.17178354484127645,-0.1931417276115549,0.08920178807208701,-0.6332015805210998,False,False,False
2026-08-07,BGS,3.5199999809265137,6,1,False,-0.0822339343620313,-0.2245415046923278,0.029239737544372257,-0.44827587495506294,False,False,False
2026-08-07,BILI,18.739999771118164,6,1,False,0.05343629830805963,-0.22498734420119504,0.18682709413502363,-0.48516486303455797,False,True,False
2026-08-07,BMNR,18.81999969482422,6,2,False,0.15430378295020608,-0.23123585405793712,0.4703124542487791,-0.7376637823357285,False,True,False
2026-08-07,CALX,37.97999954223633,6,1,False,0.0033020575655682283,-0.2182764508230216,0.10858147702724841,-0.46672284623331595,False,True,False
2026-08-07,ESRT,4.840000152587891,6,0,False,-0.10423449736003931,-0.19469561335023688,0.0125522887334657,-0.4002477898862776,False,True,False
2026-08-07,ETHE,15.460000038146973,6,1,False,0.06604515350317364,-0.21899666892280123,0.2508090993186243,-0.614800032772086,False,True,False
2026-08-07,ETHW,13.720000267028809,6,1,False,0.06840271376130902,-0.21059367759012093,0.2552607396114943,-0.6061997644391601,False,False,False
2026-08-07,FETH,19.100000381469727,6,1,False,0.06819683375712016,-0.21093371360731517,0.25492772972193634,-0.6066721614226496,False,True,False
2026-08-07,FUN,16.3700008392334,6,3,False,-0.18731068478204027,-0.10128022939418213,0.30855320061785285,-0.4018998780676726,False,False,False
2026-08-07,GBTC,50.29999923706055,6,1,False,0.01370005256788498,-0.1728613117096951,0.11827478321400875,-0.49253432361516913,False,True,False
2026-08-07,GLIBK,24.0,6,1,False,0.09259267279913774,-0.2489814325988977,0.24352336521932827,-0.41712202927260233,False,True,False
2026-08-07,KD,14.020000457763672,6,2,False,0.15133203394124473,-0.20304907570330044,0.3881188047760764,-0.5864306835779654,False,False,False
2026-08-07,KRUS,48.83000183105469,6,1,False,-0.01786267867621394,-0.14819828569515892,0.1457063128766085,-0.4450505396459299,False,True,False
2026-08-07,LCID,7.039999961853027,6,2,False,0.14043186682016895,-0.2696489384399794,1.9704642623610482,-0.7209670991048691,False,True,False
2026-08-07,MNRO,12.729999542236328,6,0,False,-0.19266872180418304,-0.28480135245974614,0.046874975491510984,-0.4675867995200278,False,False,False
2026-08-07,OXLC,9.199999809265137,6,1,False,0.018172147205815836,-0.17911015151682586,0.14856423799995566,-0.5170603581249951,False,True,False
2026-08-07,POST,78.69000244140625,6,0,False,-0.1234733791931204,-0.20479284493849603,0.014046443153586718,-0.329041582022107,False,False,False
2026-08-07,SG,5.400000095367432,6,2,False,-0.2995745457947643,-0.20689704209153004,0.20267268833794305,-0.5779601357429976,False,False,False
2026-08-07,TETH,9.560099601745605,6,1,False,0.06680847883857943,-0.21140000127507952,0.2513219592689937,-0.6060939669785854,False,False,False
2026-08-07,ZSL,25.639999389648438,6,1,False,-0.09022526379709472,-0.4225622032641484,0.7805555603386445,-0.893742233463011,False,True,False
2026-08-07,DNA,7.96999979019165,6,1,False,-0.09053565303528976,-0.08476544129358266,0.484171314719102,-0.5466439235051209,False,True,False
2026-08-07,DOCS,27.399999618530273,6,2,False,0.2874971628305596,-0.15373592753216625,0.597667651777966,-0.6418768938243787,False,False,False
2026-08-07,BLDR,74.69000244140625,6,0,False,-0.02373412826567156,-0.20980520601892982,0.14731189235123288,-0.5054624707336969,False,False,False
2026-08-07,NKE,41.70000076293945,6,0,False,-0.03611448146499274,-0.22667864333957832,0.04250001907348633,-0.47985528607517935,False,True,False
2026-08-07,ROOT,51.5,6,0,False,-0.09450867933100471,-0.17034306974907198,0.2588609188972606,-0.5690376569037656,False,False,False
2026-08-07,SLVO,67.77999877929688,6,0,False,-0.030356799078399055,-0.23226178373139872,0.11096542606155468,-0.3689600924647639,True,False,False
2026-08-07,ETHA,14.470000267028809,6,1,False,0.06838555923216294,-0.21083021007310754,0.2555315180890303,-0.6067934628526742,False,True,False
2026-08-07,HDB,23.6299991607666,6,0,False,-0.04153487536691303,-0.20336054610873755,0.04280667784140646,-0.3828676261226158,False,True,False
2026-08-07,TOYO,5.800000190734863,6,2,False,-0.33574600541953425,-0.32289104641573707,0.33027523236788037,-0.6672403850152215,True,True,False
2026-08-07,PSN,47.54999923706055,6,1,False,-0.12500553446004625,-0.23877799140380052,0.31136242245280843,-0.46871509232334585,False,False,False
2026-08-07,PNR,68.88999938964844,6,0,False,-0.028853863742097197,-0.23578340439955725,0.19600696553142782,-0.39543658416297,False,False,False
2026-08-07,CPRT,29.65999984741211,6,1,False,0.004062279367173405,-0.16428693790733462,0.10630363439917923,-0.4081021854690411,False,True,False
2026-08-07,ORCL,147.02000427246094,6,0,False,-0.08277597846030327,-0.18009425694364845,0.2840175045629776,-0.5747425553819627,False,True,False
2026-08-07,LAC,3.2300000190734863,6,0,False,-0.14514079563596372,-0.31076423902226946,0.23282448861032545,-0.6929657910147928,True,True,False
2026-08-07,PEGA,32.7400016784668,6,2,False,0.03509986415358646,-0.26042299259351376,0.3043825171667074,-0.5192363816144807,False,True,False
2026-08-07,ACDC,4.320000171661377,5,3,False,-0.21625541871422138,-0.1965406311417277,0.4025974930750238,-0.4744525509336901,False,False,False
2026-08-07,ADBG,4.800000190734863,5,2,False,0.2698413122908696,-0.22503457707431918,0.8461539872299337,-0.6044173182668404,False,True,False
2026-08-07,ADTN,7.559999942779541,5,3,False,-0.4142531801891667,-0.3438753064383412,0.06329111122571884,-0.6216216158164455,False,False,False
2026-08-07,AMSC,32.76499938964844,5,1,False,-0.13642918107194646,-0.1318638447367514,0.31745067486931355,-0.535182289933236,False,True,False
2026-08-07,AORT,27.1200008392334,5,2,False,0.15415063952155128,-0.23624886521318367,0.41544890684831737,-0.4379274437464581,False,True,False
2026-08-07,APTV,49.54999923706055,5,0,False,-0.18811752533318138,-0.2913152245767141,0.07344019499251564,-0.4428202061506492,False,False,False
2026-08-07,BKKT,7.53000020980835,5,0,False,-0.09073342171946797,-0.361553281462341,0.11555558663827403,-0.8487648107783009,False,True,False
2026-08-07,BL,29.549999237060547,5,1,False,0.014877982263276968,-0.27103905444174636,0.19635620746207283,-0.5039449489937127,False,False,False
2026-08-07,BXMT,14.149999618530273,5,0,False,-0.17028265753530059,-0.2413560395859875,0.03058995559336597,-0.3154330156602827,False,False,False
2026-08-07,FAZ,31.770000457763672,5,1,False,-0.1494749942851129,-0.24777135968426023,0.043692506582514445,-0.4364023228711915,True,False,False
2026-08-07,GLOB,37.400001525878906,5,2,False,0.08960394424877127,-0.24853118960845233,0.35703926889027815,-0.5478176527643065,False,True,False
2026-08-07,GPI,266.4700012207031,5,0,False,-0.13938606144767007,-0.23926138325133972,0.009279180008902488,-0.45439097191100686,False,False,False
2026-08-07,HOOW,24.190000534057617,5,0,False,-0.12747705794814668,-0.34004742906286,0.2016890979908217,-0.7192432740727045,False,True,False
2026-08-07,MNSO,12.550000190734863,5,1,False,0.010222986388578104,-0.24913694559928368,0.12859715106947456,-0.5306656582589017,False,True,False
2026-08-07,MNTS,4.920000076293945,5,1,False,-0.3957481175944916,-0.4235799859364666,0.5819936470262648,-0.8870819696989727,True,True,False
2026-08-07,PCT,7.210000038146973,5,1,False,-0.12763614721707284,-0.16593883558374478,0.46247470369115495,-0.534538402538239,False,True,False
2026-08-07,PHAT,8.550000190734863,5,0,False,-0.18694546011110857,-0.31832857302517037,0.04141292947723674,-0.5330420294856731,False,False,False
2026-08-07,PPC,27.450000762939453,5,0,False,-0.03500011426416749,-0.22155593112204452,0.051321337467017614,-0.45708069585931066,False,False,False
2026-08-07,QID,13.9399995803833,5,0,False,-0.03862071480042306,-0.2429858315716339,0.041075371393460625,-0.4408343598179105,False,True,False
2026-08-07,RIOX,27.469999313354492,5,1,False,-0.3910130795725171,-0.3485651180827605,1.1195987062112822,-0.8213333377993204,False,True,False
2026-08-07,RUN,10.199999809265137,5,0,False,-0.17706763380964652,-0.34319402109228314,0.18466901463286467,-0.5454545647722066,False,False,False
2026-08-07,SBET,6.429999828338623,5,2,False,0.13176327067970806,-0.19674703602932708,0.4417039850542557,-0.7724699300686085,False,True,False
2026-08-07,SRAD,13.020000457763672,5,0,False,-0.11527272201162508,-0.27766687094534914,0.12727274829034263,-0.5959031668379453,False,False,False
2026-08-07,STN,73.51000213623047,5,1,False,0.03881974967167712,-0.16762770227479595,0.10941744289554967,-0.35810335058474596,False,True,False
2026-08-07,UPWK,9.670000076293945,5,1,False,0.09107732084752418,-0.29126095757887527,0.2997311830541305,-0.5766199644618529,False,False,False
2026-08-07,VITL,12.239999771118164,5,2,False,0.0351476426147419,-0.4099811616464194,0.5396226496575949,-0.769600004308364,False,True,False
2026-08-07,WVE,6.099999904632568,5,1,False,0.02662491519082999,-0.36148387906424573,0.21513942785050078,-0.7192820969565106,False,True,False
2026-08-07,EMBC,4.420000076293945,5,2,False,0.3215727605680656,-0.48492201475233143,0.5956679085663883,-0.7157556255897985,False,True,False
2026-08-07,ERY,11.119999885559082,5,0,False,-0.044147989216515415,-0.23116546127177862,0.16196449740465058,-0.5215146301602542,False,True,False
2026-08-07,PLAY,10.270000457763672,5,0,False,-0.0764388061709349,-0.26994194298137464,0.09255328452549727,-0.6156436855658605,False,True,False
2026-08-07,REZI,26.079999923706055,5,0,False,-0.17233826295190924,-0.2500761541129004,0.12509635385810403,-0.42415545602771854,False,False,False
2026-08-07,FOUR,41.2599983215332,5,0,False,-0.10987810575261658,-0.23953605028241398,0.19386564473403478,-0.5553400375640172,False,False,False
2026-08-07,IIIV,17.469999313354492,5,0,False,-0.152271000446076,-0.24568061306510847,0.025836676979938078,-0.48572273519062037,False,False,False
2026-08-07,CWEB,25.530000686645508,5,2,False,0.14915111275150972,-0.23918224232663332,0.4938560830135259,-0.5831156109255569,False,True,False
2026-08-07,EPAM,97.43000030517578,5,2,False,0.060578025419645964,-0.3240878404943538,0.33356150507721294,-0.5621713888480899,False,False,False
2026-08-07,CRMG,5.940000057220459,5,2,False,0.2024291544167378,-0.25371586589911144,0.6273972334300726,-0.5897789886046454,False,False,False
2026-08-07,JOBY,8.640000343322754,5,1,False,-0.012526245567725525,-0.226520296292539,0.3031674501036312,-0.5675675404767455,False,True,False
2026-08-07,QDEL,12.28499984741211,5,0,False,-0.21443873297424854,-0.40275869237410244,0.23840723315817902,-0.6547217758519168,False,False,False
2026-08-07,COIN,153.60000610351562,5,0,False,-0.04477607782003701,-0.2605561801757028,0.10416221285017957,-0.6180624510025399,False,False,False
2026-08-07,ACI,12.010000228881836,4,0,False,-0.14227762765480878,-0.2718431753154975,0.10589324204052941,-0.4000999023841476,False,False,False
2026-08-07,ARRY,5.550000190734863,4,0,False,-0.1967813101972664,-0.32427082657043316,0.16352205721746027,-0.5461978414988549,False,False,False
2026-08-07,ASPI,4.429999828338623,4,0,False,-0.2060078459873379,-0.2675416215628911,0.2621082166310613,-0.6942719186808677,True,True,False
2026-08-07,ASST,12.479999542236328,4,1,False,-0.0621618697724694,-0.1861900400720916,0.7777777173995366,-0.950476192292713,True,True,False
2026-08-07,BABX,24.020000457763672,4,2,False,0.23677115786113068,-0.2574408046344746,0.8908919411104799,-0.6360605991247928,False,True,False
2026-08-07,BITO,8.789999961853027,4,1,False,0.011600602061623944,-0.20818301401553851,0.1168996301997518,-0.6057412006381042,False,True,False
2026-08-07,BLOX,13.050000190734863,4,0,False,-0.14373448797003552,-0.23575830310524248,0.0938809603444164,-0.5339285646166121,False,True,False
2026-08-07,BMBL,2.8299999237060547,4,0,False,-0.048323659457559676,-0.19246108828463226,0.11417321504267308,-0.6160108592062246,False,True,False
2026-08-07,BRBR,11.5600004196167,4,2,False,0.0204982856984679,-0.39662819425679674,0.47826089077447564,-0.7312877662340771,True,True,False
2026-08-07,BTCI,28.815000534057617,4,0,False,-0.007850413935040823,-0.24088697728915143,0.08653846292156042,-0.5625474520637876,True,True,False
2026-08-07,FBL,22.139999389648438,4,0,False,-0.062086988817561806,-0.22711279172166488,0.2702236948942587,-0.5718843793034288,False,True,False
2026-08-07,FUTU,109.0199966430664,4,2,False,0.09836743005957738,-0.24307425090301593,0.3542856725846759,-0.46170938971925424,False,True,False
2026-08-07,GSOL,5.599999904632568,4,1,False,0.006379710118519233,-0.2653844700519341,0.21475048643077677,-0.7563098339345051,True,True,False
2026-08-07,HUBS,210.4499969482422,4,1,False,0.013032463138384465,-0.2507435246329165,0.2406413422768563,-0.5995318965625376,False,False,False
2026-08-07,JBGS,12.15999984741211,4,0,False,-0.15547346200037515,-0.23798543260672111,0.07420496247645292,-0.49958846793432876,False,False,False
2026-08-07,JKS,17.010000228881836,4,0,False,-0.02281812854059584,-0.27460056284071344,0.16907216535388425,-0.46643661616480403,False,True,False
2026-08-07,METU,21.420000076293945,4,0,False,-0.06426923662397199,-0.23545735609650742,0.27121659295924627,-0.5816406297439243,False,True,False
2026-08-07,MIR,15.710000038146973,4,0,False,-0.06852921381977484,-0.2564774252600095,0.11339478528708269,-0.4811242918235178,False,False,False
2026-08-07,QS,6.079999923706055,4,0,False,-0.10691991553745106,-0.32290594722205623,0.27463311279198144,-0.681174618720302,False,True,False
2026-08-07,SOFX,10.09000015258789,4,2,False,0.04315931342307344,-0.4863402863300925,0.4959229538595533,-0.818129379838549,False,False,False
2026-08-07,SOLZ,7.389999866485596,4,0,False,-0.002346330446155065,-0.2969193472823676,0.19773091979027213,-0.7275073879867,True,False,False
2026-08-07,SPXS,23.959999084472656,4,0,False,-0.10089763739563606,-0.2686872679171095,0.016546431680017237,-0.4687361442324397,False,False,False
2026-08-07,SPXU,33.58000183105469,4,0,False,-0.10087925281303733,-0.27141752748053527,0.016343852922642288,-0.4785714124935123,False,True,False
2026-08-07,TME,9.529999732971191,4,1,False,0.0585125040630623,-0.29181840347383814,0.2002518468881902,-0.6430711812488348,False,True,False
2026-08-07,TNXP,12.029999732971191,4,1,False,0.0346428822365894,-0.1770223163097866,0.27978725757141354,-0.828069179318355,False,True,False
2026-08-07,TWM,20.6299991607666,4,0,False,-0.053348423751918395,-0.2482573209018527,0.012763785509151138,-0.5109056659197047,False,True,False
2026-08-07,ERII,8.680000305175781,4,1,False,0.010336198071664748,-0.2670899492827423,0.10855688247151463,-0.5262008488118008,False,False,False
2026-08-07,DRIP,45.099998474121094,4,0,False,-0.05058631301785643,-0.2781777034551224,0.1962864074649071,-0.5672615817897145,False,True,False
2026-08-07,PRIM,82.62999725341797,4,1,False,-0.13993382633820162,-0.36056153293067217,0.2712307269756611,-0.5979075559444381,False,True,False
2026-08-07,CRCL,66.66999816894531,4,1,False,-0.08706001838964095,-0.24239154908895455,0.33607206673870005,-0.6489574620275727,False,True,False
2026-08-07,NVDS,18.760000228881836,4,0,False,-0.1399142887358631,-0.2944459928196399,0.025641017619642215,-0.5367901178053868,False,True,False
2026-08-07,WD,44.43000030517578,4,0,False,-0.12314978675398103,-0.21463885705402364,0.07370708454163566,-0.5063333299424913,False,False,False
2026-08-07,PLTD,5.340000152587891,4,3,False,-0.31807731526645067,-0.2800862071475956,0.0037405918298534235,-0.45112549056049667,False,True,False
2026-08-07,VERX,11.9399995803833,4,0,False,-0.035961728459927955,-0.22929831196228234,0.16944167833228607,-0.5863502624264607,False,False,False
2026-08-07,XPEV,12.130000114440918,4,0,False,-0.11657173372911256,-0.31441425119185196,0.05112652985599775,-0.5703913634769394,False,True,False
2026-08-07,INTR,5.269999980926514,4,0,False,-0.06214408097042523,-0.31511077774905993,0.02131785596264546,-0.49131272629629064,False,True,False
2026-08-07,ULTY,27.309999465942383,4,0,False,-0.049849023841069484,-0.2099207039194141,0.07902015180566235,-0.5559349680334572,False,True,False
2026-08-07,TU,9.720000267028809,4,0,False,-0.11412476628951596,-0.23639532474133074,0.05652179005916813,-0.4186602472366544,False,False,False
2026-08-07,TREE,32.130001068115234,4,0,False,-0.1861743045978802,-0.30770794647185173,0.07927445663629817,-0.5846153626122574,False,False,False
2026-08-07,AD,35.2400016784668,3,0,False,-0.09812147218361689,-0.24954530392168828,0.04538720366500648,-0.5548818682139391,True,True,False
2026-08-07,ALNY,219.1999969482422,3,0,False,-0.21838061891157134,-0.36063330867533316,0.10813406629415923,-0.5576631977643802,False,False,False
2026-08-07,ARDX,4.0,3,1,False,-0.2580639192633932,-0.33573299895156117,0.019108292635635626,-0.5238095021842548,False,False,False
2026-08-07,ARI,6.760000228881836,3,1,False,-0.2772681370302231,-0.3336191843070905,0.05132199212336186,-0.3985764798454844,False,True,False
2026-08-07,BBAI,3.2699999809265137,3,0,False,-0.08321184622858824,-0.2925829417532301,0.2625482970239008,-0.6517572032623176,False,True,False
2026-08-07,FLO,7.400000095367432,3,0,False,-0.052690851812160044,-0.21613904954527008,0.08823527761809191,-0.5608308648167536,False,True,False
2026-08-07,FLUT,94.73999786376953,3,0,False,-0.0906630490108511,-0.34508866187933007,0.056069544427935325,-0.6979772746509088,False,False,False
2026-08-07,FMC,10.59000015258789,3,0,False,-0.07172032788513749,-0.2617688149947246,0.06432164377800342,-0.7406953939025185,False,False,False
2026-08-07,HIMZ,34.880001068115234,3,1,False,-0.13326495621988366,-0.43188789610016654,1.8183581066976275,-0.9109249648496064,False,True,False
2026-08-07,IMSR,5.820000171661377,3,1,False,-0.10666316210739402,-0.2988711847760015,0.3287671277616546,-0.8152380897885277,True,True,False
2026-08-07,IONL,16.979999542236328,3,1,False,-0.30596715460817236,-0.43930392150375697,0.9383560614819446,-0.8859177643105486,True,False,False
2026-08-07,LI,12.949999809265137,3,0,False,-0.01098230945719969,-0.2285697367529127,0.11158800285856718,-0.5221402351669335,False,True,False
2026-08-07,LTBR,9.470000267028809,3,2,False,0.055435467387215054,-0.2895430596074581,0.3684971333267,-0.6978302418340343,False,False,False
2026-08-07,OKLO,48.41999816894531,3,1,False,-0.05574648896145329,-0.3333861319587579,0.3225893843676815,-0.7502063604843328,False,True,False
2026-08-07,PODD,141.1699981689453,3,0,False,-0.08902834039175489,-0.38066180319550535,0.11685123785415796,-0.6022035724003045,False,False,False
2026-08-07,PONY,8.149999618530273,3,1,False,0.043881398528928584,-0.31203602523198415,0.28043989184598694,-0.6729534673523835,False,True,False
2026-08-07,SDOW,22.0,3,0,False,-0.10869107326237304,-0.2634097093790301,0.04117372805431918,-0.48368928221382435,False,False,False
2026-08-07,SMPL,11.100000381469727,3,0,False,-0.06901060660560421,-0.28900273766859996,0.12405067154123817,-0.6343873465639831,False,True,False
2026-08-07,STLA,5.519999980926514,3,0,False,-0.10869987112538837,-0.3376927255346287,0.0514285677955264,-0.5482815171600111,True,False,False
2026-08-07,TSLY,21.549999237060547,3,0,False,-0.17593346440261293,-0.3379731794511096,0.05611362469418624,-0.5552115810585363,False,True,False
2026-08-07,VIXY,19.559999465942383,3,0,False,-0.10532144490721929,-0.28872341212160724,0.006576712427055709,-0.5320574205034871,False,True,False
2026-08-07,VXX,20.31999969482422,3,0,False,-0.10430130933982229,-0.2852997669098414,0.006937531592233537,-0.5263182372466454,False,False,False
2026-08-07,WHR,43.279998779296875,3,1,False,0.09595698867321056,-0.2849029303733104,0.22087441037640687,-0.5518277009830361,False,False,False
2026-08-07,WIX,60.20000076293945,3,2,False,0.1767097626586711,-0.2553755547138561,0.49900400875670603,-0.6847011833014354,False,False,False
2026-08-07,ZTS,72.66000366210938,3,0,False,-0.05288755630203201,-0.3319428182485624,0.016650376676662804,-0.5472332652259624,False,False,False
2026-08-07,DQ,14.720000267028809,3,1,False,0.08575392702310292,-0.3478544876055186,0.29349737425305644,-0.5977042851696268,False,False,False
2026-08-07,PRCT,20.40999984741211,3,0,False,-0.06398474477980609,-0.2489655406799236,0.2247223958082969,-0.5220700392858866,False,False,False
2026-08-07,ENVX,4.699999809265137,3,0,False,-0.18358842009244603,-0.3125011710916056,0.28065387235940054,-0.6692470234589787,False,True,False
2026-08-07,ROL,37.7400016784668,3,0,False,-0.1313394116261417,-0.3062493313711345,0.03823942951016357,-0.4293921677239465,False,False,False
2026-08-07,MYGN,3.259999990463257,3,0,False,-0.3436682105950518,-0.40451726843702385,0.18978101427613892,-0.6204889484802717,False,False,False
2026-08-07,CSAN,2.880000114440918,3,0,False,-0.021340182007745012,-0.27922965149952694,0.14285719692031318,-0.520399657026642,False,True,False
2026-08-07,PZZA,24.469999313354492,3,0,False,-0.2536585286055081,-0.32733055093269203,0.026210946445696326,-0.5609975138768677,False,False,False
2026-08-07,TLRY,4.570000171661377,3,0,False,-0.009750779463949644,-0.38852239613745143,0.24523162851709635,-0.8030172404579544,False,False,False
2026-08-07,TEMT,18.40999984741211,3,1,False,-0.044777677670262195,-0.49028432704601066,0.5980902010299021,-0.8790566305362228,False,True,False
2026-08-07,SYM,40.18000030517578,3,0,False,-0.06390731066080979,-0.2745583523577386,0.052245616345065526,-0.5427855989877943,False,True,False
2026-08-07,SCO,29.40999984741211,3,0,False,-0.005552141203447825,-0.39903981651195775,0.28765322464675225,-0.6505465949658327,False,True,False
2026-08-07,CELH,27.770000457763672,3,0,False,-0.05787119153018094,-0.30599115652311915,0.17869274563894355,-0.5839076813510224,False,False,False
2026-08-07,BSX,49.310001373291016,3,1,False,0.07440432392466989,-0.3145085995652166,0.1684834237395476,-0.5496803527553331,False,False,False
2026-08-07,INTU,325.25,3,1,False,0.11436139644458088,-0.29086171110516,0.28638666631422516,-0.5863433027914338,False,True,False
2026-08-07,ABR,5.349999904632568,2,1,False,0.0337764568747172,-0.27492039030454907,0.1310781993782164,-0.5747217856058251,False,False,False
2026-08-07,ANGI,4.840000152587891,2,0,False,-0.16511416574887938,-0.454641724961819,0.13615020951731105,-0.750772392709921,False,True,False
2026-08-07,BETR,15.460000038146973,2,0,False,-0.3791962486412568,-0.5713666848183079,0.21350080972490315,-0.8356368228851344,False,False,False
2026-08-07,BUR,4.420000076293945,2,1,False,0.036099407487468316,-0.36753688960633124,0.2311978222753488,-0.6873231340912265,False,True,False
2026-08-07,FVRR,9.420000076293945,2,0,False,-0.09777027842863661,-0.33589714895426714,0.07657143729073668,-0.6635714258466447,False,False,False
2026-08-07,GOGO,3.634999990463257,2,0,False,-0.02499866063013656,-0.25570252812142946,0.2036423885499714,-0.7594308356680262,False,True,False
2026-08-07,IONX,31.389999389648438,2,1,False,-0.31732227878435604,-0.47472765743822387,0.8690085886903482,-0.8993474728726106,True,False,False
2026-08-07,IPX,25.09000015258789,2,0,False,-0.12557069462277337,-0.3016875384065395,0.24888003793050872,-0.5917005721549202,True,True,False
2026-08-07,JDST,26.579999923706055,2,0,False,-0.3208750414959418,-0.40932348719054623,0.16578950934793268,-0.8518394602675239,False,True,False
2026-08-07,METC,10.239999771118164,2,0,False,-0.20038732602855236,-0.3886238785741801,0.19626159686294642,-0.8228373718636242,False,False,False
2026-08-07,MRAL,33.16999816894531,2,1,False,-0.4532381253302098,-0.5105053471604531,0.4981932738649466,-0.9094458114268547,False,True,False
2026-08-07,MSTR,100.01000213623047,2,0,False,-0.059536636668934495,-0.34607358448165604,0.22246675370698488,-0.7586398164113813,True,True,False
2026-08-07,NFXL,16.3700008392334,2,1,False,-0.06979118079848112,-0.41675346713468686,0.30230717873237944,-0.7419608891299465,False,True,False
2026-08-07,NNE,18.850000381469727,2,0,False,-0.1006078462714678,-0.3068489442858927,0.28144121907454944,-0.6903236288444262,True,True,False
2026-08-07,RDTL,15.6899995803833,2,1,False,-0.26739004420126045,-0.45206141080369233,0.44077126590759796,-0.8253561863318338,False,False,False
2026-08-07,SPRY,6.159999847412109,2,0,False,-0.21857163122959666,-0.305232486351277,0.25458249263670174,-0.6577777862548828,False,False,False
2026-08-07,SQQQ,37.400001525878906,2,0,False,-0.07031312426296055,-0.3718729857413853,0.044692802316096625,-0.606315773411801,False,False,False
2026-08-07,TSLG,4.019999980926514,2,0,False,-0.3068248433170513,-0.4676720016268977,0.2108433920960937,-0.6715686228677704,False,True,False
2026-08-07,TSLL,8.109999656677246,2,0,False,-0.3081562821580488,-0.4679280915457005,0.2113516727012621,-0.6583824880005353,False,False,False
2026-08-07,TSLR,13.949999809265137,2,0,False,-0.30546428309621365,-0.453582741678339,0.2119895336110118,-0.6471927292296299,False,True,False
2026-08-07,TSLT,11.319999694824219,2,0,False,-0.30804732932296597,-0.46420860470771363,0.2094017211580501,-0.6572812560344516,False,False,False
2026-08-07,TZA,37.599998474121094,2,0,False,-0.08211644355986114,-0.3672531889256765,0.015667153138454015,-0.6698858826127574,False,True,False
2026-08-07,WING,116.81500244140625,2,0,False,-0.21514335274428809,-0.42481965116328924,0.015694289815226137,-0.6621988859023278,False,False,False
2026-08-07,CWH,6.320000171661377,2,0,False,-0.0772914146738618,-0.30848093551605404,0.15223336696839107,-0.655416808878068,False,False,False
2026-08-07,FNGD,26.55900001525879,2,1,False,-0.23339764119617068,-0.45725208770520853,0.011001124950864138,-0.6960517183557144,False,True,False
2026-08-07,TIGR,4.815000057220459,2,1,False,0.016101470657078343,-0.3396488358532783,0.20375001430511475,-0.6446494472736,False,True,False
2026-08-07,ODD,14.119999885559082,2,1,False,-0.007604630666884438,-0.4260681751682398,0.5264864741144955,-0.780165045187798,False,True,False
2026-08-07,TDUP,3.2100000381469727,2,0,False,-0.44667573817037576,-0.4306769289847666,0.05592107842998861,-0.7385993397436091,False,False,False
2026-08-07,CONY,18.510000228881836,2,0,False,-0.08983624300055004,-0.4333635815433925,0.07491294813972038,-0.7632992205724387,False,True,False
2026-08-07,OI,7.03000020980835,2,0,False,-0.19966299222518302,-0.3977425863632116,0.0028530642330242273,-0.5842696467626394,False,False,False
2026-08-07,RBLX,37.790000915527344,2,0,False,-0.21294770668030827,-0.43955697153927753,0.1154073118106198,-0.7338732329892441,False,False,False
2026-08-07,NVD,3.9700000286102295,2,0,False,-0.19213706411003806,-0.3929501130841013,0.010178107168846262,-0.6520595896843363,False,False,False
2026-08-07,ZG,33.95000076293945,2,1,False,0.020506341064189915,-0.3231489846493638,0.16947984705206243,-0.6236976246554427,False,False,False
2026-08-07,Z,33.61000061035156,2,1,False,0.013854936562382791,-0.33675577448908023,0.14984608746867356,-0.6419897572043454,False,True,False
2026-08-07,SRTY,21.200000762939453,2,0,False,-0.08255289717041103,-0.3705603115087629,0.01629914394245846,-0.6774193492214814,False,True,False
2026-08-07,CSGP,30.239999771118164,2,0,False,-0.004254319725858879,-0.36565207843975756,0.1680185586720786,-0.6886326306021195,False,False,False
2026-08-07,LMB,48.70000076293945,2,1,False,-0.35701930627143785,-0.39883296175378624,0.03287378975395816,-0.621218029177433,False,False,False
2026-08-07,EBS,4.840000152587891,2,0,False,-0.3843805459309225,-0.4924762595403086,0.006237049930402527,-0.6557610236031672,False,False,False
2026-08-07,DUST,41.75,2,0,False,-0.2995977100235766,-0.3459157724857408,0.2066474520577426,-0.7975266701362775,False,True,False
2026-08-07,NVDQ,9.029999732971191,2,0,False,-0.19625455326877927,-0.3876689718792532,0.007655020497069787,-0.6299180379448255,False,True,False
2026-08-07,ABTC,6.46999979019165,1,1,False,-0.30237325137237014,-0.740510283912306,0.31504058737032836,-0.9702938489461173,True,False,False
2026-08-07,AGNT,4.389999866485596,1,0,False,-0.054022054575949,-0.39823653684195104,0.19131612880685256,-0.6409291733392408,False,False,False
2026-08-07,AHCO,5.690000057220459,1,2,False,-0.42901296127818633,-0.45030792690383215,0.004413079529704822,-0.5763216732744532,False,False,False
2026-08-07,ALIT,15.119999885559082,1,1,False,-0.07467473692646953,-0.41291699693999684,0.5782881008322451,-0.8301123608364148,False,True,False
2026-08-07,AMDD,29.714399337768555,1,0,False,-0.005885805267005106,-0.5664491141399045,0.1384827166081175,-0.8110972742448621,False,True,False
2026-08-07,APPX,16.139999389648438,1,0,False,-0.5439856269190891,-0.7173118240404162,0.0905404852462397,-0.89760182787946,False,False,False
2026-08-07,ASTX,15.734999656677246,1,1,False,-0.32659429767106074,-0.6196873237237819,0.7880681040489002,-0.8621912803063465,True,True,False
2026-08-07,BITU,9.640000343322754,1,1,False,0.00016604405571274405,-0.4864021592919556,0.21717174879544432,-0.8506121102482409,True,True,False
2026-08-07,BITX,12.40999984741211,1,1,False,0.006651516344334585,-0.4316770301251066,0.2305403867596152,-0.8172850385457421,True,True,False
2026-08-07,BOIL,19.1200008392334,1,0,False,-0.23255997555702956,-0.5127644292779661,0.03856605093460086,-0.7959444881327492,False,False,False
2026-08-07,CABO,37.31999969482422,1,0,False,-0.1481669237907557,-0.5770361968210025,0.11820223804716767,-0.7935155551589506,True,True,False
2026-08-07,CCOI,9.920000076293945,1,0,False,-0.2863309278044417,-0.517652832673674,0.10222223069932723,-0.7828846492786933,False,False,False
2026-08-07,ETHT,10.600000381469727,1,2,False,0.0886757513748524,-0.5779733810600431,0.49929280397440734,-0.9195384853538681,False,True,False
2026-08-07,ETHU,16.43000030517578,1,2,False,0.10385510945271803,-0.5542787006404755,0.5326492440218544,-0.9129444143638141,False,True,False
2026-08-07,FULC,3.890000104904175,1,2,False,0.019285216802414906,-0.5025829734308473,0.3745583780122461,-0.7528589478100208,False,True,False
2026-08-07,GTM,4.179999828338623,1,2,False,0.35868676743062733,-0.37048906100154133,0.6456692484708357,-0.6658673259902699,False,True,False
2026-08-07,IONZ,2.630000114440918,1,1,False,-0.23457505804087253,-0.8290506554902264,0.5202312632628947,-0.979372548122032,False,True,False
2026-08-07,LENZ,5.360000133514404,1,0,False,-0.09650229814048827,-0.6117608822330856,0.14529921583718908,-0.8936507942214604,False,True,False
2026-08-07,MRLN,4.440000057220459,1,1,False,-0.16371580640556582,-0.5078900999125311,0.35779819055608697,-0.7388235260458553,True,True,False
2026-08-07,MSTX,9.130000114440918,1,1,False,-0.22284643422505335,-0.7624474375260969,0.35863101182932255,-0.9763777487336587,True,True,False
2026-08-07,MSTY,12.819999694824219,1,0,False,-0.12221843924517506,-0.515462136816488,0.11188204611697805,-0.8710909996156534,True,True,False
2026-08-07,MUD,11.539999961853027,1,0,False,-0.022961259458062933,-0.9591087081623034,0.29590121368848776,-0.9932648536258779,False,True,False
2026-08-07,OKLL,3.7300000190734863,1,1,False,-0.23961348840402152,-0.7938862104868603,0.6689038899993163,-0.9780532722806403,False,False,False
2026-08-07,SERV,5.085000038146973,1,0,False,-0.19832885948869017,-0.46074922138322605,0.17708329539056322,-0.7271995598363119,False,True,False
2026-08-07,SMCL,12.3100004196167,1,1,False,-0.2509443519204022,-0.5936775742243596,0.6369681450584292,-0.9143155453563594,False,True,False
2026-08-07,SMCX,8.890000343322754,1,1,False,-0.26063920029016563,-0.6175190742156258,0.6282051797090944,-0.9223173702056283,False,True,False
2026-08-07,SMCY,4.71999979019165,1,0,False,-0.11976431698806722,-0.37151515082577613,0.1829573380727043,-0.7363128552636696,False,True,False
2026-08-07,SMCZ,5.659999847412109,1,0,False,-0.33348408462327483,-0.8185051087768407,0.15983600710643686,-0.9151424271907516,False,True,False
2026-08-07,SMR,9.819999694824219,1,2,False,0.005879545833147315,-0.36623901542650683,0.3619971765420458,-0.8289794495302647,False,True,False
2026-08-07,SOC,4.75,1,2,False,-0.3499206191883102,-0.5207901417540624,0.6493054900180437,-0.8447712437651984,True,True,False
2026-08-07,SOLT,31.899999618530273,1,1,False,-0.029775852313930207,-0.6587083700069719,0.3702748572868213,-0.9548158645629883,True,True,False
2026-08-07,SOXS,42.08000183105469,1,1,False,-0.1331217957362253,-0.9914458831524031,0.32744482076639314,-0.99822447249658,False,False,False
2026-08-07,UVXY,21.6200008392334,1,0,False,-0.1664095908408013,-0.4421983658092894,0.008395536412876936,-0.7231753999790753,False,True,False
2026-08-07,VRRM,4.900000095367432,1,2,False,0.08959109322517533,-0.6753418790602231,0.4411764582135689,-0.8083317037744762,False,False,False
2026-08-07,XXI,4.550000190734863,1,0,False,-0.15386614335164372,-0.47135128387494507,0.09638556293382838,-0.8541666641194596,False,False,False
2026-08-07,XXRP,19.0,1,0,False,-0.20862350255221318,-0.7423316548431991,0.012793164615673813,-0.9635106595840724,False,True,False
2026-08-07,CWVX,18.34000015258789,1,1,False,-0.19736714400970312,-0.4359881917592553,1.0770102277521172,-0.8756188502396132,True,False,False
2026-08-07,CRWU,4.25,1,1,False,-0.19354226714881106,-0.44302652823877164,1.0884520003669418,-0.8818131226862259,False,False,False
2026-08-07,CAPR,4.090000152587891,1,3,False,-0.8017872995190768,-0.8239061344641946,0.38175679049934197,-0.8986871374584666,False,False,False
2026-08-07,SMU,7.28000020980835,1,1,False,-0.12113380471866741,-0.8458428893491257,0.7374701934103838,-0.9896517409952973,False,False,False
2026-08-07,FUBO,9.260000228881836,1,0,False,-0.03002113717333632,-0.5411582416626513,0.16477993094917953,-0.8365112936322842,False,False,False
2026-08-07,SSG,11.479999542236328,1,0,False,-0.1051105691272366,-0.50954006178776,0.05224561895474489,-0.7596314919244789,False,True,False
2026-08-07,SSTK,5.960000038146973,1,0,False,-0.42106694084775564,-0.6378132654624874,0.15280463253287402,-0.7979661004017975,True,False,False
2026-08-07,EH,5.739999771118164,1,0,False,-0.11426590882250154,-0.48496161676514404,0.17502548662767103,-0.7158416062216577,True,True,False
2026-08-07,ORCX,22.15999984741211,1,1,False,-0.25189221805930184,-0.4880177483977165,0.6163384234685405,-0.8779668467739916,True,False,False
2026-08-07,PSIX,40.81999969482422,1,2,False,0.14558658694876825,-0.31676177128462923,0.6147151339433277,-0.6648053859090381,False,False,False
2026-08-07,CCB,45.34000015258789,1,0,False,-0.35310818897805496,-0.48153837970252933,0.23845942083289406,-0.6223240399832376,False,False,False
2026-08-07,EOSE,4.150000095367432,1,1,False,-0.24414896750282122,-0.5659097885147071,0.3344052203704535,-0.7910372624457855,True,False,False
2026-08-07,CONL,4.380000114440918,1,0,False,-0.14893615601915977,-0.6377553135153458,0.23033713057341942,-0.9164122139905329,False,False,False
2026-08-07,OCS,12.680000305175781,1,1,False,-0.0023446245642009256,-0.41769886395593936,0.20532317047743542,-0.6321972192487807,False,True,False
2026-08-07,PLTZ,10.25,1,1,False,-0.6362893135492353,-0.6432652741013041,0.007777055370661534,-0.7837552812228534,False,False,False
2026-08-07,TECS,60.220001220703125,1,0,False,-0.13805440786146983,-0.5695105905010094,0.020677986791578284,-0.7683846106896034,False,True,False
2026-08-07,GDXD,25.149999618530273,1,0,False,-0.45349136313179916,-0.6156268015467266,0.05827899282358562,-0.9469409290748306,False,False,False
2026-08-07,LABD,7.570000171661377,1,0,False,-0.24072214710285944,-0.5623189486732885,0.13323358775356509,-0.8909221901264863,True,True,False
2026-08-07,RGTX,13.760000228881836,1,1,False,-0.23697138327632172,-0.6987193660035425,0.789336817489618,-0.9725787154969823,True,True,False
2026-08-07,TTD,13.800000190734863,1,0,False,-0.2706593608678318,-0.5149372044193377,0.0756040742632067,-0.849097860565865,False,False,False
2026-08-07,UVIX,50.54999923706055,1,0,False,-0.23100796087511977,-0.5892810125076122,0.011202191234071623,-0.8542387513945425,False,True,False
2026-08-07,QBTX,9.75,1,1,False,-0.2585325789592724,-0.5973615817939388,0.5918367346938775,-0.9430446276810476,False,False,False
