run_date,ticker,close,rs_rank,template_score,passes_template,dist_50d,dist_200d,off_52w_low,off_52w_high,base_tight,vol_dryup,new_today,universe_policy
2026-09-15,TWST,138.10000610351562,99,8,True,0.20635169783008767,1.0361524836787588,4.927039082638952,-0.11155427216637503,False,True,False,all
2026-09-15,TXG,74.38999938964844,99,8,True,0.36458855605712537,1.4410612588807705,5.665770645767412,-0.01613544783566767,False,True,False,all
2026-09-15,PLSE,55.20000076293945,99,8,True,0.3498774993792393,1.18342989459667,3.3949043725130723,-0.06281834748873105,False,False,False,all
2026-09-15,BWET,725.97998046875,99,8,True,1.0110296758819963,3.437877400950142,52.45949812572798,-0.09766831228036665,False,True,False,all
2026-09-15,DLLL,33.7400016784668,99,8,True,0.3204032999412221,1.7668660476217002,14.566321283304628,-0.08734344821210005,False,False,False,all
2026-09-15,MRNA,143.77000427246094,99,8,True,0.5357647549847493,1.4644135310476232,5.452872524309919,-0.18617682954742742,False,True,False,all
2026-09-15,IOVA,9.359999656677246,99,8,True,0.45201818923011805,1.2716515943071371,4.3181816519291925,-0.005313516636093696,False,True,False,all
2026-09-15,LITE,838.9600219726562,98,8,True,0.009907581228523199,0.19041097593772371,4.80514805681143,-0.227249299547296,True,True,False,all
2026-09-15,ABCL,11.40999984741211,98,8,True,0.2957663195877409,1.128155606361073,3.156648569436352,-0.0930047761041054,True,True,False,all
2026-09-15,CLMT,57.54999923706055,98,8,True,0.2473881671524074,0.756361637757367,2.369437909492287,-0.014554833332353523,False,False,False,all
2026-09-15,DELL,543.510009765625,98,8,True,0.1962880082387728,1.0441948296727976,3.931137758539011,-0.044243540015556415,False,False,False,all
2026-09-15,DK,78.13999938964844,98,8,True,0.1781592684928608,0.6957262763862848,2.0228239163068715,-0.012760607918626987,False,False,False,all
2026-09-15,ETON,54.93000030517578,98,8,True,0.09336932764048744,0.8614439214003737,2.849334165598489,-0.17236706294991666,True,True,False,all
2026-09-15,PALU,56.5,98,8,True,0.07810518892540097,0.9728394187987455,4.7360403869923084,-0.16740348523690807,False,False,False,all
2026-09-15,CDNA,52.63999938964844,98,8,True,0.21450389570594375,1.0177027946831805,2.9312918625800215,-0.020468966402342414,False,True,False,all
2026-09-15,DRTS,14.869999885559082,98,8,True,0.09669662365067455,0.6325230953016221,3.3352768501889587,-0.019775885908113522,True,True,False,all
2026-09-15,RVMD,204.86000061035156,98,8,True,0.0301952915204049,0.4838790453887596,3.8568041519244325,-0.08671034354213969,False,True,False,all
2026-09-15,CRWL,88.91999816894531,98,8,True,0.29278908149732574,1.1263491450785406,4.830819552061988,-0.014846044045763174,False,False,False,all
2026-09-15,PAYS,12.170000076293945,98,8,True,0.08418709104438071,0.7752299347079186,2.9512988239461433,-0.15661816916741256,True,False,False,all
2026-09-15,IMMX,12.140000343322754,98,8,True,0.07523075018584557,0.38637496631813284,5.257731951161062,-0.19602648764031805,False,True,False,all
2026-09-15,PBF,74.72000122070312,98,8,True,0.10898708905628895,0.6431819333185824,1.9164714587471847,-0.09550901018465519,False,False,False,all
2026-09-15,AMLX,33.150001525878906,98,8,True,0.2755298857197044,0.9028376902189288,2.060941990711934,-0.19421482698854775,False,True,False,all
2026-09-15,QMCO,23.260000228881836,98,8,True,0.3656165353327805,1.2855795497711124,4.5513126279792795,-0.16330932132279985,True,True,False,all
2026-09-15,FTH,35.369998931884766,98,8,True,0.1215824236872991,0.5673320924337251,3.7476509848895745,-0.16071476578259314,False,False,False,all
2026-09-15,OMER,17.170000076293945,98,8,True,0.1791772530617166,0.38190247537429034,3.3578679763793753,-0.12620863055374554,True,True,False,all
2026-09-15,LBRX,43.040000915527344,97,8,True,0.021978254647646134,0.45442260281882163,2.2215570375420044,-0.14194575266235987,True,True,False,all
2026-09-15,FEIM,85.05000305175781,97,8,True,0.271000321589131,0.4830586587599661,2.2648754526932864,-0.05247325058353047,False,False,False,all
2026-09-15,LFST,13.0600004196167,97,8,True,0.11365985205668361,0.5488431628890529,1.7379455915804751,-0.03687315520113632,False,False,False,all
2026-09-15,FET,81.93000030517578,97,8,True,0.17565520080809782,0.4872500102822306,2.2680495134625187,-0.0628002514156969,True,False,False,all
2026-09-15,XNCR,23.75,97,8,True,0.0713496299137677,0.5430920633371279,1.8648974800105145,-0.22410978352060784,False,True,False,all
2026-09-15,RNG,72.43000030517578,97,8,True,0.23649636547920494,0.7607469966784921,2.0004143387109927,-0.07081458446665001,True,True,False,all
2026-09-15,VLO,397.0400085449219,97,8,True,0.20429744028791186,0.6138974920513263,1.55676492826777,-0.006804085336844512,False,False,False,all
2026-09-15,CGEM,20.540000915527344,97,8,True,0.05455558019031681,0.3738326985525515,2.616197453571968,-0.11427337462275577,False,False,False,all
2026-09-15,DINO,112.25,97,8,True,0.21050883141973054,0.668196154954781,1.4556990209638943,-0.0040371041538753705,False,True,False,all
2026-09-15,MAN,58.45000076293945,97,8,True,0.07270145968867259,0.6133239497213436,1.3240557315903123,-0.08500313422640327,False,True,False,all
2026-09-15,AGEN,7.159999847412109,97,8,True,0.06285067303473912,0.6606941603939169,1.6420663271679992,-0.19096050409174758,False,True,False,all
2026-09-15,NESR,32.09000015258789,97,8,True,0.028034691641371845,0.33602426044876155,2.2348790227607065,-0.13129395382853004,True,True,False,all
2026-09-15,GH,175.64999389648438,97,8,True,0.09794147240525719,0.47359417420482885,2.289325634407711,-0.020356994384544413,False,True,False,all
2026-09-15,PARR,83.5999984741211,97,8,True,0.08124046215904235,0.4622567850540995,1.5930519268538936,-0.039411701175293246,False,True,False,all
2026-09-15,PSNL,16.100000381469727,97,8,True,0.0838831606502044,0.5939963170844427,2.2492433157148977,-0.14769714654980914,False,True,False,all
2026-09-15,CRSR,13.359999656677246,97,8,True,0.18036839662516924,0.7112025107505766,1.9821427678119168,-0.10802510777863472,False,True,False,all
2026-09-15,HPE,55.880001068115234,97,8,True,0.08197700490554904,0.6266126647865424,1.8165322902392398,-0.13027235691649441,False,False,False,all
2026-09-15,SILC,42.689998626708984,97,8,True,0.0011021409412510508,0.400705396227941,2.200149785487622,-0.19376774293479537,False,True,True,all
2026-09-15,AMD,504.20001220703125,97,8,True,0.01837274282206014,0.4414169564590933,2.3646979757794098,-0.1377216338337257,False,True,True,all
2026-09-15,ECO,82.7300033569336,97,8,True,0.322309087780942,0.6471040985476038,1.9823361225499698,-0.0064848481794406165,False,False,False,all
2026-09-15,KRT,49.45000076293945,97,8,True,0.13308542330366535,0.6083615518254086,1.3993206840616361,-0.026766395858955128,True,True,False,all
2026-09-15,MPC,410.8399963378906,97,8,True,0.21388252687227105,0.657494439649426,1.537145772373873,-0.005903993536133578,False,False,False,all
2026-09-15,OKTA,190.4499969482422,97,8,True,0.26469974340782976,0.818427865181216,2.039419045834994,-0.00802129538444496,False,False,False,all
2026-09-15,HZO,52.5,96,8,True,0.19703955027003106,0.5981832477835569,1.450980383426939,0.0,True,False,False,all
2026-09-15,PGEN,7.0,96,8,True,0.10295276237402251,0.4806354052874704,1.3411371162786545,-0.09326422406208079,True,True,False,all
2026-09-15,NTRA,350.7799987792969,96,8,True,0.17155783137854264,0.46867918832816025,1.2282356168287212,-0.0028424262634808573,False,True,False,all
2026-09-15,NAT,7.849999904632568,96,8,True,0.18433359105743152,0.46351465434164374,1.5653594939292863,-0.0075853279313489175,False,False,False,all
2026-09-15,LPG,56.81999969482422,96,8,True,0.20895673825275152,0.5312763470847577,1.3914141055333742,-0.001932208146177783,False,False,False,all
2026-09-15,GUSH,50.13999938964844,96,8,True,0.232989204341304,0.4630317309255563,1.4099975320440068,-0.012506196300295924,False,True,False,all
2026-09-15,ROIV,39.5,96,8,True,0.09738683285189564,0.3571423062230925,1.8602461114984048,-0.07058823529411762,False,False,False,all
2026-09-15,UCO,53.88999938964844,96,8,True,0.2713863559355816,0.529338796559164,1.9740616387260808,-0.010102851780578681,False,True,False,all
2026-09-15,WTI,4.130000114440918,96,8,True,0.12736805101719728,0.34448861200326863,1.7533334096272788,-0.18700783927809106,False,True,False,all
2026-09-15,ADPT,26.68000030517578,96,8,True,0.11829255981305331,0.4903071541929964,1.2233333587646484,-0.024140447832061818,False,True,False,all
2026-09-15,EWTX,43.630001068115234,96,8,True,0.02274514118880422,0.2980454487120887,2.1881622017032614,-0.09855372535914508,False,True,False,all
2026-09-15,PANW,375.0899963378906,96,8,True,0.07042504984555809,0.5771806697319872,1.6874684864532745,-0.059642018285452014,False,False,False,all
2026-09-15,USO,161.86000061035156,96,8,True,0.24678022230452856,0.4712184873911702,1.4527959668145027,-0.009120903582422124,False,False,False,all
2026-09-15,CRWD,242.49000549316406,96,8,True,0.18708905869957104,0.6695894679707797,1.8301821268611231,-0.00610701803617919,False,False,False,all
2026-09-15,CMPS,13.8100004196167,96,8,True,0.04891389302621785,0.46357881653738175,1.8651452132327648,-0.1298046301699649,False,True,False,all
2026-09-15,CVI,52.16999816894531,96,8,True,0.4010333456510973,0.6794116170124598,1.65902119966391,-0.0072312288036578964,False,False,False,all
2026-09-15,TVTX,62.5099983215332,96,8,True,0.020474768150081424,0.4428100617932169,1.8342778261881776,-0.09049912311364539,False,True,False,all
2026-09-15,PUBM,16.780000686645508,96,8,True,0.10917219551581692,0.5782284097039003,1.7284553538926386,-0.09002168109193842,True,True,False,all
2026-09-15,KOS,3.0899999141693115,96,8,True,0.18164433095156785,0.3787256467272746,2.6785714412424846,-0.07485030132468651,False,True,True,all
2026-09-15,FRO,51.59000015258789,96,8,True,0.24566589106608183,0.5034329261370578,1.5202736630738878,-0.025469289836798636,False,False,False,all
2026-09-15,CORT,110.81999969482422,96,8,True,0.03544158523538532,0.6319666275329012,2.866713199052262,-0.12312073031140158,True,True,False,all
2026-09-15,INSW,107.73999786376953,96,8,True,0.1333369535833937,0.4251002009568867,1.549455800826939,-0.01849320252689557,False,False,False,all
2026-09-15,OILU,57.849998474121094,96,8,True,0.22784151431680044,0.4461671690942899,1.924671206567682,-0.05807840424325372,False,True,False,all
2026-09-15,FTNT,172.3699951171875,96,8,True,0.08095393676807006,0.5317821969353715,1.343575635148365,-0.00965244415463018,False,True,False,all
2026-09-15,TH,18.75,95,8,True,0.08681791711496545,0.42211907589684294,2.140703627964128,-0.10071944091358798,False,False,False,all
2026-09-15,BNO,63.560001373291016,95,8,True,0.24220691133169225,0.4469806836832193,1.341930832818429,-0.006564522850114329,False,False,False,all
2026-09-15,LILAK,8.850000381469727,95,8,True,0.08880199100145014,0.42743271270205896,0.9214161158063472,-0.007291035407900326,True,True,False,all
2026-09-15,ACHV,7.320000171661377,95,8,True,0.038680952453646444,0.39662675721980056,1.7938933173271345,-0.1527777915751487,False,False,False,all
2026-09-15,CMBT,19.559999465942383,95,8,True,0.1540912100364269,0.4015376404633908,1.203943601796325,-0.017332389289219652,False,False,False,all
2026-09-15,OSCR,32.439998626708984,95,8,True,0.057828340538897516,0.5427489198662914,2.0346117773697627,-0.05916476051655517,False,True,False,all
2026-09-15,SSL,15.109999656677246,95,8,True,0.2763980099738157,0.447130845802052,1.883587846694299,-0.00455890395811398,False,False,False,all
2026-09-15,OBE,12.699999809265137,95,8,True,0.19378852581055206,0.3646669218880978,1.3345587639118772,-0.12954080353368036,False,False,False,all
2026-09-15,UGP,7.440000057220459,95,8,True,0.14751065673247377,0.39152554703326814,1.0666667373092107,-0.024901710926695242,False,True,False,all
2026-09-15,AYA,26.700000762939453,95,8,True,0.10180335267008456,0.41695306273731303,2.108265458516389,-0.12171049019801605,False,False,False,all
2026-09-15,HNGE,92.38999938964844,95,8,True,0.07035693342346394,0.5881897290369891,2.0714760513292374,-0.033274043270170695,False,False,False,all
2026-09-15,HNST,5.429999828338623,95,8,True,0.1550487780037355,0.6002474981898849,1.6231884074663485,-0.0965058865981312,False,True,False,all
2026-09-15,MATX,238.60000610351562,95,8,True,0.10664005974893409,0.36146459675738263,1.7434747930843666,-0.009424125294507868,False,True,False,all
2026-09-15,ILMN,222.2899932861328,95,8,True,0.104526796648996,0.43932775045387973,1.5260226509787818,-0.04106813499298967,False,False,False,all
2026-09-15,SGMT,10.460000038146973,95,8,True,0.1550735997890187,0.5078238201965684,1.3244444529215493,-0.08638311550870637,True,True,False,all
2026-09-15,PSX,264.92999267578125,95,8,True,0.17934519498111468,0.5039219723434798,1.09034241077193,-0.006633333318076362,False,False,False,all
2026-09-15,KNSA,75.1500015258789,95,8,True,0.02163586287665553,0.39359256429622325,1.134943178893367,-0.09392332633496925,True,True,False,all
2026-09-15,TEN,51.11000061035156,95,8,True,0.24247007455326774,0.4471927743348436,1.493170761480564,-0.00214761045939027,False,False,False,all
2026-09-15,HTFL,48.33000183105469,95,8,True,0.34402327792788756,0.5852828103816865,1.4008943788358388,-0.06659195131144313,True,False,False,all
2026-09-15,TWLO,242.16000366210938,95,8,True,0.10686434653655463,0.45438124223071297,1.4599755958584884,-0.06267778335452279,True,True,False,all
2026-09-15,OOMA,22.65999984741211,94,8,True,0.06238336666518074,0.40335665263912657,1.3138976141587473,-0.13478429227426236,False,False,False,all
2026-09-15,APA,47.40999984741211,94,8,True,0.20544113519990104,0.38621474334846173,1.1918632310169643,-0.0006323520270926641,False,True,False,all
2026-09-15,SM,41.290000915527344,94,8,True,0.2298427114611259,0.5085667918192862,1.3661890607603642,-0.006496642176176404,False,True,False,all
2026-09-15,SMTC,150.91000366210938,94,8,True,0.12548852757080442,0.3691881700176689,1.6245218028192934,-0.14908374136719094,False,True,False,all
2026-09-15,ARKG,47.709999084472656,94,8,True,0.09748801798779283,0.40573561393731183,0.9394308270178255,-0.055901865468871104,False,True,False,all
2026-09-15,DBO,26.350000381469727,94,8,True,0.22959618350556843,0.43999302552920394,1.2161479916413538,-0.010142766688637228,False,False,False,all
2026-09-15,EQNR,45.75,94,8,True,0.13454318662812792,0.3420200446019097,1.0552560435574674,-0.0019633541075110283,False,True,False,all
2026-09-15,TNK,99.25,94,8,True,0.20296322996284166,0.3795394546959161,1.1036455989406169,-0.03472086856078771,False,False,False,all
2026-09-15,BWLP,25.81999969482422,94,8,True,0.14712727911865842,0.41244944839254694,1.2030715961212146,-0.0038580393971983096,False,False,False,all
2026-09-15,NEOG,12.25,94,8,True,0.11016457761598186,0.2829038662990404,1.4999999513431481,-0.046692635304116714,True,False,False,all
2026-09-15,FIVN,33.02000045776367,94,8,True,0.11495293653546268,0.5260790041410559,1.4845749098978693,-0.06139851701747501,True,True,False,all
2026-09-15,ERX,114.80000305175781,94,8,True,0.16948344278920802,0.3614381306886276,1.273267387163521,-0.008721133996440478,False,False,False,all
2026-09-15,SEPN,38.86000061035156,94,8,True,0.023779302983334194,0.29106852405293115,1.775714329310826,-0.239530298028645,True,True,False,all
2026-09-15,CVE,33.91999816894531,94,8,True,0.12340194202531385,0.35330029469434954,1.1701854075871596,-0.007025810290949952,False,True,False,all
2026-09-15,STLN,6.369999885559082,94,8,True,0.08777320202113081,0.5194885461840995,1.7456896848507082,-0.09645394138704277,True,True,False,all
2026-09-15,GKOS,171.67999267578125,94,8,True,0.007796763812266683,0.3041702447008159,1.346637289258322,-0.1040601343780001,False,True,False,all
2026-09-15,CXW,35.380001068115234,94,8,True,0.09254859138354377,0.49945438665557407,1.2477764664924038,-0.018721376545478785,False,False,False,all
2026-09-15,PTEN,12.710000038146973,94,8,True,0.1497268114929995,0.3117765730071298,1.4921569168269757,-0.05078418877822355,False,True,False,all
2026-09-15,NSIT,160.72000122070312,94,8,True,0.15108986671871594,0.6094339097153738,1.5262496686423903,-0.030580808678117966,True,True,False,all
2026-09-15,PVLA,151.22000122070312,94,8,True,0.01558843354138828,0.2536687523726906,1.8371482811496338,-0.0629570166978688,False,True,False,all
2026-09-15,ECPG,98.80000305175781,94,8,True,0.031526312337558426,0.3037569149687296,1.473091393365177,-0.058868356901872865,False,False,False,all
2026-09-15,FROG,94.80000305175781,94,8,True,0.06679753705591485,0.42416281186467475,1.7841411211714808,-0.1036308515799288,False,True,False,all
2026-09-15,ZETA,31.040000915527344,94,8,True,0.1894178946038414,0.5146525027303237,1.1608076164355698,-0.053946979081949675,True,True,False,all
2026-09-15,AMN,34.150001525878906,94,8,True,0.009871055150756591,0.38157036015354673,1.2812291861539742,-0.08248252536640366,True,True,False,all
2026-09-15,MRX,68.4000015258789,94,8,True,0.003154687959518787,0.3233047517433285,1.4507345718320073,-0.13538110228596367,False,False,False,all
2026-09-15,CRL,272.8800048828125,94,8,True,0.04725706925301254,0.34145741109732186,0.8915847447220147,-0.10032637539388312,True,True,False,all
2026-09-15,SLDE,26.479999542236328,94,8,True,0.20089067904459412,0.3984259591020336,1.1133280212734071,-0.0015083301220545353,False,False,False,all
2026-09-15,FDMT,13.630000114440918,93,8,True,0.07849343570079514,0.3364153650728261,1.1076233335953343,-0.19492026764618542,False,True,False,all
2026-09-15,IBTA,42.04999923706055,93,8,True,0.22369989057292816,0.4352980713535395,1.2015705967135086,-0.031775294920980524,True,True,False,all
2026-09-15,RDVT,76.20999908447266,93,8,True,0.0989296070368022,0.4369369573418862,1.2817363952939886,-0.032868069377915865,False,True,False,all
2026-09-15,CODI,11.100000381469727,93,8,True,0.01408762486221704,0.2472821441422297,1.4235809096887064,-0.16226412215322816,True,True,False,all
2026-09-15,HALO,106.25,93,8,True,0.12797919027426108,0.41104037212663824,0.7352605061953164,-0.044084583523267384,True,True,False,all
2026-09-15,TRLV,11.600000381469727,93,8,True,0.18054145679312805,0.4000953963808491,1.5129982540075084,-0.12650597780739503,False,False,False,all
2026-09-15,CGAU,22.079999923706055,93,8,True,0.11321743947180885,0.24525556130439696,1.467039150196249,-0.09951062351163409,False,True,False,all
2026-09-15,WTTR,20.670000076293945,93,8,True,0.03697387063263213,0.2948734491244749,1.3043477659940588,-0.08337025385246377,True,True,False,all
2026-09-15,PRCH,16.049999237060547,93,8,True,0.03524337644135689,0.49651737789759354,1.5235847327241565,-0.1742128752504155,True,True,False,all
2026-09-15,NMM,92.83999633789062,93,8,True,0.13068657559653318,0.3439071631862647,1.1580659077174906,-0.005676409907900637,False,False,False,all
2026-09-15,MCS,27.329999923706055,93,8,True,0.008777426563603585,0.3693962637458632,1.1268481799515846,-0.15700180545089915,False,True,False,all
2026-09-15,CRAK,65.55000305175781,93,8,True,0.13919172037902072,0.36145221257703475,0.8464789592044455,-0.015470092384654355,False,False,False,all
2026-09-15,S,23.479999542236328,93,8,True,0.1591398182607573,0.45223337394950835,0.9881455298879986,-0.019624267462672096,False,False,False,all
2026-09-15,CYRX,16.309999465942383,93,8,True,0.038469833204876736,0.3547748926256604,1.1432324809185248,-0.05174425915810077,False,True,False,all
2026-09-15,MLAB,127.1500015258789,93,8,True,0.15535873011243417,0.3239303042379018,1.0701726687801738,-0.04182362886208646,False,True,False,all
2026-09-15,CNC,67.66000366210938,93,8,True,0.03220182576235553,0.3211490002106048,1.1391086138893698,-0.028292311776759282,False,True,False,all
2026-09-15,SB,8.609999656677246,92,8,True,0.09413913178499533,0.3205622198935034,1.0797101290696873,-0.07518804848434935,False,False,False,all
2026-09-15,SMTI,35.11000061035156,92,8,True,0.12006483963091918,0.48212878448805285,1.1875390828231422,-0.016526614565240405,True,True,False,all
2026-09-15,SNOW,322.9800109863281,92,8,True,0.05490004391515835,0.4584147101391758,1.730177537231509,-0.16013102497194331,False,False,False,all
2026-09-15,TALO,18.329999923706055,92,8,True,0.17067748914519987,0.3082251091638668,1.0665163652987695,-0.021094817074319816,False,False,False,all
2026-09-15,DCTH,16.170000076293945,92,8,True,0.09132876827512826,0.4085764727969168,0.9913793478065549,-0.07175660129307726,True,True,False,all
2026-09-15,PLPC,403.1000061035156,92,8,True,0.03559350047826659,0.277607359638919,1.1905227515737025,-0.20129187391558256,True,True,False,all
2026-09-15,BTE,5.170000076293945,92,8,True,0.15119128255294334,0.2561349146568317,1.3715595954014965,-0.035447770986505756,False,False,False,all
2026-09-15,CLOV,4.659999847412109,92,8,True,0.05004615421362102,0.45199605977355906,1.949366911923426,-0.16636856525759447,False,False,False,all
2026-09-15,DAR,66.54000091552734,92,8,True,0.051154961674229726,0.22079985022743442,1.2826758760308432,-0.04915693450113867,False,True,False,all
2026-09-15,GCT,52.685001373291016,92,8,True,0.15042047757391197,0.2756844250072974,1.0750296431582749,-0.06371066385833002,True,True,False,all
2026-09-15,TBBB,50.790000915527344,92,8,True,0.12769435691793274,0.3226097711646252,1.1331374235508456,-0.02738414921003185,True,True,False,all
2026-09-15,NET,327.2300109863281,92,8,True,0.13443409798462924,0.44852929716391454,1.0602531462185478,-0.02202628506500215,False,True,False,all
2026-09-15,GEO,31.260000228881836,92,8,True,0.00829603389544098,0.4173881798151611,1.4988009318106865,-0.057013611161423894,False,False,True,all
2026-09-15,CON,35.619998931884766,92,8,True,0.07440605715823057,0.38946313045404835,0.920733285809892,-0.01192788666507727,True,True,False,all
2026-09-15,CRGY,15.369999885559082,92,8,True,0.26225710489048604,0.3669208585186141,1.0013021131647601,-0.006464148658281377,False,False,False,all
2026-09-15,YPF,57.61000061035156,92,8,True,0.1290189900312979,0.31470100028647274,1.5245399378080635,-0.004320774237172587,False,False,False,all
2026-09-15,FA,21.649999618530273,92,8,True,0.032496193880450885,0.3963732753790101,1.4546485677584542,-0.13916501205118248,True,True,False,all
2026-09-15,EC,18.260000228881836,92,8,True,0.08866737569830341,0.3111411240288169,1.1306885506553535,-0.006528777876166125,False,True,False,all
2026-09-15,BLFS,36.38999938964844,92,8,True,0.09465994101744446,0.41364579425870285,1.0375138939556914,-0.044881867531678554,True,True,False,all
2026-09-15,VG,15.289999961853027,92,8,True,0.10341343541030468,0.31588005977204414,1.6730770144557523,-0.13223613884241692,False,False,False,all
2026-09-15,MSBI,33.66999816894531,92,8,True,0.03221093542152209,0.28485574676236447,1.3644662015539804,-0.04074075120630294,True,True,False,all
2026-09-15,MT,73.30000305175781,91,8,True,0.03010207554828548,0.21363649118730899,1.14641287779185,-0.08007024634767157,False,True,False,all
2026-09-15,HUM,396.6199951171875,91,8,True,0.018767901298540446,0.3921026378662622,1.4316105305195892,-0.07521919744064487,False,True,False,all
2026-09-15,VIR,10.4399995803833,91,8,True,0.06297404308543553,0.19535934458462667,1.1978946485017476,-0.12562814511856513,False,False,False,all
2026-09-15,VIST,78.36000061035156,91,8,True,0.13700010341354218,0.23149265218085313,1.3482170547952643,-0.03781927478784963,False,False,False,all
2026-09-15,REPX,44.900001525878906,91,8,True,0.21768659974168192,0.35890336319200733,0.8646180094741682,-0.00904877146293337,False,False,False,all
2026-09-15,TIGO,95.81999969482422,91,8,True,0.00886732898906506,0.23472618678350599,1.1349791356520473,-0.10557264863770832,False,True,False,all
2026-09-15,DHT,22.139999389648438,91,8,True,0.162607485421429,0.3089786472053013,1.0443212876840051,-0.029585848284402028,False,False,False,all
2026-09-15,WHD,69.8499984741211,91,8,True,0.08995181894517068,0.2585426584884776,1.1039155683421957,-0.0569731502374774,True,True,False,all
2026-09-15,HAFN,9.479999542236328,91,8,True,0.19521906745909856,0.2997696006216821,0.8336555903944891,-0.011985484272226232,False,False,False,all
2026-09-15,WT,22.100000381469727,91,8,True,0.012340491280570465,0.27390740025244864,1.0673527828779679,-0.1470474522724834,False,False,False,all
2026-09-15,PR,24.489999771118164,91,8,True,0.12965421322886428,0.29528402122897024,1.0545301689907678,-0.0062933350256517695,False,True,False,all
2026-09-15,STGW,8.6899995803833,91,8,True,0.03449912220173057,0.31364124799942905,1.0256409458404128,-0.09005241813355258,True,True,False,all
2026-09-15,CHEF,106.45999908447266,91,8,True,0.0005300514616370933,0.3475284042726223,1.001127773641604,-0.09511264170230238,True,False,False,all
2026-09-15,NHC,226.61000061035156,91,8,True,0.01925984262009295,0.26520934849846745,0.9775722825066546,-0.05299006657841743,False,True,False,all
2026-09-15,OGN,13.65999984741211,91,8,True,0.002598222469130107,0.3042502521618866,1.4007029367386266,-0.009067827448940191,False,False,False,all
2026-09-15,MGNI,23.709999084472656,91,8,True,0.07359876375935803,0.4593912009178067,1.1913123616643362,-0.09469268419295962,True,True,False,all
2026-09-15,ZD,59.209999084472656,91,8,True,0.09026292415186621,0.3509767043140386,1.637416350658515,-0.013166681925455781,False,False,False,all
2026-09-15,NTAP,189.92999267578125,91,8,True,0.039741481212239416,0.42724451437151223,1.0272172881472974,-0.0915048555735819,False,False,False,all
2026-09-15,TENB,38.09000015258789,91,8,True,0.06293324134377554,0.4487021034848946,1.4214876834746972,-0.12777646554438105,False,False,True,all
2026-09-15,DAC,159.58999633789062,91,8,True,0.12051325073404295,0.32791535714756614,0.9098851244697954,-0.0006887953190581886,False,False,False,all
2026-09-15,GSAT,81.83000183105469,91,8,True,0.004394168652395614,0.12297721018300889,1.7607963399497653,-0.035592182644381465,True,True,False,all
2026-09-15,ITGR,126.20999908447266,91,8,True,0.09869350649743969,0.3639753083980488,1.0356451465237524,-0.004653028021176953,True,True,False,all
2026-09-15,LB,87.22000122070312,90,8,True,0.07690448067228361,0.27185130377787714,0.9936000279017858,-0.048751238975695776,False,True,False,all
2026-09-15,PHVS,38.060001373291016,90,8,True,0.07942238795203593,0.2715680097279558,0.8430993741587229,-0.11999996824760661,False,False,False,all
2026-09-15,NUE,258.82000732421875,90,8,True,0.025760967518305256,0.23721121000988776,0.9709106982092419,-0.07600578037453032,False,True,False,all
2026-09-15,SBLK,31.209999084472656,90,8,True,0.08213998213743956,0.25529656829904424,0.8666268161593047,-0.050790812937717034,False,False,False,all
2026-09-15,ATKR,94.55000305175781,90,8,True,0.10159364070482324,0.2869321308678261,0.7590698242187499,-0.0007925701267338381,True,True,False,all
2026-09-15,FLKR,58.16999816894531,90,8,True,0.018742592621945775,0.18545294412769797,1.203242073616345,-0.1975444905066186,True,False,False,all
2026-09-15,UFCS,54.900001525878906,90,8,True,0.03452957178728577,0.2632480313818848,0.8459987205243606,-0.032428623513527044,False,False,False,all
2026-09-15,AVT,92.63999938964844,90,8,True,0.026554795278799004,0.2656783763446282,1.0935593082406427,-0.07360000610351558,False,True,False,all
2026-09-15,ROKU,156.6199951171875,90,8,True,0.04170890303135799,0.30685328715614824,0.9943970145390828,-0.02045158724712992,True,False,False,all
2026-09-15,BUG,45.29999923706055,90,8,True,0.11095849428148563,0.3937796591442162,0.9572261110872127,-0.004723720871603221,False,False,False,all
2026-09-15,EWY,176.49000549316406,90,8,True,0.016699036892881214,0.17453246806206568,1.2548870967506107,-0.2010049980495635,False,True,False,all
2026-09-15,HP,43.45000076293945,90,8,True,0.11211787798824169,0.21744663190360036,1.138287471234892,-0.09798624839991776,False,False,False,all
2026-09-15,SAFT,103.51000213623047,90,8,True,0.07871910553350259,0.2898852517857995,0.5440035907316969,-0.002793843034693766,True,True,False,all
2026-09-15,SHG,82.62999725341797,90,8,True,0.10177149513356243,0.26643677751413275,0.7562167607503725,-0.03435786434371202,False,True,False,all
2026-09-15,AMCX,12.1899995803833,90,8,True,0.0680802268707732,0.31482435836702405,0.8840803671837856,-0.05723129987060127,True,True,False,all
2026-09-15,HPQ,33.81999969482422,90,8,True,0.18583449616171843,0.4602195827611757,0.9259681505354316,-0.06651945564069284,False,False,False,all
2026-09-15,CLBK,11.529999732971191,90,8,True,0.04103051659839596,0.2906452338124912,0.8569545897427091,-0.03916668891906738,True,True,False,all
2026-09-15,ZIM,29.56999969482422,90,8,True,0.11549546203791938,0.18234597098133354,1.3982157240708482,-0.027302629411880996,False,True,False,all
2026-09-15,EGY,6.519999980926514,90,8,True,0.15312510506343813,0.2459630379716431,0.937592856596787,-0.029761877307950435,False,False,True,all
2026-09-15,TGT,154.39999389648438,89,8,True,0.028620122721554564,0.23873927932408034,0.8504313204557741,-0.09575406209965232,False,True,False,all
2026-09-15,MSGE,80.88999938964844,89,8,True,0.03597014243876906,0.22261896986060004,0.9421367689359641,-0.10529812948620365,False,False,False,all
2026-09-15,OPY,119.69000244140625,89,8,True,0.03680131118447871,0.24367850215058917,0.8757248059158476,-0.04917377619217933,False,True,False,all
2026-09-15,GSG,37.150001525878906,89,8,True,0.13576612747169858,0.2618200612660533,0.6607063089923426,-0.004021386441011132,False,False,False,all
2026-09-15,SNX,262.4800109863281,89,8,True,0.03663371637252344,0.26109099490392085,0.8455913987723873,-0.11464900359032149,False,True,False,all
2026-09-15,TX,57.25,89,8,True,0.11016308378597572,0.2812880470250638,0.7343230206302214,-0.02520006051033541,True,True,False,all
2026-09-15,ARW,212.8300018310547,89,8,True,0.011262975413050214,0.23181477919516302,1.0908733659180956,-0.10323178616684348,False,False,False,all
2026-09-15,IEO,144.75999450683594,89,8,True,0.12616358110491666,0.28005484722469864,0.6846269520857511,-0.005222716762720903,False,False,False,all
2026-09-15,CF,135.5399932861328,89,8,True,0.09035615235831318,0.23492441074655468,0.7971359927974953,-0.04522409921179049,False,False,False,all
2026-09-15,HACK,120.58999633789062,89,8,True,0.07916112444598977,0.33475079851907763,0.7311224518853126,-0.01131429752399038,False,False,False,all
2026-09-15,OVV,66.97000122070312,89,8,True,0.08086561615308585,0.25234337230830306,0.8880743985318524,-0.007998828298622418,False,False,False,all
2026-09-15,GEF.B,105.66999816894531,89,8,True,0.01866506349685304,0.20052872355713447,0.8335935486804809,-0.0729888573624462,True,False,False,all
2026-09-15,FLTW,102.48999786376953,89,8,True,0.026972414486093443,0.24041982279191743,0.8117376421542863,-0.07097536124650694,True,True,False,all
2026-09-15,SFL,13.270000457763672,89,8,True,0.10076982810150215,0.25219988376140656,0.9717682645104275,-0.004127531128610085,False,False,False,all
2026-09-15,TRMD,34.93000030517578,89,8,True,0.1305487825622007,0.2596227566588416,0.8098446469418481,-0.028048289494955414,False,False,False,all
2026-09-15,TSAT,48.59000015258789,89,8,True,0.08862711229453901,0.2102403458069264,1.1116905549439497,-0.21043224846088682,True,True,False,all
2026-09-15,SU,71.87000274658203,89,8,True,0.10589310694041609,0.22203787164527,0.902832985849463,-0.0026366197397832414,False,False,False,all
2026-09-15,GRDN,48.0,89,8,True,0.19381602579100865,0.32356103752806176,1.0743302189313177,-0.0029081718201795503,False,False,False,all
2026-09-15,ZBRA,342.7300109863281,89,8,True,0.054393616999333316,0.31535245522790056,0.7218287150551312,-0.11262718784827885,True,True,False,all
2026-09-15,HRTG,34.779998779296875,89,8,True,0.10840574740753373,0.2651297691895298,0.6982421658540257,-0.04712332111515416,True,True,True,all
2026-09-15,MFG,11.149999618530273,89,8,True,0.05419406020309214,0.233577607295558,0.830870170634098,-0.02959096252051563,False,False,False,all
2026-09-15,BLTE,169.44000244140625,89,8,True,0.048766672768940644,0.06208936929182096,1.6148147293460644,-0.15279998779296877,False,False,False,all
2026-09-15,AMTB,29.850000381469727,89,8,True,0.05645767607645946,0.2646992317711534,0.9110115621106045,-0.024509803616021286,True,True,False,all
2026-09-15,TEVA,39.25,89,8,True,0.1201803723956274,0.19075609343662414,1.1554092242359189,-0.005069727733119311,True,True,False,all
2026-09-15,MRK,143.7899932861328,89,8,True,0.05194230336269268,0.2000520214527941,0.8534414783756137,-0.08367324137154464,False,True,False,all
2026-09-15,QNST,18.360000610351562,89,8,True,0.015003955313151796,0.2880550169103546,0.7842566256963606,-0.17631225409408213,True,True,True,all
2026-09-15,FTI,74.97000122070312,89,8,True,0.005574475235109233,0.14713012765134081,1.1243978258928542,-0.07100366721468476,False,True,True,all
2026-09-15,THC,260.8500061035156,88,8,True,0.06028829955569903,0.24122378801193833,0.6553496831608061,-0.07843131124135871,True,True,False,all
2026-09-15,CHRD,157.0,88,8,True,0.13689191554975144,0.278621365848841,0.8635014836795252,-0.00038200407186028684,False,True,False,all
2026-09-15,XMAX,8.875,88,8,True,0.012284275364446096,0.19753206872757922,0.8489582598623331,-0.05585102551444132,False,True,False,all
2026-09-15,AAPU,44.150001525878906,88,8,True,0.06117566745410774,0.2469814395224046,0.6851145129862046,-0.09695229950796724,False,False,False,all
2026-09-15,MUFG,23.709999084472656,88,8,True,0.05242128227679799,0.24019568527313884,0.6217509760647966,-0.02267111043776482,False,True,False,all
2026-09-15,DBX,37.630001068115234,88,8,True,0.13833683108537898,0.3513659457488332,0.7345011107371728,-0.014147160773756995,False,True,False,all
2026-09-15,LQDT,43.380001068115234,88,8,True,0.06780488887422642,0.24280904134660442,1.0018459121082839,-0.016103403992185794,False,False,False,all
2026-09-15,XOP,199.6999969482422,88,8,True,0.11873489617293198,0.2451098669756695,0.6354106621084821,-0.00584398675465303,False,True,False,all
2026-09-15,OSPN,17.829999923706055,88,8,True,0.121256706718609,0.36167157437339714,0.7706058057648526,-0.03517314040212438,False,False,False,all
2026-09-15,SSRM,35.2400016784668,88,8,True,0.10983741623199106,0.23310996980704246,0.9373282377032377,-0.10649079854171006,False,True,False,all
2026-09-15,KARO,66.95999908447266,88,8,True,0.05764946310839325,0.2936630421135624,0.623272705078125,-0.02674424252424712,False,True,False,all
2026-09-15,BZH,33.349998474121094,88,8,True,0.015165031663393558,0.30175545621508015,0.8704429958959377,-0.034452878108387375,True,False,False,all
2026-09-15,EWT,106.66999816894531,88,8,True,0.028483586812993567,0.24614338261395874,0.7790193428566738,-0.054176278386989796,True,True,False,all
2026-09-15,GGB,5.059999942779541,88,8,True,0.06369559913743172,0.18620623728803132,0.6699669935833927,-0.02316600184088602,False,True,False,all
2026-09-15,IMAX,52.77000045776367,88,8,True,0.10206128496986477,0.31140127153225583,0.7166558507051077,-0.05038688595352536,True,True,False,all
2026-09-15,TDW,91.79000091552734,88,8,True,0.08167157349768384,0.23165566653997693,0.9676312521577775,-0.09637724688969618,False,False,False,all
2026-09-15,BFH,107.6500015258789,88,8,True,0.01762818590734505,0.23499777675208167,0.9998141903048441,-0.06007157362042714,False,True,False,all
2026-09-15,GNK,28.1200008392334,88,8,True,0.08447491859350187,0.2171895945205442,0.8083601604061781,-0.003543532124530291,False,False,False,all
2026-09-15,UVE,44.08000183105469,88,8,True,0.03376145023781629,0.1985817661128837,0.7991837482063138,-0.02369877427824496,True,True,False,all
2026-09-15,SUN,79.97000122070312,88,8,True,0.07066640477776165,0.22609748030873944,0.6667361814021342,-0.002494660756019007,False,False,False,all
2026-09-15,WEX,200.0800018310547,88,8,True,0.09346958064396604,0.25297345929187953,0.5969351134888412,-0.019167623691447977,True,True,False,all
2026-09-15,ARMK,58.279998779296875,87,8,True,0.0069038675689363505,0.23449072872454324,0.6618191983588209,-0.06975263591616854,False,True,False,all
2026-09-15,NTNX,67.98999786376953,87,8,True,0.09637414241252107,0.3857841022323154,0.9991179423470338,-0.15508889235262957,True,True,False,all
2026-09-15,IDT,71.0199966430664,87,8,True,0.07404265414663236,0.2912503616400586,0.5533682140609137,-0.015320670460084451,False,False,False,all
2026-09-15,ASC,18.739999771118164,87,8,True,0.0945750126360958,0.2239286402456513,0.817652668128104,-0.06440343840763918,False,True,False,all
2026-09-15,FFIV,430.8800048828125,87,8,True,0.06615622894010142,0.2958816609623536,0.92563467760386,-0.009471253142959823,False,True,False,all
2026-09-15,TRGP,285.67999267578125,87,8,True,0.01763909710577538,0.18263337429198567,0.9819619389862273,-0.07228684025830834,False,True,False,all
2026-09-15,IGPT,92.83999633789062,87,8,True,0.007085572532973483,0.20155638247968422,0.7550093319462932,-0.15075012260280718,True,True,False,all
2026-09-15,SCSC,57.630001068115234,87,8,True,0.04259008983415491,0.2879622827720827,0.7070498795421143,-0.1370170392099247,False,False,False,all
2026-09-15,NX,21.1299991607666,87,8,True,0.08164828267357094,0.1485911248813787,0.9139492059581493,-0.0942992186083974,False,False,False,all
2026-09-15,P,96.97000122070312,87,8,True,0.07238755462598356,0.27832802635805676,0.7078197130229655,-0.18581022281227433,False,True,False,all
2026-09-15,CNQ,51.54999923706055,87,8,True,0.0891842046195972,0.19771190131767669,0.7368597947106807,-0.014528811245998474,False,False,False,all
2026-09-15,DXPE,179.83999633789062,87,8,True,0.008797794582360075,0.20298013831420714,1.1399332981761443,-0.13538463299091041,True,True,False,all
2026-09-15,ING,36.779998779296875,87,8,True,0.05978962049551573,0.2189362230294638,0.5558375519841268,-0.01972285899356041,False,True,False,all
2026-09-15,PCVX,59.209999084472656,87,8,True,0.01298522009768166,0.08881339600059768,0.9217786468942935,-0.08907693716195908,False,False,False,all
2026-09-15,ANGO,15.680000305175781,87,8,True,0.053607687875872,0.2715249260371204,0.6698615262911953,-0.03744632142838744,True,True,False,all
2026-09-15,COP,141.22000122070312,87,8,True,0.13764342318654665,0.23635237461376724,0.650344767142087,-0.0028244168216033927,False,True,False,all
2026-09-15,CNH,14.0,87,8,True,0.2316354371509588,0.28783593164577415,0.5555555555555556,-0.0318118974366145,False,False,False,all
2026-09-15,COLO,50.75,86,8,True,0.07201399174434808,0.22472422449177687,0.571207467453132,-0.027405141755699414,False,True,False,all
2026-09-15,DBC,33.68000030517578,86,8,True,0.11743707100587053,0.2227530939852651,0.5323021386081908,-0.002963326505369568,False,False,False,all
2026-09-15,SMFG,26.780000686645508,86,8,True,0.035904687566593374,0.19519692833987712,0.7641633826261904,-0.030412748988576932,False,True,False,all
2026-09-15,CIBR,101.0,86,8,True,0.06702163383261062,0.29321548146623466,0.6813717415201255,-0.013190019484586868,False,False,False,all
2026-09-15,FIVE,236.07000732421875,86,8,True,0.04517077926873814,0.11825316218652815,0.7135080206381843,-0.1053888018948006,False,False,False,all
2026-09-15,CNXN,85.19999694824219,86,8,True,0.053152003818794036,0.2649601137308648,0.5499362389708964,-0.03521685761895843,False,True,False,all
2026-09-15,JXN,138.2100067138672,86,8,True,0.07456912244398195,0.21340785625721015,0.5413182729575692,-0.019091464152890203,False,False,False,all
2026-09-15,RSKD,6.199999809265137,86,8,True,0.08955430733557712,0.26836050441305104,0.6756756025304589,-0.11174788075600683,False,False,False,all
2026-09-15,PNTG,39.970001220703125,86,8,True,0.011765563670126378,0.19310587274373736,0.7960010212521755,-0.06371509706032397,False,True,False,all
2026-09-15,IHAK,67.33000183105469,86,8,True,0.06138573770992539,0.2778506522484667,0.6433976037333193,-0.01636223764968714,False,True,False,all
2026-09-15,BBVA,28.829999923706055,86,8,True,0.04043363362023733,0.19410773965652717,0.6106145552014943,-0.027327917767274612,True,True,False,all
2026-09-15,PAGP,27.84000015258789,86,8,True,0.05380301100568441,0.19378153727318193,0.6690647268123358,-0.02996517726445802,False,False,False,all
2026-09-15,KB,129.58999633789062,86,8,True,0.06924732939118439,0.2265449726595088,0.6734244867301347,-0.02775900018465327,False,True,False,all
2026-09-15,EXPD,193.89999389648438,86,8,True,0.06856090706774132,0.21054827747757554,0.7166887926994494,-0.0035459296695197207,True,True,False,all
2026-09-15,ALRS,33.369998931884766,86,8,True,0.01607693830619139,0.22290197723312466,0.6430329792889731,-0.029941934543789905,False,True,False,all
2026-09-15,VFLO,54.38999938964844,86,8,True,0.05220596299952507,0.23637926859648273,0.48769139350698065,-0.036321744984778026,True,False,False,all
2026-09-15,SWKS,90.0,86,8,True,0.34590306509363145,0.395740510012049,0.7331022428480487,-0.024918775468166232,False,False,False,all
2026-09-15,ANET,192.83999633789062,86,8,True,0.035413659045027135,0.25169002493452175,0.6838980264637136,-0.10261065249377066,True,True,False,all
2026-09-15,QRVO,118.05999755859375,86,8,True,0.24831349099125588,0.3309932274663896,0.5758142077415342,-0.020411542922277204,False,False,False,all
2026-09-15,PDBC,20.100000381469727,86,8,True,0.1177969140253341,0.22448236052070758,0.5337658209516978,-0.0029613541392587983,False,True,False,all
2026-09-15,CCSI,38.029998779296875,85,8,True,0.024675165639802987,0.2800231211454385,0.8826731357886763,-0.08140102952594008,False,False,True,all
2026-09-15,SMBK,52.279998779296875,85,8,True,0.03307905460666816,0.21170820477008623,0.5837625397633963,-0.03435538661471049,True,True,False,all
2026-09-15,FENY,36.5099983215332,85,8,True,0.08533440954470084,0.18573988770759575,0.5522958167920311,-0.0024590206650288993,False,True,False,all
2026-09-15,MTCH,44.400001525878906,85,8,True,0.11678449629360577,0.2692822671387327,0.5411316330764315,-0.011906082809871932,False,False,False,all
2026-09-15,ERO,32.529998779296875,85,8,True,0.02967146228750317,0.10840224617872263,0.9871714790223702,-0.20328196618999306,False,False,False,all
2026-09-15,WST,365.0,85,8,True,0.04654036487441093,0.23249997526693256,0.6307018586163415,-0.05440414507772018,False,True,False,all
2026-09-15,DE,684.0399780273438,85,8,True,0.09413345106235327,0.19153757962180795,0.5797690023726183,-0.03094014096502784,False,False,False,all
2026-09-15,OBK,54.459999084472656,85,8,True,0.021594918483873293,0.18496661447860507,0.695252889789032,-0.01997481764346576,False,True,False,all
2026-09-15,PAA,25.770000457763672,85,8,True,0.055818693958290755,0.19050921198826698,0.64244749183952,-0.023493707700802835,False,False,False,all
2026-09-15,MBIN,52.849998474121094,85,8,True,0.014163724679206346,0.17270490144671058,0.7402040504999583,-0.07068754234686325,True,False,False,all
2026-09-15,VOD,17.68000030517578,85,8,True,0.11353246707144993,0.19073278246264458,0.5899281013604867,-0.0016938893759275153,False,True,False,all
2026-09-15,VOYA,102.44000244140625,85,8,True,0.023517749490238105,0.2405954990262147,0.5882170921148255,-0.030291527515436067,False,True,False,all
2026-09-15,NMR,10.609999656677246,85,8,True,0.06953485536391035,0.2066416087664269,0.5812219964766638,-0.030164528003984836,False,True,False,all
2026-09-15,STNG,85.7300033569336,85,8,True,0.08949825958012814,0.1933297564584009,0.7520948870271136,-0.01899526312288169,False,False,False,all
2026-09-15,XLE,65.93000030517578,85,8,True,0.08756974124341865,0.18918354200729692,0.5567887291770215,-0.003626989125143476,False,False,False,all
2026-09-15,E,56.65999984741211,85,8,True,0.06389370058732302,0.16106080981983295,0.6650015245337841,-0.02310345090668775,False,True,False,all
2026-09-15,SKM,35.59000015258789,85,8,True,0.005964002493963783,0.1253915181686438,0.8102746911909404,-0.24565494017846445,True,True,False,all
2026-09-15,SAIC,133.74000549316406,85,8,True,0.09300429601130489,0.27025621497065266,0.6494820235924059,-0.062526271834903,False,True,False,all
2026-09-15,INVX,29.950000762939453,85,8,True,0.0544883821681017,0.14152425871486107,0.8262196011943259,-0.11153955572977503,True,False,False,all
2026-09-15,ACA,145.14999389648438,85,8,True,2.338649495259304e-05,0.16389926864316062,0.6303492742520143,-0.012047401950179615,False,True,True,all
2026-09-15,WF,79.4800033569336,85,8,True,0.1459186766644185,0.20830401966116607,0.627687904496171,-0.06174000453386519,False,True,False,all
2026-09-15,FXN,24.350000381469727,84,8,True,0.08240503669858379,0.1876050296082281,0.6040843143571832,-0.004094034945604563,False,False,False,all
2026-09-15,BOW,33.720001220703125,84,8,True,0.034679601130090054,0.23056940154707606,0.5898162506470237,-0.038494396517497864,True,False,False,all
2026-09-15,ARTY,71.9800033569336,84,8,True,0.002990340263420599,0.18636852291995765,0.6638542963995242,-0.12058638119960552,True,True,False,all
2026-09-15,XOM,169.32000732421875,84,8,True,0.08269180797215481,0.15823108732903446,0.5338346612953813,-0.040190443799721254,False,True,False,all
2026-09-15,IYE,69.25,84,8,True,0.07750572129502853,0.17881871154791407,0.534796135623651,-0.007879699537405083,False,False,False,all
2026-09-15,NVGS,24.56999969482422,84,8,True,0.1356912990602983,0.20935885531353393,0.7450283968721108,-0.0012195400886296781,False,False,False,all
2026-09-15,DGX,247.0800018310547,84,8,True,0.07246007597734616,0.21997374357369037,0.44339299218822714,-0.006314064363433292,False,False,False,all
2026-09-15,ABNB,168.32000732421875,84,8,True,0.015273783877796099,0.19315747322108012,0.5189965800262295,-0.12991783650214828,True,True,False,all
2026-09-15,HGER,36.27000045776367,84,8,True,0.08472003068551204,0.20322593544411727,0.48404253949261244,-0.0057565539229110785,False,True,False,all
2026-09-15,RRBI,102.91000366210938,84,8,True,0.024859164207749584,0.15098889620550793,0.6706169839491654,-0.01868979720739583,False,True,False,all
2026-09-15,VLUE,199.42999267578125,84,8,True,0.008422100883291206,0.18053553156899826,0.6550206861060686,-0.03456462407551253,True,True,False,all
2026-09-15,RSPG,117.11000061035156,84,8,True,0.07465410014975893,0.1754680453420705,0.5734246960927105,-0.00880237750398627,False,True,False,all
2026-09-15,COMT,38.189998626708984,84,8,True,0.12753047641711723,0.2227370985105399,0.5754950077273586,-0.003652574945411935,False,False,False,all
2026-09-15,TRST,59.11000061035156,84,8,True,0.04529926236872428,0.2098276357083977,0.7228212837195154,-0.002531179808135997,False,False,False,all
2026-09-15,TRV,377.9700012207031,84,8,True,0.028043335798337843,0.2002638948000004,0.49833508860423215,-0.051994006399888826,True,True,False,all
2026-09-15,NPK,155.6699981689453,84,8,True,0.1338722257505447,0.20141696355235017,0.7054119221159836,-0.015805778775629054,False,False,False,all
2026-09-15,VDE,185.61000061035156,84,8,True,0.08552239329926326,0.1854121749042752,0.5488151392046228,-0.0033291904172868536,False,False,False,all
2026-09-15,FBT,262.989990234375,84,8,True,0.020072492336645098,0.1770305175419311,0.5116105109361528,-0.0436379520206257,False,True,False,all
2026-09-15,KRNY,9.8100004196167,84,8,True,0.01717063099678695,0.17416834749265586,0.5746389068351276,-0.041992125108662015,False,True,False,all
2026-09-15,IXC,60.58000183105469,83,8,True,0.08355425777850467,0.1706393633331864,0.512609312985868,-0.001894684312509165,False,True,False,all
2026-09-15,CNO,55.720001220703125,83,8,True,0.027608233918139824,0.19786871103343073,0.45787544325143936,-0.03247089645650458,False,False,False,all
2026-09-15,WSFS,80.66000366210938,83,8,True,0.013163887150625664,0.16368824521328174,0.6157853890364742,-0.02748973610059391,False,True,False,all
2026-09-15,CLOU,28.190000534057617,83,8,True,0.07114225518013795,0.2509108064160992,0.6090182532823922,-0.03755549153590465,True,True,False,all
2026-09-15,OXY,63.52000045776367,83,8,True,0.10182898725729816,0.1983741294560084,0.6371134460510852,-0.05826533236901699,False,True,False,all
2026-09-15,AGM,224.47999572753906,83,8,True,0.021556051121118136,0.22360995839625208,0.643699082439243,-0.09589592090872057,True,True,False,all
2026-09-15,SDCI,31.889999389648438,83,8,True,0.08345046678969492,0.2006049101174845,0.45152482413889117,-0.0010963147454512434,False,False,False,all
2026-09-15,PAG,216.11000061035156,83,8,True,0.016998764232097008,0.2296398373157944,0.5423209259293138,-0.0479735655931649,True,True,False,all
2026-09-15,EXEL,56.900001525878906,83,8,True,0.028509069288502165,0.18311947629161995,0.685426669277595,-0.04722035561256166,False,True,False,all
2026-09-15,BBY,93.23999786376953,83,8,True,0.08900295949356596,0.2964620895549088,0.6921960153512838,-0.0263158335029684,False,False,False,all
2026-09-15,RUSHB,53.7599983215332,83,8,True,0.044813990107903434,0.19226091282310298,0.690211607753342,-0.010794956541722467,False,True,False,all
2026-09-15,PSTL,23.799999237060547,83,8,True,0.013024567249476426,0.15030022686404898,0.6701753850568806,-0.05630452478014247,False,False,False,all
2026-09-15,MD,26.690000534057617,83,8,True,0.010701568280244711,0.15612196969637537,0.7000000546692291,-0.04473872498593212,True,True,False,all
2026-09-15,KNTK,54.70000076293945,83,8,True,0.05267616480882387,0.19498979916026338,0.7459304467329517,-0.039002063904089446,True,False,False,all
2026-09-15,IMO,135.35000610351562,83,8,True,0.05148922073885487,0.1496591685979145,0.6254354696768891,-0.029331585386405012,False,False,False,all
2026-09-15,OILK,58.189998626708984,83,8,True,0.10158800828213388,0.18537751735840668,0.6105728454589425,-0.0511984854165739,False,False,False,all
2026-09-15,WDS,23.979999542236328,83,8,True,0.057673631619271415,0.1577074491319903,0.6804484073572596,-0.04803497285303082,False,False,False,all
2026-09-15,SAN,14.649999618530273,83,8,True,0.02497723819002351,0.1602076210630865,0.5228690013314761,-0.026578110773104124,False,True,False,all
2026-09-15,CVX,217.77000427246094,83,8,True,0.10770876133378304,0.1899853914858496,0.4865860885138895,-4.589267559906851e-05,False,False,False,all
2026-09-15,THG,232.8300018310547,82,8,True,0.04426335586044994,0.20763952545985576,0.3980425796645064,-0.013724765504472769,False,True,False,all
2026-09-15,PFG,118.37000274658203,82,8,True,0.04747765679864857,0.185499615466044,0.5195122006160515,-0.02318862478558459,False,False,False,all
2026-09-15,BNS,93.27999877929688,82,8,True,0.04116903121104287,0.17888073484489775,0.48110510411706864,-0.021606855860293872,False,True,False,all
2026-09-15,OSBC,25.530000686645508,82,8,True,0.02724846063379105,0.176194192765597,0.5333334097036506,-0.020337635846444546,True,False,False,all
2026-09-15,RBCAA,96.66999816894531,82,8,True,0.017756761550199895,0.21260393066020655,0.511177056811736,-0.05429468778595303,True,False,False,all
2026-09-15,PK,15.220000267028809,82,8,True,0.011766285724400083,0.2250236659932281,0.5467479706314835,-0.06049385492330217,False,True,False,all
2026-09-15,GSL,45.630001068115234,82,8,True,0.057876013584070574,0.16605636025753245,0.6726539559968809,-0.01870965444913475,False,True,False,all
2026-09-15,TMP,99.05999755859375,82,8,True,0.017414959348785786,0.16571207442042613,0.6008402690483496,-0.034408801104451436,False,False,False,all
2026-09-15,FISI,40.79999923706055,82,8,True,0.0028364393225566165,0.1531026181398185,0.5931276167392665,-0.05050039380955529,True,True,False,all
2026-09-15,SRCE,87.19999694824219,82,8,True,0.011579766473819086,0.17472557524706755,0.5327825256420882,-0.046577762725494076,True,True,False,all
2026-09-15,NEM,124.19000244140625,82,8,True,0.12064611633643096,0.13189045884566486,0.6330045688083077,-0.08204591171240971,False,True,True,all
2026-09-15,ADM,86.61000061035156,82,8,True,0.054966422705535534,0.18742327090345579,0.558294310130073,-0.024112669179137347,False,True,False,all
2026-09-15,TD,121.47000122070312,82,8,True,0.005947748144383258,0.14852542477082276,0.5830834863338588,-0.031880130398372675,False,True,False,all
2026-09-15,CPAY,407.75,82,8,True,0.03909812441694793,0.19671622992982618,0.6126799790611077,-0.04610955843606579,True,True,False,all
2026-09-15,SHEL,98.94999694824219,82,8,True,0.10059637157964252,0.1808016441159035,0.44189430889970405,-0.0020674886145779503,False,False,False,all
2026-09-15,FANG,211.52499389648438,82,8,True,0.06467471106729383,0.15847245946959432,0.5750185338042386,-0.024781005768793274,False,False,False,all
2026-09-15,TTE,93.12000274658203,82,8,True,0.0779574675457031,0.14495584171306275,0.6225823965312378,-0.011149999392370602,False,False,False,all
2026-09-15,SKYY,162.3699951171875,82,8,True,0.07175904776798903,0.2434660598960945,0.5648611389194627,-0.03951498263223985,True,True,False,all
2026-09-15,SLAB,219.97000122070312,82,8,True,0.006753498045537931,0.11621171503623828,0.9043372621643133,-0.011326370669438313,False,False,False,all
2026-09-15,IBB,202.0,81,8,True,0.012995428223196104,0.1307977534154865,0.455436341030379,-0.06963888843598531,False,False,False,all
2026-09-15,SXC,9.460000038146973,81,8,True,0.0205402720598602,0.20882210772029142,0.7137681287743669,-0.11423223147639494,False,True,False,all
2026-09-15,EOG,153.74000549316406,81,8,True,0.07015825520677432,0.18328899255450248,0.5133380355859185,-0.0027244301956937944,False,False,False,all
2026-09-15,EPOL,44.86000061035156,81,8,True,0.04205868101354526,0.15465002183433985,0.434601853330443,-0.025418166412629728,False,False,False,all
2026-09-15,SEIC,105.81999969482422,81,8,True,0.015548968695642484,0.1823542908763065,0.4094299029579247,-0.056442280382796306,False,True,False,all
2026-09-15,RSPT,63.790000915527344,81,8,True,0.014978864716511886,0.17730438151547867,0.5389625993098206,-0.05482289324872602,True,True,False,all
2026-09-15,DV,13.5,81,8,True,0.0840587094562979,0.23619581294184533,0.7670157376861326,-0.010988983349614512,True,False,False,all
2026-09-15,FTDR,80.12000274658203,81,8,True,0.011427194717734679,0.22016505062642677,0.6529812405360567,-0.14245956882284638,True,True,False,all
2026-09-15,TECK,64.6500015258789,81,8,True,0.014521887273756917,0.12538516252254817,0.7013158296283923,-0.10901317942199973,False,True,False,all
2026-09-15,KSPI,98.76000213623047,81,8,True,0.030394354144280378,0.1773724426549439,0.43986014592733347,-0.10169183242591151,False,False,False,all
2026-09-15,CTBI,77.36000061035156,81,8,True,0.011625323135849186,0.16542795492260476,0.5395024997084887,-0.03203200221779401,True,True,False,all
2026-09-15,AAPL,331.3399963378906,80,8,True,0.03921503743699439,0.16051569695199674,0.409777466956603,-0.03839571264216135,False,True,False,all
2026-09-15,KURA,11.300000190734863,80,8,True,0.008892555756774279,0.15063961357565958,0.53574347585913,-0.18705032367981622,False,True,True,all
2026-09-15,FCG,32.529998779296875,80,8,True,0.09658580315148169,0.16033938824670435,0.4949447811181604,-0.015137754116824165,False,False,False,all
2026-09-15,FCX,69.37999725341797,80,8,True,0.024464243652725814,0.1210120648213504,0.9738262942133162,-0.13534397930555198,False,True,False,all
2026-09-15,EOLS,7.909999847412109,80,8,True,0.06733231718055088,0.2976147267784157,1.0492228140891546,-0.1503759945332236,False,True,False,all
2026-09-15,RGA,248.36000061035156,80,8,True,0.026227562160540563,0.1526096279591842,0.3936366716439035,-0.03665488940588679,False,True,False,all
2026-09-15,SCL,61.58000183105469,80,8,True,0.0009460346029199762,0.13430920015493109,0.4725012501297563,-0.09441173777860756,True,True,True,all
2026-09-15,TMV,44.959999084472656,80,8,True,0.07453894465258948,0.17628434360864254,0.41294781633155586,-0.007943526318970329,False,False,False,all
2026-09-15,JNJ,267.20001220703125,80,8,True,0.016233928482067617,0.1240091294544825,0.5415681612204215,-0.049347119065565215,False,True,False,all
2026-09-15,HG,35.2599983215332,80,8,True,0.0023993478138211177,0.13301334307113222,0.5560458322580297,-0.05494513471729168,False,True,True,all
2026-09-15,KMX,59.86000061035156,80,8,True,0.016889273427554974,0.27218785128240963,0.9781890336278924,-0.08302693428763097,False,True,False,all
2026-09-15,DSGR,34.810001373291016,80,8,True,0.03381508524415899,0.19179681378116498,0.8301787873555022,-0.007130632920923197,True,True,False,all
2026-09-15,BDX,185.9199981689453,80,8,True,0.07429333321201259,0.15707869366898408,0.457207686532602,-0.037033246408213816,False,True,False,all
2026-09-15,CFFN,8.869999885559082,80,8,True,0.019329322886127098,0.14785600725891612,0.48576217709956326,-0.04211666670442915,False,True,False,all
2026-09-15,WASH,40.130001068115234,80,8,True,0.03581073869626761,0.17211691080228153,0.5905668567665066,-0.010113464187295418,False,True,False,all
2026-09-15,BIIB,216.1699981689453,80,8,True,0.03108469196307362,0.12413947712898943,0.5966467179515558,-0.04264838242984925,False,True,False,all
2026-09-15,PEBO,40.16999816894531,80,8,True,0.0023054772390083134,0.1503946497099169,0.4612585850636908,-0.05013011824749436,False,True,True,all
2026-09-15,LH,323.9700012207031,79,8,True,0.04210561589084305,0.1688178177725852,0.32492227858671874,-0.0521649713547252,False,False,True,all
2026-09-15,BP,46.959999084472656,79,8,True,0.09283002143350116,0.14328699989974258,0.43520774243612714,-0.027139037929723386,False,False,False,all
2026-09-15,AUR,6.440000057220459,79,8,True,0.021460189143474917,0.18598731210356578,0.7888889521728344,-0.2481027002067575,False,False,False,all
2026-09-15,ACT,49.47999954223633,79,8,True,0.030155140817714088,0.14679124017915313,0.4284064784661217,-0.02136079512895761,True,False,False,all
2026-09-15,LXP,60.810001373291016,79,8,True,0.01508694167566671,0.15555862097302553,0.382045485756614,-0.012984892535873982,False,False,False,all
2026-09-15,GBTG,9.470000267028809,79,8,True,0.00319926125851544,0.20717681249747066,0.9112008905836255,-0.00941424148928005,False,False,False,all
2026-09-15,DIVB,68.48999786376953,79,8,True,0.026451807354256562,0.16111112617935475,0.3540924354359871,-0.019049009408020345,True,False,False,all
2026-09-15,AIZ,286.1099853515625,79,8,True,0.015017859027143476,0.15594926804742948,0.3955904249440012,-0.058662949748712445,True,True,False,all
2026-09-15,MBWM,61.77000045776367,79,8,True,0.03268066201994668,0.1518677145238998,0.4449122914096766,-0.010413292698637444,False,True,False,all
2026-09-15,NOV,20.969999313354492,79,8,True,0.03519768099548459,0.09563128654273756,0.7062652057317611,-0.043775694412312216,False,True,False,all
2026-09-15,CALF,56.689998626708984,79,8,True,0.026140961507283844,0.1610237744252514,0.3627404015886013,-0.02828250808301913,True,False,False,all
2026-09-15,MET,98.22000122070312,79,8,True,0.028783322954153867,0.18901488745713668,0.4587850668288711,-0.026850283129679964,False,True,False,all
2026-09-15,MFC,43.869998931884766,79,8,True,0.012312953833962581,0.13318176554647754,0.43741802994387324,-0.032208313262623856,False,True,False,all
2026-09-15,SLB,54.20000076293945,79,8,True,0.04336712719464453,0.09160192978192505,0.7130215489407343,-0.10353950407420531,False,False,True,all
2026-09-15,ELV,417.5400085449219,78,8,True,0.05024813118261151,0.15363050956910995,0.5192112287455959,-0.0428662711078055,False,False,False,all
2026-09-15,GSBC,80.5199966430664,78,8,True,0.014325481215352598,0.15818948170855607,0.4977678414624256,-0.028826521691920126,False,True,False,all
2026-09-15,SXT,126.63999938964844,78,8,True,7.896661334894084e-05,0.17319221608170565,0.5331719337661398,-0.08773957132939414,True,True,True,all
2026-09-15,DCOM,40.93000030517578,78,8,True,0.012211836853476488,0.13924033567183636,0.5969567555753112,-0.024779625572522668,False,True,False,all
2026-09-15,AIA,137.11000061035156,78,8,True,0.004695563997050067,0.1270349500104173,0.5116869374162512,-0.09096334319528121,False,True,False,all
2026-09-15,NIC,171.07000732421875,78,8,True,0.001202161235770216,0.13589699802394573,0.4990361304503421,-0.049611070421006986,False,True,False,all
2026-09-15,FMBH,51.060001373291016,78,8,True,0.010280909667578886,0.14690931693175857,0.49473072603538704,-0.04310343348486312,True,True,False,all
2026-09-15,DXCM,86.44999694824219,78,8,True,0.04200813879818632,0.20703721450384105,0.5976713356699499,-0.06631385281884672,True,True,False,all
2026-09-15,FRDM,68.48999786376953,78,8,True,0.013168650483472932,0.10350179891785793,0.564770325507757,-0.109362854294342,False,True,False,all
2026-09-15,OFG,52.90999984741211,78,8,True,0.01612431939422554,0.172474001134167,0.4816578326494083,-0.028639642708472857,False,True,False,all
2026-09-15,CLH,318.20001220703125,78,8,True,0.01821918346762308,0.11320127008944159,0.5804113340353154,-0.05280701942445565,False,True,False,all
2026-09-15,GRMN,278.9700012207031,78,8,True,0.006327928144561179,0.1577570005841218,0.49445547735111606,-0.11235203543255134,True,True,False,all
2026-09-15,WEAT,26.31999969482422,78,8,True,0.04391419544968467,0.15088030824569354,0.3306369454574489,-0.07356565166536844,False,False,False,all
2026-09-15,ZYME,26.049999237060547,78,8,True,0.014289578507143297,0.03951034094692041,0.6817301240786331,-0.1687939020348257,False,False,False,all
2026-09-15,IFF,84.23999786376953,77,8,True,0.027284477284270636,0.1205666407660515,0.42441661706399114,-0.05687418101669628,True,True,False,all
2026-09-15,IGE,65.75,77,8,True,0.05624525882973486,0.11272449109399107,0.40943189387733336,-0.023466534800032357,True,False,False,all
2026-09-15,NDSN,309.25,77,8,True,0.008739915882342908,0.09821212342544605,0.4026851648194214,-0.08808090217996589,False,True,False,all
2026-09-15,JOYY,77.27999877929688,77,8,True,0.05148577984602265,0.17759460072407518,0.424778694466319,-0.04474663384801092,False,False,False,all
2026-09-15,CACC,600.1099853515625,77,8,True,0.006524412719403072,0.14513694114128017,0.4931823699060076,-0.10278683357603458,False,True,False,all
2026-09-15,HOPE,14.109999656677246,77,8,True,0.015137106395703093,0.13514771836743877,0.4397958553120389,-0.03289927970463424,False,True,False,all
2026-09-15,CCNE,34.63999938964844,77,8,True,0.007726666321815845,0.13580657966932597,0.5192982696833783,-0.04230021721733168,False,True,False,all
2026-09-15,FNGU,31.6299991607666,77,8,True,0.04782283038783919,0.23681264213984687,1.3455691483910908,-0.14002174522716848,True,True,False,all
2026-09-15,BMY,63.72999954223633,77,8,True,0.0006751691307340657,0.08661736072394666,0.4988240558826229,-0.07153263244569008,False,True,False,all
2026-09-15,IXN,138.77000427246094,76,8,True,0.00314747145769001,0.14225230139680178,0.4590474543363374,-0.07381697539498655,True,True,False,all
2026-09-15,TAK,18.700000762939453,76,8,True,0.06570928801330633,0.10729189024665842,0.4395689832510119,-0.010581950244841987,False,True,False,all
2026-09-15,LNG,270.9800109863281,76,8,True,0.00419797534842159,0.11801064754360979,0.45531694644255105,-0.0994051055401638,False,False,False,all
2026-09-15,ABBV,263.0400085449219,76,8,True,0.032797153894909004,0.14837778816207603,0.37897776432462327,-0.01656257769306191,False,True,False,all
2026-09-15,UNM,95.87999725341797,76,8,True,0.062130395076462674,0.1752685788252395,0.3891625893472115,-0.009197059217963766,False,False,False,all
2026-09-15,SFST,63.52000045776367,76,8,True,0.016795056158976918,0.10232135756923944,0.5530561879703666,-0.024120386671661498,False,True,False,all
2026-09-15,KO,88.70999908447266,76,8,True,0.022372089351879287,0.12379192137940653,0.3574598493617751,-0.04086927091148296,False,True,False,all
2026-09-15,QCRH,102.7300033569336,76,8,True,0.015686669463021552,0.11680770368676896,0.5413353489128656,-0.04976410344135018,True,True,False,all
2026-09-15,SVXY,62.58000183105469,76,8,True,0.04525429604135578,0.15550692799694943,0.44559945732429784,-0.02386521236516459,False,True,False,all
2026-09-15,HSTM,29.649999618530273,76,8,True,0.03606120301443139,0.2232529300516295,0.5205128009502704,-0.04693027846921638,True,False,False,all
2026-09-15,FCF,21.450000762939453,76,8,True,0.016539528200610887,0.13812729792820355,0.43000005086263027,-0.039838826480282696,False,False,False,all
2026-09-15,EMXC,96.95999908447266,75,8,True,0.010488393122354278,0.10407053652787801,0.4554187194092727,-0.09484693242722642,False,True,False,all
2026-09-15,GABC,49.81999969482422,75,8,True,0.006428038200625874,0.12797360313476025,0.33960746261078545,-0.04614206143086863,False,True,False,all
2026-09-15,RNR,328.70001220703125,75,8,True,0.0159806354325307,0.09561685491747984,0.42189736908164166,-0.03391717128663918,False,True,False,all
2026-09-15,NBN,133.58999633789062,75,8,True,0.021309948775268373,0.11835900832343849,0.6543652797261996,-0.061274691661159064,False,True,False,all
2026-09-15,NWBI,15.600000381469727,75,8,True,0.00867723632002737,0.13541252552592842,0.3866667005750868,-0.03465343262562359,False,True,False,all
2026-09-15,STBA,50.560001373291016,75,8,True,0.0008710310943285116,0.1242113746121487,0.4706224491709359,-0.05495324535904644,True,True,False,all
2026-09-15,ET,21.329999923706055,75,8,True,0.02831852246377431,0.12010250085077412,0.3182941607784058,-0.02335165866843658,False,True,False,all
2026-09-15,FLR,54.040000915527344,75,8,True,0.03464255010660522,0.11936552058980654,0.3740147063216699,-0.07386457020226456,False,True,False,all
2026-09-15,RUM,8.199999809265137,75,8,True,0.1358756354899906,0.22689745495951796,0.7748917775725932,-0.2260500611044638,False,False,False,all
2026-09-15,XPRO,17.43000030517578,75,8,True,0.02581307669979216,0.08179904422626993,0.5025861837917793,-0.09360370670353213,True,True,True,all
2026-09-15,BCI,26.770000457763672,75,8,True,0.08530402286187377,0.14425550350055683,0.37465334180216714,-0.0026080363050023925,False,True,False,all
2026-09-15,PAYO,7.130000114440918,75,8,True,0.0016436657141021271,0.21201820901183988,0.7475490803353755,-0.006963748620210541,False,True,False,all
2026-09-15,BGC,12.140000343322754,75,8,True,0.061857140488615237,0.1691682748484995,0.4679564294251062,-0.05818463770549964,False,False,False,all
2026-09-15,EGBN,28.280000686645508,75,8,True,0.020437640817650315,0.09756833822811606,0.8815702720611427,-0.034482765357184086,False,True,False,all
2026-09-15,FCFS,215.5399932861328,75,8,True,0.003723534092166414,0.08467223820412495,0.48218949250517684,-0.09789478134454122,False,True,False,all
2026-09-15,VGT,118.79000091552734,74,8,True,0.008523941791558132,0.1356357808435089,0.42965466543602227,-0.05722221495613222,True,True,False,all
2026-09-15,IVES,39.36000061035156,74,8,True,0.0342435656252964,0.14813527944922744,0.4621099739525045,-0.0612926228504459,True,True,False,all
2026-09-15,IYW,250.0800018310547,74,8,True,0.011903468411361251,0.1383732671536313,0.44940310398837746,-0.041875819032323514,True,True,False,all
2026-09-15,NBTB,52.13999938964844,74,8,True,0.0022412866111531926,0.1262725502225004,0.33010199935870266,-0.043302763492689245,False,True,False,all
2026-09-15,UBSI,47.86000061035156,74,8,True,0.0034552814079118477,0.09964089219794081,0.40351914228597696,-0.035469535659386375,False,True,False,all
2026-09-15,NWSA,30.434999465942383,74,8,True,0.051124670371597514,0.15509309998642107,0.3709458747744905,-0.038692368520963805,False,True,False,all
2026-09-15,NEU,884.47998046875,74,8,True,0.028555749468090363,0.20095864516716722,0.5248865331005981,-0.09899557416453131,True,True,False,all
2026-09-15,PRAA,19.290000915527344,74,8,True,0.03888414501090831,0.12622940273396743,0.881951308831936,-0.14456755795252763,True,True,False,all
2026-09-15,GILD,146.3000030517578,74,8,True,0.05459077214351038,0.08424464488363248,0.34888442086205407,-0.06987087992548036,False,True,False,all
2026-09-15,VRTX,514.6300048828125,74,8,True,0.008722025444727999,0.09747628261746266,0.3753908288062373,-0.0814279252426372,False,True,False,all
2026-09-15,BUSE,30.540000915527344,74,8,True,0.0075350980690662706,0.12899740886034206,0.3881818597966975,-0.03659305424270742,False,True,False,all
2026-09-15,GNR,78.58000183105469,74,8,True,0.05713196680532473,0.1032472906050419,0.3728162041724017,-0.024820054040123107,False,False,False,all
2026-09-15,FTEC,283.4800109863281,74,8,True,0.008263757729007226,0.13549952315827718,0.43048904276949984,-0.05754844598173736,True,True,False,all
2026-09-15,BMRN,64.44999694824219,74,8,True,0.0164171782426219,0.10780511541492177,0.3083637666318986,-0.09199783178163978,True,True,False,all
2026-09-15,EIG,49.90999984741211,74,8,True,0.0060025509527878995,0.11807183339439997,0.3968653928588397,-0.05096026425936229,False,True,False,all
2026-09-15,OKE,94.72000122070312,74,8,True,0.021640849439321652,0.10502975693644379,0.47953774113422476,-0.051377038876445735,False,True,False,all
2026-09-15,XLK,183.74000549316406,74,8,True,0.005121365843309578,0.13577801306531279,0.4504263107872519,-0.07542892646627153,True,True,False,all
2026-09-15,AVNT,40.970001220703125,73,8,True,0.005862862456790241,0.10739160895425015,0.4909025437839938,-0.12156943059917247,True,True,False,all
2026-09-15,C,136.1699981689453,73,8,True,0.010104741915126114,0.09527711198565347,0.45387564429525606,-0.0796837524326558,False,True,False,all
2026-09-15,FLNG,32.38999938964844,73,8,True,0.044596076285294384,0.1079015168013131,0.3495833079020183,-0.030239583535584647,False,False,True,all
2026-09-15,HOG,27.56999969482422,73,8,True,0.032692552156402765,0.19183223982708975,0.613224075404667,-0.11776000976562495,True,True,False,all
2026-09-15,BFST,31.479999542236328,73,8,True,0.0063423781301614746,0.09831065459199184,0.3953900836637869,-0.03212919091828814,False,True,False,all
2026-09-15,VFMF,184.7899932861328,73,8,True,0.005621298566152788,0.10393434599347207,0.3265232308665156,-0.01749260162107591,False,True,False,all
2026-09-15,XCEM,50.2599983215332,73,8,True,0.009139651572354301,0.09921890636525799,0.4003900578507513,-0.09327082726282843,True,True,False,all
2026-09-15,IOSP,91.81999969482422,73,8,True,0.025761328964329255,0.13181544342348261,0.4016180232124118,-0.05026893457809989,True,True,False,all
2026-09-15,SPNT,24.670000076293945,72,8,True,0.01942992241725916,0.10019979428403958,0.4368083847800912,-0.06835345533353898,True,False,False,all
2026-09-15,IHF,57.060001373291016,72,8,True,0.0025371118777979262,0.13679381310243266,0.3968177112525262,-0.021269260377301702,False,False,False,all
2026-09-15,ALSN,122.4000015258789,72,8,True,0.0029728801771928826,0.05437210707433837,0.6103144071290121,-0.11059434770614773,False,True,False,all
2026-09-15,CLSE,34.11000061035156,72,8,True,0.009362732889492964,0.10616511190713829,0.34875442370620835,-0.01869958983222908,False,False,False,all
2026-09-15,FTGC,31.565399169921875,72,8,True,0.06334695969315818,0.14097040299564134,0.3905461722034951,-0.004560073122852448,False,False,True,all
2026-09-15,EHC,122.0,72,8,True,0.03844104825223105,0.13517253161750564,0.3150803537203559,-0.04680051538203156,True,True,False,all
2026-09-15,FXL,211.38299560546875,71,8,True,0.01003491103137888,0.12869962349853337,0.39416305509105354,-0.06297708658651024,True,True,False,all
2026-09-15,GUNR,56.43000030517578,71,8,True,0.049696424438438136,0.08049424017406226,0.32682816658450675,-0.0282417668032916,False,True,True,all
2026-09-15,SCHD,34.33000183105469,71,8,True,0.013102801668505304,0.09501221733871645,0.30433139168332213,-0.02775416324332447,False,False,True,all
2026-09-15,JIVE,97.75640106201172,71,8,True,0.015562413579669476,0.09101290775876514,0.3262298504437853,-0.024484562866752047,False,False,False,all
2026-09-15,HAFC,32.15999984741211,71,8,True,0.00988531650965574,0.0974236433490463,0.40743979477096004,-0.04000000455486241,False,True,True,all
2026-09-15,IGM,159.69000244140625,71,8,True,0.0051412237843277975,0.12006252648329796,0.4182060799770604,-0.06875433624844318,True,True,False,all
2026-09-15,NWS,33.779998779296875,71,8,True,0.03155743984329651,0.12623271438592631,0.325225542668377,-0.05536911731464078,False,True,False,all
2026-09-15,AIQ,62.959999084472656,71,8,True,0.013577671916441325,0.11660999758664103,0.4161043720412716,-0.10389984101627958,True,True,False,all
2026-09-15,ABUS,5.059999942779541,71,8,True,0.05513386405811671,0.120696331060002,0.4457142693655831,-0.07155961103385478,False,False,False,all
2026-09-15,WABC,60.099998474121094,71,8,True,0.012985059837090196,0.1086637832063495,0.3376362801225661,-0.055180036197944426,False,False,True,all
2026-09-15,DFUV,56.70000076293945,70,8,True,0.00603265944260567,0.09616691097834185,0.3016528690402034,-0.02055620382199852,True,True,False,all
2026-09-15,BSAC,34.7599983215332,70,8,True,0.00476942905596256,0.04897210291608922,0.3626028228011826,-0.07847303296335217,False,True,False,all
2026-09-15,PM,194.11000061035156,70,8,True,0.027326212309920495,0.10637400787534568,0.3659137272300612,-0.06570078098473986,False,True,True,all
2026-09-15,FNDF,55.220001220703125,70,8,True,0.01289136371243882,0.0815956606629491,0.3048204541328621,-0.022308752332601656,True,False,True,all
2026-09-15,FRHC,161.80999755859375,70,8,True,0.020723555219459122,0.1390389754538841,0.4985876345937208,-0.08659326484004504,False,True,False,all
2026-09-15,AGL,92.12000274658203,99,6,False,-0.07503350886938487,0.7106127366652628,11.315508357176785,-0.30757661308312767,True,True,False,all
2026-09-15,AMDL,54.880001068115234,99,6,False,-0.017427743807418516,0.5225381320438918,5.183662092181998,-0.3450292341750616,True,True,False,all
2026-09-15,AXTI,57.70000076293945,99,4,False,-0.07803320504070343,0.025817912876931137,14.594594599819253,-0.5969544615329518,True,True,False,all
2026-09-15,ERAS,16.25,99,6,False,-0.10047052880946461,0.22765896543321018,9.620915231285505,-0.33072489536881156,False,False,False,all
2026-09-15,INTW,21.139999389648438,99,4,False,-0.0663905226094843,0.12026074397087672,6.855085449304615,-0.5982897978214073,False,True,False,all
2026-09-15,IONZ,30.1200008392334,99,4,False,2.8586692813781047,1.2568940934194632,16.410404917431375,-0.3104395460440419,False,True,False,all
2026-09-15,NUAI,5.460000038146973,99,7,False,0.07992643083301232,0.12653390222105787,12.718592994926716,-0.4219163351440861,False,True,False,all
2026-09-15,SLS,11.289999961853027,99,6,False,-0.10531738130866386,0.5819414795661726,7.122302214419779,-0.2890428286844814,False,True,False,all
2026-09-15,SNDK,1530.89501953125,99,7,False,0.014011893741039616,0.46238286059397726,16.9851382769454,-0.3497699661567627,True,True,False,all
2026-09-15,CLYM,13.90999984741211,99,7,False,-0.022501452945624778,0.528810812367134,8.032467657125588,-0.24113475693895625,False,False,False,all
2026-09-15,MULL,19.670000076293945,99,6,False,-0.06765762318366775,0.3952414504547541,14.883398219484482,-0.5480903683857887,True,True,False,all
2026-09-15,MUU,28.299999237060547,99,6,False,-0.066287970341258,0.403363794826453,14.943661756161728,-0.5482120128861742,True,True,False,all
2026-09-15,CRWU,30.829999923706055,99,7,False,0.8714269542577666,2.2567560684470114,14.149876473406254,-0.402519363655249,False,True,False,all
2026-09-15,ABSI,7.940000057220459,98,6,False,-0.10636908265552114,0.460142620050793,2.544642867596478,-0.3413521479703786,False,True,False,all
2026-09-15,AMDG,92.94439697265625,98,6,False,-0.0192149531260829,0.5130160450920129,4.49966858405996,-0.3425916412317549,True,True,False,all
2026-09-15,AMUU,193.80380249023438,98,6,False,-0.017566427970396092,0.5251759580304465,4.507354647724781,-0.34001768595795423,True,True,False,all
2026-09-15,ANRO,30.25,98,7,False,-0.01379706175459372,0.3260332079242385,7.4261840454666235,-0.19290287167930242,False,True,False,all
2026-09-15,ATEX,75.95999908447266,98,6,False,-0.18998465323076497,0.36988955702135207,3.3208190793017627,-0.3277876187214809,False,True,False,all
2026-09-15,BAND,50.08000183105469,98,6,False,-0.081443025033473,0.4418295192840669,3.006400146484375,-0.3667172398649555,True,True,False,all
2026-09-15,BFLY,7.800000190734863,98,7,False,-0.022776801909853872,0.4726150569328842,4.000000305664856,-0.2238805927659866,False,True,False,all
2026-09-15,DFTX,36.81999969482422,98,6,False,-0.1416969421235449,0.43040006469901293,3.196968048267901,-0.2591549470904567,False,False,False,all
2026-09-15,DMRA,24.75,98,5,False,-0.16564971584017418,-0.059948687186574756,8.78260880627774,-0.3542074492550715,False,False,False,all
2026-09-15,HELP,13.119999885559082,98,6,False,0.2935156438861555,0.8834540814933305,2.48936168054155,-0.08571431799395313,False,True,False,all
2026-09-15,MBX,61.08000183105469,98,7,False,-0.04063176216770992,0.46489315196817316,5.33609954934933,-0.15914093689049658,False,True,False,all
2026-09-15,ORKA,92.19999694824219,98,7,False,-0.03663708013129641,0.533520348720832,5.284935001277416,-0.20186980931862675,False,True,False,all
2026-09-15,QURE,43.099998474121094,98,6,False,-0.029336158124210643,0.49398457761044656,3.936998938613958,-0.39720281854376094,False,True,False,all
2026-09-15,MVLL,25.6299991607666,98,6,False,-0.03674865644529812,0.25099415363368305,4.311917134494174,-0.6699999999999999,False,True,False,all
2026-09-15,MXL,67.12000274658203,98,6,False,-0.07133761094134128,0.36702008740988634,4.256068938178905,-0.47685112119985695,True,True,False,all
2026-09-15,PRAX,312.8999938964844,98,6,False,-0.07998406401511216,0.0011432672185547332,7.401127745196856,-0.20320859646033407,False,True,False,all
2026-09-15,BLZE,12.989999771118164,98,6,False,-0.15073062264070825,0.6117574878799927,2.983440692371665,-0.45852438953513563,False,True,False,all
2026-09-15,QTTB,11.170000076293945,98,6,False,-0.2453008607539915,0.3444184773765533,5.609467276980588,-0.5260924810810759,False,True,False,all
2026-09-15,RLAY,18.969999313354492,98,7,False,-0.02119122609989299,0.42419817700758045,3.8828827181264582,-0.10813357286833847,False,False,False,all
2026-09-15,MU,927.5999755859375,98,7,False,0.0012559664050295627,0.4745269333605797,4.998060214647214,-0.26087651347734064,True,True,False,all
2026-09-15,SYRE,90.94999694824219,98,7,False,-0.07411746615038217,0.42291681316856344,5.270251377502162,-0.17449517196277398,False,False,False,all
2026-09-15,AEHR,81.58000183105469,97,6,False,-0.10775218896793315,0.2584214487311727,3.362566764849219,-0.4465399917971066,False,False,False,all
2026-09-15,APPS,11.380000114440918,97,7,False,0.07045434205224899,0.7219725689487433,3.1532846988438354,-0.25814863094893203,True,True,False,all
2026-09-15,ASX,37.119998931884766,97,7,False,-0.02570647315707708,0.2868000373878483,2.3961571725031883,-0.1845343023155933,False,True,False,all
2026-09-15,AVAH,14.3100004196167,97,6,False,0.26599080506561457,0.6680120436196593,1.4131535976158465,-0.026199338768487457,True,False,False,all
2026-09-15,BE,259.3500061035156,97,7,False,0.1541152361488778,0.32116751382139386,3.2260063649564508,-0.2617000483808908,False,True,False,all
2026-09-15,ELVN,53.36000061035156,97,7,False,-0.053308175666292534,0.38047008815307093,2.609063318299014,-0.14377405533294318,False,False,False,all
2026-09-15,EVC,8.119999885559082,97,6,False,-0.1735032562251837,0.3212059903583011,3.164102403589337,-0.4090247437538149,True,True,False,all
2026-09-15,IBRX,8.140000343322754,97,6,False,0.04647430600122826,0.20091770950765309,3.17435904834554,-0.345132731820344,False,True,False,all
2026-09-15,INTC,97.13999938964844,97,6,False,-0.0025465199880078115,0.27563096338434456,3.0107350183155086,-0.3175975045690611,False,True,False,all
2026-09-15,SLN,12.460000038146973,97,7,False,0.007357102721490039,0.5810025949039379,1.9737469851999534,-0.2910787501874684,True,True,False,all
2026-09-15,DNTH,104.7699966430664,97,7,False,-0.017850642791056304,0.34455481462152493,2.251706786893165,-0.11121480247550175,False,True,False,all
2026-09-15,NEO,18.889999389648438,97,6,False,0.1804479018726286,0.5916616286836076,1.671852748372633,-0.04402838204231285,False,True,False,all
2026-09-15,UMC,21.610000610351562,97,7,False,0.0561969328083074,0.4684198387141225,2.1920237328263785,-0.2537982978757035,False,True,False,all
2026-09-15,STX,771.8099975585938,97,6,False,-0.08768015516469152,0.2627999364554334,2.8658152825126857,-0.32593013313659935,False,True,False,all
2026-09-15,MRVI,6.880000114440918,97,7,False,0.0021996092615086393,0.4956278168731545,1.7033398460481162,-0.2696390595839915,False,True,False,all
2026-09-15,MRVL,221.6999969482422,97,7,False,0.027506764063875977,0.4194922903897269,2.3423788757449673,-0.32793745099221905,False,True,False,all
2026-09-15,ATRC,56.220001220703125,96,6,False,0.30815376908832515,0.6021111006311681,1.2168769663891483,-0.009862584900194427,False,False,False,all
2026-09-15,DOCN,117.8499984741211,96,6,False,-0.039395785322924204,0.1839758767845472,2.4985896888686154,-0.37146667480468754,False,True,False,all
2026-09-15,FSLY,24.299999237060547,96,7,False,0.06509805743095032,0.27837710553859507,2.14156416517343,-0.30212523118796597,False,True,False,all
2026-09-15,LABU,250.39999389648438,96,6,False,-0.10686135147372633,0.23030810348741193,2.340893983883705,-0.2676863707188325,False,True,False,all
2026-09-15,NUTX,215.3300018310547,96,6,False,0.21244644157241988,0.5009052800514446,1.5637576771976658,-0.016757982506599656,False,False,False,all
2026-09-15,TEAM,189.80999755859375,96,6,False,0.37477527023954726,0.7201282010459087,2.388859190263906,-0.04425986039668239,True,True,False,all
2026-09-15,CADL,11.119999885559082,96,7,False,-0.0013650547010566338,0.46353820334951945,1.5563218688158469,-0.20571429388863705,False,True,False,all
2026-09-15,WDC,411.9599914550781,96,5,False,-0.15801643553105427,0.07875518663596082,3.131167132091351,-0.48496631456375283,False,True,False,all
2026-09-15,TNGX,23.889999389648438,96,6,False,-0.09062536089774109,0.1928046945476185,2.744513943749659,-0.30532131975438626,False,True,False,all
2026-09-15,URGN,41.7400016784668,96,7,False,-0.03794511681592139,0.44986441557298407,1.6317782208080795,-0.17850815685259935,False,True,False,all
2026-09-15,IRDM,47.09000015258789,96,7,False,-0.017951729490845003,0.34535362158921035,2.008945769994224,-0.17646030253124312,True,True,False,all
2026-09-15,VSTS,13.270000457763672,96,7,False,-0.05047437289304735,0.2987903181706084,2.3018164422561953,-0.21479285459784458,False,False,False,all
2026-09-15,SIMO,239.1999969482422,96,6,False,-0.08535140405999309,0.2610745910904686,1.9989968723883362,-0.3261971916950924,False,True,False,all
2026-09-15,INBX,105.61000061035156,96,7,False,0.0670101819577773,0.1754394323544508,3.032455076624216,-0.31991754023868324,False,False,False,all
2026-09-15,PACS,42.09000015258789,96,7,False,-0.05879353454842906,0.09766736335064308,3.3458955424860655,-0.14952518235817036,False,True,False,all
2026-09-15,AAOI,95.29000091552734,95,4,False,-0.16169908159045254,-0.08349531088272388,4.150810860298775,-0.5922026718781763,True,True,False,all
2026-09-15,ACRS,5.525000095367432,95,7,False,-0.04636148689124475,0.2832870914020935,2.175287393727317,-0.16287876133310086,False,False,False,all
2026-09-15,AMPL,13.369999885559082,95,6,False,0.18440167238674143,0.4928747739711543,1.426497156112152,-0.09417346353442813,True,True,False,all
2026-09-15,ANAB,54.68000030517578,95,7,False,-0.041097082092769854,0.15578428469249372,3.7948087470765293,-0.24433388828145675,False,True,False,all
2026-09-15,AUGO,85.7699966430664,95,7,False,0.20732243300949627,0.2244897484601267,1.9464099912305208,-0.22254151696051883,False,False,False,all
2026-09-15,LQDA,65.72000122070312,95,6,False,-0.14795856159165433,0.25253243259360914,2.1073287189624095,-0.29793824599723706,False,True,False,all
2026-09-15,MNPR,104.33000183105469,95,7,False,-0.0640623293164827,0.376082528165568,1.2249947363848093,-0.16415636848154203,False,True,False,all
2026-09-15,NIQ,18.540000915527344,95,6,False,0.2604528465793452,0.4437510209300861,1.3379572909034443,-0.05840526091104614,True,True,False,all
2026-09-15,REPL,13.029999732971191,95,6,False,0.041042459175619994,0.4929348831036757,7.686666488647461,-0.20208207018692603,True,True,False,all
2026-09-15,SKYQ,3.2300000190734863,95,3,False,-0.05273036252597174,-0.06713858093270086,1.9363635900592024,-0.8339331674871697,True,True,False,all
2026-09-15,SMWB,8.470000267028809,95,6,False,0.09112928953032906,0.5892076941721487,2.8153153864287206,-0.17454433958353588,True,True,False,all
2026-09-15,NRIX,24.829999923706055,95,7,False,-0.010745145855189375,0.2927040025138816,2.0298963817397255,-0.12043923746592211,False,False,False,all
2026-09-15,UTZ,14.270000457763672,95,6,False,0.11040218127354096,0.47290307424297207,1.1047197663976243,-0.002097883396577016,False,True,False,all
2026-09-15,STTK,5.96999979019165,95,5,False,-0.15589743797052513,0.06355494224231206,2.5117644839633355,-0.2833133439531209,False,True,False,all
2026-09-15,SOXL,102.31999969482422,95,5,False,-0.22929521863399804,-0.08023618191329351,2.6386912034535217,-0.6611920539906483,True,True,False,all
2026-09-15,KOD,32.9900016784668,95,5,False,-0.1708388208181224,-0.01578644723983702,2.625274757751014,-0.3104096661111274,False,False,False,all
2026-09-15,PENG,47.5,95,6,False,-0.16285693325942685,0.26487812521471343,1.9613464643894227,-0.4713999590766955,False,True,False,all
2026-09-15,PESI,18.34000015258789,95,6,False,0.07533187826686594,0.33683701676076416,1.2530711767883647,-0.13977483981670846,False,True,False,all
2026-09-15,MEI,13.170000076293945,95,6,False,-0.16069743623394228,0.2594314009465315,1.6987704441483973,-0.35377818358072244,False,False,False,all
2026-09-15,GTLB,49.099998474121094,94,5,False,0.24983131976454231,0.5468317831633309,1.621462876355129,-0.11611162649010975,False,False,False,all
2026-09-15,ICHR,51.09000015258789,94,5,False,-0.27585019291024193,-0.07994269432558998,2.633712562433956,-0.5501848976144406,True,True,False,all
2026-09-15,BVS,13.0,94,7,False,-0.018823497114507926,0.3145288280035976,1.078337292110819,-0.1820298063884479,True,True,False,all
2026-09-15,IMOS,52.779998779296875,94,6,False,-0.085813677344447,0.12846737332141944,1.9322221544053821,-0.3263560969087952,True,True,False,all
2026-09-15,FTK,26.979999542236328,94,6,False,-5.190433633817104e-05,0.3308308089719634,1.3625218355508069,-0.31988906509814363,True,True,False,all
2026-09-15,PTGX,143.39999389648438,94,7,False,-0.00013809957456167865,0.32953350529725234,1.4766837671392894,-0.10826443583375933,False,True,False,all
2026-09-15,CAKE,96.7300033569336,94,7,False,-0.032101800144481385,0.37469698542478236,1.245878895805002,-0.18343741259058777,False,True,False,all
2026-09-15,FCEL,15.25,94,5,False,-0.22368153412069736,0.1118847720272218,1.6707530469560168,-0.5974128941396362,False,True,False,all
2026-09-15,CHYM,33.61000061035156,94,6,False,0.2011378976122653,0.4477225283722892,1.1164987637366184,-0.0545709892642291,True,False,False,all
2026-09-15,HAE,106.19999694824219,94,6,False,0.16537068394394705,0.44520465899891626,1.2442941173530517,-0.030756619110780425,False,True,False,all
2026-09-15,BB,7.800000190734863,94,6,False,-0.10534040282271795,0.27940166880546435,1.500000152832428,-0.42604855753077087,False,True,False,all
2026-09-15,RXT,3.3399999141693115,94,5,False,-0.17084556453723554,0.19095583357111168,7.498727372606069,-0.6116279341840551,True,True,False,all
2026-09-15,ACVA,10.430000305175781,93,6,False,0.3692695925923639,0.5501456995698024,1.5658056970133338,-0.015573379678573529,False,False,False,all
2026-09-15,AVTR,15.4399995803833,93,6,False,0.16953745525717356,0.4734581464658778,1.1252580680159485,-0.030759618041769632,False,True,False,all
2026-09-15,AXGN,44.970001220703125,93,7,False,-0.0027099711969974516,0.18071476251835628,1.9449901684737139,-0.15006612454370172,False,False,False,all
2026-09-15,BJRI,60.34000015258789,93,7,False,-0.07218618002435129,0.26662524818491073,1.1201687313303,-0.19115279642371608,False,True,False,all
2026-09-15,FORM,101.69000244140625,93,4,False,-0.08134299811983259,-0.020388398988484324,2.367218538821933,-0.3655082065853569,False,True,False,all
2026-09-15,HUT,87.08999633789062,93,6,False,-0.07146493151101141,0.13372414862127768,1.7499209386829273,-0.38146310759754376,False,True,False,all
2026-09-15,IMNM,23.950000762939453,93,7,False,-0.05283178667310284,0.06286081485575123,1.6834734174910384,-0.20326010683817497,False,True,False,all
2026-09-15,KYMR,113.1500015258789,93,7,False,-0.010869497189144872,0.24902861398864573,1.4464865194784626,-0.12995002790698107,False,False,False,all
2026-09-15,LIND,26.09000015258789,93,6,False,-0.10552660371206901,0.2270833229384457,1.2946350409136351,-0.2545714242117746,False,False,False,all
2026-09-15,NBIS,207.3699951171875,93,6,False,-0.019518865667060403,0.30504176526764093,1.820593098282525,-0.30844392300605794,True,True,False,all
2026-09-15,OII,47.68000030517578,93,7,False,-0.01689910042183873,0.278877344519026,1.1653042376920149,-0.12110598515805016,False,True,False,all
2026-09-15,PAYC,226.75999450683594,93,6,False,0.1774614153977503,0.5017034190569702,1.1616777045603195,-0.07437342451816753,True,True,False,all
2026-09-15,RBRK,103.55000305175781,93,6,False,0.17525421155158738,0.48625736716220924,1.4508876461954512,-0.04040404468897718,False,False,False,all
2026-09-15,VSAT,70.61000061035156,93,7,False,-0.05746512091661016,0.20859522334748926,1.7053639685186632,-0.24099751115910706,False,True,False,all
2026-09-15,BWIN,32.4900016784668,93,6,False,0.11840887948045853,0.3573442018542765,1.0459698642521489,-0.006573922658635656,False,False,False,all
2026-09-15,DAVE,374.6650085449219,93,7,False,-0.006068646717887871,0.41362191220512146,1.4615005060031168,-0.18240041779613336,True,True,False,all
2026-09-15,COHU,49.970001220703125,93,6,False,-0.038812928563309756,0.21083184808575073,1.6764863961705099,-0.3301608278445498,False,True,False,all
2026-09-15,QLYS,185.3699951171875,93,6,False,0.1105332960679104,0.4766381825793191,1.487853842471592,-0.08023220555529265,False,False,False,all
2026-09-15,IRWD,4.059999942779541,93,4,False,-0.023240164967209487,0.02438592037143228,2.2479999542236326,-0.29757789006824964,False,True,False,all
2026-09-15,KORU,18.600000381469727,93,4,False,-0.08167284048483026,-0.19645175863104514,2.771289492547438,-0.7093068656084283,False,True,False,all
2026-09-15,VSXY,72.58000183105469,93,6,False,-0.1441885238610573,0.1329030746053914,1.8927860258928089,-0.29162597618982555,False,False,False,all
2026-09-15,VICR,183.97000122070312,93,4,False,-0.14440277732650142,-0.10444745474402595,2.8681664404664615,-0.519221209577567,False,True,False,all
2026-09-15,FTRE,19.729999542236328,93,6,False,0.07877869985460206,0.3318167510449683,1.3756771604138707,-0.07760635319211162,False,True,False,all
2026-09-15,AAMI,87.4800033569336,92,7,False,-0.00690440793814906,0.3167778296542041,1.1094767490207071,-0.11205840095722108,False,False,False,all
2026-09-15,ALM,14.039999961853027,92,4,False,-0.08088115962490638,-0.08034533487264706,2.113081873464553,-0.4248258889955907,False,False,False,all
2026-09-15,ALTO,4.090000152587891,92,4,False,-0.1074935306836069,-0.004333180490470601,3.4456522591228955,-0.3306055543021129,True,True,False,all
2026-09-15,AMBQ,60.849998474121094,92,6,False,-0.08260617087368072,0.24868920370341052,1.7509039857807682,-0.3357712250987007,True,True,False,all
2026-09-15,ASST,27.56999969482422,92,4,False,0.6646238682396373,0.8506522748685523,2.9273503945487866,-0.8252851764154823,False,False,False,all
2026-09-15,HYLN,3.950000047683716,92,7,False,0.04813459276461396,0.258242297755489,1.5320514054928585,-0.5347467427359558,False,True,False,all
2026-09-15,KFRC,51.869998931884766,92,7,False,-0.08057022172976958,0.2820100617683299,1.1180073261191579,-0.15904671408485427,False,False,False,all
2026-09-15,MGTX,12.760000228881836,92,7,False,-0.03051299705934918,0.29128888066144465,0.9274925150250526,-0.16872964744121421,False,True,False,all
2026-09-15,MTRN,239.47999572753906,92,7,False,-0.03404715702088279,0.25793958236651937,1.1848370987502994,-0.2137369286057169,True,True,False,all
2026-09-15,SDGR,23.25,92,6,False,0.30909214251315875,0.5294643987683945,1.1242577111258116,-0.019401058719310638,False,False,False,all
2026-09-15,UMAC,23.030000686645508,92,6,False,-0.00605084461887595,0.2957347475173888,2.1787441063387027,-0.3406058079385157,True,True,False,all
2026-09-15,CGON,72.55000305175781,92,7,False,-0.017382333230246738,0.17028875130945975,1.1464498428807421,-0.10398910759547342,False,True,False,all
2026-09-15,NSP,51.52000045776367,92,6,False,0.017152612965275038,0.3638162593948653,1.7743673292640492,-0.07835422090440392,False,True,False,all
2026-09-15,XMTR,87.58499908447266,92,7,False,-0.03425988408037306,0.2573523994393687,1.4424148799146939,-0.17434957039346188,False,True,False,all
2026-09-15,IMVT,36.650001525878906,92,7,False,-0.09225552316859154,0.18216754728682338,1.5137175389341793,-0.19308667980226057,False,False,False,all
2026-09-15,RVTY,140.19000244140625,92,6,False,0.186106859476441,0.35752655308273606,0.726052700497517,-0.00017825408934246667,False,False,False,all
2026-09-15,CSTL,35.5,92,6,False,0.20852709835258,0.2110853565422619,1.0031599004330012,-0.198283627401588,False,True,False,all
2026-09-15,CBLL,25.040000915527344,92,6,False,0.18085362394299964,0.24962264267905865,1.307834104622903,-0.011448835730445639,True,True,False,all
2026-09-15,ANF,135.1699981689453,91,6,False,0.1869553369947714,0.3620872615151207,1.0652407100314711,-0.1291715171632376,False,False,False,all
2026-09-15,ATI,186.69000244140625,91,7,False,-0.07966294553875353,0.15590546475009193,1.4885365341943233,-0.23352630936656704,False,True,False,all
2026-09-15,PBR,21.770000457763672,91,7,False,0.15936010932019995,0.25653304259805454,0.9046369095813311,-0.021133062868321284,False,False,False,all
2026-09-15,PD,14.510000228881836,91,5,False,0.23930238915152513,0.5139974565348073,1.5456141604244218,-0.14192783206308346,False,False,False,all
2026-09-15,SPHR,144.1199951171875,91,7,False,-0.035226442122701984,0.14805638815421718,1.5571326039112425,-0.2065187951177253,False,True,False,all
2026-09-15,VCTR,105.56999969482422,91,7,False,-0.009757973143184162,0.2909237240075486,0.8511310179643281,-0.1455281498406874,False,False,False,all
2026-09-15,BTSG,58.84000015258789,91,7,False,-0.08012913235799757,0.15582807788241304,1.2691862499069497,-0.20216948945643543,True,True,False,all
2026-09-15,CRMG,9.826800346374512,91,4,False,0.4860190510837388,0.32170290915772504,1.6922739971559602,-0.3213535457849306,False,True,False,all
2026-09-15,ARX,19.809999465942383,91,6,False,0.23208773220978074,0.3851112381395112,1.157951939802583,-0.004522620819755407,True,True,False,all
2026-09-15,TER,332.8500061035156,91,5,False,-0.08579892417893364,0.03296954773301719,2.0010819142838825,-0.3178045057382691,False,True,False,all
2026-09-15,NGNE,33.689998626708984,91,7,False,-0.08417742892328839,0.266815141467331,1.114877462730672,-0.2283555028755705,False,True,False,all
2026-09-15,IQV,269.6700134277344,91,6,False,0.13466248340947762,0.32805571722959637,0.7454369801147855,-0.009840251939493783,False,True,False,all
2026-09-15,UCTT,65.66000366210938,91,5,False,-0.21273433220033955,-0.04276987854065917,2.055374795785443,-0.5447233178036908,True,True,False,all
2026-09-15,TSEM,195.1199951171875,91,5,False,-0.13878337814791708,0.029807765445885703,2.0097175629528006,-0.3901356703498753,False,True,False,all
2026-09-15,TGTX,53.040000915527344,91,7,False,-0.009549683617920413,0.335843519953235,0.9820627975287433,-0.10556489716817585,False,True,False,all
2026-09-15,CBZ,54.68000030517578,91,6,False,0.08809857994894288,0.3773299805129555,1.2511320808646689,-0.0492088001904496,True,True,False,all
2026-09-15,VOR,22.31999969482422,91,7,False,0.027756784625667663,0.3869491736510686,2.4338461068960338,-0.5531531660879452,False,True,False,all
2026-09-15,ALKS,46.029998779296875,90,7,False,-0.07265638293256105,0.2041762573646515,0.7435605850156233,-0.17316327836752055,False,True,False,all
2026-09-15,DJCO,687.6599731445312,90,6,False,0.1430107797810627,0.2574697556840744,0.9724635387469858,-0.001002400618695276,False,False,False,all
2026-09-15,KRYS,336.67999267578125,90,7,False,-0.02767157918379881,0.14368044137479608,1.3145880457579024,-0.11987141189001238,False,True,False,all
2026-09-15,LTH,41.470001220703125,90,7,False,-0.0425816558861849,0.26061663218706177,0.7178957029504329,-0.12204931333027302,False,True,False,all
2026-09-15,PAY,36.0099983215332,90,6,False,0.02206474622017396,0.25174451199015246,0.7906512793936546,-0.20525276472933207,True,True,False,all
2026-09-15,RAPP,42.68000030517578,90,7,False,-0.04690869704381573,0.20868851590992832,0.8231525238516351,-0.19365199208203476,False,True,False,all
2026-09-15,RZLT,4.150000095367432,90,3,False,-0.12016618405976787,0.049079239442632705,2.8785045718988513,-0.6377760168010498,False,True,False,all
2026-09-15,SN,167.08999633789062,90,7,False,-0.01136147262312237,0.2799044957232306,1.0102260685351276,-0.141102076157,False,False,False,all
2026-09-15,VRNS,47.470001220703125,90,7,False,0.0715527545796053,0.4379260574986308,1.4096446386949322,-0.2571204994184826,False,False,False,all
2026-09-15,DDOG,230.27000427246094,90,7,False,-0.061774477257685256,0.2927386206994458,1.3494541297162068,-0.2133437984688875,False,True,False,all
2026-09-15,NEXA,12.619999885559082,90,5,False,-0.07662141062724459,0.01776244632426449,1.6182571444202192,-0.25281229475392153,False,False,False,all
2026-09-15,GRAL,75.88999938964844,90,4,False,0.032017136408861946,0.04451865965160362,1.0521903820731922,-0.3614102850199107,False,False,False,all
2026-09-15,U,43.0099983215332,90,6,False,0.12514448516846466,0.3372362730488101,1.563170236087239,-0.17526371882865754,True,True,False,all
2026-09-15,KOPN,4.340000152587891,90,7,False,0.01868372757874548,0.2353937895844147,1.3977902153538935,-0.3434190522050111,True,True,False,all
2026-09-15,ZBIO,31.93000030517578,90,4,False,0.02190062089598066,0.2358425415995462,1.3651852077907987,-0.28408068615287085,False,True,False,all
2026-09-15,MITK,17.979999542236328,90,7,False,-0.008689152120117005,0.2325071767781619,1.1078546430356675,-0.1458432211921029,False,True,False,all
2026-09-15,ZURA,4.929999828338623,90,5,False,-0.11602807560000694,-0.06837436602304325,1.6223403408738917,-0.3373656195668845,False,False,False,all
2026-09-15,VET,13.460000038146973,90,7,False,0.16872742535153806,0.22781652601203617,0.8957746787242444,-0.09176785996508596,False,False,False,all
2026-09-15,MYE,29.790000915527344,90,7,False,-0.07483320014207662,0.21495140031041737,0.9169884806084074,-0.20453937760643393,False,True,False,all
2026-09-15,TNET,69.25,90,6,False,0.055653116787851786,0.329674888029845,1.0603986534493441,-0.05240834339206546,True,True,False,all
2026-09-15,AMDW,83.08999633789062,89,6,False,-0.04953299762286112,0.18528492635336935,1.169451644727177,-0.28308891075089637,True,True,False,all
2026-09-15,APPN,37.91999816894531,89,6,False,0.17428460250102962,0.3439170890398122,1.0354267244843478,-0.1767081411518383,False,False,False,all
2026-09-15,ARCB,134.8000030517578,89,7,False,-0.05761941790304348,0.16268892414026492,1.2682147460803233,-0.23708188811384479,True,True,False,all
2026-09-15,HYMC,20.700000762939453,89,4,False,-0.09510566481012261,-0.31559272062264887,2.6379614331763848,-0.6475395722069976,False,False,False,all
2026-09-15,LRCU,37.584999084472656,89,5,False,-0.28728252763938555,-0.1950244580580368,2.2626811309248938,-0.6693207999868973,False,True,False,all
2026-09-15,MEOH,64.46499633789062,89,7,False,0.14889363336943262,0.21750660605797711,1.014531135559082,-0.03423226460088946,False,False,False,all
2026-09-15,PBI,17.31999969482422,89,7,False,-0.004929405570453849,0.2574004581403808,0.9351955378696619,-0.09176717503959719,False,False,False,all
2026-09-15,SATL,5.070000171661377,89,5,False,0.0806317947542119,0.04069917231254516,3.039840789581545,-0.5774999856948853,True,True,False,all
2026-09-15,DCO,166.32000732421875,89,7,False,-0.07689025132257055,0.17510329385787227,0.9622463795706495,-0.2094680935086214,False,True,False,all
2026-09-15,ALNT,91.27999877929688,89,7,False,-0.033720295005667644,0.22214261630566012,1.1863472761508231,-0.23080812178537735,False,True,False,all
2026-09-15,SPT,11.279999732971191,89,6,False,0.1816838707803503,0.37877501693561144,1.292682837002718,-0.24295301867371166,False,False,False,all
2026-09-15,TGB,7.980000019073486,89,7,False,-0.002624667630018007,0.11134322616827652,1.2606232531870925,-0.1873726815613378,False,True,False,all
2026-09-15,EAT,203.47000122070312,88,7,False,-0.0526532386053401,0.22465832694527377,1.0286141079747178,-0.20204715150626607,False,False,False,all
2026-09-15,FTXL,223.2100067138672,88,7,False,-0.0313192454645137,0.14627471651309243,1.137207980621163,-0.249360984296624,True,True,False,all
2026-09-15,JAZZ,240.8300018310547,88,7,False,-0.03392009863255441,0.16100614879534736,0.9440588244314798,-0.09591561897822598,False,True,False,all
2026-09-15,JBIO,17.3799991607666,88,5,False,-0.17107049589752565,-0.04515598409360977,1.5151953031193846,-0.3792857442583356,False,False,False,all
2026-09-15,MSGS,393.2699890136719,88,7,False,-0.0042779281074636355,0.17766132820651825,0.891630594320677,-0.10402570893768126,False,False,False,all
2026-09-15,RGEN,174.72999572753906,88,6,False,0.09967912423728942,0.22888845158811577,0.7301712983818567,-0.07418004724702676,True,True,False,all
2026-09-15,RPD,12.460000038146973,88,4,False,0.0859334201675106,0.27687810634421917,1.5070423670312665,-0.4052506164969354,False,True,False,all
2026-09-15,TECL,193.0800018310547,88,6,False,-0.01337370988854314,0.24167762884760813,1.5689195372989673,-0.29891065319475496,True,True,False,all
2026-09-15,TK,14.1899995803833,88,7,False,0.1703478521992925,0.2290768541094983,0.8192306709477677,-0.022053800375659627,False,False,False,all
2026-09-15,VEEV,266.6199951171875,88,5,False,0.16047774729415676,0.34085244526259606,0.8008780116267744,-0.14132046661131237,False,True,False,all
2026-09-15,VIRT,57.939998626708984,88,7,False,-0.04864802839821225,0.19540568746572284,0.8364500801207355,-0.15735897576158298,False,True,False,all
2026-09-15,VSH,31.43000030517578,88,5,False,-0.09757553011125764,0.06793247625112708,1.670348265317532,-0.5475744961436799,True,True,False,all
2026-09-15,CARE,31.190000534057617,88,7,False,-0.039829066783150346,0.2127174162864156,0.858760384847923,-0.1350527080911461,True,True,False,all
2026-09-15,CBL,53.2599983215332,88,7,False,-0.04250654862861236,0.1913296072476256,0.899768097428743,-0.11821197059550581,False,True,False,all
2026-09-15,AIS,66.36000061035156,88,6,False,-0.038787439990617845,0.17004629660900838,1.0033207731426885,-0.2526606004981038,True,True,False,all
2026-09-15,STT,185.1300048828125,88,7,False,-0.009016409556123262,0.22392396611089005,0.7692087725788592,-0.055121666904975775,False,True,False,all
2026-09-15,CRVS,12.949999809265137,88,4,False,-0.09038549469405388,-0.07052192141644298,1.2960993113169272,-0.5194805401611176,False,False,False,all
2026-09-15,VIAV,33.7599983215332,88,4,False,-0.1291428111063937,-0.047096245606437326,1.822742325573088,-0.44133711482636406,False,False,False,all
2026-09-15,AMAT,421.1700134277344,87,5,False,-0.1739244102562144,0.018151963269773308,1.499080380219365,-0.43059739727346535,False,True,False,all
2026-09-15,ATRO,66.63999938964844,87,5,False,-0.1065730775231859,0.05855817075467451,1.1333652801843246,-0.29451619695597975,False,True,False,all
2026-09-15,BIO,378.0,87,6,False,0.09419135118318867,0.2443557548673121,0.5967558265622308,-0.04600865780193808,False,True,False,all
2026-09-15,DGII,68.59500122070312,87,7,False,-0.05054748096426098,0.1835779728538558,0.9934612474536813,-0.21009898533616955,False,False,False,all
2026-09-15,DOCU,71.8499984741211,87,5,False,0.2329472035347624,0.33838757224072724,0.7890935943006752,-0.17080210953415442,False,False,False,all
2026-09-15,JBHT,273.04998779296875,87,7,False,-0.005928430729393752,0.13477889938077503,1.098447571774476,-0.0891046874249175,False,True,False,all
2026-09-15,LGND,276.9800109863281,87,7,False,-0.0578077987127017,0.17951595088357464,0.7116549156457366,-0.15200683695393413,False,True,False,all
2026-09-15,NBR,89.30000305175781,87,7,False,0.02804624202979422,0.11271161910330951,1.4385583193997569,-0.20903452750362905,True,True,False,all
2026-09-15,RHI,38.29999923706055,87,7,False,-0.053212920797856555,0.24935979676618225,0.7544663019200963,-0.1798715500781114,False,True,False,all
2026-09-15,TECH,72.33999633789062,87,6,False,0.004616129312403627,0.17928790168047049,0.6745369226926006,-0.0038557752423740155,False,True,False,all
2026-09-15,VAC,101.1500015258789,87,7,False,-0.0392287103032215,0.2913925630986589,1.2689546292350582,-0.22986139526259552,False,False,False,all
2026-09-15,WKC,35.5,87,7,False,-0.026506447972950542,0.23114911433387975,0.5983791743971112,-0.13834953051910526,True,True,False,all
2026-09-15,CLDX,38.5099983215332,87,7,False,-0.016618700880651316,0.2056056540094109,0.7425338306248552,-0.146876410229541,True,True,False,all
2026-09-15,PEB,18.190000534057617,87,7,False,-0.015426220751495134,0.23139207297041575,0.8208209159970421,-0.0873055566720834,True,False,False,all
2026-09-15,DSGN,12.225000381469727,87,5,False,-0.12891362783838867,0.034019045773393985,1.3153408893355825,-0.2913043257118999,False,False,False,all
2026-09-15,SOXX,498.8500061035156,87,7,False,-0.05608752327249722,0.13705729641221143,0.9598868836520476,-0.23949996673516583,True,True,False,all
2026-09-15,SENEA,179.66000366210938,87,7,False,-0.01087126108651515,0.22075807589129082,0.8041775492926453,-0.14447617303757443,False,True,False,all
2026-09-15,LNTH,100.7300033569336,87,7,False,-0.013708955933422473,0.17712022746729117,1.0279848413586619,-0.09949934912111913,True,True,False,all
2026-09-15,VIA,26.100000381469727,87,4,False,0.1302028488053908,0.25349395524957563,1.0154440745857278,-0.5364944104965075,True,True,False,all
2026-09-15,BRKR,55.75,87,7,False,-0.039094630139832165,0.15435185855715594,0.8527749989128937,-0.1462481256576409,False,True,False,all
2026-09-15,SITM,550.3900146484375,87,5,False,-0.08185621551419431,0.08000987256304715,1.2586867461309024,-0.38968295301840816,True,True,False,all
2026-09-15,ACHC,27.3799991607666,86,7,False,-0.09904576408345,0.1736867493381713,1.3954504312977378,-0.23583595418530723,True,True,False,all
2026-09-15,ARM,241.8300018310547,86,6,False,-0.08377597457316033,0.17745340558782163,1.417816536167809,-0.4658051793458763,True,True,False,all
2026-09-15,ASTH,38.349998474121094,86,6,False,-0.037075762458815165,0.2038434647020957,1.121128243138846,-0.256782953329839,True,True,False,all
2026-09-15,ATLC,93.05000305175781,86,7,False,-0.050742643539379295,0.22578082626204266,0.9589474326685856,-0.18619900269384226,False,True,False,all
2026-09-15,EMEQ,63.43980026245117,86,7,False,-0.014433314393798358,0.14928915078790173,0.8272357218873889,-0.1940058315288925,False,True,False,all
2026-09-15,FLEX,108.0,86,6,False,-0.08806890381068377,0.11946854185148625,1.035048061448038,-0.35275081142903963,False,True,False,all
2026-09-15,FNKO,5.340000152587891,86,6,False,-0.09797294429177517,0.1485476797002312,0.9632353295659108,-0.27346935756799295,False,False,False,all
2026-09-15,LRCX,270.8699951171875,86,5,False,-0.12930639044699843,0.02062365102505259,1.3145347171028563,-0.3822805128456386,False,True,False,all
2026-09-15,PRLB,79.08999633789062,86,7,False,-0.018391098247494186,0.17981553568432407,0.7536585147175423,-0.1495699318506385,True,True,False,all
2026-09-15,RIGL,44.36000061035156,86,6,False,0.037568607188353864,0.21888560136551005,0.7779558819189929,-0.15084228206224104,False,True,False,all
2026-09-15,RPRX,58.470001220703125,86,7,False,-0.013449262242706927,0.17313705109407196,0.688420427873969,-0.09179863754034379,False,False,False,all
2026-09-15,WNC,12.489999771118164,86,7,False,-0.026515585920217744,0.21395904858400128,0.8838611697627998,-0.13683486243067,False,True,False,all
2026-09-15,XRX,3.4600000381469727,86,6,False,0.15804271341835752,0.39381245488803107,1.9075629174578892,-0.18969553779805537,False,True,False,all
2026-09-15,CAI,28.5,86,5,False,0.36846857060453453,0.3588300715062207,1.0084567190121199,-0.17496523108271633,False,True,False,all
2026-09-15,SDRL,49.7599983215332,86,7,False,0.09879914272425072,0.1666386880880788,0.7708184215665332,-0.10293857532923167,False,True,False,all
2026-09-15,NWPX,101.22000122070312,86,5,False,-0.15565986907815732,0.060562178550146006,1.0552284511817893,-0.33421033984453963,False,True,False,all
2026-09-15,TMO,641.3900146484375,86,6,False,0.10059916368056343,0.19442728542544918,0.4735452267266038,-0.008670765612925013,False,True,False,all
2026-09-15,MANH,209.6199951171875,86,6,False,0.10355353747634566,0.3166051338058571,0.7606248901023696,-0.07668591708461492,True,True,False,all
2026-09-15,CURE,126.86000061035156,86,6,False,0.0008757506467005349,0.1630188290275989,0.706483815707317,-0.1542666625976562,False,True,False,all
2026-09-15,ACMR,63.939998626708984,85,5,False,-0.21147591747262684,-0.007827306556671298,1.2466620057480493,-0.4972875430506828,False,True,False,all
2026-09-15,AMAL,46.9900016784668,85,7,False,-0.03235501334985358,0.13807831288439254,0.8698767707015453,-0.08916453693575621,False,False,False,all
2026-09-15,AMRX,16.649999618530273,85,7,False,-0.06187672070369765,0.14619489751886783,0.7544784004318768,-0.13551404877128026,False,True,False,all
2026-09-15,ARWR,70.66999816894531,85,5,False,-0.15733722114164106,-0.022749078535605705,1.5131577546166213,-0.2599225075932412,False,False,False,all
2026-09-15,ENLT,69.55000305175781,85,5,False,-0.15741699545433985,-0.05675662445290197,1.4812701158760198,-0.3598711267832613,False,True,False,all
2026-09-15,FRNM,14.640000343322754,85,6,False,0.1455220108939035,0.20267301979323515,0.47135684662932675,-0.14759819542045294,False,False,False,all
2026-09-15,GOLD,47.79999923706055,85,6,False,0.10930093593592272,0.09907795299788802,1.078260836393937,-0.28335829948909363,False,False,False,all
2026-09-15,ONTO,244.16000366210938,85,5,False,-0.1454379357955331,-0.004140088424644306,1.1923318455660423,-0.36821402199277753,False,True,False,all
2026-09-15,PGC,45.720001220703125,85,7,False,-0.0049924254814026625,0.1828900397008968,0.8502631693512606,-0.06959703319951105,False,True,False,all
2026-09-15,ROM,140.4499969482422,85,7,False,-0.0016562277050166108,0.21165219807114477,0.9681894022835582,-0.18257484017435976,True,True,False,all
2026-09-15,SVIX,27.790000915527344,85,6,False,0.07907666015643366,0.259182522651358,0.9667374869392853,-0.048939029138634904,False,True,False,all
2026-09-15,UROY,4.28000020980835,85,6,False,0.16004884006676656,0.14373523334496774,0.6718751193257075,-0.22463764047151935,False,False,False,all
2026-09-15,VSTM,7.340000152587891,85,4,False,0.11255951503988593,0.18667498737811283,1.1399416937992335,-0.32162658413946144,False,False,False,all
2026-09-15,WPP,25.81999969482422,85,6,False,0.12216957366720171,0.3037111698909636,0.7434165403955115,-0.07055438961034677,True,True,False,all
2026-09-15,AZTA,33.029998779296875,85,6,False,0.08704233282604834,0.1692014295500741,1.0734462113327878,-0.20848312624911225,False,False,False,all
2026-09-15,PI,174.38999938964844,85,4,False,0.09910956369141655,0.22225350438635538,0.9962225065390444,-0.29415049273122473,True,True,False,all
2026-09-15,EFXT,22.399999618530273,85,6,False,0.017044565814276158,0.05637703605040456,1.1414913515142313,-0.23156089496855814,False,True,False,all
2026-09-15,INCY,121.73999786376953,85,7,False,-0.0007190659697664525,0.15599798902908724,0.501294899021774,-0.08190051085871075,False,True,False,all
2026-09-15,BCAX,22.670000076293945,84,6,False,-0.11988166081249751,0.06959188968129282,1.202039816249795,-0.2684736933292343,False,True,False,all
2026-09-15,BOX,34.79999923706055,84,6,False,0.0793776612133239,0.2638230382890545,0.6307403462150571,-0.042377570419951605,False,True,False,all
2026-09-15,DIOD,90.2699966430664,84,5,False,-0.020103806674504066,0.11114799900777084,1.1350520163039515,-0.2835145791440242,True,True,False,all
2026-09-15,DT,55.16999816894531,84,6,False,0.14971988205728337,0.3216792600731522,0.7439544102982718,-0.005049640940334887,False,True,False,all
2026-09-15,EPC,26.639999389648438,84,7,False,-0.046494167728057034,0.1987580174440322,0.6935791586082296,-0.11051757225284808,False,True,False,all
2026-09-15,GTX,25.6299991607666,84,5,False,-0.12491851453461367,0.06046355984307028,1.0898564325115228,-0.29296554039264544,False,False,False,all
2026-09-15,INTA,37.4900016784668,84,6,False,0.05626466080463355,0.216943120149512,0.9721200014247422,-0.21781762070178012,True,True,False,all
2026-09-15,ORIC,12.359999656677246,84,7,False,-0.0020508271344091833,0.15702437605174868,0.7095435164689199,-0.17213667755971807,False,True,False,all
2026-09-15,SVM,11.399999618530273,84,5,False,0.03202908411239336,0.03595393061947294,1.2799999237060549,-0.2771084789082564,False,True,False,all
2026-09-15,UFPT,275.4700012207031,84,5,False,-0.019829701005352085,0.1521542554685742,0.5844357543635126,-0.18670836948948488,True,True,False,all
2026-09-15,XBI,154.02999877929688,84,7,False,-0.025157437569727437,0.12764999955454548,0.6626727093492202,-0.0933545274432318,False,True,False,all
2026-09-15,WCLD,41.16999816894531,84,6,False,0.08565860527042868,0.2753862719376934,0.7233151620248395,-0.054432767495345535,True,True,False,all
2026-09-15,SOXQ,88.0,84,7,False,-0.05913446902691155,0.11850674242956294,0.8667798290070425,-0.23700523953229669,True,True,False,all
2026-09-15,MEDP,620.47998046875,84,6,False,0.06945712001942916,0.19179627753629558,0.6634852023290885,-0.08470282029410314,True,True,False,all
2026-09-15,COHR,271.1700134277344,84,4,False,-0.08963882460035022,-0.03449734806100402,1.6947234505516584,-0.38370451493696733,True,True,False,all
2026-09-15,CRM,255.64999389648438,84,5,False,0.2638859069216717,0.26956644908839356,0.7471977931904425,-0.0500166927566591,False,True,False,all
2026-09-15,VTRS,16.649999618530273,84,7,False,-0.0082201817808224,0.11718346387203327,0.7656414718663052,-0.09461663017224431,False,True,False,all
2026-09-15,BWMN,42.459999084472656,84,6,False,0.21431552114263797,0.2844985600559915,0.6936577423747898,-0.07353267754614179,True,True,False,all
2026-09-15,KOP,45.790000915527344,84,7,False,-0.043550897763241836,0.1762847453318448,0.8316000366210938,-0.13603771857495572,True,True,False,all
2026-09-15,BXC,76.87999725341797,84,6,False,0.07308055312619799,0.2193332429955015,0.7168378595169118,-0.1803838512564181,True,True,False,all
2026-09-15,DVN,51.33000183105469,83,7,False,0.11938349641883184,0.16830889463518184,0.6310773101692595,-0.02618093867173843,False,False,False,all
2026-09-15,ESTC,85.16000366210938,83,6,False,0.13279331681402362,0.32924077618979686,1.025208209446388,-0.2114814475730613,False,False,False,all
2026-09-15,FIX,1576.780029296875,83,6,False,-0.06218713239147322,0.042317470024346715,1.0884503699296357,-0.2397359501630535,False,True,False,all
2026-09-15,GMAB,34.150001525878906,83,6,False,0.09790133372533716,0.16099010577053208,0.44580864997917025,-0.036127540735862995,True,True,False,all
2026-09-15,HRMY,42.16999816894531,83,6,False,0.1035684256504299,0.2240661877600474,0.652429365694482,-0.030351884538442286,False,False,False,all
2026-09-15,HSBC,102.22000122070312,83,7,False,-0.0073607839498710526,0.13167358901473136,0.5811291385629007,-0.0528168740266195,False,False,False,all
2026-09-15,INSP,74.5999984741211,83,4,False,0.28972915914660424,0.1416983667865641,0.9172448924870071,-0.4926205597940505,False,False,False,all
2026-09-15,MOV,32.84000015258789,83,7,False,-0.09381898224470842,0.1300737655214006,0.9048724239314727,-0.18913579870153352,False,True,False,all
2026-09-15,MTDR,63.16999816894531,83,7,False,0.16311181166569488,0.2059163457337898,0.700861583389037,-0.05490721678667787,False,True,False,all
2026-09-15,SLDB,8.369999885559082,83,6,False,-0.08763899656260077,0.124512543638434,1.2084432638006612,-0.2689956310054934,False,True,False,all
2026-09-15,WLY,49.33000183105469,83,7,False,-0.036331422955688586,0.22104871956690886,0.7381960285344202,-0.1413387930409975,False,False,False,all
2026-09-15,DDD,3.140000104904175,83,7,False,-0.00576274659120124,0.21418356036278352,0.8470588334291449,-0.2378640310379333,True,True,False,all
2026-09-15,CTRN,57.099998474121094,83,6,False,-0.1501408227713723,0.1061978767214633,0.9290539776434257,-0.2671031216766453,False,False,False,all
2026-09-15,STLD,239.22000122070312,83,7,False,-0.015673829773066528,0.12449286061793652,0.8485433463498586,-0.17150374277382108,False,True,False,all
2026-09-15,RELY,21.829999923706055,83,7,False,-0.1069711892112647,0.14784633653834955,0.8071192103955553,-0.20557517191403296,False,False,False,all
2026-09-15,RLJ,10.970000267028809,83,7,False,-0.0468494553816331,0.18782723499177445,0.6773700811950152,-0.14895267844492643,False,True,False,all
2026-09-15,SEZL,119.06999969482422,83,6,False,-0.16942780544941527,0.18872433496319108,1.4054545392893782,-0.39159983848497093,True,True,False,all
2026-09-15,TRVI,15.039999961853027,83,6,False,-0.15093487368749026,0.06092563018755026,0.9672988880806117,-0.25618197464924164,False,True,False,all
2026-09-15,BULZ,36.90999984741211,83,7,False,0.03277688215279406,0.1816210061379917,1.4672459728137799,-0.34195044130858054,True,True,False,all
2026-09-15,STM,47.91999816894531,83,5,False,-0.13470570059626674,0.03839815759876175,1.2700140589028273,-0.411446828216429,True,True,False,all
2026-09-15,ARIS,18.559999465942383,82,7,False,0.0865746843472952,0.05041835523324223,1.121142796107701,-0.20309150981748092,False,True,False,all
2026-09-15,BHE,72.62999725341797,82,5,False,-0.0693759292057129,0.07660604943239169,1.0225563230864823,-0.27666572448472526,False,True,False,all
2026-09-15,BNY,154.6699981689453,82,7,False,-0.028130018027727743,0.1499717874700246,0.5000484652641684,-0.06735406666427446,False,True,False,all
2026-09-15,DHC,7.820000171661377,82,6,False,-0.07508159381505419,0.0700821966718006,0.9948979641486584,-0.1904761599187461,True,False,False,all
2026-09-15,DRH,12.390000343322754,82,7,False,-0.007911061693189114,0.16104731291547258,0.6564171539744792,-0.10152281525765494,False,False,False,all
2026-09-15,EZPW,30.34000015258789,82,7,False,-0.033142123881839014,0.088535934473565,0.8387878880356296,-0.18287101320226307,False,True,False,all
2026-09-15,FLYW,17.75,82,7,False,-0.008656798720560244,0.19315699287813226,0.6824644245588036,-0.10035476878738447,False,True,False,all
2026-09-15,GEN,31.229999542236328,82,6,False,0.1032138922121082,0.26288714986405126,0.7564678479283222,-0.013270144750587742,False,False,False,all
2026-09-15,ODC,86.0,82,7,False,-0.0858668691089971,0.15361759554086452,0.8855513889311721,-0.19626168224299068,True,True,False,all
2026-09-15,PSI,128.5800018310547,82,5,False,-0.09597638616599569,0.061668084651999466,0.9211116277420879,-0.3205453492987803,False,True,False,all
2026-09-15,RAL,65.58000183105469,82,7,False,-0.019716264940767392,0.18180477962537078,0.7595921927978886,-0.13035408239867097,False,False,False,all
2026-09-15,WAT,417.0899963378906,82,6,False,0.05456618278692238,0.15438073359970939,0.47501507424016065,-0.021420873860128475,True,True,False,all
2026-09-15,COGT,32.7400016784668,82,3,False,-0.1363482401455467,-0.112296834969427,1.8224138449828757,-0.25131484058569253,False,True,False,all
2026-09-15,KALU,149.97000122070312,82,6,False,-0.08970063066975209,0.011570642133582831,1.0521346122486648,-0.24973734714779572,True,True,False,all
2026-09-15,SMH,542.1099853515625,82,7,False,-0.04363494528555478,0.11963965889735007,0.7988187083480671,-0.19308460241206193,True,True,False,all
2026-09-15,ZLAB,24.799999237060547,82,7,False,0.08971708505480769,0.24209444446288142,0.5538846602621899,-0.285714332801561,True,True,False,all
2026-09-15,CIEN,334.3299865722656,82,4,False,-0.14215501166325273,-0.12397489834575537,1.5434004894188509,-0.47556903977840426,False,False,False,all
2026-09-15,CSCO,110.06999969482422,82,7,False,-0.03104835497332803,0.14959395195807423,0.6589299506578814,-0.15571064035183813,True,True,False,all
2026-09-15,IX,39.689998626708984,82,7,False,-0.00043320954422731983,0.14581329459402936,0.6407605518994755,-0.06369428643112429,False,False,False,all
2026-09-15,MRAM,14.510000228881836,82,4,False,-0.112391630381523,-0.07951620661979886,1.130690213039781,-0.7182524227401585,False,True,False,all
2026-09-15,AGRO,11.5600004196167,81,6,False,0.09982117835304827,0.08711500192766342,0.6777939976235654,-0.27249841599440827,False,False,False,all
2026-09-15,ANDE,71.2699966430664,81,7,False,0.010709769098484978,0.06221644896996392,0.8909524871290653,-0.1320180719365207,True,False,False,all
2026-09-15,ASML,1591.47998046875,81,6,False,-0.08023812246321371,0.06038198932650585,0.9084324792348941,-0.20424407910509923,False,True,False,all
2026-09-15,AVR,8.34000015258789,81,7,False,-0.04635577890765463,0.1854589632552972,1.5272728100295905,-0.24559023768789667,False,True,False,all
2026-09-15,BEN,33.290000915527344,81,7,False,-0.013003782893572291,0.1520147573651538,0.576977733444648,-0.0824144973641997,False,True,False,all
2026-09-15,ELF,95.47000122070312,81,5,False,0.052477249248525926,0.24230231193981333,0.9555510409154024,-0.36770648554598906,False,True,False,all
2026-09-15,FRSH,12.65999984741211,81,6,False,0.0670937181250797,0.24136813866904716,0.8645066153957868,-0.09506790174877555,False,True,False,all
2026-09-15,FSM,11.640000343322754,81,6,False,0.13527750986802234,0.1441659138081186,0.5136541296112835,-0.15956678536296565,False,True,False,all
2026-09-15,IAG,19.639999389648438,81,7,False,0.1178398662802882,0.08979121818739522,0.8252787148582987,-0.21029357752712374,False,True,False,all
2026-09-15,IDYA,37.65999984741211,81,5,False,-5.8424459077666135e-05,0.11248636815236712,0.5537584988872488,-0.11761950379262065,False,True,False,all
2026-09-15,JHX,27.059999465942383,81,7,False,-0.035356041701351426,0.15160204827230905,0.643985478192955,-0.13903915993643057,False,False,False,all
2026-09-15,KLIC,78.79000091552734,81,5,False,-0.14636311775267974,-0.01893825215116296,1.2498572211771686,-0.41980854827007696,False,True,False,all
2026-09-15,MOG.A,356.70001220703125,81,7,False,-0.09887648504486779,0.06981482615301426,0.8546249093282983,-0.2053024231779388,False,True,False,all
2026-09-15,NMAX,10.770000457763672,81,6,False,0.14513562182762962,0.3773964381349686,1.1076321284470496,-0.2080882238475512,True,False,False,all
2026-09-15,NOK,9.84000015258789,81,4,False,-0.03971892616595729,0.010666450014712225,1.1818181049244694,-0.4361031677725645,False,True,False,all
2026-09-15,NVRI,21.510000228881836,81,7,False,-0.02673205444776805,0.08291527361493034,0.9291480685913382,-0.11115704335750098,False,True,False,all
2026-09-15,RIG,5.940000057220459,81,6,False,0.07819648719329653,0.059012313255053295,0.9603960769992874,-0.22454305802274177,False,False,False,all
2026-09-15,TSMX,74.63999938964844,81,5,False,-0.04103285279788893,0.06533474489331681,0.8438735235599495,-0.2979684010168221,False,True,False,all
2026-09-15,VAL,88.2300033569336,81,6,False,0.07612525426654537,0.09330859410920023,0.8892934029018655,-0.22686644555328717,False,False,False,all
2026-09-15,CERT,8.399999618530273,81,4,False,0.08331178505773984,0.1667557401948263,0.8876404446222732,-0.3948127125884665,False,True,False,all
2026-09-15,WEAV,7.329999923706055,81,6,False,0.07838520428149431,0.20583008715960105,0.7287736602337131,-0.08087774152220895,True,True,False,all
2026-09-15,SCCO,189.38999938964844,81,7,False,-0.011712007636407007,0.0555964205614492,0.84925486289595,-0.1456344515490159,False,True,False,all
2026-09-15,CTOS,9.029999732971191,81,6,False,-0.09853251695358656,0.0859434337747802,0.743243249463075,-0.2616516704039057,False,False,False,all
2026-09-15,FBP,28.110000610351562,81,7,False,-0.004363636590627662,0.1723295460394354,0.46711904145178296,-0.05923690094138634,False,True,False,all
2026-09-15,CBRL,45.150001525878906,81,6,False,-0.17072271970100272,0.19836135063056037,0.8169014419632197,-0.2507467178314693,False,False,False,all
2026-09-15,NWL,5.639999866485596,81,7,False,-0.014812768725554148,0.23752054313483995,0.8371335469470655,-0.2089761885048942,False,True,False,all
2026-09-15,TARS,78.2300033569336,81,6,False,0.14835560965681593,0.13669143669319261,0.6230290895987691,-0.14530750136283843,False,True,False,all
2026-09-15,WPM,150.02000427246094,81,7,False,0.14650190865993906,0.1459970065240035,0.6206114806852361,-0.09495650793910881,False,True,False,all
2026-09-15,BILL,49.959999084472656,80,6,False,0.07097685509352814,0.1411720575163904,0.590576228181322,-0.12672609886420572,True,True,False,all
2026-09-15,DVA,190.89999389648438,80,7,False,-0.06076356559661278,0.14951488199140517,0.8900989494701423,-0.22865574504277408,True,True,False,all
2026-09-15,EMBJ,74.08000183105469,80,6,False,0.04389195645026378,0.11740104422828668,0.3831217313597095,-0.08260059651944662,False,True,False,all
2026-09-15,EXPE,293.0799865722656,80,5,False,-0.012414612868342223,0.12820661952942314,0.5813099836149549,-0.14304097493489587,False,False,False,all
2026-09-15,GSHD,59.349998474121094,80,3,False,-0.05456146468604872,0.07380386236317737,0.7621733354022704,-0.2964675433295524,False,True,False,all
2026-09-15,ITIC,301.3800048828125,80,6,False,0.04083782313095008,0.17827430960575796,0.43685342018027407,-0.026393097180867797,False,False,False,all
2026-09-15,KEYS,313.3599853515625,80,6,False,-0.037289413938696336,0.06958164178981519,0.9734240103335803,-0.16429094406121436,True,True,False,all
2026-09-15,KN,34.779998779296875,80,7,False,-0.039677536458844864,0.12884323551699461,0.6908118276758237,-0.18984396617617338,False,True,False,all
2026-09-15,MSM,119.87999725341797,80,7,False,-0.017533296515394037,0.165717493150757,0.5213197031817092,-0.08109772279602856,False,True,False,all
2026-09-15,NUVB,5.800000190734863,80,3,False,-0.09640428143607216,-0.022861636863646062,0.9397993887075233,-0.405128185565655,False,True,False,all
2026-09-15,PRGS,43.560001373291016,80,6,False,0.04546178001887502,0.1764023146446243,0.8287154463211872,-0.08043060258608614,False,False,False,all
2026-09-15,PRSU,49.18000030517578,80,7,False,-0.016392127855136218,0.16896514551751585,0.5354355972365537,-0.1298655359720482,True,True,False,all
2026-09-15,SNDA,39.689998626708984,80,7,False,-0.00413004491814517,0.11165257077548052,0.5907814594404428,-0.1058797212787409,False,False,False,all
2026-09-15,WK,74.80999755859375,80,5,False,0.13974998239840808,0.1492477892962114,0.7261189961977133,-0.22951751770880713,True,False,False,all
2026-09-15,XES,119.33999633789062,80,7,False,0.023456980654180226,0.08045463609841863,0.7534528448248803,-0.11828599219552716,True,True,False,all
2026-09-15,CVLG,36.04999923706055,80,6,False,-0.07265928610709593,0.10801023022248435,1.0027777353922525,-0.2772654678208344,True,False,False,all
2026-09-15,RCUS,24.31999969482422,80,6,False,-0.1520459769604936,-0.01704808456948781,1.1522123260462207,-0.23365371901422505,False,False,False,all
2026-09-15,MUR,40.400001525878906,80,7,False,0.10627954334367296,0.13344335088702297,0.5955766987681781,-0.0678356856566239,False,True,False,all
2026-09-15,GPRE,14.869999885559082,80,6,False,-0.07074116495004379,0.026472916450390294,0.7190752070906625,-0.24325698858861922,False,False,False,all
2026-09-15,SPB,85.66000366210938,80,7,False,-0.023105129638888333,0.11034926207992313,0.7135427242645491,-0.13527149431392138,False,True,False,all
2026-09-15,HBM,25.239999771118164,80,7,False,-0.006369636479074514,0.05709528177419099,0.9415384439321666,-0.21493005993167957,False,True,False,all
2026-09-15,PLGO,24.639999389648438,80,7,False,-0.0076600531912307535,0.1489723538833312,0.4528302311175849,-0.06454065121834973,False,True,False,all
2026-09-15,ADEA,24.899999618530273,79,5,False,-0.07872976755401628,0.027691949584293996,1.1447028729419095,-0.27489809237366036,True,True,False,all
2026-09-15,ALL,257.2099914550781,79,7,False,-0.0032876597089989135,0.1532417698942765,0.3675563002499349,-0.072180974235313,True,True,False,all
2026-09-15,ETSY,74.0,79,7,False,-0.08489005326278709,0.14690896071053294,0.6818181818181819,-0.15884237591284933,False,False,False,all
2026-09-15,GEF,81.5,79,7,False,-0.013278962104690595,0.12748227541857227,0.4618834080717489,-0.10014353235492546,True,False,False,all
2026-09-15,HNI,45.93000030517578,79,6,False,0.00389493867551316,0.11654026506002402,0.5876252962554784,-0.12994886325781063,True,True,False,all
2026-09-15,NE,46.54999923706055,79,7,False,0.07186440256345827,0.10056385776060606,0.7437722333477281,-0.15332848991204062,False,True,False,all
2026-09-15,SLF,80.52999877929688,79,7,False,-0.000677568577188592,0.1442544827208636,0.4073749923332719,-0.045626909213547506,False,True,False,all
2026-09-15,SRRK,50.0,79,7,False,-0.06332836281550513,0.03851218838695414,0.8470631903834116,-0.19041448576971498,False,False,False,all
2026-09-15,TTMI,112.45999908447266,79,4,False,-0.11919875204887098,-0.07746323756804085,1.4442513189973338,-0.4975651245834476,True,True,False,all
2026-09-15,USD,78.80000305175781,79,5,False,-0.08957093667795801,0.08041558771120227,0.8515037713605338,-0.32360512401924624,True,True,False,all
2026-09-15,CSX,48.65999984741211,79,7,False,-0.03094754637036734,0.11609984220321956,0.5121193096939067,-0.09216415610709561,False,True,False,all
2026-09-15,SPSC,81.99500274658203,79,4,False,0.11587127632949512,0.19162805222755241,0.67200247177443,-0.28619308099544905,True,False,False,all
2026-09-15,GPN,88.9800033569336,79,6,False,0.029884991349938383,0.16845261134143752,0.45487252418131985,-0.07196489459889299,True,True,False,all
2026-09-15,SIBN,18.549999237060547,79,6,False,0.013838445664893673,0.13266183250361285,0.6158536565104225,-0.15258109847948842,False,False,False,all
2026-09-15,UNF,267.2699890136719,79,7,False,-0.06084698646705844,0.07569807586745081,0.8100364512062876,-0.1284769383666753,False,False,False,all
2026-09-15,NTCT,38.369998931884766,79,7,False,-0.03411438805364464,0.11625874445030138,0.5384923059439146,-0.1526060078113679,False,False,False,all
2026-09-15,PKE,30.90999984741211,79,6,False,-0.09568586676333901,0.041114061226799725,0.6992852633257762,-0.2245358912667742,False,True,False,all
2026-09-15,MLKN,20.940000534057617,79,7,False,-0.06574577044145868,0.10682385858141519,0.5206971559867613,-0.15256975678255047,False,True,False,all
2026-09-15,NTR,78.72000122070312,79,7,False,0.10989545970928383,0.1333704508193898,0.4844428254340396,-0.07778818348371952,False,False,False,all
2026-09-15,SKWD,57.82500076293945,79,7,False,-0.023158682480262982,0.15387725714797384,0.424261156063781,-0.11972905139533474,True,True,False,all
2026-09-15,XPH,66.79000091552734,79,7,False,-0.04250864840875923,0.10792251226803518,0.45829698751352943,-0.10168120664084679,False,False,False,all
2026-09-15,SIRI,29.520000457763672,79,7,False,-0.0031068359414742064,0.16742829231677647,0.4931714605080435,-0.09614205157129674,True,False,False,all
2026-09-15,CNMD,46.95000076293945,79,6,False,0.009673093811069844,0.1553027204389208,0.49332060958715673,-0.1250465729324124,True,True,False,all
2026-09-15,WDAY,190.6699981689453,79,5,False,0.10295988806052736,0.19871646592546655,0.7277092888223564,-0.23686214324145893,True,True,False,all
2026-09-15,HURN,154.13999938964844,79,5,False,0.09189979255910208,0.10865326857060076,0.8159755463875382,-0.1747510418833257,True,True,False,all
2026-09-15,ASH,70.2699966430664,78,7,False,-0.012309976821603397,0.13605126555066804,0.5177105356584806,-0.10198087357103636,False,True,False,all
2026-09-15,AXSM,204.07000732421875,78,6,False,-0.07272053983508808,0.037772549059142735,0.8075288269809446,-0.2156885145109505,False,True,False,all
2026-09-15,BMO,173.6999969482422,78,7,False,-0.021944058589752236,0.13081407827265923,0.44943259559598525,-0.07221452934680284,False,True,False,all
2026-09-15,BPOP,164.89999389648438,78,7,False,-0.03696448745783476,0.11798614872396573,0.5164612574581122,-0.0800045255367201,False,False,False,all
2026-09-15,EGO,40.209999084472656,78,6,False,0.0760313179450971,0.10399092468958826,0.6452536090757952,-0.21403441742764884,False,False,False,all
2026-09-15,HRB,45.84000015258789,78,5,False,-0.013548635836339029,0.1820312727398068,0.6278409233301385,-0.21868072978990616,False,True,False,all
2026-09-15,MSFL,24.8799991607666,78,4,False,0.14463531329247625,0.20749613999161487,0.9204939642831851,-0.3108987819910787,True,True,False,all
2026-09-15,OIH,411.510009765625,78,7,False,0.02691374951085823,0.07666593376450392,0.6987698168510721,-0.10401060168228082,False,False,False,all
2026-09-15,PLXS,238.52999877929688,78,6,False,-0.060762044548959615,0.061221668822498465,0.8066348631724736,-0.2231811350360604,True,True,False,all
2026-09-15,RAMP,37.61000061035156,78,7,False,-0.003803592762676389,0.18461171997379022,0.732381492233726,-0.016217602388401642,False,False,False,all
2026-09-15,SHC,18.979999542236328,78,6,False,0.029373454388566644,0.12428100597610836,0.4499617510305365,-0.04382875680171561,False,True,False,all
2026-09-15,SRPT,20.719999313354492,78,6,False,0.11686067835454517,0.07487552947578524,0.4114440655732934,-0.18167458281644588,False,False,False,all
2026-09-15,TRFK,92.94999694824219,78,7,False,-0.012214779024327327,0.16020050254632756,0.5802447710046688,-0.19579515940734427,True,True,False,all
2026-09-15,W,103.69000244140625,78,5,False,0.06986027843552423,0.17659343553257223,0.8649281526449781,-0.13577263260333083,True,True,False,all
2026-09-15,XENE,56.279998779296875,78,6,False,-0.11102689199893923,0.055947065278448616,0.5808989098752015,-0.22543358185040008,False,True,False,all
2026-09-15,CRBG,35.02000045776367,78,6,False,0.07657783769573556,0.20069876447387025,0.5781883557872987,-0.010454900770441644,False,True,False,all
2026-09-15,BHP,84.7699966430664,78,7,False,-0.034241901857902546,0.09298490931909775,0.6355391404264865,-0.14122178675614083,False,True,False,all
2026-09-15,FIGS,13.279999732971191,78,7,False,0.06034714165285293,0.050898939981089075,1.0430768819955678,-0.2402745949230044,True,True,False,all
2026-09-15,TSM,413.75,78,7,False,-0.00981450123104699,0.09673086758315774,0.6038064283279958,-0.1362212943632568,False,True,False,all
2026-09-15,SKE,30.6200008392334,78,7,False,0.012325130008971286,0.03996497811138111,0.9844458997815018,-0.21021407073257437,False,True,False,all
2026-09-15,ARGX,979.760009765625,78,6,False,0.048426273914899065,0.1569107907915268,0.4803354927953891,-0.08668374759671404,False,True,False,all
2026-09-15,SII,126.91999816894531,78,5,False,0.07736264063120957,0.024175268296110497,0.837290023230556,-0.2517833253814562,False,True,False,all
2026-09-15,CVLT,143.3000030517578,78,5,False,0.037297856397034534,0.2583791567474125,0.997212586087217,-0.27691992962077694,True,True,False,all
2026-09-15,SOLV,90.05999755859375,78,6,False,0.055476357694004275,0.16003330463319743,0.44373190151525677,-0.0435429688196316,True,True,False,all
2026-09-15,NTRS,178.74000549316406,78,7,False,-0.032975328276292126,0.11575578890187632,0.4757265640683619,-0.08703643575635134,False,True,False,all
2026-09-15,AMG,347.94000244140625,77,7,False,-0.04277602493826593,0.09591872305134785,0.5121251334729546,-0.11447625330645272,False,False,False,all
2026-09-15,AMP,559.3400268554688,77,6,False,0.02540020905270901,0.13952469265325895,0.32428920927557514,-0.02308923214946068,True,False,False,all
2026-09-15,APPF,225.9499969482422,77,5,False,0.14090115323969132,0.20629079307014697,0.5849466948494735,-0.20888621358907933,False,True,False,all
2026-09-15,DPST,131.97000122070312,77,7,False,-0.07111524139429592,0.09418607775157573,0.8162674727406136,-0.16937312962671291,False,True,False,all
2026-09-15,GLW,143.57000732421875,77,4,False,-0.08774703338568801,-0.017383441879441963,0.8853579047589086,-0.4717418207040063,False,True,False,all
2026-09-15,GO,11.489999771118164,77,4,False,0.08801665088545851,0.2385636102447133,1.031830122868831,-0.3537683167949335,False,False,False,all
2026-09-15,IA,18.389999389648438,77,4,False,-0.06431264171785189,-0.07461224767811148,1.2619925130115544,-0.40562381796324143,False,False,False,all
2026-09-15,ICLR,172.4499969482422,77,6,False,0.03157102227798814,0.16936102690164678,1.5905062000721335,-0.15428378279075616,False,False,False,all
2026-09-15,IVZ,30.780000686645508,77,7,False,-0.008248463017836216,0.11942743835982284,0.4891146866490117,-0.08556147278140958,False,True,False,all
2026-09-15,KGS,57.70000076293945,77,4,False,-0.06971793508101165,0.016088372729054168,0.7726575150651247,-0.25720905591841337,False,False,False,all
2026-09-15,NCNO,21.90999984741211,77,4,False,0.11090829345198516,0.15054645192290872,0.587681126419273,-0.29843099043980414,False,True,False,all
2026-09-15,PDFS,41.41999816894531,77,5,False,-0.14097761078983617,-0.008997304273096196,1.1372549000310115,-0.4222346665032024,True,False,False,all
2026-09-15,PGNY,27.760000228881836,77,5,False,-0.03214559525506877,0.14872610419634213,0.7242235758473752,-0.16044151272221496,True,True,False,all
2026-09-15,PGY,21.040000915527344,77,4,False,0.054969787297120876,0.2181724787860606,1.0230770853144238,-0.5323405172132378,False,True,False,all
2026-09-15,ROG,131.02999877929688,77,7,False,-0.0005812159867663036,0.09355790623695626,0.7438115496890467,-0.22467456343611314,True,True,False,all
2026-09-15,SAIL,19.979999542236328,77,5,False,0.1479129914618318,0.24801481517700208,0.9398057448784218,-0.16750001907348633,False,False,False,all
2026-09-15,SNEX,66.86000061035156,77,5,False,-0.06177204948643966,0.06471694099802905,0.8343493958779922,-0.29368267458546093,True,True,False,all
2026-09-15,TPC,85.1500015258789,77,7,False,-0.01722707155806169,0.07364798472318923,0.4706390204121218,-0.1676441936878732,True,True,False,all
2026-09-15,WAB,278.1199951171875,77,7,False,-0.024911540393712905,0.08357644678903542,0.5093889254776323,-0.09300814691112047,False,True,False,all
2026-09-15,XSD,480.489990234375,77,6,False,-0.05547255311616206,0.08445873193623554,0.7109639753898971,-0.269927402163746,True,False,False,all
2026-09-15,BY,38.18000030517578,77,7,False,-0.005770583917865446,0.1322825140274151,0.4931560719926027,-0.04621530178706612,False,False,False,all
2026-09-15,DNOW,16.100000381469727,77,6,False,0.0729041940856241,0.17019848980315322,0.4723365124510963,-0.0672074062589545,True,True,False,all
2026-09-15,THFF,78.0999984741211,77,7,False,-0.00867191412245194,0.1305895940110755,0.5250927527901819,-0.07211595374685131,False,False,False,all
2026-09-15,CFR,162.16000366210938,77,7,False,-0.006270229456287857,0.12161338815791156,0.36268910640428054,-0.05058547561635729,False,True,False,all
2026-09-15,KNX,68.48999786376953,77,7,False,-0.03886367907968957,0.06841253498259658,0.7729742679272251,-0.17342508617827368,False,True,False,all
2026-09-15,WCC,334.4599914550781,77,7,False,-0.025703553569709325,0.06965688156078764,0.6443461233597363,-0.13210681762244647,True,True,False,all
2026-09-15,RLMD,4.440000057220459,77,4,False,-0.1165233845133491,-0.18965531854510176,2.0578512328842926,-0.4449999928474426,False,False,False,all
2026-09-15,CHE,506.4700012207031,77,7,False,-0.028325831174791483,0.12505937255096589,0.38679119703930764,-0.0907181306630106,False,True,False,all
2026-09-15,REGN,774.1099853515625,77,6,False,0.022964249307740214,0.05518226258488723,0.4308872187644408,-0.09918081183275429,True,True,False,all
2026-09-15,IBKR,88.80000305175781,77,7,False,-0.033938322328451065,0.11382882579788278,0.5063613554282493,-0.10075946276700953,False,True,False,all
2026-09-15,AMBP,4.800000190734863,76,7,False,-0.026527102371566302,0.08869462751091839,0.4589666402401289,-0.1224862203209175,False,True,False,all
2026-09-15,AU,100.70999908447266,76,7,False,0.06228797624021665,0.050210612053280146,0.6100719474478029,-0.2201486792592835,False,True,False,all
2026-09-15,EE,35.95000076293945,76,6,False,-0.06342157907707902,0.02434495012609106,0.5264744535070927,-0.16734217954355635,False,False,False,all
2026-09-15,FNV,263.0899963378906,76,7,False,0.11874259134666865,0.12065780058916276,0.44953166026386016,-0.07904230765738318,False,False,False,all
2026-09-15,FSBC,45.54999923706055,76,7,False,-0.02797222529059784,0.09529155117763133,0.48468053402777067,-0.09371267890501944,False,True,False,all
2026-09-15,HELE,26.950000762939453,76,7,False,-0.04657791171331449,0.1916448130885755,0.9458483769427584,-0.12157755883747723,False,True,False,all
2026-09-15,IHE,100.88999938964844,76,7,False,-0.01894433033545362,0.09671685356810666,0.46175027958051373,-0.07150749135461698,False,True,False,all
2026-09-15,KEX,138.9600067138672,76,7,False,-0.003616645613207181,0.04308941385669551,0.7474850676566716,-0.11877731902819055,True,True,False,all
2026-09-15,KMTS,25.18000030517578,76,4,False,-0.002977589697228722,0.07025744183054838,0.4521337995154411,-0.16066665649414058,False,False,False,all
2026-09-15,LIVN,79.47000122070312,76,7,False,-0.009466577120238684,0.12777755221565812,0.6278165038400922,-0.07334422526640827,True,True,False,all
2026-09-15,LTC,43.459999084472656,76,7,False,0.06839601310914145,0.13799421592506333,0.2919143838583418,-0.0022957365855290623,False,False,False,all
2026-09-15,NOG,27.1200008392334,76,7,False,0.16566951593017465,0.12779613087062391,0.5785797646966873,-0.12993260273171237,True,True,False,all
2026-09-15,PCTY,147.22000122070312,76,6,False,0.046725843339087136,0.17535546806557,0.5831810367001042,-0.13653958228326613,False,True,False,all
2026-09-15,SNDR,34.29999923706055,76,7,False,-0.038833397426150884,0.10163990846311988,0.7056190052726665,-0.12655974440460072,False,True,False,all
2026-09-15,ZVRA,11.649999618530273,76,7,False,-0.014232319411029537,0.12241281509351598,0.6270949534644219,-0.22514135438880478,True,True,False,all
2026-09-15,TXN,263.42999267578125,76,7,False,-0.046401739942210085,0.08629580827452332,0.7248084858571213,-0.21135828027878134,False,True,False,all
2026-09-15,RDNT,77.12000274658203,76,5,False,0.10104268943863248,0.1708580957109267,0.5175128533980755,-0.10158427263887826,True,False,False,all
2026-09-15,RS,392.0,76,7,False,-0.018085261765593996,0.11885030443805822,0.5058968294591293,-0.09473001259620084,False,True,False,all
2026-09-15,GRC,71.2300033569336,76,6,False,-0.09661165345527534,0.04196842166531978,0.6835263778057656,-0.23226983946859026,False,True,False,all
2026-09-15,WELL,232.75999450683594,76,7,False,-0.020848429445697314,0.09808636811768379,0.4214350809577767,-0.08793104510090322,True,True,False,all
2026-09-15,RY,204.22999572753906,76,7,False,-0.025180272994362096,0.11129972616581285,0.42688457179018546,-0.06560832280802475,False,True,False,all
2026-09-15,UBS,51.4900016784668,76,7,False,-0.03493643507786526,0.1086410395763191,0.41865282479949584,-0.08028934326837611,False,True,False,all
2026-09-15,CACI,636.4000244140625,76,6,False,0.11522578564727537,0.13485724164153412,0.4639981747020727,-0.06890998622668254,True,True,False,all
2026-09-15,CGNX,59.150001525878906,76,6,False,-0.0608129311284028,0.08956845026271676,0.709537691746428,-0.1883918255347512,True,True,False,all
2026-09-15,COKE,198.6300048828125,76,7,False,0.059482073410201286,0.10087962634164782,0.7959313528317022,-0.0956976535295424,False,True,False,all
2026-09-15,CNK,33.93000030517578,76,7,False,-0.022837885868839725,0.16882513744773586,0.5708333197199271,-0.12955359918844223,False,True,False,all
2026-09-15,UVSP,42.7400016784668,76,7,False,-0.008573453735983061,0.1267115959881595,0.5242510799919136,-0.05983276420555195,False,False,False,all
2026-09-15,ONC,346.5,76,6,False,0.01804601006114348,0.08979673750210315,0.36445257558612965,-0.10051399485490209,False,True,False,all
2026-09-15,A,150.27000427246094,75,6,False,0.043709847908757204,0.14268249559402046,0.38689438291364864,-0.08232058459565839,False,True,False,all
2026-09-15,ACAD,26.760000228881836,75,5,False,-0.02808951075877797,0.08856599907943763,0.3590654902520345,-0.13565888177617036,False,True,False,all
2026-09-15,BAP,372.8999938964844,75,7,False,-0.028108504464323447,0.08622005078372585,0.6181384197641611,-0.0976406681270795,False,False,False,all
2026-09-15,EQH,53.970001220703125,75,6,False,0.0800437345009839,0.2021115737731074,0.5334565048636712,-0.021396197144655904,False,False,False,all
2026-09-15,FDX,308.260009765625,75,6,False,-0.03343618817436145,0.046549797380200486,0.7049991978064205,-0.1074499402849709,False,True,False,all
2026-09-15,GRPN,18.75,75,6,False,-0.18815002287911564,0.07711574122741349,1.0447109971647688,-0.3729096909961215,True,True,False,all
2026-09-15,HIMX,13.220000267028809,75,6,False,-0.04155668688082126,0.1039758355148217,0.9299270731505105,-0.47309684389678086,True,True,False,all
2026-09-15,MSFU,37.43000030517578,75,4,False,0.14513859864413092,0.19430702934071098,0.9224448703242893,-0.36440820694328024,True,True,False,all
2026-09-15,NVEC,97.70999908447266,75,6,False,-0.07970607299246502,0.15259190562104497,0.7079182074483215,-0.27622222900390625,True,True,False,all
2026-09-15,PATH,14.229999542236328,75,4,False,-0.00021080403695794558,0.10199447468665279,0.546739112744935,-0.2827621253631798,False,True,False,all
2026-09-15,YANG,31.25,75,7,False,0.05355782013156252,0.11977468274382264,0.5672015628397225,-0.25982948610915346,False,False,False,all
2026-09-15,BAX,23.709999084472656,75,7,False,-0.05030845554098373,0.1550668321415889,0.507310856609333,-0.2096666971842448,True,True,False,all
2026-09-15,ATEN,26.75,75,5,False,-0.09646693656966099,0.06708898057712132,0.6192493498042659,-0.3050143197326679,True,True,False,all
2026-09-15,WRLD,184.6300048828125,75,7,False,-0.02970631532169843,0.15972965419216956,0.67845458984375,-0.18908111901721814,False,True,False,all
2026-09-15,NWG,18.6200008392334,75,6,False,0.008317851257372055,0.09669083440712356,0.37315636158068277,-0.04119460524807661,True,True,False,all
2026-09-15,NVT,146.8000030517578,75,7,False,-0.06276892391167943,0.07168031940215891,0.574769374913451,-0.20493932226481615,True,True,False,all
2026-09-15,CAT,783.5399780273438,75,5,False,-0.07695703036307233,0.0035765452937763786,0.8196047576268788,-0.2700799223633421,False,True,False,all
2026-09-15,PLMR,138.44000244140625,75,6,False,0.03152470353228165,0.10364511775060326,0.37327651814435203,-0.06218664801129248,False,True,False,all
2026-09-15,WSBC,40.38999938964844,75,7,False,-0.011110635719274509,0.10880661071337494,0.3659113901417488,-0.06113438029126306,False,False,False,all
2026-09-15,CATY,62.45000076293945,75,7,False,-0.002654247367234852,0.12396558835922611,0.4011667307727531,-0.04305855472430309,False,True,False,all
2026-09-15,UPRO,143.97000122070312,75,7,False,-0.019852128429343474,0.12145078280434718,0.6332387830808681,-0.09241633493574819,True,True,False,all
2026-09-15,CFG,70.23999786376953,75,7,False,-0.015744753521729882,0.08818577444567555,0.4647063951999171,-0.06756941249916193,False,True,False,all
2026-09-15,SPXL,275.2699890136719,75,7,False,-0.01939903539438026,0.12393586727887795,0.6381218758141192,-0.09205753788626858,True,True,False,all
2026-09-15,TECX,28.510000228881836,75,5,False,-0.12068592555931068,0.030517939304064212,0.9812369387545596,-0.2787755853963386,False,True,False,all
2026-09-15,AEG,9.0600004196167,74,7,False,-0.011499726082145001,0.10867056492025684,0.3422222843876592,-0.05723197260245427,False,True,False,all
2026-09-15,ALAB,252.5399932861328,74,6,False,-0.19038829418181702,0.10163152360888206,1.5798344556209911,-0.4943901476339645,False,True,False,all
2026-09-15,BBNX,19.229999542236328,74,4,False,0.11211993823099475,0.1738385706665604,1.18522717334515,-0.41210638702326485,False,True,False,all
2026-09-15,BLMN,8.010000228881836,74,6,False,-0.16011321563144265,0.06257382233298703,0.5433526282409422,-0.3657957120900305,False,True,False,all
2026-09-15,EVER,24.469999313354492,74,5,False,-0.026704983839602736,0.14518639616141704,0.7629682357059646,-0.14827707263340384,False,True,False,all
2026-09-15,HIBL,93.12000274658203,74,5,False,-0.10536650710073625,0.04861496616368566,0.983809234574551,-0.32576949090823115,False,True,False,all
2026-09-15,LLYX,23.81999969482422,74,5,False,-0.09363490525579765,0.029291809562986826,0.9556649505749293,-0.2363671628597963,False,True,False,all
2026-09-15,MMSI,86.18000030517578,74,6,False,0.028273345243701176,0.12430498093499742,0.44258449755349183,-0.09044854559181237,True,True,False,all
2026-09-15,MOH,206.99000549316406,74,7,False,-0.0027404005572916335,0.15493507595970146,0.709813395568422,-0.15476333860486102,False,True,False,all
2026-09-15,PNRG,213.39999389648438,74,7,False,0.07858287086682925,0.07885142424715053,0.6882910705724419,-0.2348512062869057,True,False,False,all
2026-09-15,TILE,34.369998931884766,74,7,False,-0.03368742279458847,0.10970121588365678,0.4086065356239965,-0.15135805106457367,False,False,False,all
2026-09-15,TTEK,36.720001220703125,74,6,False,0.070884915904317,0.11196409595409218,0.4227044548821881,-0.1488177621644985,True,True,False,all
2026-09-15,WIX,82.58000183105469,74,4,False,0.22606117316823338,0.10843185452411608,1.0562749538052127,-0.5674854396957736,True,True,False,all
2026-09-15,CHAT,85.0999984741211,74,7,False,-0.02400424007189872,0.11930824397213291,0.5327809397058656,-0.19106462982133143,True,True,False,all
2026-09-15,YEXT,6.389999866485596,74,4,False,0.09062976935325784,0.1436446026314966,0.9571208763171348,-0.29235879784649144,False,False,False,all
2026-09-15,TS,56.63999938964844,74,6,False,0.021457082244411563,0.0630690378741694,0.6832094151938988,-0.12321980297973922,False,True,False,all
2026-09-15,TFSL,17.06999969482422,74,7,False,-0.03784370451617369,0.099123964796479,0.36124399894350523,-0.12416624446964308,False,True,False,all
2026-09-15,CROX,111.4800033569336,74,7,False,-0.12320162690649561,0.06933870085060678,0.5227428595963164,-0.2109286217429538,False,True,False,all
2026-09-15,QTEC,303.7900085449219,74,7,False,-0.021622886945893427,0.12925427329585815,0.4777934412669136,-0.10710402158753296,True,True,False,all
2026-09-15,CAH,232.64999389648438,74,7,False,-0.006109049926636523,0.0742670829393044,0.5949132904925407,-0.09930311695191885,False,True,False,all
2026-09-15,UNP,283.989990234375,74,7,False,-0.03640223633182349,0.083412915294512,0.3250745638728958,-0.10126903063057491,False,True,False,all
2026-09-15,WTAI,40.060001373291016,74,7,False,-0.021571315831963367,0.1202494115277486,0.508851319188445,-0.1806094932827308,True,False,False,all
2026-09-15,ADP,276.5299987792969,73,6,False,0.03710598615805516,0.16381373167476232,0.4696534513034927,-0.06238766606796631,False,True,False,all
2026-09-15,AIR,115.91999816894531,73,6,False,-0.14507601258441205,0.004377240744798172,0.5823095111761878,-0.24727273916269277,False,True,False,all
2026-09-15,ARMG,15.5,73,4,False,-0.22557075545219896,-0.09531657021960638,2.3441206547123032,-0.7649734538704458,True,True,False,all
2026-09-15,EWS,33.130001068115234,73,7,False,0.007309337681663308,0.11824433006685386,0.24082397458583027,-0.04248547603565178,False,False,False,all
2026-09-15,FELV,42.38999938964844,73,7,False,0.005572268162221228,0.11292016106603797,0.29514207095989686,-0.02011093309385803,True,False,False,all
2026-09-15,IDHQ,43.72999954223633,73,7,False,-0.016450232712457824,0.0998878118571036,0.33282528838400904,-0.056526408158300345,False,False,False,all
2026-09-15,IOT,41.650001525878906,73,6,False,0.08547216672457858,0.23368299724057162,0.7814372549581072,-0.1226037401550758,False,False,False,all
2026-09-15,IPAR,109.98999786376953,73,7,False,-0.07329553088200569,0.10439042926364661,0.4245563938348642,-0.149276791898738,True,True,False,all
2026-09-15,LFUS,395.6700134277344,73,6,False,-0.06357385165283447,0.05177161797819907,0.6955348491295081,-0.20956108508622795,False,True,False,all
2026-09-15,LLY,1136.1099853515625,73,7,False,-0.038712621613347764,0.06645010071164492,0.5955480722259219,-0.12110009368812502,False,True,False,all
2026-09-15,MSOS,4.929999828338623,73,5,False,0.07099405670421288,0.10483614446401646,0.6655404610821949,-0.3200000236774313,False,False,False,all
2026-09-15,NKTR,66.63999938964844,73,4,False,-0.07441616711326127,0.020627730787474707,0.9952094714131854,-0.3886238588105648,False,False,False,all
2026-09-15,PWV,81.76000213623047,73,7,False,0.014293930654117437,0.1178172265000188,0.2867485199587192,-0.019781818168513654,False,False,False,all
2026-09-15,RGLD,251.16000366210938,73,6,False,0.1077268508329412,0.05260997782008259,0.4872098318352831,-0.1798857023278061,False,True,False,all
2026-09-15,SCHW,107.79000091552734,73,5,False,0.011184104436216424,0.10090957059296901,0.28382565615656064,-0.05884919178911141,False,True,False,all
2026-09-15,USB,62.220001220703125,73,7,False,-0.014991987897749026,0.08819982182347474,0.38205243420812374,-0.058414051201456374,False,True,False,all
2026-09-15,XSW,201.5399932861328,73,6,False,0.055147857744982653,0.1735747894289068,0.4907906623752287,-0.04637079219065354,True,False,False,all
2026-09-15,CALY,15.09000015258789,73,5,False,-0.12063960799525042,-0.002465731615834743,0.7985696704526815,-0.25591717743260534,True,True,False,all
2026-09-15,IEX,222.83999633789062,73,7,False,-0.02484452234287715,0.07338349810445388,0.4086857127423764,-0.08597213474774834,False,True,False,all
2026-09-15,TNA,62.779998779296875,73,7,False,-0.11086312867507497,0.052037104600886286,0.6953821455267393,-0.18720869347997893,False,True,False,all
2026-09-15,PDS,89.47000122070312,73,7,False,0.05931803481770226,0.054477622309299756,0.6748409638230723,-0.13805396348504262,True,True,False,all
2026-09-15,XNTK,354.4100036621094,73,7,False,-0.0005972506333599137,0.12650315834597747,0.46009974004172727,-0.09690652976941361,True,True,False,all
2026-09-15,VPG,60.58000183105469,73,5,False,-0.2534940616369816,-0.12600563051023217,1.0832187754467562,-0.6008696645257983,True,True,False,all
2026-09-15,CM,113.3499984741211,73,7,False,-0.036052581289861774,0.07776652244752258,0.43863430837685047,-0.09218326189305037,False,True,False,all
2026-09-15,HTO,62.470001220703125,73,7,False,-0.010717858710353911,0.0942803191138677,0.4278857421875,-0.06886265269593184,False,True,False,all
2026-09-15,IPI,38.63999938964844,73,7,False,0.054861529832833655,0.08485843681048455,0.7135255297988767,-0.23241956153108945,False,False,False,all
2026-09-15,STVN,21.540000915527344,73,5,False,0.04717645677219329,0.17799870582923494,0.6710628659281179,-0.23071425301688053,False,True,False,all
2026-09-15,HL,18.68000030517578,73,4,False,0.06438747714925719,-0.024382586769250203,0.7996146531046462,-0.4533215889325769,False,True,False,all
2026-09-15,SEI,61.619998931884766,73,5,False,0.04978379675490818,0.024782184929002415,1.0615590562114607,-0.28506790594680265,False,True,False,all
2026-09-15,CHCO,145.16000366210938,73,7,False,0.021177717425915565,0.12957028334281184,0.2822189279747007,-0.025706434591885485,True,True,False,all
2026-09-15,UNFI,44.810001373291016,73,6,False,-0.056544152715524265,0.026064966151844393,0.6020737387682429,-0.21413537331549037,False,False,False,all
2026-09-15,AGYS,104.63999938964844,72,3,False,-0.04256312763092318,0.11044019089088764,0.7014634047097308,-0.2795869233070676,False,True,False,all
2026-09-15,APLE,15.4399995803833,72,7,False,-0.050629042312301364,0.11332234393374208,0.42304138594802687,-0.1064815412700888,False,True,False,all
2026-09-15,AWR,86.44999694824219,72,6,False,-0.010273955002041202,0.10268907861151466,0.24478042832268665,-0.05745752510163926,False,True,False,all
2026-09-15,BG,121.76000213623047,72,7,False,0.05465570524611807,0.05835146080349074,0.6018944706514233,-0.0972046671282657,False,False,False,all
2026-09-15,EUFN,41.560001373291016,72,7,False,0.0004525951540341744,0.08800229856221198,0.26283809073183884,-0.03505916722155589,False,False,False,all
2026-09-15,FFBC,32.66999816894531,72,7,False,-0.029509849556396572,0.08843032685850605,0.4167388952977238,-0.09875867120150861,False,True,False,all
2026-09-15,FOXA,67.56999969482422,72,6,False,0.0853920994806967,0.06460247683490472,0.3978071882816667,-0.11546013568916735,True,True,False,all
2026-09-15,FXH,130.8800048828125,72,7,False,0.013178791286340807,0.10798591114412859,0.2520808037045006,-0.036371684398557536,False,False,False,all
2026-09-15,GDYN,8.130000114440918,72,5,False,0.14217478855581267,0.13596670841534153,0.5909980238786232,-0.20372183309840186,True,True,False,all
2026-09-15,GNW,10.010000228881836,72,7,False,0.006374058595135956,0.1069396833514793,0.27678571863007617,-0.06361079309575457,False,False,False,all
2026-09-15,HMY,19.540000915527344,72,5,False,0.06957145544952836,0.0619940848723024,0.49961637114106794,-0.25019181442946603,False,False,False,all
2026-09-15,HSIC,87.5199966430664,72,7,False,-0.00326175940307305,0.10022586119331311,0.412752147945473,-0.05055330491084542,False,True,False,all
2026-09-15,IFS,54.209999084472656,72,7,False,-0.04811907996465914,0.08551019370239255,0.4157742958551207,-0.11681332451730997,True,True,False,all
2026-09-15,RHP,120.70999908447266,72,7,False,-0.04792477756422897,0.10999180457049862,0.44010975332807534,-0.12185367969798566,False,True,False,all
2026-09-15,ROST,226.25999450683594,72,7,False,-0.042984110507032214,0.055190898663779686,0.5779342734495474,-0.11961091631581344,False,True,False,all
2026-09-15,SANM,191.61000061035156,72,5,False,-0.043062910869644866,0.03614839482587984,0.734969181225887,-0.33625465750392247,False,True,False,all
2026-09-15,URTY,72.97000122070312,72,7,False,-0.1116062020359535,0.04866967292647262,0.6840525764392051,-0.187868642627521,False,True,False,all
2026-09-15,COPX,84.58999633789062,72,7,False,-0.0002978554048385096,0.03590770760144557,0.6164722602339292,-0.1540154200909225,False,False,False,all
2026-09-15,DXJ,176.74000549316406,72,7,False,-0.0010783610724841575,0.07636703529036559,0.39428843889746457,-0.03478780566847639,False,False,False,all
2026-09-15,SMBC,73.48999786376953,72,7,False,-0.02887093514514605,0.0848096797725435,0.5439075676383514,-0.07976462181189048,False,False,False,all
2026-09-15,RIO,97.26000213623047,72,5,False,-0.0034795028128349337,0.03227534501486051,0.5758263158233046,-0.13608100413619162,False,True,False,all
2026-09-15,WES,47.220001220703125,72,6,False,-0.005710504909279601,0.09293920915333653,0.2796747769125847,-0.056920281435825504,False,False,False,all
2026-09-15,IWX,111.63999938964844,72,7,False,0.006901471560958328,0.10854209303320839,0.29153165474890086,-0.020272028262036557,True,True,False,all
2026-09-15,TFII,133.2899932861328,72,6,False,-0.05571893610354206,0.04699575605396311,0.6531067571192624,-0.20514048932221463,False,True,False,all
2026-09-15,CMPR,83.4000015258789,72,6,False,-0.1132659028416162,-0.0030410630917928616,0.48029821263761674,-0.21748920910997505,False,True,False,all
2026-09-15,RING,82.62000274658203,72,6,False,0.09437715629560683,0.05730732146177453,0.4381201331485369,-0.1771735909441119,False,False,False,all
2026-09-15,WTS,350.4700012207031,72,7,False,-0.02681175333144159,0.10004278525435306,0.3479615431565506,-0.11169971706228365,True,True,False,all
2026-09-15,CNI,121.7699966430664,72,7,False,-0.03268858928175378,0.08931055808449528,0.3419660514636893,-0.07434440275036336,False,False,False,all
2026-09-15,KODK,9.1899995803833,72,5,False,0.0271139818836883,0.007890900243412435,0.5899652676116456,-0.3819771586341357,True,False,False,all
2026-09-15,PDM,9.539999961853027,72,7,False,-0.006519062095176831,0.12435031699093235,0.5094936238498851,-0.05824285744546143,False,False,False,all
2026-09-15,GL,173.2899932861328,72,7,False,-0.02417574684734125,0.11687731635759113,0.35541646737844523,-0.09532764017075501,False,True,False,all
2026-09-15,OMDA,19.670000076293945,72,6,False,-0.1265464178041782,0.15335621632393792,0.9134241816374831,-0.26918077625082804,False,True,False,all
2026-09-15,CARS,11.800000190734863,72,5,False,-0.003209984934974819,0.08304576338848002,0.594594599819253,-0.1477067560023103,False,True,False,all
2026-09-15,ABM,49.90999984741211,71,6,False,0.04907598670376356,0.14075566998634992,0.3503788172002391,-0.026905849941161852,False,False,False,all
2026-09-15,AMGN,375.6499938964844,71,7,False,-0.05953720779790095,0.04412013705818274,0.39248251916356236,-0.15967609573793617,False,False,False,all
2026-09-15,ESTA,71.4800033569336,71,5,False,-0.12308462377094542,-0.02718051343997241,0.9524720613285775,-0.26754784261447373,True,True,False,all
2026-09-15,FAS,170.17999267578125,71,5,False,-0.029593503776258356,0.1181754970471014,0.5918060690900133,-0.09116158784629502,False,False,False,all
2026-09-15,GLUE,12.989999771118164,71,3,False,-0.2721588265760112,-0.29789288040104034,1.1435643389065842,-0.49592551259716044,True,True,False,all
2026-09-15,GM,85.37000274658203,71,6,False,0.0120301088738195,0.06259571775459505,0.5713233916694822,-0.07054976412835556,True,True,False,all
2026-09-15,HWC,75.93000030517578,71,7,False,-0.0055140064605486705,0.0916219152399409,0.40481038625274834,-0.052414789619414814,False,True,False,all
2026-09-15,MSFT,497.1199951171875,71,5,False,0.08500073624542792,0.15203343500574107,0.4235967289212421,-0.10221768868850023,True,True,False,all
2026-09-15,PSMT,167.8000030517578,71,6,False,-0.07171780585826171,0.052519353707824346,0.5025071865439561,-0.16032823195192325,True,True,False,all
2026-09-15,SLVP,37.22999954223633,71,5,False,0.057856771704086984,0.020055883010433817,0.5610062451471574,-0.25762715035961603,False,True,False,all
2026-09-15,SYBT,81.08000183105469,71,7,False,-0.0024777871769816606,0.12357062288042986,0.3181597145755488,-0.0912351409804687,False,True,False,all
2026-09-15,V,375.6199951171875,71,5,False,0.026688071212059183,0.11995406806667219,0.2780971669504271,-0.025805980802506956,False,True,False,all
2026-09-15,XYZ,78.30999755859375,71,7,False,-0.02736689375591128,0.12968103726085523,0.6243517744395812,-0.09905661288230139,False,True,False,all
2026-09-15,DFLV,41.560001373291016,71,7,False,0.009296445411055787,0.09824775813400533,0.29611736015086043,-0.0186540054142581,True,False,False,all
2026-09-15,CORN,20.040000915527344,71,7,False,0.07885788096971891,0.11181698646346394,0.22419058571446038,-0.019089543995240876,False,False,False,all
2026-09-15,COWZ,70.47000122070312,71,7,False,0.029267020275617783,0.09969037784259771,0.2669903375403597,-0.028268002168465034,True,False,False,all
2026-09-15,HTLD,12.520000457763672,71,6,False,-0.04918128650184728,0.042130580145933294,0.7885714939662389,-0.24759609873830712,True,True,False,all
2026-09-15,HAL,35.66999816894531,71,6,False,0.03700899492357146,0.016150967346088674,0.6621621477493107,-0.1816930937352239,False,True,False,all
2026-09-15,TEM,68.8499984741211,71,4,False,0.22774979030225895,0.22598334364423756,0.6887416654666791,-0.3400115157636734,False,True,False,all
2026-09-15,NRGV,4.110000133514404,71,4,False,0.1736151174612024,-0.003092564960268218,0.947867458698499,-0.3814898201186532,False,True,False,all
2026-09-15,ENVA,173.61000061035156,71,5,False,-0.27489259697449275,-0.03677386523006421,0.6852068168072116,-0.35086934871417674,False,False,False,all
2026-09-15,LYG,5.880000114440918,71,7,False,-0.026264347945267552,0.05473692037933908,0.3486238381605986,-0.07255520931796944,False,False,False,all
2026-09-15,DAN,30.149999618530273,71,6,False,0.04309377370386014,-0.010523250193792189,0.6995490421378905,-0.23786656794996763,False,True,False,all
2026-09-15,PFIX,53.29999923706055,71,5,False,0.06048799257109527,0.12490495939773627,0.2885288788663751,-0.024345630698347942,False,True,False,all
2026-09-15,GRND,15.350000381469727,71,7,False,-0.03279058041292848,0.1430188656878495,0.5772708413402319,-0.17027024965028503,True,True,False,all
2026-09-15,ZS,193.88999938964844,71,4,False,0.1773056676939424,0.14651743412585572,0.6915158071070746,-0.42464166589993124,False,False,False,all
2026-09-15,BWA,62.4900016784668,71,7,False,-0.04103491295497741,0.07224025915318522,0.5429630044065876,-0.20718089418401442,False,True,False,all
2026-09-15,JCAP,20.959999084472656,71,6,False,0.010948685293280525,0.031780367311960545,0.35225800544984875,-0.14238958156876924,False,True,False,all
2026-09-15,CPF,37.58000183105469,71,7,False,-0.021124708311444418,0.08710435549729278,0.37253480580466536,-0.08319101507145044,False,True,False,all
2026-09-15,ACIW,51.290000915527344,70,7,False,-0.060061486090688176,0.10463446604663229,0.34796325739662803,-0.16028160808845704,True,True,False,all
2026-09-15,AG,18.639999389648438,70,5,False,0.01394718028350228,-0.06590064003243423,0.9256197109499935,-0.4182272516535712,False,True,False,all
2026-09-15,AVLV,93.12000274658203,70,7,False,-0.000450801055713157,0.08662899462097262,0.3283880852145704,-0.023028900368266436,False,True,False,all
2026-09-15,EG,379.54998779296875,70,7,False,0.013073437548165812,0.10122601158702915,0.25495961092812625,-0.05365651666356974,False,False,False,all
2026-09-15,FULT,23.75,70,7,False,-0.015772503624899903,0.08873786573182141,0.4307228586881049,-0.05866030793059396,False,True,False,all
2026-09-15,HXL,91.36000061035156,70,6,False,-0.08170751875685056,0.024659808677161665,0.5160969657329901,-0.18238766460569222,False,True,False,all
2026-09-15,IART,15.6899995803833,70,7,False,-0.10442140656848942,0.12863891512772296,0.8034482671682481,-0.2342606268595835,False,False,False,all
2026-09-15,IWD,253.49000549316406,70,6,False,-0.00026737534724052825,0.095746067735619,0.27126385783522,-0.025750401189034933,True,True,False,all
2026-09-15,JPM,352.489990234375,70,7,False,0.00040525517859224536,0.10172212457957053,0.26295228422044437,-0.03822649322135063,False,True,False,all
2026-09-15,KFY,77.83999633789062,70,7,False,-0.04012868004295478,0.11143549778500628,0.32044097252712667,-0.11050172051517204,False,False,False,all
2026-09-15,NMIH,43.52000045776367,70,6,False,-0.007383033224128144,0.08779129099218119,0.24913892844891494,-0.06889176519192519,False,False,False,all
2026-09-15,PRM,31.559999465942383,70,7,False,-0.041969981079262975,0.06692447954876424,0.6020303677000107,-0.17317262300475433,True,True,False,all
2026-09-15,REX,42.36000061035156,70,6,False,-0.03557620138815454,0.0313570672091843,0.4110592926189167,-0.20614692417874625,False,False,False,all
2026-09-15,UHAL,63.15999984741211,70,7,False,-0.09711838764382075,0.10033597123828986,0.5056018760126111,-0.1738390795466952,False,True,False,all
2026-09-15,BVN,33.2400016784668,70,5,False,0.015457987999696998,-0.005377015317909906,0.7002559066833303,-0.2558763590553419,False,True,False,all
2026-09-15,CQP,65.66000366210938,70,7,False,-0.01188561285695977,0.06375573783510968,0.32566132203408626,-0.07845608895285083,False,False,False,all
2026-09-15,CVBF,22.90999984741211,70,7,False,0.014165554940214875,0.10569497434853137,0.27632305702812787,-0.021358393987997992,False,True,False,all
2026-09-15,TAL,11.75,70,6,False,0.03267652550886435,0.06662067278709016,0.3231981811454938,-0.12116678380145995,True,False,False,all
2026-09-15,MKSI,231.5,70,5,False,-0.22551938394362547,-0.1286795399712113,1.0149708523791507,-0.48282024367702114,False,True,False,all
2026-09-15,WERN,37.560001373291016,70,7,False,-0.05996122324973119,0.05110277214729275,0.6287945465377776,-0.20909665096260255,True,True,False,all
2026-09-15,FBNC,64.0999984741211,70,7,False,-0.002188671613360338,0.08620776401428154,0.3946910302654236,-0.04013178128428829,False,True,False,all
2026-09-15,HBCP,69.63999938964844,70,7,False,-0.00514002496650201,0.08862678014837799,0.3779184433740883,-0.06523490752149752,False,True,False,all
2026-09-15,PWR,613.3499755859375,70,6,False,-0.048284537008572825,0.033399737654831174,0.6426084242410919,-0.22237721003367672,False,True,False,all
2026-09-15,UDOW,67.8499984741211,70,7,False,-0.055350755364829696,0.07546394517473942,0.46702699403505066,-0.1439566408602676,False,False,False,all
2026-09-15,BTG,5.21999979019165,70,6,False,0.11753368084570948,0.10312760047464198,0.4621848425218542,-0.1701113160811778,False,False,False,all
2026-09-15,TBT,39.599998474121094,70,7,False,0.047535864410537476,0.11252356998037438,0.2496054845932396,-0.007270015541855357,False,True,False,all
2026-09-15,GLNG,50.38999938964844,70,6,False,-0.00927613039572428,0.05420724440003921,0.4388920254419173,-0.12804985998694862,False,True,False,all
2026-09-15,MS,206.27999877929688,70,7,False,-0.04234784358843369,0.07188955163544852,0.3585353250421617,-0.11181916564350103,False,True,False,all
2026-09-15,VONV,111.55000305175781,70,7,False,0.0031060189655638393,0.09882265206322693,0.27456589728508796,-0.022177408298464485,True,True,False,all
2026-09-15,WGS,94.63999938964844,70,4,False,0.2575340339385168,0.13893632582734505,1.9382180093035508,-0.4461286235494908,False,True,False,all
2026-09-15,NTB,59.619998931884766,70,7,False,-0.01906910171942411,0.07880114146724604,0.46883465651043066,-0.07090539764519566,False,True,False,all
2026-09-15,CCCC,3.430000066757202,70,6,False,-0.0988150360376503,0.11561950943202004,1.0295857695996289,-0.3365570568393573,False,True,False,all
2026-09-15,BULL,8.65999984741211,70,4,False,0.06362071476102726,0.2035717794745553,0.9244444105360243,-0.46009979095269915,False,False,False,all
2026-09-15,PVAL,53.709999084472656,70,7,False,0.005631973135900914,0.08792083919720595,0.291726712824685,-0.018098750725019097,True,True,False,all
2026-09-15,ADUS,115.87999725341797,69,5,False,0.0005111132061756951,0.09556194695223819,0.3175668138068537,-0.06878821134722202,False,True,False,all
2026-09-15,AEM,196.89999389648438,69,6,False,0.12449896895146528,0.049631156740433946,0.46524770607199395,-0.22856923029741183,False,True,False,all
2026-09-15,AHR,53.09000015258789,69,6,False,-0.04090384752516174,0.04414867065069239,0.32725000381469727,-0.09557070762243436,False,True,False,all
2026-09-15,AIP,20.40999984741211,69,4,False,-0.25825514428794105,-0.15481993464040678,1.3459770453875541,-0.5939116488456442,False,True,False,all
2026-09-15,ALRM,55.2599983215332,69,5,False,0.006528014452348074,0.12389483266564172,0.3318871073994918,-0.04961737231950192,True,False,False,all
2026-09-15,BAC,59.52000045776367,69,5,False,-0.04017337635270579,0.07891858852131706,0.2905464405077187,-0.08753644956792694,False,False,False,all
2026-09-15,BLKB,45.08000183105469,69,3,False,0.09312943579597244,0.03311329202832147,0.7623143848908758,-0.3624663779559588,True,True,False,all
2026-09-15,EBC,21.860000610351562,69,6,False,-0.03456314574869401,0.05819468543805262,0.3156786585306355,-0.0805467524250203,False,True,False,all
2026-09-15,EXK,9.640000343322754,69,3,False,0.027411892705118568,-0.028323723687184055,0.6013289657584187,-0.3636963309535749,False,False,False,all
2026-09-15,FMNB,15.960000038146973,69,7,False,0.030807989730331276,0.12901628722280578,0.3168316987497031,-0.030376614467576224,True,True,False,all
2026-09-15,FOX,60.34000015258789,69,5,False,0.0850098181378045,0.05904426451486655,0.3688747197391882,-0.11492486319687678,True,True,False,all
2026-09-15,GARP,81.4000015258789,69,6,False,-0.00542372457289142,0.0987142249345494,0.3289796167490433,-0.04773048281266523,True,False,False,all
2026-09-15,GDX,94.12999725341797,69,5,False,0.08454693349622588,0.040251851762734825,0.39949441367492367,-0.19670594804341968,False,True,False,all
2026-09-15,GPC,131.00999450683594,69,5,False,0.002232240295767962,0.0912861553180131,0.44315924508157023,-0.13564697383304547,False,True,False,all
2026-09-15,HCC,91.5999984741211,69,6,False,-0.00529065756785474,0.020224028074586453,0.5711835278360033,-0.17788547855449877,False,True,False,all
2026-09-15,ICFI,88.80999755859375,69,5,False,0.048501896717256354,0.12906790782417787,0.5096038550811921,-0.12502465459513545,True,True,False,all
2026-09-15,ICUI,155.8800048828125,69,4,False,-0.07261424963995611,0.06675064712551526,0.38560004340277776,-0.19170339668466918,False,True,False,all
2026-09-15,MHK,128.97000122070312,69,5,False,0.032763027907203535,0.12672046100345824,0.3869233700773318,-0.08075553517183431,True,False,False,all
2026-09-15,NBBK,22.84000015258789,69,7,False,0.025318736228811867,0.08011355314910085,0.35669743954152033,-0.026842743042098438,False,True,False,all
2026-09-15,NVCR,16.149999618530273,69,6,False,-0.03769382258787091,0.11574755867411524,0.6446028635868877,-0.24712137160514447,False,True,False,all
2026-09-15,PLUS,92.23999786376953,69,5,False,0.035438832506534235,0.08433640475496595,0.3319855287186937,-0.060118214413818594,False,True,False,all
2026-09-15,SFNC,23.200000762939453,69,7,False,0.000664265673270048,0.09783512374161529,0.36470592723173256,-0.04605258823761926,False,True,False,all
2026-09-15,SPYU,32.77000045776367,69,6,False,-0.04193611247753393,0.09452787676234853,0.7838867153329538,-0.1335272151721264,True,True,False,all
2026-09-15,TKR,116.54000091552734,69,5,False,-0.10551320590062774,0.03655562886653474,0.6514099676845355,-0.20379855979210437,False,True,False,all
2026-09-15,TQQQ,67.9000015258789,69,6,False,-0.0409929419501851,0.09296041087821871,0.8193998414018133,-0.22919736237209132,True,True,False,all
2026-09-15,VRSN,297.260009765625,69,7,False,0.04917643415082629,0.13037386192418343,0.42325006653711617,-0.0487071194495351,False,True,False,all
2026-09-15,VZ,51.45000076293945,69,6,False,0.08798166864763202,0.11830202184837635,0.34019279971159744,-0.004450455512348239,False,True,False,all
2026-09-15,XTL,206.1999969482422,69,5,False,-0.028408010146913076,0.04705181136910275,0.571047595796131,-0.16727242947138854,True,True,False,all
2026-09-15,FHLC,81.30000305175781,69,6,False,0.005583305485325374,0.08263087177419859,0.26438567952035674,-0.04867769807255562,False,False,False,all
2026-09-15,ESNT,68.20999908447266,69,4,False,0.013334826620817752,0.0846749171537331,0.23256232194431825,-0.030694949236935942,True,False,False,all
2026-09-15,BUD,79.45999908447266,69,6,False,-0.013659332635099553,0.0551230626401118,0.3749783323350475,-0.08244803135628354,True,False,False,all
2026-09-15,HMC,32.209999084472656,69,5,False,0.053116820291732036,0.134244756528755,0.38537630470850126,-0.06475027965032831,False,True,False,all
2026-09-15,QTUM,142.74000549316406,69,6,False,-0.03443533112853758,0.08020327402373595,0.4534162185501105,-0.16035290886374076,True,True,False,all
2026-09-15,VHT,314.55999755859375,69,6,False,0.005628525423652109,0.08182411839873804,0.2604078548186517,-0.04894936490221091,False,True,False,all
2026-09-15,COLD,14.979999542236328,69,7,False,0.006165926391834109,0.11139135554537405,0.4831682154903518,-0.11255922470342028,False,False,False,all
2026-09-15,HIW,30.760000228881836,69,6,False,-0.0335978633457521,0.14263215069735247,0.5041564342934743,-0.13205413598126148,True,True,False,all
2026-09-15,RDWR,29.770000457763672,69,7,False,0.03575207499648325,0.11683221883796535,0.37315498333533337,-0.09210126177012656,True,True,False,all
2026-09-15,VPL,115.11000061035156,69,7,False,0.01752538169339468,0.09003875995111743,0.33895543766295777,-0.05048257508137732,True,False,False,all
2026-09-15,DFEV,42.209999084472656,69,7,False,0.017299614675877706,0.08827392521458943,0.362052255444391,-0.06085216662414439,False,True,False,all
2026-09-15,AIT,315.82000732421875,68,6,False,-0.06508135190444009,0.05708643703907268,0.3250818669833577,-0.15736388044209126,False,True,False,all
2026-09-15,AVPT,13.595000267028809,68,5,False,0.03766746636423823,0.16221665415913034,0.5387662940950235,-0.15322329438722726,False,True,False,all
2026-09-15,BELFB,231.75,68,4,False,-0.1261147467587571,-0.027537169785609716,0.7835154351678795,-0.30880731875745615,False,True,False,all
2026-09-15,EBAY,108.02999877929688,68,6,False,-0.006010139026402461,0.08668972369995576,0.384467518509813,-0.09454361755189211,True,False,False,all
2026-09-15,EDC,74.06999969482422,68,3,False,-0.02855958977984807,0.027368759035497847,0.6063760293725895,-0.28696571377328284,False,True,False,all
2026-09-15,EWP,61.099998474121094,68,5,False,-0.003308190843308245,0.07037025021763843,0.27106300940334394,-0.03688524910532898,False,False,False,all
2026-09-15,FESM,45.88999938964844,68,6,False,-0.032244475269114004,0.07236850144239337,0.3175422617615993,-0.062129591182646604,False,True,False,all
2026-09-15,FITB,54.66999816894531,68,6,False,-0.028958969094475928,0.06625315694554024,0.36504367566519313,-0.08117650136226362,False,True,False,all
2026-09-15,FYC,116.19999694824219,68,6,False,-0.03702245388227865,0.06569620070217264,0.3379389636128385,-0.08912755956558438,False,True,False,all
2026-09-15,GFF,92.76000213623047,68,6,False,-0.035845010851518366,0.07568219830940182,0.42685739252629173,-0.14562031503208572,True,True,False,all
2026-09-15,GWW,1269.530029296875,68,6,False,-0.045748539935139054,0.06869629442079339,0.4004434562331374,-0.10590812182666931,False,True,False,all
2026-09-15,IYH,70.63999938964844,68,6,False,0.005949678746386855,0.07852514309979464,0.25159463338859145,-0.052956122029404695,False,False,False,all
2026-09-15,KMLM,31.110000610351562,68,6,False,0.061629833287276226,0.11004366783815689,0.20721769723442596,-0.002404965748764143,False,False,False,all
2026-09-15,MCK,899.5599975585938,68,7,False,0.043313580793368445,0.06576340246565282,0.3081084329040631,-0.09953954198338966,False,True,False,all
2026-09-15,PLTR,172.55999755859375,68,4,False,0.10894468073463592,0.13810747623643493,0.6222618511132698,-0.16846571893843476,True,True,False,all
2026-09-15,PNC,240.77999877929688,68,6,False,-0.03184326757442024,0.0635579391557568,0.3612618279766542,-0.07020386652636623,False,True,False,all
2026-09-15,PRF,55.70000076293945,68,6,False,0.005041459507800772,0.08622947298343275,0.2627522102066804,-0.016943153672043354,True,True,False,all
2026-09-15,PXF,78.7699966430664,68,7,False,0.01110842225380182,0.07557122720869747,0.30912413229423774,-0.02331066146612837,True,False,False,all
2026-09-15,RPV,121.97000122070312,68,6,False,0.013915684302209685,0.0895193367982674,0.2723763868569393,-0.011828559352368706,True,True,False,all
2026-09-15,SSO,68.37999725341797,68,6,False,-0.010580089743348453,0.09320451769009419,0.40612781722211455,-0.06071436281668008,True,False,False,all
2026-09-15,SWK,88.58000183105469,68,6,False,-0.0666101721420369,0.0709307436644182,0.4310177649029865,-0.15380204840642375,False,True,False,all
2026-09-15,TRIN,17.790000915527344,68,5,False,-0.009327528022979537,0.0859646199860229,0.2590234091609023,-0.058481054007188504,False,True,False,all
2026-09-15,UWM,60.06999969482422,68,6,False,-0.0721432973020466,0.05292770860888729,0.46798637299089796,-0.12714327286836746,False,True,False,all
2026-09-15,CVSA,126.27999877929688,68,6,False,-0.012536450790268772,0.09257608775029813,0.4519949063681976,-0.19185970038049327,False,True,False,all
2026-09-15,CNOB,31.889999389648438,68,6,False,-0.018183182000582,0.08712694864631643,0.3745688940058447,-0.0659050978390533,False,True,False,all
2026-09-15,BATRK,50.70000076293945,68,6,False,-0.009370913525820312,0.09761643248988205,0.34269075785490744,-0.06904146868789118,False,True,False,all
2026-09-15,RSI,26.06999969482422,68,6,False,-0.07631149545821891,0.09386373177396568,0.6808510193493198,-0.24500432619606727,True,False,False,all
2026-09-15,BKDV,34.349998474121094,68,6,False,0.0020565769118741084,0.0827973878548931,0.26472749142500707,-0.02248152900537792,True,False,False,all
2026-09-15,ESQ,121.73999786376953,68,7,False,0.0007258278140844787,0.08887124980084216,0.3218241029393383,-0.09698478908769381,False,False,False,all
2026-09-15,PICK,61.43000030517578,68,6,False,-0.0010829835733515703,0.0351858760707211,0.4587983712846335,-0.10996807747096726,False,True,False,all
2026-09-15,CRVL,71.6500015258789,68,4,False,0.10349609230415369,0.1705240554585583,0.5982600624442858,-0.16394394308845384,False,False,False,all
2026-09-15,CTVA,83.38999938964844,68,7,False,0.0007968820132722154,0.06984252971027116,0.3775501709729232,-0.0833241918142309,False,False,False,all
2026-09-15,FNDX,32.31999969482422,68,6,False,0.007299171385187542,0.08599230180817607,0.25905724965974963,-0.016133905750845057,True,False,False,all
2026-09-15,SIL,92.70999908447266,68,6,False,0.07146240441369889,0.02453591729383664,0.5001618160033219,-0.22249244594592432,False,True,False,all
2026-09-15,XP,19.530000686645508,68,5,False,0.13130170414037234,0.07972886074682739,0.31959462398329785,-0.15564196302382305,False,False,False,all
2026-09-15,LYB,65.43000030517578,68,5,False,0.05647107540155205,0.07116196187014268,0.5735930116363859,-0.22051467235959699,False,True,False,all
2026-09-15,ZION,67.98999786376953,68,6,False,-0.02391196060992906,0.08108534307911719,0.4719636260057145,-0.07294789666299795,False,True,False,all
2026-09-15,CCK,112.33000183105469,68,5,False,-0.036042206436399216,0.05253641562497857,0.2591638043252278,-0.08607925730878718,False,True,False,all
2026-09-15,SIG,99.87000274658203,68,4,False,0.11437928494741412,0.1255253514663872,0.3944428779199982,-0.09373860696667591,False,False,False,all
2026-09-15,ADI,361.3500061035156,67,5,False,-0.03527318311587624,0.025993990993168126,0.6169955883547862,-0.18963467261135847,False,True,False,all
2026-09-15,AGIX,44.529998779296875,67,7,False,0.002259729210688066,0.11464676221618353,0.44180017643823866,-0.10348297924564998,True,True,False,all
2026-09-15,BFC,153.75,67,6,False,0.0107670480785782,0.08484435474670415,0.2911487876707757,-0.033626686978470266,True,True,False,all
2026-09-15,DISV,44.04999923706055,67,6,False,0.022689521652728528,0.07301310430191754,0.2747793039510571,-0.023930906392504392,True,True,False,all
2026-09-15,DLO,14.449999809265137,67,4,False,-0.022433306989609436,0.07144974275534444,0.3580826450192165,-0.13885582729652213,False,True,False,all
2026-09-15,ENTG,129.63999938964844,67,4,False,-0.0660238502394781,0.01216921438318197,0.9073120061995985,-0.3065154718274795,True,True,False,all
2026-09-15,EPD,38.810001373291016,67,6,False,0.010456082791655552,0.06305179722143883,0.29323562403508396,-0.033856033299640154,False,True,False,all
2026-09-15,EWZ,37.779998779296875,67,6,False,0.053359399966971255,0.0459520939635929,0.318213502457791,-0.10090437011605047,False,False,False,all
2026-09-15,GHM,83.68000030517578,67,4,False,-0.16238583843715082,-0.058631356661128065,0.7239389931368458,-0.33492290169972017,False,True,False,all
2026-09-15,HDV,29.290000915527344,67,6,False,0.012765930943023696,0.0796377854079322,0.24553495425518546,-0.027879132712789856,False,True,False,all
2026-09-15,IT,195.6199951171875,67,3,False,0.15369187759559266,0.11064205546290373,0.5744063993335009,-0.2641715605565277,False,True,False,all
2026-09-15,IYZ,42.31999969482422,67,7,False,0.002701034524102308,0.06478667667446047,0.36252416041502333,-0.08139787334145121,True,False,False,all
2026-09-15,KWR,154.57000732421875,67,4,False,-0.030995316414547336,0.04717792833663026,0.3778749055422064,-0.15540127881679644,False,False,False,all
2026-09-15,LAD,345.9100036621094,67,4,False,-0.03755833575829215,0.10373132158734566,0.4426140855080194,-0.21292859599000302,True,True,False,all
2026-09-15,LSCC,106.48999786376953,67,4,False,-0.14066637534396031,-0.026770016759156468,0.7601652539466037,-0.3217629349121903,False,True,False,all
2026-09-15,MGA,63.41999816894531,67,6,False,-0.05888291156245473,0.043018310305985796,0.471120326398625,-0.13384325168498956,False,True,False,all
2026-09-15,MTB,235.3699951171875,67,6,False,-0.03821166632008255,0.05876748976268087,0.34681850832846495,-0.0804063374738635,False,True,False,all
2026-09-15,PRU,119.30999755859375,67,3,False,-0.006483561645950431,0.10070767302722694,0.29840024323728764,-0.06584719371852099,False,True,False,all
2026-09-15,TRMK,47.52000045776367,67,7,False,0.014773154394090993,0.08308187310283732,0.3080098558416211,-0.030204072290537343,False,False,False,all
2026-09-15,VCEL,39.720001220703125,67,6,False,-0.09486174324247676,0.041485062560459696,0.372020731396697,-0.19464717221254457,False,True,False,all
2026-09-15,VVX,75.16999816894531,67,6,False,-0.049811303388310746,0.05587555498510688,0.4771364785926737,-0.20014901591935863,False,True,False,all
2026-09-15,XERS,7.489999771118164,67,3,False,-0.10443123461084247,0.0599906288248111,0.4266666230701266,-0.25694446152690453,False,True,False,all
2026-09-15,DFIV,58.119998931884766,67,6,False,0.015278063305174783,0.07159218603482898,0.28969268174876595,-0.018409055386621964,False,False,False,all
2026-09-15,DFSV,39.59000015258789,67,6,False,-0.005376340633827192,0.07336005804439161,0.3057388044547411,-0.033211247497274554,False,False,False,all
2026-09-15,COMP,10.359999656677246,67,3,False,-0.10979741732920512,0.01993597240021927,0.6263736016955941,-0.2576137790528972,False,False,False,all
2026-09-15,DAL,78.88999938964844,67,6,False,-0.07108239400086258,0.05453040497050199,0.43358170342769586,-0.17548077823970376,False,True,False,all
2026-09-15,MPTI,75.6500015258789,67,4,False,-0.07205011055199806,0.04802418578134282,0.7370838771795345,-0.2784930603069993,False,True,False,all
2026-09-15,DB,38.689998626708984,67,5,False,0.02463462295790353,0.09712175349984253,0.3758889570418571,-0.070398855847426,False,True,False,all
2026-09-15,MUSA,526.3200073242188,67,6,False,-0.07323244188730349,0.05849145964553215,0.5045022654611542,-0.17251785641801876,False,True,False,all
2026-09-15,CURB,29.239999771118164,67,6,False,-0.03133261784559238,0.06507948214640602,0.3333333043418665,-0.09051326956915873,True,False,False,all
2026-09-15,CRS,415.32000732421875,67,4,False,-0.2106442361011397,-0.04745105712395592,0.8215789794921875,-0.3365389002966005,False,True,False,all
2026-09-15,XLV,167.66000366210938,67,6,False,0.007383257022457013,0.07646388533338522,0.253720249895911,-0.05062288863209885,False,True,False,all
2026-09-15,TYRA,25.43000030517578,67,3,False,-0.09842196070830567,-0.16457851224718578,1.1514383216364341,-0.3744157601325957,False,False,False,all
2026-09-15,FNDB,31.43000030517578,67,6,False,0.003640324340969281,0.08106993880434654,0.2546906691588342,-0.018732391413917693,True,False,False,all
2026-09-15,KBWB,94.69999694824219,67,5,False,-0.021328260646490516,0.07313399145678856,0.29159843620303794,-0.058741711820457954,False,True,False,all
2026-09-15,SJM,121.69999694824219,67,7,False,0.010730161001324845,0.13357454915369749,0.3790367926146423,-0.10442271326176189,False,True,False,all
2026-09-15,THRM,38.08000183105469,67,4,False,-0.04092195540078858,0.09419947778057303,0.41037043818721064,-0.21240945123428145,True,True,False,all
2026-09-15,CDW,153.74000549316406,67,4,False,0.08778100879388484,0.1646727461519275,0.5829901271144133,-0.091371109538538,False,True,False,all
2026-09-15,MDB,377.6700134277344,67,5,False,0.0032451044631152115,0.09927856781396494,0.7510665163804182,-0.20171209352066866,False,False,False,all
2026-09-15,ADAM,8.954999923706055,66,6,False,-0.04995809666787909,0.05702692219467198,0.38837212225070106,-0.1356177393370509,False,True,False,all
2026-09-15,ASB,30.31999969482422,66,5,False,-0.019810697078888162,0.07518110692892921,0.27074597314427606,-0.065927278188745,False,False,False,all
2026-09-15,ASND,239.77000427246094,66,4,False,-0.06612817478100708,0.024819523984346947,0.2887118963917288,-0.15020375878360592,False,False,False,all
2026-09-15,AVBP,27.969999313354492,66,5,False,-0.08836683952740487,0.0373397551789727,0.6452940772561466,-0.2193693027078707,False,False,False,all
2026-09-15,AVDV,110.44000244140625,66,6,False,0.021179985539582225,0.06292725895255247,0.2672985303177502,-0.031228048759594285,True,True,False,all
2026-09-15,AVSC,70.97000122070312,66,6,False,-0.02809764649194324,0.0622499307770914,0.30675749265595287,-0.0575033420394212,False,True,False,all
2026-09-15,AVUV,123.91999816894531,66,6,False,-0.013658514587676751,0.0662742856065528,0.320123517024798,-0.039752070991854405,False,True,False,all
2026-09-15,BANR,72.12999725341797,66,6,False,0.021772648826305918,0.10071633975225258,0.2643295042598568,-0.03621057211490819,False,True,False,all
2026-09-15,BBT,31.329999923706055,66,7,False,0.006845128952544854,0.058213564844172616,0.37352041460960517,-0.04568997330757818,False,False,False,all
2026-09-15,BCH,41.45000076293945,66,5,False,0.004444293433954805,0.04136834594376437,0.4239093058692609,-0.11374812150426472,False,False,False,all
2026-09-15,HBNC,19.790000915527344,66,6,False,-0.011320552432414366,0.07833313187454416,0.32197732548572566,-0.05941064380265837,False,True,False,all
2026-09-15,HOOD,110.44999694824219,66,3,False,0.06895921557093043,0.1610418366229147,0.738959269615346,-0.28213963011767196,False,False,False,all
2026-09-15,INFL,54.20000076293945,66,6,False,0.027435577656305554,0.06678729578396436,0.2837517573628534,-0.03695803236446704,False,False,False,all
2026-09-15,IVLU,44.11000061035156,66,6,False,0.01140497798970408,0.06578847174967262,0.27136477873876075,-0.021734298933686835,False,False,False,all
2026-09-15,IWC,188.4199981689453,66,6,False,-0.02981709563452406,0.05784993256430937,0.3108389520543473,-0.07310114472445084,False,True,False,all
2026-09-15,IXG,133.19000244140625,66,6,False,0.002648346657889933,0.07968330265725831,0.2109283119213401,-0.027810201157618564,False,True,False,all
2026-09-15,KLAC,168.02000427246094,66,4,False,-0.1419749789172804,-0.03138353465356469,0.7375568374088162,-0.4533623745271498,False,True,False,all
2026-09-15,LION,11.1899995803833,66,4,False,-0.09838050302603374,0.006104925939407924,0.9046807796397107,-0.32994017549890875,True,True,False,all
2026-09-15,MOO,86.51000213623047,66,6,False,0.036964425491639696,0.06888509978588764,0.2479804171535469,-0.031243010304381258,False,False,False,all
2026-09-15,PSO,16.0,66,6,False,-0.02853673345476615,0.09946744653688433,0.33111475795873724,-0.09859154929577463,False,False,False,all
2026-09-15,SLM,26.149999618530273,66,4,False,0.00013001857803640604,0.0681927556228048,0.4715812574504128,-0.158081131095832,True,True,False,all
2026-09-15,USPH,81.75,66,5,False,0.05849359738833759,0.07847257234165239,0.40488059682608535,-0.1256684491978609,True,True,False,all
2026-09-15,VYMI,104.79000091552734,66,6,False,0.011414255380961302,0.07151852910561884,0.26489226110772424,-0.02326493787490158,False,False,False,all
2026-09-15,CVS,94.48999786376953,66,6,False,-0.05285718932556094,0.08502373962102627,0.3593726796120873,-0.14627757857576684,True,True,False,all
2026-09-15,CWBC,26.18000030517578,66,7,False,0.0019518624304164511,0.07302119415775143,0.3228903028819372,-0.07064251919519227,True,True,False,all
2026-09-15,CYTK,69.30999755859375,66,5,False,-0.10820438886579664,-0.00961241004076141,0.4678101602463638,-0.21515117795574035,False,True,False,all
2026-09-15,UMBF,137.4600067138672,66,6,False,-0.04846154222019239,0.06693993354270811,0.3296576742685342,-0.10344377675910976,False,True,False,all
2026-09-15,EFV,81.63999938964844,66,6,False,0.010979095275349682,0.06303881862452743,0.2273001128925649,-0.019103735469844785,True,True,False,all
2026-09-15,RWL,133.22999572753906,66,6,False,0.0036551007442415795,0.07993134156851811,0.22871894634846268,-0.01950256888464863,True,True,False,all
2026-09-15,MIRM,93.9000015258789,66,4,False,-0.11559018210055638,-0.030606843436988163,0.48500765177662575,-0.2776922959547776,True,True,False,all
2026-09-15,UNIT,9.779999732971191,66,5,False,-0.04288429653701464,0.03432955785131431,0.8452829020776245,-0.2440871896283161,True,True,False,all
2026-09-15,QQQJ,44.13999938964844,66,5,False,-0.019183482308509525,0.07728216921771369,0.2835126540576445,-0.05965060330162297,False,False,False,all
2026-09-15,QLD,86.95999908447266,66,6,False,-0.023022347673761656,0.09085069016057035,0.5363957849616003,-0.14062657390658162,True,True,False,all
2026-09-15,MCY,102.51000213623047,66,6,False,-0.03164006252794871,0.056440382540635214,0.3798627119791147,-0.09331324650786155,False,False,False,all
2026-09-15,CTS,56.83000183105469,66,5,False,-0.055119916894130094,0.031025124762903866,0.5772968014561706,-0.18289001671555838,False,True,False,all
2026-09-15,LNC,43.439998626708984,66,5,False,0.004992540485101005,0.09882184389703275,0.34990671891703373,-0.08873504729840676,False,True,False,all
2026-09-15,FMX,121.5999984741211,66,6,False,-0.015233128064328194,0.0560565260741408,0.33817535818986144,-0.14045382466338874,True,True,False,all
2026-09-15,GCMG,12.760000228881836,66,6,False,-0.03678483804856736,0.09677351878532603,0.37204300722423667,-0.14166554027548273,False,True,False,all
2026-09-15,CSTM,25.56999969482422,66,3,False,-0.09148405160719064,-0.050504835859641495,0.7769283589134317,-0.3087321293713422,False,True,False,all
2026-09-15,AMLP,55.29999923706055,65,6,False,0.009311939086892096,0.06434472612073838,0.2387992830009773,-0.020024828318343846,False,True,False,all
2026-09-15,AVIV,81.97000122070312,65,6,False,0.007730409787491954,0.05983162764986738,0.2357348679304918,-0.023469158487078534,True,True,False,all
2026-09-15,AVTX,16.06999969482422,65,2,False,-0.1512264296489365,-0.04882399692997119,0.6844863479121881,-0.3378657028544214,False,False,False,all
2026-09-15,BALL,61.0099983215332,65,5,False,-0.026612234498685994,0.026120555123553046,0.36091893441035494,-0.10660422457746466,False,False,False,all
2026-09-15,EDU,56.2599983215332,65,4,False,0.03756321740031665,0.0431557643692273,0.27141239144707807,-0.13406191681576296,True,True,False,all
2026-09-15,EFOR,33.79999923706055,65,2,False,0.23390985925766028,-0.004838921797398976,1.0,-0.38478339858150745,True,True,False,all
2026-09-15,EQBK,50.13999938964844,65,5,False,-0.0007812134966214135,0.06835989321039015,0.2989637661064728,-0.04074997224911758,False,True,False,all
2026-09-15,EQIX,1006.97998046875,65,5,False,-0.03550080044671533,0.0391306321220406,0.39738001622477115,-0.10782512975404779,False,True,False,all
2026-09-15,GEV,882.8099975585938,65,4,False,-0.11023022587494746,-0.01564348818614436,0.6651766302204858,-0.2618274823060608,False,True,False,all
2026-09-15,GOOGL,344.9800109863281,65,6,False,-0.0044993127355779095,0.023459986176727954,0.4627714397182714,-0.1557230039556865,True,True,False,all
2026-09-15,HCSG,21.90999984741211,65,6,False,-0.03965005495584517,0.046182927797342455,0.4481163041433147,-0.14912621951797633,True,True,False,all
2026-09-15,IOO,142.5800018310547,65,6,False,0.0028909324402099923,0.06864977548860396,0.22396776071535673,-0.02795194334232831,True,True,False,all
2026-09-15,LVHI,42.43000030517578,65,5,False,-0.0009606604537656382,0.05331949323267393,0.23883212569856305,-0.021222565197886456,False,False,False,all
2026-09-15,MGV,165.39999389648438,65,5,False,-0.0015671015069771421,0.07337285008339167,0.22283010952011528,-0.02614226646927753,False,False,False,all
2026-09-15,MGY,28.549999237060547,65,6,False,0.08510570472194567,0.07056542173951041,0.35532867378290733,-0.12851035714813874,False,True,False,all
2026-09-15,MSI,469.1400146484375,65,7,False,0.04104536487444843,0.10242181572725029,0.3054876273703011,-0.051955120012062705,True,False,False,all
2026-09-15,MTG,29.90999984741211,65,3,False,-0.009228655731965296,0.07357448375314135,0.21142159580571795,-0.062088415808469466,False,False,False,all
2026-09-15,NOW,141.89999389648438,65,3,False,0.17338276600044766,0.20499254029138636,0.7466764848324459,-0.27128377613306454,False,True,False,all
2026-09-15,PRGO,13.5600004196167,65,3,False,0.09744256657770478,0.108622102465181,0.46912254519259267,-0.40132447470228305,False,True,False,all
2026-09-15,PRK,186.4499969482422,65,5,False,-0.04874682879980641,0.06949631039485138,0.25083858850159224,-0.132790711868641,False,False,False,all
2026-09-15,RRC,41.900001525878906,65,5,False,0.05786713730317672,0.0646772745773938,0.2821297776806595,-0.13268473742904885,False,True,False,all
2026-09-15,UHAL.B,55.9900016784668,65,6,False,-0.08984801200844972,0.07819258207388335,0.4131752445204646,-0.1630792167200743,False,True,False,all
2026-09-15,VIK,85.05000305175781,65,5,False,-0.11739980329094368,0.0236184787803162,0.5087813493579947,-0.227450214543377,False,False,False,all
2026-09-15,VLY,13.800000190734863,65,6,False,-0.040467241794652664,0.042831679712549864,0.43153523851205833,-0.09210523921697067,False,True,False,all
2026-09-15,WTV,107.62000274658203,65,6,False,0.008098914099562649,0.07639969997150531,0.22462455746601995,-0.019318344800947074,False,True,False,all
2026-09-15,WTW,321.9700012207031,65,5,False,0.0013647294668492904,0.07222544668225894,0.338140561090424,-0.08736077150068822,False,True,False,all
2026-09-15,CTA,31.0,65,5,False,0.1238871687131684,0.08397445079375498,0.2209531605045556,-0.053724005241366335,False,False,False,all
2026-09-15,MCRI,121.91999816894531,65,6,False,-0.006947789434108231,0.11376589049747121,0.3834108926426507,-0.10306772060418212,False,False,False,all
2026-09-15,IWN,217.67999267578125,65,5,False,-0.02268901766304987,0.06165734680786117,0.2899555121527777,-0.044676590482321976,False,True,False,all
2026-09-15,CPER,38.66999816894531,65,6,False,-0.015935424617350313,0.04585870719492391,0.3712764937143396,-0.06345368584375022,False,False,False,all
2026-09-15,CTO,20.75,65,6,False,-0.044210448535902724,0.043733699360167355,0.376907791652217,-0.08630555541557694,False,True,False,all
2026-09-15,JQUA,73.63999938964844,65,6,False,0.0028844452438032686,0.0910720637785134,0.23350081153370184,-0.026441036701987386,False,False,False,all
2026-09-15,VTR,88.55999755859375,65,6,False,-0.045222577300169764,0.03613845893218137,0.3309287096497162,-0.12834646763157986,True,False,False,all
2026-09-15,ONB,25.809999465942383,65,6,False,-0.017712404209999866,0.06434304273459102,0.3310985187406108,-0.056652087347642155,False,True,False,all
2026-09-15,CCC,6.599999904632568,65,2,False,-0.004134362509196077,0.0661411218250385,0.6176470656983444,-0.3333333172782096,False,False,False,all
2026-09-15,EWJ,96.91999816894531,65,6,False,0.023459721075097084,0.08315068192098796,0.2392277113347676,-0.018929069027755374,True,True,False,all
2026-09-15,SPHB,141.99000549316406,65,6,False,-0.026120964073513386,0.06815058835115129,0.37440720984077447,-0.09887669674976285,True,True,False,all
2026-09-15,WBD,28.030000686645508,65,5,False,0.027952403286684913,0.021406562300293697,0.6411007501084052,-0.06566664377848308,True,True,False,all
2026-09-15,CARG,35.0,65,4,False,-0.014872607939664051,0.031250576633750304,0.326259977623526,-0.15089764765894942,False,True,False,all
2026-09-15,AAXJ,113.87000274658203,64,5,False,-0.0031515136612534356,0.06565721694185456,0.29427140715843225,-0.08823762268334034,False,True,False,all
2026-09-15,AGCO,123.79000091552734,64,5,False,0.09791575537129305,0.07035101012129852,0.2603339378643226,-0.13903184054448559,False,False,False,all
2026-09-15,AME,234.4499969482422,64,6,False,-0.027983474967204658,0.03154198557665988,0.30802270566312684,-0.10227449203295613,False,False,False,all
2026-09-15,APH,77.6500015258789,64,6,False,-0.030350687218473338,0.05985450221428201,0.32350441365754,-0.13006946372947803,False,True,False,all
2026-09-15,EMGF,70.55999755859375,64,6,False,0.0017154817913274112,0.06446432079753839,0.2857142162044972,-0.0786106572018872,True,True,False,all
2026-09-15,ESGE,53.33000183105469,64,6,False,0.00769616417910024,0.06822084570117215,0.2673478971119625,-0.0661880360514604,False,False,False,all
2026-09-15,EWBC,128.72999572753906,64,6,False,-0.01919256041765305,0.06624542153735802,0.3891226747717562,-0.06357754721433584,False,True,False,all
2026-09-15,FAF,72.83000183105469,64,5,False,-0.0023506088288520743,0.08528416720723109,0.2959074882981447,-0.08814324118485917,False,False,False,all
2026-09-15,FDL,52.40999984741211,64,6,False,0.00916547751004515,0.06059517220796806,0.24489315313463922,-0.02511157954371368,False,True,False,all
2026-09-15,FLJP,41.279998779296875,64,6,False,0.02254652019401493,0.07890255928283496,0.22711056861669832,-0.017727607841328985,True,True,False,all
2026-09-15,HOS,8.850000381469727,64,5,False,-0.08286350342113757,-0.008686555909213522,0.44844520263198495,-0.2048517259234296,False,False,False,all
2026-09-15,IBCP,37.349998474121094,64,6,False,0.003935059816775777,0.0669538071374276,0.25209515821818207,-0.04816521721462752,False,True,False,all
2026-09-15,IDEQ,35.400001525878906,64,6,False,0.004033200254699221,0.054255489271447965,0.2629325957435573,-0.02920605024688039,True,False,False,all
2026-09-15,ILF,35.5099983215332,64,6,False,0.02181752652855007,0.03101459007816887,0.3074373534989805,-0.07766238125887781,False,False,False,all
2026-09-15,J,144.91000366210938,64,4,False,0.03168899025695704,0.09035436895011206,0.371215019338075,-0.13969365019145052,False,True,False,all
2026-09-15,JAVA,81.69000244140625,64,5,False,-0.0030509831412466326,0.06587791169752233,0.21667517382093338,-0.02819408976945903,True,True,False,all
2026-09-15,JLL,341.0400085449219,64,4,False,-0.033478504496707195,0.040005347328423646,0.312550614515271,-0.13406456501098885,False,True,False,all
2026-09-15,MLPA,56.650001525878906,64,6,False,0.007731000508784502,0.06155325007255641,0.2211684042082549,-0.023275835760708463,False,True,False,all
2026-09-15,NATL,46.20000076293945,64,6,False,-0.005330723959821815,0.06950387845834927,0.3869708453384826,-0.04742266468166079,False,False,False,all
2026-09-15,NVDA,212.1699981689453,64,5,False,-0.005013159708279202,0.07272234531971034,0.2915930641667035,-0.10302695446392485,False,True,False,all
2026-09-15,OPLN,34.88999938964844,64,6,False,-0.06428013128071786,0.05795717600139216,0.4346217034317532,-0.1867133298677981,True,True,False,all
2026-09-15,PAM,86.80999755859375,64,4,False,0.03950125792391135,0.03409743004159704,0.5797997516524511,-0.08137568721064814,False,False,False,all
2026-09-15,PAYX,118.30000305175781,64,5,False,0.0015815562760246316,0.13511955334795078,0.38443542746307124,-0.12873763355935697,False,True,False,all
2026-09-15,PSC,67.58589935302734,64,5,False,-0.01915740063818161,0.06709066242187078,0.2578801401235655,-0.04674333006384912,False,True,False,all
2026-09-15,R,241.16000366210938,64,6,False,-0.06457662585510382,0.05605579373863012,0.5295237297060378,-0.15159189564781228,False,True,False,all
2026-09-15,SOBO,35.61000061035156,64,6,False,-0.03834207247117993,0.07051705996255264,0.42354593160963616,-0.08736770057516197,False,False,False,all
2026-09-15,TTC,93.0999984741211,64,5,False,-0.027649851911621948,0.01290279661585747,0.3764044842432248,-0.11493491478926077,False,False,False,all
2026-09-15,DC,5.800000190734863,64,5,False,0.0765461798458662,0.04405745641703218,0.5303430736445431,-0.19999997369174305,True,True,False,all
2026-09-15,DDM,64.4000015258789,64,6,False,-0.03500646907517846,0.06150903022125842,0.3073488371948949,-0.09614032946134865,False,False,False,all
2026-09-15,CZR,29.649999618530273,64,6,False,-0.004953431308836964,0.10835112126208424,0.6601343004067586,-0.039831592476176514,True,True,False,all
2026-09-15,CNR,94.51000213623047,64,5,False,0.04482201391333218,0.04456218821886826,0.2909439054517813,-0.17674216355534034,False,True,False,all
2026-09-15,BHRB,71.51000213623047,64,5,False,-0.006032449703097242,0.07113437255464539,0.2453849602333409,-0.04767604709355511,True,True,False,all
2026-09-15,OUT,28.110000610351562,64,5,False,-0.09255837732620953,-0.01895087559067843,0.6564526663374983,-0.19593817658775325,False,True,False,all
2026-09-15,CDE,19.90999984741211,64,4,False,0.1041849184419481,0.04138606641875331,0.46937266178239967,-0.28303926830343784,False,True,False,all
2026-09-15,VTV,222.6999969482422,64,5,False,-0.0010362103861251137,0.07193800092655867,0.21820469297289402,-0.025681455081069116,False,True,False,all
2026-09-15,PFBC,105.80999755859375,64,6,False,0.008449955464234327,0.09139347897580707,0.29828217863305206,-0.05745594561640455,False,False,False,all
2026-09-15,KOLD,28.360000610351562,64,2,False,-0.01653440716895549,0.08278785837335989,1.1101191589131547,-0.42672326843438724,False,True,False,all
2026-09-15,DFAT,70.05999755859375,64,5,False,-0.012814010209190152,0.060158592851832005,0.2711602181800514,-0.037769538417947945,False,True,False,all
2026-09-15,ESLT,731.75,64,3,False,-0.042141584741301585,-0.03497365002003361,0.6153421633554084,-0.27981615085894396,False,True,False,all
2026-09-15,AR,38.83000183105469,63,6,False,0.06489180667683603,0.06639208626775406,0.3343643065991444,-0.15125679057803965,False,True,False,all
2026-09-15,B,42.70000076293945,63,4,False,0.045195545963148565,-0.0005254671829090229,0.5045807620026033,-0.2192356585270413,False,True,False,all
2026-09-15,BBJP,78.26000213623047,63,6,False,0.023651530179905844,0.07433152153144928,0.21108014252397878,-0.018375620770518575,True,True,False,all
2026-09-15,BCS,25.440000534057617,63,4,False,-0.06817963402078298,0.015181860525081747,0.3188180055284433,-0.1132798863542005,False,False,False,all
2026-09-15,BLCO,17.229999542236328,63,4,False,0.01852615441580907,0.03649070438366264,0.25172532600730424,-0.0890828068587507,False,True,False,all
2026-09-15,BOKF,135.77000427246094,63,6,False,-0.031296440695456895,0.03260893212361182,0.3217484682534897,-0.07538812545293683,False,False,False,all
2026-09-15,EXLS,36.290000915527344,63,4,False,0.0883060553929862,0.08699724773269146,0.46036218746251034,-0.18118228417394677,True,True,False,all
2026-09-15,FEGE,52.06999969482422,63,6,False,0.01076570517660902,0.0562385593473278,0.20018443492667837,-0.027183592518931654,True,False,False,all
2026-09-15,FELC,43.150001525878906,63,6,False,0.0009511054568551724,0.07532512409896319,0.2295198753383716,-0.027276804955460254,True,True,False,all
2026-09-15,FMTM,38.810001373291016,63,6,False,-0.004969726716308798,0.03847998976493128,0.3420242931535229,-0.19145830472310388,False,False,False,all
2026-09-15,GDXJ,120.30999755859375,63,5,False,0.06609598336630684,0.010876288349070284,0.40549065073834445,-0.23607852332054258,False,True,False,all
2026-09-15,GOOG,341.42999267578125,63,6,False,-0.008910337027931203,0.016708234118170795,0.442550208917474,-0.15585830433571135,True,True,False,all
2026-09-15,HQY,96.51000213623047,63,4,False,-0.031045482119368417,0.08267227809823674,0.3264156033906136,-0.10323360273937932,False,True,False,all
2026-09-15,IAT,61.4900016784668,63,5,False,-0.029372930342123293,0.0476378160567259,0.2980790176264465,-0.07058648314914084,False,True,False,all
2026-09-15,MLPX,73.94000244140625,63,5,False,-0.016760521788071303,0.04592067401806821,0.28234482547826123,-0.05640630595351759,False,True,False,all
2026-09-15,PRI,293.010009765625,63,5,False,-0.04182281208724714,0.06460596844392308,0.2734582747149745,-0.10471152878725731,False,True,False,all
2026-09-15,SBCF,34.290000915527344,63,4,False,0.003130235691655603,0.0576935232200495,0.19979009821777693,-0.05459055740961549,False,True,False,all
2026-09-15,SGHC,13.4399995803833,63,6,False,-0.03982170968216081,0.10778205333271806,0.5886524255060308,-0.15258512791172074,True,True,False,all
2026-09-15,SSB,105.73999786376953,63,6,False,0.001158873714898645,0.06802576470549804,0.2516571219464925,-0.05757575098199563,False,True,False,all
2026-09-15,TCBK,53.81999969482422,63,6,False,-0.04487084795326257,0.04787882559116108,0.33086057177257877,-0.12785609312435886,False,True,False,all
2026-09-15,TDAY,6.579999923706055,63,4,False,-0.12149533505177545,-0.03922671973234282,0.9239765429585654,-0.2855591860529533,True,True,False,all
2026-09-15,WAY,26.670000076293945,63,3,False,0.11862828442434026,0.06965384075565884,0.5451911774407736,-0.33903343036310063,False,True,False,all
2026-09-15,EWI,60.75,63,5,False,-0.015435381023813588,0.05521968921812448,0.21378623228861948,-0.0472082559719369,False,True,False,all
2026-09-15,PPH,110.53379821777344,63,5,False,-0.010029920331831588,0.03953276299710207,0.28662313474588275,-0.06327289645954715,False,True,False,all
2026-09-15,RXO,19.56999969482422,63,4,False,-0.1540589801661698,0.021108279459604473,0.8772181618007933,-0.3454849516888998,True,True,False,all
2026-09-15,SPUS,57.900001525878906,63,6,False,4.838904072945738e-05,0.07223813623097186,0.24701173419321432,-0.029337803105348947,True,True,False,all
2026-09-15,CART,46.810001373291016,63,6,False,-0.024649396946380353,0.09998570229181492,0.43018643531861933,-0.11142746579118834,False,True,False,all
2026-09-15,PEY,23.979999542236328,63,5,False,-0.02303488349914007,0.07044967816073688,0.22409389257041457,-0.059238926733642616,False,False,False,all
2026-09-15,XPEL,46.08000183105469,63,3,False,-0.02605633793959261,-0.02471439188383384,0.46285720098586314,-0.17581824437819993,False,True,False,all
2026-09-15,RDVY,79.70999908447266,63,5,False,-0.02027542579882924,0.06390787125884523,0.2267795453080368,-0.05129728315633564,False,True,False,all
2026-09-15,WSM,221.47000122070312,63,6,False,-0.045642149168417356,0.07584522457540199,0.338106510610487,-0.13111537623669733,False,False,False,all
2026-09-15,UCB,35.34000015258789,63,5,False,-0.006399082880182649,0.05051165756971909,0.2335078751530124,-0.04948897626371851,False,True,False,all
2026-09-15,DEM,55.79999923706055,63,6,False,0.021547683722012323,0.078134813693298,0.2615871538451122,-0.023963599366160993,False,True,False,all
2026-09-15,CUBI,78.83000183105469,63,6,False,-0.0036804134467388616,0.04660813393570762,0.32844626943629707,-0.06577382795705733,False,True,False,all
2026-09-15,QTWO,60.08000183105469,63,2,False,-0.0013164837268431206,0.0623221635422484,0.47291003879787374,-0.29425579972466787,True,True,False,all
2026-09-15,IWS,165.50999450683594,63,5,False,-0.018819768431087014,0.06173738576919097,0.23755037915932897,-0.04616188086906503,False,True,False,all
2026-09-15,CB,341.8599853515625,63,5,False,-0.014050667901452929,0.04343675660065083,0.288578971282647,-0.06572659416208604,False,True,False,all
2026-09-15,CBSH,58.5099983215332,63,5,False,-0.004698410610033843,0.08370235190173236,0.245158464174847,-0.03956007747617818,False,True,False,all
2026-09-15,GCO,34.25,63,6,False,-0.0372723159393874,0.06381161613688513,0.5617874839662693,-0.21444951379231847,False,False,False,all
2026-09-15,AVGE,99.55999755859375,62,5,False,-0.006759962198276237,0.05747253447985545,0.2261385742677855,-0.03161171167373822,True,False,False,all
2026-09-15,AVLC,90.0999984741211,62,5,False,-0.006204342728212242,0.06422897861138543,0.21020822253033566,-0.0368787222350806,True,False,False,all
2026-09-15,AVUS,128.4199981689453,62,5,False,-0.006987137978803126,0.0631155375912853,0.21471809199900815,-0.03305473586588714,True,False,False,all
2026-09-15,BBCA,104.05999755859375,62,5,False,-0.0032930074391314124,0.05511733501450178,0.2261104535287004,-0.03701647316650236,False,False,False,all
2026-09-15,DOC,20.15999984741211,62,5,False,-0.057186157895337764,0.07859973732333936,0.28407643900192703,-0.12156866330186555,False,True,False,all
2026-09-15,DYNF,68.76000213623047,62,6,False,0.0010045308391952723,0.0722623413818384,0.22392313568385136,-0.02481917383322263,True,True,False,all
2026-09-15,EEM,65.76000213623047,62,5,False,-0.0009874308410739996,0.05803764738530259,0.26900815367620656,-0.08117923128919502,False,True,False,all
2026-09-15,FAST,49.40999984741211,62,6,False,0.011596195170226586,0.08233263244048539,0.2678983397404322,-0.06632650119011063,True,True,False,all
2026-09-15,FCNCA,2160.419921875,62,4,False,-0.003772874693184658,0.051898762851076086,0.33050445193981415,-0.05917350697373758,True,True,False,all
2026-09-15,FEOE,55.13999938964844,62,5,False,-0.0022058712189007013,0.04643342942064854,0.21829433129728293,-0.04443364826975138,False,True,False,all
2026-09-15,FSUN,40.08000183105469,62,5,False,0.03536467071016092,0.06560323586855632,0.3382304110205645,-0.053377381043657524,True,False,False,all
2026-09-15,HCI,186.22000122070312,62,3,False,0.019636019508699754,0.10056207973250242,0.2864939635281736,-0.11534441225319181,False,True,False,all
2026-09-15,HST,22.1299991607666,62,6,False,-0.04970889017252178,0.05010910101624333,0.4176809511523849,-0.1392454317848718,True,True,False,all
2026-09-15,IJS,133.17999267578125,62,5,False,-0.02691585491478221,0.049553898341371694,0.2728662541509399,-0.05666525297512892,False,False,False,all
2026-09-15,JMOM,81.30000305175781,62,5,False,-0.016776439524091025,0.07230986156272201,0.2542425707269711,-0.05361668885904647,True,False,False,all
2026-09-15,NVAX,9.229999542236328,62,6,False,0.07265707373386743,0.06744069615718473,0.4887096493847032,-0.22890565277093378,False,False,False,all
2026-09-15,PBA,47.27000045776367,62,6,False,-0.035180097435890456,0.05446313023252891,0.30580109009714085,-0.08355954285166578,True,False,False,all
2026-09-15,PFS,23.329999923706055,62,6,False,-0.02549665202091178,0.04870428866159693,0.3188241503322764,-0.08473910815250496,False,True,False,all
2026-09-15,SAP,215.6699981689453,62,4,False,0.1203170707066532,0.10224810719844868,0.48768708251997683,-0.2335003663801425,True,True,False,all
2026-09-15,SLYV,106.80000305175781,62,5,False,-0.021872296835935723,0.05312412636164088,0.2730957662271285,-0.04982204980514837,False,False,False,all
2026-09-15,ULCC,5.570000171661377,62,5,False,-0.12464047638975018,0.04974019018204667,0.8443709294172055,-0.33729918517292257,True,True,False,all
2026-09-15,VRT,234.61000061035156,62,3,False,-0.14932452391364226,-0.09796695420097967,0.7681727770824105,-0.3824996325215607,False,False,False,all
2026-09-15,DBMF,32.2400016784668,62,6,False,0.03316119092053316,0.06075841056012021,0.1982012923072256,-0.0021665023784890325,False,False,False,all
2026-09-15,CORO,36.43000030517578,62,6,False,0.0006427374930986218,0.05991780310914252,0.2242908882247312,-0.03266063587944623,True,True,False,all
2026-09-15,SBH,15.670000076293945,62,4,False,-0.007675151750696441,0.05670607710406461,0.357885626351228,-0.12555803517972552,True,True,False,all
2026-09-15,FNDE,42.04999923706055,62,6,False,0.016505821337151838,0.062216037307455174,0.2121649150105429,-0.026169547478668842,False,False,False,all
2026-09-15,VNOM,45.959999084472656,62,6,False,0.05140345464319096,0.05400210901849101,0.3094017402410585,-0.1011148420817578,False,True,False,all
2026-09-15,QGRW,66.16999816894531,62,5,False,-0.0032732467897109707,0.07403266995383917,0.2989791902791865,-0.0410145192906477,True,True,False,all
2026-09-15,CDP,34.599998474121094,62,5,False,-0.06006871495587818,0.0540232158016154,0.2786400279744472,-0.11053991987370904,False,False,False,all
2026-09-15,VOE,203.8800048828125,62,5,False,-0.009362154431393988,0.05756325115285632,0.2081062545575869,-0.03406453874027626,False,False,False,all
2026-09-15,KRE,74.05000305175781,62,5,False,-0.018828378569032078,0.05485837656520376,0.2867072812065605,-0.05488188265611216,False,False,False,all
2026-09-15,CP,89.0199966430664,62,6,False,-0.02884239689743584,0.06280794935796119,0.3010815408567358,-0.0813209985420692,False,True,False,all
2026-09-15,EWC,60.290000915527344,62,5,False,-0.003909013110632742,0.052154891555291405,0.22267287033951888,-0.03859030783409012,False,False,False,all
2026-09-15,MA,573.27001953125,62,4,False,0.016828524332753947,0.07878998301118045,0.2341127036287287,-0.0471227283268989,False,True,False,all
2026-09-15,QLTY,42.5,62,6,False,0.003046903340091278,0.06337289538987534,0.20910378819499376,-0.027459971212566492,True,True,False,all
2026-09-15,TBPH,17.040000915527344,62,4,False,0.005072595562682691,-0.012049293243844739,0.3027523711712128,-0.18972894155214637,False,True,False,all
2026-09-15,SCHF,27.739999771118164,62,5,False,-0.0036205903960918606,0.052086624261575176,0.21400434608368735,-0.03311260875759536,True,False,False,all
2026-09-15,DFAE,38.97999954223633,62,6,False,0.0031447843525367336,0.05862709603424254,0.26995501505794994,-0.07544887001772393,False,True,False,all
2026-09-15,ABEV,3.0199999809265137,61,5,False,0.011318734912461936,0.029855577501238795,0.4380952943209373,-0.12463769878667064,False,True,False,all
2026-09-15,AFRM,72.08999633789062,61,4,False,-0.04705005323662259,0.08128412062296198,0.7125547986071892,-0.22115386517534086,False,False,False,all
2026-09-15,AUPH,16.1299991607666,61,7,False,0.018957738507102473,0.04018876542369698,0.559961211096268,-0.1620779656744623,False,True,False,all
2026-09-15,AVEM,92.54000091552734,61,5,False,-0.0008076359478458306,0.05557752400081517,0.268713981602428,-0.08221760155690194,False,True,False,all
2026-09-15,DNLI,20.3799991607666,61,4,False,-0.14696985161143294,-0.02685232859418074,0.6200317396156769,-0.2534798633583786,False,False,False,all
2026-09-15,DSI,143.92999267578125,61,5,False,-0.0011478936195603584,0.0653889069398419,0.22933029061163523,-0.033572821096452654,True,True,False,all
2026-09-15,EAGL,34.845001220703125,61,6,False,0.009686888438004582,0.06294469556184779,0.19209722088272074,-0.04350807222605124,True,True,False,all
2026-09-15,EQWL,132.08999633789062,61,5,False,-0.002062541264428286,0.06292190691360466,0.17611966173338534,-0.02924973008081655,False,True,False,all
2026-09-15,FDN,289.8999938964844,61,4,False,0.029152793649989794,0.0948304613610198,0.2914865786963188,-0.025840930595915745,True,True,False,all
2026-09-15,GGLL,101.23999786376953,61,3,False,-0.02890645354983734,-0.046307204016075354,0.7107130338239498,-0.3383006675570619,True,True,False,all
2026-09-15,HFWA,28.510000228881836,61,6,False,-0.03195137360563016,0.047339686185858154,0.3372420561433267,-0.0876799926757813,False,False,False,all
2026-09-15,HTH,38.9900016784668,61,6,False,0.004612140126298847,0.046024870695960285,0.2667316701972444,-0.035139771697778155,False,False,False,all
2026-09-15,IGV,105.55000305175781,61,4,False,0.06277365366271193,0.12701234744175127,0.4277019155425099,-0.10543262172421475,True,True,False,all
2026-09-15,INDB,83.63999938964844,61,6,False,-0.004212225318049323,0.04838830075944478,0.32070104170807845,-0.044114292689732104,False,True,False,all
2026-09-15,INTF,42.25,61,5,False,-0.000915140537893322,0.04375288585106052,0.19400881741144982,-0.028512339172448442,False,False,False,all
2026-09-15,IPAC,85.19999694824219,61,6,False,0.011451207166460753,0.06162664343649493,0.19235875397058422,-0.02416676977840415,True,False,False,all
2026-09-15,IXJ,102.16000366210938,61,4,False,7.834932286687746e-05,0.04521403380260036,0.19681353012690206,-0.051351087881214674,False,False,False,all
2026-09-15,IYM,183.52000427246094,61,6,False,-0.005624224396424404,0.03564344227564531,0.31952834236649674,-0.0701256399224226,False,False,False,all
2026-09-15,MGC,278.80999755859375,61,6,False,0.002552307991086522,0.06479693927525676,0.22086965678447856,-0.023603538863611107,True,True,False,all
2026-09-15,SLVR,57.81999969482422,61,3,False,0.032863339936213265,-0.036338156226417895,0.5746186757266416,-0.32689175008448734,False,False,False,all
2026-09-15,SPMO,143.69000244140625,61,6,False,-0.030052233485440727,0.07662719201712909,0.3398918808627762,-0.11466420369947128,True,True,False,all
2026-09-15,TCAF,42.0,61,5,False,-0.002546830194979477,0.06563932231213432,0.21986638477276577,-0.02631270118692941,True,True,False,all
2026-09-15,TDIV,114.5,61,6,False,0.010072495205640797,0.08095911564442604,0.26883868251919174,-0.1089494163424124,True,False,False,all
2026-09-15,XHR,17.489999771118164,61,5,False,-0.10917111291441417,0.036266347784895014,0.48851061881856706,-0.20716227585951086,False,False,False,all
2026-09-15,DBEF,54.630001068115234,61,5,False,-0.012326461698803692,0.05109238338308275,0.1967141126412797,-0.03888105345777404,False,True,False,all
2026-09-15,DCOR,83.22000122070312,61,5,False,-0.005173277496289375,0.06184184052374109,0.1908987477333175,-0.03097340612233168,True,True,False,all
2026-09-15,NSC,320.2200012207031,61,5,False,-0.0461461163965744,0.03261715843750945,0.16536866818280926,-0.10702734029439331,False,False,False,all
2026-09-15,MQQQ,218.68179321289062,61,6,False,-0.027493076554386375,0.07529897494705273,0.5040943626621412,-0.13860717131244216,True,False,False,all
2026-09-15,RTX,195.5,61,4,False,-0.06092055492888626,0.008646500981440264,0.25610383427566785,-0.13831101995533202,False,True,False,all
2026-09-15,KBE,67.94999694824219,61,5,False,-0.019395659685948696,0.052483980040932465,0.2435943943497798,-0.055200240847855686,False,True,False,all
2026-09-15,RECS,45.029998779296875,61,6,False,0.005106983333962312,0.06462241550293979,0.19158501424631424,-0.019381520582253065,False,False,False,all
2026-09-15,LOB,39.119998931884766,61,6,False,-0.05481678371761167,0.03148913292518696,0.3324250040407726,-0.12149112947937823,False,True,False,all
2026-09-15,SPFI,44.38999938964844,61,6,False,0.0014732103464309976,0.056875182354174214,0.2560837350873024,-0.054324655127058086,False,True,False,all
2026-09-15,IEMG,80.0999984741211,61,6,False,4.7424508922366826e-05,0.054209514048909835,0.25019508124942025,-0.07388136833710335,False,True,False,all
2026-09-15,DFEM,39.400001525878906,61,6,False,0.002996298389070562,0.05472316935077148,0.2626586632679464,-0.07446554361452651,True,True,False,all
2026-09-15,THRO,43.45000076293945,61,6,False,0.0020433114591613677,0.07104651564293651,0.24338249083959584,-0.025347712465280114,True,True,False,all
2026-09-15,SMMT,17.399999618530273,61,3,False,0.19605711527306657,0.059065715244137396,0.4415907256395071,-0.40472118060118745,False,False,False,all
2026-09-15,OMFL,69.44999694824219,61,5,False,-0.00634399411974218,0.06165992699159695,0.21586131384667673,-0.02880723152635145,False,False,False,all
2026-09-15,DFAC,44.75,61,5,False,-0.007399590039773973,0.059224244757713596,0.22034366606261213,-0.0344158200170811,True,False,False,all
2026-09-15,ABX,9.329999923706055,60,5,False,-0.06800656224869694,0.02566074690093978,0.865999984741211,-0.2499999808345187,True,True,False,all
2026-09-15,ADX,25.479999542236328,60,5,False,-0.016709774060999272,0.052375051794513405,0.21855570196906604,-0.04066264854752455,True,True,False,all
2026-09-15,BLCR,48.400001525878906,60,5,False,-0.01869742755792625,0.05003529965619968,0.24540058199582204,-0.05135238942331455,True,True,False,all
2026-09-15,DHR,209.36000061035156,60,4,False,0.03234612551549998,0.03557693837713671,0.30093835915434464,-0.1377265322121014,False,True,False,all
2026-09-15,DLN,99.30999755859375,60,5,False,-0.002575190378666381,0.056990281432602874,0.16438030827261985,-0.02474716907735952,False,True,False,all
2026-09-15,DTCR,27.139999389648438,60,5,False,-0.035704535804070736,0.019953714708792925,0.40987009816355524,-0.17230867240395253,False,True,False,all
2026-09-15,DXC,12.039999961853027,60,4,False,0.13302716652162205,0.01445001242743671,0.5240506096845867,-0.23214287452030424,False,True,False,all
2026-09-15,EEMV,74.37999725341797,60,6,False,0.007869964960106168,0.06531839052422672,0.18496091621771393,-0.03889394185255779,True,True,False,all
2026-09-15,ESGV,134.05999755859375,60,5,False,-0.0023204563061014483,0.06501126493281073,0.23923088538001935,-0.02939471258414872,True,False,False,all
2026-09-15,FDS,277.0899963378906,60,5,False,0.0010245345436319386,0.10945168743717404,0.497783763988598,-0.2404955553646505,False,False,False,all
2026-09-15,FDT,95.11239624023438,60,5,False,0.01748594819334759,0.04584324647157212,0.29387013299183207,-0.06126730628984545,True,True,False,all
2026-09-15,FMDE,41.04999923706055,60,5,False,-0.011191259904865136,0.06049605276475023,0.19574707391733948,-0.044682381407927796,False,True,False,all
2026-09-15,IDV,44.2599983215332,60,6,False,0.0047262141799540025,0.03593104095085642,0.23286898162463587,-0.027038982447781024,False,True,False,all
2026-09-15,IVW,137.44000244140625,60,5,False,-0.004725804040109471,0.0654218298428082,0.27106266468587936,-0.04062538244165559,True,False,False,all
2026-09-15,KIE,63.119998931884766,60,3,False,-0.010441179146141177,0.06284990732170925,0.18091670778141844,-0.05125507154636011,False,True,False,all
2026-09-15,MTD,1330.4000244140625,60,3,False,-0.02365349188937993,0.011435996517312752,0.3004252385400459,-0.12770380608015264,False,True,False,all
2026-09-15,OEF,376.32000732421875,60,6,False,0.0029679871917500655,0.06368787704086643,0.2264372696374859,-0.022672330205198876,True,True,False,all
2026-09-15,RF,29.68000030517578,60,6,False,-0.03758851561091425,0.03710408637622087,0.30748895628373885,-0.08592549463005306,False,True,False,all
2026-09-15,SHO,11.010000228881836,60,5,False,-0.024437767084876216,0.08578813296776455,0.26697362031359306,-0.08782100188427722,True,True,False,all
2026-09-15,SNPE,69.33999633789062,60,5,False,-0.0051707536157304945,0.05813883204469672,0.20235821986256775,-0.03721189155920068,True,False,False,all
2026-09-15,VEA,71.52999877929688,60,5,False,-0.003987959723199763,0.04872316606935234,0.2160829505341031,-0.03390062270655758,True,True,False,all
2026-09-15,VIOO,130.3000030517578,60,5,False,-0.03723098402999436,0.04563773853725217,0.24976021851124064,-0.06728700144472444,False,False,False,all
2026-09-15,DBRG,15.859999656677246,60,6,False,-0.0010959187925254632,0.03558938539547207,0.7740492618677788,-0.007509379787021486,False,False,False,all
2026-09-15,MTUS,19.1200008392334,60,6,False,-0.04621274236576389,0.015964825939436267,0.3474278650201996,-0.15323290948465007,False,True,False,all
2026-09-15,CLPT,13.149999618530273,60,1,False,-0.12465221622576905,-0.018931296647238693,0.5900845091472007,-0.563122941798176,False,False,False,all
2026-09-15,LAUR,35.86000061035156,60,6,False,-0.045697915026332914,0.031489052493600234,0.4357209288544506,-0.12376294981386982,False,True,False,all
2026-09-15,MDGL,523.260009765625,60,4,False,-0.01430003395724666,0.017154957368790136,0.32938703091656163,-0.14917071582825203,True,True,False,all
2026-09-15,GDDY,102.37999725341797,60,3,False,0.07890391497270888,0.07369287152019033,0.4300880359066457,-0.3091302006429305,False,True,False,all
2026-09-15,TMFC,78.6500015258789,60,6,False,0.00375443294050104,0.0665511138428676,0.23353205138521793,-0.026247309710263456,True,True,False,all
2026-09-15,DBA,28.8799991607666,60,6,False,0.02441859282226644,0.06921577316721961,0.13700785805120774,-0.02168026040218951,False,False,False,all
2026-09-15,WFC,89.72000122070312,60,4,False,0.029054871793360304,0.053595148968683226,0.2327562891664272,-0.08224223342715808,False,False,False,all
2026-09-15,VOOG,82.70999908447266,60,5,False,-0.003652439424583931,0.06655340720317282,0.27265735964243865,-0.039818903290913754,True,True,False,all
2026-09-15,SPYG,119.12000274658203,60,5,False,-0.0036684735648907507,0.06650290808833503,0.2725136413834135,-0.03966460926016835,True,True,False,all
2026-09-15,PWB,151.94000244140625,60,5,False,-0.030413623740497053,0.053015324035816436,0.28219411342958867,-0.10099989716726043,True,False,False,all
2026-09-15,WTRG,41.47999954223633,60,6,False,0.03220539990715987,0.06154150072075004,0.14871223597668282,-0.024229565277943954,False,False,False,all
2026-09-15,DFAW,83.69999694824219,60,5,False,-0.005491102589903263,0.05422882438806065,0.2006885389112807,-0.03080133908417937,True,False,False,all
2026-09-15,MANU,19.969999313354492,60,5,False,-0.10368850930153528,0.043918238092976125,0.36874565486637967,-0.1832311374147524,False,False,False,all
2026-09-15,MAC,22.3799991607666,60,5,False,-0.08944442439795897,0.04334201355705436,0.3961321398701647,-0.16116945634273483,False,False,False,all
2026-09-15,MKTX,163.3800048828125,60,4,False,0.1124562932641402,0.04052662310293598,0.5023448724856321,-0.16630094471034618,True,True,False,all
2026-09-15,ARGT,94.5,59,5,False,0.006010511059006296,0.019221215840899974,0.4212664015062806,-0.0910839772003138,False,False,False,all
2026-09-15,AUB,39.88999938964844,59,5,False,-0.04129015364239619,0.03254094151602449,0.29219301280197296,-0.0855112249787292,False,False,False,all
2026-09-15,AVDE,91.87999725341797,59,5,False,-0.0026183141482812866,0.03837920286994678,0.19018626878935363,-0.031006142700575556,False,True,False,all
2026-09-15,BBUS,136.72999572753906,59,5,False,-0.0012024132603158932,0.05986900049826027,0.2054129891534533,-0.028216071832350642,True,False,False,all
2026-09-15,BKLC,48.41999816894531,59,5,False,-0.0015644323948773575,0.06010022140267823,0.20407820989511727,-0.0284912114625836,True,True,False,all
2026-09-15,DFUS,82.58000183105469,59,5,False,-0.004172373317485545,0.05878923343536968,0.20396568362893586,-0.03154679157865836,True,False,False,all
2026-09-15,DGRO,77.58999633789062,59,5,False,-0.011705704433675801,0.05014260519296121,0.15935738214139228,-0.037106048960298565,False,False,False,all
2026-09-15,GOOX,71.48999786376953,59,3,False,-0.03785722932512925,-0.05502221478664748,0.7143884066137884,-0.33497676405795784,True,False,False,all
2026-09-15,GSUS,104.70600128173828,59,5,False,-0.001627234069596195,0.06042432730301317,0.2079603243320034,-0.02752853104498265,True,False,False,all
2026-09-15,IAK,144.9600067138672,59,5,False,-0.006089850010121967,0.061870719788692075,0.16321620541645365,-0.04869404076113293,False,False,False,all
2026-09-15,IJR,140.0500030517578,59,5,False,-0.04065353332639465,0.04005842542284732,0.2504464558192663,-0.07060852888223723,False,False,False,all
2026-09-15,IUSG,187.5,59,5,False,-0.006534093503132166,0.0630466008079249,0.26356223984916216,-0.04160703033655366,True,True,False,all
2026-09-15,LRGF,77.2300033569336,59,5,False,-0.001191076777777078,0.06596812309144906,0.2087964328490277,-0.027880877920563818,True,True,False,all
2026-09-15,MTSI,240.02000427246094,59,3,False,-0.13617807287710804,-0.10001267389787516,0.9678609647477814,-0.427023137336753,False,True,False,all
2026-09-15,ONEQ,102.47000122070312,59,5,False,-0.001632917414816193,0.061962689452532915,0.2580724992024028,-0.042962533737108566,True,True,False,all
2026-09-15,PYPL,53.810001373291016,59,2,False,-0.04079087323987762,0.05893045816601816,0.3991160336510662,-0.3207094128520174,False,True,False,all
2026-09-15,RAAX,41.04999923706055,59,5,False,0.010845203473866638,0.030890405923536424,0.22996252395687033,-0.03976609971788192,True,True,False,all
2026-09-15,SCHK,36.47999954223633,59,5,False,-0.0034584083276841815,0.05879381092025704,0.20396041124703723,-0.030303014939275674,True,False,False,all
2026-09-15,SSNC,81.29000091552734,59,4,False,0.05223781909527725,0.08022775256328729,0.32394135008718505,-0.0989802724933524,True,True,False,all
2026-09-15,TSPA,47.72999954223633,59,5,False,-0.0034200774719232996,0.05878155540934116,0.2074374150305831,-0.029286123252663776,True,True,False,all
2026-09-15,DFIS,36.7400016784668,59,6,False,0.005165400155701327,0.04128247493583803,0.21214128425668366,-0.03442832023286402,True,True,False,all
2026-09-15,SPSM,54.65999984741211,59,5,False,-0.03712002348243759,0.0427118872862875,0.25194686299688596,-0.06723547319628287,False,False,False,all
2026-09-15,WCMI,19.280000686645508,59,5,False,-0.011347932550993312,0.049497332698981156,0.22802553636132417,-0.04743078534232714,True,True,False,all
2026-09-15,NEXT,7.150000095367432,59,4,False,-0.014065070787291578,0.05237595553202978,0.5052631779720909,-0.2261904467014737,False,True,False,all
2026-09-15,GCOW,46.7599983215332,59,6,False,0.010347163734726772,0.03822373931452794,0.19835975840511644,-0.026988803013592633,False,False,False,all
2026-09-15,CCEP,103.01000213623047,59,5,False,-0.03631881074055043,0.04981609415246502,0.21674932294308258,-0.09378020765753081,False,True,False,all
2026-09-15,VOO,696.2000122070312,59,5,False,-0.0021782257751810086,0.058765050571531585,0.20354041033442516,-0.028182975793310527,True,False,False,all
2026-09-15,VTWO,115.56999969482422,59,5,False,-0.03356313456478155,0.04246485842112935,0.24873037151811506,-0.06322447011515453,False,True,False,all
2026-09-15,SPGM,86.20999908447266,59,5,False,-0.004089471451246163,0.05315171648069961,0.1790207309381222,-0.029603752384400606,True,True,False,all
2026-09-15,VV,349.2099914550781,59,5,False,-0.001066437558934652,0.06055238163299359,0.2078793855232397,-0.02786595883193843,True,True,False,all
2026-09-15,JCI,138.2899932861328,59,5,False,-0.04379901221221161,0.020012601920146533,0.32347589351499995,-0.11950849716178358,False,False,False,all
2026-09-15,QQQ,704.5399780273438,59,5,False,-0.0076515941526521525,0.06564859053505456,0.2680705705293338,-0.05891944827122908,True,True,False,all
2026-09-15,QQQM,290.0899963378906,59,5,False,-0.007676168751184487,0.0656798685020723,0.26815298945525967,-0.05879106978862658,True,True,False,all
2026-09-15,SMMD,87.5,59,5,False,-0.032878806554502704,0.0447492999058996,0.25107230405525094,-0.0633697097514313,False,False,False,all
2026-09-15,SPY,757.3900146484375,59,5,False,-0.0022008597682589004,0.05912890091434031,0.2035818385889443,-0.02820224104912461,True,True,False,all
2026-09-15,URI,989.1300048828125,59,6,False,-0.07904463976196485,0.05962028905234096,0.40984045813208025,-0.1611713565116949,False,True,False,all
2026-09-15,DFAU,52.279998779296875,59,5,False,-0.004912643750946022,0.05830921255045607,0.1970234617642428,-0.030954623911512047,True,True,False,all
2026-09-15,DFAX,37.43000030517578,59,6,False,0.00223047236601559,0.04619805626897189,0.22104786080025773,-0.03381521209430316,True,True,False,all
2026-09-15,SPDW,50.77000045776367,59,5,False,-0.002561861589763903,0.04732455748307873,0.20909736671431034,-0.03166125954129051,True,True,False,all
2026-09-15,ACWI,158.1999969482422,58,5,False,-0.003390504090820756,0.05305126659989878,0.18368877046692922,-0.028255565216747436,True,True,False,all
2026-09-15,ESGU,165.13999938964844,58,5,False,-0.007419407210113138,0.05779401983050314,0.20698721348786764,-0.03342116774878878,True,True,False,all
2026-09-15,HEFA,46.369998931884766,58,5,False,-0.009340461584206539,0.042861427625306536,0.19111221598731487,-0.03395835558573401,False,True,False,all
2026-09-15,HFXI,37.310001373291016,58,5,False,-0.010643963672369194,0.044347136946451426,0.22247709088091128,-0.03716125488281252,False,False,False,all
2026-09-15,HIFS,306.0799865722656,58,4,False,0.02961276461711182,0.046623571555774124,0.23156153412319092,-0.09443790954951004,False,True,False,all
2026-09-15,HOMB,30.209999084472656,58,3,False,-0.0017975187237252443,0.06333548216470097,0.18470584644990806,-0.047003206391362684,False,True,False,all
2026-09-15,IHG,153.39999389648438,58,6,False,-0.03745883161682961,0.03424813243941993,0.3078693213325454,-0.12786403758716292,False,True,False,all
2026-09-15,IVV,758.8800048828125,58,5,False,-0.004852719340597833,0.056515911154102705,0.20049354145831288,-0.0309160136668738,True,False,False,all
2026-09-15,PBUS,75.97000122070312,58,5,False,-0.0021724324928595884,0.05953538815027226,0.2052991066478742,-0.028765021284664405,True,True,False,all
2026-09-15,PRG,36.33000183105469,58,5,False,-0.1332664859115127,0.025984312626676997,0.40813964749534803,-0.2388434489946678,False,False,False,all
2026-09-15,RACE,406.9200134277344,58,7,False,0.01798869975593287,0.11316542008909503,0.30210233500333183,-0.19340319668446093,False,True,False,all
2026-09-15,SA,29.299999237060547,58,3,False,0.00034139261524512854,-0.03394546686526412,0.5829280861565131,-0.26859714846151816,False,True,False,all
2026-09-15,SCHV,34.11000061035156,58,5,False,-0.011779829184328405,0.05225653726633883,0.20572638764496598,-0.03888422098758415,False,True,False,all
2026-09-15,SCHX,29.850000381469727,58,5,False,-0.0027395279317731225,0.058694609671292586,0.2031439348656956,-0.029899254553368615,True,True,False,all
2026-09-15,SPYM,88.91999816894531,58,5,False,-0.004634315290741986,0.0566888671381387,0.20064813799912473,-0.030739042516785497,True,False,False,all
2026-09-15,TOWN,37.58000183105469,58,6,False,0.010399803951070652,0.06166744409325631,0.17768730839095914,-0.03715083252862739,True,True,False,all
2026-09-15,URTH,205.6300048828125,58,5,False,-0.003938111747774697,0.05244519401793801,0.18015380165308792,-0.029772565282187524,True,False,False,all
2026-09-15,DDS,643.3300170898438,58,4,False,0.07544374404452792,0.06053498919758571,0.2788335789209957,-0.13295502031818107,False,False,False,all
2026-09-15,DFIC,38.52000045776367,58,6,False,0.0004909087789324307,0.04123502817412983,0.19887952621295324,-0.028009098673596244,False,False,False,all
2026-09-15,CGXU,34.310001373291016,58,5,False,-0.0027003163084351467,0.05837655675359166,0.21926091391147184,-0.0540391248893165,False,False,False,all
2026-09-15,IWM,285.1400146484375,58,5,False,-0.03607692663771811,0.03962381115543945,0.2456969080452951,-0.06566609380790545,False,False,False,all
2026-09-15,VTHR,333.9154968261719,58,5,False,-0.004521369619783777,0.05715367937190741,0.19919368715236874,-0.030893025330404833,True,True,False,all
2026-09-15,SCHB,29.190000534057617,58,5,False,-0.004841109899513918,0.05737501956465829,0.20222404071482214,-0.03184076605701314,True,True,False,all
2026-09-15,MAGS,69.5999984741211,58,4,False,0.031248589716180275,0.06326175943202905,0.2635018540599363,-0.02192250010828678,False,True,False,all
2026-09-15,VTI,372.8399963378906,58,5,False,-0.0047520198899884125,0.056922097906475955,0.20115980563527147,-0.031886162585664235,True,True,False,all
2026-09-15,VELO,9.819999694824219,58,3,False,-0.1883895273806374,-0.29844366516443677,2.4216028175594375,-0.6907086710291584,False,True,False,all
2026-09-15,PFE,27.549999237060547,58,5,False,0.04304695886860754,0.04983373121800727,0.1683629909329758,-0.056829849347531325,False,True,False,all
2026-09-15,VONE,342.5018005371094,58,5,False,-0.0032850238676539467,0.05756436793479813,0.19940399028344924,-0.030399133716827564,True,True,False,all
2026-09-15,SPTM,91.72000122070312,58,5,False,-0.004344307958361715,0.05676909358176774,0.19832767342045177,-0.030648926671941634,True,True,False,all
2026-09-15,DFAS,79.7699966430664,58,5,False,-0.02540285475103221,0.04192989923168411,0.22666458773580955,-0.05619971827565928,False,True,False,all
2026-09-15,CWI,40.59000015258789,58,5,False,-0.004659139174476357,0.04485219653348893,0.1871892887670159,-0.03288065351388414,False,True,False,all
2026-09-15,VEU,83.77999877929688,58,5,False,-0.003364165939478081,0.046752123721565786,0.1953203475059313,-0.03166895480906273,False,True,False,all
2026-09-15,LXU,11.420000076293945,58,4,False,0.050211524771250016,-0.012174806440760633,0.4811932580792355,-0.3368176230159614,False,False,False,all
2026-09-15,SCHG,35.0099983215332,58,6,False,0.002410772272153139,0.06322881286213788,0.2521459037162739,-0.030462538638202696,True,False,False,all
2026-09-15,FIBK,37.459999084472656,58,5,False,-0.01439210698695148,0.03640988957753288,0.28728517503135165,-0.07733988935122516,False,True,False,all
2026-09-15,IWL,187.72999572753906,58,5,False,-0.001074877001811969,0.058305134151908744,0.20819918797869064,-0.026801442885061366,True,False,False,all
2026-09-15,IWV,429.1000061035156,58,5,False,-0.006810889943885234,0.05512378015643993,0.19676480466451252,-0.03336261277379693,True,True,False,all
2026-09-15,SILJ,29.18000030517578,58,3,False,0.034663729567266266,-0.028031519505839708,0.48953548126037294,-0.2900242971164786,False,True,False,all
2026-09-15,CTNM,13.819999694824219,58,5,False,-0.09693272104276851,0.015133328254486322,0.6069766374199164,-0.22294069084093004,False,True,False,all
2026-09-15,ACWX,75.93000030517578,57,5,False,-0.005378520980635071,0.04277177583017178,0.18882106740212423,-0.03617667578423556,False,False,False,all
2026-09-15,AMPH,23.639999389648438,57,4,False,0.12934968822370818,0.05357685300757731,0.4198198156916946,-0.19918702496391094,False,False,False,all
2026-09-15,AMZN,248.4199981689453,57,5,False,-0.027921151437822478,0.03496365862312145,0.2674489702497209,-0.13502789829316209,True,True,False,all
2026-09-15,BH,346.6199951171875,57,2,False,-0.09800710739374374,-0.01679898830254356,0.4754810055290053,-0.2832506394902883,False,False,False,all
2026-09-15,DIVI,43.560001373291016,57,5,False,-0.004543054182654438,0.04098834975109367,0.1904892372680178,-0.02962793571933342,False,True,False,all
2026-09-15,DVY,160.66000366210938,57,5,False,-0.011404580833170197,0.044099341329928654,0.1713327454984015,-0.03830955339407138,False,True,False,all
2026-09-15,GS,976.6699829101562,57,6,False,-0.06301076432847841,0.022731239550864313,0.31980644859045326,-0.15365818492776107,False,True,False,all
2026-09-15,HTB,47.81999969482422,57,5,False,-0.017896387233153677,0.048092351070920136,0.24856398557187842,-0.08914286295572915,False,False,False,all
2026-09-15,HTGC,17.639999389648438,57,3,False,0.05189086779308738,0.07080741067227403,0.28759121425087386,-0.09769820572633892,False,True,False,all
2026-09-15,IDMO,61.58000183105469,57,6,False,0.0015581527120942518,0.047559538466267925,0.18105106543749616,-0.03600499684726144,True,False,False,all
2026-09-15,IMCG,93.52999877929688,57,5,False,-0.0340963158093015,0.05882338339574322,0.23602485849776644,-0.07203097599250063,False,False,False,all
2026-09-15,ITOT,165.13999938964844,57,5,False,-0.007321560647720937,0.05512001838791658,0.1990125935699043,-0.03443839929654158,True,True,False,all
2026-09-15,IVE,233.25,57,5,False,-0.004235786771791483,0.0469601470694625,0.15213634732546844,-0.027841424080764954,False,True,False,all
2026-09-15,IWB,413.19000244140625,57,5,False,-0.005449929678352783,0.05556232449449405,0.19692364841408216,-0.032160616870804626,True,True,False,all
2026-09-15,IYG,95.41000366210938,57,3,False,-0.0076508577996637905,0.055719943187544585,0.19456617479823946,-0.03294141373773507,False,False,False,all
2026-09-15,JMEE,74.61000061035156,57,5,False,-0.031235218194150316,0.039949050112550566,0.22835032184073656,-0.06655823438649144,False,False,False,all
2026-09-15,KSTR,22.450000762939453,57,4,False,-0.09893635032369441,0.002262824570642641,0.3029600324658863,-0.31007989762450106,False,True,False,all
2026-09-15,LPLA,341.739990234375,57,3,False,-0.017249780953709548,0.0329754477863049,0.3136267470771339,-0.14599163557851114,False,True,False,all
2026-09-15,OPRA,18.440000534057617,57,6,False,-0.03881235437845176,0.11925806583457277,0.574722499913469,-0.12440641017687348,False,True,False,all
2026-09-15,PCAR,122.45999908447266,57,6,False,-0.04298667402392198,0.016268083558462765,0.3274796648723324,-0.12051138858591337,False,True,False,all
2026-09-15,SLG,51.810001373291016,57,6,False,-0.04068699657778274,0.12068511203990329,0.4900776730281158,-0.2184341430419957,False,True,False,all
2026-09-15,SPYV,62.720001220703125,57,5,False,-0.000270951312850376,0.05077549455950625,0.15612905475950467,-0.02396515506274899,False,True,False,all
2026-09-15,SWBI,13.100000381469727,57,3,False,-0.07672354031867168,-0.018178654074904932,0.6093365883228326,-0.2539862881615016,False,False,False,all
2026-09-15,VBR,240.85000610351562,57,5,False,-0.01998838878091902,0.0425116475419145,0.21176299436470392,-0.04367679068262076,False,False,False,all
2026-09-15,VSGX,81.37999725341797,57,5,False,-0.0053290615984947776,0.04740811717299365,0.19888038518328366,-0.04438710951316294,False,False,False,all
2026-09-15,VXUS,85.69000244140625,57,5,False,-0.003377486540587893,0.04516254096940364,0.1888179836933339,-0.03306251652411274,True,False,False,all
2026-09-15,WMB,71.62999725341797,57,3,False,-0.02219350431894318,0.014992462783772753,0.27478197195345433,-0.10551953527003843,False,False,False,all
2026-09-15,XT,81.12449645996094,57,5,False,-0.004779950226483698,0.06456449851406698,0.23910943863412526,-0.03686936689071163,True,True,False,all
2026-09-15,XLF,56.849998474121094,57,3,False,-0.0053677170330438395,0.05966952593166308,0.19257395967671975,-0.02986348200628086,False,False,False,all
2026-09-15,RJF,168.75,57,3,False,-0.03198715943291219,0.0487307077596566,0.21560287492190344,-0.0765062992087191,False,False,False,all
2026-09-15,FNCL,80.77999877929688,57,3,False,-0.007728869109701941,0.05708561759520481,0.1921487047312942,-0.030833830136447582,False,False,False,all
2026-09-15,MSA,178.7899932861328,57,5,False,-0.02169468281247433,0.01985487505656036,0.18317776827462384,-0.14421790707870652,False,True,False,all
2026-09-15,VOOV,226.07000732421875,57,5,False,-0.0004482981142709397,0.05030620305020195,0.15613181490403094,-0.024130174607283505,False,False,False,all
2026-09-15,BUFQ,39.52000045776367,57,6,False,0.007181790644810837,0.05472212993455239,0.15640091704542947,-0.039611203102632664,True,False,False,all
2026-09-15,STRO,16.559999465942383,57,3,False,-0.27795947510796937,-0.26474181831873167,1.3160838104983803,-0.6223489157994936,False,False,False,all
2026-09-15,DFAI,42.31999969482422,57,5,False,-0.003325394866608433,0.03902543708103878,0.1862649081954455,-0.029135133134159275,False,True,False,all
2026-09-15,VT,158.02999877929688,57,5,False,-0.0035436890521096664,0.052757446148843146,0.18241680505945612,-0.028762877152358035,True,True,False,all
2026-09-15,OUST,32.790000915527344,57,5,False,-0.1613252849173662,0.07798637484331405,0.9993903462337947,-0.4859695807349359,False,True,False,all
2026-09-15,MTUM,299.510009765625,57,6,False,-0.023980891715374653,0.0665230321098651,0.3055095987973344,-0.13333715402807045,True,True,False,all
2026-09-15,AFG,143.7899932861328,56,6,False,0.005194057830447241,0.06560321495507426,0.16816961218699888,-0.04152786834356703,False,True,False,all
2026-09-15,EFAV,94.05000305175781,56,6,False,0.01435960951510995,0.03890684440291858,0.12810363384105372,-0.01353045244055806,True,True,False,all
2026-09-15,EWU,47.79999923706055,56,5,False,-0.001820958895367042,0.029640933032831995,0.1692758803360852,-0.03219275505642416,False,True,False,all
2026-09-15,FDVV,62.54999923706055,56,5,False,-0.006117433655552951,0.05204908768185845,0.16328805476194042,-0.030758569960604,False,True,False,all
2026-09-15,FLQL,77.658203125,56,5,False,-0.006488048019640202,0.05179488054919079,0.18925267221575592,-0.047722866721265245,True,True,False,all
2026-09-15,GSIE,47.040000915527344,56,5,False,-0.0036410155242669884,0.04029796347810377,0.1745318804400513,-0.02990308749738324,False,True,False,all
2026-09-15,GSLC,144.57000732421875,56,5,False,-0.0023441617405767223,0.054413729512564846,0.19360967673275975,-0.029308022331404948,True,True,False,all
2026-09-15,ICOW,43.959999084472656,56,5,False,-0.0016011860453059024,0.029645623426247214,0.22896277668152476,-0.046007002220935234,False,True,False,all
2026-09-15,IUSV,112.80000305175781,56,5,False,-0.005911624970993734,0.04536448887111799,0.1516080302826608,-0.02917634321729179,False,True,False,all
2026-09-15,IXUS,95.55999755859375,56,5,False,-0.004674591105270576,0.040265071304531164,0.179461880004554,-0.0330871619131492,False,True,False,all
2026-09-15,KDP,31.489999771118164,56,6,False,0.011226564953721763,0.07588416102699291,0.26567527465092944,-0.06889414384183556,False,True,False,all
2026-09-15,KRP,14.949999809265137,56,7,False,4.012737777792097e-05,0.053091287038816715,0.32183901455344044,-0.0537974918486499,False,False,False,all
2026-09-15,MCB,90.5,56,6,False,-0.030087646352581543,0.022438285097021504,0.3996287484442691,-0.11311897288818373,True,True,False,all
2026-09-15,MGK,89.05000305175781,56,7,False,0.005004174199235489,0.06242378518714009,0.39708190628807993,-0.036046701674230075,True,True,False,all
2026-09-15,MNTN,11.760000228881836,56,3,False,0.04992502407481014,0.13760032225299534,0.5332464291922316,-0.4362416162612164,True,True,False,all
2026-09-15,MOAT,109.12000274658203,56,3,False,-0.007456780057011114,0.043524025158674595,0.15998727650241373,-0.055892014034706006,False,True,False,all
2026-09-15,NUGT,171.61000061035156,56,3,False,0.1282026352561807,-0.07304828610797887,0.73676758273967,-0.4650394462447226,False,True,False,all
2026-09-15,QCOM,187.8000030517578,56,4,False,0.11317783677421045,0.11584797098611288,0.5394705003723388,-0.2774700163518886,False,False,False,all
2026-09-15,QUAL,218.67999267578125,56,5,False,-0.011661418632318954,0.04816157237157759,0.1763946064543307,-0.03800815753148623,False,False,False,all
2026-09-15,TOST,31.84000015258789,56,3,False,-0.03092281298780264,0.05817644777238251,0.4303683659120643,-0.24460263345331001,False,True,False,all
2026-09-15,TRNS,81.0,56,5,False,-0.08320014914411633,0.05150423808930471,0.6125821369337352,-0.18999999999999995,False,True,False,all
2026-09-15,CGNG,35.97999954223633,56,5,False,-0.009193202491729058,0.04091145388151096,0.19415866393674608,-0.05934641719643585,False,True,False,all
2026-09-15,CGDV,48.70000076293945,56,5,False,-0.022178657262712176,0.04566015336723739,0.1810355290916108,-0.05684124438849403,False,True,False,all
2026-09-15,CTAS,198.9499969482422,56,3,False,-0.00715527846197106,0.06200603223513901,0.2344874188844268,-0.09225715832290471,True,True,False,all
2026-09-15,DEC,15.010000228881836,56,5,False,0.06300106364903058,0.036860008722209514,0.21735606826915932,-0.2058200776805591,False,True,False,all
2026-09-15,TSHA,5.059999942779541,56,4,False,-0.14138329709016528,-0.07442552859429596,0.8664699398228333,-0.30684934101759664,False,True,False,all
2026-09-15,EFSC,63.119998931884766,56,5,False,-0.03202062666857841,0.055251033186223264,0.23329422734492455,-0.08162380548585968,False,False,False,all
2026-09-15,SBSW,11.84000015258789,56,3,False,0.14039143822170974,-0.06965779082360868,0.5044473093720738,-0.4438703784201026,False,False,False,all
2026-09-15,QQEW,155.6999969482422,56,5,False,-0.023508566495487937,0.06855238552648091,0.2722667138635977,-0.06916964804623738,False,False,False,all
2026-09-15,XMHQ,114.77999877929688,56,5,False,-0.011541498482674273,0.05052841136855046,0.17735153651031998,-0.043420278166750426,False,True,False,all
2026-09-15,SCHA,33.150001525878906,56,5,False,-0.03578779061652193,0.03684478786190715,0.25283456813617566,-0.08425412079502081,False,False,False,all
2026-09-15,IQLT,50.08000183105469,56,5,False,-0.011573711843239742,0.03439020697125983,0.15993057825156898,-0.04354466678226354,False,False,False,all
2026-09-15,TOPT,33.7599983215332,56,6,False,0.010088885319164964,0.0598504241441733,0.2258532025864588,-0.02073967176893743,True,False,False,all
2026-09-15,TMSL,41.36000061035156,56,5,False,-0.04006163168040089,0.03444806256867272,0.23536443177588184,-0.07616707198002215,False,True,False,all
2026-09-15,VOYG,34.5099983215332,56,6,False,0.041163787241345284,0.10253648551769157,0.9821940622626084,-0.3414122649502277,True,True,False,all
2026-09-15,ZM,93.06999969482422,56,6,False,-0.03937261673259651,0.024200546065024753,0.3164074075273098,-0.18886176200451077,False,True,False,all
2026-09-15,QQQE,116.76000213623047,56,5,False,-0.026620367210827944,0.05723331854638114,0.22082813552242597,-0.06591998291015622,False,True,False,all
2026-09-15,TFC,50.459999084472656,56,3,False,-0.019939184212452,0.012665322159197245,0.23737127501068267,-0.10213525979615268,False,True,False,all
2026-09-15,VFH,138.66000366210938,56,3,False,-0.008280748396384374,0.05554156428950585,0.18848037917444027,-0.03170386440562378,False,True,False,all
2026-09-15,ARKK,83.48999786376953,55,5,False,0.041851226194765,0.08136039495874536,0.3263960325451343,-0.09886674054237132,False,True,False,all
2026-09-15,ASAN,9.5,55,3,False,0.09989348608828919,0.0898307303744299,0.7657992189442968,-0.3863048914129634,False,False,False,all
2026-09-15,BAI,42.52000045776367,55,6,False,-0.03888752085669467,0.0517203102143442,0.3796236495389811,-0.2192434599234735,True,True,False,all
2026-09-15,BBAX,63.400001525878906,55,5,False,-0.005040689834559742,0.038140213744806806,0.1775631750779536,-0.03647418563174054,False,True,False,all
2026-09-15,BH.A,1768.6099853515625,55,2,False,-0.08346343954196522,-0.027806291067814626,0.4286025729818761,-0.29621568430100975,False,True,False,all
2026-09-15,DIA,521.22998046875,55,5,False,-0.014594243282017638,0.041534556466955586,0.1571573964205193,-0.04667584733653407,False,False,False,all
2026-09-15,ESGD,104.41000366210938,55,5,False,-0.007655495958544312,0.034556049868851524,0.15395667316924677,-0.03324070683232061,False,True,False,all
2026-09-15,FBCG,60.525001525878906,55,5,False,-0.012898750785395263,0.05329565308868989,0.271533686262297,-0.0590018374836947,True,False,False,all
2026-09-15,FENI,40.54999923706055,55,5,False,-0.008300458973496072,0.03474297429106321,0.180151295598177,-0.036473800185454985,False,True,False,all
2026-09-15,GSEW,94.9000015258789,55,5,False,-0.015016157502631411,0.04701392327857179,0.17276326833011102,-0.04545406059850754,False,True,False,all
2026-09-15,HMN,49.5099983215332,55,5,False,-0.04007975649993545,0.058870921356271255,0.19907961307200361,-0.10889134093265496,False,False,False,all
2026-09-15,IDEV,90.83999633789062,55,5,False,-0.005905070392268619,0.034931163684836175,0.16312417557845427,-0.03217562596231083,False,False,False,all
2026-09-15,INMD,14.869999885559082,55,3,False,-0.013781860750464836,0.03287020031034138,0.1690251236946303,-0.11170847736721168,False,False,False,all
2026-09-15,ITT,197.99000549316406,55,4,False,-0.01882656561105467,0.014120578510072423,0.18585288411299294,-0.14036992359740652,False,True,False,all
2026-09-15,IYF,133.9199981689453,55,3,False,-0.012267020570383425,0.04959022526320189,0.17866568325685028,-0.037170165396984145,False,True,False,all
2026-09-15,JANX,16.440000534057617,55,2,False,-0.027633167902344602,0.08054642266272105,0.35643570043641626,-0.5348047407166255,False,False,False,all
2026-09-15,JBL,296.04998779296875,55,4,False,-0.07615507181062942,-8.295933930368982e-05,0.5614450330309313,-0.3097941555773964,False,True,False,all
2026-09-15,LAMR,147.82000732421875,55,5,False,-0.04947215624035406,0.044324865554869364,0.29156846890146726,-0.11128476103569684,False,True,False,all
2026-09-15,MFSI,32.93000030517578,55,5,False,-0.008308749565207552,0.03945937899284835,0.1505939671404226,-0.03061527459979929,False,True,False,all
2026-09-15,OGC,28.8799991607666,55,3,False,0.06176467353909909,-0.05140731574355184,0.49405066087706273,-0.3334872388565593,False,False,False,all
2026-09-15,SLYG,109.16999816894531,55,5,False,-0.05335614950321321,0.030862109483700717,0.23119432077737057,-0.08903536794895339,False,False,False,all
2026-09-15,ST,41.63999938964844,55,5,False,-0.061553452792103336,0.024955584366140426,0.4786931681562183,-0.22731490329823723,False,True,False,all
2026-09-15,UGI,37.810001373291016,55,4,False,0.026737017490399584,0.029047983652613185,0.19576218753217756,-0.08538942347042777,True,True,False,all
2026-09-15,ULTA,544.3200073242188,55,3,False,0.05558706202751762,-0.023408171685005974,0.2270513972833439,-0.23868130183297553,False,True,False,all
2026-09-15,USFD,92.01000213623047,55,5,False,-0.1038207898485789,0.01040995802015554,0.316779994793996,-0.17420567538767695,False,False,False,all
2026-09-15,VYM,161.44000244140625,55,5,False,-0.01094186782206552,0.042342263159383275,0.17479264002703987,-0.036811635024624256,False,False,False,all
2026-09-15,CSW,289.5199890136719,55,2,False,-0.06574810773288997,-0.00986462674108568,0.25632455130253917,-0.18555883791403627,False,True,False,all
2026-09-15,POWL,171.3699951171875,55,3,False,-0.17027457602109053,-0.15470402018454,0.856730009458972,-0.47753050269150155,False,True,False,all
2026-09-15,HAS,90.20999908447266,55,3,False,-9.976672871869763e-05,0.0027907092195873506,0.29798559833773597,-0.1567583075923884,False,True,False,all
2026-09-15,SIGI,89.33999633789062,55,5,False,-0.04869201850711302,0.03286098522070957,0.22753500736942067,-0.11015941254878847,False,True,False,all
2026-09-15,MDT,93.75,55,3,False,0.06398191334651804,0.0481758394470988,0.2788160294926947,-0.1183109340206987,True,False,False,all
2026-09-15,UNH,375.92999267578125,55,6,False,-0.0774470505202115,0.06316020612940698,0.4686486341485223,-0.18562887948485174,False,False,False,all
2026-09-15,STRA,83.12000274658203,55,4,False,0.01635066002862029,0.030974541687682544,0.192539546426455,-0.07366544481290038,True,True,False,all
2026-09-15,IEFA,98.30000305175781,55,5,False,-0.006394217785010814,0.03319252238810244,0.1560626186400924,-0.030954251913214992,False,False,False,all
2026-09-15,BUFR,37.220001220703125,55,6,False,0.004341737317480776,0.04891210954995895,0.12685445341380186,-0.011657217966505762,True,False,False,all
2026-09-15,CGIC,36.279998779296875,55,5,False,-0.003367380251066421,0.03629100365493265,0.19842757307927394,-0.03199128336740498,True,True,False,all
2026-09-15,VFMO,224.42999267578125,55,5,False,-0.0259119158970883,0.03577920870329798,0.28529940040746493,-0.10299762025093817,True,True,False,all
2026-09-15,EWN,66.30000305175781,55,5,False,-0.0281498940388214,0.040172187775870505,0.20567377756090943,-0.07724419680206784,False,True,False,all
2026-09-15,RSP,213.9600067138672,55,5,False,-0.015366794799069328,0.04625740912550835,0.17489432758645096,-0.04242747772984401,False,True,False,all
2026-09-15,AJG,248.0399932861328,54,4,False,-0.026572659273269794,0.06084229831018573,0.30034072496006714,-0.20892998583081102,False,False,False,all
2026-09-15,AMDY,44.66999816894531,54,4,False,-0.04592466381193061,0.051432345398599644,0.5219760677464231,-0.2523849678837604,True,True,False,all
2026-09-15,AMR,188.6199951171875,54,3,False,0.07975977024839209,-0.0046903077515298985,0.4114037412349594,-0.2568749914333883,False,True,False,all
2026-09-15,ARLP,26.139999389648438,54,5,False,0.022411675356679872,0.0303853038466948,0.15052817692136622,-0.1123939316652377,False,True,False,all
2026-09-15,AXTA,33.290000915527344,54,4,False,-0.04986696856747019,0.04069791219230501,0.3349641315662868,-0.13778812770590576,False,False,False,all
2026-09-15,BLX,54.119998931884766,54,5,False,-0.04486928052080619,0.03131679367137363,0.40900804860407014,-0.1436709133139633,False,True,False,all
2026-09-15,EFA,105.4000015258789,54,5,False,-0.0073198218006956806,0.03334196015610047,0.15557507492423506,-0.03205067392167982,False,False,False,all
2026-09-15,FSMD,50.20000076293945,54,5,False,-0.023853355710845348,0.039268094869514325,0.19929281650740038,-0.061331316517803325,False,False,False,all
2026-09-15,HESM,39.849998474121094,54,5,False,-0.002338347898751425,0.052218794123664924,0.25987984607822767,-0.03836873082237746,False,False,False,all
2026-09-15,IHS,8.460000038146973,54,7,False,0.01895792579251343,0.04713986570816875,0.48161120518878997,-0.05474857894532148,False,False,False,all
2026-09-15,IJT,163.24000549316406,54,5,False,-0.05538089482781661,0.02907531675178654,0.22755309623880815,-0.09149592527133432,False,False,False,all
2026-09-15,INDV,34.220001220703125,54,5,False,-0.10080351700889856,-0.040752564238604516,0.5400541079286392,-0.20065404991897895,False,True,False,all
2026-09-15,INGM,26.31999969482422,54,5,False,-0.0729587221536716,0.03344156167391121,0.3830792824560716,-0.16945411008946487,False,False,False,all
2026-09-15,JIRE,82.97000122070312,54,5,False,-0.01052795812684082,0.03817876260388253,0.15476691694833122,-0.03601717770550328,False,False,False,all
2026-09-15,MCHB,15.510000228881836,54,5,False,-0.04229699675528509,0.019338526663543076,0.2098284397887813,-0.107594880447755,False,True,False,all
2026-09-15,MPLX,58.41999816894531,54,5,False,-0.002257841974667052,0.03203510174086732,0.22217571341822984,-0.04150947600204957,True,True,False,all
2026-09-15,MSEX,55.959999084472656,54,5,False,-0.023262968567216102,0.04119665412866946,0.2669232828679753,-0.10003218382399048,False,True,False,all
2026-09-15,NVDL,31.8700008392334,54,5,False,-0.035557544269781194,0.03896586362861476,0.4798019132409965,-0.2635187187413086,False,True,False,all
2026-09-15,SCHM,34.68000030517578,54,5,False,-0.024187101409026468,0.03695575979216659,0.22761063027170914,-0.06067166779151334,False,False,False,all
2026-09-15,SCHY,32.849998474121094,54,5,False,-0.0033011319107362214,0.028185863780613607,0.19650331689699696,-0.034958942696838524,False,True,False,all
2026-09-15,SKY,84.63999938964844,54,4,False,-0.019019255350011033,0.018033890805869257,0.32893705785312854,-0.1465160738890372,False,True,False,all
2026-09-15,CSWC,23.8700008392334,54,5,False,-0.020774153692952213,0.027650153921686016,0.2323180074874016,-0.07300967614627574,False,False,False,all
2026-09-15,DGRW,98.05999755859375,54,6,False,0.00017337432073949444,0.04610553518455207,0.14864700016095278,-0.025151594307632585,True,True,False,all
2026-09-15,DXYZ,30.260000228881836,54,4,False,0.04884439702210175,-0.041921472621153866,0.5351833772794732,-0.5847399603631662,True,True,False,all
2026-09-15,CWT,47.81999969482422,54,5,False,-0.04537179290951798,0.03522289991316385,0.15814963997351783,-0.11148272081051336,False,False,False,all
2026-09-15,FNDA,35.97999954223633,54,5,False,-0.03879549005485139,0.027458366983840188,0.22756738989519087,-0.06763411764787286,False,False,False,all
2026-09-15,FTLS,76.30999755859375,54,6,False,0.008735296638302303,0.04589202905613865,0.12319686217859749,-0.015608863994718503,False,False,False,all
2026-09-15,IWR,108.55999755859375,54,5,False,-0.023862168985047005,0.04198858524374871,0.18463551158487435,-0.05575370613247499,False,True,False,all
2026-09-15,HASI,36.43000030517578,54,5,False,-0.06795271511081802,-0.029966392854887558,0.33541053475887606,-0.17448449074484274,False,False,False,all
2026-09-15,CMCO,16.260000228881836,54,2,False,-0.054453246110624964,-0.0372232153630524,0.3561301534007837,-0.3336065375782472,True,True,False,all
2026-09-15,ZBH,98.41000366210938,54,6,False,0.02846384690679238,0.07597424887385595,0.24380687873978446,-0.07924769656595143,False,True,False,all
2026-09-15,VUG,87.05999755859375,54,5,False,-0.000491399549639171,0.05304693840446517,0.25026328533644215,-0.03907285844533992,True,True,False,all
2026-09-15,M,22.079999923706055,54,4,False,-0.057634525107398415,0.02160736457093093,0.34552103162804815,-0.16961264396393383,False,False,False,all
2026-09-15,BKD,11.850000381469727,54,3,False,-0.1167789329447737,-0.11339223538442189,0.6255144641259509,-0.3066120377023335,True,True,False,all
2026-09-15,NPO,283.6499938964844,54,4,False,-0.10823930303040386,3.981591700497056e-05,0.4042078905766553,-0.27347476015343364,False,True,False,all
2026-09-15,COWG,39.119598388671875,54,6,False,0.005132251676186028,0.06321290685773473,0.19837021142682,-0.03598825471873701,False,True,False,all
2026-09-15,SECT,70.48999786376953,54,5,False,-0.0129524887715321,0.04864503508769347,0.20722724097623857,-0.04328238648377691,True,False,False,all
2026-09-15,RIOT,19.700000762939453,54,4,False,-0.04208034899826063,0.04297649305973694,0.7130435446034307,-0.35026382054013194,False,True,False,all
2026-09-15,SMLF,84.88999938964844,54,5,False,-0.03251299379326422,0.036587098867831624,0.2127142769949777,-0.06441837418179608,False,False,False,all
2026-09-15,ABCB,84.83000183105469,53,5,False,-0.032191070044257364,0.02138800371745453,0.2329941579688246,-0.09000213773635002,False,True,False,all
2026-09-15,AGIO,32.810001373291016,53,4,False,-0.06716095977124414,0.0705621946908297,0.4752698611040238,-0.2867391005806301,True,True,False,all
2026-09-15,BELFA,190.9199981689453,53,3,False,-0.1333305564002737,-0.09223695034339507,0.7251287731792757,-0.34952815298735584,False,True,False,all
2026-09-15,BHVN,12.34000015258789,53,5,False,-0.15419201952528017,0.04326948739427805,0.6497326365136014,-0.33534416876388373,False,False,False,all
2026-09-15,DUHP,41.45000076293945,53,5,False,-0.011711613244348218,0.042947043132266716,0.1613898110917804,-0.03379955038147864,False,False,False,all
2026-09-15,EL,96.25,53,5,False,0.06390034406563161,0.0401953086149216,0.453488345299339,-0.20873067672679657,False,True,False,all
2026-09-15,FRME,41.72999954223633,53,5,False,-0.02141490685822811,0.03352580748384071,0.2039815270037313,-0.07941765151997127,False,True,False,all
2026-09-15,FWD,125.23999786376953,53,5,False,-0.03626993495876174,0.021196872694629665,0.31100177393607753,-0.1626607274278694,True,True,False,all
2026-09-15,GOOD,12.789999961853027,53,5,False,-0.004901580298372288,0.053832809488623345,0.2381413413664777,-0.03689757386828907,True,True,False,all
2026-09-15,IDVO,42.369998931884766,53,5,False,-0.0075679938819736,0.017617340113478264,0.17368423054805482,-0.03315617068582466,False,False,False,all
2026-09-15,INN,5.739999771118164,53,6,False,-0.09191586600934598,0.06984759058798207,0.44221099085682725,-0.19944216038487472,False,True,False,all
2026-09-15,KYIV,13.25,53,4,False,-0.039319037358184095,0.017964187001745957,0.42626480671772704,-0.19939573348564466,False,False,False,all
2026-09-15,MO,69.80999755859375,53,6,False,0.005980224974337478,0.04647053895637998,0.2762339412231174,-0.09408253607181016,True,True,False,all
2026-09-15,NOVT,138.22999572753906,53,5,False,-0.07313785633518854,-0.00402091067269561,0.4066347862981443,-0.21629441035915853,False,True,False,all
2026-09-15,PH,925.0,53,4,False,-0.06368501168686713,-0.015290305056688824,0.2930371784023067,-0.15904499402266725,False,True,False,all
2026-09-15,SCZ,85.08000183105469,53,5,False,-1.6429650559812714e-05,0.030454005929744232,0.1581813625292865,-0.03153098111757391,True,False,False,all
2026-09-15,SQM,69.29000091552734,53,3,False,-0.05254031034052342,-0.09397062423105218,0.7074913205770665,-0.29295917433135366,False,False,False,all
2026-09-15,VB,290.8900146484375,53,5,False,-0.02880947648953669,0.031352431877858855,0.20616169862331768,-0.06015958944684019,False,False,False,all
2026-09-15,VMI,473.6600036621094,53,5,False,-0.04341450463349583,0.006146688318802607,0.3102628040445625,-0.1913063019361788,True,True,False,all
2026-09-15,VXF,235.14999389648438,53,5,False,-0.02634642894276895,0.041298775585619785,0.20035733140829048,-0.06221338426127865,False,True,False,all
2026-09-15,DFIN,47.86000061035156,53,4,False,-0.006843756800078427,0.02262336439598478,0.32539462202699765,-0.14930675367557888,False,True,False,all
2026-09-15,CNEQ,38.650001525878906,53,6,False,-0.02023011745306358,0.05626594800593421,0.3115033059523842,-0.08303677042220503,True,False,False,all
2026-09-15,BUFD,30.209999084472656,53,6,False,0.004148189747159581,0.03977041416236449,0.10336011725527094,-0.014033952798349403,True,True,False,all
2026-09-15,SBRA,20.270000457763672,53,5,False,-0.021056682926385295,0.01789222547249736,0.18054748792632758,-0.10979358584718868,True,True,False,all
2026-09-15,CGUS,43.97999954223633,53,5,False,-0.02072771525819128,0.04048067657148402,0.18241698892542968,-0.06017612201422462,True,False,False,all
2026-09-15,CGGE,34.349998474121094,53,5,False,-0.019644264094575536,0.03376976979189861,0.1687648583694641,-0.04784348955764173,False,True,False,all
2026-09-15,SMDV,74.68000030517578,53,5,False,-0.03204064269603435,0.029340481631110693,0.16941482647939066,-0.06133732281507409,False,False,False,all
2026-09-15,SYNA,97.31999969482422,53,4,False,-0.08718628249929194,0.001064113856322324,0.6698696247982032,-0.34732748107796574,False,True,False,all
2026-09-15,PUMP,10.40999984741211,53,3,False,-0.11336343914989278,-0.18521969315007758,1.2459545487279198,-0.43729730554529134,False,True,False,all
2026-09-15,NVST,24.729999542236328,53,5,False,-0.08639531870635575,-0.029509140245990717,0.31752791364517385,-0.18704801182731712,False,True,False,all
2026-09-15,CMP,23.93000030517578,53,4,False,-0.12097034120671324,-0.06202105292039606,0.4591463940119487,-0.3063768027485281,True,True,False,all
2026-09-15,QSR,75.48999786376953,53,5,False,-0.008273827491130481,0.025324772415036945,0.20111375809902432,-0.07894096257901095,False,False,False,all
2026-09-15,GLBE,36.47999954223633,53,4,False,-0.061713927701328886,0.025151753743202443,0.35891229187287577,-0.17072066037011846,False,True,False,all
2026-09-15,FNB,18.260000228881836,53,5,False,-0.02813406746517677,0.023244360022473876,0.26279392674343494,-0.06789177709783523,False,True,False,all
2026-09-15,SPGP,122.41000366210938,53,5,False,-0.022918018717453692,0.03776251342549686,0.1786058438546645,-0.0557697914345745,False,True,False,all
2026-09-15,COLB,30.149999618530273,53,5,False,-0.03733788944884908,0.013080996480608897,0.26521190579346543,-0.10480999568468041,False,False,False,all
2026-09-15,OMF,61.529998779296875,53,4,False,-0.01446668267661666,0.024511325743594048,0.3440367064212906,-0.14458503380724397,False,True,False,all
2026-09-15,PKX,61.099998474121094,53,4,False,0.08648488458800152,0.00205328169149932,0.3580794886559182,-0.338744616178296,False,True,False,all
2026-09-15,PKG,231.2100067138672,53,5,False,-0.04264117231599751,0.031015439437458214,0.20736295934134308,-0.11066237040036864,False,False,False,all
2026-09-15,AIRJ,4.059999942779541,52,5,False,-0.14438053820111452,0.04135271712291577,0.8288287794848332,-0.3985185269956235,True,True,False,all
2026-09-15,AM,21.329999923706055,52,4,False,-0.041873671579637506,0.011442144551401912,0.25766515773189247,-0.10509751445295779,False,True,False,all
2026-09-15,AOA,97.36000061035156,52,5,False,-0.006285221038998867,0.03473856927059327,0.1334109299290307,-0.02669197442295601,True,False,False,all
2026-09-15,AX,92.68000030517578,52,5,False,-0.05344733961321613,0.007575298038194678,0.23754841848732,-0.1235104768530414,False,True,False,all
2026-09-15,BKR,56.720001220703125,52,3,False,-0.06381628412371687,-0.03594223533125018,0.29143906159833044,-0.19443263356586682,False,True,False,all
2026-09-15,EGP,198.5800018310547,52,4,False,-0.035355396285394525,0.016375488274018357,0.2089371025931117,-0.12407923801226661,True,True,False,all
2026-09-15,EMLP,43.2599983215332,52,4,False,-0.01862484547170351,0.018709266315848794,0.16352872421873088,-0.043555189932370286,False,False,False,all
2026-09-15,EMR,147.0,52,5,False,-0.022628483525092724,0.025310874611387035,0.19863014295161263,-0.11632104234173923,True,True,False,all
2026-09-15,ENS,170.66000366210938,52,3,False,-0.10322335329971633,-0.08920393134256621,0.6072707023131407,-0.3014326584926278,False,False,False,all
2026-09-15,EPP,55.93000030517578,52,5,False,-0.011585983386462773,0.027282781731081895,0.14306151555980162,-0.04491121937225173,False,True,False,all
2026-09-15,FEZ,68.62000274658203,52,5,False,-0.018146084396394313,0.025997611094479733,0.1519221604519183,-0.051685984414357566,False,True,False,all
2026-09-15,FRPT,62.689998626708984,52,2,False,-0.036193868301524934,-0.016445803134664594,0.3496231990748806,-0.2710465275964071,False,True,False,all
2026-09-15,JHMM,72.94999694824219,52,5,False,-0.024917768085708225,0.02614051665471462,0.17756248668011798,-0.0581020035805454,False,False,False,all
2026-09-15,KEY,21.700000762939453,52,5,False,-0.03751471632854364,0.0073158397407897535,0.31754715650438925,-0.09846277365738343,False,False,False,all
2026-09-15,MAX,11.449999809265137,52,4,False,-0.11834913225881039,0.04699592714603895,0.6149505730385381,-0.22108843824280766,False,True,False,all
2026-09-15,NAVI,10.0,52,3,False,0.11457869067714466,0.04953820403099729,0.3642564944180777,-0.2592592592592593,False,False,False,all
2026-09-15,OHI,47.130001068115234,52,5,False,-0.02072414176520676,0.01509287867318676,0.20045856044434718,-0.10040080898669579,True,False,False,all
2026-09-15,PNFP,99.33999633789062,52,3,False,-0.02824870590130324,0.024872784066180653,0.22520959662635476,-0.09961030826404549,False,True,False,all
2026-09-15,RHLD,123.44000244140625,52,1,False,-0.06850809618982978,-0.2061537056577486,0.9378336100935092,-0.4773699091178548,False,True,False,all
2026-09-15,SCI,81.19999694824219,52,5,False,-0.009369549496726415,0.016477664454665364,0.18696086246837718,-0.10759425371330333,False,True,False,all
2026-09-15,VIGI,96.8499984741211,52,5,False,-0.0037836830341895222,0.035289238107495846,0.13633690789057318,-0.03140313488081581,False,True,False,all
2026-09-15,VRDN,21.829999923706055,52,2,False,0.014923981041403245,-0.07291602739893288,0.656297376194553,-0.3633712644836675,False,True,False,all
2026-09-15,CGGO,39.04999923706055,52,5,False,-0.027900880902890668,0.03433568653275487,0.22260483982840062,-0.08931907032769659,False,True,False,all
2026-09-15,BMA,76.0199966430664,52,1,False,-0.09871676519694172,-0.09916426264362677,0.9848563487569615,-0.28384365944137024,True,True,False,all
2026-09-15,SMCI,35.63999938964844,52,5,False,0.08380314964405078,0.13061738126098454,0.8295688001621442,-0.39367131456625115,True,True,False,all
2026-09-15,GRNY,27.190000534057617,52,5,False,-0.015967434651989465,0.03901565049634281,0.17858694814624232,-0.042099689455288525,False,True,False,all
2026-09-15,BRZE,25.420000076293945,52,3,False,-0.07541445653525725,0.030205032196128245,0.6657929026883491,-0.3189916064804581,False,False,False,all
2026-09-15,AES,14.800000190734863,52,6,False,0.0025198622276398908,0.012045406467744657,0.20032443489962293,-0.16147305888909314,False,True,False,all
2026-09-15,CRC,57.63999938964844,52,5,False,0.08473503120783943,0.03073056437976418,0.3328708709286188,-0.19922205193817666,False,False,False,all
2026-09-15,RDVI,28.489999771118164,52,5,False,-0.02434180985395895,0.03199865059555762,0.15018164088037111,-0.053016432171929084,False,False,False,all
2026-09-15,RNST,40.959999084472656,52,5,False,-0.033720721696507194,0.03431076053308946,0.23970938103767603,-0.0803772285017319,False,True,False,all
2026-09-15,T,26.719999313354492,52,6,False,0.10847449132470577,0.06228603782449804,0.34338864420783555,-0.1030547669628531,False,True,False,all
2026-09-15,XIFR,11.039999961853027,52,4,False,-0.06785098744804796,0.016724379198278516,0.27262244600801844,-0.16679245570920553,False,True,False,all
2026-09-15,SCHC,50.029998779296875,52,6,False,0.004779854260239524,0.025794509910750385,0.15143838667017495,-0.040099773511494075,True,True,False,all
2026-09-15,WTFC,151.47000122070312,52,5,False,-0.03870929052756322,0.013596262480427335,0.26636569223120854,-0.09418729748250965,False,True,False,all
2026-09-15,MDLZ,62.099998474121094,52,6,False,0.004363540542708488,0.047533713276869616,0.21289057712419956,-0.06826711099160487,False,True,False,all
2026-09-15,SCHE,36.31999969482422,52,5,False,-0.004407811103948722,0.035089583295305316,0.14357680834635578,-0.03506906791255793,False,True,False,all
2026-09-15,CNA,48.41999816894531,52,5,False,-0.046636483214773206,0.016966202249054874,0.1659041558432015,-0.1308562382934807,False,False,False,all
2026-09-15,VO,80.05000305175781,52,5,False,-0.020689647345065842,0.03798083215332548,0.15275236660383418,-0.05367056960255712,False,True,False,all
2026-09-15,ACGL,97.04000091552734,51,5,False,-0.027095731754762764,0.00840791453953571,0.1769557854131154,-0.09384625797029178,False,False,False,all
2026-09-15,AFL,117.55000305175781,51,5,False,-0.028833419501242963,0.024681289410145135,0.11495781761832191,-0.09729686722603836,False,False,False,all
2026-09-15,ALKT,19.25,51,3,False,0.012880693174327495,0.04474209852386046,0.3769671409388795,-0.28412047463971046,True,False,False,all
2026-09-15,APD,290.55999755859375,51,4,False,-0.030998322022225855,0.024401811450790456,0.2682117619682194,-0.07720645960421257,False,True,False,all
2026-09-15,BALI,34.18000030517578,51,5,False,-0.005337066014577618,0.04025511038583507,0.14161655629548298,-0.034190423999458486,True,True,False,all
2026-09-15,BBIO,68.38999938964844,51,2,False,-0.14948178833664905,-0.07577241521850853,0.40200904266267434,-0.2678906094376463,False,True,False,all
2026-09-15,BORR,4.360000133514404,51,4,False,0.018882062773472263,-0.0989128853436756,0.7868852587163975,-0.3448534942059809,False,False,False,all
2026-09-15,DIHP,34.31999969482422,51,5,False,-0.013035877349759972,0.0210480966531863,0.1501340321490514,-0.043344956241833654,False,False,False,all
2026-09-15,DON,56.599998474121094,51,5,False,-0.017081276299096726,0.028315907853488476,0.1418196252285009,-0.04018997282553849,False,False,False,all
2026-09-15,EPR,58.689998626708984,51,5,False,-0.03491349647734476,0.0375389462315312,0.21991265604101828,-0.09666003503156739,False,False,False,all
2026-09-15,EXPO,67.33999633789062,51,3,False,0.01387867208592719,0.006275345041062641,0.2972451653984691,-0.17827945276897228,False,True,False,all
2026-09-15,EZU,68.33000183105469,51,5,False,-0.021486314756035574,0.019615656162169204,0.14035387047905523,-0.05360104266987398,False,False,False,all
2026-09-15,FDMO,92.4000015258789,51,5,False,-0.021416143282136146,0.034726802874148754,0.20579413855789408,-0.06543947649406523,True,True,False,all
2026-09-15,FHI,58.25,51,5,False,-0.05063188042960176,0.028170095739861623,0.24839263160072012,-0.13318448444477649,False,False,False,all
2026-09-15,JPEF,80.22000122070312,51,5,False,-0.009387711738652271,0.03479609786417415,0.15122990347800847,-0.03581725765438293,True,True,False,all
2026-09-15,LSTR,172.77999877929688,51,5,False,-0.08116371024138369,-0.0030934879847072105,0.44803888049952456,-0.24371884048968917,True,True,False,all
2026-09-15,META,670.239990234375,51,3,False,0.10975117704368964,0.07468157171481593,0.2882788945018384,-0.15245321120333188,False,False,False,all
2026-09-15,OC,128.6699981689453,51,6,False,-0.09921831289526573,0.02429015949084845,0.31928637116171754,-0.19535991981573808,False,False,False,all
2026-09-15,QDPL,45.599998474121094,51,5,False,-0.007987040727680972,0.03854289038061598,0.16564416460029108,-0.03225807496220312,True,False,False,all
2026-09-15,RPG,55.54999923706055,51,5,False,-0.038571388752215,0.039983659698143326,0.279659051654481,-0.13284418741585746,True,True,False,all
2026-09-15,SHOO,40.459999084472656,51,3,False,-0.08964911074854676,-0.01879711547899965,0.31791524687241424,-0.18591552387574461,False,False,False,all
2026-09-15,VIG,237.5,51,5,False,-0.015209311677825244,0.03441870397715929,0.13089855822204322,-0.04021013162640441,False,True,False,all
2026-09-15,CTRE,38.41999816894531,51,4,False,-0.049875408203492566,-0.016142026691751354,0.17169860006780135,-0.1192113913404621,True,True,False,all
2026-09-15,AESI,13.630000114440918,51,4,False,0.06634330516697307,0.032830060256972216,0.7835644805869502,-0.3229011086594674,False,False,False,all
2026-09-15,IRM,112.04000091552734,51,5,False,-0.07587186944689117,0.014821990432334564,0.4406584255075481,-0.1681021160637851,False,True,False,all
2026-09-15,IMTM,52.869998931884766,51,5,False,-0.002523239863752469,0.0304785220527668,0.14997282624478614,-0.0350781298626216,True,True,False,all
2026-09-15,IEUR,75.22000122070312,51,5,False,-0.01872278490202317,0.01525379167387686,0.13249026338986347,-0.04668962459770032,False,True,False,all
2026-09-15,IEV,72.69000244140625,51,5,False,-0.020033401887486035,0.015388001423735087,0.13880620955960832,-0.04756285728423748,False,True,False,all
2026-09-15,VGK,88.95999908447266,51,5,False,-0.01744652374592115,0.019696427140577066,0.1431508536794477,-0.04641442586087485,False,True,False,all
2026-09-15,TIC,9.609999656677246,51,3,False,0.11882082411840833,0.07226337230679669,0.5110062036063134,-0.35693258165963837,True,True,False,all
2026-09-15,RNW,6.829999923706055,51,4,False,0.0506075833963322,0.1641284659697324,0.5575825694877301,-0.17111649108951044,True,True,False,all
2026-09-15,SDVY,42.279998779296875,51,5,False,-0.029447160526222427,0.01843526812478502,0.16137893687668647,-0.06271480874421376,False,True,False,all
2026-09-15,SPYD,48.47999954223633,51,5,False,-0.02112813171207928,0.033325154796598255,0.1578696149743135,-0.04754424186828732,False,True,False,all
2026-09-15,COR,323.2900085449219,51,4,False,0.02235528821067634,0.00826694694099217,0.3205211946455999,-0.1436933802303102,False,True,False,all
2026-09-15,PTLC,59.0099983215332,51,5,False,-0.002643416603048454,0.03808946657377299,0.14404800749745506,-0.02864200293772501,True,True,False,all
2026-09-15,XLG,62.220001220703125,51,6,False,0.004549712355954583,0.037541269906253394,0.18288979136216166,-0.0393700101053851,True,False,False,all
2026-09-15,SPEM,51.54999923706055,51,5,False,-0.004276505578260648,0.029930917909961607,0.13847174529144346,-0.037168502884535215,False,True,False,all
2026-09-15,BRK.B,516.760009765625,51,4,False,0.024919715764616157,0.04907954876560128,0.11368289237261164,-0.03901510181455137,False,True,False,all
2026-09-15,CUZ,27.940000534057617,51,6,False,-0.07164975219398961,0.05216979031611646,0.32857820360415424,-0.15204856184758697,False,True,False,all
2026-09-15,ACIO,46.5099983215332,50,5,False,-0.002992558764467912,0.034761361359201715,0.13080469520309945,-0.025968621538571712,True,True,False,all
2026-09-15,ACWV,125.98999786376953,50,6,False,0.007557258607272743,0.03407589992196702,0.07720587252035704,-0.019151414113804055,False,True,False,all
2026-09-15,ARKW,154.6300048828125,50,4,False,0.03777342636669956,0.0907740085879587,0.36406143304741945,-0.1550272957223361,False,True,False,all
2026-09-15,AVO,12.390000343322754,50,3,False,-0.04306587003517981,-0.03725112690858867,0.23038736035821028,-0.20218927518601404,False,True,False,all
2026-09-15,AWK,138.02000427246094,50,6,False,0.016057289835779365,0.047128789704554475,0.14472924128559828,-0.052320757684163444,False,True,False,all
2026-09-15,BBEU,77.63999938964844,50,5,False,-0.01813615958307402,0.016143907788365386,0.1458086915870278,-0.0451358784791579,False,False,False,all
2026-09-15,DIVO,47.5099983215332,50,5,False,-0.0010723437151554105,0.028561989011150146,0.09098002101815128,-0.031100265741295652,False,False,False,all
2026-09-15,ETN,392.3999938964844,50,4,False,-0.055015275501328675,0.023829054813675477,0.25801480188572645,-0.17907951067681094,True,True,False,all
2026-09-15,FFSM,34.720001220703125,50,4,False,-0.058353826724763525,0.004718767137622315,0.22989733558999093,-0.09771305525630691,False,False,False,all
2026-09-15,ITRN,51.54999923706055,50,4,False,-0.037161291467729285,-0.01106629061285025,0.5170688620223531,-0.24524162615342926,True,True,False,all
2026-09-15,IVOO,124.33000183105469,50,5,False,-0.03322477115349309,0.019299726253715344,0.18083389448161236,-0.06617092984062856,False,True,False,all
2026-09-15,IYT,81.81999969482422,50,4,False,-0.051591040335103755,0.010668091989026296,0.20146845122055201,-0.09149453794298101,False,False,False,all
2026-09-15,JGLO,71.80000305175781,50,5,False,-0.012838013848507579,0.02839557438142748,0.1366155632889514,-0.04126046685904683,True,True,False,all
2026-09-15,MH,13.25,50,3,False,0.13502029897958523,0.008325341410946985,0.4812745055393073,-0.26388888888888884,True,True,False,all
2026-09-15,NJR,53.27000045776367,50,4,False,-0.04972402951149102,-0.004779927194075939,0.22572484077193455,-0.12471245607080916,True,True,False,all
2026-09-15,NOBL,56.31999969482422,50,5,False,-0.02126048197842101,0.023417577677673718,0.12381518125387103,-0.05025294402320879,False,True,False,all
2026-09-15,NVDU,127.08999633789062,50,5,False,-0.033928452870918835,0.03422796130217565,0.4774471204090036,-0.2649083417979353,False,True,False,all
2026-09-15,QGEN,42.47999954223633,50,2,False,0.005696084953127123,-0.0031819457778671234,0.3058715381591699,-0.26530612648828944,False,True,False,all
2026-09-15,SPMD,64.37999725341797,50,5,False,-0.03314755325925156,0.01903685781949105,0.18063448917333913,-0.06655073055018812,False,False,False,all
2026-09-15,SVRA,5.260000228881836,50,3,False,-0.05400783727744485,-0.06088613695492595,0.5748504083989014,-0.24910775975031563,False,True,False,all
2026-09-15,SW,43.709999084472656,50,6,False,-0.05699050349949719,0.02368573871282642,0.33551281622422957,-0.16980061124997303,False,True,False,all
2026-09-15,VALE,14.470000267028809,50,4,False,-0.01462735130614734,-0.051825235071112585,0.36767489332458614,-0.19342252863601084,False,False,False,all
2026-09-15,VWO,59.220001220703125,50,5,False,-0.007335172727405803,0.02847677373004065,0.13448276542454907,-0.03769905200373258,False,True,False,all
2026-09-15,CGDG,37.939998626708984,50,5,False,-0.012277575891273873,0.021311153625196422,0.11460374846466248,-0.030906841686074715,False,True,False,all
2026-09-15,CGIE,36.83000183105469,50,5,False,-0.011422677365586664,0.022824331454763813,0.13253386570177828,-0.046595888876281855,False,True,False,all
2026-09-15,FHN,24.469999313354492,50,5,False,-0.031059957845558928,0.0037738686059702875,0.2358585987999886,-0.07868976636343217,False,True,False,all
2026-09-15,IWO,361.2099914550781,50,4,False,-0.049614966732919874,0.017672244799102454,0.20547982177507107,-0.08944014411245149,False,False,False,all
2026-09-15,SBUX,96.58000183105469,50,4,False,-0.07968034342137853,-0.015490864986163033,0.23836395020496837,-0.12605194132566988,False,True,False,all
2026-09-15,SDY,153.3300018310547,50,5,False,-0.01707504875153243,0.023717503869968848,0.13325941147539866,-0.04342124740534414,False,True,False,all
2026-09-15,ON,73.19999694824219,50,3,False,-0.09746406070803904,-0.07482835369580387,0.642728785733786,-0.4574562856383828,False,False,False,all
2026-09-15,CNNE,15.449999809265137,50,4,False,0.024712469793576997,0.08451113142849631,0.47705542570936355,-0.22283699891920106,False,False,False,all
2026-09-15,SPG,204.10000610351562,50,4,False,-0.07322138335969464,0.007890809515434194,0.1853185621097131,-0.14423477524731398,False,True,False,all
2026-09-15,SPHQ,83.37999725341797,50,5,False,-0.026837288430368145,0.025959649424307285,0.16501324030951237,-0.07724660590732635,False,True,False,all
2026-09-15,RDW,10.75,50,4,False,0.007969998015776136,0.0006003590881100695,1.2073922489971243,-0.5964714622261909,True,True,False,all
2026-09-15,MDYV,92.45999908447266,50,5,False,-0.02678192891896425,0.02139053195895224,0.1609743821330385,-0.052469795557562704,False,True,False,all
2026-09-15,BRK.A,773825.0,50,4,False,0.02345622937629721,0.04735228104921729,0.10863180515759319,-0.040042029368455356,True,False,False,all
2026-09-15,WFG,71.58000183105469,50,6,False,0.04598355293399048,0.0811521351085025,0.2483432445164393,-0.0702688165063674,False,False,False,all
2026-09-15,NEBX,21.350000381469727,50,3,False,-0.18259363598838596,-0.07415202192900983,2.2268630306636408,-0.6983142162742455,True,True,False,all
2026-09-15,TSLS,57.349998474121094,50,5,False,-0.0344766935053481,0.027824631871758987,0.24134193781498614,-0.17871979134595273,False,False,False,all
2026-09-15,ALLE,154.60000610351562,49,3,False,0.001606749923880546,0.024918278389972626,0.236800048828125,-0.15569872978977106,True,True,False,all
2026-09-15,BNTX,96.69000244140625,49,2,False,-0.002562428039491027,-0.009656311077597235,0.21592060517066125,-0.22024191579511088,False,True,False,all
2026-09-15,DG,124.69999694824219,49,4,False,0.006809462809181932,-0.01666235002814609,0.3111134070865531,-0.21190671607571288,False,False,False,all
2026-09-15,DLX,23.559999465942383,49,3,False,-0.04756517085085776,-0.0655336405402357,0.326576529409522,-0.26535704115567127,True,False,False,all
2026-09-15,DUOL,153.9199981689453,49,3,False,0.11390937168303461,0.17887414891079523,0.7512800004305586,-0.5639660108528461,False,False,False,all
2026-09-15,ELAN,23.0,49,4,False,-0.059965994295038794,-0.03242837264608267,0.26234911453273035,-0.1779842610332758,False,True,False,all
2026-09-15,FELG,43.5,49,5,False,-0.004091237865862296,0.03645646391180102,0.2108559756105719,-0.04667983822607469,True,True,False,all
2026-09-15,GATX,178.33999633789062,49,3,False,-0.0014680858890356863,-0.0023710261304736857,0.1856136052972608,-0.13241876602447522,False,True,False,all
2026-09-15,IJH,73.2300033569336,49,4,False,-0.03625457268868082,0.016474908204960004,0.17695277917427932,-0.06962261200966169,False,True,False,all
2026-09-15,IJJ,143.39999389648438,49,5,False,-0.030163705610540603,0.018946757785863966,0.15747836470218024,-0.055398220126203435,False,True,False,all
2026-09-15,IJK,109.30999755859375,49,4,False,-0.041142048442217805,0.01462766114430547,0.19726170761052542,-0.08442919744188104,False,False,False,all
2026-09-15,ILCG,112.41000366210938,49,5,False,-0.019547957097983515,0.03570804799026561,0.2317554353582718,-0.06767849426365335,True,True,False,all
2026-09-15,KEEL,3.2799999713897705,49,4,False,-0.13387907033224034,-0.0354785203746143,0.9523809963072793,-0.554952507147705,True,True,False,all
2026-09-15,L,109.20999908447266,49,4,False,-0.034206482695698814,0.0027573216364746855,0.14105109318917708,-0.097512625761907,False,False,False,all
2026-09-15,MMM,164.6699981689453,49,3,False,-0.04250494798489235,0.02416428143937921,0.1817855784180662,-0.10941047266266946,False,True,False,all
2026-09-15,RES,6.179999828338623,49,5,False,0.021487573321811393,-0.023164309836329333,0.478468919170965,-0.24264706569834438,True,False,False,all
2026-09-15,SRTA,5.289999961853027,49,6,False,-0.035780041056893475,0.032351226368086294,0.33924048050457345,-0.18615385202261114,False,True,False,all
2026-09-15,TPL,371.6300048828125,49,3,False,-0.029459621614625342,-0.056341253464928465,0.3803268513046236,-0.32085161441442445,True,True,False,all
2026-09-15,USMV,99.18000030517578,49,5,False,-0.0017352318113534881,0.03283936154721312,0.08965066977654046,-0.029644837163071425,False,True,False,all
2026-09-15,VLTO,95.4800033569336,49,2,False,-0.0023405111355073727,0.02329642551395006,0.19305266541667754,-0.1282355441522337,False,True,False,all
2026-09-15,DASH,198.25999450683594,49,3,False,-0.034030173309739786,0.05109018673229815,0.3835309859360394,-0.3055691961231666,False,True,False,all
2026-09-15,CINF,171.6699981689453,49,5,False,-0.020491684858690573,0.025104818662804895,0.14446665445963536,-0.11878240172293275,True,True,False,all
2026-09-15,XLB,50.72999954223633,49,4,False,-0.020391617296946274,0.00832718712131375,0.2068514268202033,-0.06384940343525503,False,False,False,all
2026-09-15,KNSL,369.20001220703125,49,3,False,0.016033095649562457,0.032861938848669725,0.28551530819883597,-0.23876286142880154,False,True,False,all
2026-09-15,UTL,52.130001068115234,49,4,False,-0.03178952782254407,0.005631984679363988,0.15408463983412268,-0.08959129241693986,False,False,False,all
2026-09-15,RYAM,8.25,49,3,False,-0.016780286430376545,-0.029234743383406148,0.533457216451626,-0.30379749076625995,True,True,False,all
2026-09-15,NGVT,67.83999633789062,49,5,False,-0.06362238787139762,-0.01950800005995479,0.47960738485479437,-0.1444066647172212,False,False,False,all
2026-09-15,MDY,669.8499755859375,49,5,False,-0.03309018515256801,0.01865092380096489,0.17887743912086873,-0.0662159358982366,False,True,False,all
2026-09-15,CGCV,32.47999954223633,49,5,False,-0.0210439657035838,0.02411347320420698,0.10985819988518752,-0.04386227921471819,False,True,False,all
2026-09-15,URBN,75.91000366210938,49,4,False,0.0036465512529426647,0.04840613697393148,0.27494125789159884,-0.11143622391500374,False,True,False,all
2026-09-15,GDE,65.23590087890625,49,4,False,0.00036071177963559187,-0.010515657881501217,0.2133525828973848,-0.17307768559234915,False,False,False,all
2026-09-15,CGMM,31.600000381469727,49,5,False,-0.02900687286095438,0.015250456892245579,0.17932451171839547,-0.06619384636577375,False,False,False,all
2026-09-15,VTOL,42.29999923706055,49,3,False,-0.05600586629232973,-0.027873388148462408,0.2075364176735377,-0.1603811365571487,False,False,False,all
2026-09-15,FTCS,97.75,49,5,False,-0.012867564526388264,0.022952864013572327,0.08901512559728952,-0.05032546672318727,False,True,False,all
2026-09-15,MDYG,104.44999694824219,49,4,False,-0.0398810410108259,0.01606488717917287,0.19933403766603064,-0.08320901721706497,False,False,False,all
2026-09-15,JTEK,99.30999755859375,49,6,False,-0.003980089977676515,0.05294226529089219,0.3196465508353099,-0.11187624906432114,True,True,False,all
2026-09-15,LYV,170.24000549316406,49,6,False,-0.05441971503589227,0.052993613704553466,0.3582257098064079,-0.10044911232145803,False,False,False,all
2026-09-15,CTSH,63.279998779296875,49,3,False,0.15274193040545714,0.01445614090740266,0.7065802495807743,-0.27289440805610776,True,True,False,all
2026-09-15,CNS,72.33999633789062,49,4,False,-0.10404435658079625,0.02326819694558857,0.23891072262479396,-0.1642791314900095,False,False,False,all
2026-09-15,AKAM,105.4000015258789,48,3,False,-0.08439544485211281,-0.04305349961351013,0.4882801748103074,-0.36294951060741787,False,True,False,all
2026-09-15,AVES,64.75,48,5,False,-0.0016497864230076154,0.021090203386963102,0.1706743516963194,-0.06240946584072704,False,True,False,all
2026-09-15,AZZ,133.08999633789062,48,5,False,-0.08043200336828393,-0.006298671744017548,0.43138300207391844,-0.17946979752188608,False,True,False,all
2026-09-15,BALT,34.66999816894531,48,6,False,0.002626383167234403,0.020924485558443173,0.060893446915126326,-0.00516500180938162,True,True,False,all
2026-09-15,DYN,17.899999618530273,48,4,False,-0.2654542009977564,-0.0984150678761393,0.5016778107350124,-0.3444424311126174,False,False,False,all
2026-09-15,ESS,276.04998779296875,48,5,False,-0.037405407553507186,0.03184627358947023,0.15763641709616527,-0.08999511376713465,False,False,False,all
2026-09-15,EWA,28.889999389648438,48,4,False,-0.01828859970729768,0.01428742276125905,0.15838006299144913,-0.05216536012031814,False,False,False,all
2026-09-15,EXI,190.9199981689453,48,4,False,-0.03997104364924442,-0.0027996087451893636,0.15220278627150985,-0.0811877167441698,False,False,False,all
2026-09-15,EZA,68.91999816894531,48,3,False,0.03005879939913303,-0.0045914398083826136,0.14352078389717993,-0.15704505420499915,False,False,False,all
2026-09-15,FRT,113.93000030517578,48,4,False,-0.05031425122924282,0.019872433390842215,0.26546708708136624,-0.11137981172219125,True,True,False,all
2026-09-15,FVD,49.0099983215332,48,5,False,-0.020544417420847116,0.016715299274156603,0.0981402005062273,-0.04668355442525285,False,True,False,all
2026-09-15,FWONK,95.0,48,3,False,-0.04662218309297317,0.030521609394288163,0.185277581926512,-0.1313332580367531,False,False,False,all
2026-09-15,GFI,42.90999984741211,48,3,False,0.08914710936525294,-0.021686595977276624,0.37929922872242594,-0.3038611247193128,False,True,False,all
2026-09-15,GFL,42.18000030517578,48,3,False,0.028589829280492696,0.03158590560281227,0.2655264922870557,-0.12252963234952186,False,False,False,all
2026-09-15,GHC,1159.75,48,3,False,-0.0068070677584900485,0.029458989788472945,0.24736489827342778,-0.08127696563570996,False,False,False,all
2026-09-15,GPIX,55.2599983215332,48,5,False,-0.007974288429957621,0.027467910960528252,0.14032190188875537,-0.02599810122411872,True,False,False,all
2026-09-15,HELO,68.77999877929688,48,5,False,-0.001873498637387283,0.023182929433496646,0.08760273487969328,-0.020646511580916238,True,True,False,all
2026-09-15,IAI,185.22999572753906,48,3,False,-0.027122724015371524,0.026434987907193452,0.17397640487143962,-0.06491999014637628,False,False,False,all
2026-09-15,IMKTA,82.74500274658203,48,3,False,-0.04635289645228036,-0.017167904892897212,0.24185811432458681,-0.13464755940367534,False,True,False,all
2026-09-15,IYK,73.6500015258789,48,5,False,-0.012745155460592072,0.023571347511005536,0.12942804109647543,-0.05974722578546332,False,False,False,all
2026-09-15,JOE,64.33999633789062,48,4,False,-0.005419697545960722,-0.01209096715484681,0.38753499719512385,-0.12510204600356778,False,False,False,all
2026-09-15,MORN,201.72999572753906,48,4,False,0.0366797288152898,0.07569566897576818,0.425754384731333,-0.21569922464395663,False,True,False,all
2026-09-15,OSK,143.1699981689453,48,4,False,-0.04705678479170061,-0.022162712583218558,0.22608548672461137,-0.20677049248376367,False,True,False,all
2026-09-15,ROBO,77.25,48,4,False,-0.04231184460644344,-0.005239716472424494,0.23017386832806896,-0.14650316896769344,False,True,False,all
2026-09-15,ROK,417.0,48,4,False,-0.06667771040922388,-0.01168721227377556,0.2533437850071376,-0.16157308130600712,True,True,False,all
2026-09-15,SCHL,35.04999923706055,48,4,False,-0.15432538223351944,-0.07268633276554504,0.5447332927317745,-0.2708550143628472,False,True,False,all
2026-09-15,SFLR,38.56999969482422,48,5,False,-0.0047997757026878585,0.02844021800325347,0.11200801982740649,-0.038634079718997905,True,False,False,all
2026-09-15,TDC,29.389999389648438,48,3,False,0.0009331370547440709,-0.01536422627969003,0.4456468027517233,-0.2965533688763059,True,True,False,all
2026-09-15,VBK,335.8999938964844,48,4,False,-0.041817178364785046,0.01432846965537915,0.19848719828543193,-0.08484092721087189,False,False,False,all
2026-09-15,VECO,40.8849983215332,48,4,False,-0.17576051781956192,-0.0777121275963103,0.6121844375999177,-0.528050333397418,False,True,False,all
2026-09-15,VSS,155.7899932861328,48,5,False,-0.0019258416313087112,0.016165062090400584,0.1402326554826212,-0.043705175961717635,True,True,False,all
2026-09-15,BTU,26.65999984741211,48,2,False,0.05729037799915515,-0.08143401876731682,0.4481260221824337,-0.35196888082306965,False,True,False,all
2026-09-15,SONY,23.920000076293945,48,3,False,0.04296565216121495,0.056348138651900914,0.2380952616009644,-0.21160184719861785,True,True,False,all
2026-09-15,ZGN,11.600000381469727,48,4,False,-0.1516498659846124,-0.03547936155910725,0.3425925833943453,-0.2727272401137306,False,False,False,all
2026-09-15,RSG,223.0399932861328,48,6,False,0.020921909529972638,0.03649308744619084,0.1355836725599573,-0.04446921842274898,False,False,False,all
2026-09-15,OVL,56.209999084472656,48,5,False,-0.013665862664081985,0.02325020751497764,0.1608839572514389,-0.04583263910936952,True,False,False,all
2026-09-15,TFX,129.02000427246094,48,5,False,-0.047370085819393726,0.041837453652098455,0.2878818514616748,-0.11020686708647631,False,False,False,all
2026-09-15,UPS,102.3499984741211,48,4,False,-0.04114775303387874,-0.026343905896175968,0.24817071309903782,-0.1638755378470561,True,True,False,all
2026-09-15,RLI,61.380001068115234,48,3,False,-0.018673642032238758,0.03695483800910848,0.2987728152361888,-0.0860631667483831,False,True,False,all
2026-09-15,AIPO,27.25,47,5,False,-0.07294636539704158,-0.021145064305741035,0.319420915172717,-0.21672896571158518,False,False,False,all
2026-09-15,AMCR,42.459999084472656,47,2,False,-0.06125086532474777,-0.007281744448571659,0.17131031957165943,-0.16647035278462052,False,True,False,all
2026-09-15,AQST,4.809999942779541,47,3,False,0.09512316277061816,0.08357737091608697,0.6416381683236758,-0.36291393095827595,False,True,False,all
2026-09-15,BOH,75.43000030517578,47,4,False,-0.051839005149516226,-0.011631639855167242,0.2707210163340503,-0.12605720728970948,False,True,False,all
2026-09-15,DRI,209.1199951171875,47,5,False,-0.005485264184124539,0.033080334075537454,0.23739642081176027,-0.08983286857205397,False,True,False,all
2026-09-15,EXTR,22.049999237060547,47,4,False,-0.15867313538229566,0.04488747916794256,0.6357566755081996,-0.3462792903554658,True,True,False,all
2026-09-15,FFIN,33.630001068115234,47,5,False,-0.020897952586021784,0.035360217370021374,0.1959459482374628,-0.0791347029962608,False,True,False,all
2026-09-15,FOXF,19.15999984741211,47,5,False,-0.022867762215588616,0.05978872506376409,0.46483180115977873,-0.302511819208619,False,True,False,all
2026-09-15,FR,61.369998931884766,47,4,False,-0.04137835429062553,0.00274499044326304,0.22153656213328432,-0.12178017538655472,True,True,False,all
2026-09-15,FWONA,86.94999694824219,47,5,False,-0.04971849430762065,0.027867045529202716,0.17978291110792277,-0.12630627129045402,False,False,False,all
2026-09-15,GSM,4.329999923706055,47,5,False,0.11678528441869762,0.0015149741669793215,0.40584416589722494,-0.24564458251492904,False,True,False,all
2026-09-15,ICVT,111.66000366210938,47,4,False,-0.030914204372318066,0.01504157305781173,0.18271368849573655,-0.11773067465164966,False,False,False,all
2026-09-15,KGC,28.040000915527344,47,2,False,0.03995909046805579,-0.051941985164480675,0.2780310042381564,-0.2830478016380862,False,True,False,all
2026-09-15,KMI,30.770000457763672,47,3,False,-0.033690500276250646,-0.014026954487993737,0.20195312497089613,-0.11605862557153335,False,False,False,all
2026-09-15,LGN,53.029998779296875,47,3,False,-0.1557964228190779,-0.15628297209191322,0.8731896778413313,-0.5054924626308144,False,True,False,all
2026-09-15,NBHC,41.66999816894531,47,4,False,-0.029576197137684,0.006733252209587093,0.18853384303315646,-0.11865483830782353,False,True,False,all
2026-09-15,QYLD,18.25,47,6,False,0.009118010540284605,0.023845794732284764,0.09774436090225569,-0.015641904056459155,True,True,False,all
2026-09-15,RCKT,3.4100000858306885,47,3,False,-0.03878676573447393,-0.051004981309576536,0.34782613612344004,-0.37431188895940826,False,True,False,all
2026-09-15,REXR,38.619998931884766,47,3,False,0.047055098255355254,0.046775554991188795,0.2016179111790335,-0.1297882378909796,False,True,False,all
2026-09-15,SNA,374.82000732421875,47,4,False,-0.06139282987353967,-0.00794906398853179,0.16839158848756663,-0.11394256286053495,False,True,False,all
2026-09-15,SWX,86.81999969482422,47,4,False,-0.04090461511871124,-0.006691279845894793,0.13135264675077152,-0.08097810338762235,False,False,False,all
2026-09-15,TRNO,65.29000091552734,47,4,False,-0.05624920141385825,0.00362468630622792,0.1675608557474091,-0.1729161528213875,False,True,False,all
2026-09-15,VMRK,65.62999725341797,47,5,False,-0.017861993033080337,0.024740184036189827,0.14000343236615254,-0.08209794051163677,False,False,False,all
2026-09-15,BRC,85.37000274658203,47,4,False,-0.07819320223912174,-0.011549451074901684,0.2097208887028419,-0.14019536751528472,False,False,False,all
2026-09-15,DEA,23.719999313354492,47,4,False,-0.04057729920550668,0.01372717153005043,0.15369649462523793,-0.08628658898751529,False,True,False,all
2026-09-15,ASYS,13.829999923706055,47,3,False,-0.126132621873566,-0.10878552151396581,1.0488888775860823,-0.46207699664763624,False,True,False,all
2026-09-15,SONO,15.65999984741211,47,3,False,0.02307470426981051,0.017907625777156433,0.2588424739263211,-0.20988899654213666,False,True,False,all
2026-09-15,GD,358.6000061035156,47,5,False,-0.04975810893181343,0.01016931686874667,0.16895400119316695,-0.10349998474121092,False,False,False,all
2026-09-15,MLI,60.529998779296875,47,4,False,-0.04022403816401521,-0.02462450531503113,0.2541178813788394,-0.14890331212471875,False,False,False,all
2026-09-15,CGGR,46.119998931884766,47,5,False,-0.004893568121062342,0.02937464908186005,0.19636834875853126,-0.03956687854574403,True,True,False,all
2026-09-15,NXG,54.790000915527344,47,4,False,-0.0652339916022564,-0.011469393383841897,0.16326969618972464,-0.16707202900144236,False,True,False,all
2026-09-15,RWR,109.3499984741211,47,4,False,-0.04334225386588031,0.01596980625119282,0.13128485755464725,-0.08608443727875792,False,True,False,all
2026-09-15,XOVR,20.520000457763672,47,4,False,0.022457214335045217,0.06774873351272115,0.25351248660807135,-0.057851248354386375,False,True,False,all
2026-09-15,AOR,68.77999877929688,47,5,False,-0.0072629626433732275,0.020221976375776718,0.09243964071561694,-0.024258747854942975,True,False,False,all
2026-09-15,LEA,126.18000030517578,47,5,False,-0.0369409227203803,-0.012713134816867422,0.3138275624982374,-0.16064658572291768,True,True,False,all
2026-09-15,VOLT,34.720001220703125,47,3,False,-0.06767915838963601,-0.02883057800641753,0.2639703445441419,-0.1764705563006702,False,True,False,all
2026-09-15,PPLT,16.06999969482422,47,3,False,0.029441895399194173,-0.08938867441838438,0.30427721495521687,-0.3857503519685854,False,False,False,all
2026-09-15,TGS,29.68000030517578,47,3,False,0.00568579020905724,-0.028194785571922565,0.5035461321838997,-0.18349376750851665,False,False,False,all
2026-09-15,PEN,318.42999267578125,47,4,False,-0.009191520318731938,-0.02158233185998204,0.43916659396799895,-0.12135429635472372,False,True,False,all
2026-09-15,AVY,171.52000427246094,46,3,False,0.00450248089008487,-0.00932852869638845,0.12531168044199026,-0.14042292250402288,False,True,False,all
2026-09-15,BBD,3.5,46,3,False,0.0226143888890995,-0.030511198837775866,0.1744966367779377,-0.18604654773239548,False,False,False,all
2026-09-15,BNL,19.969999313354492,46,4,False,-0.06708402489126508,0.010507321010486459,0.16409201480827385,-0.13549787949899983,False,True,False,all
2026-09-15,ENSG,172.75,46,2,False,-0.015411439682282202,-0.05112969004821666,0.22015819865675668,-0.2075688073394495,False,True,False,all
2026-09-15,EW,85.73999786376953,46,5,False,-0.03515052276629682,0.009059028152383464,0.18589203657972675,-0.10956488681533039,False,True,False,all
2026-09-15,F,13.5,46,2,False,-0.04317749866967058,-0.002025517352904349,0.215121549701069,-0.24071993933387192,False,True,False,all
2026-09-15,GTES,25.5,46,4,False,-0.043661535299243326,0.016482968695658684,0.2212644169025808,-0.15952538326454346,True,False,False,all
2026-09-15,HIG,136.02999877929688,46,4,False,-0.02347592547188726,-0.0018330005591036258,0.13047450103329372,-0.06873422360167991,True,True,False,all
2026-09-15,LIT,70.0199966430664,46,4,False,-0.03342834914408632,-0.05969630324777897,0.36491223556358277,-0.2387476180953173,False,False,False,all
2026-09-15,LLYVK,98.41000366210938,46,4,False,-0.043360304665704175,0.03674955066004015,0.2791318227723376,-0.10332570695116738,False,True,False,all
2026-09-15,MLYS,28.90999984741211,46,1,False,0.060886281080052784,-0.010675201235488818,0.29641259356486205,-0.3932843877935456,False,False,False,all
2026-09-15,NYT,71.70999908447266,46,5,False,0.026134869483800394,-0.0263480855578464,0.325508338392567,-0.17669345188589258,True,False,False,all
2026-09-15,OTTR,88.22000122070312,46,4,False,-0.0305920461980681,0.0045507797333266264,0.1897504977112332,-0.07224729605389635,False,True,False,all
2026-09-15,SPOT,558.260009765625,46,3,False,0.09374946282069918,0.10474607662569335,0.37841977719907405,-0.2506577050125839,False,True,False,all
2026-09-15,SYF,76.05999755859375,46,3,False,-0.009000589694856398,0.011572672046063825,0.20577037651810803,-0.1431789970160532,False,True,False,all
2026-09-15,TCBI,97.7699966430664,46,4,False,-0.022124012608940813,-0.00847821865133469,0.2965122914082561,-0.10236872671062835,False,False,False,all
2026-09-15,USAC,26.34000015258789,46,3,False,-0.010488664837428607,-0.007498394474252268,0.20549197678394493,-0.1378068474504398,False,False,False,all
2026-09-15,USRT,63.560001373291016,46,4,False,-0.05139706405688671,0.009634919432344624,0.12615171721872875,-0.09316586254505899,False,False,False,all
2026-09-15,XPO,178.24000549316406,46,4,False,-0.10859316413519426,-0.06402626441785886,0.4672374100077832,-0.23188966537781797,False,False,False,all
2026-09-15,XYLD,41.41999816894531,46,4,False,0.002289100815283218,0.019483859830045747,0.08372571549026553,-0.00909093480983414,True,True,False,all
2026-09-15,CGBL,37.20000076293945,46,5,False,-0.015878213726896573,0.015304646538496502,0.1046771078171107,-0.03826265590898381,False,True,False,all
2026-09-15,RDN,35.36000061035156,46,4,False,-0.05399402096909234,-0.002848184739248749,0.12253970191592267,-0.1386114185739611,True,True,False,all
2026-09-15,EWG,42.529998779296875,46,3,False,-0.009068228833634562,0.004486269702613344,0.11979987603740327,-0.05172797711827981,False,False,False,all
2026-09-15,WRB,71.27999877929688,46,3,False,0.0041444734145483775,0.03244793270002311,0.13376809273567436,-0.0972644426826752,False,False,False,all
2026-09-15,SMIG,31.350000381469727,46,4,False,-0.0481973340765709,0.007638942502647739,0.13340565995711162,-0.06973294742634151,False,False,False,all
2026-09-15,MAR,337.239990234375,46,5,False,-0.05552689054257942,-0.025419208397945314,0.3134443737644874,-0.17942483522490882,False,False,False,all
2026-09-15,RMD,229.44000244140625,46,3,False,0.05512456450915226,0.008149924369362349,0.2727575137493732,-0.19457996147673928,False,True,False,all
2026-09-15,OMC,79.8499984741211,46,5,False,-0.04014907471906359,0.02078839754441497,0.20382928192136052,-0.10851849116691237,False,False,False,all
2026-09-15,TRU,77.0199966430664,46,3,False,-0.03718746230536085,0.007557946898005818,0.21540157710675945,-0.19355008786925032,False,False,False,all
2026-09-15,CWB,100.31999969482422,46,4,False,-0.027816540523322275,0.015444223190039796,0.17512002421530592,-0.10444561059506485,False,True,False,all
2026-09-15,DEO,86.80000305175781,46,2,False,-0.02213927461697396,0.013433871873886005,0.19806772543782403,-0.15514887233254304,False,True,False,all
2026-09-15,PAGS,9.619999885559082,46,2,False,0.03997750325770699,-0.020386561806691517,0.14251779078288496,-0.21915583410277517,False,False,False,all
2026-09-15,CPK,128.69000244140625,46,3,False,-0.03207268244446926,7.92843428747414e-05,0.08252023397238295,-0.08620321829017707,False,True,False,all
2026-09-15,CHT,45.369998931884766,46,5,False,0.056457713361972583,0.05661640321653416,0.15504074190037187,-0.02388125260937035,False,False,False,all
2026-09-15,CBU,62.709999084472656,46,4,False,-0.036348614534321144,0.0009928395130611722,0.17302656487861112,-0.11812686617606505,False,True,False,all
2026-09-15,SPHD,51.27000045776367,46,5,False,-0.023283449343742046,0.014857667212731629,0.10068695668410599,-0.051258334767491975,False,True,False,all
2026-09-15,UMH,15.569999694824219,46,3,False,-0.0162629531949402,0.0026402039625703644,0.11773146832158243,-0.07155639416717563,False,True,False,all
2026-09-15,MRTN,13.930000305175781,46,5,False,-0.09367718652997825,-0.026095446022596502,0.48983954404781804,-0.24621208602637967,True,True,False,all
2026-09-15,XME,109.44000244140625,46,3,False,-0.009689521939755585,-0.03542416313327612,0.27805682531465803,-0.19339616487950184,False,True,False,all
2026-09-15,ABVX,106.66000366210938,45,2,False,-0.1402269609337976,-0.1056569242817561,0.5278614438080482,-0.2833433961575492,False,False,False,all
2026-09-15,BCPC,165.27000427246094,45,4,False,-0.03319325822239816,-0.01127397435604749,0.18754046451758621,-0.10130500403665099,False,True,False,all
2026-09-15,BLBD,61.79999923706055,45,4,False,-0.10379322449579542,-0.0032447092332187344,0.33940182172879374,-0.25890394904197533,True,False,False,all
2026-09-15,BOXX,118.16999816894531,45,6,False,0.003346174089812859,0.014906015900353342,0.03995424646013346,-0.00016925519965915736,False,False,False,all
2026-09-15,DLR,179.27000427246094,45,4,False,-0.04257384984213475,-0.002261540643752169,0.22594549347100568,-0.13870469492575255,False,True,False,all
2026-09-15,ECL,274.6000061035156,45,5,False,-0.012383667615725624,0.005263746436761307,0.1293440797716836,-0.11210264216300536,False,True,False,all
2026-09-15,FCOM,73.16999816894531,45,4,False,0.03348915083154291,0.01759687908852192,0.12120741302157323,-0.03647622048206034,False,False,False,all
2026-09-15,FTV,56.45000076293945,45,4,False,-0.057432325690845554,-0.02963605070744979,0.19319380943430797,-0.12561953380332425,False,True,False,all
2026-09-15,GSK,50.0099983215332,45,3,False,-0.023452020855905253,-0.04458967012542403,0.2728428902064326,-0.18946519119701433,False,True,False,all
2026-09-15,HRI,138.9499969482422,45,2,False,-0.09725833583522481,-0.020328815025880242,0.5709440558777048,-0.26227771465068916,False,False,False,all
2026-09-15,ITW,268.6000061035156,45,4,False,-0.04026182177548676,0.0037318766878728926,0.12469641514945584,-0.1139991989085507,False,True,False,all
2026-09-15,KHC,24.729999542236328,45,3,False,-0.028122757334714144,0.029837363503300907,0.1756596016937364,-0.11961554261657814,False,False,False,all
2026-09-15,KT,19.84000015258789,45,4,False,0.057749728578965875,-0.004520791702165128,0.15820205047225522,-0.19283969836577153,False,True,False,all
2026-09-15,LLYVA,95.16000366210938,45,4,False,-0.04066097564509552,0.032507870762310764,0.27937627286933653,-0.10272968376517655,False,True,False,all
2026-09-15,NOWL,7.989999771118164,45,3,False,0.29308945245565,0.059448418305468875,1.2893982089641152,-0.6752032663732503,False,True,False,all
2026-09-15,NVDX,17.989999771118164,45,4,False,-0.03793706156718879,0.018873787079989324,0.4496373885830198,-0.2722491799828076,False,True,False,all
2026-09-15,PB,70.95999908447266,45,3,False,-0.02774011203464266,0.00286399823236394,0.16194529947716108,-0.08082899106787611,False,True,False,all
2026-09-15,PGR,221.30999755859375,45,4,False,0.02174325956245582,0.05198910025836834,0.1697145937012654,-0.11170427028672059,False,True,False,all
2026-09-15,SLV,57.529998779296875,45,3,False,0.01778692717713981,-0.12413250595242353,0.5402945416224854,-0.4761904960377581,False,True,False,all
2026-09-15,TROW,104.2300033569336,45,3,False,-0.08129678943208773,0.003495370149567689,0.22306972381986112,-0.14565571018906887,False,True,False,all
2026-09-15,VAW,226.25,45,3,False,-0.02086371747108784,-0.00595089418052408,0.1889747647412825,-0.07750956100712991,False,False,False,all
2026-09-15,VCYT,40.13999938964844,45,4,False,-0.17460396967479763,-0.057824453002998655,0.3627567303893575,-0.3409949188933733,True,True,False,all
2026-09-15,NWE,67.9800033569336,45,4,False,-0.040854634966105974,-0.019206788664517305,0.2248649253501549,-0.09577011065463514,False,False,False,all
2026-09-15,DFAR,25.3700008392334,45,4,False,-0.04048710361958496,0.011222127441109953,0.12033562933912334,-0.08063049572334346,False,False,False,all
2026-09-15,GRID,172.77000427246094,45,3,False,-0.0442551088079286,-0.014413824875626369,0.1946481130251949,-0.13610680770561578,False,True,False,all
2026-09-15,WFRD,85.38999938964844,45,4,False,-0.03475405545772681,-0.08029413091748205,0.40351740919606627,-0.2453380624116155,False,True,False,all
2026-09-15,XLI,168.85000610351562,45,4,False,-0.06041288213206342,-0.014810191469917466,0.14754660054317315,-0.10276845787231559,False,False,False,all
2026-09-15,CECO,67.45999908447266,45,4,False,-0.09593102527189645,-0.04958140198717609,0.5754320309494712,-0.333662578941891,True,True,False,all
2026-09-15,VOX,193.80999755859375,45,4,False,0.033637881356059385,0.018905007394980355,0.12438361111996343,-0.034666566547570055,False,False,False,all
2026-09-15,RSPA,53.060001373291016,45,5,False,-0.017598405063635747,0.011870335371949814,0.08219462970282243,-0.038071038432383464,False,False,False,all
2026-09-15,SCHH,23.030000686645508,45,4,False,-0.03989658692435971,0.010366930646318995,0.11633551253085583,-0.07990411286992405,False,False,False,all
2026-09-15,WTM,2045.93994140625,45,3,False,-0.04134728506684837,-0.038534157710772066,0.24146841104748185,-0.1230433170140377,False,False,False,all
2026-09-15,RYLD,15.800000190734863,45,5,False,-0.021786897877737244,0.008634046945353635,0.08145109938546424,-0.04067997271113233,False,False,False,all
2026-09-15,LMT,533.4600219726562,45,3,False,-0.04052365289374704,-0.04545475253746001,0.22003435556925388,-0.2291040144903811,False,False,False,all
2026-09-15,CENTA,34.61000061035156,45,5,False,-0.0799078971254974,0.01404308987883307,0.33269162593139323,-0.1517156554524226,False,False,False,all
2026-09-15,JSMD,89.91020202636719,45,4,False,-0.051268345357350587,0.00833561252950532,0.1939631494493652,-0.11592719051776512,False,True,False,all
2026-09-15,IWY,282.7099914550781,45,5,False,-0.007473046259441007,0.019955315463023204,0.1841256186600131,-0.06733308257747495,True,True,False,all
2026-09-15,SIVR,60.459999084472656,45,3,False,0.01748538694445112,-0.12378717678253348,0.5419535959238291,-0.47544683355972406,False,True,False,all
2026-09-15,CR,195.4499969482422,45,4,False,-0.08264418036234378,-0.0026209124465730316,0.2247775078682015,-0.15206075076684522,False,True,False,all
2026-09-15,AAT,21.6200008392334,44,4,False,-0.07415334107101323,0.028700887226537075,0.2200903880927192,-0.16750090832248132,False,False,False,all
2026-09-15,AER,138.32000732421875,44,4,False,-0.06811788376721595,-0.038461152929600395,0.16303713923558383,-0.1290220423737184,False,False,False,all
2026-09-15,ALLW,29.440000534057617,44,4,False,-0.006974100737897615,0.003987149754089314,0.07445258919448006,-0.03459584443816344,False,True,False,all
2026-09-15,ARKX,31.510000228881836,44,3,False,-0.02215435524092413,-0.020881230788970306,0.25188717256139936,-0.1683821394441516,True,True,False,all
2026-09-15,ASM,6.139999866485596,44,2,False,-0.06353905360672307,-0.12206702330416108,0.5160492783511466,-0.487906590183947,False,False,False,all
2026-09-15,ASMB,26.110000610351562,44,0,False,-0.11679540994680981,-0.10284314985868015,0.2906574988219317,-0.34248297123328175,False,False,False,all
2026-09-15,BBDC,8.729999542236328,44,2,False,-0.01355937375860694,-0.0024852675910757016,0.09673360557779653,-0.08490570470184433,False,True,False,all
2026-09-15,BJ,95.05999755859375,44,5,False,0.021302718499141005,0.0174755919220968,0.14238330841148739,-0.10134242148243655,False,True,False,all
2026-09-15,BKGI,43.5099983215332,44,3,False,-0.028658085961764668,-0.01096781589448692,0.14079703769849128,-0.07109312169527626,False,True,False,all
2026-09-15,EME,735.52001953125,44,4,False,-0.04956469677283459,-0.03717443549069466,0.30198973621406777,-0.22736249153919108,True,True,False,all
2026-09-15,ESE,260.0899963378906,44,4,False,-0.13796876200225683,-0.06645258794185349,0.34288520329138583,-0.28181692469603137,False,False,False,all
2026-09-15,ETR,102.91999816894531,44,3,False,-0.05753161220954528,-0.027607665602162546,0.17784391627363516,-0.1311101661411005,False,False,False,all
2026-09-15,EVRG,80.19999694824219,44,4,False,-0.03942895825622794,-0.007356982665377876,0.12640449979994273,-0.09501247503250154,False,False,False,all
2026-09-15,EWW,74.02999877929688,44,3,False,-0.025390158971128396,-0.02028318754820757,0.1534745781752005,-0.09332520029613078,False,True,False,all
2026-09-15,GPIQ,55.70000076293945,44,5,False,-0.014839303886105104,0.020406306703048438,0.16734780645114355,-0.06902893099982432,True,True,False,all
2026-09-15,ICE,156.89999389648438,44,4,False,0.035681812789081224,0.010098041755269183,0.2882830504723377,-0.1087759660512101,True,True,False,all
2026-09-15,IDCC,326.0799865722656,44,4,False,0.04779264595820032,0.022246710469543185,0.3088222981902038,-0.20969466372121992,True,True,False,all
2026-09-15,IYJ,155.85000610351562,44,4,False,-0.04827097618051135,-0.008413338638410539,0.1220303308268198,-0.08992697165830288,False,False,False,all
2026-09-15,JKHY,154.07000732421875,44,2,False,-0.02139249710379776,-0.03510522260259619,0.2728850475781368,-0.2033196762476145,False,True,False,all
2026-09-15,KYTX,6.960000038146973,44,3,False,-0.13323951539463574,-0.1740832970837315,0.8412698652979169,-0.4908558888586423,False,True,False,all
2026-09-15,MHO,142.3300018310547,44,5,False,-0.043091459964757384,0.03152557368068942,0.2187874920263091,-0.13033118265775168,False,False,False,all
2026-09-15,ODD,17.950000762939453,44,2,False,0.19235040427478212,-0.14355371469434064,0.9405406230204814,-0.720535578004111,False,False,False,all
2026-09-15,ORI,41.060001373291016,44,1,False,-0.0259247016437939,-0.008489146365287525,0.12032741238218425,-0.12189899813613359,False,False,False,all
2026-09-15,SUZ,9.229999542236328,44,3,False,0.08547365909447224,0.012200086879926353,0.22170744565933953,-0.19982664375092396,False,True,False,all
2026-09-15,XSMO,81.44000244140625,44,4,False,-0.062135776024924705,-0.008969620469709505,0.18734519302513797,-0.13065753441391992,False,False,False,all
2026-09-15,CBT,79.19999694824219,44,5,False,-0.0755288665109608,0.013769692730546401,0.3577917788796705,-0.16217076091206006,False,True,False,all
2026-09-15,TRS,38.689998626708984,44,4,False,-0.025101958002745728,0.01891265697741651,0.271442597393871,-0.14836015041142137,False,True,False,all
2026-09-15,TFPM,32.56999969482422,44,3,False,0.045371084635160486,-0.021936620700194753,0.22397590934868883,-0.21894486573317884,False,True,False,all
2026-09-15,SBET,8.329999923706055,44,3,False,0.19863012758717646,0.11494805578073652,0.8677129714032419,-0.5736950085254771,False,True,False,all
2026-09-15,EWH,22.469999313354492,44,3,False,-0.003114462833185061,-0.011195042178735792,0.0907766454978749,-0.08880780809442879,False,False,False,all
2026-09-15,VONG,124.12999725341797,44,5,False,-0.010250741322785806,0.017215528378721423,0.17960651234018088,-0.06627053577700448,True,True,False,all
2026-09-15,BW,6.980000019073486,44,3,False,-0.22971660572560526,-0.3983484749544547,1.643939296103491,-0.6831593371985352,False,True,False,all
2026-09-15,IWF,120.44999694824219,44,5,False,-0.011195800058447669,0.01612232093009003,0.17822550125224912,-0.06729133097783502,True,True,False,all
2026-09-15,EWL,60.25,44,4,False,-0.043277215162855764,-0.020150742699996615,0.1219739132961235,-0.08057376587293641,False,False,False,all
2026-09-15,INCM,29.18000030517578,44,4,False,-0.0048902833335513485,0.0057291861878494554,0.06496352961412866,-0.0257095304891104,False,True,False,all
2026-09-15,UUP,28.219999313354492,44,5,False,0.0005388925325520155,0.018039327847837017,0.06893938337585248,-0.013286750456179774,False,True,False,all
2026-09-15,QQA,55.496299743652344,44,5,False,-0.0067279672345804675,0.020943584887790134,0.15137549512909865,-0.05183152398625379,True,True,False,all
2026-09-15,SF,76.81999969482422,44,2,False,-0.047113433809838456,-0.0237604189952636,0.13287129421358612,-0.14479740161194032,False,True,False,all
2026-09-15,PRDO,32.91999816894531,44,4,False,0.0021369472026679937,0.0004162805805223435,0.2348086405612213,-0.14493511249492697,True,True,False,all
2026-09-15,AN,203.61000061035156,43,3,False,-0.006736874013555938,0.00985478018712227,0.15281398618121456,-0.1365506012536266,False,False,False,all
2026-09-15,ATHM,21.350000381469727,43,2,False,-0.026225752270479963,0.04462533428185167,0.3712267694242086,-0.28643047035331914,False,True,False,all
2026-09-15,ATR,124.68000030517578,43,4,False,-0.048316920042929645,-0.015400356577463747,0.2077883972751171,-0.1513171520168377,False,True,False,all
2026-09-15,BCC,75.93000030517578,43,2,False,-0.03733022726831081,-0.017303632078487508,0.16815385084885826,-0.17440470482364878,False,True,False,all
2026-09-15,BLK,1058.6600341796875,43,2,False,-0.040610145602554715,-0.0021861572949112285,0.15399123303667905,-0.1322031534115129,False,True,False,all
2026-09-15,ED,105.23999786376953,43,3,False,-0.03536802349192203,-0.02075363898997995,0.10825609602367625,-0.09455394627680236,False,True,False,all
2026-09-15,EFG,119.55000305175781,43,4,False,-0.028252583356349947,-9.323041945308308e-05,0.11551744979314416,-0.06191148178356376,False,False,False,all
2026-09-15,FBK,54.66999816894531,43,2,False,-0.06668900244716736,-0.02615594673011723,0.11027612318001023,-0.12744395125565067,False,False,False,all
2026-09-15,GNL,9.010000228881836,43,3,False,-6.65685963858742e-05,-0.016096248164439997,0.2045454820731223,-0.10214246478485067,False,True,False,all
2026-09-15,GTY,31.43000030517578,43,4,False,-0.06671654789291515,-0.021457563395964163,0.2378889744278554,-0.14661963772496145,True,False,False,all
2026-09-15,ICF,65.2699966430664,43,4,False,-0.04484422324279447,5.740259813591386e-05,0.10796124277928842,-0.08083376032227185,False,False,False,all
2026-09-15,IMCR,31.774999618530273,43,2,False,-0.08381606857428303,-0.025360573850506163,0.15314822234140313,-0.21957510746784026,False,True,False,all
2026-09-15,NBIX,150.02000427246094,43,5,False,-0.08530188551449613,0.013800403258284799,0.22826269053653991,-0.1939608413485976,True,True,False,all
2026-09-15,OCSL,12.380000114440918,43,2,False,-0.009837629209369259,0.007486988323509802,0.1646284083875611,-0.13487073714757292,False,True,False,all
2026-09-15,PAVE,52.84000015258789,43,4,False,-0.062325866883291337,-0.02279572805772956,0.16285215117786755,-0.12559986950616997,False,False,False,all
2026-09-15,PSLV,20.65999984741211,43,3,False,0.015303258206753156,-0.12317372729398579,0.47994267843529914,-0.45816943958367073,False,True,False,all
2026-09-15,QGRO,115.7699966430664,43,3,False,-0.009771446486699364,0.017774764165995993,0.14567039234792523,-0.04330225105908991,False,True,False,all
2026-09-15,RYTM,96.7699966430664,43,2,False,-0.10683385186693295,-0.02771253537603946,0.29892612943713304,-0.20810148068945256,False,True,False,all
2026-09-15,SAH,74.77999877929688,43,4,False,-0.13443064527482185,0.01868865332501435,0.3819995922341761,-0.342130729445839,True,True,False,all
2026-09-15,TDY,598.510009765625,43,4,False,-0.06549307039868313,-0.029953416690638335,0.23909987863604587,-0.14213019847996067,False,True,False,all
2026-09-15,UHS,176.85000610351562,43,1,False,0.065181814112937,-0.04033649366893133,0.2624928882911344,-0.2820606309059823,True,True,False,all
2026-09-15,VIS,324.04998779296875,43,4,False,-0.06145646896145007,-0.023130931148238165,0.14899120375685526,-0.10535326071158924,False,False,False,all
2026-09-15,DCI,87.05999755859375,43,2,False,-0.056802079306954134,-0.04817509697289324,0.09619742591023894,-0.22846507990039866,False,True,False,all
2026-09-15,DD,128.0399932861328,43,4,False,-0.0658365356986047,-0.06574588532888714,0.3844352706731371,-0.18951768104262023,False,True,False,all
2026-09-15,COF,206.85000610351562,43,2,False,-0.02624086297326711,-0.003944702778756581,0.18715564498550785,-0.2033200029525556,False,True,False,all
2026-09-15,CL,87.0,43,4,False,-0.04607354910342809,-0.011002315890924264,0.16700196430037084,-0.12413169841702165,False,False,False,all
2026-09-15,LAND,9.420000076293945,43,2,False,0.0781609604208926,-0.02238802733222911,0.18939393756949352,-0.2753846095158503,False,False,False,all
2026-09-15,CMG,34.83000183105469,43,2,False,-0.008285588502974006,-0.004709220807774028,0.24215409036478786,-0.18659500048374134,False,True,False,all
2026-09-15,TXNM,58.20000076293945,43,3,False,0.010704448482900863,-0.003993426441129766,0.04601008988809041,-0.022341643602048267,False,False,False,all
2026-09-15,CNX,35.38999938964844,43,3,False,0.006484250850129936,-0.0437177106700376,0.21115674953058794,-0.18867491388727364,False,False,False,all
2026-09-15,FIGR,33.279998779296875,43,2,False,0.030056702086779907,-0.09788909892462638,0.38034002226479413,-0.5733333489833734,False,False,False,all
2026-09-15,KRG,25.780000686645508,43,4,False,-0.05756250914214178,-0.00498085918534219,0.20862638438145265,-0.1383689632049373,True,True,False,all
2026-09-15,SMIN,69.30999755859375,43,2,False,-0.02051675296087374,0.022967661294614805,0.19955000039612636,-0.0873058292028378,False,False,False,all
2026-09-15,TXRH,169.67999267578125,43,4,False,-0.13908491177665527,-0.057492290688315295,0.103035758018998,-0.21553402551187661,False,False,False,all
2026-09-15,MRSH,179.75999450683594,43,3,False,-0.03259661239591116,0.010431997275788252,0.14789264048949735,-0.13506234459371702,False,True,False,all
2026-09-15,PENN,17.739999771118164,43,6,False,-0.07523251423995947,0.0655358442090006,0.5227468113304699,-0.20661899432572328,False,False,False,all
2026-09-15,XLP,83.7300033569336,43,4,False,-0.014653644645274189,0.0025618205369479785,0.11402340709497105,-0.07111156064031388,False,False,False,all
2026-09-15,PLD,135.83999633789062,43,4,False,-0.041791836575473584,-0.013174050658213865,0.22345310124618245,-0.11418330008937361,False,True,False,all
2026-09-15,CI,288.8999938964844,43,6,False,0.018451975331697623,0.032376360530734116,0.20621268641145907,-0.0842235623717209,False,True,False,all
2026-09-15,AAAU,42.36000061035156,42,3,False,0.006089753072239024,-0.05201814044076247,0.18290977341167824,-0.22573567320029753,False,False,False,all
2026-09-15,ALG,169.47000122070312,42,2,False,0.026871854975614173,-0.013566291639044104,0.16266470641747466,-0.229261426881339,False,False,False,all
2026-09-15,AOM,49.06999969482422,42,5,False,-0.008234075806692664,0.005254685984300123,0.053004319776422726,-0.021730465628064133,False,False,False,all
2026-09-15,ARQT,23.510000228881836,42,1,False,-0.09860169875971081,-0.07635400790535729,0.4188292493587302,-0.2599937082110847,False,False,False,all
2026-09-15,AVS,8.600000381469727,42,4,False,0.11547216522049597,0.005676855556491445,0.37600006103515615,-0.21497029289249292,False,True,False,all
2026-09-15,BANC,18.600000381469727,42,2,False,-0.048758762347969165,-0.03380887503884655,0.21330727162672702,-0.1518467796336569,True,True,False,all
2026-09-15,BCO,108.8499984741211,42,1,False,-0.03334151859944501,-0.033544501125895465,0.19549692285287223,-0.2018038984266115,False,True,False,all
2026-09-15,DIS,106.41999816894531,42,3,False,0.04112449370855242,0.022971663339971693,0.15435508570013656,-0.09112647111333516,False,True,False,all
2026-09-15,DOW,29.850000381469727,42,3,False,-0.011707203775811137,-0.05830614030079584,0.44552062629017364,-0.3015910339444673,False,True,False,all
2026-09-15,ECH,39.130001068115234,42,2,False,-0.025414417170497527,-0.04742079135578858,0.24301148783738058,-0.18223610625028397,False,False,False,all
2026-09-15,FXY,59.130001068115234,42,3,False,0.028455160085528064,0.019258717595829866,0.05664764180673765,-0.06528607908628647,False,True,False,all
2026-09-15,IAU,80.77999877929688,42,3,False,0.006007633198867213,-0.05237400538836734,0.1818580919190813,-0.22624523372949423,False,False,False,all
2026-09-15,IAUM,42.81999969482422,42,3,False,0.0060759155171661305,-0.05171288167937882,0.18385407416438393,-0.22525783715984438,False,False,False,all
2026-09-15,IIPR,56.40999984741211,42,5,False,-0.04604873943347154,0.03048243868763789,0.2653655794180918,-0.13719788594113047,True,True,False,all
2026-09-15,JETS,27.8799991607666,42,4,False,-0.08435257158440401,-0.021005570444962984,0.18487030799748094,-0.18144456733259595,False,False,False,all
2026-09-15,LRMR,3.9100000858306885,42,3,False,-0.01637692546618852,-0.008432109809474397,0.44014740679172437,-0.390965725955598,False,True,False,all
2026-09-15,NTST,19.290000915527344,42,4,False,-0.07851488494824388,-0.02695908980583972,0.13337252624621465,-0.14152196239441783,False,True,False,all
2026-09-15,NU,14.1899995803833,42,0,False,-0.012910792976838614,-0.050181760632911354,0.26696426982478183,-0.2523709208313628,False,True,False,all
2026-09-15,OCFC,18.600000381469727,42,2,False,-0.03528970304359258,-0.01349546641263033,0.09090916209779265,-0.09752548128854954,False,True,False,all
2026-09-15,OUNZ,41.290000915527344,42,3,False,0.005973987253114599,-0.05238937033498925,0.18190923980025775,-0.22605431871649984,False,False,False,all
2026-09-15,QDVO,29.360000610351562,42,5,False,-0.009112364220353442,0.007563613351606158,0.14019419846025483,-0.051985751976064365,True,True,False,all
2026-09-15,SGOL,40.900001525878906,42,3,False,0.005897697494016807,-0.052224920141430875,0.18242270440750286,-0.2259651512533959,False,False,False,all
2026-09-15,SHOP,129.86000061035156,42,1,False,-0.042481491739535304,-0.006777632598978456,0.3814893681952294,-0.2872276257193884,False,False,False,all
2026-09-15,TCHP,49.439998626708984,42,3,False,-0.012460124790383387,0.0059591222575512415,0.17003898655715344,-0.0717236165078845,True,True,False,all
2026-09-15,TM,195.47000122070312,42,2,False,0.04087458555402468,-0.033148786705777034,0.17682115615868033,-0.21466449974282598,False,True,False,all
2026-09-15,D,63.869998931884766,42,4,False,-0.0642087506623269,-0.005541398069600967,0.14359893781339772,-0.1249486121222606,False,False,False,all
2026-09-15,CHD,94.51000213623047,42,4,False,-0.04442883399995412,-0.007929924308967329,0.1620558220637245,-0.1087325413028033,False,False,False,all
2026-09-15,EWM,27.549999237060547,42,3,False,-0.01812637725803612,-0.0287737091896334,0.09195401256113467,-0.10084857095760358,False,True,False,all
2026-09-15,FIDU,89.58000183105469,42,4,False,-0.061496180493286534,-0.024097407014759487,0.14449988083639687,-0.1041999816894531,False,False,False,all
2026-09-15,HLIT,11.619999885559082,42,4,False,-0.04827429323546906,0.014112029023020334,0.3719007696838317,-0.3427601988130423,True,True,False,all
2026-09-15,CUBE,39.93000030517578,42,5,False,-0.021865332333546372,0.018402927769896715,0.1379310382314416,-0.07697637876929542,False,False,False,all
2026-09-15,CXT,47.540000915527344,42,1,False,-0.06786505796999909,-0.005663975451294823,0.33127981333941237,-0.31101447948511096,False,True,False,all
2026-09-15,SPYI,53.20000076293945,42,3,False,-0.004878325415257678,0.011259783873860396,0.11366967245430049,-0.023315594442853915,True,False,False,all
2026-09-15,CEF,43.369998931884766,42,2,False,0.00905048261587127,-0.07182100515856815,0.28199812546485625,-0.29341808117996326,False,True,False,all
2026-09-15,GLDM,85.0,42,3,False,0.0060314588942655956,-0.051914907046544556,0.1836791935641524,-0.2254419386309957,False,False,False,all
2026-09-15,NWN,48.22999954223633,42,3,False,-0.03751747365050595,-0.03364220519650751,0.16216866366834526,-0.13859621188786087,False,False,False,all
2026-09-15,IWMI,50.790000915527344,42,4,False,-0.03124393849605589,-0.0018322166862101419,0.11283964931531032,-0.056999622354890644,False,False,False,all
2026-09-15,HLT,307.7900085449219,42,4,False,-0.043037331954952296,-0.019393700452329465,0.21397024806877374,-0.1402513727795478,False,True,False,all
2026-09-15,PAAS,48.41999816894531,42,3,False,0.013106325364427684,-0.08126501073612802,0.46372416834299623,-0.30818688888673296,False,True,False,all
2026-09-15,ALX,245.64999389648438,41,4,False,-0.08794763552967744,-0.007180134017192752,0.22043916626728088,-0.15126282654589673,False,False,False,all
2026-09-15,ARKF,44.8849983215332,41,3,False,0.03916335088940981,0.04953455704035381,0.25300095138481127,-0.2418074705561113,False,False,False,all
2026-09-15,BAR,42.27000045776367,41,3,False,0.005475777178624686,-0.052621304849545525,0.18138630240038078,-0.22617848132240415,False,False,False,all
2026-09-15,BKH,69.95999908447266,41,4,False,-0.045735431269969595,-0.03751306898829332,0.20413082481635936,-0.11094170906188605,False,False,False,all
2026-09-15,DLTR,112.79000091552734,41,3,False,-0.11084797062495433,-0.041149216223492435,0.3314839113981498,-0.20793535287987153,False,False,False,all
2026-09-15,EUAD,42.685001373291016,41,2,False,-0.03958434781602904,-0.01458496620846661,0.13463590072336284,-0.11880671793092834,False,True,False,all
2026-09-15,FLOC,20.540000915527344,41,3,False,-0.02537624041737152,-0.05524120937980015,0.4640057951859635,-0.27317760972502125,False,False,False,all
2026-09-15,FLTR,25.56999969482422,41,6,False,0.0003677410188438479,0.0018767917129902667,0.009076540680795553,-0.0015619255983607694,False,False,False,all
2026-09-15,FSS,113.08000183105469,41,4,False,-0.05991033084173403,-0.02049568660934753,0.11750172055320696,-0.15931896179426397,True,True,False,all
2026-09-15,FSTA,52.66999816894531,41,4,False,-0.01653979025611163,-0.004328097922785101,0.10004170831190495,-0.0748287741681809,False,False,False,all
2026-09-15,ITRI,92.30000305175781,41,1,False,-0.025660052099505615,9.05041306415999e-05,0.18683305948151707,-0.34999997850874776,True,True,False,all
2026-09-15,JAAA,50.63999938964844,41,3,False,0.000932927251839244,0.0008755576061489911,0.006359294450813291,-0.0035419186591241214,False,False,False,all
2026-09-15,JEPQ,59.08000183105469,41,5,False,-0.005259899781836053,0.004525326056962875,0.10409276180597504,-0.04277380650412055,True,True,False,all
2026-09-15,LKFN,60.75,41,5,False,-0.007447008190399784,0.014380831447438513,0.11754965632637648,-0.09084106139698755,False,True,False,all
2026-09-15,MINT,100.62000274658203,41,5,False,-5.5628853328215655e-05,0.0006270344644891956,0.003390546184922183,-0.001983703122868108,False,False,False,all
2026-09-15,ROP,383.94000244140625,41,1,False,-0.01304221554514673,0.0251690337101782,0.25486996066208656,-0.26346688753973346,False,True,False,all
2026-09-15,SDIV,24.549999237060547,41,3,False,-0.009689343670996498,-0.02006377633918166,0.07205238628891175,-0.07148264972848772,False,False,False,all
2026-09-15,SPPP,14.329999923706055,41,2,False,0.028921822711787337,-0.08478949992493301,0.18822549130238775,-0.39815202666410965,False,False,False,all
2026-09-15,USDU,26.420000076293945,41,4,False,-0.0020548118182608377,0.007618162976862353,0.05091490523951858,-0.030458712796552434,False,True,False,all
2026-09-15,USFR,50.470001220703125,41,6,False,0.0008805268041716108,0.0015260265184966482,0.004778054562094791,-0.0007918650199801869,False,False,False,all
2026-09-15,VBIL,75.61000061035156,41,6,False,0.00011376266121754242,0.0007925291860275685,0.00398357537489491,-0.0015846129837923106,False,False,False,all
2026-09-15,VDC,225.88999938964844,41,4,False,-0.01735773895444348,-0.005201018709016125,0.099488940107191,-0.07547170753985766,False,False,False,all
2026-09-15,WMG,29.049999237060547,41,3,False,0.054676130615218366,0.014930456260930702,0.24464434649284028,-0.1798418763745081,False,True,False,all
2026-09-15,WWW,19.1200008392334,41,3,False,-0.011058318707660275,0.07225980973599233,0.4194506651966725,-0.39224407515414605,False,True,False,all
2026-09-15,CLOA,51.89500045776367,41,6,False,0.00048198593454995553,0.0010975617867006182,0.007083285214698032,-0.0029778824508899238,False,False,False,all
2026-09-15,CLOI,52.88999938964844,41,3,False,0.00038659720601441627,0.0014265786109179945,0.010083646210101715,-0.004891855668223699,False,False,False,all
2026-09-15,MCO,467.1600036621094,41,2,False,-0.04628174523368245,-0.012284591744023299,0.1612807126371889,-0.14577238244025004,False,True,False,all
2026-09-15,TRP,61.09000015258789,41,3,False,-0.06178489512146834,-0.026080131474651824,0.2399025692105854,-0.14523577572163804,True,False,False,all
2026-09-15,BBAR,14.5600004196167,41,1,False,-0.148995840233758,-0.13914409022341567,0.8762886585268437,-0.35202488364281703,True,True,False,all
2026-09-15,TFLO,50.58000183105469,41,6,False,2.376511725610264e-05,0.0005074106840423642,0.003770637898544704,-0.0017761267247445867,False,False,False,all
2026-09-15,GLTR,194.3300018310547,41,2,False,0.00913535480190153,-0.08262618196171756,0.2729594993406117,-0.3422353092838347,False,True,False,all
2026-09-15,CEVA,27.90999984741211,41,4,False,-0.16030856340465127,-0.035624206042282225,0.6398354345919517,-0.45910851409405007,True,True,False,all
2026-09-15,CBOE,270.44000244140625,41,2,False,-0.06503089129018669,-0.054927361041856027,0.19057895535163327,-0.27140468835121045,False,True,False,all
2026-09-15,GLD,394.1499938964844,41,3,False,0.006122744549484915,-0.052679018067431915,0.18076150139062008,-0.22670201205255702,False,False,False,all
2026-09-15,PTIR,18.030000686645508,41,3,False,0.15007786292236314,0.01812641294461037,1.2982793076919945,-0.5578714755676022,True,True,False,all
2026-09-15,PAAA,51.439998626708984,41,6,False,0.0008813853982998499,0.001459815478443094,0.005473001957231993,-0.0019402849639498232,False,False,False,all
2026-09-15,REET,26.520000457763672,41,4,False,-0.0515292642220353,-0.008373838863064975,0.07608033942678771,-0.08740533567991038,False,True,False,all
2026-09-15,DFGR,28.200000762939453,41,4,False,-0.039983638559695,-0.0009227039378311153,0.08386506047060593,-0.07313060081890921,False,False,False,all
2026-09-15,UTHR,500.3500061035156,41,3,False,-0.03827856122831419,-0.04544407947395479,0.26312736612927834,-0.1788790905876544,False,False,False,all
2026-09-15,ADBE,257.760009765625,40,2,False,0.013527903824348764,-0.0310874114133336,0.35577538599632863,-0.30496678006046574,False,False,False,all
2026-09-15,APEI,44.7599983215332,40,3,False,-0.0807638455940255,-0.07548266209453547,0.48211911227702187,-0.27325867493681966,True,True,False,all
2026-09-15,BIL,91.51000213623047,40,3,False,-0.000220667647732542,-4.587014003709644e-05,0.0027394257522239673,-0.002833110126909677,False,False,False,all
2026-09-15,BILS,99.19999694824219,40,1,False,-0.0007333649502756501,-0.0008954981998645639,0.0012110932072055824,-0.0032154311255848667,False,False,False,all
2026-09-15,BILZ,100.75,40,1,False,-0.0004454580776135364,-0.0008162059101540775,0.001192514656239485,-0.004446610294586595,False,False,False,all
2026-09-15,BKLN,20.649999618530273,40,3,False,0.007395680491799839,0.0022544503480075306,0.026852262147657457,-0.01993355872696656,False,False,False,all
2026-09-15,FLOT,50.970001220703125,40,5,False,-2.35177996574798e-05,0.0006213642184083046,0.005920723556324781,-0.0023487753283689683,False,False,False,all
2026-09-15,FLRN,30.799999237060547,40,5,False,0.0002597789996923172,0.0007359030279958656,0.005550116909950553,-0.002267625535140372,False,False,False,all
2026-09-15,FREL,28.540000915527344,40,4,False,-0.04003010523812356,-0.002659308675991179,0.08229048188217769,-0.07697280578570642,False,True,False,all
2026-09-15,GGOV,50.11000061035156,40,4,False,-8.339415609848189e-05,0.008945823273252884,0.04287203758584357,-0.02793401839031906,False,True,False,all
2026-09-15,IBDR,24.200000762939453,40,1,False,-0.00012392131447935828,-0.0006984467110414672,0.002901019668772653,-0.0049341666690194685,False,False,False,all
2026-09-15,IBTG,22.854999542236328,40,1,False,-0.00019687505814047768,-0.0009573194449242761,0.0015337356652134204,-0.004139486603265685,False,True,False,all
2026-09-15,ICL,5.579999923706055,40,4,False,0.03667371367364991,0.02496279049130723,0.17226883516701919,-0.19942609875564654,False,False,False,all
2026-09-15,IYR,99.30999755859375,40,4,False,-0.04521919681926678,-0.006862781768378845,0.07420228054947486,-0.08190811463742076,False,False,False,all
2026-09-15,PCRX,24.079999923706055,40,5,False,-0.0524236453418192,0.008501900067959811,0.28085111175095223,-0.1294287759745234,False,True,False,all
2026-09-15,PMMF,100.30999755859375,40,2,False,0.00014934425703083676,-0.00010408807606099302,0.0020978929837540683,-0.0025852852443017937,False,True,False,all
2026-09-15,SGOV,100.52999877929688,40,4,False,-0.00021880258610196268,6.713718434325777e-05,0.002593020294555437,-0.0019855511860553676,False,False,False,all
2026-09-15,SGVT,100.62000274658203,40,5,False,-0.00011464614224598879,0.00015548729884184986,0.002540775053456734,-0.0016866570830551542,False,False,False,all
2026-09-15,TCMD,22.510000228881836,40,2,False,-0.1336109613773847,-0.16119120342900228,0.683494109700717,-0.4040243591192524,True,True,False,all
2026-09-15,VRIG,25.100000381469727,40,3,False,0.0006937269108031607,0.00036768197620373755,0.004000015258789125,-0.0031771216336963226,False,False,False,all
2026-09-15,XHLF,50.18000030517578,40,1,False,-0.0009357434868226822,-0.0016586585802995657,0.0007977845236193382,-0.004759973670870776,False,False,False,all
2026-09-15,BSCQ,19.565000534057617,40,3,False,0.0014127016516647384,0.0007939098621256857,0.0033333607209034,-0.0028032774119866044,False,False,False,all
2026-09-15,CLIP,100.18000030517578,40,1,False,-0.00030535515163965243,-0.00039836895922518156,0.0012993228331108497,-0.002687871092773908,False,False,False,all
2026-09-15,GBIL,99.97000122070312,40,1,False,-0.0005198761653664175,-0.0007843583223661188,0.0012018302295029315,-0.0028924886230632385,False,False,False,all
2026-09-15,SHV,110.16999816894531,40,1,False,-0.0004137523107027308,-0.0005393450990218707,0.00136340238552779,-0.002986441909997195,False,False,False,all
2026-09-15,KNG,49.90999984741211,40,4,False,-0.025050598927305545,-0.006409764992557854,0.04677012432808758,-0.061842121585442666,False,False,False,all
2026-09-15,SBIL,100.20999908447266,40,4,False,0.00032501533419537765,0.00036970394156954356,0.002049915871055852,-0.004964750318194433,False,False,False,all
2026-09-15,OZK,49.15999984741211,40,5,False,-0.02635342279191022,0.013319918372014294,0.1602549229808372,-0.07957311387646304,False,True,False,all
2026-09-15,PULS,49.59000015258789,40,1,False,-0.00048776167643982404,-0.0011269757834712069,0.0018181849007654627,-0.005016051349009065,False,False,False,all
2026-09-15,SYY,79.5999984741211,40,4,False,-0.03927160338800961,0.00021987697867009715,0.16732652330551145,-0.1333696266032216,False,False,False,all
2026-09-15,VNQ,94.0999984741211,40,4,False,-0.03886225835171164,-0.00166514535885387,0.08360205484097571,-0.07563854957569927,False,False,False,all
2026-09-15,XLRE,43.06999969482422,40,4,False,-0.03648257905539509,-0.0017128812009572503,0.08420393578824759,-0.07286625772916511,False,False,False,all
2026-09-15,FTHI,23.670000076293945,40,2,False,-0.008511633156856657,-0.0014343536912263533,0.05811350864057885,-0.029520267788939458,True,False,False,all
2026-09-15,PHYS,32.43000030517578,40,3,False,0.0035276777860200337,-0.05587319819759862,0.16445241870637117,-0.22914189350076053,False,False,False,all
2026-09-15,SBS,5.239999771118164,40,1,False,-0.006107545825333682,-0.05808932809633771,0.18391315660049368,-0.26795197307861873,False,False,False,all
2026-09-15,TBIL,49.93000030517578,40,3,False,0.0001282034023029066,7.912436451040783e-05,0.0018057815471981264,-0.0017992833219561133,False,False,False,all
2026-09-15,CME,275.0899963378906,40,4,False,0.04063107942062549,-0.01336260353738472,0.2600888617758208,-0.1642666384817607,False,True,False,all
2026-09-15,TBLL,105.73500061035156,40,3,False,0.0006681586789987204,0.0008018504526958736,0.002607638235029963,-0.0015580822771472658,False,True,False,all
2026-09-15,VGUS,75.5250015258789,40,4,False,-0.0005195409562064324,-0.00038004129211022253,0.002189502576844138,-0.006249979922645976,False,False,False,all
2026-09-15,AMH,31.6200008392334,39,4,False,-0.05717196636172117,-0.002345819129427884,0.1616459087756188,-0.09837464743690849,False,False,False,all
2026-09-15,BHC,5.670000076293945,39,2,False,-0.028377527586675444,-0.031108742412795376,0.3094688628633928,-0.29124999046325684,True,True,False,all
2026-09-15,BKU,44.599998474121094,39,4,False,-0.047004509219657375,-0.04401807295003113,0.27065528242128734,-0.14411825078233864,False,False,False,all
2026-09-15,DLB,60.36000061035156,39,3,False,0.043117611861255734,0.0010888362339209756,0.25072529443954505,-0.1732639522770466,True,True,False,all
2026-09-15,DUSB,50.68000030517578,39,2,False,-0.00175106138305825,-0.001670736412678564,0.0025717323457430386,-0.0045177674901921705,True,False,False,all
2026-09-15,ETH,23.049999237060547,39,3,False,0.1570006894150675,0.06703820401933358,0.5863729979812691,-0.48589272426140706,False,False,False,all
2026-09-15,FTSM,59.68000030517578,39,1,False,-0.0020350550684949953,-0.003561577545901251,0.00016762420877158846,-0.020193720986991348,False,False,False,all
2026-09-15,GSST,50.40999984741211,39,1,False,-0.001400535197931485,-0.0021737024301897723,0.0007941416790864242,-0.008262875634719724,False,False,False,all
2026-09-15,GSY,50.119998931884766,39,1,False,-0.000837310914304279,-0.0016632523821118461,0.0013985953225026382,-0.005358215142569289,False,False,False,all
2026-09-15,IBDS,24.110000610351562,39,1,False,-0.002142203822041222,-0.004548458808486422,0.0,-0.011074592276833717,False,False,False,all
2026-09-15,ICSH,50.380001068115234,39,1,False,-0.0019967779860610158,-0.003467469439104587,0.0,-0.007681689701241612,False,False,False,all
2026-09-15,JMST,50.779998779296875,39,1,False,-0.0020517308407345114,-0.0033633299675265294,0.0005911089516625889,-0.006845340925224819,False,False,False,all
2026-09-15,LGIH,50.779998779296875,39,5,False,-0.11085120798775805,0.003970979546023434,0.5135618460224418,-0.23350945238797172,False,False,False,all
2026-09-15,PHO,68.52999877929688,39,1,False,-0.026695237425301,-0.019306220229334592,0.07853317267658588,-0.0854130721982237,False,False,False,all
2026-09-15,SPLV,73.41999816894531,39,4,False,-0.030651612355362623,-0.009255029930539393,0.05443057683506236,-0.06851054994654482,False,True,False,all
2026-09-15,SRLN,40.619998931884766,39,3,False,0.003746109191932412,0.0010769595984916336,0.0312261884055669,-0.024261400680194556,False,False,False,all
2026-09-15,TREX,43.630001068115234,39,5,False,-0.04768762734235654,0.05081510866964467,0.46556937847601,-0.28557391049384684,False,True,False,all
2026-09-15,TRI,102.61000061035156,39,3,False,0.02647158988411813,0.01815079100629924,0.34517569811761595,-0.4082126940910671,False,True,False,all
2026-09-15,TUSI,25.290000915527344,39,1,False,-0.0012558018671151583,-0.0024203471052333114,0.0023781757582108654,-0.010176059855065422,False,False,False,all
2026-09-15,UYLD,50.91999816894531,39,1,False,-0.0028301771467196257,-0.004399876110310896,0.0006091341943770257,-0.010493605229975222,False,False,False,all
2026-09-15,WLFC,54.310001373291016,39,3,False,-0.11085051405249546,-0.09896073701612251,1.3669073818192823,-0.3339464991738721,True,True,False,all
2026-09-15,WMK,72.05000305175781,39,4,False,-0.027864690888135812,0.010798968185591562,0.20103352285152387,-0.13959869966833904,True,True,False,all
2026-09-15,DCH,6.099999904632568,39,2,False,0.005936657203692741,-0.04276939496339349,0.23983735976432619,-0.34054055085053314,False,True,False,all
2026-09-15,CSHI,49.599998474121094,39,2,False,-0.0030203165896024453,-0.0029374467728242593,0.0010090663537922762,-0.0066092895861744605,False,False,False,all
2026-09-15,CLF,11.789999961853027,39,4,False,0.044490509630145336,0.03123441644619973,0.525226381987276,-0.2940120105852133,False,True,False,all
2026-09-15,CWST,90.33999633789062,39,2,False,-0.023718683353701975,-0.019044732534321707,0.21998639587829327,-0.16320862260100022,False,True,False,all
2026-09-15,JPST,50.34000015258789,39,1,False,-0.002437426983241231,-0.00427051699088421,0.0,-0.008860026675090671,False,False,False,all
2026-09-15,PECO,37.97999954223633,39,4,False,-0.07048914687908436,-0.02131627775340006,0.1516070366707154,-0.14411268637213903,True,True,False,all
2026-09-15,TFIN,64.69999694824219,39,5,False,-0.13414008399201338,-0.03933247808306639,0.393495509863905,-0.22533525444515934,False,True,False,all
2026-09-15,VOT,289.739990234375,39,5,False,-0.03562280676103924,0.010391580541753376,0.16722392628326,-0.0806282854330489,False,False,False,all
2026-09-15,BSCR,19.6200008392334,39,1,False,-8.659895651141891e-05,-0.002473435133777846,0.002554989534435448,-0.009090828523378836,False,False,False,all
2026-09-15,RIVN,15.539999961853027,39,1,False,-0.04692980860468954,-0.047756191069878606,0.254237250302247,-0.31511680933953534,False,True,False,all
2026-09-15,MPWR,1142.4599609375,39,3,False,-0.12896712655183762,-0.09316271048951463,0.3748013970367028,-0.33348891614872,False,True,False,all
2026-09-15,MAIN,56.540000915527344,39,4,False,0.005942445368313898,0.0013531029231208525,0.15505618047577974,-0.15938151769591835,False,True,False,all
2026-09-15,TBUX,49.7599983215332,39,1,False,-0.001548272093877312,-0.0019083624648854602,0.0030235377814193942,-0.007578800812544251,False,False,False,all
2026-09-15,CLOZ,26.190000534057617,39,1,False,-0.003376858459403498,-0.003391836919471536,0.038049980548521045,-0.027478639537034888,False,True,False,all
2026-09-15,VUSB,49.540000915527344,39,1,False,-0.0026714684523490018,-0.004548837292970731,0.0,-0.009794081065864435,False,True,False,all
2026-09-15,PLOW,39.349998474121094,39,3,False,-0.08273778673617571,-0.06401454479226099,0.37973344468896375,-0.28454548228870735,False,True,False,all
2026-09-15,TEX,58.36000061035156,39,5,False,-0.09983000819421894,-0.05388140882021519,0.39952037272427465,-0.21863705043878467,False,True,False,all
2026-09-15,AMZU,34.189998626708984,38,1,False,-0.07872972282506463,-0.03431177170660615,0.3932354258827977,-0.27471363874864985,True,True,False,all
2026-09-15,ARCC,19.3700008392334,38,2,False,-0.0029340199932392785,0.0044128195665704695,0.11321846344210007,-0.11350112123291012,True,False,False,all
2026-09-15,ARCO,7.78000020980835,38,3,False,-0.043426919756404336,-0.05048419222218603,0.18960248550276493,-0.20205126053247702,False,True,False,all
2026-09-15,ARKQ,118.94999694824219,38,3,False,-0.02377574230802415,-0.040144690814846395,0.2094560121375253,-0.17633782512596885,True,True,False,all
2026-09-15,AROC,30.579999923706055,38,3,False,-0.11189846757484767,-0.08326875677605505,0.33653850722787615,-0.27587022838772535,False,False,False,all
2026-09-15,AXS,100.54000091552734,38,2,False,-0.04431836959345914,-0.022990422084342543,0.1415919298729824,-0.1620968188558909,True,True,False,all
2026-09-15,EWQ,44.290000915527344,38,4,False,-0.037713607482311895,-0.02545498804656665,0.06517554028698114,-0.08472821917410822,False,False,False,all
2026-09-15,FDUS,19.1200008392334,38,2,False,-0.03511335661690218,0.0035613193182162384,0.133372844580264,-0.11069763538449306,False,False,False,all
2026-09-15,FLDR,49.95000076293945,38,1,False,-0.002655970591749268,-0.004563248003063403,0.01899263013795216,-0.013235839254893578,False,False,False,all
2026-09-15,FLS,71.02999877929688,38,4,False,-0.05710972508718726,-0.06774746394688314,0.45822213332660877,-0.23136028606802106,False,True,False,all
2026-09-15,FXE,106.48999786376953,38,3,False,0.0008289110865011828,-0.007953905577919862,0.01806882808049015,-0.04527526457151754,False,False,False,all
2026-09-15,GE,307.04998779296875,38,4,False,-0.12500929894825785,-0.04695559712686914,0.14183177870460706,-0.21034361000726054,False,True,False,all
2026-09-15,GSBD,9.640000343322754,38,4,False,0.028178965433050207,0.029936572715663745,0.15380022399647886,-0.1566054168032237,True,True,False,all
2026-09-15,HOV,118.36000061035156,38,3,False,-0.07427829581225331,0.0035015752537248535,0.2932692848751166,-0.269653200089937,False,True,False,all
2026-09-15,IBOC,71.48999786376953,38,4,False,-0.029694187672538508,-0.00044045815234416974,0.13117083861953582,-0.08883509179243032,False,False,False,all
2026-09-15,IBTH,22.309999465942383,38,1,False,-0.0013429032169260946,-0.004254592054532047,0.0008971982769685471,-0.010643005731181043,False,False,False,all
2026-09-15,JBBB,47.380001068115234,38,1,False,-0.001125770531504533,-0.0013557781328108476,0.020680804330840186,-0.019453614086211823,False,False,False,all
2026-09-15,JGRO,93.02999877929688,38,5,False,-0.012420393524526951,0.0032011092705261923,0.14625424570710277,-0.06718143339128757,True,True,False,all
2026-09-15,KIM,22.989999771118164,38,4,False,-0.06777394060165198,-0.006153727898700612,0.16346151340197146,-0.13733583113701953,False,False,False,all
2026-09-15,MAS,68.87999725341797,38,4,False,-0.07716550822521218,-0.013759161751387583,0.18431907555245397,-0.1764706150638401,False,True,False,all
2026-09-15,MELI,1828.93994140625,38,0,False,-0.025624129270523266,-0.014891149291932138,0.22337119826505014,-0.2823465013120463,False,True,False,all
2026-09-15,NICE,103.9800033569336,38,1,False,0.03311167119531877,-0.0054618958109241555,0.25126360127810266,-0.32339921712320574,False,True,False,all
2026-09-15,NNI,127.44999694824219,38,1,False,-0.021321318293874403,-0.03270110127338921,0.09286566580858335,-0.11726005930192152,True,False,False,all
2026-09-15,PSA,296.67999267578125,38,4,False,-0.06453535471906047,-0.006355825200301202,0.15646676071514443,-0.1158396558821213,False,True,False,all
2026-09-15,TSPY,25.079999923706055,38,2,False,-0.015414953800715447,-0.004049523243922715,0.1065519042853531,-0.059617553357309006,False,False,False,all
2026-09-15,VNLA,48.720001220703125,38,1,False,-0.0034412882579613058,-0.0063866722497641915,0.0,-0.01450328802256673,False,False,False,all
2026-09-15,YEAR,50.08000183105469,38,1,False,-0.003125941348528949,-0.006171895988954623,0.00019976305754809687,-0.012812886202383522,False,True,False,all
2026-09-15,VERA,33.66999816894531,38,2,False,-0.03645562185777418,-0.14990208143530415,0.48195418954764513,-0.39928637596336425,False,False,False,all
2026-09-15,SON,48.279998779296875,38,4,False,-0.13173278218128204,-0.06189494373320692,0.24915903941090423,-0.20421954447973611,False,False,False,all
2026-09-15,XLC,114.02999877929688,38,2,False,0.02652046339004621,-8.76982310790142e-05,0.08568980390937653,-0.05294630675330525,False,True,False,all
2026-09-15,CALI,50.125,38,1,False,-0.004537121755685325,-0.006708405770581183,0.001698622760142321,-0.024615672400713162,False,False,False,all
2026-09-15,MEAR,49.93000030517578,38,1,False,-0.0048372897849215946,-0.007588179273495754,0.0012031556963330026,-0.01693247873300685,False,False,False,all
2026-09-15,MYRG,271.2900085449219,38,3,False,-0.20233220753179781,-0.16528206071857643,0.5817737579958291,-0.46126654765152764,False,True,False,all
2026-09-15,LYFT,15.6899995803833,38,0,False,-0.035660303922787295,-0.00765763367600214,0.2592294969781306,-0.3856695764312059,False,True,False,all
2026-09-15,REG,74.05000305175781,38,4,False,-0.051543236189104946,-0.026577484200613122,0.10753817492925744,-0.11486971300126836,True,False,False,all
2026-09-15,CPA,125.76000213623047,38,4,False,-0.08043285641141484,-0.04198110520481413,0.17051376841521626,-0.21630210519369353,True,True,False,all
2026-09-15,UAL,106.91999816894531,38,2,False,-0.0968618326393359,-0.016605150360235132,0.26323250165360634,-0.22951650301156834,False,False,False,all
2026-09-15,STRL,459.0199890136719,38,3,False,-0.18771757104581155,-0.12969569115165058,0.6301584306520571,-0.5435725157538713,True,True,False,all
2026-09-15,MUX,18.56999969482422,38,2,False,-0.012370648950086216,-0.12384997980122747,0.4235338893228979,-0.37474750108436294,False,True,False,all
2026-09-15,DORM,125.18499755859375,37,2,False,-0.06556393746183664,0.010693667573933308,0.27155918170730753,-0.2366768441549162,True,True,False,all
2026-09-15,DSGX,79.77999877929688,37,3,False,0.05280936604705322,0.05916829942414603,0.27525570696930424,-0.24192321932037641,False,False,False,all
2026-09-15,EPAM,123.51000213623047,37,2,False,0.20325233574895485,-0.09450012363105176,0.6905284186079539,-0.44497369876532233,False,True,False,all
2026-09-15,ETHA,18.200000762939453,37,3,False,0.15469050790591887,0.05833186337281937,0.5791758234574598,-0.4950055410487454,False,False,False,all
2026-09-15,ETHW,17.260000228881836,37,3,False,0.15525690492722388,0.058827515038728295,0.5791399585513783,-0.49399003459285074,False,False,False,all
2026-09-15,FETH,24.049999237060547,37,3,False,0.15593875039805183,0.059339501141451256,0.5801576094029528,-0.49411024876094556,False,False,False,all
2026-09-15,FTSL,44.900001525878906,37,2,False,0.0005392963443171528,-0.005948779025822359,0.011945066638558766,-0.027085589570328694,False,False,False,all
2026-09-15,GPCR,38.95000076293945,37,2,False,-0.2071908291351029,-0.2854204090116058,0.943612723727987,-0.5895679648401488,False,False,False,all
2026-09-15,HR,18.649999618530273,37,4,False,-0.0690175161893698,-0.005863558263712987,0.14347027769523524,-0.15381130472679738,True,True,False,all
2026-09-15,HWM,224.6699981689453,37,3,False,-0.16905222499750738,-0.0881707020106256,0.22918262211080198,-0.2752580704227571,False,False,False,all
2026-09-15,IFRA,56.7400016784668,37,4,False,-0.06274052164031463,-0.03646331242993628,0.1200158280570005,-0.11688713340907708,False,True,False,all
2026-09-15,INVH,27.639999389648438,37,4,False,-0.0657617429824433,-0.008531882236101018,0.139793789263853,-0.10529894462675382,False,False,False,all
2026-09-15,JPLD,51.58000183105469,37,1,False,-0.006908864790121649,-0.011974839187041675,0.0005820095914292889,-0.022180060074792673,False,False,False,all
2026-09-15,KSA,37.41999816894531,37,2,False,-0.009777892000148336,-0.018855355980398336,0.04495941731114028,-0.09831329713384784,False,False,False,all
2026-09-15,KVUE,17.920000076293945,37,4,False,-0.057318404965701286,-0.004267418083687913,0.2781740007983111,-0.10978634757123829,False,False,False,all
2026-09-15,MOS,25.459999084472656,37,2,False,0.09678026661153716,0.03653096198534911,0.2858585891669143,-0.3117059224332549,False,False,False,all
2026-09-15,MTN,138.07000732421875,37,2,False,-0.05216486509516738,0.0013210528321372372,0.16504940372461996,-0.15470790731130868,False,False,False,all
2026-09-15,OCUL,10.1899995803833,37,3,False,0.030302378351687365,0.027997505034498493,0.6356339565306675,-0.38017036196115805,False,True,False,all
2026-09-15,OGE,45.709999084472656,37,3,False,-0.03612986163432741,-0.018748133996971506,0.09616302753397199,-0.09646177215648022,True,False,False,all
2026-09-15,SR,80.22000122070312,37,2,False,-0.019305795309706886,-0.057062290950961714,0.07231658653473527,-0.15832542990690712,False,False,False,all
2026-09-15,SUB,105.44999694824219,37,1,False,-0.00620126084149597,-0.010367937599269461,0.0005218492995644475,-0.01916105615343544,False,False,False,all
2026-09-15,WM,217.25,37,4,False,-0.04373172792105651,-0.03556897072371912,0.11921075326818809,-0.12445090990667007,False,False,False,all
2026-09-15,CASH,79.41999816894531,37,3,False,-0.07356644776410204,-0.06529024044739162,0.20570813507467767,-0.21568243636715156,False,False,False,all
2026-09-15,CRAI,164.99000549316406,37,0,False,-0.0328566998721449,-0.030156580651549914,0.24831662085874306,-0.2740991228528922,False,True,False,all
2026-09-15,CMRE,15.140000343322754,37,5,False,0.0007271033868876398,-0.05545311365589789,0.3966789788013334,-0.16168323416211472,False,False,False,all
2026-09-15,BSCS,20.235000610351562,37,1,False,-0.004765875301896982,-0.010807273625893843,0.00024721049077602864,-0.021991295889871254,False,False,False,all
2026-09-15,SBGI,14.109999656677246,37,2,False,0.0014052073138193233,-0.027282309750191525,0.13242372499829136,-0.2108500940179976,False,True,False,all
2026-09-15,USTB,50.060001373291016,37,1,False,-0.007264040296083962,-0.011981717290952987,0.00039968939643775236,-0.020352194361742848,False,False,False,all
2026-09-15,CCS,61.310001373291016,37,2,False,-0.08674640556936608,-0.023618036929558994,0.2968799448843842,-0.19328945561459188,False,False,False,all
2026-09-15,TYG,43.2400016784668,37,3,False,-0.005730126255591328,-0.040535345852407034,0.07162337828089971,-0.15513869830723737,False,True,False,all
2026-09-15,HLIO,66.5,37,4,False,-0.13901368651165724,-0.06819613400909108,0.4145926903711308,-0.30036824971180076,False,False,False,all
2026-09-15,SMMU,49.880001068115234,37,1,False,-0.0069916467780484215,-0.011389415840998174,0.0008025865851701841,-0.020039301123499498,False,False,False,all
2026-09-15,LECO,253.67999267578125,37,4,False,-0.05191167341711689,-0.03413962305560969,0.17324942763662943,-0.1816774429813508,False,False,False,all
2026-09-15,LAR,5.670000076293945,37,3,False,-0.13233762747274358,-0.23870135144651072,0.8712871715616834,-0.5294605820294047,False,False,False,all
2026-09-15,SKT,36.209999084472656,37,4,False,-0.07631324131588724,-0.0049382373342550245,0.16318663863339977,-0.14860098462783689,False,True,False,all
2026-09-15,VNO,34.529998779296875,37,4,False,-0.10174970774271064,0.033023505656183616,0.4053723731454004,-0.20382753908921347,False,True,False,all
2026-09-15,CLS,316.80999755859375,37,2,False,-0.02491017246213234,-0.03639340682386172,0.39563875576473007,-0.331666775574478,False,True,False,all
2026-09-15,TETH,12.0600004196167,37,3,False,0.15703434656142146,0.06048318855010337,0.5785341139232645,-0.49285113240600475,False,False,False,all
2026-09-15,AEP,120.61000061035156,36,3,False,-0.054891661557406546,-0.04983987616164354,0.14105964136792082,-0.14205435311277448,True,True,False,all
2026-09-15,AIN,59.470001220703125,36,5,False,-0.10005748750269572,-0.011653394811620532,0.4452004621021197,-0.22766232180905033,False,False,False,all
2026-09-15,AMKR,46.380001068115234,36,3,False,-0.16358585026303285,-0.18104789822371659,0.8173981283768179,-0.5202730562503703,True,True,False,all
2026-09-15,ASO,50.439998626708984,36,3,False,0.06492357010606042,-0.04099857276174668,0.22160323342934896,-0.19224919732220402,False,False,False,all
2026-09-15,DGP,151.78599548339844,36,2,False,0.025761801257508266,-0.11903848681584939,0.2965404961055027,-0.399461936762024,False,True,False,all
2026-09-15,EMLC,25.190000534057617,36,2,False,-0.013054766850610133,-0.018792496888567545,0.015725859233667316,-0.05407430236913047,False,False,False,all
2026-09-15,FHB,25.850000381469727,36,4,False,-0.05816769602060534,-0.03143797200376208,0.1415323408663145,-0.15467624440932604,False,True,False,all
2026-09-15,FPX,174.25799560546875,36,4,False,-0.05217484750287349,-0.012651055159018876,0.19338440286796676,-0.15482587158934447,False,True,False,all
2026-09-15,IBDT,25.0,36,1,False,-0.005940502047340757,-0.011965102830861496,0.0004001692266277779,-0.028749020112598833,False,False,False,all
2026-09-15,IBTI,21.93000030517578,36,1,False,-0.006140792156486552,-0.013118132669342475,0.00045621481966384714,-0.024899932042753425,False,False,False,all
2026-09-15,JNUG,168.8699951171875,36,3,False,0.08762295458733527,-0.15293900334188537,0.6985515814456682,-0.5354971784145566,False,True,False,all
2026-09-15,NBSD,50.18000030517578,36,1,False,-0.007257419065175852,-0.013481072524474724,0.0001993648912799184,-0.026953643550010398,False,False,False,all
2026-09-15,NNN,43.20000076293945,36,4,False,-0.07274645820975367,-0.021539697933631752,0.11053982180951571,-0.1359999847412109,False,False,False,all
2026-09-15,PNW,94.9000015258789,36,3,False,-0.06562850604814097,-0.03874932703570466,0.1122831911078388,-0.1462756531176055,False,True,False,all
2026-09-15,SCHO,23.90999984741211,36,1,False,-0.006093969596111526,-0.012681129111088318,0.0004184196251653116,-0.0224856605742757,False,True,False,all
2026-09-15,SKYW,96.01000213623047,36,2,False,-0.05927146195627697,-0.010176570012813801,0.2326358054765909,-0.18442064950178216,True,True,False,all
2026-09-15,SXI,254.9199981689453,36,3,False,-0.15787276740839817,-0.06254770081270511,0.2758758472236298,-0.2994586608395139,False,True,False,all
2026-09-15,UL,62.439998626708984,36,1,False,-0.00962147456706619,-0.007818273772069229,0.1404565959216253,-0.16724465415838108,False,True,False,all
2026-09-15,WAFD,33.0099983215332,36,4,False,-0.10000549937107939,-0.04024659983069645,0.25465598599740735,-0.1640922532669079,False,False,False,all
2026-09-15,BSJQ,22.905000686645508,36,1,False,-0.00037965009055396237,-0.010013295170068215,0.0037248463171788426,-0.02573371060596974,False,True,False,all
2026-09-15,CENX,39.709999084472656,36,3,False,-0.12734482541765235,-0.20596517557911687,0.5633858142069692,-0.4361777805990662,False,True,False,all
2026-09-15,NPKI,12.979999542236328,36,3,False,-0.05107251206669294,-0.07559078619975967,0.2361904325939359,-0.21333336107658618,True,True,False,all
2026-09-15,CGSM,26.040000915527344,36,1,False,-0.00888045856176689,-0.012786915572710833,0.00038418089197223004,-0.02398798284587278,False,False,False,all
2026-09-15,SPTS,28.719999313354492,36,1,False,-0.006524024941453321,-0.013043180918772768,0.0003483186764448032,-0.02312926238091484,False,True,False,all
2026-09-15,CELC,82.69999694824219,36,3,False,-0.10326060533121861,-0.2188062981670701,0.8617739837292249,-0.45239044756587365,False,True,False,all
2026-09-15,MRCY,87.01000213623047,36,4,False,-0.1104527000730664,-0.04444676796506619,0.33779214193488905,-0.3226157710903613,False,True,False,all
2026-09-15,KOID,34.5,36,4,False,-0.07369121754153996,-0.040209653337869744,0.24369143059330844,-0.2036011024228611,False,True,False,all
2026-09-15,VGSH,57.65999984741211,36,1,False,-0.006283542974455658,-0.012677152960779314,0.00034698920845688264,-0.022877453186242014,False,True,False,all
2026-09-15,JEPI,56.189998626708984,36,2,False,-0.017825636630894204,-0.019559968889586554,0.019782217473196972,-0.061936607757298145,False,True,False,all
2026-09-15,GPOR,175.9499969482422,36,2,False,0.05874196305246904,-0.05309886378956963,0.17944768458757898,-0.2207015772011064,False,True,False,all
2026-09-15,NEAR,50.119998931884766,36,1,False,-0.006568721851869186,-0.013414008313374248,0.00039921074596449557,-0.024333268950569087,False,False,False,all
2026-09-15,HBAN,16.75,36,2,False,-0.0362929303999836,-0.01585501752865337,0.12491602510347422,-0.13925998006007068,False,True,False,all
2026-09-15,SPSB,29.670000076293945,36,1,False,-0.007194242051398958,-0.01277371287705531,0.0,-0.022083061071995314,False,False,False,all
2026-09-15,FTS,53.5,36,3,False,-0.05175469563372259,-0.033883597364753104,0.09878828319893351,-0.0993266224632745,False,True,False,all
2026-09-15,CAMT,134.66000366210938,36,3,False,-0.08293990296120568,-0.12200599549247981,0.5771844459355333,-0.37654520932742297,False,True,False,all
2026-09-15,DNP,10.180000305175781,36,4,False,-0.06378749124712457,-0.031131300794118855,0.050567672447009215,-0.08781358025408759,False,False,False,all
2026-09-15,UNHG,18.089399337768555,36,5,False,-0.1587894072680045,0.021297919271655363,0.9780643447001156,-0.34434942958592907,False,True,False,all
2026-09-15,PJT,155.3300018310547,36,2,False,-0.08975731870397352,-0.037438146523176674,0.21608077780280488,-0.20596050655249643,False,True,False,all
2026-09-15,SHY,81.30999755859375,36,1,False,-0.006636297799130997,-0.012877783374216412,0.0001229336588040031,-0.0227163396511203,False,False,False,all
2026-09-15,AIG,75.9800033569336,35,1,False,-0.02204072145489866,-0.017843075511358553,0.06638601202713823,-0.12956807698442696,False,False,False,all
2026-09-15,ARE,52.93000030517578,35,3,False,0.04793205743898321,0.05553683614343208,0.3430601499647423,-0.4001586402246694,False,True,False,all
2026-09-15,BIP,35.040000915527344,35,4,False,-0.09560654593235796,-0.058719844248277364,0.14772355478048227,-0.20435966877618383,False,True,False,all
2026-09-15,DTM,125.08000183105469,35,3,False,-0.07985703685405587,-0.06774325545787774,0.1997506606519428,-0.18184198171021393,False,True,False,all
2026-09-15,ENR,20.459999084472656,35,1,False,-0.03591526454825411,0.021579959191007525,0.2990475609188987,-0.32452959834727524,False,True,False,all
2026-09-15,EQT,53.119998931884766,35,3,False,0.004629751608630883,-0.052244338256249634,0.10805174079187041,-0.22157091742689494,False,True,False,all
2026-09-15,ETHE,19.40999984741211,35,3,False,0.15314693464523987,0.04841278343213351,0.5703883807898198,-0.5044044582233923,False,False,False,all
2026-09-15,EVSD,50.29499816894531,35,1,False,-0.009068254480924298,-0.016279587240392468,0.000497268966660247,-0.027552262531412963,False,False,False,all
2026-09-15,FELE,95.94999694824219,35,4,False,-0.0729164306974669,-0.041175523283146664,0.07158807200328354,-0.17155934034655318,False,False,False,all
2026-09-15,GMED,74.69000244140625,35,2,False,-0.06898182498946959,-0.1270407282562539,0.3793167190532958,-0.26341221580411744,False,True,False,all
2026-09-15,HCA,423.82000732421875,35,2,False,0.04539949388778175,-0.05793889627911164,0.1972655131960359,-0.2384460712101657,False,True,False,all
2026-09-15,IBN,28.399999618530273,35,1,False,-0.044986527914366414,-0.014921866819097018,0.13237638376888894,-0.14017557771357458,False,True,False,all
2026-09-15,IDA,132.67999267578125,35,3,False,-0.06783952827563311,-0.04952633863556666,0.06896543457766668,-0.14350274650316552,False,False,False,all
2026-09-15,IDEF,31.579999923706055,35,3,False,-0.03974623879318118,-0.04951162864434955,0.10651713071686641,-0.14370935441732724,False,False,False,all
2026-09-15,IVT,31.229999542236328,35,4,False,-0.08187566067494711,-0.01899963261632065,0.16486386289969213,-0.16093502101055657,False,True,False,all
2026-09-15,JPIE,45.310001373291016,35,1,False,-0.010285487671864546,-0.016826534134642857,0.00022079771300043127,-0.027890993778958095,False,False,False,all
2026-09-15,KSS,16.360000610351562,35,2,False,-0.09980298101847018,-0.05297490310738595,0.43760988100440845,-0.35130844346658585,False,True,False,all
2026-09-15,MGRC,110.75,35,4,False,-0.04743637981139315,-0.016706229190827315,0.16591222750455015,-0.1198442470922142,False,True,False,all
2026-09-15,NDAQ,89.2300033569336,35,2,False,-0.05187634333606461,-0.01441264537003295,0.16564336772922728,-0.12339127071053801,False,True,False,all
2026-09-15,ODFL,180.9600067138672,35,4,False,-0.1396065919021524,-0.08645113719148678,0.43607653079975206,-0.28199020914040396,False,False,False,all
2026-09-15,SHM,47.209999084472656,35,1,False,-0.00951255529647943,-0.014879078927049316,0.0,-0.026798583426944522,False,True,False,all
2026-09-15,SLQD,49.665000915527344,35,1,False,-0.008233259788942293,-0.015192471351234915,0.0003021025012581724,-0.02598550145761236,False,False,False,all
2026-09-15,STAG,37.150001525878906,35,3,False,-0.02857527137524063,-0.02518124708033087,0.07994185691913969,-0.12813891120072451,True,True,False,all
2026-09-15,USLM,117.83999633789062,35,3,False,0.03819577453047218,0.0027992774845515545,0.224057343377686,-0.16685524389249284,True,True,False,all
2026-09-15,VRP,24.0,35,1,False,-0.008018519177379835,-0.01286565013227492,0.012231165192969629,-0.037304464251558866,False,True,False,all
2026-09-15,VSDM,75.29499816894531,35,1,False,-0.010241359008533846,-0.015337585956000321,0.00026564785999405593,-0.030203519308834248,False,False,False,all
2026-09-15,CMI,538.02001953125,35,3,False,-0.12735869117290888,-0.10670209561546506,0.3426333047821255,-0.2707384347083672,False,False,False,all
2026-09-15,CGSD,25.469999313354492,35,1,False,-0.00818377445113061,-0.015300374143995432,0.000392781981203294,-0.026003836141317738,False,False,False,all
2026-09-15,LMBS,49.14350128173828,35,1,False,-0.008208814467392411,-0.0148888969616906,0.026603350287632388,-0.05456903204074193,False,False,False,all
2026-09-15,NFG,81.69999694824219,35,3,False,-0.0011150710954740406,-0.024127498486098076,0.08686974774990208,-0.15825263750989638,False,True,False,all
2026-09-15,VTES,99.66000366210938,35,1,False,-0.010011304147335087,-0.016452132162394495,0.00025093115213392636,-0.029695214190926467,False,False,False,all
2026-09-15,MAMA,13.140000343322754,35,4,False,-0.22895919152727173,-0.14806984253819455,0.42361874268729105,-0.3742856979370117,False,False,False,all
2026-09-15,CAIE,26.40999984741211,35,1,False,-0.019796329016077086,-0.01305783568429375,0.08104787218593867,-0.05272594539468678,False,False,False,all
2026-09-15,VTIP,49.47999954223633,35,2,False,-0.0037891539198817714,-0.00831747623366097,0.002634266912559413,-0.026175984946023245,False,False,False,all
2026-09-15,TBLA,3.8499999046325684,35,3,False,-0.13053299390826756,-0.0669946552580244,0.35802463944551666,-0.32574432943752085,True,True,False,all
2026-09-15,UFO,42.88999938964844,35,3,False,-0.050530642153803096,-0.0848986540989739,0.3884752423796203,-0.37122499477948157,False,True,False,all
2026-09-15,SHW,323.2200012207031,35,1,False,-0.049644757735128664,-0.03181367207396213,0.11509010403308784,-0.1444000036514137,False,True,False,all
2026-09-15,PWRD,102.68000030517578,35,4,False,-0.06371343740244229,-0.03593498331051359,0.13358355298655678,-0.16676136080460113,False,True,False,all
2026-09-15,TAFI,24.829999923706055,35,1,False,-0.009159783008363287,-0.014678241081914845,0.000806145029995875,-0.03196879949393172,False,False,False,all
2026-09-15,ADT,7.099999904632568,34,1,False,-0.020797716842549607,-0.02801641250176301,0.13782053927227933,-0.205372180056691,True,True,False,all
2026-09-15,ALLY,41.58000183105469,34,2,False,-0.0489304080736247,-0.031146341788705123,0.1575724930577178,-0.12074432171554084,False,False,False,all
2026-09-15,BBSI,33.84000015258789,34,2,False,-0.0577910435610447,0.005260986910695209,0.33596526863458154,-0.28532204344033985,True,True,False,all
2026-09-15,ERIE,250.61000061035156,34,1,False,0.017067874372303615,-0.00908591358008115,0.2246982095996668,-0.2666003134904025,False,True,False,all
2026-09-15,HYG,78.37999725341797,34,1,False,-0.013554537259117927,-0.021058886369282104,0.0,-0.036627376285373825,False,False,False,all
2026-09-15,IBDU,22.780000686645508,34,1,False,-0.010418804456580388,-0.019430569232695816,0.0,-0.036745717579327875,False,True,False,all
2026-09-15,IBTJ,21.30500030517578,34,1,False,-0.010202269091082905,-0.020610606300113132,0.0002347919387026831,-0.03719269453072438,False,True,False,all
2026-09-15,IGF,63.119998931884766,34,3,False,-0.04338128118528062,-0.03978752984478573,0.051474266457149476,-0.0931034437399556,False,True,False,all
2026-09-15,IGSB,51.5,34,1,False,-0.010452695615167151,-0.0193343459081865,0.0003885092840232307,-0.032863849765258246,False,False,False,all
2026-09-15,INVA,20.84000015258789,34,3,False,-0.019930576054469018,-0.04244662082542927,0.26150118493453256,-0.17137175074813193,False,False,False,all
2026-09-15,ISTB,47.470001220703125,34,1,False,-0.010117750443480178,-0.019023316816608515,0.0002107487657694307,-0.03221198860210439,False,False,False,all
2026-09-15,LUV,39.279998779296875,34,4,False,-0.10668803919224601,-0.09206693802765964,0.34244697443729133,-0.2872437244735081,False,True,False,all
2026-09-15,MGM,39.220001220703125,34,5,False,-0.1088105261408222,-0.015394164010218425,0.34361084286185406,-0.23977512880980778,False,True,False,all
2026-09-15,NOMD,10.920000076293945,34,1,False,-0.06495640843753248,-0.021663165620834368,0.21468302050198274,-0.22935779693023206,False,True,False,all
2026-09-15,NVS,138.6199951171875,34,4,False,-0.09627639193306503,-0.07611583610953943,0.14024837924787104,-0.18678875010327833,False,False,False,all
2026-09-15,PG,146.6699981689453,34,3,False,0.002801837827542508,-0.005452499621965701,0.06576081509123344,-0.12304933830227016,False,True,False,all
2026-09-15,PLTU,48.380001068115234,34,2,False,0.1502724930101107,-0.0012602714054413822,1.2994296085040187,-0.6221345750433028,True,True,False,all
2026-09-15,POR,47.45000076293945,34,3,False,-0.057278509008129475,-0.061876586396105715,0.13516750308620873,-0.1312705658944966,False,True,False,all
2026-09-15,PRMB,20.850000381469727,34,5,False,-0.10167255716221046,-0.002081970739518879,0.45194992200258866,-0.20450205609424477,False,False,False,all
2026-09-15,RYZ,24.43000030517578,34,2,False,-0.09968674271283096,-0.06924822482173154,0.26318511439653713,-0.23656249046325684,False,True,False,all
2026-09-15,SCHJ,24.239999771118164,34,1,False,-0.009901811592206156,-0.018966457738325948,0.0008257827551896302,-0.03233530900647763,False,False,False,all
2026-09-15,TR,37.7599983215332,34,3,False,-0.04360031996406899,-0.04009444473682722,0.12929146253268997,-0.16200627672605517,False,True,False,all
2026-09-15,TT,422.7300109863281,34,4,False,-0.08670005595386032,-0.050537572704189127,0.21453201732889204,-0.16435049505476118,False,True,False,all
2026-09-15,VCSH,77.6500015258789,34,1,False,-0.010497752401905203,-0.019306319361712232,0.0002576874039508237,-0.03251931897436833,False,False,False,all
2026-09-15,WAL,79.02999877929688,34,2,False,-0.022097183187462344,-0.030974381587393296,0.20069886274264803,-0.1871850658157861,False,True,False,all
2026-09-15,BXSL,24.790000915527344,34,3,False,0.030220958857799962,0.004135664742876299,0.1032488506038367,-0.13291357876108933,True,True,False,all
2026-09-15,CARY,20.415300369262695,34,1,False,-0.012720822964939038,-0.02012029038179164,0.0007500368146342584,-0.05243442576146762,False,False,False,all
2026-09-15,MTX,67.86000061035156,34,3,False,-0.06523774652462666,-0.042889435189225944,0.25806455947423657,-0.1953995309830865,False,True,False,all
2026-09-15,JSCP,46.290000915527344,34,1,False,-0.011546248830034855,-0.020011727074783492,0.00021612222329925324,-0.033006017372292695,False,True,False,all
2026-09-15,SHYG,41.689998626708984,34,1,False,-0.010429804304130652,-0.018681335405348887,0.0002398829524952184,-0.03917955258936978,False,False,False,all
2026-09-15,LNN,118.80999755859375,34,4,False,0.029722481429777847,0.004371756704875107,0.22144547814233695,-0.19722974622571787,False,False,False,all
2026-09-15,CGBD,11.460000038146973,34,2,False,0.04915271889491546,-0.0015225423917061276,0.15233789741705284,-0.16593884795863023,False,True,False,all
2026-09-15,CSR,57.869998931884766,34,2,False,0.0488027467700789,-0.05444345107562565,0.11288459484393787,-0.16865395166683805,False,False,False,all
2026-09-15,LW,47.09000015258789,34,1,False,-0.07384096691164477,0.005644341708988643,0.2517278439547441,-0.29789771333155657,False,True,False,all
2026-09-15,OMAH,18.450000762939453,34,1,False,-0.008789227633936303,-0.007102273452641139,0.0353535958981086,-0.05626590880043869,False,True,False,all
2026-09-15,BSCT,18.350000381469727,34,1,False,-0.008401815130383072,-0.01751314275444149,0.001091132452095911,-0.032428144802004844,False,False,False,all
2026-09-15,BSV,76.69999694824219,34,1,False,-0.009847348543511214,-0.019154658665087698,0.00039127142315531493,-0.03303079622620053,False,True,False,all
2026-09-15,NEE,81.06999969482422,34,2,False,-0.056111700957509614,-0.07614115423080903,0.16866075371200218,-0.17903797777393193,False,False,False,all
2026-09-15,QQQI,53.88999938964844,34,2,False,-0.011105577236191322,-0.003807136403258693,0.125757271612428,-0.06829185256775494,True,True,False,all
2026-09-15,ABEO,5.46999979019165,33,4,False,-0.14109854835453128,-0.01054577605620921,0.3674999475479126,-0.28496735660119954,False,True,False,all
2026-09-15,AEE,103.0199966430664,33,3,False,-0.05542569437430511,-0.04469587412275511,0.06679089746945377,-0.1293103709535176,False,False,False,all
2026-09-15,AEIS,250.57000732421875,33,3,False,-0.1516517455650308,-0.16850256132723984,0.6158508769547524,-0.36954004180502753,False,True,False,all
2026-09-15,ANGL,28.40999984741211,33,1,False,-0.017933689804438213,-0.02614764952241211,0.0017630196045304025,-0.04600405667041374,False,True,False,all
2026-09-15,APO,127.0,33,2,False,-0.00989172186028442,-0.006236842369251927,0.275612727142315,-0.17150495425399115,True,True,False,all
2026-09-15,ASHR,33.2400016784668,33,3,False,-0.03531933828516909,-0.028863786705961347,0.06164171975230426,-0.10956335258428607,False,True,False,all
2026-09-15,AXP,324.42999267578125,33,1,False,-0.04253255256494326,-0.035403016907128215,0.11499464314088681,-0.1627396814055807,False,True,False,all
2026-09-15,BF.B,26.18000030517578,33,1,False,-0.03691930663943643,-0.03717432544016852,0.15789471908239405,-0.1798245538032155,False,False,False,all
2026-09-15,BINC,51.15999984741211,33,1,False,-0.014413910510865713,-0.0233649840658936,0.0004889317825278461,-0.04391699771695601,False,True,False,all
2026-09-15,BLOK,60.98500061035156,33,3,False,-0.009111902553762818,0.018578609718137296,0.30031980013264414,-0.19640267359561936,False,True,False,all
2026-09-15,ES,67.20999908447266,33,3,False,-0.07022622584227001,-0.043310125036812974,0.06869136169104939,-0.12224109504579583,False,True,False,all
2026-09-15,FLXR,38.310001373291016,33,1,False,-0.014107665132843117,-0.024263108024985214,0.0023547919862216826,-0.04153114327532936,False,False,False,all
2026-09-15,GVI,103.82499694824219,33,1,False,-0.013046915574616458,-0.024413648160104273,0.00024078897639245866,-0.041674354276024395,False,False,False,all
2026-09-15,HYDB,45.79499816894531,33,1,False,-0.012523813047665366,-0.023216643051456543,0.00010696790962705371,-0.04573876709211255,False,True,False,all
2026-09-15,HYLB,35.75,33,1,False,-0.014073240230900508,-0.022294423161150267,0.0,-0.03872005054807426,False,False,False,all
2026-09-15,HYS,91.66000366210938,33,1,False,-0.011240278610127774,-0.02200485176134548,0.0008735731541289482,-0.04401328444091246,False,True,False,all
2026-09-15,IAGG,49.29999923706055,33,1,False,-0.00989305357883663,-0.01773458839866182,0.0008120364776760258,-0.0488134768399382,False,False,False,all
2026-09-15,JNK,94.30000305175781,33,1,False,-0.014072693661813851,-0.02206368558792815,0.0004243678614554991,-0.040105811254956936,False,False,False,all
2026-09-15,ROCK,44.68000030517578,33,1,False,-0.021762918957914712,-0.006551461686530091,0.33134679609204976,-0.4049014489142543,True,True,False,all
2026-09-15,SCYB,25.600000381469727,33,1,False,-0.014640277763317,-0.023451082403714074,0.0,-0.04406274364900287,False,False,False,all
2026-09-15,SPHY,22.920000076293945,33,1,False,-0.014142667452021862,-0.02324689239582345,0.0,-0.04460190517018692,False,True,False,all
2026-09-15,USHY,36.2400016784668,33,1,False,-0.014049202039623232,-0.022632585739294386,0.0,-0.04296614140158872,False,False,False,all
2026-09-15,VKTX,29.950000762939453,33,1,False,-0.1359313804572575,-0.10326184050643528,0.3044993789216166,-0.30590962447644054,False,True,False,all
2026-09-15,WWD,319.5,33,3,False,-0.13124578798166742,-0.11672695258356569,0.3694226708813042,-0.29144861508524744,False,True,False,all
2026-09-15,ZWS,46.18000030517578,33,4,False,-0.05250025993254581,-0.04450855554673794,0.07245700957687418,-0.16036363081498584,False,True,False,all
2026-09-15,DFSD,46.849998474121094,33,1,False,-0.010720991387020207,-0.020693809188762624,0.0002134569065037617,-0.034219746543987184,False,False,False,all
2026-09-15,BXP,63.84000015258789,33,2,False,-0.06407233666962153,0.0068447798369082324,0.28399031748223846,-0.1952603217059684,False,True,False,all
2026-09-15,NVTS,10.8100004196167,33,3,False,-0.12070210499182887,-0.16944060825076135,0.8542024976125426,-0.6836405911943788,True,True,False,all
2026-09-15,STIP,100.29000091552734,33,1,False,-0.006480803464466223,-0.0209960118408411,0.0002992098409904109,-0.037154402942766396,False,False,False,all
2026-09-15,SE,102.6500015258789,33,1,False,-0.0833397228085544,-0.021476502388195984,0.3322517515920729,-0.4774725305453066,False,True,False,all
2026-09-15,PPLI,38.27000045776367,33,4,False,-0.07643149407941474,-0.053194989732150866,0.2946549779832215,-0.20798839612031395,True,False,False,all
2026-09-15,WEN,7.460000038146973,33,0,False,-0.0550742275417474,-0.027214516246529707,0.22899502918879633,-0.2628458376968803,False,True,False,all
2026-09-15,SJNK,24.559999465942383,33,1,False,-0.01080225889285269,-0.02054817233501749,0.0008149368243253186,-0.04249513328649113,False,False,False,all
2026-09-15,SMP,37.560001373291016,33,2,False,-0.02686733483864545,-0.027662146838490553,0.096002359836036,-0.18347823101541272,False,False,False,all
2026-09-15,TYL,353.1300048828125,33,2,False,0.06867249454341229,-0.0023970246161175712,0.3044587049954204,-0.355519848150081,False,True,False,all
2026-09-15,IRON,67.30000305175781,33,1,False,-0.13043923999656204,-0.08422754921714326,0.6825000762939453,-0.3236180597813285,False,False,False,all
2026-09-15,VTS,18.530000686645508,33,2,False,0.12277176488068431,0.0038871893324017304,0.23533337910970054,-0.2564205204689046,False,False,False,all
2026-09-15,HLF,11.930000305175781,33,2,False,-0.02921309530096361,-0.15520383043229324,0.5780423803534511,-0.41519605253623615,False,False,False,all
2026-09-15,CHPY,63.68000030517578,33,3,False,-0.08748036129067827,-0.03863354717571388,0.2523107613775881,-0.2913420891092219,True,True,False,all
2026-09-15,ALV,116.19999694824219,32,2,False,-0.042322451297514774,-0.025561019343670055,0.17184341122250357,-0.120829245985837,False,True,False,all
2026-09-15,BLSH,35.459999084472656,32,3,False,0.2902333420641341,0.04443869353966745,0.7255474647669535,-0.5270739197533847,False,True,False,all
2026-09-15,EMB,92.98999786376953,32,1,False,-0.019882726705821474,-0.02855927116682544,0.0012920761671013636,-0.049182055602214336,False,False,False,all
2026-09-15,EQX,11.859999656677246,32,3,False,0.07312832782011247,-0.10617390657477477,0.3977607703665673,-0.3744725617423671,False,True,False,all
2026-09-15,FALN,26.389999389648438,32,1,False,-0.020569188163791052,-0.027699535918578655,0.0006446061838076833,-0.050377887000956245,False,True,False,all
2026-09-15,FE,45.33000183105469,32,3,False,-0.046250397996025594,-0.04592318998529832,0.05418608909429512,-0.13393195072787178,False,False,False,all
2026-09-15,FMS,22.959999084472656,32,1,False,-0.03425537606776874,-0.005772278223362903,0.14685307489934973,-0.16931984111868348,False,True,False,all
2026-09-15,FPEI,18.780000686645508,32,1,False,-0.016723001761900336,-0.024941067714104648,0.0037414006198934757,-0.0423253390042182,False,True,False,all
2026-09-15,FSK,12.0,32,1,False,0.03754171618063973,-0.002153685485551615,0.2345678673183964,-0.3241340148009402,True,True,False,all
2026-09-15,G,35.86000061035156,32,2,False,0.04830506986687233,-0.03963190765624114,0.3355679739617434,-0.26274668872665974,False,True,False,all
2026-09-15,GROY,3.380000114440918,32,2,False,0.13187332795118278,-0.06311496946217798,0.37959185659463346,-0.3803849382742813,False,False,False,all
2026-09-15,HYLS,40.099998474121094,32,1,False,-0.012417471783601974,-0.02333764305400987,0.002249441548700437,-0.05424535304212197,False,True,False,all
2026-09-15,IGOV,40.60689926147461,32,1,False,-0.010778220381073456,-0.023551857411656774,0.008365999500404397,-0.06414151111598754,False,True,False,all
2026-09-15,JPIB,46.970001220703125,32,1,False,-0.017525954385106735,-0.02779505855113784,0.0005325705834793304,-0.049671179651057606,False,False,False,all
2026-09-15,LRN,83.55999755859375,32,3,False,-0.018250968191195316,6.100966258060225e-05,0.37865033356100253,-0.4724747425609066,True,True,False,all
2026-09-15,LTM,50.400001525878906,32,1,False,-0.04463304694307535,-0.057795077258690486,0.21709736082089415,-0.284294194314465,False,True,False,all
2026-09-15,OGS,76.3499984741211,32,2,False,-0.03949217824375317,-0.06346829059234005,0.02593389347839503,-0.1589557226174656,False,False,False,all
2026-09-15,PCOR,52.560001373291016,32,1,False,-0.023124569856447397,-0.06911829788906632,0.38206686984970717,-0.36147725427446287,False,True,False,all
2026-09-15,PYLD,25.719999313354492,32,1,False,-0.016364626627971446,-0.02795133892621804,0.0011677220191999016,-0.048816625646445844,False,False,False,all
2026-09-15,SNAP,5.829999923706055,32,3,False,0.13827169425864838,0.01013600082536481,0.530183729990517,-0.3717672315234588,False,True,False,all
2026-09-15,SPIB,32.61000061035156,32,1,False,-0.014249680594892955,-0.026936037335804186,0.0009207727934588128,-0.04481543077475225,False,True,False,all
2026-09-15,TDAQ,26.06999969482422,32,4,False,-0.030054556821487943,-0.012290499050133685,0.14840753488823855,-0.11657067120897013,True,False,False,all
2026-09-15,TPG,47.400001525878906,32,0,False,-0.01117948162755733,-0.03132802570269533,0.2828146291520708,-0.3265131660178212,False,False,False,all
2026-09-15,USA,5.849999904632568,32,1,False,-0.010888690712693494,-0.011999579016181317,0.08333329654034327,-0.10823171407622578,True,True,False,all
2026-09-15,VNM,17.40999984741211,32,2,False,-0.00537021068125787,-0.04459036588755483,0.07336625058164148,-0.12292193890008152,False,False,False,all
2026-09-15,XRT,83.22000122070312,32,2,False,-0.05521570653802532,-0.03211172652546479,0.07742107097776851,-0.1101368241240942,False,True,False,all
2026-09-15,DFNM,46.77000045776367,32,1,False,-0.019124645127685413,-0.028777618269439698,0.0,-0.04297111765948847,False,False,False,all
2026-09-15,CRSP,51.83000183105469,32,1,False,-0.02633933724793125,-0.027232940495383717,0.17475074990534578,-0.33957696720109043,False,True,False,all
2026-09-15,CGMS,26.75,32,1,False,-0.013872143834485207,-0.02566862042456275,0.0003739801408912946,-0.04736466977634235,False,True,False,all
2026-09-15,BSCU,16.315000534057617,32,1,False,-0.012445034794871579,-0.02522346764815986,0.0006746613707639959,-0.043669340867919626,False,False,False,all
2026-09-15,HTHT,43.34000015258789,32,2,False,-0.009529897881904392,-0.09003775628709676,0.18544853732554878,-0.23481637324119153,False,True,False,all
2026-09-15,NXE,9.460000038146973,32,2,False,-0.04725456036257614,-0.13062657017408497,0.2905866489237272,-0.3223495693197235,False,True,False,all
2026-09-15,UCON,24.290000915527344,32,1,False,-0.013477430649880828,-0.025462710277703082,0.024030422372395943,-0.05209752524771338,False,False,False,all
2026-09-15,CBRE,140.11000061035156,32,1,False,-0.033981299685451494,-0.04511330111489431,0.15136821266656275,-0.19601768993304325,False,False,False,all
2026-09-15,PTF,93.87000274658203,32,3,False,-0.09336406354511317,-0.06462197182596963,0.4120035801230413,-0.3278194998263787,True,True,False,all
2026-09-15,IBDV,21.299999237060547,32,1,False,-0.013058249617378559,-0.02560779519208478,0.000826932381989165,-0.04902229864030516,False,True,False,all
2026-09-15,WCN,159.47000122070312,32,1,False,-0.04564071175589812,-0.03447160157864926,0.08564233020169265,-0.11277402722251417,False,True,False,all
2026-09-15,H,160.19000244140625,32,4,False,-0.10008245677294203,-0.0548409253841855,0.19384417338934368,-0.22561151518535716,False,False,False,all
2026-09-15,JSI,50.369998931884766,32,1,False,-0.013556427728727893,-0.02540913628210295,0.0007510070269822755,-0.04203124424131632,False,False,False,all
2026-09-15,ABT,102.02999877929688,31,0,False,-0.0336402756442421,-0.03375192767723256,0.2447236459663149,-0.2579097046848997,False,True,False,all
2026-09-15,ACN,193.39999389648438,31,2,False,0.15027296483020902,-0.03825548164775705,0.6369021701123139,-0.3356006859404743,False,True,False,all
2026-09-15,AGX,388.739990234375,31,3,False,-0.26880220590722226,-0.24439273373724868,0.6684119752548283,-0.5175426742359603,False,False,False,all
2026-09-15,ALGT,78.16000366210938,31,4,False,-0.14054163162369815,-0.1249714114869721,0.3685869869863452,-0.3677909455753182,True,False,False,all
2026-09-15,ALT,3.2300000190734863,31,1,False,0.05873870628147948,-0.1031327810424102,0.2617187856521932,-0.49844720646360163,False,True,False,all
2026-09-15,APOG,37.43000030517578,31,3,False,-0.07178248086678818,-0.019113266846976118,0.21723578228213913,-0.26434749372220656,False,False,False,all
2026-09-15,BA,209.69000244140625,31,2,False,-0.037667219701041144,-0.05129923326277419,0.18623068039419577,-0.17558483424582105,False,True,False,all
2026-09-15,BAH,80.05999755859375,31,3,False,0.11185175645861833,0.0170694850087163,0.3455461774553572,-0.2661778306295369,False,True,False,all
2026-09-15,BIZD,13.069999694824219,31,2,False,0.00892358499320589,-0.01064673478379019,0.09189635783261774,-0.1785040967834981,True,False,False,all
2026-09-15,BND,71.1500015258789,31,1,False,-0.01574528409670406,-0.03133885724704899,0.0016894656996251367,-0.05423370529038607,False,False,False,all
2026-09-15,ECG,109.22000122070312,31,3,False,-0.14439925951488353,-0.10421147523452912,0.40277421480243625,-0.3634344704552549,False,True,False,all
2026-09-15,EVTC,28.309999465942383,31,2,False,-0.05678609337866314,-0.0018510551994992408,0.298028434624684,-0.185792375805933,False,False,False,all
2026-09-15,EXE,94.2300033569336,31,1,False,0.006815781346260152,-0.06208075279746983,0.1087839345788737,-0.2558106339252424,False,True,False,all
2026-09-15,EXR,137.3000030517578,31,4,False,-0.054741002657097804,-0.03011891256258492,0.09219635710519003,-0.13582578781371368,False,False,False,all
2026-09-15,FSEC,42.619998931884766,31,1,False,-0.017401838187910523,-0.03049474143668196,0.003295654217445154,-0.05267843205519074,False,False,False,all
2026-09-15,GBCI,45.25,31,4,False,-0.07635342675647894,-0.05135274121560285,0.1340851696622396,-0.1709417647132827,False,True,False,all
2026-09-15,GOVT,22.1200008392334,31,1,False,-0.015137990804769075,-0.03050487586243711,0.0009049980732327434,-0.05429664743715612,False,True,False,all
2026-09-15,HFSI,34.29499816894531,31,1,False,-0.016704179818023968,-0.027446646243145967,0.000945585680272254,-0.048286435016920315,False,False,False,all
2026-09-15,ITA,214.0,31,4,False,-0.0967369412815895,-0.0694493035366105,0.09345456368448879,-0.1660171671481966,False,False,False,all
2026-09-15,IUSB,44.72999954223633,31,1,False,-0.016045096982934437,-0.030980259742695804,0.0013432141426128474,-0.05293245869639118,False,False,False,all
2026-09-15,KMT,29.309999465942383,31,3,False,-0.08594204561211294,-0.14681059487648118,0.44029478705226155,-0.3309746964808047,True,False,False,all
2026-09-15,NLY,21.40999984741211,31,2,False,-0.062207086597081296,-0.050979390816531356,0.07049999237060556,-0.12683525906570103,False,False,False,all
2026-09-15,OR,35.58000183105469,31,2,False,0.08130125284971079,-0.0361275558940799,0.29193902135981076,-0.259675388797887,False,True,False,all
2026-09-15,PFXF,17.56999969482422,31,3,False,-0.013342636079710757,-0.027742828456872592,0.03170868974786156,-0.07865757860536904,False,True,False,all
2026-09-15,VCRM,73.06999969482422,31,1,False,-0.024406522730827662,-0.0332151549501436,0.0017822490960621717,-0.05165481115244153,False,False,False,all
2026-09-15,VMBS,45.27000045776367,31,1,False,-0.01875781723999781,-0.03244110549361412,0.0028799528106562278,-0.054906074829545126,False,False,False,all
2026-09-15,BWX,21.559999465942383,31,1,False,-0.007731982993704589,-0.026860656746525935,0.013157836948407109,-0.07941932554621467,False,True,False,all
2026-09-15,BTAL,12.59000015258789,31,2,False,0.04399888443971789,-0.030240465912265813,0.15930023486206624,-0.21995039475264022,False,False,False,all
2026-09-15,STC,65.95999908447266,31,1,False,-0.0345037609565535,-0.028321721908008413,0.1549640759856159,-0.16092102057830437,False,False,False,all
2026-09-15,DGXX,3.6050000190734863,31,2,False,-0.07748605365105232,-0.08046856209791031,0.9381720383589855,-0.6081521637160294,False,True,False,all
2026-09-15,IEI,114.37000274658203,31,1,False,-0.016481669336238958,-0.031171154677476998,0.00034987242969219956,-0.053071668301867825,False,False,False,all
2026-09-15,IBDW,20.25,31,1,False,-0.016455552802682738,-0.03148163480249444,0.0009886533967493616,-0.05655985194766555,False,False,False,all
2026-09-15,HLN,9.239999771118164,31,2,False,-0.06057465506912274,-0.060240250107969295,0.06820811313378283,-0.18085106472920853,False,False,False,all
2026-09-15,CGMU,26.489999771118164,31,1,False,-0.02145847636034881,-0.031908824559414906,0.0003776521546341449,-0.05155748364924895,False,False,False,all
2026-09-15,PPA,159.47000122070312,31,4,False,-0.0793405464615341,-0.0669328035054505,0.10520485578281069,-0.1440150369917106,False,False,False,all
2026-09-15,CGHM,24.700000762939453,31,2,False,-0.028454069930908932,-0.033924096998063646,0.002028444023649989,-0.17666664123535158,False,False,False,all
2026-09-15,BRX,28.360000610351562,31,4,False,-0.06755919438497249,-0.030002851948476406,0.15004058336714632,-0.13694461096821797,True,False,False,all
2026-09-15,XMMO,146.35000610351562,31,4,False,-0.0704760927865703,-0.04478507729472492,0.13177641997248202,-0.15861789094308332,False,True,False,all
2026-09-15,BSCV,15.984999656677246,31,1,False,-0.01530180413604243,-0.030321505292540185,0.0009392228802529434,-0.061913216089604206,False,False,False,all
2026-09-15,AGG,95.8499984741211,30,1,False,-0.016327845423563914,-0.032191633995836244,0.0012534744905428052,-0.055292732712138526,False,False,False,all
2026-09-15,AGNC,9.960000038146973,30,2,False,-0.07803387529565708,-0.07530764801942269,0.034267904442824904,-0.18293680221490283,False,False,False,all
2026-09-15,AYI,299.8399963378906,30,1,False,-0.10990997371999778,-0.057667293216468796,0.16651099583778906,-0.2113002452917384,False,True,False,all
2026-09-15,BKAG,40.619998931884766,30,1,False,-0.016808676833465652,-0.03312041086669093,0.001109012152783917,-0.056884160211263524,False,False,False,all
2026-09-15,BKV,24.350000381469727,30,0,False,-0.03359975619947386,-0.11067769618951184,0.21264942599539527,-0.25784823644378607,False,False,False,all
2026-09-15,BMNR,23.600000381469727,30,3,False,0.19702167097915546,0.06364760903798672,0.8437500023283064,-0.6402438882558843,False,False,False,all
2026-09-15,BNDW,66.33499908447266,30,1,False,-0.016806277552322002,-0.030005363013254738,0.0008298175345313741,-0.057205819939784575,False,False,False,all
2026-09-15,BNDX,46.869998931884766,30,1,False,-0.017400447966055,-0.028123684874574506,0.0004269041283901931,-0.06128582724991116,False,False,False,all
2026-09-15,DRD,25.579999923706055,30,3,False,0.05180055586583543,-0.10588046695629727,0.3138161697910644,-0.35026668484388856,False,True,False,all
2026-09-15,EAGG,45.900001525878906,30,1,False,-0.016359683137086245,-0.0323773780127542,0.0013089304775586452,-0.05555549450644326,False,False,False,all
2026-09-15,ELS,61.290000915527344,30,3,False,-0.04726521391107508,-0.039512550900583476,0.04376702386576414,-0.11173911716627039,False,True,False,all
2026-09-15,FLCB,20.719999313354492,30,1,False,-0.016396584950092663,-0.032962388629680595,0.0014499167966426363,-0.056466294299389874,False,True,False,all
2026-09-15,FXU,45.599998474121094,30,3,False,-0.05735657352194723,-0.05238092198138167,0.04347820773479172,-0.11662147582969484,False,True,False,all
2026-09-15,ICLN,17.440000534057617,30,2,False,-0.033752159935580894,-0.07170095893958583,0.19370300779486804,-0.2666105958587436,False,False,False,all
2026-09-15,JMTG,49.040000915527344,30,1,False,-0.019313738662089408,-0.033517929264554436,0.0004080060705202726,-0.05764796209111678,False,False,False,all
2026-09-15,JMUB,48.529998779296875,30,1,False,-0.023512972521113396,-0.03558941621878431,0.0024788046325758817,-0.054733178125036974,False,False,False,all
2026-09-15,LIN,462.9599914550781,30,3,False,-0.06266477177843244,-0.039709391337141575,0.19387279620517406,-0.1554907312183016,False,True,False,all
2026-09-15,MMIT,23.40999984741211,30,1,False,-0.02347253833763041,-0.03567548129652587,0.0017115535619305344,-0.054905150796042745,False,False,False,all
2026-09-15,SCHR,23.959999084472656,30,1,False,-0.017162770302184382,-0.033315550445902065,0.0012536054707190658,-0.0574351293249149,False,False,False,all
2026-09-15,SCHZ,22.40999984741211,30,1,False,-0.016233690512646226,-0.032496219555461114,0.0017880646704562242,-0.05562577835177751,False,False,False,all
2026-09-15,SMTH,25.0,30,1,False,-0.014348721954283716,-0.03080114042285753,0.0024057523920437696,-0.05553454293490878,False,False,False,all
2026-09-15,SPMB,21.549999237060547,30,1,False,-0.019125943543841895,-0.033699485477877156,0.0032588312996273405,-0.05771760182484964,False,False,False,all
2026-09-15,UITB,45.279998779296875,30,1,False,-0.018457278012913747,-0.03461930823845172,0.0005523745573228211,-0.05774636371358055,False,False,False,all
2026-09-15,VCRB,74.7300033569336,30,1,False,-0.01652595597043771,-0.03267534575311948,0.00127287757732919,-0.05620102211531952,False,False,False,all
2026-09-15,VSEC,178.0800018310547,30,3,False,-0.15131214919513802,-0.10212857779317297,0.15135452213905598,-0.2815009181130348,False,True,False,all
2026-09-15,VWOB,64.58000183105469,30,1,False,-0.021058279504238997,-0.033545290473164124,0.000619784861479955,-0.05598599073275645,False,False,False,all
2026-09-15,CMF,55.13999938964844,30,1,False,-0.024540411892015612,-0.036471338496580685,0.0012711039624502263,-0.0564681607564641,False,False,False,all
2026-09-15,CAAP,23.90999984741211,30,3,False,-0.032140549321379,-0.07689813629174758,0.37730409025186673,-0.2160655787733735,False,False,False,all
2026-09-15,FBND,44.189998626708984,30,1,False,-0.01627742024268297,-0.03247421577389531,0.001745509625683539,-0.05697827462368332,False,False,False,all
2026-09-15,TAGG,41.220001220703125,30,1,False,-0.016160997310350256,-0.03257476513228341,0.001701086080888592,-0.057182066106991614,False,True,False,all
2026-09-15,IWP,135.3000030517578,30,2,False,-0.03824005953278853,-0.019411353504323325,0.10053685021067404,-0.08759856242835062,False,True,False,all
2026-09-15,SPAB,24.709999084472656,30,1,False,-0.016227700855776517,-0.03229157626216661,0.0016213623046215098,-0.05578910919239277,False,True,False,all
2026-09-15,VTEI,96.87999725341797,30,1,False,-0.023069026922249103,-0.03592663888725611,0.0002890996436668569,-0.05632079216926966,False,False,False,all
2026-09-15,VPLS,75.12999725341797,30,1,False,-0.016517253364424223,-0.03118878320021934,0.0009325832280979718,-0.05389757223665281,False,False,False,all
2026-09-15,JBND,51.83000183105469,30,1,False,-0.01623596248584891,-0.03253320436248319,0.0013524635199295698,-0.07089715922157336,False,False,False,all
2026-09-15,JCPB,45.41999816894531,30,1,False,-0.016793349086422382,-0.03284313020472229,0.0012123109984281122,-0.057089476946937,False,False,False,all
2026-09-15,UTF,24.950000762939453,30,4,False,-0.08280149260477421,-0.05037753649505894,0.06532880792746854,-0.11241550262536937,False,False,False,all
2026-09-15,CGCB,25.440000534057617,30,1,False,-0.016191821531406303,-0.032034169105937815,0.001574839217641566,-0.0546265076807817,False,True,False,all
2026-09-15,MUNI,50.47999954223633,30,1,False,-0.023544803107047763,-0.0352779142573999,0.00019810424591582,-0.05415026133571588,False,False,False,all
2026-09-15,ABG,205.14999389648438,29,1,False,-0.049440256283165396,-0.042621903596612,0.1926632198591891,-0.2071497820425725,True,True,False,all
2026-09-15,BAB,25.950000762939453,29,1,False,-0.016747472039643663,-0.034996680795893687,0.0015438408245045387,-0.0641903645395201,False,False,False,all
2026-09-15,BANF,110.94000244140625,29,4,False,-0.02200185369136365,-0.009336451329646,0.09322032687759374,-0.18077090576384935,False,False,False,all
2026-09-15,EMA,48.439998626708984,29,3,False,-0.06788795663913016,-0.05550564450397488,0.0583351134420278,-0.12704997005782404,False,True,False,all
2026-09-15,EVTR,49.189998626708984,29,1,False,-0.018512410489454845,-0.034747164948383924,0.0007120302773122589,-0.05675940196667206,False,False,False,all
2026-09-15,FBL,27.75,29,3,False,0.19648272865252703,0.022325189501550158,0.5920825883037839,-0.44949215443590607,False,False,False,all
2026-09-15,FPE,17.420000076293945,29,1,False,-0.018790557519905327,-0.03395573255411222,0.0023015487605799745,-0.05888709557588889,False,False,False,all
2026-09-15,GGAL,42.13999938964844,29,1,False,-0.09860963725306815,-0.12386390823324445,0.6276554802275205,-0.3259757024775336,True,True,False,all
2026-09-15,GTO,45.435001373291016,29,1,False,-0.016447706444188692,-0.032510986318012414,0.0009914515146003389,-0.05355578714583875,False,False,False,all
2026-09-15,HYMB,24.059999465942383,29,1,False,-0.031486761842459465,-0.03875351640924074,0.00145680948877569,-0.05610044401789538,False,False,False,all
2026-09-15,MBB,91.23999786376953,29,1,False,-0.019847996741862106,-0.03522172896463205,0.002417064698055915,-0.05909047421678526,False,False,False,all
2026-09-15,MGEE,75.36000061035156,29,1,False,-0.05790578618364772,-0.043987842463190985,0.0443458534623451,-0.14305209781449169,False,True,False,all
2026-09-15,NYF,51.41999816894531,29,1,False,-0.026468280471445227,-0.03772560658196766,0.0012656728125473027,-0.0568599094422223,False,False,False,all
2026-09-15,RBC,483.7099914550781,29,3,False,-0.11091221011735153,-0.11339625455517044,0.32705073101530346,-0.2755470507475113,False,False,False,all
2026-09-15,SANA,3.1600000858306885,29,0,False,-0.11225978402269443,-0.14443133614743975,0.2107280508969791,-0.517557252853124,False,False,False,all
2026-09-15,USIG,49.459999084472656,29,1,False,-0.01661379258701856,-0.034696114810074064,0.0010119254647835696,-0.06183615441477397,False,False,False,all
2026-09-15,DFGX,51.20500183105469,29,1,False,-0.020811051112615275,-0.030562474348285185,0.0017607385235751671,-0.06440704806623143,False,False,False,all
2026-09-15,BRO,67.2300033569336,29,0,False,-0.0413107185548206,-0.026594497649602977,0.2493960535430073,-0.30367683861290584,False,True,False,all
2026-09-15,CHA,12.210000038146973,29,3,False,0.09491014537522968,0.07425183044701966,0.35968826955043065,-0.3385698459531763,False,False,False,all
2026-09-15,WPC,68.31999969482422,29,3,False,-0.05125606314427689,-0.038265957985993526,0.08306908230287724,-0.11525513319329972,False,False,False,all
2026-09-15,VTEB,48.220001220703125,29,1,False,-0.027202789351118417,-0.038641713512436615,0.0004149472499397344,-0.05783507359950746,False,False,False,all
2026-09-15,CLSK,12.619999885559082,29,3,False,-0.023340770053426607,0.001362780778121131,0.5774999856948853,-0.4654807471700796,False,True,False,all
2026-09-15,GRBK,67.12000274658203,29,4,False,-0.06156320357801581,-0.03791846945369903,0.11052290323714686,-0.1930752284163485,False,False,False,all
2026-09-15,LBRT,19.469999313354492,29,3,False,-0.06894675035004127,-0.21718890327480822,0.8221804912248132,-0.43529210071783087,True,True,False,all
2026-09-15,VGIT,57.2400016784668,29,1,False,-0.01787856227465001,-0.033840860445944476,0.0005244291989909833,-0.05793279691087361,False,True,False,all
2026-09-15,CAL,12.3100004196167,29,3,False,-0.03253690480137705,-0.021917440093711327,0.398863653727799,-0.22432258926364623,False,False,False,all
2026-09-15,GLL,23.350000381469727,29,2,False,-0.023118807248318052,0.04670502629277662,0.4967948596466538,-0.3783280210933657,False,False,False,all
2026-09-15,HTRB,32.70000076293945,29,1,False,-0.017240633754516788,-0.03397695708452231,0.001378103975649525,-0.06088451896798519,False,False,False,all
2026-09-15,TAFM,24.479999542236328,29,1,False,-0.026489221479731095,-0.03721625139542817,0.0024569805796450517,-0.05591981279884617,False,False,False,all
2026-09-15,IBDX,24.334999084472656,29,1,False,-0.019355034127084947,-0.03583786760606533,0.0010283677120312973,-0.09096007962841968,False,False,False,all
2026-09-15,SCCR,24.690000534057617,29,1,False,-0.017827852539413103,-0.03508418311912653,0.0012165728641988505,-0.0594285510835193,False,True,False,all
2026-09-15,PTRB,40.209999084472656,29,1,False,-0.01737064403140043,-0.03431915593176005,0.00136970008337145,-0.06007479588961451,False,True,False,all
2026-09-15,BSCW,19.895000457763672,29,1,False,-0.01791494587983744,-0.03480380135052241,0.0012581589066122945,-0.06332388549191048,False,False,False,all
2026-09-15,DFCF,40.880001068115234,29,1,False,-0.017246244017435797,-0.03297246634754958,0.0015926116279154634,-0.05523455891758866,False,True,False,all
2026-09-15,SPTI,27.549999237060547,29,1,False,-0.017923373990393565,-0.03379273217528178,0.0003630472476696678,-0.057797556336745104,False,False,False,all
2026-09-15,MRP,29.440000534057617,29,1,False,-0.0021624155736019723,-0.00718306543794256,0.1193916877599126,-0.16953455852009114,False,False,False,all
2026-09-15,VTEC,96.05000305175781,29,1,False,-0.026050699489963525,-0.03776399837546118,0.0003645645194176872,-0.05740920889618839,False,False,False,all
2026-09-15,MUB,102.87000274658203,29,1,False,-0.024756950919372356,-0.036463017422489696,0.0021432169257948885,-0.056238506912091424,False,False,False,all
2026-09-15,MUNY,99.06999969482422,29,1,False,-0.02663065005759857,-0.03814254796514982,0.002022827376214398,-0.061036890446567904,False,False,False,all
2026-09-15,AB,36.06999969482422,28,1,False,-0.02244554753870165,-0.05807452909204114,0.032932462376289884,-0.18227161197636776,False,False,False,all
2026-09-15,ARKB,25.229999542236328,28,3,False,0.09917875161294698,0.021295181726588286,0.31133055313804947,-0.3991426879324296,False,False,False,all
2026-09-15,AVIG,39.95000076293945,28,1,False,-0.019963291454081045,-0.03721307893381953,0.0007515680202980768,-0.060861811813894384,False,False,False,all
2026-09-15,BCRX,8.15999984741211,28,4,False,-0.14810098647416292,-0.05307867096019414,0.3599999745686848,-0.27272730363553055,False,False,False,all
2026-09-15,BITB,41.31999969482422,28,3,False,0.09992491688967853,0.02201460969619884,0.3121625911449477,-0.398894370396794,False,True,False,all
2026-09-15,BOND,88.66000366210938,28,1,False,-0.02098917693513358,-0.03860017154255535,0.001242242874766042,-0.06358255834033111,False,False,False,all
2026-09-15,DRN,9.5600004196167,28,4,False,-0.1188127563673288,-0.04824478542398125,0.18757766373965667,-0.21703518511474518,False,False,False,all
2026-09-15,ECVT,10.539999961853027,28,3,False,-0.051953662689508295,-0.10090123303003184,0.42240218338655544,-0.30129267913825264,True,True,False,all
2026-09-15,ERIC,10.039999961853027,28,2,False,-0.009041033118174835,-0.07802786774502923,0.275730636321323,-0.2708787488679879,True,True,False,all
2026-09-15,FIXD,42.20140075683594,28,1,False,-0.017181229194895398,-0.03545623594767744,0.005992848374834381,-0.06541021154484306,False,False,False,all
2026-09-15,FLMI,23.860000610351562,28,1,False,-0.03043598912995582,-0.04168429573196519,0.0006291171075298863,-0.062843618682488,False,False,False,all
2026-09-15,FMB,49.040000915527344,28,1,False,-0.026011668423158385,-0.03880688033297963,0.001838613915937426,-0.057466806340946364,False,False,False,all
2026-09-15,HODL,21.530000686645508,28,3,False,0.10000718459401803,0.02262313362073254,0.3128049504537105,-0.3979306013087527,False,True,False,all
2026-09-15,IGEB,43.470001220703125,28,1,False,-0.017512958682827207,-0.0361348244870231,0.001497579616043021,-0.06435639093175993,False,True,False,all
2026-09-15,IGIB,51.15999984741211,28,1,False,-0.020208677160998167,-0.03868738844158748,0.000704156515704879,-0.06266034937537657,False,False,False,all
2026-09-15,ITM,44.81999969482422,28,1,False,-0.02487207976373007,-0.04166983439307215,0.001116802245908266,-0.0666389157108409,False,False,False,all
2026-09-15,LPTH,9.289999961853027,28,3,False,-0.20492280668182727,-0.2247253398659247,0.6156521672787874,-0.509503711726518,False,False,False,all
2026-09-15,MIAX,39.5099983215332,28,0,False,-0.08395782411865771,-0.08558180894990275,0.11515658992984523,-0.30854044901003463,False,False,False,all
2026-09-15,O,58.709999084472656,28,3,False,-0.06621582552559091,-0.052244413997007966,0.0510203802896656,-0.13585521085157248,False,False,False,all
2026-09-15,SCHP,25.56999969482422,28,1,False,-0.016364441463223467,-0.03509252843341537,0.0011745801966136504,-0.05958075790415007,False,False,False,all
2026-09-15,SCMB,24.540000915527344,28,1,False,-0.02926443270784329,-0.04254973110224736,0.00040767340407299457,-0.0633587709569925,False,False,False,all
2026-09-15,TIP,105.79000091552734,28,1,False,-0.01390358757312149,-0.0357503313482187,0.0010048954724621861,-0.05763407355766492,False,False,False,all
2026-09-15,ESI,31.790000915527344,28,3,False,-0.13922416689951567,-0.10255665716065376,0.39063867308612665,-0.3545177479080742,False,True,False,all
2026-09-15,FTCB,20.200000762939453,28,1,False,-0.01737586704839178,-0.035977794448087685,0.0014873914988611237,-0.06481479600950879,False,False,False,all
2026-09-15,FBTC,66.19999694824219,28,3,False,0.09909626686506456,0.0211439555562023,0.3114104110253215,-0.399546512941114,False,True,False,all
2026-09-15,TFI,43.599998474121094,28,1,False,-0.028299691203513055,-0.041598192155295255,0.0004542952698671776,-0.06236562421244962,False,False,False,all
2026-09-15,IBIT,43.11000061035156,28,3,False,0.09944200552450289,0.02153676462611709,0.31272839251050866,-0.39974936238466274,False,False,False,all
2026-09-15,CMC,65.19000244140625,28,2,False,-0.045162504608991405,-0.06910788889843078,0.22814619805206093,-0.23188405406253332,False,True,False,all
2026-09-15,LOPE,153.42999267578125,28,1,False,0.03757808694543274,-0.03465537064639301,0.14269745880428242,-0.31209649706656206,True,True,False,all
2026-09-15,BTC,33.63999938964844,28,3,False,0.09907341751313359,0.021351509461563722,0.31150097036827895,-0.3988563270190867,False,False,False,all
2026-09-15,CORP,93.41000366210938,28,1,False,-0.017121674985563384,-0.0356835903553232,0.0016084229299051511,-0.062430932076485646,False,True,False,all
2026-09-15,SPBO,27.979999542236328,28,1,False,-0.016444172160825388,-0.035834047145299475,0.002148978000660051,-0.06515204620971016,False,False,False,all
2026-09-15,DFGP,52.4546012878418,28,1,False,-0.01879944258320132,-0.03187843233339871,0.0016154737002587183,-0.06614557596972903,False,True,False,all
2026-09-15,CGCP,21.610000610351562,28,1,False,-0.01810661901042654,-0.03533242964835703,0.0009263759899174051,-0.060638930723984186,False,False,False,all
2026-09-15,CAG,15.020000457763672,28,0,False,-0.006810794704779521,-0.04918351863322534,0.1987231267244438,-0.26082673802453493,False,True,False,all
2026-09-15,SMBS,24.4950008392334,28,1,False,-0.020117658167975616,-0.03769789129306356,0.0034822200881865495,-0.062212861707078404,False,False,False,all
2026-09-15,TNDM,16.280000686645508,28,2,False,-0.16177095535612462,-0.17414376828315659,0.42059342342532013,-0.45092745712984617,False,True,False,all
2026-09-15,RYAN,39.20000076293945,28,1,False,-0.07097114528391024,-0.04832653953501864,0.3387978088681678,-0.33767002021850734,False,False,False,all
2026-09-15,IBDY,24.841999053955078,28,1,False,-0.018856694636227855,-0.03750394831617898,0.0008863561402641107,-0.06327305335009381,False,True,False,all
2026-09-15,AMT,177.7100067138672,27,3,False,0.0319473774314043,0.0010159225158627994,0.11027120720036399,-0.10756790862105847,True,True,False,all
2026-09-15,ANNX,3.9200000762939453,27,2,False,-0.24657401061447093,-0.2730644260806735,0.6896552539183631,-0.4540389735356035,False,True,False,all
2026-09-15,BEP,28.809999465942383,27,3,False,-0.11048951406406216,-0.09657635407181187,0.1616935625904934,-0.24422874414498497,False,False,False,all
2026-09-15,BIV,73.93000030517578,27,1,False,-0.0203691061523813,-0.03891840168381544,0.0008122046346685785,-0.06524208207913118,False,False,False,all
2026-09-15,DGCB,52.375,27,1,False,-0.019373621089326165,-0.035317421261131465,0.0020087916838871234,-0.06523289057517168,False,True,False,all
2026-09-15,DUK,117.7699966430664,27,2,False,-0.04865843805800074,-0.05162208348121433,0.03397712963426258,-0.12432157162003765,False,True,False,all
2026-09-15,EFC,12.619999885559082,27,1,False,-0.060396696081129964,-0.04318192088327466,0.11879434258062083,-0.10623229547856383,False,True,False,all
2026-09-15,FDIS,96.72000122070312,27,2,False,-0.0457077486292049,-0.04301437682086928,0.0752640856270006,-0.0998603632600159,False,False,False,all
2026-09-15,GGG,76.83999633789062,27,1,False,-0.021450702414599454,-0.0650703723411038,0.05971581952962901,-0.19699033987440884,False,True,False,all
2026-09-15,GIB,72.12000274658203,27,2,False,0.009391346920568422,-0.04230480833286632,0.20945835074192765,-0.24243692165461062,False,True,False,all
2026-09-15,HIMU,46.70000076293945,27,1,False,-0.03513192395683884,-0.04124148302230746,0.0010717949715994823,-0.06487781243223167,False,False,False,all
2026-09-15,HYD,48.7599983215332,27,1,False,-0.030273167609043083,-0.04121255704706417,0.0014376606448665008,-0.05650158603714517,False,False,False,all
2026-09-15,JMBS,43.380001068115234,27,1,False,-0.022523833004559957,-0.041093897902137355,0.0020790055598176593,-0.06488463809302958,False,False,False,all
2026-09-15,LINE,38.48500061035156,27,4,False,-0.06990062686517506,-0.006533602485537915,0.22837538155343662,-0.15879780086663253,False,True,False,all
2026-09-15,MNDY,94.05000305175781,27,3,False,0.07446914042939423,0.009693033157595288,0.6356522269870923,-0.5740489051093377,False,True,False,all
2026-09-15,MTBA,47.459999084472656,27,1,False,-0.02316898566157921,-0.04250591610667931,0.0009490281150785762,-0.06721701870768582,False,False,False,all
2026-09-15,OSW,21.700000762939453,27,3,False,-0.1487658760601679,-0.07366494712037308,0.13851004044960202,-0.2580688811901365,False,False,False,all
2026-09-15,RCI,35.84000015258789,27,2,False,0.020710405344939176,-0.019040303941944003,0.14212877983111882,-0.12882837422681448,False,True,False,all
2026-09-15,SCHI,21.770000457763672,27,1,False,-0.020613434252322538,-0.03986308332742983,0.0009195612764907324,-0.06478217321393576,False,False,False,all
2026-09-15,SNDX,18.09000015258789,27,3,False,-0.12247084966790955,-0.13866473104586063,0.39260973605319194,-0.2930832338913266,False,True,False,all
2026-09-15,SPIP,24.780000686645508,27,1,False,-0.01449226915746693,-0.039512521097540776,0.0006057459061896697,-0.06772006178431822,False,False,False,all
2026-09-15,TOTL,38.02000045776367,27,1,False,-0.01963310535113394,-0.04095368422081325,0.0010532100055151705,-0.06948287088101124,False,False,False,all
2026-09-15,VCIT,79.51000213623047,27,1,False,-0.020221533001020364,-0.038952552080753655,0.0008811643085717691,-0.06282407392419598,False,False,False,all
2026-09-15,VCR,372.3599853515625,27,2,False,-0.046047292586543276,-0.04353111120854403,0.07469398968085228,-0.10118763529799757,False,True,False,all
2026-09-15,VZLA,3.759999990463257,27,2,False,0.045315535859919986,-0.07225779835787527,0.30555550036607193,-0.47705146584980507,False,True,False,all
2026-09-15,NRDS,9.520000457763672,27,0,False,-0.002577326669423341,-0.10342404142437145,0.2987722451367163,-0.4137930669990276,False,True,False,all
2026-09-15,KBR,37.31999969482422,27,1,False,0.011908628703773294,-0.021970297603247202,0.24649295354459455,-0.2854681213495892,False,True,False,all
2026-09-15,DRUG,60.220001220703125,27,2,False,-0.18644707435756558,-0.22779525369697784,0.3609039823887712,-0.5133737275094696,False,True,False,all
2026-09-15,YOU,41.58000183105469,27,3,False,-0.15677014118046728,-0.10727125515451497,0.41260413064265955,-0.3980019977592313,True,False,False,all
2026-09-15,MDU,18.59000015258789,27,2,False,-0.08523682763572105,-0.10417193085919652,0.1795685204699291,-0.19103566044811238,False,False,False,all
2026-09-15,SMA,32.09000015258789,27,3,False,-0.04409836809104595,-0.009025000804176009,0.09112547837743712,-0.19311039016285791,False,False,False,all
2026-09-15,CPT,102.83999633789062,27,2,False,-0.06260258118630779,-0.04166398065567012,0.06536825482636477,-0.1416409445497555,False,True,False,all
2026-09-15,SPGI,412.5199890136719,27,1,False,-0.03436151289913947,-0.03763368277774537,0.14261583694912816,-0.21044157476002723,False,False,False,all
2026-09-15,CHRW,157.6300048828125,27,1,False,-0.039795785810671225,-0.08753507133268801,0.27491107781427093,-0.2505586292466868,True,True,False,all
2026-09-15,GBTC,58.84000015258789,27,3,False,0.09803570505269277,0.015971685607631958,0.30813696646077093,-0.40637612467563333,False,False,False,all
2026-09-15,QLTA,45.720001220703125,27,1,False,-0.01713349419141752,-0.03781092896894411,0.0015333996163073849,-0.06731944525181865,False,True,False,all
2026-09-15,STOK,28.149999618530273,27,3,False,-0.08551046783085392,-0.1194519125544371,0.3853346477018138,-0.3000994837354668,False,True,False,all
2026-09-15,PFF,29.829999923706055,27,1,False,-0.01989131849161907,-0.03748889257685917,0.0016789535227568209,-0.07532543472592657,False,False,False,all
2026-09-15,PFFA,20.5,27,1,False,-0.016097599947305974,-0.03633714106322761,0.013346538006585806,-0.0888888888888889,False,False,False,all
2026-09-15,ACLS,105.04000091552734,26,4,False,-0.18415025935368012,-0.10745239091893932,0.4271739550709508,-0.4579419879388005,False,True,False,all
2026-09-15,APAM,36.72999954223633,26,1,False,-0.09333715970694878,-0.07071710206398707,0.08156656455948452,-0.2106167954902456,False,True,False,all
2026-09-15,ARLO,13.520000457763672,26,0,False,-0.010176406652057324,-0.004264247259468168,0.22352943207185105,-0.32196589289596833,True,False,False,all
2026-09-15,BOTZ,34.630001068115234,26,1,False,-0.03305427105950831,-0.062196161939534256,0.08643140605851718,-0.16974342296241107,True,True,False,all
2026-09-15,BR,170.25,26,1,False,0.034419902690525195,-0.029403515975564565,0.27213627490584247,-0.32803126148617445,False,True,False,all
2026-09-15,DNN,2.859999895095825,26,2,False,-0.09332998934599102,-0.15447157662321365,0.29999992413954457,-0.35440180453270875,False,True,False,all
2026-09-15,EEFT,70.11000061035156,26,1,False,-0.053966153664604666,-0.029722776764592007,0.12176000976562507,-0.23443984266685902,True,True,False,all
2026-09-15,EPI,41.369998931884766,26,1,False,-0.031918400691942184,-0.04915789546021898,0.04973354712157807,-0.12351698594954885,False,False,False,all
2026-09-15,FCPT,23.5,26,4,False,-0.06760091066101481,-0.05024602515668919,0.03160664142458014,-0.1250930950856588,False,False,False,all
2026-09-15,FERG,215.11000061035156,26,1,False,-0.0815758386001254,-0.10064264621608021,0.03597573320487846,-0.20810635764119045,False,True,False,all
2026-09-15,FLG,12.84000015258789,26,4,False,-0.08449197022003341,-0.05995357145831881,0.21475880069090403,-0.16839374990001554,False,True,False,all
2026-09-15,FLIN,34.279998779296875,26,1,False,-0.03250755186098497,-0.04724784113734537,0.06459621015759076,-0.13977415076794597,False,True,False,all
2026-09-15,GME,21.440000534057617,26,2,False,0.0691347432255498,-0.033670521269398956,0.2051714126301425,-0.23701066750888666,False,False,False,all
2026-09-15,GSOL,7.409999847412109,26,3,False,0.15761351195676676,0.05880585335176702,0.6073751914976937,-0.6771242003887833,False,True,False,all
2026-09-15,HPP,11.4399995803833,26,4,False,-0.1864599888888736,0.044076609446923376,1.1749047685526812,-0.4552381152198428,False,True,False,all
2026-09-15,INSM,119.91999816894531,26,2,False,0.017079658218407845,-0.13414945113979238,0.32669541961163784,-0.4363337336359797,True,True,False,all
2026-09-15,IYC,97.05999755859375,26,1,False,-0.038450135669262586,-0.04585239272731889,0.03266304675603804,-0.0959389250484477,False,False,False,all
2026-09-15,LQD,104.27999877929688,26,1,False,-0.018997298144133645,-0.04238512247401782,0.0022104346063753777,-0.07659613479592331,False,True,False,all
2026-09-15,LSPD,9.829999923706055,26,0,False,-0.04803409468991848,-0.026684499458812128,0.2554278441235758,-0.2832665100735543,False,True,False,all
2026-09-15,METU,26.84000015258789,26,3,False,0.1966010156602962,0.012348851486663648,0.5928783112731772,-0.4605025094957208,False,False,False,all
2026-09-15,PHM,119.47000122070312,26,2,False,-0.057966545756957144,-0.04609552511412385,0.10120751749595525,-0.17321798463181226,False,True,False,all
2026-09-15,PWZ,22.93000030517578,26,1,False,-0.04122761666643726,-0.05073180682309941,0.00043198097186647466,-0.06750711008992849,False,False,False,all
2026-09-15,PZA,21.979999542236328,26,1,False,-0.03893243959714332,-0.051515094418306706,0.0004551765677915931,-0.06982647808425668,False,False,False,all
2026-09-15,QCML,19.440000534057617,26,3,False,0.2140636887732439,0.033278613465302476,0.8585086484857685,-0.5360381903076831,False,False,False,all
2026-09-15,REYN,21.940000534057617,26,1,False,-0.12076107868363817,-0.06327982248305486,0.07338551667357662,-0.19692530091008176,False,False,False,all
2026-09-15,SAIA,353.79998779296875,26,3,False,-0.06692655870854236,-0.08713515152390616,0.4190597521236352,-0.28483355116328724,True,True,False,all
2026-09-15,TDS,37.83000183105469,26,2,False,0.08948592407162081,-0.06408525010104682,0.20057129661268558,-0.22984522284876352,False,False,False,all
2026-09-15,COLM,56.4900016784668,26,3,False,-0.05358492610778087,-0.04676485610824188,0.19001475091240927,-0.18201558535332962,False,True,False,all
2026-09-15,BX,126.69999694824219,26,0,False,-0.0527556313944777,-0.028943192235441506,0.24545358072679857,-0.3334736209735668,False,True,False,all
2026-09-15,BTI,56.52000045776367,26,3,False,-0.03129273459067128,-0.04457225112474317,0.13311947168126514,-0.1601783373724911,True,False,False,all
2026-09-15,WOR,54.36000061035156,26,4,False,-0.04320030508124362,-0.014714028366683118,0.20773167379446966,-0.15838359355251752,False,False,False,all
2026-09-15,IEF,90.81999969482422,26,1,False,-0.022515928804038965,-0.042987079405979456,0.0007713464994403285,-0.07373792077412866,False,False,False,all
2026-09-15,CVCO,536.0700073242188,26,2,False,-0.059398242882432895,-0.043450649767302285,0.20916229474512416,-0.24815921237847494,False,True,False,all
2026-09-15,RITM,9.569999694824219,26,1,False,-0.022372073435421025,-0.05029848344796728,0.1352312394281303,-0.24526818103325343,False,True,False,all
2026-09-15,HAPN,16.40999984741211,26,2,False,-0.12270854294840261,-0.07107731021650276,0.25747123429643715,-0.24273189710949983,False,True,False,all
2026-09-15,LMUB,47.7400016784668,26,1,False,-0.0380065686581742,-0.05184247497527117,0.0012584180559349623,-0.1079969867313112,False,False,False,all
2026-09-15,CE,47.220001220703125,26,4,False,0.03825403704373831,-0.07354812662615928,0.34415029276959075,-0.33210745036846634,False,False,False,all
2026-09-15,LNT,65.98999786376953,26,3,False,-0.07006307315098581,-0.06283642909851972,0.04282552365281145,-0.1626697131324334,False,True,False,all
2026-09-15,STEP,49.40999984741211,26,1,False,0.04866163173132243,-0.06845867380093906,0.27181471783905686,-0.3648691945450049,True,True,False,all
2026-09-15,AAL,12.770000457763672,25,1,False,-0.1288152448909372,-0.08350375574651314,0.2656095405993044,-0.3203831912955881,True,True,False,all
2026-09-15,ADC,70.06999969482422,25,2,False,-0.07633455012612944,-0.07147287362733235,0.007331830852939092,-0.14632068553008393,False,False,False,all
2026-09-15,AIRR,105.05000305175781,25,3,False,-0.10209374953129147,-0.10029039610458323,0.16064523889462046,-0.2221399431475949,False,False,False,all
2026-09-15,AKR,19.639999389648438,25,4,False,-0.07341010216643351,-0.06020841891708406,0.055346520446858616,-0.14719935718294808,False,False,False,all
2026-09-15,ATO,162.0399932861328,25,2,False,-0.05633789785528365,-0.07553500326288531,0.012117346087812564,-0.15827750293567822,False,True,False,all
2026-09-15,BCE,22.899999618530273,25,3,False,0.012700756630041887,-0.043042220088264305,0.09726874449763767,-0.13650078343696448,True,False,False,all
2026-09-15,DOG,21.8799991607666,25,2,False,0.01828061297799355,-0.037346846767832065,0.05344240147033896,-0.1289809542285698,False,False,False,all
2026-09-15,DOX,62.29999923706055,25,1,False,0.08542257178939994,-0.0544359669421679,0.25251301034899565,-0.27270608716284506,False,True,False,all
2026-09-15,GBDC,12.430000305175781,25,1,False,-0.04246138283519263,-0.04751685509150594,0.056074751210121176,-0.1427585996430496,False,False,False,all
2026-09-15,GWRE,148.8800048828125,25,1,False,-0.08652934607846186,-0.03979698838200585,0.455327472546486,-0.41823296177438174,False,False,False,all
2026-09-15,IHI,51.779998779296875,25,1,False,-0.025526780413340222,-0.06259591317631019,0.0930968956480962,-0.19981456479850845,False,False,False,all
2026-09-15,JJSF,80.77999877929688,25,2,False,-0.027590538220188976,-0.03234830673510847,0.17293444980014794,-0.22809366840457446,False,True,False,all
2026-09-15,MSCI,544.5999755859375,25,1,False,-0.05324238142936022,-0.04928333741821711,0.08685237922068834,-0.1553577879103878,False,True,False,all
2026-09-15,PRN,190.67880249023438,25,2,False,-0.11070783604895951,-0.09817373991459832,0.22230001596304083,-0.274240495882456,False,True,False,all
2026-09-15,QCLN,47.189998626708984,25,2,False,-0.0763105878227458,-0.09577349870815677,0.2203258562501258,-0.3180635735865057,False,True,False,all
2026-09-15,SBAC,183.13999938964844,25,2,False,-0.00270425581024214,-0.04942753845691472,0.12763989446529034,-0.18408627857207482,False,True,False,all
2026-09-15,SHLD,62.56999969482422,25,1,False,-0.03030134156359643,-0.08155274674237745,0.08084298418584246,-0.20285881911317338,False,True,False,all
2026-09-15,SVV,9.279999732971191,25,2,False,-0.09715333533159642,-0.01655851162329025,0.3439535772626372,-0.3318934842624174,False,True,False,all
2026-09-15,TDOC,6.579999923706055,25,1,False,-0.11843516518368735,-0.012575419043783231,0.49545449570190914,-0.33447963306833595,True,True,False,all
2026-09-15,TKO,190.1300048828125,25,3,False,0.009674597502257853,-0.03769915740256424,0.08028411865234375,-0.1622014504388566,False,True,False,all
2026-09-15,TTWO,211.91000366210938,25,1,False,-0.10022255833014548,-0.06724538053124496,0.1294036036211872,-0.20316612124270828,False,False,False,all
2026-09-15,UGL,49.08000183105469,25,1,False,-1.626427336687275e-05,-0.1555997990574728,0.20205730173945713,-0.4570796349267262,False,False,False,all
2026-09-15,USAS,4.690000057220459,25,2,False,-0.006987072765946012,-0.2044037601103914,0.743494407976546,-0.5533333278837658,False,True,False,all
2026-09-15,XAR,241.52999877929688,25,3,False,-0.10023312933578998,-0.09584737201562166,0.1232908286674761,-0.18892510880578495,False,False,False,all
2026-09-15,XTEN,43.380001068115234,25,1,False,-0.02302311394375145,-0.04853833777149508,0.001616247808927218,-0.08673681961862667,False,False,False,all
2026-09-15,DAPP,18.799999237060547,25,5,False,0.01020952582466328,0.012701826415670636,0.3742689194200992,-0.316114972950549,False,False,False,all
2026-09-15,PPG,104.88999938964844,25,4,False,-0.07823694364141964,-0.06067045032280716,0.1231395232375887,-0.21389488760208164,False,True,False,all
2026-09-15,CHH,97.41999816894531,25,3,False,-0.08810437806728177,-0.07564581860036179,0.1592098656313301,-0.2132127410026351,False,False,False,all
2026-09-15,PUK,26.479999542236328,25,1,False,-0.060679816493123595,-0.10305244884767661,0.075985326513897,-0.22186304754303443,False,True,False,all
2026-09-15,TSLX,17.860000610351562,25,0,False,-0.006585650945343691,-0.05728345696275294,0.11346630866226382,-0.2665297605521614,True,True,False,all
2026-09-15,COST,901.3499755859375,25,3,False,-0.04025102375872236,-0.06174981546470126,0.06787429589490368,-0.17797539846243726,False,False,False,all
2026-09-15,COCO,55.779998779296875,25,4,False,-0.13600556893355953,-0.08788808657157421,0.4823278553281931,-0.3501107119968071,False,False,False,all
2026-09-15,KR,62.25,25,3,False,0.07500699050883686,-0.024719636376261067,0.14958445514078167,-0.18712459504334444,False,False,False,all
2026-09-15,UE,20.18000030517578,25,4,False,-0.0855703008126587,-0.04546796834251021,0.09317450195053789,-0.16300291189077976,False,False,False,all
2026-09-15,XLY,110.87999725341797,25,1,False,-0.04174893077619457,-0.051904369278195084,0.054092543777448876,-0.11303099465124589,False,True,False,all
2026-09-15,NGG,74.93000030517578,25,3,False,-0.06872980513454985,-0.09847204214540128,0.07058154868102173,-0.20826288262453752,False,False,False,all
2026-09-15,INDA,47.59000015258789,25,1,False,-0.03482655391492551,-0.05307100103378248,0.05264324521812802,-0.1425225197731912,False,True,False,all
2026-09-15,SPDN,8.649999618530273,25,2,False,0.006867609579077394,-0.049714269115676,0.034688992076859826,-0.15856032653512575,True,True,False,all
2026-09-15,PFFD,17.90999984741211,25,1,False,-0.029089377666838168,-0.049902663594857954,0.003923749676317367,-0.09954749135220187,False,False,False,all
2026-09-15,AIPI,36.560001373291016,24,2,False,0.0063092877116674995,-0.01856429100879209,0.13505130122513243,-0.18899734054346062,True,False,False,all
2026-09-15,AMBA,64.33000183105469,24,1,False,-0.11519880562643958,-0.06109039915358416,0.3318841169192883,-0.33467783424622,False,False,False,all
2026-09-15,AWI,160.08999633789062,24,1,False,-0.0583761130844942,-0.07908064316738006,0.06527813174260699,-0.2231657855421938,False,True,False,all
2026-09-15,BCAT,14.1899995803833,24,4,False,-0.09894466667178659,-0.0633632733448648,0.03350328138991676,-0.12407414122809224,False,False,False,all
2026-09-15,BLV,64.79000091552734,24,1,False,-0.023025760405426032,-0.055071700002588764,0.003251766468232997,-0.10794432926295716,False,False,False,all
2026-09-15,DX,12.229999542236328,24,1,False,-0.05350817156751919,-0.08437869665556208,0.033812309476749514,-0.18084398578367367,False,True,False,all
2026-09-15,EMN,65.87999725341797,24,3,False,-0.06688463635989228,-0.07060014941884474,0.17412219812494478,-0.2107344400388279,False,True,False,all
2026-09-15,FEPI,41.869998931884766,24,2,False,0.008091679760705794,-0.028760159567635002,0.10474926770900161,-0.15720614583968417,True,True,False,all
2026-09-15,FWDI,6.079999923706055,24,3,False,0.23191633923877575,0.13980408426270352,0.7471264052822595,-0.860229886811355,False,False,False,all
2026-09-15,GOLF,83.0999984741211,24,3,False,-0.140893487595233,-0.12169912045263942,0.1369544758212169,-0.3054743216518261,True,True,False,all
2026-09-15,HEI,296.8500061035156,24,2,False,-0.1432910156269266,-0.08016634171525538,0.1590723637582081,-0.21230691067773544,False,True,False,all
2026-09-15,IDU,104.87999725341797,24,2,False,-0.06297577637115981,-0.07170686421302586,0.00047691902594682034,-0.13193181991117897,False,False,False,all
2026-09-15,IGLB,47.06999969482422,24,1,False,-0.022023690641223892,-0.053540232271892196,0.002983153393097293,-0.10513305969044096,False,True,False,all
2026-09-15,IIIN,30.0,24,1,False,-0.03343664902385468,-0.04442165359425032,0.2320328349082863,-0.24830869168882508,False,True,False,all
2026-09-15,MCHP,71.48999786376953,24,3,False,-0.08327587382068091,-0.08383449389558018,0.47341296762767104,-0.32499296202606054,True,True,False,all
2026-09-15,NVO,42.529998779296875,24,0,False,-0.10060229884252614,-0.08023060495656686,0.2109908904548603,-0.3371259920233829,False,True,False,all
2026-09-15,PALL,23.59000015258789,24,0,False,-0.011498294918531382,-0.1305902111528111,0.13577273147194968,-0.4025125099408511,False,False,False,all
2026-09-15,SH,32.93000030517578,24,2,False,0.007446483569748974,-0.051653618375937405,0.03455860459020865,-0.15994898815643566,True,False,False,all
2026-09-15,SNY,42.400001525878906,24,1,False,-0.034823709194180874,-0.0688164090577349,0.03692839713303431,-0.19514044646440276,False,True,False,all
2026-09-15,SPIR,11.600000381469727,24,3,False,-0.1054490156312129,-0.14402827640746663,0.757575840770488,-0.5526417182820358,False,True,False,all
2026-09-15,SSD,173.02999877929688,24,4,False,-0.07751970086713234,-0.06079026836771295,0.10689605087095733,-0.18951709997104627,False,True,False,all
2026-09-15,TLH,94.81999969482422,24,1,False,-0.02358955411800545,-0.05330855347386654,0.0021136857158823297,-0.10097659431702344,False,False,False,all
2026-09-15,TRMB,58.79999923706055,24,1,False,0.035032675370832544,-0.0846197540110677,0.22704510609030137,-0.3034825809947639,True,True,False,all
2026-09-15,XDTE,38.095001220703125,24,1,False,-0.018650631627349923,-0.0339674444185919,0.062029616812744326,-0.14985494190567827,False,True,False,all
2026-09-15,XEL,72.48999786376953,24,2,False,-0.0710245569274135,-0.07632108940711091,0.01597756712022802,-0.13938032797427946,False,False,False,all
2026-09-15,CVNA,66.9000015258789,24,1,False,-0.0346793705860573,-0.08608390584004011,0.22833432475957993,-0.3129864788962363,False,True,False,all
2026-09-15,SPTL,24.649999618530273,24,1,False,-0.02417204490969338,-0.056052862399418424,0.0028478313686530754,-0.11010834153080074,False,False,False,all
2026-09-15,RELX,34.220001220703125,24,0,False,-0.018651885651167266,-0.03003294429935177,0.2412042654874358,-0.29297520368039454,False,False,False,all
2026-09-15,VNT,32.11000061035156,24,1,False,0.0036507901763345174,-0.0695571744314637,0.17821892286068564,-0.33381742526774705,True,True,False,all
2026-09-15,PVH,71.61000061035156,24,2,False,-0.0929748317824648,-0.06315923312729355,0.20151010811594783,-0.28923076317268925,False,False,False,all
2026-09-15,HUBB,438.5299987792969,24,3,False,-0.08408544457824951,-0.09862801957569478,0.08595411526306607,-0.2245268020485367,False,True,False,all
2026-09-15,ZTO,20.420000076293945,24,3,False,-0.10203076323301641,-0.11556169241072178,0.12755380387022197,-0.2206107068065991,False,False,False,all
2026-09-15,VNQI,43.59000015258789,24,1,False,-0.03971131728938859,-0.06167561120987797,0.008794285493326726,-0.14327831687283,False,False,False,all
2026-09-15,LOGI,101.13999938964844,24,2,False,-0.004793998284908674,0.00713527828506999,0.21387421699584075,-0.2199599218490178,False,True,False,all
2026-09-15,POWR,24.549999237060547,24,3,False,-0.06534586854614843,-0.06121960255540493,0.05910262786229836,-0.13677922728372305,False,True,False,all
2026-09-15,CSL,324.25,24,2,False,-0.07924119551794939,-0.0794376457133199,0.10503359606552776,-0.25099905925694344,False,True,False,all
2026-09-15,STE,210.27999877929688,24,1,False,-0.0665506672128886,-0.0915549626873079,0.07758532047249544,-0.2195665199155964,False,True,False,all
2026-09-15,TNL,65.4000015258789,24,4,False,-0.09943154513851615,-0.08553336651251753,0.12622699964828854,-0.1925925737545814,False,True,False,all
2026-09-15,UDR,34.90999984741211,24,4,False,-0.08342872830817083,-0.05931363374393994,0.05980574689841589,-0.16880952744256883,False,False,False,all
2026-09-15,ADSK,226.5,23,0,False,-0.02633327675657271,-0.07462902393363047,0.2210242587601079,-0.3067246000306567,False,False,False,all
2026-09-15,ADUR,12.489999771118164,23,4,False,-0.14100811314402073,-0.05121647930611284,0.3877777523464627,-0.31335902119778347,False,True,False,all
2026-09-15,ALC,67.76000213623047,23,1,False,-0.03657486331608273,-0.08670995690518035,0.09581957046144174,-0.22683703094327134,False,True,False,all
2026-09-15,APG,36.970001220703125,23,2,False,-0.08850183383409194,-0.11844479432492727,0.10688621352481431,-0.2604520908302358,False,False,False,all
2026-09-15,ARES,129.10000610351562,23,1,False,-0.03184919056796809,-0.027856279782470406,0.34759918570949155,-0.3090714375893907,True,True,False,all
2026-09-15,BDC,111.33000183105469,23,2,False,-0.04709650563615275,-0.07045867997377087,0.1360204268474967,-0.3041440214475678,False,True,False,all
2026-09-15,BEKE,16.209999084472656,23,2,False,-0.04233578376839253,-0.0343546318124377,0.17378700882925613,-0.22735941667495485,False,False,False,all
2026-09-15,DMC,31.34000015258789,23,1,False,0.03528013554333187,-0.11657464762584646,0.18398190274135806,-0.28086280780614126,False,False,False,all
2026-09-15,DOV,188.97000122070312,23,3,False,-0.07245792949817509,-0.10124147589922439,0.18871485040973268,-0.2044707983422559,False,False,False,all
2026-09-15,ETHU,24.899999618530273,23,2,False,0.2713941170244609,-0.14209301615356018,1.3227611005863942,-0.8530539978343235,False,False,False,all
2026-09-15,FUTY,53.38999938964844,23,2,False,-0.060752885576079274,-0.0733002423027882,0.0009373685211382377,-0.13201104135036446,False,False,False,all
2026-09-15,FWRD,16.399999618530273,23,2,False,0.015190700228683962,-0.15033172671986783,1.0865139109351922,-0.47402182623430167,False,True,False,all
2026-09-15,GIII,27.760000228881836,23,3,False,-0.16990609470496465,-0.11057140630342188,0.12799673061386718,-0.2605221216870107,False,False,False,all
2026-09-15,MIDD,111.0999984741211,23,3,False,-0.10022127065717767,-0.08296930134815772,0.24614051632071865,-0.2521036944347176,True,True,False,all
2026-09-15,RGNX,7.945000171661377,23,1,False,-0.24094047049991596,-0.22339870082482116,0.4564620133420001,-0.5092649839666088,False,True,False,all
2026-09-15,RQI,11.529999732971191,23,3,False,-0.06350008312949651,-0.07517698322383282,0.02035394144726732,-0.15033161442377263,False,False,False,all
2026-09-15,SCHQ,29.40999984741211,23,1,False,-0.024084317338761263,-0.057798357512251375,0.002795987960186652,-0.11388969375415992,False,False,False,all
2026-09-15,SLGN,38.400001525878906,23,4,False,-0.09920049926817676,-0.08379348739082293,0.07623321741700084,-0.22502518431608942,False,True,False,all
2026-09-15,SO,85.94999694824219,23,2,False,-0.06895479081499767,-0.06931067285402692,0.025656250813695936,-0.14765965817527027,False,False,False,all
2026-09-15,SPLB,21.020000457763672,23,1,False,-0.022216416610366108,-0.055467665690504986,0.002862661064497063,-0.10932202889843268,False,False,False,all
2026-09-15,VCLT,70.6500015258789,23,1,False,-0.022001827208688818,-0.05511998577528732,0.0034085762148410303,-0.1088546592620736,False,False,False,all
2026-09-15,VPU,178.82000732421875,23,2,False,-0.06104614067075387,-0.07389732718487851,0.00044758771733244274,-0.13236292077349698,False,False,False,all
2026-09-15,WMT,108.08999633789062,23,3,False,-0.019362381814698182,-0.0897795629807665,0.09314319721175246,-0.20028119703142278,False,True,False,all
2026-09-15,CCJ,91.20999908447266,23,2,False,-0.039777499430259655,-0.13761968210813258,0.17387390819628745,-0.3255693923416543,False,True,False,all
2026-09-15,CNP,37.97999954223633,23,3,False,-0.07954051112705274,-0.08361363513313547,0.02041908373475443,-0.1608484102800617,False,True,False,all
2026-09-15,PSQ,26.31999969482422,23,2,False,0.010907960965062635,-0.07041797048913101,0.05448720593894585,-0.2136241788200539,True,False,False,all
2026-09-15,ATEC,10.65999984741211,23,2,False,0.13901056685616986,-0.12898891188497097,0.5630497916564268,-0.5422928540846415,False,False,False,all
2026-09-15,TEL,201.4199981689453,23,1,False,-0.023503414527991096,-0.06609547690870199,0.05860090211864355,-0.20248653739309608,False,True,False,all
2026-09-15,HUBS,241.9600067138672,23,2,False,0.054354453451160856,-0.05778978461214124,0.4263986308378831,-0.5395710791088828,False,True,False,all
2026-09-15,XLU,41.31999969482422,23,2,False,-0.06220921980803318,-0.07366047620767047,0.0007265385960695259,-0.13556484614360031,False,False,False,all
2026-09-15,VGLT,51.810001373291016,23,1,False,-0.024547265032745513,-0.05765816016776659,0.0027095647243480236,-0.11344964765943444,False,False,False,all
2026-09-15,JBSS,68.30999755859375,23,3,False,-0.14453815244529156,-0.12493758462263727,0.15642454564934005,-0.25814513249112814,False,True,False,all
2026-09-15,SOLZ,9.739999771118164,23,3,False,0.1521881886519174,0.022945356613516932,0.5786061022171922,-0.6408554767805279,False,False,False,all
2026-09-15,RWM,14.100000381469727,23,2,False,0.03894957695808965,-0.04617911132291208,0.07142861283865942,-0.2078651131561413,False,False,False,all
2026-09-15,KRC,34.5,23,1,False,-0.08214899671761156,-0.02331170996142473,0.26096488415088137,-0.23384408316124983,False,False,False,all
2026-09-15,IRMD,82.41000366210938,23,2,False,-0.08742893481892589,-0.12614668677011354,0.21473423804515135,-0.2362372335801679,False,False,False,all
2026-09-15,WEC,103.51000213623047,23,2,False,-0.05730140848988108,-0.07217135257286278,0.00543958430877689,-0.13676925214756852,False,False,False,all
2026-09-15,TOL,134.1999969482422,23,4,False,-0.08623443000344355,-0.07197968581254888,0.08972793573243454,-0.20289857174073367,False,True,False,all
2026-09-15,PTCT,65.6500015258789,23,0,False,-0.11170823660733509,-0.10077852468660686,0.1369934121488261,-0.2775393469617975,False,True,False,all
2026-09-15,AGI,35.16999816894531,22,3,False,0.0738668413987511,-0.10274093632629666,0.3001848118634973,-0.3652770571052816,False,True,False,all
2026-09-15,ARVN,8.260000228881836,22,0,False,-0.05205653589167647,-0.2090622479758516,0.18507897812357244,-0.43073741567277946,False,False,False,all
2026-09-15,AVA,36.310001373291016,22,2,False,-0.07767258588374493,-0.09674928612883837,0.02281694009270474,-0.16528732475193064,False,True,False,all
2026-09-15,BAM,45.84000015258789,22,0,False,-0.07889660175922186,-0.06516611469809341,0.08625590814787687,-0.26738052779022514,False,False,False,all
2026-09-15,BC,68.80000305175781,22,2,False,-0.1221443783752294,-0.12898819601830314,0.17486341253976168,-0.2376730963794148,False,False,False,all
2026-09-15,DOLE,13.260000228881836,22,2,False,-0.038614898327107405,-0.09114897107708475,0.05910541086756016,-0.19975857132793362,False,False,False,all
2026-09-15,EMBC,5.090000152587891,22,2,False,0.17105720857129159,-0.31519057026140673,0.8375451940925212,-0.6726688044916772,True,True,False,all
2026-09-15,ENB,48.36000061035156,22,3,False,-0.0786289816817578,-0.07320367743489553,0.07395074220134545,-0.1726261765762972,False,False,False,all
2026-09-15,ETD,21.719999313354492,22,0,False,-0.04960271554314033,-0.03732368220553728,0.18818372524581362,-0.2786450058759766,False,False,False,all
2026-09-15,EXC,42.19499969482422,22,2,False,-0.06899314300383352,-0.0798654814467663,0.0014240269533924987,-0.1669299422771927,False,False,False,all
2026-09-15,FXI,34.400001525878906,22,1,False,-0.019473666767483855,-0.05938837294172572,0.10291763183255354,-0.18095234462193077,False,True,False,all
2026-09-15,GIS,36.58000183105469,22,0,False,-0.032807296161243116,-0.07573392664490308,0.15212604192298218,-0.287356311588445,False,False,False,all
2026-09-15,IAUI,50.2599983215332,22,1,False,-0.003300285552517934,-0.0919182836835084,0.05014621146207321,-0.22161996965965713,False,False,False,all
2026-09-15,IBM,248.3699951171875,22,1,False,0.05168529787220222,-0.047231619648570033,0.246899904980161,-0.25293267911682793,False,True,False,all
2026-09-15,KKR,100.0,22,0,False,-0.03668125686320134,-0.0497322636494012,0.2096286707983095,-0.3425378304591099,False,True,False,all
2026-09-15,KMB,98.67500305175781,22,3,False,-0.08871612045374022,-0.04284774932947377,0.06768020998418822,-0.22777426831729397,False,False,False,all
2026-09-15,MC,60.93000030517578,22,2,False,-0.09104470001080667,-0.07940769210999077,0.19330197153201922,-0.2210034054082315,False,True,False,all
2026-09-15,MSDL,14.729999542236328,22,1,False,-0.03276646349218493,-0.05049524699794139,0.07833087165274977,-0.17755445741308995,False,True,False,all
2026-09-15,NUKZ,61.880001068115234,22,2,False,-0.0499626137379483,-0.09403313476006314,0.019104081424434982,-0.19989650894515476,False,False,False,all
2026-09-15,OBDC,11.069999694824219,22,1,False,-0.00888159455752835,-0.04262360050937386,0.05228129402358084,-0.21377842650510193,True,True,False,all
2026-09-15,PGX,10.390000343322754,22,1,False,-0.0263330238528664,-0.05975400415375942,0.0073882067014998665,-0.12835568147470056,False,False,False,all
2026-09-15,PSKY,11.010000228881836,22,3,False,0.14185561202572194,0.013728163005161997,0.44488194150071547,-0.4721955941162228,True,False,False,all
2026-09-15,SUI,117.12999725341797,22,1,False,-0.03010944283426331,-0.06451255827844127,0.029261811180669506,-0.15030836367564893,False,True,False,all
2026-09-15,TLT,80.70999908447266,22,1,False,-0.02525803622697409,-0.06149581446931507,0.0031071340149722015,-0.12452546971381206,False,False,False,all
2026-09-15,TLTW,20.81999969482422,22,1,False,-0.026493237193101926,-0.06687613081235122,0.002407281461655364,-0.13538206973466227,False,False,False,all
2026-09-15,TW,101.55000305175781,22,2,False,-0.014219287486296084,-0.06517512313466689,0.11080731881105632,-0.20471453433986286,False,True,False,all
2026-09-15,WY,22.290000915527344,22,2,False,-0.06819052625715682,-0.08232137534608552,0.053402697365966034,-0.19675672376478037,False,False,False,all
2026-09-15,WRBY,24.34000015258789,22,3,False,-0.06669631335824966,-0.02778637073949708,0.6270053536445563,-0.21483870475522937,False,False,False,all
2026-09-15,MKL,1791.97998046875,22,1,False,-0.04417028708844406,-0.08144784023658114,0.04220630614365639,-0.1882641662968304,True,True,False,all
2026-09-15,NXPI,226.35000610351562,22,2,False,-0.07272063561003983,-0.07543881492881421,0.2368852792541838,-0.33416679518850156,True,True,False,all
2026-09-15,MAA,124.48999786376953,22,1,False,-0.056865385988917216,-0.057033617742077936,0.03482954867597976,-0.1379406224858818,False,True,False,all
2026-09-15,TSLZ,12.229999542236328,22,2,False,-0.10444267491868642,-0.07482883580755784,0.25629172815098755,-0.35733057798474743,False,False,False,all
2026-09-15,CTGO,19.030000686645508,22,2,False,0.049317401808339545,-0.1520892233002471,0.3124138404583108,-0.4464805091500027,False,True,False,all
2026-09-15,RYN,20.420000076293945,22,1,False,-0.03812636770218336,-0.04832034384615247,0.04771679405322149,-0.24538061791189303,False,False,False,all
2026-09-15,SMG,56.09000015258789,22,2,False,-0.11613893251478447,-0.10443352273834716,0.0786538490882287,-0.2555083238784466,True,True,False,all
2026-09-15,PII,57.88999938964844,22,0,False,-0.13638262898809106,-0.10731496864344259,0.22804412683892838,-0.25763020136493564,False,True,False,all
2026-09-15,PAHC,35.029998779296875,22,1,False,-0.007904519914338715,-0.1594168768603751,0.23999995678926989,-0.41694411265496567,False,False,False,all
2026-09-15,YETI,39.38999938964844,22,1,False,-0.1531764119998732,-0.1144344614976367,0.2441566512789537,-0.2704204822175692,True,True,False,all
2026-09-15,PPL,33.22999954223633,22,2,False,-0.05789830758767256,-0.08276001607133876,0.00180890493226471,-0.17152832120226014,False,True,False,all
2026-09-15,AAUC,21.100000381469727,21,3,False,-0.03831251964041582,-0.20477435478058703,0.44520546781969816,-0.34472050057356696,False,True,False,all
2026-09-15,AZN,161.85000610351562,21,1,False,-0.022570522269931614,-0.11688537915709418,0.11008232315372579,-0.2391048799070714,False,True,False,all
2026-09-15,DIN,27.079999923706055,21,1,False,-0.20824270168738923,-0.15958432437010484,0.18512032698549352,-0.31754032975211965,False,False,False,all
2026-09-15,DTE,130.39999389648438,21,2,False,-0.07657100754359003,-0.07793993095258622,0.0330348604028754,-0.1627608738588483,False,False,False,all
2026-09-15,EPAC,34.59000015258789,21,1,False,-0.04217318128850622,-0.06865034813536186,0.06924271357412026,-0.23133332994249134,False,True,False,all
2026-09-15,GVA,114.05999755859375,21,2,False,-0.07385606361765173,-0.10001895615826306,0.17273283007779305,-0.29627346822537026,False,True,False,all
2026-09-15,HEI.A,222.4499969482422,21,2,False,-0.12178402821613821,-0.0844004312486849,0.11587654947314885,-0.20456985612783385,False,False,False,all
2026-09-15,JACK,13.59000015258789,21,1,False,-0.15358743564928723,-0.1415197337401165,0.5235426049720644,-0.43042750188816314,False,True,False,all
2026-09-15,MTH,65.77999877929688,21,2,False,-0.07980697449435425,-0.06297766821129458,0.13355161404492288,-0.22956194781719153,False,True,False,all
2026-09-15,NEA,10.529999732971191,21,1,False,-0.06569422912600231,-0.08372239378613278,0.0038131518327730873,-0.11512604449379682,False,False,False,all
2026-09-15,NHI,69.30000305175781,21,1,False,-0.07076651754665797,-0.11453538105753214,0.020017670907864327,-0.2416283088784431,True,True,False,all
2026-09-15,OPCH,23.520000457763672,21,2,False,0.019603103469338024,-0.12974301323574933,0.30594115262950927,-0.3608695395276762,True,True,False,all
2026-09-15,OTEX,23.68000030517578,21,0,False,-0.014327214424545875,-0.06444392010523159,0.19716883130157647,-0.40651630577464837,False,True,False,all
2026-09-15,ROBN,31.75,21,2,False,0.058255716718368156,-0.04558066520805493,1.1911663562124346,-0.741995769300397,False,False,False,all
2026-09-15,RPM,100.5999984741211,21,1,False,-0.06206763975839413,-0.05504593865450158,0.08265174834820987,-0.2087462721640393,False,True,False,all
2026-09-15,TE,4.300000190734863,21,2,False,-0.17042864342120712,-0.34465202807079975,1.52941180595477,-0.6557245580838064,True,True,False,all
2026-09-15,UFPI,82.41000366210938,21,0,False,-0.05066130544904501,-0.10339560115783919,0.05803061121941222,-0.30161013845670026,False,True,False,all
2026-09-15,UI,562.75,21,2,False,0.005462288218722744,-0.14350574245737768,0.12498248333881068,-0.4884044354984587,False,False,False,all
2026-09-15,POWI,48.27000045776367,21,3,False,-0.19893389285704433,-0.1515808688585124,0.5641607097561807,-0.4706075861350524,False,False,False,all
2026-09-15,STCE,64.58999633789062,21,1,False,-0.0022045072233941587,-0.01799996976552909,0.3358841442872402,-0.4108902161851997,False,True,False,all
2026-09-15,TRUP,26.31999969482422,21,0,False,-0.03818747689295743,-0.07070515659171273,0.24385632725054962,-0.4397616017181566,False,True,False,all
2026-09-15,IEP,6.980000019073486,21,0,False,-0.03907046029882777,-0.08454213946358957,0.07219658581676858,-0.2510729348038746,False,True,False,all
2026-09-15,UAA,4.960000038146973,21,2,False,-0.17239537859663223,-0.16772937246180553,0.20096849896054114,-0.3914110097784972,True,True,False,all
2026-09-15,NTES,119.48999786376953,21,0,False,-0.0487419421616645,-0.03916786012466722,0.1266264436575748,-0.251081193492631,False,True,False,all
2026-09-15,IRT,15.170000076293945,21,1,False,-0.08055032729560518,-0.0784137991234054,0.03904107396789258,-0.14727378889264853,False,False,False,all
2026-09-15,PPTA,22.690000534057617,21,3,False,0.027291848741236358,-0.14714155139711416,0.3805902811908959,-0.3928284403910407,False,True,False,all
2026-09-15,UPBD,17.75,21,3,False,-0.10468389422175894,-0.07386391871804099,0.12199749319889142,-0.3667499263224516,False,True,False,all
2026-09-15,SEB,4290.0,21,3,False,-0.01954380785892229,-0.1146892255874965,0.3662376828920402,-0.2837310241206956,False,False,False,all
2026-09-15,TSLQ,19.34000015258789,21,3,False,-0.10015539452223166,-0.06571175728567447,0.30896789522297907,-0.35828522664906104,False,False,False,all
2026-09-15,UA,4.809999942779541,21,2,False,-0.17822730114100616,-0.1698451966611726,0.21772148980102668,-0.39165519608779686,True,True,False,all
2026-09-15,MQ,16.09000015258789,21,0,False,-0.028721812989397577,-0.04781911470810851,0.08716215846136244,-0.32394955174901474,False,True,False,all
2026-09-15,GLIBK,25.549999237060547,21,2,False,0.04872568649178155,-0.1687745795028338,0.3238342096925335,-0.37947784552564956,True,True,False,all
2026-09-15,JD,27.09000015258789,21,0,False,-0.0853164440303461,-0.06837103945577705,0.10535338638441938,-0.2650569803577246,True,True,False,all
2026-09-15,RL,335.2300109863281,21,4,False,-0.09787839966924239,-0.08455511801033644,0.1175078295520382,-0.204862414295082,False,False,False,all
2026-09-15,RVLV,20.709999084472656,21,1,False,-0.12466084953576129,-0.15390998679279144,0.19365986335029128,-0.3462752877218527,False,False,False,all
2026-09-15,LYTS,20.079999923706055,21,3,False,-0.11336401049020361,-0.07683042184715849,0.16676356722312624,-0.26608189050592146,False,False,False,all
2026-09-15,CMCSA,24.420000076293945,21,1,False,-0.023160925472014426,-0.09258136448825727,0.1475563575342822,-0.25684724215734944,False,True,False,all
2026-09-15,YUM,140.77000427246094,21,3,False,-0.06914767572652314,-0.08973778028374835,0.025049169122113524,-0.17262251805893924,False,True,False,all
2026-09-15,PEP,135.5,21,2,False,-0.026318851458237758,-0.08743546660542967,0.0132356563898135,-0.20982036752967337,False,False,False,all
2026-09-15,AA,46.52000045776367,20,3,False,-0.040298381799305005,-0.19815084546174766,0.5098994243471913,-0.44868449902824226,True,True,False,all
2026-09-15,ADBG,4.360000133514404,20,1,False,-0.014595706934601438,-0.2173693466738621,0.6769231897839469,-0.6406790673671805,False,True,False,all
2026-09-15,ALGM,33.2599983215332,20,3,False,-0.2150532679378644,-0.16337992861680872,0.4841587928602349,-0.5365751723948784,False,True,False,all
2026-09-15,ALGN,147.0,20,2,False,-0.12526971289074162,-0.1399678860074649,0.20491803278688514,-0.26661345934192016,False,True,False,all
2026-09-15,ARR,15.050000190734863,20,1,False,-0.08423791905727329,-0.12324903497536044,0.07653796019562464,-0.22061105090764022,False,False,False,all
2026-09-15,AVGO,339.2699890136719,20,3,False,-0.11204090610947715,-0.08257739614791926,0.1700579356177594,-0.31460608280066293,False,False,False,all
2026-09-15,BITO,10.229999542236328,20,1,False,0.09418781720032166,-0.005806793139241595,0.2998728959332879,-0.5106668193324098,False,True,False,all
2026-09-15,BKNG,171.32000732421875,20,1,False,-0.11424260060273672,-0.07574609387514664,0.1410683896408127,-0.2385628734068157,False,False,False,all
2026-09-15,DOO,58.91999816894531,20,0,False,-0.05470580465182917,-0.11076837734840805,0.2066351824601742,-0.2804982463292913,False,False,False,all
2026-09-15,EPRT,27.989999771118164,20,2,False,-0.09471968752809379,-0.10151673845140585,0.0007150682250507412,-0.19406852461720947,False,False,False,all
2026-09-15,FCN,146.9199981689453,20,1,False,-0.053962526251657095,-0.10592087928570348,0.06734474888122532,-0.22387746539668618,True,True,False,all
2026-09-15,LEVI,19.81999969482422,20,4,False,-0.13228496852026372,-0.09567091569865505,0.11851018413342063,-0.2287938090879148,False,True,False,all
2026-09-15,LTPZ,47.150001525878906,20,1,False,-0.02180043366025164,-0.07258335201290178,0.003725450930120333,-0.14069614646046213,False,False,False,all
2026-09-15,LUMN,6.829999923706055,20,1,False,0.06270420503080776,-0.11507292195417851,0.2532110390343285,-0.4284518801070957,False,False,False,all
2026-09-15,LUNR,13.869999885559082,20,3,False,-0.09460024886422358,-0.30488386199386475,0.7827762868274719,-0.7033155104693245,False,True,False,all
2026-09-15,NI,40.59000015258789,20,2,False,-0.06522900061088,-0.0980360736981698,0.03282445141400547,-0.17516763040551764,True,True,False,all
2026-09-15,NOC,531.25,20,0,False,-0.02331433513642689,-0.11687100566857567,0.10903513879216731,-0.3136304909560723,False,False,False,all
2026-09-15,ORLY,85.16000366210938,20,1,False,-0.03819001129215249,-0.0719646516460899,0.031117658774367563,-0.2167034335362692,False,True,False,all
2026-09-15,PHG,24.899999618530273,20,0,False,-0.06189250590759743,-0.09811365815608564,0.044025124539467386,-0.2553827559477738,False,True,False,all
2026-09-15,PHIN,61.5,20,2,False,-0.16681342998647097,-0.14123476450631978,0.2107491331223128,-0.2925748924240861,False,True,False,all
2026-09-15,PRME,3.140000104904175,20,0,False,-0.05827307020056616,-0.111475800596609,0.1760299682322879,-0.547550420891239,False,True,False,all
2026-09-15,STAA,22.44499969482422,20,2,False,-0.08217302938888815,-0.06220394861170675,0.4397049053972215,-0.37426818056376054,False,True,False,all
2026-09-15,TRN,28.170000076293945,20,2,False,-0.11455190143072846,-0.1090419434472979,0.13772212503594572,-0.2646828747979759,True,True,False,all
2026-09-15,TSN,52.54999923706055,20,3,False,-0.07638175014414783,-0.1301476399425734,0.03935913389473855,-0.24366728989490694,False,False,False,all
2026-09-15,VRTS,137.8800048828125,20,0,False,-0.15151392774796446,-0.08828695384221019,0.133788374235696,-0.30601968006001523,False,True,False,all
2026-09-15,CXM,5.650000095367432,20,0,False,-0.11815200082889732,-0.08168156314123687,0.19830326882733051,-0.31722050080638786,False,False,False,all
2026-09-15,PTC,132.75,20,0,False,-0.03859106339337148,-0.1001086007130334,0.22350230414746552,-0.36349251268712435,False,False,False,all
2026-09-15,FIG,23.8799991607666,20,1,False,-0.028130534005185948,-0.06583372531578902,0.43855413325311754,-0.6659205646434789,False,True,False,all
2026-09-15,KREF,7.039999961853027,20,1,False,-0.04890570974654551,-0.03042990644169541,0.34095237368629094,-0.2764645125322417,False,True,False,all
2026-09-15,TXT,80.72000122070312,20,3,False,-0.06636962954603864,-0.10331036153178053,0.03328210935367437,-0.20527713435824257,False,False,False,all
2026-09-15,CX,10.1899995803833,20,2,False,-0.11442132059793464,-0.1437730619874693,0.1672394174917644,-0.2545720904526946,False,True,False,all
2026-09-15,DRVN,12.520000457763672,20,0,False,-0.08495582336395957,-0.0931971350220665,0.27755104225409677,-0.318454007306069,False,False,False,all
2026-09-15,PFGC,88.97000122070312,20,4,False,-0.16907155920011618,-0.08295603034728749,0.10084139515779822,-0.2426473515528278,False,True,False,all
2026-09-15,CHKP,137.7899932861328,20,1,False,0.040862428747682866,-0.07722603248397497,0.22774649527460888,-0.3459128885844761,False,False,False,all
2026-09-15,LOAR,63.5099983215332,20,1,False,-0.10916922993208,-0.05992865132112335,0.19491997174468523,-0.238763057782307,False,True,False,all
2026-09-15,NTLA,11.359999656677246,20,3,False,-0.07649036899422113,-0.10272285999123243,0.4289308087074426,-0.5978761183477082,False,True,False,all
2026-09-15,TSDD,8.100000381469727,20,2,False,-0.10487342414804257,-0.07556139770341885,0.23287673817844867,-0.3545816527198449,False,True,False,all
2026-09-15,HLNE,93.02999877929688,20,0,False,-0.02404482432347732,-0.12002178674293906,0.2942404331390427,-0.40235130032993727,False,True,False,all
2026-09-15,BZ,15.03499984741211,20,0,False,-0.05793969248685926,-0.06805782307826136,0.1961018466534148,-0.4047901935400081,False,False,False,all
2026-09-15,ACDC,4.849999904632568,19,4,False,0.009365217677704374,-0.11453533354931267,0.5746753327177798,-0.40997569986872473,False,True,False,all
2026-09-15,AI,10.789999961853027,19,3,False,0.10928343958708497,0.02393774529895576,0.40586315227438585,-0.46636991452681853,False,False,False,all
2026-09-15,ARQQ,18.270000457763672,19,1,False,-0.08615271242341782,-0.05481379017091059,0.5859374767169365,-0.7053225732618762,False,False,False,all
2026-09-15,DHI,140.1999969482422,19,1,False,-0.04371232595957264,-0.06335985220095708,0.06413659922764459,-0.21049670287972477,False,True,False,all
2026-09-15,DOCS,25.809999465942383,19,2,False,0.08667276688875014,-0.08323360079842079,0.5049562705561306,-0.662658492415329,True,True,False,all
2026-09-15,DSL,10.25,19,1,False,-0.040190279922289296,-0.06953100007097968,0.003917723967049813,-0.1903633393727685,False,True,False,all
2026-09-15,ECAT,13.84000015258789,19,1,False,-0.09801875938290694,-0.0898718554977429,0.03592818175491064,-0.1727435426613363,False,False,False,all
2026-09-15,GNTX,22.40999984741211,19,2,False,-0.04686969345771386,-0.04441081085287457,0.09423829825755137,-0.23723619851773425,False,True,False,all
2026-09-15,GXO,46.599998474121094,19,0,False,-0.0511986487776217,-0.11905518676532889,0.03578565760367325,-0.302916985223854,True,True,False,all
2026-09-15,HON,203.44000244140625,19,3,False,-0.09903126116852123,-0.11501333029589322,0.0386594492722101,-0.21838972376347454,False,True,False,all
2026-09-15,HOOG,31.610000610351562,19,2,False,0.05578458875951098,-0.06504169878157895,1.1905751865447725,-0.7608744986266052,False,False,False,all
2026-09-15,HSY,170.4199981689453,19,2,False,-0.04329267459795083,-0.11284819827213688,0.05568980921172284,-0.28837480704302587,False,True,False,all
2026-09-15,INGR,99.06999969482422,19,1,False,-0.03137495829303083,-0.08263804480130665,0.04902580615974217,-0.2229803945503983,False,True,False,all
2026-09-15,KTB,67.0,19,4,False,-0.16329696391883752,-0.07006246811930805,0.19238301543849223,-0.24685251023463217,False,False,False,all
2026-09-15,LADR,9.569999694824219,19,1,False,-0.02330995754788623,-0.0702283919183766,0.02025581855705827,-0.1813515792692244,False,True,False,all
2026-09-15,MCHI,52.90999984741211,19,1,False,-0.02828639832052482,-0.07831452660788307,0.06074576412216115,-0.21463562876140063,False,True,False,all
2026-09-15,NAD,10.729999542236328,19,1,False,-0.07991771820313742,-0.09601001474693316,0.007511730194512012,-0.12835100109846853,False,False,False,all
2026-09-15,NVR,6257.4501953125,19,0,False,-0.014229053679481907,-0.07654506261893201,0.13750937771723026,-0.2629492295832132,False,False,False,all
2026-09-15,OSS,8.609999656677246,19,3,False,-0.28095407534636907,-0.23375912680232014,1.0647480813308077,-0.5876436780296723,False,True,False,all
2026-09-15,PBW,30.15999984741211,19,2,False,-0.0878296739804375,-0.13459166238836617,0.1781249764841053,-0.36128760974727026,False,True,False,all
2026-09-15,REM,19.889999389648438,19,1,False,-0.08661752901968023,-0.10358770729989542,0.0020150633455933153,-0.17297297211559315,False,False,False,all
2026-09-15,SG,6.829999923706055,19,4,False,0.03306409230472296,0.0011506546890531766,0.5211581897263995,-0.35747884758463366,False,True,False,all
2026-09-15,SRE,81.19999694824219,19,2,False,-0.07355857579512703,-0.10529482836619453,0.020228680543173727,-0.1963579155533859,False,False,False,all
2026-09-15,SUPN,41.279998779296875,19,0,False,-0.10300261592268423,-0.14701140985542283,0.01863040653893222,-0.3083110159482214,False,True,False,all
2026-09-15,VIV,11.890000343322754,19,1,False,-0.04455012900038402,-0.13954680614858628,0.06350626285924865,-0.3111239753388445,True,True,False,all
2026-09-15,WMS,127.20999908447266,19,0,False,-0.1015202381060667,-0.13500304118559459,0.01971943153885891,-0.2905780478348968,False,False,False,all
2026-09-15,XHB,97.76000213623047,19,1,False,-0.07709501935434948,-0.0851063302185251,0.044779335845589685,-0.20604235915779856,False,False,False,all
2026-09-15,CRTO,17.09000015258789,19,0,False,-0.1232435257259239,-0.09556739991454644,0.09727129129218492,-0.324238848006719,True,True,False,all
2026-09-15,PDYN,5.679999828338623,19,3,False,0.004562949236355696,-0.08568487938373281,0.3719806791105811,-0.47054437043669983,True,True,False,all
2026-09-15,TMDX,88.08999633789062,19,2,False,0.07098867165732536,-0.1478913033045417,0.4656018136392961,-0.4353205362955729,False,True,False,all
2026-09-15,IR,71.91000366210938,19,1,False,-0.10906982197898529,-0.12239749024059243,0.05641257506244912,-0.2877376751762578,False,True,False,all
2026-09-15,UTG,36.0,19,3,False,-0.07711712069754462,-0.09254297080679441,0.005305741955393906,-0.1799544704166327,False,False,False,all
2026-09-15,CARR,55.540000915527344,19,2,False,-0.11785259028704986,-0.0976023926869315,0.10549361186291839,-0.27644607386855913,False,True,False,all
2026-09-15,UBER,71.43000030517578,19,0,False,-0.03305979189849939,-0.059008576466808016,0.09203480058133162,-0.29963720167357455,False,False,False,all
2026-09-15,STRT,68.79000091552734,19,1,False,-0.14129926044146746,-0.13202789469738296,0.2066304673007633,-0.26032257080078125,False,True,False,all
2026-09-15,CMS,65.91999816894531,19,2,False,-0.07398824755784783,-0.10110400546918086,0.002585523482057983,-0.17969141776669129,False,True,False,all
2026-09-15,TAP,39.27000045776367,19,0,False,-0.04132997025346319,-0.10483993955522308,0.039989465131129664,-0.2836555878078322,False,False,False,all
2026-09-15,BYD,76.08000183105469,19,1,False,-0.085335039526378,-0.09618048396813195,0.017112282447517835,-0.16770595358163376,False,False,False,all
2026-09-15,OWL,10.239999771118164,19,0,False,-0.05188699416813558,-0.09667518733444469,0.2880503165778949,-0.4691274816718417,False,False,False,all
2026-09-15,AON,304.6700134277344,18,1,False,-0.1274430444912682,-0.09341979163881153,0.007373399577855544,-0.20314375596090106,False,False,False,all
2026-09-15,BKSY,21.3799991607666,18,3,False,-0.12981191348926646,-0.2166030633064987,0.7228041437264827,-0.5956883750205144,False,True,False,all
2026-09-15,ECHO,92.0999984741211,18,4,False,0.022356397350547397,-0.15008165942092433,0.40054737655457906,-0.37453311732345607,False,True,False,all
2026-09-15,EDV,58.90999984741211,18,1,False,-0.02602019261085997,-0.08025196028964465,0.009943391019210157,-0.17388862902418212,False,False,False,all
2026-09-15,ETHT,15.989999771118164,18,2,False,0.26329259577191433,-0.180907315941209,1.2616689367577032,-0.863380044035895,False,False,False,all
2026-09-15,GEHC,64.06999969482422,18,0,False,-0.06136920141663593,-0.11524314174201622,0.0905531862948803,-0.2862871550550201,False,True,False,all
2026-09-15,GTM,4.199999809265137,18,2,False,0.15638761784499677,-0.2747993042697592,0.6535432568278765,-0.6642686065209977,True,True,False,all
2026-09-15,HYT,7.980000019073486,18,1,False,-0.04337192889742769,-0.07786707378120716,0.0,-0.1687500310440846,False,False,False,all
2026-09-15,ITB,89.12000274658203,18,1,False,-0.07406058238073265,-0.09334697891314592,0.04871733615094809,-0.22679159209759958,False,False,False,all
2026-09-15,METD,14.239999771118164,18,1,False,-0.10874780329431355,-0.12111353567281147,0.045521284197399314,-0.271238531017548,False,False,False,all
2026-09-15,MOD,178.8699951171875,18,3,False,-0.12943388897325891,-0.155031864300069,0.6088324755010865,-0.4466512138679428,True,True,False,all
2026-09-15,NMRK,14.25,18,0,False,-0.06600861182328588,-0.09123375736983008,0.06661679387678254,-0.28157294390019594,False,False,False,all
2026-09-15,NMZ,9.260000228881836,18,1,False,-0.08499829798884506,-0.10193866701383625,0.002045202082642694,-0.14020428641610094,False,False,False,all
2026-09-15,NVG,11.279999732971191,18,1,False,-0.08395460859694415,-0.10516673261822707,0.0008872470986132086,-0.16997795391318038,False,False,False,all
2026-09-15,NZF,11.279999732971191,18,1,False,-0.07770802736470772,-0.09754948538658381,0.004005347367073586,-0.13364060396441368,False,False,False,all
2026-09-15,POET,7.210000038146973,18,3,False,-0.09515322897161893,-0.12432517112512265,0.8630491605571133,-0.6535319450657916,True,True,False,all
2026-09-15,RFIX,36.220001220703125,18,2,False,-0.008512204795251388,-0.05748002226394011,0.05229526866685963,-0.20899758688537262,False,False,False,all
2026-09-15,RRR,53.810001373291016,18,2,False,-0.1249253779499706,-0.10075667396303256,0.0651227412057902,-0.220031844622659,False,False,False,all
2026-09-15,SGML,9.09000015258789,18,3,False,-0.17938068270910856,-0.32505303073527214,0.9696642694275763,-0.6286764574115066,False,False,False,all
2026-09-15,SYM,42.77000045776367,18,1,False,0.02227886104176302,-0.17831101367844637,0.13508492864552135,-0.5133135890477034,False,True,False,all
2026-09-15,VC,97.66999816894531,18,3,False,-0.060113495113840454,-0.04484497469387039,0.16984070748586277,-0.23784625188636266,False,True,False,all
2026-09-15,VYX,7.559999942779541,18,0,False,-0.08578615886314467,-0.08783784416457263,0.2558139479621746,-0.44000000423855257,False,False,False,all
2026-09-15,DBD,64.22000122070312,18,2,False,-0.14591748469612442,-0.14889498361766396,0.17878123642265709,-0.3026008377130789,True,True,False,all
2026-09-15,BRUN,13.569999694824219,18,4,False,-0.34262795307272254,-0.24454460693603997,0.31747567412967737,-0.676904769170852,False,True,False,all
2026-09-15,CWK,12.520000457763672,18,0,False,-0.08172093158543492,-0.11021719112845552,0.08210897044054644,-0.2804597280318102,False,True,False,all
2026-09-15,GLDI,147.56370544433594,18,2,False,0.010331824984604276,-0.09608605763482381,0.06621179156052226,-0.19631989023577945,False,False,False,all
2026-09-15,NSSC,35.95000076293945,18,0,False,-0.030986838190136923,-0.10051352903764632,0.06015927232990026,-0.3055823750229807,True,False,False,all
2026-09-15,IREN,41.58000183105469,18,2,False,0.03391432250525228,-0.08817435228206305,0.43726240554569684,-0.4590867653780133,False,True,False,all
2026-09-15,PIPR,72.98999786376953,18,1,False,-0.03215800233349697,-0.09308916371310161,0.06248401461565267,-0.23220958302970385,False,False,False,all
2026-09-15,PTY,11.239999771118164,18,1,False,-0.04436398070472436,-0.08508172592182284,0.008071762840091923,-0.23485363565783823,False,False,False,all
2026-09-15,YUMC,41.689998626708984,18,0,False,-0.07989409652809609,-0.1255301848071262,0.03835609071739299,-0.2860078941172258,False,True,False,all
2026-09-15,CRK,14.3100004196167,18,1,False,0.03111357402951942,-0.19483250236507488,0.18069311507725283,-0.49074732294120216,False,False,False,all
2026-09-15,PDO,11.949999809265137,18,1,False,-0.06951756465696224,-0.10303636571457364,0.01185430860915937,-0.1614035221568325,False,False,False,all
2026-09-15,UTES,71.77999877929688,18,2,False,-0.07299069830233751,-0.10078354181563542,0.001534820889659505,-0.1882753611859852,False,False,False,all
2026-09-15,OMAB,96.97000122070312,18,0,False,-0.07067542394805759,-0.1155136170726645,0.013376515274734713,-0.2816505128180492,False,False,False,all
2026-09-15,JBS,12.279999732971191,18,0,False,-0.05916245451252522,-0.15073430429621038,0.06875543756221925,-0.34155496063549384,False,True,False,all
2026-09-15,PEGA,37.630001068115234,18,2,False,0.14424898303052913,-0.08344474057425033,0.4992032070205019,-0.44743022156725687,False,True,False,all
2026-09-15,ZROZ,57.65999984741211,18,1,False,-0.02599706735555629,-0.08595162216318253,0.015140856019421056,-0.19039597221109317,False,True,False,all
2026-09-15,CAE,23.709999084472656,18,0,False,-0.06367488592089421,-0.1362398875371419,0.04173984385049767,-0.30753510741257806,False,False,False,all
2026-09-15,AGO,71.36000061035156,17,1,False,-0.09570382702132063,-0.13290617821973483,0.010908121722732256,-0.22770563385363762,True,False,False,all
2026-09-15,AMZD,8.816100120544434,17,1,False,0.014020619451416305,-0.0796987281192102,0.15393982651989813,-0.2509685830361035,True,True,False,all
2026-09-15,AQN,5.28000020980835,17,0,False,-0.08065186130569169,-0.13496506848101064,0.007633671839197387,-0.257383950680955,False,False,False,all
2026-09-15,BDN,2.9000000953674316,17,0,False,-0.06033306446672437,-0.04415033391773626,0.17408909383662885,-0.3736501028752971,False,True,False,all
2026-09-15,GFS,42.75,17,3,False,-0.17688421195978965,-0.2029287471740594,0.35327634673967756,-0.5380875354904913,False,True,False,all
2026-09-15,GGLS,58.368099212646484,17,0,False,-0.002008403652015933,-0.06265483822608009,0.15238099613529377,-0.36383543092483395,True,True,False,all
2026-09-15,GOVZ,32.959999084472656,17,1,False,-0.03136317203153727,-0.08991697774642926,0.01057787485056716,-0.19648954859447187,False,False,False,all
2026-09-15,HII,279.4599914550781,17,0,False,-0.05911682943774088,-0.1949161261775847,0.0600864753481587,-0.3924782794454823,False,True,False,all
2026-09-15,KVYO,16.979999542236328,17,1,False,-0.052867640331341836,-0.15406653231360545,0.3551476379967906,-0.5312629328510053,False,False,False,all
2026-09-15,MARA,11.239999771118164,17,5,False,0.002211260458937936,0.0273847184709477,0.6876876919878181,-0.5206823281267462,False,True,False,all
2026-09-15,NABL,4.03000020980835,17,1,False,-0.022935508869316834,-0.19107163784563286,0.38013702209323674,-0.5386376224150484,True,False,False,all
2026-09-15,ORC,6.090000152587891,17,0,False,-0.0789194835655821,-0.13805912605421766,0.0032948896805451433,-0.2749999489103021,False,True,False,all
2026-09-15,PRVA,20.360000610351562,17,0,False,-0.1233357809621618,-0.12067976469290587,0.04249871451738363,-0.29354611984926515,True,False,False,all
2026-09-15,TPR,117.11000061035156,17,2,False,-0.14723782020241138,-0.15572299909738463,0.259247318390877,-0.28938107741677965,False,False,False,all
2026-09-15,VRSK,180.0800018310547,17,0,False,-0.05224144329326119,-0.06818356977504436,0.1548031230711242,-0.31702509705218984,False,True,False,all
2026-09-15,KAI,265.55999755859375,17,3,False,-0.13774686870653952,-0.14567173161500313,0.08449382469871258,-0.2499788401579498,False,False,False,all
2026-09-15,CW,562.8499755859375,17,2,False,-0.16637468750262385,-0.16833564836154902,0.14712829940290262,-0.3035413850108146,False,False,False,all
2026-09-15,GLPI,40.619998931884766,17,2,False,-0.06294121495388993,-0.10499608080368628,0.01524620434745838,-0.1867868205915446,False,False,False,all
2026-09-15,CRUS,122.20999908447266,17,1,False,-0.027273905873952398,-0.12699629384484357,0.15010348793136208,-0.3226360695889422,False,False,False,all
2026-09-15,NTGR,21.860000610351562,17,0,False,-0.03598515825045134,-0.06258908855417034,0.15052634791324015,-0.40694519130820306,False,True,False,all
2026-09-15,JEF,48.83000183105469,17,1,False,-0.09885466394264097,-0.08647434149465694,0.37433164955546383,-0.3126407488491202,False,True,False,all
2026-09-15,CPRT,31.040000915527344,17,1,False,0.022835888642477542,-0.0917802072696764,0.15777700611141254,-0.36354314898133033,False,True,False,all
2026-09-15,CNXC,29.209999084472656,17,2,False,0.12612088406913124,-0.040816239810042454,0.527719550332604,-0.4952915924929131,False,False,False,all
2026-09-15,TNC,68.62000274658203,17,1,False,-0.1077325983059838,-0.11335417929254121,0.14024596873723127,-0.2535624658023782,True,True,False,all
2026-09-15,LBTYA,10.489999771118164,17,2,False,-0.005064792715402167,-0.0798689736286694,0.11240715075699281,-0.2241124692348344,True,True,False,all
2026-09-15,GBX,42.720001220703125,17,2,False,-0.08795119452230205,-0.13409644601239057,0.11744707643813235,-0.2782564248713112,False,False,False,all
2026-09-15,URA,41.77000045776367,17,0,False,-0.031959013723418694,-0.13898833904204888,0.12345347269803342,-0.32931918310106223,False,False,False,all
2026-09-15,SBIT,37.5,17,3,False,-0.2393694298912472,-0.2490034283745225,0.5889830251631814,-0.5099000156945267,False,False,False,all
2026-09-15,WS,32.459999084472656,17,1,False,-0.0818526084950274,-0.12974707227085747,0.19250550710144032,-0.3398413607228141,False,False,False,all
2026-09-15,MWA,22.809999465942383,17,1,False,-0.08686220725190141,-0.13340642535094116,0.005731885318226215,-0.2641935656147618,False,False,False,all
2026-09-15,MKC,49.86000061035156,17,0,False,-0.054639763236345895,-0.11968317417307162,0.11244982038920814,-0.31142110083275343,False,True,False,all
2026-09-15,DXD,17.440000534057617,17,1,False,0.03392265654796489,-0.08342702826561432,0.10730162121000753,-0.25118077078174594,False,False,False,all
2026-09-15,TMUS,180.47000122070312,17,0,False,-0.007973804838826593,-0.06833780597064265,0.08939995914041599,-0.2610956552498349,False,True,False,all
2026-09-15,WGMI,43.06999969482422,17,2,False,-0.12091815527371863,-0.11595293174899157,0.3548285138232674,-0.44021317483549305,False,False,False,all
2026-09-15,CLB,12.260000228881836,17,1,False,0.03931776337601267,-0.180105850275338,0.252298291792975,-0.39783890661336585,True,True,False,all
2026-09-15,BTCZ,3.630000114440918,17,3,False,-0.23654487031329063,-0.2428666543879242,0.5782609520427238,-0.5054495859702297,False,False,False,all
2026-09-15,CRCL,86.30000305175781,17,3,False,0.1444257695987181,0.0065719129220898065,0.7294589261084754,-0.45883236727188315,False,False,False,all
2026-09-15,LDOS,129.24000549316406,17,2,False,0.02557758374516861,-0.14633139866651845,0.30730330462522204,-0.37192009131692094,True,True,False,all
2026-09-15,HIVE,2.890000104904175,17,1,False,-0.02106899545221852,-0.0031216753860949797,0.67052027343441,-0.6313775448141771,False,True,False,all
2026-09-15,ALB,113.44999694824219,16,3,False,-0.1022423209191674,-0.2754796504081116,0.46387092836441535,-0.4866515975192661,False,False,False,all
2026-09-15,ANIP,72.11000061035156,16,0,False,-0.06332644643148766,-0.08753050030822118,0.036361004781803485,-0.2744742825920382,False,True,False,all
2026-09-15,AOS,57.220001220703125,16,0,False,-0.05829299388188902,-0.119714632933554,0.05649928696292683,-0.3010870978248259,False,True,False,all
2026-09-15,ATMU,44.310001373291016,16,1,False,-0.11553352466649136,-0.18612646926748466,0.04014091456385205,-0.3336841898753231,False,True,False,all
2026-09-15,BEAM,23.219999313354492,16,2,False,-0.17517719124136566,-0.1879763387923471,0.14780028861966232,-0.3930998345003589,False,False,False,all
2026-09-15,GAP,20.43000030517578,16,0,False,-0.0035798736947726395,-0.14274023889491305,0.12810599760544017,-0.30415531742282387,False,True,False,all
2026-09-15,HHH,62.54999923706055,16,0,False,-0.06128441397073692,-0.11712524059536378,0.03817426119602563,-0.3131657027927337,False,False,False,all
2026-09-15,IGLD,20.940000534057617,16,0,False,-0.019460909766002454,-0.13961792015383956,0.03560837018563068,-0.3116370650381429,False,False,False,all
2026-09-15,IP,33.9900016784668,16,0,False,-0.1292340260400675,-0.11273414256923908,0.16165418361535377,-0.32358205614991453,False,False,False,all
2026-09-15,JPC,6.989999771118164,16,1,False,-0.08079535630585744,-0.11498265155615517,0.007204569666492189,-0.1578313722304523,False,False,False,all
2026-09-15,MFA,8.430000305175781,16,1,False,-0.07021371384388242,-0.11961439330017598,0.005966609791412836,-0.19175454856003415,False,False,False,all
2026-09-15,MORT,9.170000076293945,16,1,False,-0.06424751893253122,-0.11133507621149208,0.0005455662260480665,-0.19842653735598292,False,True,False,all
2026-09-15,PRKS,36.02000045776367,16,3,False,-0.17786957793851255,-0.06808031788656277,0.2519986056532566,-0.35343742506355436,False,False,False,all
2026-09-15,QDTE,28.239999771118164,16,1,False,-0.03280053553579887,-0.07058869721526473,0.05589825705638751,-0.22841527463215794,False,True,False,all
2026-09-15,ROOT,53.599998474121094,16,1,False,-0.05215619911022673,-0.08760990612387498,0.31019307440822996,-0.48693406865301136,True,True,False,all
2026-09-15,SGRY,13.649999618530273,16,0,False,-0.09339675916404777,-0.07128644589907718,0.196319000970558,-0.4176621455832634,True,False,False,all
2026-09-15,TKC,5.190000057220459,16,0,False,-0.05274684051214773,-0.1339968692341167,0.05918366453241486,-0.27715874912195215,False,True,False,all
2026-09-15,URNM,50.400001525878906,16,0,False,-0.055015331121639255,-0.1722921256696608,0.07646308958542014,-0.40670979003582175,False,False,False,all
2026-09-15,XRAY,9.829999923706055,16,0,False,-0.18485472310898332,-0.16248121083432154,0.04463337758814645,-0.33401085560479427,False,True,False,all
2026-09-15,XYL,107.5,16,0,False,-0.07567909913474957,-0.1279012007371969,0.02098963876204829,-0.3031697865896148,False,False,False,all
2026-09-15,CQQQ,46.11000061035156,16,1,False,-0.0857720538097464,-0.10900873907022846,0.04085781951383871,-0.24656862687044045,False,False,False,all
2026-09-15,CRDO,150.38999938964844,16,4,False,-0.3131619121240474,-0.14487184492155158,0.7389142432595179,-0.5127806626902627,False,False,False,all
2026-09-15,DRS,36.875,16,2,False,-0.13365550925373137,-0.1220786769751383,0.13706443580004546,-0.2711010103028496,False,True,False,all
2026-09-15,SDS,56.040000915527344,16,1,False,0.010403350681852608,-0.11227276596850022,0.06661591052552929,-0.3038509203040082,True,False,False,all
2026-09-15,REAL,9.4399995803833,16,0,False,-0.14925834456688014,-0.2068093754904451,0.17267072754212553,-0.45722174144920114,False,True,False,all
2026-09-15,WDFC,189.8300018310547,16,3,False,-0.16180888431179608,-0.13194657689128086,0.08239249940663163,-0.3649046312901666,False,True,False,all
2026-09-15,TATT,38.06999969482422,16,0,False,-0.04785486652728843,-0.13155059012538006,0.20780454130505,-0.4097674465918726,False,True,False,all
2026-09-15,SEDG,35.2599983215332,16,1,False,-0.10533958639012553,-0.16217880315046806,0.24991136000926018,-0.5660307898888222,True,False,False,all
2026-09-15,PLAB,27.260000228881836,16,3,False,-0.09195685254477026,-0.23770107080686742,0.3596010606571134,-0.5132142816271101,False,True,False,all
2026-09-15,TSLA,356.5799865722656,16,1,False,0.011445887173740177,-0.10478419571730968,0.1990718297041587,-0.2851672991382851,True,False,False,all
2026-09-15,EFX,167.0800018310547,16,0,False,-0.06586573334367885,-0.1045732702852129,0.10832505360566946,-0.3853737342485164,False,True,False,all
2026-09-15,GLOB,40.099998474121094,16,2,False,0.1019025915238605,-0.14519715024556767,0.4550072297234684,-0.4438280260364469,True,True,False,all
2026-09-15,PEG,70.41999816894531,16,1,False,-0.07496199574039297,-0.11598300629998237,0.004063534954504844,-0.19639392472765815,False,False,False,all
2026-09-15,UNG,10.539999961853027,16,1,False,0.02330096338031007,-0.09200943063007094,0.10366489542886437,-0.3810922174466953,False,False,False,all
2026-09-15,CASY,587.1400146484375,16,3,False,-0.2734848903890371,-0.1952238455520694,0.180465657815845,-0.3672037181682756,False,False,False,all
2026-09-15,CIFR,15.09000015258789,16,2,False,-0.18986824218160236,-0.18041022193730027,0.4412607228013139,-0.4993364147920142,True,False,False,all
2026-09-15,OMCL,32.630001068115234,16,0,False,-0.1459322260733925,-0.1970658069312734,0.12284933474815807,-0.4067272533069958,False,True,False,all
2026-09-15,LBTYK,10.079999923706055,16,2,False,-0.01859605127057884,-0.09583844122596064,0.08387093730904072,-0.23170731618672447,True,False,False,all
2026-09-15,SOLT,52.86000061035156,16,2,False,0.26278071904871325,-0.20739107667137413,1.2706185159468024,-0.9251274778890204,False,False,False,all
2026-09-15,ARHS,7.304999828338623,15,1,False,-0.13621853341175316,-0.1398596645524307,0.3114900544356256,-0.395281467344786,False,True,False,all
2026-09-15,ENPH,36.720001220703125,15,3,False,-0.06352806193299299,-0.10529582965897877,0.4243599783814098,-0.5020341431451999,False,True,False,all
2026-09-15,FIZZ,31.3700008392334,15,2,False,-0.012285794117257498,-0.07255474934847572,0.08284437634669062,-0.19708213247339423,False,False,False,all
2026-09-15,GENI,6.559999942779541,15,1,False,-0.09090910052080536,-0.05837771781673495,0.7150326433988006,-0.5208181049048746,False,True,False,all
2026-09-15,HD,305.4800109863281,15,0,False,-0.08534700995676425,-0.1094071939022212,0.05665861133516348,-0.284171034595599,False,False,False,all
2026-09-15,HRL,20.790000915527344,15,2,False,-0.13043837880251252,-0.11109776863402732,0.0553299548413444,-0.21842102942185615,False,False,False,all
2026-09-15,JBLU,4.269999980926514,15,3,False,-0.19360930648395291,-0.164408094855665,0.10335920082582772,-0.35498488599053846,False,True,False,all
2026-09-15,JMIA,7.309999942779541,15,1,False,0.11344665026217648,-0.1400303590549834,0.28470999459891844,-0.5033967520263474,False,True,False,all
2026-09-15,KMPR,27.81999969482422,15,0,False,-0.010246203843196189,-0.12470307602033992,0.22609074658532902,-0.4822259458060233,False,True,False,all
2026-09-15,MNKD,3.559999942779541,15,1,False,-0.10808239860715096,-0.1358384451355159,0.5964125167400847,-0.4531490295521833,False,True,False,all
2026-09-15,NVDY,12.069999694824219,15,0,False,-0.038614738515299174,-0.10656458792329149,0.043125018698890294,-0.3130335854029749,False,False,False,all
2026-09-15,OKLL,9.350000381469727,15,2,False,1.2271450366080079,-0.20284245093350828,3.410377776508211,-0.9449860827081183,False,True,False,all
2026-09-15,OTF,10.59000015258789,15,0,False,-0.0153233723864864,-0.10903957381467311,0.08615386180388618,-0.3305941620180569,False,True,False,all
2026-09-15,OTIS,68.5,15,0,False,-0.04794466721292945,-0.1376450629085344,0.012714379333409243,-0.2756305373920598,False,False,False,all
2026-09-15,PAR,16.899999618530273,15,1,False,-0.04828411904876284,-0.18215453402333026,0.45815352856201064,-0.6207361064252563,False,True,False,all
2026-09-15,PHR,10.350000381469727,15,1,False,-0.0763216756841737,-0.1382001804957137,0.33204638441138923,-0.585999984741211,False,True,False,all
2026-09-15,RRX,152.4499969482422,15,2,False,-0.17241193500156415,-0.19004164718154015,0.19138791840411384,-0.3847861377289812,True,False,False,all
2026-09-15,SAM,171.27000427246094,15,0,False,-0.04468082131471174,-0.1550838064467962,0.07934214883916657,-0.35237839444022934,False,True,False,all
2026-09-15,SARO,23.270000457763672,15,0,False,-0.1356639634950939,-0.16107108655299796,0.013501802510988092,-0.32511598704463296,False,True,False,all
2026-09-15,SNN,28.010000228881836,15,0,False,-0.06235144910231638,-0.12112254840554426,0.028644902671983274,-0.25860240513742205,False,False,False,all
2026-09-15,VMC,249.1999969482422,15,1,False,-0.09838201761091003,-0.13274486073073055,0.012185215423177631,-0.24733456249181385,False,False,False,all
2026-09-15,BSY,31.8799991607666,15,0,False,-0.06803248482945745,-0.09413741686721733,0.13544892766069272,-0.44314411946259213,False,True,False,all
2026-09-15,LMAT,80.23999786376953,15,1,False,-0.10312900704473227,-0.1535566075650735,0.025169302481088618,-0.3200576526459116,True,True,False,all
2026-09-15,TAC,11.5,15,0,False,-0.10136592733174632,-0.11875368832657385,0.010544805303367655,-0.3568232360304574,False,False,False,all
2026-09-15,DEI,10.350000381469727,15,0,False,-0.11994282579498527,-0.07090307537363882,0.14491155145405266,-0.3817203988660277,False,True,False,all
2026-09-15,PPC,29.860000610351562,15,1,False,0.021825888568944407,-0.1287742127353282,0.15289579344194615,-0.33407670587110316,False,True,False,all
2026-09-15,RXRX,3.240000009536743,15,0,False,-0.010445295491925632,-0.10505272178236613,0.16967510174964806,-0.548746505988922,False,True,False,all
2026-09-15,NG,7.25,15,2,False,0.015320840789225576,-0.1735301660590859,0.42716537576458213,-0.4965277644403183,False,False,False,all
2026-09-15,NXST,168.8000030517578,15,0,False,-0.07659046015035853,-0.15080375367444954,0.09276883354574661,-0.33621706242212723,False,False,False,all
2026-09-15,KBH,49.52000045776367,15,0,False,-0.10116600868881254,-0.11800667364369966,0.1246877545008751,-0.2761292529327609,False,False,False,all
2026-09-15,ATAT,31.299999237060547,15,0,False,-0.07158029062375981,-0.1415973754551766,0.0170592891970065,-0.2750098674244047,False,True,False,all
2026-09-15,VERX,12.890000343322754,15,1,False,0.0025511225492556022,-0.10538915847942354,0.2624877860100556,-0.5143180143682134,False,True,False,all
2026-09-15,CPB,21.360000610351562,15,0,False,-0.051939143260661735,-0.10317287541717235,0.09202460089752651,-0.3748902032495819,False,False,False,all
2026-09-15,LZ,6.230000019073486,15,0,False,-0.06827188906870629,-0.13059556986335608,0.1934866416622507,-0.49758062816683335,True,True,False,all
2026-09-15,TWM,23.040000915527344,15,1,False,0.07421606478687126,-0.1080518856880982,0.14285719692031318,-0.388210275919303,False,False,False,all
2026-09-15,CLFD,29.190000534057617,15,1,False,-0.028463763609153037,-0.09431782950842149,0.22853536417795395,-0.4464251699703382,True,True,False,all
2026-09-15,OXLC,9.350000381469727,15,1,False,0.010701592849098995,-0.11221671255819587,0.1672909006614285,-0.4773616154017395,True,True,False,all
2026-09-15,PTON,4.849999904632568,15,1,False,-0.15362199489074346,-0.10969153058671133,0.32876706244149756,-0.4728260863931508,False,False,False,all
2026-09-15,CEG,259.8900146484375,15,0,False,-0.03856606637360682,-0.11713137750137637,0.13672750338105333,-0.3702689436363198,False,False,False,all
2026-09-15,ADNT,18.3700008392334,14,1,False,-0.06553937055876757,-0.12120396765723229,0.03902717885449469,-0.32759879046727813,False,True,False,all
2026-09-15,AORT,25.3799991607666,14,1,False,-0.03318708026234152,-0.23376855026280075,0.3246346222802612,-0.4739896546991378,False,True,False,all
2026-09-15,AXON,442.0799865722656,14,1,False,-0.20711248352427247,-0.12318606354812622,0.30403225225679376,-0.4419309210772163,False,False,False,all
2026-09-15,BFAM,67.41000366210938,14,0,False,-0.08090886396381758,-0.15523664436137785,0.16970332140779876,-0.4080610705311012,False,False,False,all
2026-09-15,BITI,19.479999542236328,14,1,False,-0.1404036894343329,-0.19302055754001735,0.17526387001997912,-0.37029255281925366,False,False,False,all
2026-09-15,EIDO,12.789999961853027,14,1,False,0.020229087230892562,-0.1587048442579242,0.1930969816475525,-0.3369621900039511,False,False,False,all
2026-09-15,EXP,182.30999755859375,14,0,False,-0.10521646649475858,-0.1328886042722257,0.06000344052457085,-0.25748381678415844,False,True,False,all
2026-09-15,FSLR,202.33999633789062,14,0,False,-0.06299262553149831,-0.11721624529803154,0.10574343004459563,-0.369559156746909,True,True,False,all
2026-09-15,FSV,131.39500427246094,14,0,False,-0.0741236353865461,-0.09778114465566212,0.10036848038515367,-0.3621292258433316,False,True,False,all
2026-09-15,HROW,33.84000015258789,14,1,False,-0.1539365440080841,-0.17832067808828878,0.18570424201272728,-0.3830446473293154,False,True,False,all
2026-09-15,KD,13.239999771118164,14,2,False,0.026913810545727612,-0.16371906186266894,0.31089101693593335,-0.5929910769149945,True,True,False,all
2026-09-15,LINC,25.420000076293945,14,3,False,-0.28087268390276265,-0.2941937579712659,0.4702139230927067,-0.548810791490097,True,True,False,all
2026-09-15,MBUU,24.219999313354492,14,1,False,-0.12670370424038735,-0.13903196628648962,0.02150992191373935,-0.3090857480386765,False,False,False,all
2026-09-15,MMYT,47.900001525878906,14,1,False,-0.15682075264060924,-0.1497556843218656,0.4661770496029771,-0.5360325211447078,False,False,False,all
2026-09-15,PBH,46.68000030517578,14,0,False,-0.0785083944372299,-0.1733890740304722,0.09526047571656915,-0.343182770428866,False,False,False,all
2026-09-15,REMX,68.30000305175781,14,2,False,-0.08334939292984489,-0.2086269681282733,0.14194953157546863,-0.38771850127097296,False,True,False,all
2026-09-15,SHLS,7.059999942779541,14,1,False,-0.16752155818474135,-0.18045394799556524,0.30018419262816765,-0.46433992569733995,False,True,False,all
2026-09-15,SOFI,17.06999969482422,14,0,False,-0.040321141442390185,-0.13346846334335227,0.1471773900228619,-0.47846013035239154,False,True,False,all
2026-09-15,TDG,1085.0,14,0,False,-0.10844057707576715,-0.14076287693634326,0.0024020468655707727,-0.2583884279385259,False,True,False,all
2026-09-15,TIMB,19.030000686645508,14,1,False,-0.02006217322427939,-0.1571011589665705,0.11026845766041982,-0.3256555226902511,True,True,False,all
2026-09-15,TTI,6.610000133514404,14,1,False,-0.1689506725730031,-0.2877807366541486,0.40042381935063864,-0.47288675010987413,False,False,False,all
2026-09-15,CRMD,7.760000228881836,14,0,False,-0.032539561269273376,-0.05364697026975307,0.265905397065328,-0.40399385898219076,False,True,False,all
2026-09-15,QID,14.760000228881836,14,1,False,0.01612305473151876,-0.16084153407279234,0.10231514939745812,-0.3982878183563445,True,False,False,all
2026-09-15,FNF,43.619998931884766,14,0,False,-0.10593503996001796,-0.13557145374657364,0.019635347745601273,-0.2561430842224651,False,False,False,all
2026-09-15,HLI,133.72999572753906,14,1,False,0.0026977263039067445,-0.12376057766177462,0.18523436636807689,-0.3685338810378286,True,True,False,all
2026-09-15,HLMN,7.25,14,0,False,-0.1041862321890582,-0.14050899508107395,0.04844541431598248,-0.3317972585160477,False,False,False,all
2026-09-15,IRTC,111.87999725341797,14,0,False,-0.06157317029052456,-0.15813459894387516,0.10941431993903494,-0.47226416389897186,False,True,False,all
2026-09-15,PL,16.020000457763672,14,3,False,-0.2672953758550767,-0.4096207327926835,0.6889827135086841,-0.6904945715367415,False,False,False,all
2026-09-15,HAYW,12.75,14,0,False,-0.13304230856982802,-0.15698856343701817,0.009501178501326812,-0.28087984606953853,False,True,False,all
2026-09-15,RKLB,63.54999923706055,14,3,False,-0.10439979788889031,-0.20678682054654007,0.6915091762914076,-0.5791390779002612,False,False,False,all
2026-09-15,STWD,15.199999809265137,14,0,False,-0.06433901455970659,-0.12572581578656883,0.0019775697310688845,-0.262851639639883,False,False,False,all
2026-09-15,CALM,74.38999938964844,14,0,False,-0.1047725459171227,-0.08298442870909972,0.034343733086601436,-0.3290340259151677,False,True,False,all
2026-09-15,YMAG,11.1899995803833,14,0,False,-0.013592886265163528,-0.11345273608265649,0.0428704620476712,-0.30106187255408756,True,True,False,all
2026-09-15,TAN,45.09000015258789,14,1,False,-0.11186659956847744,-0.1816370168088517,0.09097503399353846,-0.4035714145150041,False,True,False,all
2026-09-15,CWEN,29.93000030517578,14,1,False,-0.08278528853101019,-0.17063613185777282,0.08167691444345437,-0.28294204356449904,False,False,False,all
2026-09-15,WH,67.4800033569336,14,2,False,-0.09449310908680542,-0.1406995694874471,0.0010384170155974815,-0.25312667961735646,False,True,False,all
2026-09-15,CHWY,21.190000534057617,14,0,False,-0.054000936851885784,-0.16778922084831238,0.2178161493458397,-0.4774352421025182,False,False,False,all
2026-09-15,BV,10.899999618530273,14,0,False,-0.1215486811365587,-0.14045314543827792,0.04606521484854431,-0.2733333587646485,True,True,False,all
2026-09-15,VICI,24.760000228881836,14,0,False,-0.053422735410410205,-0.10738104340583121,0.004055165534813332,-0.2551143508238265,False,False,False,all
2026-09-15,AD,38.029998779296875,13,1,False,0.06486637332347511,-0.16451555179129895,0.12815187814152385,-0.37471228263532486,False,False,False,all
2026-09-15,AOSL,24.760000228881836,13,3,False,-0.1783585708677804,-0.1658693624772215,0.45561433837261345,-0.5443503835230912,False,True,False,all
2026-09-15,ASTS,58.77000045776367,13,1,False,-0.08311412277074148,-0.27974211232644397,0.4878481128547765,-0.5609592096982337,False,True,False,all
2026-09-15,BITX,16.479999542236328,13,2,False,0.16767630550763424,-0.10871225465539225,0.6341100128805135,-0.7541032472740168,False,False,False,all
2026-09-15,BN,37.130001068115234,13,0,False,-0.11812764080190974,-0.15802313236485777,0.0029713832790754235,-0.25095821471243396,False,False,False,all
2026-09-15,DJT,8.579999923706055,13,0,False,-0.06430964969379693,-0.151568199012744,0.23275860297127093,-0.5225375486058151,False,True,False,all
2026-09-15,DUOT,8.119999885559082,13,1,False,-0.09840890342032405,-0.14004915304626575,0.31604534605393675,-0.46858638563731503,False,True,False,all
2026-09-15,EIX,54.560001373291016,13,2,False,-0.2246012708410171,-0.20277041099968462,0.04923079564021182,-0.3315363938091046,False,False,False,all
2026-09-15,EVH,3.740000009536743,13,3,False,-0.17504852035828256,-0.03081188629243803,0.7852028441344534,-0.6116303255356842,True,True,False,all
2026-09-15,FBIN,39.939998626708984,13,0,False,-0.15908356655483213,-0.15155766735981524,0.23500304385474569,-0.384022194903037,False,True,False,all
2026-09-15,FER,54.2400016784668,13,0,False,-0.12967432535504564,-0.18469221067012942,0.006121347282298739,-0.2747693406271119,False,True,False,all
2026-09-15,FOUR,42.349998474121094,13,0,False,-0.10734990234413566,-0.16840613857204012,0.22540499974778405,-0.5214689437952419,True,False,False,all
2026-09-15,FUL,50.88999938964844,13,0,False,-0.10331048241845608,-0.15121514373438394,0.04475467760521279,-0.2584875211092338,False,True,False,all
2026-09-15,GRRR,12.930000305175781,13,4,False,-0.07500141031009289,-0.057526915411224455,0.43030977430727524,-0.44955298292196233,False,True,False,all
2026-09-15,HIMS,27.850000381469727,13,1,False,-0.0919169085078464,-0.01035835351054959,1.0269287369284497,-0.5735003775614798,False,True,False,all
2026-09-15,IDXX,510.7300109863281,13,0,False,-0.07810201834522446,-0.1501576504283888,0.02021538908709264,-0.3366970259727988,False,True,False,all
2026-09-15,INOD,54.369998931884766,13,2,False,-0.10685833712589965,-0.10502575132655212,0.5883727624593664,-0.5655266166128634,False,True,False,all
2026-09-15,MCD,252.77999877929688,13,0,False,-0.05410088720664896,-0.14133437138040972,0.00249853221519869,-0.2603365068637985,False,True,False,all
2026-09-15,NLR,108.31999969482422,13,0,False,-0.05144708626209904,-0.17174196566673927,0.06279436460811239,-0.35569829383280605,False,True,False,all
2026-09-15,NN,14.920000076293945,13,3,False,-0.03419168301817077,-0.12139939895091323,0.3725851180656712,-0.3890253878099803,False,True,False,all
2026-09-15,OSIS,202.58999633789062,13,0,False,-0.06166804897123679,-0.18791205367833785,0.0862734388090649,-0.3500898384943435,False,False,False,all
2026-09-15,PLTY,34.869998931884766,13,2,False,0.023523101062538965,-0.10865377776285456,0.3380659879696508,-0.47877431783920044,True,False,False,all
2026-09-15,TLK,15.029999732971191,13,1,False,0.02368853032926288,-0.1571214412830011,0.13605444089309482,-0.36096941154565465,False,True,False,all
2026-09-15,VRTL,21.75,13,3,False,-0.3376680849039093,-0.3945464376704705,0.7011680919692567,-0.702054794520548,False,False,False,all
2026-09-15,VST,141.52999877929688,13,0,False,-0.045868178845897556,-0.09828462603378152,0.06686261776216851,-0.3561550629440646,False,False,False,all
2026-09-15,WULF,14.489999771118164,13,3,False,-0.17324722570114592,-0.1946689322679931,0.44322707432001063,-0.5144101978209437,False,True,False,all
2026-09-15,CHDN,80.5999984741211,13,0,False,-0.06986192840124505,-0.13743932515369983,0.015113311400265728,-0.3189691633857906,False,True,False,all
2026-09-15,RDDT,159.6300048828125,13,1,False,-0.04107117115680903,-0.07961210901900817,0.3383919625698453,-0.43583672735093193,True,True,False,all
2026-09-15,DAKT,17.739999771118164,13,2,False,-0.10257189958756419,-0.13900632572056726,0.03803391531461431,-0.3724796786748441,False,False,False,all
2026-09-15,NFLX,77.9000015258789,13,1,False,0.027815699255365756,-0.09395898906344691,0.19698831183355625,-0.3761012242104652,False,True,False,all
2026-09-15,FBRT,7.809999942779541,13,0,False,-0.02569860344151087,-0.1303428021202203,0.06330839562566659,-0.3226365894488217,False,False,False,all
2026-09-15,MLM,506.80999755859375,13,0,False,-0.06512663330547874,-0.15267173392404132,0.030897853204252534,-0.28715695677360886,False,False,False,all
2026-09-15,CTMX,2.690000057220459,13,1,False,-0.2170217530749955,-0.35024153076268927,0.41578952156605875,-0.672350786270203,False,False,False,all
2026-09-15,LAZ,38.630001068115234,13,0,False,-0.10186181637696379,-0.17069901269806742,0.022498737858195783,-0.3424680669256981,False,True,False,all
2026-09-15,TRTX,7.329999923706055,13,1,False,-0.09117962257921208,-0.13151144956248972,0.005486963245862508,-0.22923241353403212,False,True,False,all
2026-09-15,STZ,123.62000274658203,13,0,False,-0.05823376703389449,-0.1468631245111095,0.028024970865547116,-0.2667853008814077,False,False,False,all
2026-09-15,LCII,87.5999984741211,13,0,False,-0.15019277369179673,-0.2543859203242491,0.03877619556581369,-0.4513341070722373,False,True,False,all
2026-09-15,LZB,30.31999969482422,13,1,False,-0.18413037821983969,-0.17551117060996058,0.04443675431162286,-0.32472163330888193,False,False,False,all
2026-09-15,CDRE,27.639999389648438,13,0,False,-0.10482374067839151,-0.20503556100476983,0.07423240891539096,-0.43314191261072776,False,False,False,all
2026-09-15,ACHR,5.46999979019165,12,0,False,-0.0010957292948989839,-0.14406875920328754,0.27209291803701907,-0.6258550045821376,True,True,False,all
2026-09-15,AZO,2860.25,12,0,False,-0.04943433411589837,-0.14689794039061,0.0017125309572738612,-0.3436496860712207,False,False,False,all
2026-09-15,BABA,109.33999633789062,12,0,False,-0.07157549875527636,-0.18424386136691118,0.18860744512479677,-0.43250118141375415,False,True,False,all
2026-09-15,BHF,49.0,12,0,False,-0.16435301018764192,-0.20668200686228555,0.10087624910771131,-0.266467099379712,False,False,False,all
2026-09-15,BIPC,35.20000076293945,12,0,False,-0.10865764745019668,-0.1712391564862208,0.029842025999315736,-0.31941222095622923,False,False,False,all
2026-09-15,DNA,6.989999771118164,12,1,False,-0.09409023004908634,-0.15506750460038976,0.3016759627715375,-0.6023890897921804,True,True,False,all
2026-09-15,DNUT,3.119999885559082,12,0,False,-0.05569010618603565,-0.12264671471242461,0.08333325054910778,-0.38943252367132497,False,True,False,all
2026-09-15,DPZ,310.82000732421875,12,0,False,-0.07466064845650688,-0.14162578524570324,0.10219860753269061,-0.3179583812611946,False,True,False,all
2026-09-15,GNRC,175.02999877929688,12,2,False,-0.1493851412956534,-0.16510967167595958,0.298442098047226,-0.4095601223256198,False,True,False,all
2026-09-15,INDI,3.0799999237060547,12,1,False,-0.18436525690880368,-0.18968694715780665,0.3275862122120672,-0.49090911956947514,False,True,False,all
2026-09-15,ISRG,377.1600036621094,12,1,False,0.0047284917846599495,-0.17630016698778295,0.14788323722421848,-0.37543882789214034,False,True,False,all
2026-09-15,MAT,13.420000076293945,12,0,False,-0.07172995179379182,-0.17991963590189264,0.054202714758024406,-0.4030248954818745,False,True,False,all
2026-09-15,MAZE,24.229999542236328,12,0,False,-0.1348715162880738,-0.2850261351706451,0.09936472485199,-0.548369080091291,False,False,False,all
2026-09-15,MSFD,10.369999885559082,12,1,False,-0.09922901703327858,-0.1823117672663752,0.04325958987205514,-0.32354860161981547,True,True,False,all
2026-09-15,ONT,17.799999237060547,12,1,False,-0.03915709089877861,-0.15967183451801026,0.40378539500467214,-0.4286631730138122,False,True,False,all
2026-09-15,SFD,20.079999923706055,12,1,False,-0.1562599857840864,-0.18366932678896397,0.009045241639510815,-0.32628754510634694,False,False,False,all
2026-09-15,SNPS,367.70001220703125,12,0,False,-0.09334477136572472,-0.17756092191852935,0.014205005068165688,-0.318417688293939,False,False,False,all
2026-09-15,SYK,281.5,12,0,False,-0.12920926020606815,-0.16161963260972878,0.054307116104868935,-0.28289387656671283,False,False,False,all
2026-09-15,YELP,21.139999389648438,12,0,False,-0.13234777379106022,-0.1726076202887381,0.07857137643908718,-0.3870687630947026,False,False,False,all
2026-09-15,CRF,6.150000095367432,12,0,False,-0.10053527819811925,-0.1565637036226175,0.01652890933552542,-0.25454544298576587,False,True,False,all
2026-09-15,CLX,87.16000366210938,12,0,False,-0.11888569416995354,-0.15185210268642169,0.029043763902027342,-0.32381685190687526,False,False,False,all
2026-09-15,BTCI,31.610000610351562,12,1,False,0.05480587929276215,-0.10206387488919977,0.19193062084196932,-0.506325141137248,False,False,False,all
2026-09-15,SDOW,24.559999465942383,12,1,False,0.04792460842539814,-0.13486706007375826,0.16232846386215094,-0.3599165976120611,False,False,False,all
2026-09-15,BTDR,10.90999984741211,12,1,False,-0.017497741805065914,-0.0927555685802024,0.5775014490927028,-0.607553951553069,False,True,False,all
2026-09-15,RDY,11.550000190734863,12,0,False,-0.05953814391375267,-0.137953541612014,0.016725399630266535,-0.26292277380342477,False,False,False,all
2026-09-15,HUBG,33.45000076293945,12,1,False,-0.22460312440996666,-0.2114298877149814,0.06494749842208036,-0.3719488956608641,False,False,False,all
2026-09-15,JBTM,111.37999725341797,12,0,False,-0.11539288984497975,-0.19173801415590075,0.010799480766365388,-0.34555499350342656,True,True,False,all
2026-09-15,SPXC,178.30999755859375,12,1,False,-0.1412416984749112,-0.16659170141479862,0.011802768436030009,-0.28982795818770946,False,True,False,all
2026-09-15,UVV,44.349998474121094,12,0,False,-0.0922042437827445,-0.15210819239391693,0.02283205373233277,-0.2531155662451591,True,False,False,all
2026-09-15,URNJ,22.079999923706055,12,0,False,-0.07660189493507319,-0.21429205500699977,0.07184463664222207,-0.4589561582774955,False,False,False,all
2026-09-15,STN,70.5999984741211,12,0,False,-0.014440009263090303,-0.15977339260055146,0.06549948985766108,-0.3835137919697489,False,True,False,all
2026-09-15,WGO,27.299999237060547,12,0,False,-0.11052322002975756,-0.22159908086569624,0.018656716949027707,-0.45574164034872844,False,True,False,all
2026-09-15,OLMA,9.779999732971191,12,1,False,-0.12479307861764377,-0.43710044929518155,0.47067663048369,-0.730273862005776,False,True,False,all
2026-09-15,CNM,41.08000183105469,12,0,False,-0.07274061250350972,-0.17512521229678013,0.02623040429121537,-0.311431412401577,False,False,False,all
2026-09-15,ONDS,7.239999771118164,12,2,False,-0.09061223302484123,-0.23903820730849723,0.4626262727458559,-0.5261780171700077,False,True,False,all
2026-09-15,CC,14.680000305175781,12,3,False,-0.09958534926764107,-0.19536511366954867,0.40613035394746744,-0.48796650623959803,True,True,False,all
2026-09-15,RYAAY,51.95000076293945,12,0,False,-0.11044823250368685,-0.1670581377778112,0.005224467031139435,-0.3002424264846053,False,False,False,all
2026-09-15,GDS,30.440000534057617,12,0,False,-0.05659206135086847,-0.19405441657875655,0.1286615242509448,-0.37379139782246007,False,True,False,all
2026-09-15,ALK,39.90999984741211,11,1,False,-0.11582650947289896,-0.13081165256555916,0.20829552898523285,-0.37297723659620896,True,True,False,all
2026-09-15,ASTE,40.869998931884766,11,1,False,-0.14548322956567472,-0.21013777957484892,0.022005431770007133,-0.3778353263369152,True,True,False,all
2026-09-15,EVR,270.82000732421875,11,0,False,-0.1293747222219115,-0.1775840584326932,0.01861816789385884,-0.30328519133134635,False,True,False,all
2026-09-15,FG,23.520000457763672,11,0,False,-0.12926941477833098,-0.14580354484711944,0.1434127762132018,-0.3342768401135534,False,True,False,all
2026-09-15,FISV,50.02000045776367,11,0,False,-0.04064136103188121,-0.1375163090372883,0.0633503291717128,-0.631881081393082,False,False,False,all
2026-09-15,FUTU,108.72000122070312,11,2,False,0.0018319146429963684,-0.1996055360042126,0.3505590213751941,-0.46319062916117115,False,True,False,all
2026-09-15,HGV,37.90999984741211,11,2,False,-0.17145667335537207,-0.17745654199027316,0.030443025387696165,-0.31570399272095184,False,True,False,all
2026-09-15,HNRG,14.329999923706055,11,0,False,-0.09119736834274483,-0.1862578137180747,0.04981687356625719,-0.4198380776891646,False,True,False,all
2026-09-15,INFY,11.319999694824219,11,0,False,-0.03473918213377092,-0.18754039184717286,0.09902907623311252,-0.6226666768391926,False,True,False,all
2026-09-15,INTU,329.2699890136719,11,2,False,0.021933974784012156,-0.21119976164976395,0.302286006101826,-0.5330033740387297,False,True,False,all
2026-09-15,IVR,6.53000020980835,11,0,False,-0.12737863314205433,-0.19283561653745007,0.0015337774403512139,-0.31263155686227895,False,False,False,all
2026-09-15,LHX,249.66000366210938,11,0,False,-0.09970594707525404,-0.20277860951683235,0.020019648901963727,-0.3416660168514194,False,False,False,all
2026-09-15,LKQ,23.399999618530273,11,0,False,-0.06391764098247243,-0.18256132215381526,0.10533772008501163,-0.3697818759659387,False,True,False,all
2026-09-15,LOW,194.61000061035156,11,0,False,-0.07474497186739482,-0.1728371285309036,0.0026791915208017603,-0.3359380255524581,False,True,False,all
2026-09-15,MP,49.16999816894531,11,1,False,-0.03781430494636728,-0.1441357856295894,0.300449520842361,-0.50953109257396,False,True,False,all
2026-09-15,RCL,249.3000030517578,11,1,False,-0.14422237660508896,-0.1339479775048722,0.07410597370071192,-0.30048544346092043,False,False,False,all
2026-09-15,SFM,73.45999908447266,11,2,False,-0.08205063579889682,-0.06961134608779318,0.13451736037795614,-0.4588980402413487,False,False,False,all
2026-09-15,SGI,65.37000274658203,11,0,False,-0.03946181646159275,-0.16514099509872004,0.08246404052435263,-0.33674914401535294,False,False,False,all
2026-09-15,SHEN,11.630000114440918,11,2,False,-0.059198485220363195,-0.14015857751466798,0.20268873037053248,-0.32968300526021455,True,False,False,all
2026-09-15,WLDN,77.83000183105469,11,0,False,-0.01903198349142876,-0.15679878681989523,0.2034947276127934,-0.4318977968536154,False,True,False,all
2026-09-15,WU,6.849999904632568,11,0,False,-0.0859354319121094,-0.2026400275250022,0.09250397535413524,-0.33816428481523875,True,True,False,all
2026-09-15,CAR,118.52999877929688,11,3,False,-0.1847859857703309,-0.24771993855028496,0.3788971619557344,-0.8601745935207694,False,True,False,all
2026-09-15,LWLG,4.659999847412109,11,3,False,-0.26331101154077396,-0.35410994913817795,0.6408450662841447,-0.7509353246692876,False,True,False,all
2026-09-15,YMM,8.0600004196167,11,0,False,-0.09525623242580294,-0.1285449742632263,0.08115365554690501,-0.4271499222148778,False,True,False,all
2026-09-15,RKT,13.1899995803833,11,0,False,-0.050642052845275565,-0.17735258610902982,0.08381261279334096,-0.45853861864115353,False,True,False,all
2026-09-15,CRWV,80.91999816894531,11,2,False,-0.052931467588348546,-0.12021366092961816,0.336416171569776,-0.4718015680099281,True,True,False,all
2026-09-15,PAC,202.77999877929688,11,0,False,-0.057689239328294506,-0.1693946686899741,0.026110736714923588,-0.32498919374410484,False,True,False,all
2026-09-15,CRI,29.149999618530273,11,2,False,-0.20479470642917408,-0.19999671665102647,0.0736648260810644,-0.3440593942545541,False,False,False,all
2026-09-15,BMI,126.11000061035156,11,0,False,-0.0667408620598493,-0.13614766870795114,0.12507810447417822,-0.3818137224982766,False,True,False,all
2026-09-15,CLM,6.369999885559082,11,0,False,-0.10666705841149116,-0.16388290719024345,0.014331158080244544,-0.25322390563073705,False,True,False,all
2026-09-15,TBBK,50.029998779296875,11,0,False,-0.23928878801052222,-0.18710087198173053,0.03346413833899997,-0.3872627330761298,False,False,False,all
2026-09-15,MTZ,222.6999969482422,11,2,False,-0.23119943398653509,-0.27118473993271675,0.22134474838729967,-0.4955032493412619,False,True,False,all
2026-09-15,CCI,73.25,11,0,False,-0.03706099546509922,-0.1312036636542271,0.050631077416686265,-0.2711442786069652,False,True,False,all
2026-09-15,MEC,17.139999389648438,11,4,False,-0.31615068221539333,-0.2578866063599926,0.39918362364477034,-0.5577915342652047,False,True,False,all
2026-09-15,PFLT,7.019999980926514,11,0,False,-0.030065216652408577,-0.15312000610346965,0.027818456711982353,-0.3035714251924805,False,True,False,all
2026-09-15,THO,71.31999969482422,11,0,False,-0.06700260975640171,-0.18719525087761357,0.02309569117051069,-0.4193601023232043,False,False,False,all
2026-09-15,UEC,10.180000305175781,11,0,False,-0.06046955285781963,-0.23139935223957275,0.14253652968720765,-0.4995083466663316,False,True,False,all
2026-09-15,PDI,14.25,11,0,False,-0.09576628369059126,-0.16632539691924453,0.006355943047862356,-0.2860721115420589,False,False,False,all
2026-09-15,FTAI,176.44000244140625,11,2,False,-0.14802548917743363,-0.25001725711343925,0.18020068522679766,-0.45460728535344963,False,True,False,all
2026-09-15,AAPD,10.510000228881836,10,0,False,-0.03949491971120933,-0.15831081970334604,0.03648913935222198,-0.31352057865293226,False,False,False,all
2026-09-15,ALOY,8.46500015258789,10,3,False,-0.1952044850122222,-0.24777786461347628,0.42989865599582444,-0.6853159749951554,False,True,False,all
2026-09-15,AMTM,20.139999389648438,10,0,False,-0.05367818263150004,-0.2315441067578614,0.04841230346166414,-0.47152980668864264,False,True,False,all
2026-09-15,BBWI,16.719999313354492,10,0,False,-0.1427136134188718,-0.16630935779282263,0.17086832114916417,-0.390670590818605,False,False,False,all
2026-09-15,EVLV,5.110000133514404,10,0,False,-0.07484518331882495,-0.15023466368175598,0.05144032780493313,-0.41997731099577773,False,False,False,all
2026-09-15,FAZ,33.310001373291016,10,2,False,0.021672627172575565,-0.1803641382827028,0.09825260326676699,-0.4090828099262255,False,False,False,all
2026-09-15,GDXU,134.27000427246094,10,2,False,0.11153426389719079,-0.35870506695120496,1.0833205683514469,-0.7517104978025178,False,False,False,all
2026-09-15,IBP,199.63999938964844,10,0,False,-0.13797198043054337,-0.2323867900194707,0.033814917708341774,-0.42796561779470366,False,False,False,all
2026-09-15,MIR,15.670000076293945,10,0,False,-0.00653014834337684,-0.20761939204814184,0.11055991903433271,-0.48244542539978286,False,True,False,all
2026-09-15,MMS,58.18000030517578,10,0,False,-0.00035050665818592286,-0.1663902483686036,0.10335673829418579,-0.41819999694824217,True,True,False,all
2026-09-15,NVMI,335.0799865722656,10,2,False,-0.16427318717585837,-0.23841588936582336,0.25766616290841005,-0.4560301435340326,False,False,False,all
2026-09-15,NXT,79.79000091552734,10,1,False,-0.16301268448743078,-0.26322130992593396,0.21353613559737394,-0.510880901567765,False,True,False,all
2026-09-15,PAX,10.239999771118164,10,0,False,-0.08146608969322233,-0.20095668603378514,0.0014669329182246393,-0.42471908932456925,False,False,False,all
2026-09-15,PCG,13.149999618530273,10,1,False,-0.213761297028083,-0.21292834798525373,0.04447970287174896,-0.31367433594701155,False,False,False,all
2026-09-15,PMT,8.979999542236328,10,0,False,-0.06325632315700436,-0.20320496681054245,0.0011147463667613433,-0.3497466133686352,False,False,False,all
2026-09-15,POST,77.16999816894531,10,0,False,-0.08965223054970506,-0.19424351226256675,0.023474756064280733,-0.34200205514865745,True,True,False,all
2026-09-15,RBA,86.11000061035156,10,0,False,-0.10949921559610509,-0.16463143086925525,0.07974922395425166,-0.27989630965209633,True,True,False,all
2026-09-15,RH,124.83000183105469,10,0,False,-0.24411055790166725,-0.23050296691544458,0.1743179515270057,-0.4975446763630771,False,False,False,all
2026-09-15,ROAD,95.04000091552734,10,1,False,-0.10556396223934339,-0.17049351090160403,0.017341070202681275,-0.37059602042697126,False,True,False,all
2026-09-15,SHNY,8.979999542236328,10,0,False,-0.023976747370739737,-0.31040886480204477,0.19573891725078685,-0.6671115214223549,False,False,False,all
2026-09-15,SLVM,34.88999938964844,10,0,False,-0.06839762336565047,-0.18254791670697812,0.018686113566377838,-0.38573943911457653,False,True,False,all
2026-09-15,TJX,124.5999984741211,10,0,False,-0.15187208735165092,-0.19114414284595327,0.006136968335793913,-0.26705883250517004,False,False,False,all
2026-09-15,USAR,15.399999618530273,10,3,False,-0.10406257933080065,-0.20344898366611808,0.3449781550274671,-0.6498408417730692,False,False,False,all
2026-09-15,COIN,172.11000061035156,10,1,False,0.03910578665666398,-0.09675163857383517,0.23722234099066197,-0.5720360079493221,False,False,False,all
2026-09-15,COUR,5.28000020980835,10,0,False,-0.07917680576252129,-0.13946946904702973,0.056000041961669966,-0.5714285437826316,False,True,False,all
2026-09-15,LMND,49.7400016784668,10,0,False,-0.12166693133556783,-0.2201726368874597,0.07755636574715874,-0.5021020929055567,True,True,False,all
2026-09-15,IE,9.289999961853027,10,0,False,-0.0695298610661711,-0.2932862231829493,0.1826861794137593,-0.568909499269189,False,False,False,all
2026-09-15,TZA,44.279998779296875,10,1,False,0.1088795220489116,-0.1801829626685918,0.21882732032913288,-0.5358490768232833,False,True,False,all
2026-09-15,CRNC,8.029999732971191,10,1,False,-0.08491075288783279,-0.1557743799321355,0.37264954938072714,-0.41548989794546287,False,True,False,all
2026-09-15,SPXU,36.08000183105469,10,1,False,0.01281178277526629,-0.17547349549653446,0.09932974303910735,-0.425934722243297,True,True,False,all
2026-09-15,CORZ,16.040000915527344,10,1,False,-0.19878114291493143,-0.18822208883462632,0.2010484062391369,-0.473407701981714,True,True,False,all
2026-09-15,CIM,10.859999656677246,10,2,False,-0.10109757720590962,-0.15707119778743184,0.0,-0.24109019299608536,False,False,False,all
2026-09-15,TSL,13.332200050354004,10,1,False,0.005088391980291984,-0.15730862582090221,0.2425163671139663,-0.3743688228776584,True,False,False,all
2026-09-15,SPXS,25.760000228881836,10,1,False,0.013271667120692276,-0.17360541264184504,0.10085472858224742,-0.4253848053372744,True,False,False,all
2026-09-15,TSCO,33.029998779296875,10,0,False,-0.00023612978161291487,-0.20017631412068815,0.16466847914103133,-0.45727902648625895,True,True,False,all
2026-09-15,WSO,302.6600036621094,10,1,False,-0.09563455840036217,-0.19100487183845594,0.02336434036216195,-0.34061001380804057,True,True,False,all
2026-09-15,CG,41.41999816894531,10,0,False,-0.1119972982613624,-0.18232063272683885,0.045959590024065244,-0.4070150454721754,False,True,False,all
2026-09-15,PINS,18.760000228881836,10,1,False,-0.16961020253597825,-0.13720745789749622,0.3554913310729966,-0.49365720336867114,False,False,False,all
2026-09-15,OXM,29.65999984741211,10,1,False,-0.19388593582894365,-0.2311281687105654,0.051773015779183584,-0.4017749344084449,False,False,False,all
2026-09-15,ACI,12.84000015258789,9,1,False,0.009799152472034223,-0.1845314945004437,0.1823204934167051,-0.3579999923706054,True,False,False,all
2026-09-15,AMRC,22.350000381469727,9,0,False,-0.055064164075979916,-0.20752126640312285,0.21599572372001896,-0.502559531946073,True,False,False,all
2026-09-15,ASR,248.3300018310547,9,0,False,-0.07318663114950108,-0.19943015144255527,0.004896433869276295,-0.34910356211465576,False,True,False,all
2026-09-15,BEPC,29.049999237060547,9,0,False,-0.1276381256025244,-0.23558266110939685,0.0008613133112433946,-0.357016400158532,False,False,False,all
2026-09-15,BITU,12.770000457763672,9,2,False,0.16457223857672698,-0.1552137300100609,0.612373779640065,-0.8017080721243136,False,False,False,all
2026-09-15,BKE,39.650001525878906,9,0,False,-0.084671854594362,-0.19610885224949726,0.0053246173043146605,-0.35727018303559754,False,False,False,all
2026-09-15,BKKT,7.710000038146973,9,0,False,-0.011766509708573403,-0.22295066780854955,0.1490312957250235,-0.8451496305206422,False,True,False,all
2026-09-15,DKNG,24.639999389648438,9,1,False,0.0015730592503859775,-0.07318424094582199,0.20430109932644291,-0.44278609883637077,False,True,False,all
2026-09-15,GDXY,10.760000228881836,9,1,False,0.011259202495060627,-0.20996209636496999,0.16073351645525347,-0.43038641733476035,False,False,False,all
2026-09-15,HE,10.210000038146973,9,1,False,-0.16290890942358993,-0.2546057801436331,0.003933132896062341,-0.41254312248789393,False,False,False,all
2026-09-15,HWKN,121.48999786376953,9,1,False,-0.06824249290322315,-0.16347264125464323,0.04687630046494262,-0.34735427425622933,False,False,False,all
2026-09-15,IDR,28.790000915527344,9,0,False,-0.07055873323637285,-0.22458277432533835,0.10645658758769083,-0.47367457926923373,False,True,False,all
2026-09-15,KEP,11.4399995803833,9,0,False,-0.03508775810610898,-0.25016061366703823,0.025089582150497947,-0.5113199634792842,False,True,False,all
2026-09-15,KWEB,24.479999542236328,9,0,False,-0.08332461587618367,-0.18350195224909882,0.05380972985932586,-0.4354894824230562,False,True,False,all
2026-09-15,LEN.B,78.56999969482422,9,0,False,-0.05266584731947577,-0.15446713438735504,0.04495274828660789,-0.40835844962893453,False,False,False,all
2026-09-15,LPX,64.75,9,0,False,-0.10452757242109967,-0.16830597118170598,0.002477220485852749,-0.35469401671137046,False,True,False,all
2026-09-15,MBLY,7.920000076293945,9,0,False,-0.08726316594666461,-0.13507845331331514,0.22411133433117847,-0.49905124186669947,False,True,False,all
2026-09-15,MSTR,129.60000610351562,9,2,False,0.19700090114438829,-0.058152154329353944,0.5841585377226521,-0.6451356503496515,False,False,False,all
2026-09-15,ORA,91.19999694824219,9,0,False,-0.12942544580061377,-0.2078296569221083,0.0047372515266985715,-0.37700664438495013,False,False,False,all
2026-09-15,PDD,78.08000183105469,9,0,False,-0.08653359848479836,-0.19463888362505577,0.08534889048202832,-0.439925401477654,False,False,False,all
2026-09-15,RBLX,50.2400016784668,9,2,False,0.13152647905723946,-0.14131177844684306,0.4828807583996242,-0.6461971712784028,False,True,False,all
2026-09-15,SHAK,58.27000045776367,9,0,False,-0.11244134801254313,-0.25847544796491473,0.12926360815665094,-0.45775171269117065,False,True,False,all
2026-09-15,SRTY,24.950000762939453,9,1,False,0.10877065310051837,-0.18298911999168643,0.2182617832331757,-0.5427890617102957,False,True,False,all
2026-09-15,WLK,70.0199966430664,9,2,False,-0.0736992931979763,-0.20820163001813008,0.24303203207894164,-0.43636806929895,False,True,False,all
2026-09-15,WYFI,16.81999969482422,9,3,False,-0.31661020134267837,-0.2202503265913509,0.600380526025327,-0.6411350527387809,False,True,False,all
2026-09-15,WYNN,86.70999908447266,9,0,False,-0.10569525639863864,-0.18317247529292258,0.0015014697466930738,-0.35636877747335205,False,False,False,all
2026-09-15,CRH,87.69000244140625,9,0,False,-0.10010218589524289,-0.20863398018212576,0.009788186772927698,-0.33340934696212077,False,False,False,all
2026-09-15,RUSHA,49.27000045776367,9,2,False,-0.2884883438661522,-0.26476659031295025,0.07882641631604637,-0.40994011427827937,False,False,False,all
2026-09-15,YMAX,7.389999866485596,9,0,False,-0.02888382346549212,-0.13743297441366042,0.01931032641180641,-0.4380228075389444,False,True,False,all
2026-09-15,REAX,19.270000457763672,9,0,False,-0.07684640154050604,-0.2510986073019106,0.243225835984753,-0.632952372233073,False,False,False,all
2026-09-15,CDNS,273.9599914550781,9,1,False,-0.17113585108958707,-0.16093415352215068,0.042664096879460045,-0.34253284252097793,False,False,False,all
2026-09-15,LASR,37.91999816894531,9,3,False,-0.32503634598305686,-0.3415323765927162,0.3930932816130255,-0.5638872972989573,True,False,False,all
2026-09-15,ZSL,25.040000915527344,9,1,False,-0.07288786127867797,-0.18483344803432722,0.7388889985320037,-0.8730223057655552,False,False,False,all
2026-09-15,BWXT,146.6999969482422,9,1,False,-0.11734446835885437,-0.23629589912897275,0.014172161342950629,-0.3933504569307409,False,False,False,all
2026-09-15,BRSL,10.579999923706055,9,0,False,-0.03914267777482772,-0.16549339303088406,0.06868690215936923,-0.4302638611967837,False,False,False,all
2026-09-15,CYD,33.75,9,2,False,-0.21691191836346402,-0.23465135704326745,0.17801048688919163,-0.4510409848520902,False,True,False,all
2026-09-15,CIGI,90.66000366210938,9,0,False,-0.09552548125818672,-0.20003596859495842,0.025797765100102676,-0.47140104620261125,False,False,False,all
2026-09-15,VVV,28.260000228881836,9,3,False,-0.20072855741928408,-0.17820886383958867,0.0012400300066988112,-0.3162352050115872,False,False,False,all
2026-09-15,WSC,18.059999465942383,9,3,False,-0.22906833309032615,-0.1930421347531226,0.21126758221107633,-0.39334903633726537,False,False,False,all
2026-09-15,AAON,74.31999969482422,8,1,False,-0.18041284023739845,-0.24250377686724878,0.015439229617769223,-0.506048143170962,True,True,False,all
2026-09-15,AAP,43.470001220703125,8,1,False,-0.15351269715429072,-0.16586391328431793,0.1472684592488842,-0.3333844221590567,False,True,False,all
2026-09-15,AEO,14.8100004196167,8,0,False,-0.12209982393708452,-0.24738666850382363,0.05334281490871007,-0.47962048854397854,False,False,False,all
2026-09-15,AGQ,75.12000274658203,8,2,False,0.010715344409413685,-0.3988702192194056,0.3030355725638776,-0.8258975072796381,False,False,False,all
2026-09-15,AMPG,3.3299999237060547,8,4,False,-0.31137168988144215,-0.14192951777226093,1.0304877760685458,-0.6706231417617582,True,True,False,all
2026-09-15,APLD,23.420000076293945,8,1,False,-0.16532127213561776,-0.27490688466155355,0.25576410484342804,-0.5382947110734291,False,True,False,all
2026-09-15,AVAV,156.99000549316406,8,0,False,-0.0012773926510337708,-0.247483978019706,0.16116870589326715,-0.6242999784698646,False,False,False,all
2026-09-15,BBUC,25.610000610351562,8,0,False,-0.12317940341090594,-0.2194405147536197,0.008267755707684454,-0.33045750038296573,False,False,False,all
2026-09-15,BL,29.139999389648438,8,0,False,-0.04480314715750122,-0.2206587130293466,0.1797570238690389,-0.5108276055240557,False,True,False,all
2026-09-15,DY,282.3399963378906,8,2,False,-0.254650196548842,-0.28225472697246934,0.12566776211328312,-0.5015799407911438,False,False,False,all
2026-09-15,FMC,11.25,8,1,False,0.008679128931188052,-0.16478588588062892,0.13065328800552778,-0.7091520188407383,False,True,False,all
2026-09-15,FWRG,10.489999771118164,8,0,False,-0.1509647934937799,-0.2134707363669237,0.05215641827102191,-0.4427030868283912,False,False,False,all
2026-09-15,GIL,45.88999938964844,8,0,False,-0.14011820985416223,-0.22078298162269228,0.0028409325367928506,-0.37734055237646846,False,True,False,all
2026-09-15,GPI,275.45001220703125,8,0,False,-0.04472268224044018,-0.1735331017842504,0.10383112774708203,-0.4145340805668455,False,False,False,all
2026-09-15,HDB,22.579999923706055,8,0,False,-0.05263776474623383,-0.19099706899307767,0.037207140510349346,-0.3970627646541669,False,False,False,all
2026-09-15,HSAI,16.489999771118164,8,0,False,-0.035379190611694145,-0.21813417772836996,0.15395380091938482,-0.4654781339638816,False,True,False,all
2026-09-15,INTR,5.440000057220459,8,0,False,-0.01370656637757739,-0.24566760669719767,0.0793650988878909,-0.47490345197895256,False,True,False,all
2026-09-15,LEN,80.06999969482422,8,0,False,-0.05281163691043589,-0.17566466008509063,0.044891068311408766,-0.42577453892063544,False,False,False,all
2026-09-15,MATW,20.100000381469727,8,0,False,-0.17133219974114633,-0.22411196217582285,0.02655773543359885,-0.3501454838942817,True,False,False,all
2026-09-15,PSN,46.650001525878906,8,0,False,-0.06993525218030816,-0.19260761733667875,0.28654174531981536,-0.4787709326717441,True,True,False,all
2026-09-15,SLVO,68.5999984741211,8,1,False,0.024085393091767715,-0.1966074996329772,0.12440584103260055,-0.3613257970838255,True,True,False,all
2026-09-15,SQQQ,40.619998931884766,8,1,False,0.017815505124340048,-0.26627116188621414,0.13717798274714577,-0.5522486950472514,True,True,False,all
2026-09-15,TLN,282.1499938964844,8,0,False,-0.166542127899574,-0.2073185885736396,0.008507005669919021,-0.37477841991735883,False,False,False,all
2026-09-15,TPB,70.0199966430664,8,0,False,-0.13880686545479992,-0.25416142414767773,0.06413363823082463,-0.5233492202020974,False,True,False,all
2026-09-15,ULS,64.76000213623047,8,1,False,-0.19280653023814698,-0.23330911559738654,0.0,-0.39780545299511905,False,True,False,all
2026-09-15,BURL,227.27999877929688,8,3,False,-0.2959805799788777,-0.2695161742741903,0.0018954933401458263,-0.39925460088825493,False,False,False,all
2026-09-15,LVS,41.27000045776367,8,0,False,-0.09554323818244082,-0.22931046930425802,0.0002399203852632148,-0.41419443228530317,False,False,False,all
2026-09-15,PTLO,3.859999895095825,8,0,False,-0.15661600058983272,-0.22048550188059257,0.022516502670477445,-0.4348462755177698,False,False,False,all
2026-09-15,NXRT,22.040000915527344,8,0,False,-0.1221081802473385,-0.20303595357663395,0.001363047993345301,-0.34189310806459305,False,False,False,all
2026-09-15,RMBS,83.11000061035156,8,1,False,-0.12412897000658751,-0.22925474273371416,0.06701760510472998,-0.5226306852572057,False,True,False,all
2026-09-15,UUUU,11.859999656677246,8,0,False,-0.11662622284324164,-0.31673370843682425,0.1094480937530582,-0.5749104007585641,False,True,False,all
2026-09-15,DFEN,52.439998626708984,8,1,False,-0.28127563447549686,-0.2791693337453911,0.020829272280947775,-0.4635294258137188,False,False,False,all
2026-09-15,KC,9.520000457763672,8,1,False,-0.10764496331011508,-0.2342033962962662,0.14011976321467046,-0.4859611110985236,False,True,False,all
2026-09-15,CHTR,141.1999969482422,8,0,False,-0.016651490428412408,-0.217539979620205,0.2658000276586918,-0.5059828097055762,False,True,False,all
2026-09-15,CCL,22.110000610351562,8,0,False,-0.153865561202031,-0.20166525405751268,0.008207948138208687,-0.35027912420018026,False,False,False,all
2026-09-15,BRSP,4.429999828338623,8,0,False,-0.11186851232474448,-0.2044179332584235,0.009111608899671664,-0.28142743621249133,False,False,False,all
2026-09-15,GPK,9.65999984741211,8,0,False,-0.11960921346111275,-0.1792414482214607,0.09897609662511031,-0.5346820934051401,False,False,False,all
2026-09-15,TMF,29.15999984741211,8,0,False,-0.0724187767057537,-0.18070441124066916,0.008996547830925516,-0.3408680212233054,False,False,False,all
2026-09-15,PWP,13.40999984741211,8,0,False,-0.171925755779745,-0.2594852630042911,0.01667932327731103,-0.48273865990159337,False,False,False,all
2026-09-15,ACM,64.16000366210938,7,0,False,-0.054300995122286255,-0.2228926439607034,0.06313181912708843,-0.5265643326492475,False,True,False,all
2026-09-15,AEVA,14.1899995803833,7,4,False,-0.22481046030367346,-0.17681390604879077,0.6070214839172492,-0.5466453697678775,False,True,False,all
2026-09-15,ALMS,8.399999618530273,7,3,False,-0.638314561471939,-0.62289352304815,1.2340424574031283,-0.7320574316963862,False,False,False,all
2026-09-15,BIDU,90.38999938964844,7,0,False,-0.12251919954326784,-0.2591305515915582,0.008816974653805598,-0.4531760573449837,False,True,False,all
2026-09-15,BOOT,128.3699951171875,7,0,False,-0.17390423424070744,-0.24536490400529243,0.012381640596560883,-0.38944116472205703,False,True,False,all
2026-09-15,ENOV,17.940000534057617,7,0,False,-0.2843865201726583,-0.26599947234864807,0.036395210141673795,-0.476662742914322,False,False,False,all
2026-09-15,ETOR,28.65999984741211,7,1,False,-0.1501979238638318,-0.17378006209085373,0.1584478622699994,-0.380726002520272,False,True,False,all
2026-09-15,FIS,37.34000015258789,7,0,False,-0.10455205398676226,-0.23540245997405784,0.0014751322355066598,-0.45993635403215827,False,False,False,all
2026-09-15,GLXY,22.290000915527344,7,1,False,-0.031909169689960715,-0.11045303826879804,0.35666466838138433,-0.5145905530414071,False,True,False,all
2026-09-15,GOF,8.630000114440918,7,0,False,-0.15057381535735748,-0.23762239760092807,0.011723374513505913,-0.42885504232111327,False,False,False,all
2026-09-15,GPGI,12.369999885559082,7,0,False,-0.10982859622704089,-0.2785173813347991,0.10249550723360246,-0.5380881415836677,False,False,False,all
2026-09-15,IONQ,37.04999923706055,7,1,False,-0.06513052043917644,-0.15766644622631976,0.43105446545024617,-0.5622637109613235,False,True,False,all
2026-09-15,IPGP,75.13999938964844,7,1,False,-0.13518267225896274,-0.25935710337586615,0.0825528803518425,-0.5177769486732042,True,True,False,all
2026-09-15,LIF,42.18000030517578,7,0,False,-0.16123964218495457,-0.17846558671543022,0.13969203507460204,-0.6251999292515011,True,True,False,all
2026-09-15,MNRO,12.520000457763672,7,0,False,-0.10078139524971963,-0.2702240071010098,0.13200723171379147,-0.47636969729555356,True,True,False,all
2026-09-15,OLED,77.88999938964844,7,0,False,-0.0652444812006695,-0.21081095269507066,0.027979448865080858,-0.49217631431711695,False,False,False,all
2026-09-15,POOL,166.86000061035156,7,0,False,-0.13407916875479664,-0.21893120306844827,0.009010132050304431,-0.5036144470026818,False,False,False,all
2026-09-15,PSIX,39.25,7,2,False,0.10691844674028683,-0.2943991485264711,0.5526107173222636,-0.6720969005791073,True,True,False,all
2026-09-15,QBTS,16.40999984741211,7,0,False,-0.11593578954899209,-0.23172359353782201,0.2870588115617341,-0.6489839604831634,False,True,False,all
2026-09-15,VIPS,12.09000015258789,7,0,False,-0.1445794948421134,-0.22980874947520435,0.0058236016770703,-0.4264705789210288,False,False,False,all
2026-09-15,CSIQ,12.239999771118164,7,0,False,-0.15412365995995347,-0.302852109619838,0.10669071489441762,-0.6461405112135447,False,True,False,all
2026-09-15,VFC,12.710000038146973,7,0,False,-0.1516486429265409,-0.2739424747042226,0.02006420539603626,-0.42927706435156054,True,True,False,all
2026-09-15,HUN,9.220000267028809,7,2,False,-0.12913704853145636,-0.23157699484381677,0.26301370220932374,-0.4269732641645825,True,True,False,all
2026-09-15,RTO,22.170000076293945,7,0,False,-0.13847373161030563,-0.2559104253624276,0.0020339017533985704,-0.36054221957957566,True,False,False,all
2026-09-15,TGLS,36.15999984741211,7,0,False,-0.1474352359639468,-0.20656427873421535,0.0058414208627539654,-0.49693932625056325,False,False,False,all
2026-09-15,FICO,985.9600219726562,7,0,False,-0.1337554859004637,-0.23043334532977977,0.13327434271505378,-0.5065289877660255,False,False,False,all
2026-09-15,MZTI,101.33999633789062,7,0,False,-0.08249574941204652,-0.24955932768070865,0.03397606498397554,-0.4500162848201378,False,False,False,all
2026-09-15,PLNT,50.810001373291016,7,1,False,-0.030002877656204574,-0.2948715985208886,0.3721307871524535,-0.5553124415951698,True,True,False,all
2026-09-15,FND,46.11000061035156,7,0,False,-0.15646471655430472,-0.19951806742160083,0.08137901665977809,-0.5010010148857618,False,False,False,all
2026-09-15,WRD,5.590000152587891,7,0,False,-0.05017583861353936,-0.2244943074877015,0.07915064436995678,-0.5545816679178417,False,True,False,all
2026-09-15,AS,26.6200008392334,7,0,False,-0.19289795758549821,-0.24598844709782552,0.0030143150318902023,-0.3774555218860235,False,False,False,all
2026-09-15,CELH,27.6299991607666,7,0,False,-0.07290593042540183,-0.2608366701193514,0.17275041541098868,-0.5860053933899536,False,True,False,all
2026-09-15,UPWK,8.614999771118164,7,0,False,-0.03724731565717654,-0.31457124668896486,0.1579300678576443,-0.622810870684603,False,True,False,all
2026-09-15,COO,53.27000045776367,7,0,False,-0.24889737975859594,-0.26918224447999317,0.044305081564302684,-0.40699098995957095,False,False,False,all
2026-09-15,ZG,33.18000030517578,7,0,False,-0.029955022860385982,-0.27177752999111127,0.14295554668861477,-0.6322323225865591,False,True,False,all
2026-09-15,CALX,35.5,7,0,False,-0.06271121917602651,-0.22142805465171622,0.04565535205385207,-0.5015445185125831,False,True,False,all
2026-09-15,FN,374.9100036621094,7,1,False,-0.19819513370858755,-0.3004268362309567,0.07729660969982088,-0.4993790859421341,False,True,False,all
2026-09-15,CLBT,11.25,7,0,False,-0.1716124445146352,-0.22503581792933114,0.17432151248367656,-0.4369369240365455,True,True,False,all
2026-09-15,MYGN,3.880000114440918,7,1,False,-0.06216762148105759,-0.21647816797268904,0.41605843099866147,-0.5483119853878002,True,False,False,all
2026-09-15,ADMA,8.609999656677246,6,0,False,-0.0650552581209296,-0.30592645698251364,0.19417470334578302,-0.579137766173865,False,True,False,all
2026-09-15,AMSC,27.700000762939453,6,1,False,-0.11464257041995451,-0.22569569877718365,0.11379171002043642,-0.6070364363399037,True,True,False,all
2026-09-15,AMSF,24.799999237060547,6,0,False,-0.14338022566597797,-0.25374371554320974,0.02861877267695867,-0.44888890584309893,True,False,False,all
2026-09-15,BGS,3.1600000858306885,6,0,False,-0.10719328549476737,-0.2837552797770351,0.01935489775611199,-0.5047021897886594,False,True,False,all
2026-09-15,BILI,15.460000038146973,6,0,False,-0.10778695285322737,-0.3185066641105171,0.01978893098643897,-0.5752747420311082,False,False,False,all
2026-09-15,BIOA,8.180000305175781,6,3,False,-0.43863403207925167,-0.5168083186885983,0.7478633771829948,-0.6848391319891871,True,True,False,all
2026-09-15,EBS,6.360000133514404,6,1,False,-0.009592603864201021,-0.28642351945749833,0.4587155822832254,-0.5476529200780927,False,False,False,all
2026-09-15,ESRT,4.230000019073486,6,0,False,-0.14731494030810588,-0.25211502470992475,0.024213051298209276,-0.4738805921463496,False,False,False,all
2026-09-15,EYE,15.850000381469727,6,0,False,-0.18604410298438268,-0.3157300960096332,0.07457629704879509,-0.4720186495743156,False,False,False,all
2026-09-15,FLUT,99.91000366210938,6,0,False,-0.02043445921389886,-0.2248681175469106,0.11369975121761167,-0.6524144071336219,False,True,False,all
2026-09-15,GILT,9.640000343322754,6,0,False,-0.11501171837123303,-0.3367185212941709,0.028815417402490384,-0.5394170949467747,False,True,False,all
2026-09-15,GT,5.25,6,0,False,-0.1869540968867709,-0.2836040862400604,0.013513547100604484,-0.5056497121870149,False,False,False,all
2026-09-15,JBI,4.449999809265137,6,0,False,-0.13191062212460325,-0.22545388400023902,0.044600838069243975,-0.587962987900434,False,False,False,all
2026-09-15,KNF,56.560001373291016,6,1,False,-0.1919237943202211,-0.27381042614968865,0.023339983803928765,-0.41254671696720946,False,False,False,all
2026-09-15,NAMS,21.15999984741211,6,0,False,-0.25124910230854236,-0.34033474785714024,0.003795062808140237,-0.4986376275467317,False,False,False,all
2026-09-15,ORCL,140.35000610351562,6,0,False,-0.002497446328250663,-0.16000155480449396,0.2257642454455513,-0.5740515747996491,False,False,False,all
2026-09-15,PHAT,8.15999984741211,6,0,False,-0.16509782902505066,-0.31344917286409446,0.01115243568665969,-0.5543418850126041,True,True,False,all
2026-09-15,QUBT,7.840000152587891,6,0,False,-0.05711431938400624,-0.16707390681385348,0.26860847416811784,-0.6965944231311194,False,True,False,all
2026-09-15,RGTI,15.09000015258789,6,0,False,-0.058728125973331324,-0.20575602522889502,0.20430969466666182,-0.7404987144175348,False,True,False,all
2026-09-15,SHOE,13.270000457763672,6,1,False,-0.09791708813419608,-0.22579438057880197,0.30098046136333356,-0.4493775830822453,False,False,False,all
2026-09-15,TIGR,4.710000038146973,6,0,False,-0.03008586664663726,-0.29241828256367564,0.17750000953674316,-0.5922077956392396,False,True,False,all
2026-09-15,TROX,4.380000114440918,6,3,False,-0.23410503714688025,-0.3534482575444755,0.5314686276567728,-0.5864022614418403,False,True,False,all
2026-09-15,TTAN,58.599998474121094,6,0,False,-0.28922055002113234,-0.24504870978608717,0.08921931793920979,-0.5100334513231546,False,False,False,all
2026-09-15,WB,6.610000133514404,6,0,False,-0.1146293552572335,-0.24798769748576288,0.004544015096231924,-0.4899691270016766,False,False,False,all
2026-09-15,DFH,12.539999961853027,6,0,False,-0.13990590179699036,-0.2216377286384783,0.06632650661481798,-0.5867523399041794,False,False,False,all
2026-09-15,CRML,6.349999904632568,6,0,False,-0.07109422290369538,-0.3436862199036602,0.2414467622242782,-0.8024883482658256,False,True,False,all
2026-09-15,NRG,105.98999786376953,6,0,False,-0.1432645513058025,-0.2696721490564533,0.007892679467062624,-0.44204046053009427,False,True,False,all
2026-09-15,AMRZ,39.400001525878906,6,0,False,-0.15860145071829002,-0.260605540981546,0.010126918265529028,-0.40248710847577795,False,False,False,all
2026-09-15,Z,32.52000045776367,6,0,False,-0.03758222086965457,-0.2881245620412981,0.11255562665245367,-0.6536003258502472,False,True,False,all
2026-09-15,ZTS,73.43000030517578,6,0,False,-0.027355370178831273,-0.2773893095649228,0.0342253564109265,-0.5096494136549197,False,True,False,all
2026-09-15,SITE,87.5999984741211,6,0,False,-0.11759196449648246,-0.28500215458207,0.016241317580550696,-0.48030375093194844,False,False,False,all
2026-09-15,YINN,26.56999969482422,6,0,False,-0.07553027029987924,-0.2424382915639507,0.2841952155142573,-0.5395945223299597,False,False,False,all
2026-09-15,STNE,9.670000076293945,6,0,False,-0.07195914865532893,-0.2534576746869581,0.06497799091908796,-0.5152882352637486,False,True,False,all
2026-09-15,OLLI,73.4000015258789,6,1,False,0.013438440948318808,-0.19963818385028875,0.21744900333838202,-0.4727390418366578,True,False,False,all
2026-09-15,MPT,3.5399999618530273,6,0,False,-0.18191903587405867,-0.2791472049261958,0.008547000419168338,-0.45285933900344566,False,False,False,all
2026-09-15,WD,40.11000061035156,6,0,False,-0.108686459768629,-0.2350806273819488,0.02819795786074586,-0.5543333265516492,True,False,False,all
2026-09-15,DECK,77.51000213623047,6,1,False,-0.1798924802037709,-0.24344798615440522,0.0018742878105713068,-0.36617874269400785,False,False,False,all
2026-09-15,MLCO,4.639999866485596,6,0,False,-0.1368726746948299,-0.2267440153655803,0.0,-0.5313131267398536,False,True,False,all
2026-09-15,PLTD,5.21999979019165,6,1,False,-0.17740611911038728,-0.27702886682697403,0.07851231934374603,-0.46345978609621474,True,True,False,all
2026-09-15,ALNY,238.27000427246094,5,0,False,-0.056760608804133694,-0.24431394561069608,0.20453974628801275,-0.5191806878380844,True,True,False,all
2026-09-15,AMPX,9.15999984741211,5,1,False,-0.12520295953546323,-0.324187248695021,0.18806741920764392,-0.6218782372272402,True,True,False,all
2026-09-15,AVGG,20.65999984741211,5,1,False,-0.2357019720057465,-0.2718405170072895,0.15612752530225382,-0.5821197325792207,False,False,False,all
2026-09-15,AVGX,35.43000030517578,5,0,False,-0.23517131322732854,-0.27403661784622346,0.1488326890362459,-0.5821934076635467,False,False,False,all
2026-09-15,FLY,20.489999771118164,5,2,False,-0.09005321356819063,-0.25862138351109487,0.28062498569488525,-0.6704198106064418,False,True,False,all
2026-09-15,FUBO,10.90999984741211,5,2,False,0.09176421636086363,-0.315766543008525,0.37232705775631736,-0.80737994412115,False,True,False,all
2026-09-15,FULC,3.7799999713897705,5,2,False,0.007892491630302478,-0.4681412407613996,0.33568907183560404,-0.7598475205618608,True,True,False,all
2026-09-15,FVRR,9.079999923706055,5,0,False,-0.07229557107983209,-0.27700962786009853,0.055200512113714684,-0.6757142884390694,True,True,False,all
2026-09-15,JBGS,11.130000114440918,5,0,False,-0.13723604771277154,-0.25858077180306593,0.03342615054558662,-0.5419752895520148,True,False,False,all
2026-09-15,KTOS,47.619998931884766,5,0,False,-0.08232838074443039,-0.32832801392367494,0.10512877148423061,-0.644626873642651,False,False,False,all
2026-09-15,LEU,142.1199951171875,5,0,False,-0.18206296304442582,-0.31675247329694867,0.012394858055657654,-0.6938718468127356,False,False,False,all
2026-09-15,LI,11.760000228881836,5,0,False,-0.055285085737145745,-0.2544882696571735,0.01950588508418627,-0.5660516581792,False,True,False,all
2026-09-15,LII,362.19000244140625,5,0,False,-0.19364749041691198,-0.2689625825015811,0.034178519727546375,-0.3832649541168459,True,True,False,all
2026-09-15,LPL,3.0799999237060547,5,0,False,-0.07004832900105473,-0.25045327525352357,0.11594200519873432,-0.4716981193803963,True,True,False,all
2026-09-15,LULU,98.37000274658203,5,0,False,-0.1550435205944396,-0.34727605053490707,0.028222061558616618,-0.5646959704115342,False,False,False,all
2026-09-15,MBC,6.989999771118164,5,0,False,-0.19241169826585025,-0.27264026562401467,0.05828913715865269,-0.5084388438919005,False,False,False,all
2026-09-15,PATK,70.80000305175781,5,0,False,-0.15540738617100913,-0.3113680869517973,0.008259780987923016,-0.5232323026817656,False,False,False,all
2026-09-15,PFSI,68.05000305175781,5,0,False,-0.12224577716172602,-0.2932843519239411,0.007551112367740975,-0.5756422873986629,False,True,False,all
2026-09-15,RCAT,7.965000152587891,5,3,False,-0.08453534917596262,-0.2773543653621109,0.38041597554891426,-0.5758786016311588,False,True,False,all
2026-09-15,SRAD,13.3100004196167,5,0,False,-0.028892420107847205,-0.19738771511068987,0.15238096968116643,-0.5731237880261573,True,True,False,all
2026-09-15,SSG,13.100000381469727,5,1,False,0.03838047544091405,-0.3709876245546043,0.20073332398598454,-0.6936388939268786,True,True,False,all
2026-09-15,SVC,6.650000095367432,5,0,False,-0.17458976533191328,-0.2480905332908423,0.17699114745501032,-0.5581395341468947,False,True,False,all
2026-09-15,TCOM,39.25,5,0,False,-0.10556804034735567,-0.2634834158586221,0.03180859766958499,-0.5031016449995012,False,False,False,all
2026-09-15,TRIP,9.010000228881836,5,0,False,-0.2341040228129534,-0.24785666392278938,0.07134368517906164,-0.5530753820894285,True,False,False,all
2026-09-15,TU,9.079999923706055,5,0,False,-0.0852307152713595,-0.24986266022674652,0.013392844313413477,-0.43672459981473166,False,True,False,all
2026-09-15,ULTY,25.25,5,0,False,-0.059457203997359764,-0.21280094747562317,0.0015867083292351314,-0.5562390277174958,False,False,False,all
2026-09-15,CSGP,31.559999465942383,5,1,False,0.03700489240333371,-0.2596702181229793,0.21900348435546801,-0.6521164126843055,False,True,False,all
2026-09-15,BROS,41.97999954223633,5,0,False,-0.2513624638455576,-0.2625682304668794,0.0021484877989788043,-0.43288665344529653,False,False,False,all
2026-09-15,BXMT,13.300000190734863,5,0,False,-0.11497357112968432,-0.2641363212137726,0.01449279473938403,-0.3565553874386098,True,True,False,all
2026-09-15,RWT,3.9100000858306885,5,0,False,-0.16352899337107607,-0.2705155679721195,0.2142857301520793,-0.43902436104331977,False,False,False,all
2026-09-15,CAVA,49.9900016784668,5,2,False,-0.23496712724732538,-0.3085672268949108,0.1515780201378405,-0.4939771108898775,False,False,False,all
2026-09-15,GRAB,2.9100000858306885,5,0,False,-0.17559065963948806,-0.2687890827537678,0.006920408373887188,-0.5604229401606812,False,False,False,all
2026-09-15,SOUN,6.150000095367432,5,0,False,-0.08486226448322043,-0.2484418806855383,0.08849557372750527,-0.7225981022010218,False,True,False,all
2026-09-15,OLN,17.139999389648438,5,1,False,-0.1190469105028159,-0.2620784329967133,0.027577882257587172,-0.4372948159940768,True,True,False,all
2026-09-15,BSX,43.869998931884766,5,0,False,-0.06502022434759502,-0.3265414526535213,0.03957341561026517,-0.5847610194199682,False,False,False,all
2026-09-15,PRCT,19.299999237060547,5,0,False,-0.043185583943355144,-0.25017243287870816,0.15811570217665483,-0.5187032426069547,False,True,False,all
2026-09-15,CPNG,14.680000305175781,5,0,False,-0.09832439738337007,-0.2243781805957007,0.01591698954647547,-0.5691856206459136,False,True,False,all
2026-09-15,WINA,301.54998779296875,5,0,False,-0.1351570343451255,-0.24554070244781567,0.03408663262824385,-0.4282003326223348,False,False,False,all
2026-09-15,ALMU,13.130000114440918,5,1,False,-0.1482598625767655,-0.25975204090312176,0.2822266023358688,-0.5869770450988641,False,True,False,all
2026-09-15,ABR,4.519999980926514,4,0,False,-0.10629548197604477,-0.3305290633977912,0.0,-0.6406995223895895,False,False,False,all
2026-09-15,AVL,33.68000030517578,4,0,False,-0.23339902905482113,-0.2760380123949372,0.1633851266868176,-0.5801022230444624,False,False,False,all
2026-09-15,BIRK,30.010000228881836,4,0,False,-0.2165799987779473,-0.24765754343498436,0.0026729008650301367,-0.4084368125433082,False,True,False,all
2026-09-15,BLDR,60.20000076293945,4,0,False,-0.14001965561739882,-0.32311673914446526,0.035609834109561644,-0.5775438542951618,False,False,False,all
2026-09-15,ERII,7.059999942779541,4,0,False,-0.13501593326654038,-0.347610141963965,0.023930378870117952,-0.6146288176645474,False,False,False,all
2026-09-15,ESAB,67.20999908447266,4,0,False,-0.18901570081468388,-0.33437092174188177,0.0080996089749239,-0.5109154418569842,False,False,False,all
2026-09-15,ETHD,31.3700008392334,4,1,False,-0.3735371710721005,-0.47179791863705867,0.23358240121014262,-0.7062734087748035,False,False,False,all
2026-09-15,FLO,6.139999866485596,4,0,False,-0.16512565458598494,-0.3031754459310947,0.03716212624263604,-0.5560376066263747,False,False,False,all
2026-09-15,FUN,12.729999542236328,4,1,False,-0.23822634469151627,-0.28238028985410324,0.01758587604551587,-0.5348922487430628,False,False,False,all
2026-09-15,GOOS,7.409999847412109,4,0,False,-0.1540130359210582,-0.31739672642020833,0.0006751704877925313,-0.4955752172173471,False,False,False,all
2026-09-15,IIIV,14.770000457763672,4,0,False,-0.20066239452009482,-0.3126907692841141,0.005103828819123413,-0.5652045944360446,True,False,False,all
2026-09-15,IONS,47.25,4,0,False,-0.18471227569318405,-0.35041902958236903,0.011452420971092891,-0.4552686054453332,False,False,False,all
2026-09-15,KLAR,14.109999656677246,4,0,False,-0.18334512741141873,-0.2656893408056319,0.16998334707567953,-0.7028222453093003,True,False,False,all
2026-09-15,LEGN,17.670000076293945,4,1,False,-0.17758870755297296,-0.22720821572257954,0.08805420722474078,-0.5287999979654948,False,True,False,all
2026-09-15,NB,3.559999942779541,4,0,False,-0.1993342927315952,-0.33359229726144046,0.014245000698613897,-0.7170111316081178,False,True,False,all
2026-09-15,NCLH,14.279999732971191,4,0,False,-0.20891687053010266,-0.2770590422143022,0.006342505655342556,-0.46576879994302933,False,False,False,all
2026-09-15,NIO,3.5999999046325684,4,1,False,-0.1983611165941156,-0.3013168426959082,0.01408449379940424,-0.5511222320258562,False,False,False,all
2026-09-15,NKE,36.220001220703125,4,0,False,-0.11385774144161742,-0.2849690247310267,0.0013824455153206294,-0.5294270411033748,False,False,False,all
2026-09-15,NVD,4.21999979019165,4,0,False,-0.04325750843443832,-0.2985226955926228,0.21965310510565805,-0.6085706579689258,False,False,False,all
2026-09-15,NVDQ,9.5,4,0,False,-0.050949054565776364,-0.30752339208319235,0.2156109955780141,-0.5869565217391304,False,False,False,all
2026-09-15,ONON,26.760000228881836,4,0,False,-0.1940972713172463,-0.3165300820313657,0.006015031771336776,-0.4761159109314522,False,False,False,all
2026-09-15,PCT,5.579999923706055,4,0,False,-0.15553068455288221,-0.3149697022872602,0.1318458657201369,-0.639767591597372,False,True,False,all
2026-09-15,PNR,56.58000183105469,4,0,False,-0.12595890057909698,-0.32903214539681214,0.010537598408660198,-0.5034664032790261,False,True,False,all
2026-09-15,PODD,139.24000549316406,4,0,False,-0.08246599541907929,-0.31868467095020936,0.10158230864147821,-0.6076420097572319,False,True,False,all
2026-09-15,PRIM,76.72000122070312,4,0,False,-0.05687281695871316,-0.3732993749101813,0.18030771108774046,-0.6266666607265055,True,False,False,all
2026-09-15,ROL,33.77000045776367,4,0,False,-0.12414021028190658,-0.34449330766368635,0.0005926061559606843,-0.48941637784397973,True,True,False,all
2026-09-15,TSSI,8.15999984741211,4,1,False,-0.15912699173856948,-0.2453528293010221,0.18777292333943718,-0.6251722702880298,True,False,False,all
2026-09-15,VIXY,17.530000686645508,4,0,False,-0.09444056141824098,-0.31209308611595354,0.0643595274731752,-0.5584382783435604,True,False,False,all
2026-09-15,VXX,18.260000228881836,4,0,False,-0.09229643973036128,-0.30786337949860976,0.0485213476274402,-0.5527250486800213,True,False,False,all
2026-09-15,XXI,5.380000114440918,4,1,False,0.021803561073363342,-0.2508737302129104,0.29638553995372496,-0.7900651678049206,False,False,False,all
2026-09-15,CTRI,19.06999969482422,4,2,False,-0.19548087478425313,-0.3255955523137527,0.002101892103807401,-0.5563568820740735,False,True,False,all
2026-09-15,TMC,3.75,4,0,False,-0.09623310333949509,-0.32169359509745143,0.1029411455339222,-0.6696035353335903,False,True,False,all
2026-09-15,STLA,5.110000133514404,4,0,False,-0.0724605936571685,-0.33444908017614783,0.011881176339284538,-0.5818330587682664,False,True,False,all
2026-09-15,UPST,25.280000686645508,4,0,False,-0.13415166329759964,-0.2494546249707329,0.054871709813680836,-0.6458391473889418,False,True,False,all
2026-09-15,UTI,20.549999237060547,4,1,False,-0.346631761765527,-0.38101666387584787,0.05276632966917849,-0.5997273241919793,True,False,False,all
2026-09-15,UAMY,4.659999847412109,4,1,False,-0.15993656525341726,-0.3896649211436528,0.0688072717226933,-0.7635717877286351,False,True,False,all
2026-09-15,CPRI,14.050000190734863,4,0,False,-0.0727051860056972,-0.2813335908715614,0.13306456636812047,-0.5030067222062471,False,False,False,all
2026-09-15,CWH,5.760000228881836,4,0,False,-0.09113856557661937,-0.3088013529855791,0.050136752720775446,-0.6838638613635952,False,True,False,all
2026-09-15,TSLY,22.0,4,0,False,-0.043311881279216036,-0.27112616381383126,0.07816707962173086,-0.5459236397612544,True,False,False,all
2026-09-15,ADTN,7.079999923706055,3,1,False,-0.21575578482019842,-0.37926318866719677,0.011428560529436416,-0.6456456413455152,True,True,False,all
2026-09-15,AGNT,3.880000114440918,3,0,False,-0.09065339294234376,-0.3983796405391642,0.07479230670114068,-0.6826435328228245,False,False,False,all
2026-09-15,ALIT,11.869999885559082,3,0,False,-0.2720738971041671,-0.43393572861344365,0.2390396638925163,-0.8395945961410936,True,True,False,all
2026-09-15,APP,331.4599914550781,3,0,False,-0.10290285477240246,-0.30885810247548096,0.11415123178177522,-0.5554512439921369,True,True,False,all
2026-09-15,APTV,43.75,3,0,False,-0.15021482201489955,-0.33212632574784906,0.004592440102025419,-0.5080400331736676,True,True,False,all
2026-09-15,ARI,6.510000228881836,3,0,False,-0.10667725040915543,-0.33132694896604664,0.012441742251785293,-0.42081847318096377,False,True,False,all
2026-09-15,BABX,16.9419002532959,3,1,False,-0.16143644717286398,-0.4129311319375193,0.33369284119644793,-0.7433045416167288,False,True,False,all
2026-09-15,BBW,25.739999771118164,3,0,False,-0.23561658772145744,-0.3962635941479221,0.002726906685476038,-0.6606460080562786,False,False,False,all
2026-09-15,FLNC,9.300000190734863,3,1,False,-0.2725907353818151,-0.4794960518311362,0.3107823066593285,-0.7224708846147936,False,True,False,all
2026-09-15,FNGD,27.299999237060547,3,0,False,-0.09752307405908844,-0.41089165938842376,0.08118808859645732,-0.6875715255759787,True,True,False,all
2026-09-15,KRMN,37.470001220703125,3,0,False,-0.2331212746479696,-0.4713704699185459,0.1023830353159696,-0.6834769210165592,False,False,False,all
2026-09-15,KRUS,35.47999954223633,3,0,False,-0.2504964400827391,-0.37174796722952874,0.008384202285955933,-0.5684223338114891,False,True,False,all
2026-09-15,METC,10.039999961853027,3,0,False,-0.13307774490394386,-0.3291191686089888,0.17289713430908926,-0.8262975762218433,False,False,False,all
2026-09-15,MLTX,12.199999809265137,3,3,False,-0.28572265938086483,-0.27814923216591847,1.0504202017397906,-0.8055776922826273,False,False,False,all
2026-09-15,NAIL,30.65999984741211,3,0,False,-0.2158607901350833,-0.3606386114171931,0.07805904612048042,-0.6653203837666206,False,False,False,all
2026-09-15,PONY,6.670000076293945,3,0,False,-0.09659767051537138,-0.38127880676592907,0.04791835288977553,-0.732343496955322,False,True,False,all
2026-09-15,QXO,11.4399995803833,3,0,False,-0.18288051963498553,-0.39732856411385087,0.0030688161535792347,-0.5856573948754565,False,True,False,all
2026-09-15,TECS,63.83000183105469,3,0,False,-0.04361920993496193,-0.4898794928357595,0.12694213486733008,-0.734484178653766,True,True,False,all
2026-09-15,TLRY,3.990000009536743,3,0,False,-0.09618085333162285,-0.38316456529494036,0.08719344048786537,-0.8280172466239519,False,True,False,all
2026-09-15,TREE,26.809999465942383,3,0,False,-0.22646802434567814,-0.3762759288505485,0.01977932796905746,-0.6533936652253176,True,True,False,all
2026-09-15,VITL,10.010000228881836,3,0,False,-0.14780948270602778,-0.4344792373004972,0.2591195558540669,-0.795880912683417,True,True,False,all
2026-09-15,VNET,5.960000038146973,3,0,False,-0.15733513737174376,-0.33764898257231757,0.008460269378307572,-0.5883977744085968,False,True,False,all
2026-09-15,BUR,4.179999828338623,3,0,False,-0.019009665514905127,-0.3382778087204449,0.16434538392066544,-0.6809160529299423,False,False,False,all
2026-09-15,CWEB,18.440000534057617,3,0,False,-0.1708036309809895,-0.3841344297402023,0.07899358510335053,-0.698889614163066,False,False,False,all
2026-09-15,BRBR,9.149999618530273,3,0,False,-0.2018214484013161,-0.44959594188713214,0.17007665187638166,-0.761314729697322,True,True,False,all
2026-09-15,SMCL,14.819999694824219,3,2,False,0.06731116098651535,-0.35750982132243647,0.9707446452677113,-0.8968445533400338,True,True,False,all
2026-09-15,TSLG,4.590000152587891,3,1,False,-0.022439135070303595,-0.33419976994482936,0.3825301942414874,-0.6249999805213575,True,False,False,all
2026-09-15,TSLL,9.25,3,1,False,-0.021567822875575682,-0.3360561018331174,0.3816280452319383,-0.6103622540361835,True,True,False,all
2026-09-15,LMB,50.52000045776367,3,0,False,-0.1267703939578011,-0.3371644440997168,0.24005887030844453,-0.5605045515528722,True,False,False,all
2026-09-15,TSLR,15.917799949645996,3,1,False,-0.022147006950837267,-0.32413067374227034,0.3829539212087718,-0.5974254026029857,True,False,False,all
2026-09-15,QS,5.050000190734863,3,0,False,-0.12321819046241944,-0.35319015893929595,0.058700253863305685,-0.7351861420267625,False,True,False,all
2026-09-15,TSLT,12.869999885559082,3,1,False,-0.025081249532323158,-0.3365004722052575,0.3750000382081071,-0.6103542124977017,True,False,False,all
2026-09-15,SMPL,9.829999923706055,3,0,False,-0.11530708811531964,-0.31672172889702666,0.008722425771695796,-0.639992682151967,False,True,False,all
2026-09-15,NFXL,17.649999618530273,3,2,False,0.03128321012305002,-0.27694784193819344,0.4041368374732561,-0.7068349957357509,False,True,False,all
2026-09-15,RUN,8.399999618530273,3,0,False,-0.16520913296619522,-0.4085902534300153,0.02189773061485889,-0.6256684751062536,False,True,False,all
2026-09-15,TME,7.889999866485596,3,0,False,-0.10619209670124918,-0.33360361945653727,0.015444000753365827,-0.7044943954669396,False,True,False,all
2026-09-15,CONI,30.579999923706055,3,0,False,-0.28334429506392744,-0.4493415883388592,0.23356187149441032,-0.7841157695632981,False,False,False,all
2026-09-15,IESC,311.4100036621094,3,2,False,-0.445444251093688,-0.4247225858338842,0.0598665710278905,-0.6186084678233179,False,False,False,all
2026-09-15,CONY,19.280000686645508,3,0,False,-0.017449409469022514,-0.30958538707706074,0.11962842366047233,-0.7534526670198433,False,False,False,all
2026-09-15,AHCO,5.820000171661377,2,0,False,-0.2506759143696924,-0.4106955532440546,0.11708255835855264,-0.5666418436775158,True,False,False,all
2026-09-15,ALHC,10.369999885559082,2,0,False,-0.3466934742247503,-0.44680131012611746,0.04325958987205514,-0.5871815470100299,True,False,False,all
2026-09-15,AMDD,27.992799758911133,2,0,False,-0.047911750698029554,-0.5406450665917045,0.07252104788416935,-0.8206739355259981,False,True,False,all
2026-09-15,ARDX,3.4000000953674316,2,0,False,-0.2304209845563746,-0.4133050182402982,0.005917153919925866,-0.5952380655033505,False,False,False,all
2026-09-15,ARRY,4.380000114440918,2,0,False,-0.1654758351104333,-0.4354069296278683,0.016241339348193495,-0.6418642454307069,True,True,False,all
2026-09-15,BOIL,20.420000076293945,2,0,False,-0.016605027221961777,-0.3902466322644511,0.11523761179110248,-0.7820704296546188,False,False,False,all
2026-09-15,DKS,123.72000122070312,2,0,False,-0.3243863095833318,-0.3968899720837995,0.027574747946416123,-0.4937392636519893,False,False,False,all
2026-09-15,DQ,11.260000228881836,2,0,False,-0.1266578645577825,-0.445728381497307,0.007606267265878541,-0.6922656413794671,False,True,False,all
2026-09-15,DUST,35.72999954223633,2,0,False,-0.2516744749399574,-0.34046096542463833,0.2316442351029071,-0.7513569916420698,False,False,False,all
2026-09-15,EOSE,4.070000171661377,2,2,False,0.05013292563241545,-0.4974967230360632,0.3521595297530149,-0.7950654558620716,False,False,False,all
2026-09-15,ERY,8.420000076293945,2,0,False,-0.16375336532533336,-0.3515320171499088,0.005973738520729244,-0.6257777743869357,False,False,False,all
2026-09-15,GEMI,4.355000019073486,2,1,False,0.013922518143006046,-0.313716602021481,0.2865583549019388,-0.8744594928948649,False,True,False,all
2026-09-15,JOBY,6.130000114440918,2,0,False,-0.17202440471074254,-0.3952547625466445,0.00491806725858579,-0.6931931804361394,False,True,False,all
2026-09-15,LTBR,6.610000133514404,2,0,False,-0.1753786104763666,-0.433767490706814,0.009160296340817276,-0.7890874249734621,False,True,False,all
2026-09-15,MNSO,8.789999961853027,2,0,False,-0.22775513910045786,-0.4264929000374522,0.0,-0.6559148154461345,False,False,False,all
2026-09-15,MNST,44.630001068115234,2,1,False,-0.35176697741653484,-0.42642019314655566,0.057833669609592464,-0.5552122513755569,True,False,False,all
2026-09-15,MSTY,14.5600004196167,2,1,False,0.07655682456212154,-0.3398860922873731,0.2627927802965091,-0.822655290009461,False,False,False,all
2026-09-15,MSTZ,4.389999866485596,2,0,False,-0.5207162107757238,-0.5959177687365906,0.2160664803479353,-0.8470916054866802,False,False,False,all
2026-09-15,NNE,15.779999732971191,2,0,False,-0.11573356979712224,-0.35818829558328547,0.07273961196800971,-0.7407589944164538,False,True,False,all
2026-09-15,OI,6.340000152587891,2,0,False,-0.17820292044820696,-0.42025273285100273,0.007949155967901245,-0.6250739083502619,True,True,False,all
2026-09-15,PZZA,20.719999313354492,2,0,False,-0.23358044862080374,-0.3811886954288677,0.009254681946142096,-0.6282741534010585,True,False,False,all
2026-09-15,QDEL,10.630000114440918,2,0,False,-0.3061538766748413,-0.4432908096880779,0.07157258394016308,-0.701236661962088,False,True,False,all
2026-09-15,REZI,18.709999084472656,2,0,False,-0.278855196957012,-0.42779052901261494,0.011351301863386842,-0.5868845505353463,True,True,False,all
2026-09-15,TTD,15.0,2,0,False,-0.06536233653492607,-0.38218404356934077,0.16913484717053073,-0.7339953863742449,True,True,False,all
2026-09-15,WVE,4.460000038146973,2,0,False,-0.1850308716467568,-0.517091281783574,0.013636350336153846,-0.7947537905153599,False,False,False,all
2026-09-15,COLL,21.84000015258789,2,0,False,-0.2769935669933633,-0.4158932354480286,0.00877129613119254,-0.5699686791767188,False,False,False,all
2026-09-15,CCB,46.849998474121094,2,0,False,-0.18068769367358228,-0.41490307011846894,0.2797049356200816,-0.6097459618229047,True,True,False,all
2026-09-15,SOFX,8.3100004196167,2,0,False,-0.12566254877824723,-0.4606284502464705,0.23202380439001247,-0.8502135870166487,False,True,False,all
2026-09-15,IMSR,4.28000020980835,2,0,False,-0.19465609113480797,-0.3996205246906779,0.023580712623777922,-0.8641269774664015,False,True,False,all
2026-09-15,JDST,23.600000381469727,2,0,False,-0.23531544999267873,-0.3591684256060078,0.24538255574238743,-0.7999999967672057,True,False,False,all
2026-09-15,CONL,5.03000020980835,2,1,False,-0.010426883474904503,-0.44171434828959943,0.4129214299596524,-0.9040076323790912,False,False,False,all
2026-09-15,WHR,33.029998779296875,2,0,False,-0.15697217124382734,-0.41416748469107234,0.005173407358116666,-0.6516557805779045,False,False,False,all
2026-09-15,XPEV,10.229999542236328,2,0,False,-0.15405609880958682,-0.3677301603752565,0.006889733846014545,-0.6376837499169102,False,True,False,all
2026-09-15,SFBS,42.33000183105469,2,0,False,-0.3879223925893587,-0.4429344856549725,0.028175946410033292,-0.5402910405158292,True,False,False,all
2026-09-15,SOXS,51.099998474121094,2,2,False,0.06820630097667646,-0.9852175803087625,0.6119872947719995,-0.9973426937870972,True,True,False,all
2026-09-15,UVXY,18.229999542236328,2,0,False,-0.1487990936036473,-0.46697544168693905,0.0679554697217617,-0.7417847034526686,True,False,False,all
2026-09-15,SMCX,10.619999885559082,2,2,False,0.06180886364903282,-0.3879576417491344,0.9450549105057007,-0.9072002826022608,True,True,False,all
2026-09-15,SMR,8.430000305175781,2,0,False,-0.06982387230433629,-0.3366774624687837,0.16920946748598875,-0.8531870328457271,False,False,False,all
2026-09-15,NXH,3.390000104904175,2,0,False,-0.25254661310297577,-0.36659782655858486,0.0074294488251349655,-0.7320157939026057,False,False,False,all
2026-09-15,ABTC,7.989999771118164,1,2,False,0.14826894412366753,-0.5122978600879804,0.6239836681337485,-0.9338302296387729,False,False,False,all
2026-09-15,APLX,6.505000114440918,1,0,False,-0.37183138300972607,-0.6863310441353985,0.0015396811482737416,-0.8915833314259847,False,False,False,all
2026-09-15,APPX,14.279999732971191,1,0,False,-0.2790471418866294,-0.6943669501807561,0.21842998358492194,-0.9094023589941475,True,False,False,all
2026-09-15,ASPI,3.1600000858306885,1,0,False,-0.2277425943879423,-0.4201701722239285,0.03606561810955644,-0.7819185551590359,False,False,False,all
2026-09-15,ASTX,9.760000228881836,1,0,False,-0.2366352370681054,-0.7374948590279112,0.10909091106131052,-0.9145209300858671,False,True,False,all
2026-09-15,BETR,12.770000457763672,1,0,False,-0.2833130097153348,-0.5689094821946816,0.14931152800065361,-0.8642355859109104,True,True,False,all
2026-09-15,DRIP,30.90999984741211,1,0,False,-0.2207333873610372,-0.4433576856292587,0.012612620268408481,-0.6877777793190696,False,True,False,all
2026-09-15,EYPT,3.6600000858306885,1,0,False,-0.6193922667528358,-0.7255322431580005,0.0068776053460857245,-0.808477238674282,True,True,False,all
2026-09-15,GDXD,19.1200008392334,1,1,False,-0.4116778025232911,-0.5896498005027546,0.34175444485848416,-0.9275757543968431,True,False,False,all
2026-09-15,HIMZ,24.68000030517578,1,1,False,-0.2747102440792222,-0.45597094860375587,0.994182247803201,-0.9369732847656117,False,True,False,all
2026-09-15,IONL,11.020000457763672,1,0,False,-0.19719086681698672,-0.5549723099674944,0.2579908869671699,-0.9259607583384609,False,True,False,all
2026-09-15,IONX,20.040000915527344,1,0,False,-0.20815548514376558,-0.5817295573165148,0.1932123146467679,-0.9357414216309861,False,False,False,all
2026-09-15,JKS,10.710000038146973,1,0,False,-0.28192131303502,-0.5122828652364183,0.011809163868636396,-0.6640526875757473,False,False,False,all
2026-09-15,LABD,7.71999979019165,1,2,False,0.02831869919707164,-0.4668048147167114,0.32874352258570827,-0.8512524168936252,False,False,False,all
2026-09-15,LABX,7.849999904632568,1,1,False,-0.7279598417967057,-0.8441334889476482,0.006410219573724785,-0.9664887944305973,True,False,False,all
2026-09-15,MNTS,4.019999980926514,1,0,False,-0.13240530684946294,-0.4159541646885002,0.2926045390759249,-0.8833575171955479,True,True,False,all
2026-09-15,MSTU,29.6299991607666,1,2,False,0.277430446626286,-0.4711620119813156,1.029451944287132,-0.9498646376298365,False,True,False,all
2026-09-15,MSTX,13.640000343322754,1,2,False,0.2824852677309946,-0.47048557362881227,1.0297620192237757,-0.9497605880540598,False,False,False,all
2026-09-15,OKLO,35.97999954223633,1,0,False,-0.1538338666387361,-0.4312847209855424,0.04653863945353298,-0.8143829951403936,False,False,False,all
2026-09-15,ORCX,19.440000534057617,1,1,False,-0.05025255442527532,-0.4420214513636157,0.4179431422295681,-0.882544854212688,False,False,False,all
2026-09-15,PLTZ,9.430000305175781,1,0,False,-0.454452872308878,-0.6435541875848707,0.15847664710619025,-0.7846540281338055,True,False,False,all
2026-09-15,QBTX,5.710000038146973,1,0,False,-0.29163357911833543,-0.6789578192559749,0.04197080625418925,-0.9666445971165237,False,False,False,all
2026-09-15,QFIN,8.050000190734863,1,0,False,-0.3158194326407625,-0.44668214246863425,0.004993752897634041,-0.7537473071608604,False,True,False,all
2026-09-15,RARE,13.069999694824219,1,0,False,-0.4877382580883959,-0.486251742971041,0.014751520085025005,-0.6723489622760956,False,False,False,all
2026-09-15,RGTX,8.90999984741211,1,0,False,-0.20259895121669014,-0.6844613735241514,0.15864756581453365,-0.9822439217533656,False,False,False,all
2026-09-15,SCO,19.65999984741211,1,0,False,-0.2486777368529035,-0.536525168402086,0.009499330542679152,-0.7663973503810164,False,False,False,all
2026-09-15,SMST,21.6299991607666,1,0,False,-0.5293512640600603,-0.6206383742420878,0.20770515606073614,-0.8596903220678604,False,False,False,all
2026-09-15,SMU,4.739999771118164,1,0,False,-0.23400133004894352,-0.7855878009125764,0.13126484639300018,-0.993262260453279,False,False,False,all
2026-09-15,SOC,4.960000038146973,1,3,False,0.08667076450906475,-0.47794693854155657,0.7222221670327384,-0.8012820424647958,False,True,False,all
2026-09-15,SPRY,4.25,1,0,False,-0.29826299823097535,-0.49890348396356987,0.007061261969937949,-0.6768060742746237,False,True,False,all
2026-09-15,SSTK,4.869999885559082,1,0,False,-0.20985171910063016,-0.6576413898700495,0.008281565731855123,-0.8349152581166412,False,True,False,all
2026-09-15,VISN,6.730000019073486,1,0,False,-0.35633810712097,-0.5515239350451802,0.12166666984558105,-0.6725060696383686,False,True,False,all
2026-09-15,VRRM,3.5399999618530273,1,0,False,-0.19925807161956322,-0.7204542255560515,0.04117643016432515,-0.8608982653687192,False,False,False,all
2026-09-15,XXRP,27.450000762939453,1,2,False,0.07731557154393465,-0.478583443405864,0.53266337223927,-0.931424716638015,False,False,False,all
2026-09-15,DFNS,8.279999732971191,1,1,False,-0.6055133011671994,-0.9548907094955689,1.2378377368277764,-0.995751122651458,True,True,False,all
2026-09-15,CRWG,15.979999542236328,1,1,False,-0.20292893265153988,-0.5248922534104655,0.4990618922115404,-0.9037059365103797,True,True,False,all
2026-09-15,BYND,9.989999771118164,1,0,False,-0.34189724414494505,-0.5573986312743586,0.01834855696249793,-0.9566970095220269,False,True,False,all
2026-09-15,CCUP,23.700000762939453,1,2,False,0.17417416102700312,-0.3855941054056624,1.008474608462146,-0.8904299564098095,False,True,False,all
2026-09-15,IPX,18.155000686645508,1,0,False,-0.19507153388600917,-0.4613638520236121,0.043390866934915895,-0.7045565425347431,False,True,False,all
2026-09-15,CABO,18.6299991607666,1,0,False,-0.4372145537605836,-0.7499874303379939,0.01914652412331619,-0.8969237656603302,False,False,False,all
2026-09-15,SMCZ,6.492300033569336,1,2,False,0.03819890330990483,-0.7594184183126533,1.5763095566303735,-0.9026641629592993,True,True,False,all
2026-09-15,NVTX,13.90999984741211,1,1,False,-0.30033560673002824,-0.6666607199414147,0.15916665395100904,-0.9337619054885138,False,True,False,all
2026-09-15,LCID,4.119999885559082,1,1,False,-0.3064907286098896,-0.4991368759341086,0.7383966601277601,-0.8367023400590242,False,True,False,all
2026-09-15,SION,6.880000114440918,1,1,False,-0.7306460538035229,-0.8095176098732979,0.7157106538019735,-0.8748408229641855,True,True,False,all
2026-09-15,RKLX,14.630000114440918,1,0,False,-0.257088883323335,-0.6279885005555732,0.10074484322745603,-0.8725942708250974,False,False,False,all
2026-09-15,MUD,10.6899995803833,1,0,False,-0.0461319102108142,-0.940961726975417,0.20044917472631263,-0.9911212628069906,True,True,False,all
2026-09-15,PLAY,6.860000133514404,1,0,False,-0.3025478225060396,-0.48461255784270085,0.016296316076207962,-0.7254901882215,False,False,False,all
2026-09-15,ENVX,2.9800000190734863,1,0,False,-0.2625770131513332,-0.5056936437010721,0.031141837682492346,-0.7902885284255011,True,True,False,all
2026-09-15,CCOI,9.244999885559082,1,0,False,-0.16571161392970968,-0.4861041110189718,0.07499993900920332,-0.797658127305026,True,False,False,all
2026-09-15,WING,100.83999633789062,1,0,False,-0.19740791849991324,-0.4591874859147127,0.0070807208269807465,-0.6669748995933341,False,False,False,all
2026-09-15,RIOX,23.0,1,1,False,-0.18776132795705414,-0.34989867062493374,0.7746913528009951,-0.8504065040650406,False,False,False,all
2026-09-15,CRCA,19.729999542236328,1,2,False,0.15151159556490268,-0.4284514278163185,0.9592850188840778,-0.9034971883749594,False,True,False,all
2026-09-15,SERV,4.329999923706055,1,0,False,-0.1434054281668723,-0.49534241679540403,0.01405150891043383,-0.7677038591476197,False,True,False,all
2026-09-15,CWVX,13.329999923706055,1,1,False,-0.1993609339568151,-0.5102231297573193,0.5096262784690146,-0.8942063498118566,True,True,False,all
2026-09-15,UVIX,39.77000045776367,1,0,False,-0.206879423448029,-0.6113488635357077,0.08839626330889794,-0.8642291457235125,True,False,False,all
2026-09-15,RDTL,14.380000114440918,1,1,False,-0.17617482723958722,-0.42917978469803897,0.3204774711745597,-0.8399376591651078,True,True,False,all
2026-09-15,CRCG,13.470000267028809,1,2,False,0.16296138622386747,-0.405785964271299,0.9747837664808021,-0.896224961861845,False,True,False,all
2026-09-15,CAPR,8.5600004196167,1,2,False,-0.20440178377939655,-0.6352619680728968,1.8918919963850587,-0.7879613414392266,True,True,False,all
