run_date,ticker,close,rs_rank,template_score,passes_template,dist_50d,dist_200d,off_52w_low,off_52w_high,base_tight,vol_dryup,new_today
2026-08-19,FBRX,76.9000015258789,99,8,True,0.6439070958955717,1.5148944157828148,6.606330775203297,-0.0038859512204956204,False,False,False
2026-08-19,CHRN,23.700000762939453,99,8,True,0.09676526930287688,0.8710403824052448,6.770492174906686,-0.2099999745686849,True,True,False
2026-08-19,CLYM,17.34000015258789,99,8,True,0.3276470753205838,1.1994260625539095,10.259740637735655,-0.04383788620128204,False,True,False
2026-08-19,SYRE,108.91999816894531,99,8,True,0.13813048920981275,0.8895664970383708,6.509134595628614,-0.01139101291626854,False,True,False
2026-08-19,SLS,13.850000381469727,99,8,True,0.21312454931583713,1.285987860092661,8.964029153961372,-0.12783373541195098,False,True,False
2026-08-19,BWET,429.75,99,8,True,0.8014092944082682,2.62377271602841,36.14347548273891,-0.0029233886384916197,False,False,False
2026-08-19,MRNA,174.3800048828125,99,8,True,1.728571524330616,2.663843809697787,6.826750426777804,-0.01290554341091743,False,False,True
2026-08-19,ORKA,109.69000244140625,99,8,True,0.22154664936109225,1.0301196311452356,6.790483170154329,-0.05038524445666803,False,True,False
2026-08-19,TWST,142.38999938964844,99,8,True,0.46670127608547163,1.4463597022361343,5.111158972192821,-0.003150356761265294,False,True,False
2026-08-19,TXG,62.189998626708984,99,8,True,0.43351409331558166,1.3871624682467765,4.572580598299042,-0.0027261382613642526,False,False,False
2026-08-19,ANRO,34.88999938964844,99,8,True,0.3063501347766624,0.6724668223588346,9.509036172048882,-0.012764158762893496,False,True,False
2026-08-19,BFLY,9.170000076293945,99,8,True,0.20013611551513155,0.9139255427098938,5.843283468563222,-0.08756219878007498,False,True,False
2026-08-19,DELL,437.54998779296875,98,8,True,0.028290115652295222,0.8674767483790766,2.9697875426151032,-0.14873543230939934,False,True,False
2026-08-19,UMAC,28.299999237060547,98,8,True,0.254821943621768,0.713946512240067,2.9061421234069065,-0.1897153896706959,False,False,False
2026-08-19,MBX,68.4000015258789,98,8,True,0.19343612838317847,0.7864687134878316,6.102803812360075,-0.058370015134853515,False,True,False
2026-08-19,CDNA,46.5099983215332,98,8,True,0.3409950200411236,1.020044017162995,3.1261530368036885,-0.06531350702625704,False,True,False
2026-08-19,ABCL,12.010000228881836,98,8,True,0.725773110065119,1.555373567232949,3.375227952490688,-0.011522583871930392,False,False,False
2026-08-19,LITE,827.5999755859375,98,8,True,0.017965664965151618,0.28132218316939284,6.442446027864031,-0.23771283007628496,False,False,False
2026-08-19,DMRA,32.439998626708984,98,8,True,0.17072602261610936,0.2887360170568074,12.240815508301102,-0.15355517336143953,True,True,False
2026-08-19,ABSI,9.989999771118164,98,8,True,0.12287561697560623,1.02316816242103,3.4598213074044617,-0.17129825647296038,False,True,True
2026-08-19,IOVA,7.989999771118164,98,8,True,0.6469472246081169,1.2443504338031834,3.5397726218254597,-0.00806958803165414,False,False,False
2026-08-19,DNTH,113.69999694824219,98,8,True,0.1463542241495568,0.5868939197282275,4.495408120511243,-0.03541890181766971,False,True,False
2026-08-19,QMCO,21.790000915527344,98,8,True,0.6361561757234331,1.4771076045174976,4.200477474451942,-0.21618699591621549,False,False,False
2026-08-19,AMLX,38.599998474121094,98,8,True,1.0061535050963912,1.4933627728801553,4.058977443665409,-0.011776827521682298,False,False,False
2026-08-19,ETON,61.47999954223633,98,8,True,0.5069587621262799,1.396502673070306,3.3083390028055533,-0.03681657874675215,False,False,False
2026-08-19,PRAX,386.19000244140625,98,8,True,0.2109306508858011,0.30037506485537246,9.3842435251948,-0.015951100957853015,False,False,True
2026-08-19,RVMD,214.66000366210938,98,8,True,0.16375648007608956,0.7152656231392851,5.0604182597139085,-0.025590380883228625,False,True,False
2026-08-19,DFTX,45.81999969482422,98,8,True,0.12470972912346934,0.9795178907249358,4.2666667470530095,-0.07806843075560865,False,True,False
2026-08-19,RLAY,20.739999771118164,98,8,True,0.11999738923166259,0.6999128912191268,5.265861066360607,-0.024917756240670608,False,True,False
2026-08-19,DRTS,14.470000267028809,98,8,True,0.19173119852377574,0.7772821388699453,3.8233334223429365,-0.018983032743809636,False,True,False
2026-08-19,LABU,341.54998779296875,98,8,True,0.32979236277803015,0.8113102477529921,4.189152071962508,-0.001052955062105787,False,True,False
2026-08-19,IMMX,13.1899995803833,98,8,True,0.3429309826158391,0.6726691165324596,5.798968655331543,0.0,False,True,False
2026-08-19,PACS,44.2599983215332,97,8,True,0.030064054921469907,0.23324347257673939,4.90133310953776,-0.10567797897669462,False,True,False
2026-08-19,CGEM,22.520000457763672,97,8,True,0.2936729840792631,0.6354245513293857,2.964788932810704,-0.0008873317192233943,False,True,False
2026-08-19,PBF,73.91000366210938,97,8,True,0.3124063979608014,0.7511646096453948,2.3398105045182964,-0.02338790480878683,False,True,False
2026-08-19,ARWR,89.41000366210938,97,8,True,0.09174122216068259,0.30759105600044756,3.6040166483445306,-0.06367152935047882,True,True,False
2026-08-19,SEPN,43.93000030517578,97,8,True,0.20485563479341695,0.5390935305646045,3.0903166891410594,-0.14031307990305442,False,False,False
2026-08-19,ELVN,59.38999938964844,97,8,True,0.14413521500882776,0.6842314030801298,3.0169090295962198,-0.04701540949171612,False,True,False
2026-08-19,HPE,53.130001068115234,97,8,True,0.08902856069033227,0.6876256944212116,1.6779234203375277,-0.17307391333672784,False,True,False
2026-08-19,CMPS,14.010000228881836,97,8,True,0.10283700526470918,0.6147808608390719,2.528967286629036,-0.09025970286232343,False,True,False
2026-08-19,FET,81.41999816894531,97,8,True,0.3796492124748656,0.6110282488565697,2.5338539467710675,-0.06863418125912768,False,True,False
2026-08-19,ACHV,8.529999732971191,97,8,True,0.3632730918285805,0.7276298729829316,2.3450979970501544,-0.009291512996056017,False,True,False
2026-08-19,NESR,33.54499816894531,97,8,True,0.1795628511330507,0.5133912519029489,3.7047682511258504,-0.09190580898692724,False,False,False
2026-08-19,XMAX,8.890000343322754,97,8,True,0.023014996986224556,0.2490516665203235,4.698718377824381,-0.05425524424513328,False,True,False
2026-08-19,CRNX,84.69000244140625,97,8,True,0.2669571217372928,0.7374027790239432,1.9477898987399018,-0.001238230199968493,True,True,False
2026-08-19,ANAB,59.2599983215332,97,8,True,0.019391811420310878,0.3338454873480634,4.196422032150799,-0.18103927830736255,True,True,False
2026-08-19,ACRS,6.440000057220459,97,8,True,0.20317609234408152,0.6162326055873808,2.7011494378870964,-0.011511866585132258,False,True,False
2026-08-19,AYA,27.25,97,8,True,0.2993391172810371,0.5789412712207169,2.295042139256277,-0.05676702749381379,False,False,False
2026-08-19,NRIX,27.790000915527344,97,8,True,0.21747134964471115,0.5371936074642543,2.3910923673467486,-0.015586207362514481,False,True,False
2026-08-19,MRVI,7.21999979019165,97,8,True,0.1791219940211075,0.7152291474028623,2.16666661438189,-0.06233766635888993,False,False,True
2026-08-19,TVTX,65.95999908447266,97,8,True,0.1531549013459903,0.6279114053584458,2.868621820293072,-0.004227034847928635,False,True,False
2026-08-19,URGN,50.290000915527344,97,8,True,0.2726651813537808,0.8683551176498556,2.1708702398587167,-0.010234214597699576,False,False,False
2026-08-19,CLMT,49.189998626708984,97,8,True,0.23243667800187873,0.6492321661959717,2.801391052692129,-0.044854395597883845,False,False,False
2026-08-19,PSNL,15.8100004196167,97,8,True,0.22769420693127773,0.6918907956799263,2.5608108594291594,-0.03538736983712476,False,True,False
2026-08-19,APGE,134.7100067138672,97,8,True,0.06600516436999193,0.5289807369946833,2.8064427532392053,-0.0012603659756167396,True,True,False
2026-08-19,CADL,13.5,97,8,True,0.36325079024462137,0.9550271292204411,2.1034483439006664,-0.023154826475434986,False,True,False
2026-08-19,PLSE,47.02000045776367,97,8,True,0.4664649950335351,1.1383613706204532,2.7436304846237105,-0.03726453089963355,False,False,False
2026-08-19,VSXY,88.61000061035156,97,8,True,0.05221535330569638,0.478637283737088,3.173810764058903,-0.13517468863827076,False,True,True
2026-08-19,PTGX,154.94000244140625,96,8,True,0.17082358770560968,0.5192702378709999,1.8429358246129586,-0.036502675245975724,False,True,False
2026-08-19,PUBM,16.780000686645508,96,8,True,0.24125283217340465,0.6899522502978412,1.7284553538926386,-0.09002168109193842,False,False,False
2026-08-19,IMVT,44.959999084472656,96,8,True,0.16019218068581154,0.5259596995702582,2.1071180549262354,-0.008599766323498126,False,True,False
2026-08-19,PVLA,149.9600067138672,96,8,True,0.07195069558141176,0.3083702976944649,2.2543402941621555,-0.07076464136457328,False,True,False
2026-08-19,LIND,31.81999969482422,96,8,True,0.12283424379330254,0.6041864004409423,1.7985927893665563,-0.09085715157645091,False,True,False
2026-08-19,FDMT,16.760000228881836,96,8,True,0.49183320416010234,0.7026680562860119,1.8073703212548695,-0.008870468355044347,False,False,False
2026-08-19,ATI,215.99000549316406,96,8,True,0.08225631871957328,0.42219153061006653,2.0671685758210376,-0.1132323397861652,False,True,False
2026-08-19,CRWL,66.62969970703125,96,8,True,0.04882852887269906,0.6986412055771594,3.3691606365266393,-0.21763988738614248,False,True,False
2026-08-19,HZO,52.220001220703125,96,8,True,0.3856457800013813,0.7259215844365516,1.4379085450376032,-0.004574873579068828,False,False,False
2026-08-19,AVR,9.829999923706055,96,8,True,0.07775633452325947,0.48985104522729217,1.9787878987108272,-0.1108096198691374,False,True,False
2026-08-19,RAPP,49.06999969482422,96,8,True,0.1807508934045019,0.46848457679182864,2.5404041060840914,-0.016633302718923493,False,True,False
2026-08-19,MAN,59.41999816894531,96,8,True,0.3147297115402883,0.7799344912326138,1.3626242175035754,-0.025420742039629518,True,True,False
2026-08-19,EWTX,46.439998626708984,96,8,True,0.14432429524805657,0.4720845506520468,2.4336414001138063,-0.040495926392108306,False,True,False
2026-08-19,ADPT,25.489999771118164,96,8,True,0.1765411683645155,0.4915634945212044,1.1241666475931802,-0.02561162386093152,False,True,False
2026-08-19,SPHR,159.7899932861328,96,8,True,0.04162452969972574,0.3410128383204476,3.0432690140503835,-0.12024451362411648,False,False,False
2026-08-19,KOD,40.06999969482422,96,8,True,0.015700640316641312,0.2529431738014767,3.833534364198905,-0.16241639701047028,False,True,False
2026-08-19,DSGN,15.9399995803833,96,8,True,0.2007442186977888,0.42951624478224937,2.405982941251928,-0.07594205331111303,False,True,False
2026-08-19,RNG,65.94000244140625,96,8,True,0.4019288234221765,0.7663107850713515,1.731566035982678,-0.03666902291805574,False,True,False
2026-08-19,KYMR,127.30999755859375,96,8,True,0.18976302147868163,0.4876451942244382,2.195532054994836,-0.021068861429196506,False,True,False
2026-08-19,LFST,12.829999923706055,96,8,True,0.21170337376252024,0.6370746953330877,1.689727458073068,-0.0015564558108895898,False,False,False
2026-08-19,GH,163.33999633789062,95,8,True,0.07738944011062054,0.44185589766211897,2.05880134214476,-0.07498020928684557,False,True,False
2026-08-19,PANW,359.760009765625,95,8,True,0.08307686418658289,0.6013489227960773,1.5776312308267535,-0.09807459546306563,False,True,False
2026-08-19,IMNM,29.825000762939453,95,8,True,0.3153774908352067,0.37855171151548483,2.442008181678205,-0.007817654929408113,False,True,False
2026-08-19,HNGE,88.45999908447266,95,8,True,0.1059601247344315,0.6354602211676508,1.9408244451077046,-0.050144940477531486,False,True,False
2026-08-19,DK,66.33000183105469,95,8,True,0.15882125822622073,0.5378748167371254,2.145092524947921,-0.03771940320049394,True,False,False
2026-08-19,ATAI,7.360000133514404,95,8,True,0.24146076620689771,0.6361464142279687,1.2542113007774054,-0.0013568184803193217,True,True,False
2026-08-19,ALNT,101.80999755859375,95,8,True,0.07286999194907717,0.43461749581864706,1.4385628157747008,-0.1420746681595858,False,False,False
2026-08-19,ENVA,254.3800048828125,95,8,True,0.09152824904819279,0.48871498187750895,1.4692294037259912,-0.04886897262169998,False,True,False
2026-08-19,CRL,290.0,95,8,True,0.26125342830343157,0.5034783463641048,1.010259330671595,-0.015463980543677147,False,False,False
2026-08-19,CGON,80.68000030517578,95,8,True,0.15074339565382466,0.3698897693964176,2.2466800429241705,-0.003581584675253713,False,True,False
2026-08-19,MGTX,14.970000267028809,95,8,True,0.22132299238287856,0.5969533350447793,1.261329384564565,-0.0247557071659521,False,True,False
2026-08-19,CAKE,105.81999969482422,95,8,True,0.19478818560860134,0.6330385502761875,1.4569305884518209,-0.1067026801227221,False,False,False
2026-08-19,IRDM,48.709999084472656,95,8,True,0.014800106067270002,0.5096058509892354,2.1124600812640226,-0.14812873689223194,True,True,False
2026-08-19,AXGN,48.93000030517578,95,8,True,0.11851249799941499,0.3595424375242575,2.587243333841167,-0.03414922122872255,False,True,False
2026-08-19,KNSA,80.80000305175781,95,8,True,0.22729210427197666,0.6002892223275103,1.4566738993977673,-0.025801776304024804,False,True,False
2026-08-19,OSCR,32.29999923706055,95,8,True,0.08357987788008536,0.6497772681123173,2.0215154822206642,-0.02915543154063205,False,False,False
2026-08-19,PLPC,434.739990234375,95,8,True,0.1426297327856263,0.4631483100123268,1.4536629879531517,-0.13859995614863074,False,False,False
2026-08-19,ROIV,37.400001525878906,95,8,True,0.09484782595739327,0.35605885706614804,2.2409013561100073,-0.014492733228022914,False,False,False
2026-08-19,VAC,116.0,95,8,True,0.13868606976759756,0.5784095305692758,1.6020635988218763,-0.11679607709464468,False,False,False
2026-08-19,CTRN,70.91000366210938,95,8,True,0.12651046475671968,0.4437339531267879,1.4284247194989161,-0.08984725543536809,False,True,False
2026-08-19,ECPG,101.26000213623047,94,8,True,0.10985433893228613,0.4231704676081536,1.5346683404864079,-0.035435331508373746,False,False,False
2026-08-19,PARR,77.12999725341797,94,8,True,0.12886933537568757,0.4326830701102249,1.770474024090416,-0.11375389710144368,False,False,False
2026-08-19,JBIO,22.549999237060547,94,8,True,0.0969925962449647,0.3005006925807432,2.360655604897423,-0.19464288439069477,False,True,False
2026-08-19,GKOS,189.5500030517578,94,8,True,0.22727551358283637,0.5318595526084409,1.5908965768672934,-0.0026833342806853455,False,True,False
2026-08-19,HNST,5.019999980926514,94,8,True,0.24947107980512762,0.5975813417211533,1.4251208419424133,-0.14041098462951385,False,False,False
2026-08-19,MYE,33.33000183105469,94,8,True,0.06729093661299657,0.43444614969455975,1.1447877678810712,-0.11001332037253042,False,True,False
2026-08-19,SLDB,9.739999771118164,94,8,True,0.10547399791237466,0.3929408742813352,1.5699208098028663,-0.1493449839853509,False,True,False
2026-08-19,DCO,200.16000366210938,94,8,True,0.11915515144508437,0.49341374259083337,1.3614912531550236,-0.04862396386338119,False,True,False
2026-08-19,AMN,35.31999969482422,94,8,True,0.06881963083956255,0.5212597219505055,1.3593853750701639,-0.05104786307266573,False,True,False
2026-08-19,ATRO,81.66999816894531,94,8,True,0.07711695982573152,0.3668877358406313,2.057439761040632,-0.13540123903759138,False,False,False
2026-08-19,TRVI,18.809999465942383,94,8,True,0.07135531489088454,0.37698794023470406,1.7142857044560467,-0.06973293250711743,False,True,False
2026-08-19,OII,52.689998626708984,94,8,True,0.19533750104909453,0.5119471870300909,1.3928245927048506,-0.028755785682783697,False,True,False
2026-08-19,CRSR,11.350000381469727,94,8,True,0.12113164517048913,0.5571569776744594,1.5334822172203992,-0.24222188419637847,False,False,False
2026-08-19,PGEN,7.159999847412109,94,8,True,0.2699538536401258,0.6040863547180084,1.4353740503601662,-0.021857967281024404,False,False,False
2026-08-19,DCTH,17.149999618530273,94,8,True,0.289250700994677,0.5882827925608343,1.1120689483050965,-0.01549945215735693,False,False,False
2026-08-19,IRWD,4.360000133514404,94,8,True,0.082530566687123,0.13841095762823552,3.316831856121704,-0.24567474476632056,False,True,True
2026-08-19,MPC,360.75,94,8,True,0.2288381042002583,0.5611912365469596,1.229604407884965,-0.017672340722569624,False,False,False
2026-08-19,SN,181.24000549316406,94,8,True,0.16524432388063093,0.4788577380570682,1.1804619767125408,-0.052191170713466906,False,False,False
2026-08-19,KFRC,58.68000030517578,94,8,True,0.08767780608448406,0.5377963029464394,1.3960800675212326,-0.048638132055071615,True,False,False
2026-08-19,VLO,346.260009765625,94,8,True,0.19593909531742026,0.5124857061744152,1.5298460007188477,-0.013504245681980054,False,True,False
2026-08-19,RCUS,30.350000381469727,94,8,True,0.08219707286158995,0.26452802636794126,2.0937817618009413,-0.043642672199289856,False,True,False
2026-08-19,NTAP,194.47999572753906,94,8,True,0.13129223428455483,0.5420625643606414,1.0757817340133693,-0.06974075385688416,False,True,False
2026-08-19,BVS,14.680000305175781,94,8,True,0.2596317427334025,0.5783461539753194,1.3469224678803866,-0.0763228698582864,False,True,False
2026-08-19,VSAT,76.66999816894531,94,8,True,0.03516339511578592,0.3905967937148387,2.0066665948606004,-0.17585725921768325,False,True,False
2026-08-19,ARKG,47.72999954223633,94,8,True,0.19398428634138254,0.4806140369876588,1.0375667490619591,0.0,False,True,False
2026-08-19,EAT,233.4600067138672,94,8,True,0.21942813972239428,0.4958644013382867,1.3276171446714198,-0.0798155353124792,False,False,False
2026-08-19,AAMI,91.04000091552734,93,8,True,0.11037391157386711,0.46629763987589845,1.1953218769156275,-0.02963119578277129,False,True,False
2026-08-19,BJRI,64.73999786376953,93,8,True,0.04124780041244347,0.4323626338162543,1.2747716073923097,-0.1321715926545497,False,True,False
2026-08-19,CBRL,56.06999969482422,93,8,True,0.07315933814472197,0.5801398846139596,1.2563379812514923,-0.11211404053811935,False,True,False
2026-08-19,NAT,7.019999980926514,93,8,True,0.14280132400200563,0.38777688334695215,1.4893617542940922,-0.01126759503952346,False,True,False
2026-08-19,OKTA,141.2100067138672,93,8,True,0.02999468719620113,0.444253847149638,1.2535909201681754,-0.10057320564415806,False,True,False
2026-08-19,CYRX,16.309999465942383,93,8,True,0.05904961179425139,0.43256152187855124,1.1432324809185248,-0.03433984278658564,False,True,True
2026-08-19,NEXA,14.170000076293945,93,8,True,0.05811019228668668,0.21319532621346582,2.014893755604105,-0.16104200187369622,False,True,False
2026-08-19,CXW,31.989999771118164,93,8,True,0.046430222394968634,0.4476717927863374,1.0324015397902135,-0.08232933990199531,False,False,False
2026-08-19,MRX,70.19000244140625,93,8,True,0.08432529380240794,0.45925616051816487,1.5148693237242874,-0.06909812969545459,False,True,False
2026-08-19,TGB,8.470000267028809,93,8,True,0.15256916458490566,0.24697278262996414,1.8139535860015816,-0.08432429545634501,False,False,True
2026-08-19,TWLO,221.8699951171875,93,8,True,0.07160069736212482,0.4117765019835735,1.2538601139231953,-0.14121377401142088,False,False,False
2026-08-19,DGII,76.08999633789062,93,8,True,0.06511338739911365,0.3868459458614879,1.3226495798651046,-0.12379088499926028,False,False,False
2026-08-19,NTRA,325.07000732421875,93,8,True,0.211590622549233,0.42555103949390416,1.074341097551963,-0.002944488110518839,False,False,False
2026-08-19,ILMN,205.0,93,8,True,0.10609442610008224,0.40389275775172306,1.3295454545454546,-0.009661835748792313,False,True,False
2026-08-19,IMAX,53.709999084472656,93,8,True,0.21515834613244822,0.3887523969497326,1.1079277884382033,-0.01050109999342197,False,True,False
2026-08-19,GEO,30.68000030517578,93,8,True,0.01920816370002476,0.4902391421254615,1.4524380290853127,-0.059472675972797484,False,True,False
2026-08-19,DINO,94.62000274658203,93,8,True,0.17409402007806385,0.5040498658753731,1.1167785488055517,-0.022167071323268894,False,True,False
2026-08-19,ECO,64.23999786376953,92,8,True,0.1433412089154762,0.3605917183216698,1.5221829444685953,-0.024716075265392212,False,False,False
2026-08-19,CHEF,107.36000061035156,92,8,True,0.07699469219007704,0.4433104817336342,1.0180450953140103,-0.08497401402123117,False,False,False
2026-08-19,NVEC,111.27999877929688,92,8,True,0.04174467030893991,0.36937245873229463,0.9451145002639816,-0.1757037127459491,False,True,False
2026-08-19,WTTR,20.450000762939453,92,8,True,0.05020443424726073,0.3523701722863999,1.5918886069700782,-0.09312632129360698,False,True,False
2026-08-19,CIB,99.66999816894531,92,8,True,0.17108646421689278,0.35990097654401954,1.051245068037665,-0.010621398823843275,False,True,False
2026-08-19,STGW,8.710000038146973,92,8,True,0.12291468148963558,0.3856959991689979,1.030303057248692,-0.08795812940431502,False,True,False
2026-08-19,INSW,99.70999908447266,92,8,True,0.12943855891413913,0.39953483193335915,1.4072912480046975,-0.0075644682691001774,False,True,False
2026-08-19,CCCC,4.210000038146973,92,8,True,0.07313095746459997,0.42553607156449713,1.4911241985820727,-0.18568665841009768,False,True,False
2026-08-19,CLDX,41.70000076293945,92,8,True,0.12396500651906406,0.36179498117605724,1.0471280827158171,-0.07620732550337272,False,True,False
2026-08-19,TECX,37.040000915527344,92,8,True,0.15766644006968655,0.4025840568295882,1.574009731189106,-0.06299008197980571,False,False,False
2026-08-19,MITK,18.8799991607666,92,8,True,0.04762006222999848,0.3706734787511574,1.2133645664476793,-0.10308789334649726,False,True,False
2026-08-19,NEOG,12.149999618530273,92,8,True,0.20180415053800282,0.3442644309284797,1.4795917106240775,-0.05447476592676881,False,True,False
2026-08-19,CRWD,201.6300048828125,92,8,True,0.05037045633868087,0.4584655854648294,1.353291365133578,-0.11371426425137365,False,True,False
2026-08-19,MOG.A,410.94000244140625,92,8,True,0.005147305793460122,0.29101759889620804,1.163639331797894,-0.08446029441150638,False,True,False
2026-08-19,GSAT,82.45999908447266,92,8,True,0.01848740317445574,0.16784970492130702,2.3836682907174893,-0.028167347467629944,False,True,False
2026-08-19,FROG,91.20999908447266,92,8,True,0.062215468693945786,0.43873372126302845,1.6787078158051258,-0.08072971213145996,False,True,False
2026-08-19,ZETA,28.790000915527344,92,8,True,0.2896319235778555,0.4823320312033774,1.0041769143228008,-0.03680155558992915,False,True,False
2026-08-19,NSIT,147.25999450683594,92,8,True,0.18495458754834404,0.5667531961626822,1.3146808704681208,-0.06412463428849047,False,True,False
2026-08-19,RHI,43.540000915527344,92,8,True,0.18938352767082955,0.48925984438457526,0.9945030264633921,-0.03863987557129911,False,True,False
2026-08-19,MATX,218.25999450683594,92,8,True,0.061997349951181,0.32654195983113876,1.5096009134570343,-0.054086897326947714,False,True,False
2026-08-19,PSX,242.2899932861328,92,8,True,0.2312784703326738,0.4603000631771519,0.9984328402775151,-0.009979502176475363,False,False,False
2026-08-19,FA,21.139999389648438,92,8,True,0.0769395100153416,0.42841694204445346,1.396825410555726,-0.15944335147931,False,False,False
2026-08-19,EC,17.889999389648438,91,8,True,0.11415578267415705,0.34946552282919385,1.0875145888806688,-0.015951645250785962,False,True,False
2026-08-19,LILAK,8.279999732971191,91,8,True,0.1352842836992485,0.39622452584333523,0.7976637559377173,-0.06324245176845145,False,True,False
2026-08-19,MT,74.58999633789062,91,8,True,0.10626617617650003,0.30324512118872704,1.3360474671151117,-0.014142311292995813,False,True,False
2026-08-19,VCTR,115.80999755859375,91,8,True,0.19928709128350275,0.501428174955022,1.0306856047248467,-0.0313650056588719,False,False,False
2026-08-19,ALKS,50.18000030517578,91,8,True,0.0010772916341021954,0.36701750821144974,0.9936432321443334,-0.09861681416099,False,True,True
2026-08-19,EPC,28.739999771118164,91,8,True,0.07581621368115887,0.34635968934575967,0.8270820475200222,-0.04040069986637729,False,True,False
2026-08-19,TBBB,49.52000045776367,91,8,True,0.1787445194168662,0.3575435999233607,1.0797984699074292,-0.01354582260639714,False,False,False
2026-08-19,NBR,91.76000213623047,91,8,True,0.06898796088646653,0.199255334001732,1.950482347611279,-0.18724534193033415,False,True,False
2026-08-19,FIVN,32.7400016784668,91,8,True,0.28897135664463014,0.5934685071769643,1.4635065291529052,-0.05320994954186131,False,True,False
2026-08-19,AMRX,18.110000610351562,91,8,True,0.04134325837382291,0.2940590543926396,0.9684783680227189,-0.0597092214363405,False,True,False
2026-08-19,NHC,234.0399932861328,91,8,True,0.09222800320425062,0.3736809227169675,1.1720649028875436,-0.02153103851627336,False,True,False
2026-08-19,FRO,44.45000076293945,91,8,True,0.1495352877993239,0.37118145959060156,1.4118285418832226,-0.015503892342910053,False,True,False
2026-08-19,ZD,55.5,91,8,True,0.07755273264086693,0.33262739978416267,1.4721602723336922,-0.04409234090147085,False,False,False
2026-08-19,TNA,74.54000091552734,91,8,True,0.043182793105881245,0.3000127438441096,1.0551419899299144,-0.034955942813518104,False,True,False
2026-08-19,MSGE,82.43000030517578,91,8,True,0.06660490461003055,0.30227238483454744,1.2481930518721822,-0.08826460605794662,False,True,False
2026-08-19,HALO,107.62000274658203,91,8,True,0.31901482523183455,0.4977677149141859,0.7576352041672967,-0.00314928066667175,False,False,False
2026-08-19,DXPE,191.49000549316406,91,8,True,0.11951427266647507,0.3517305783807414,1.278557870146145,-0.07937497359055734,False,False,False
2026-08-19,SENEA,192.22000122070312,90,8,True,0.1213825810558018,0.37179332103133267,0.9303072673850667,-0.036056377861510724,False,True,False
2026-08-19,AIR,139.1699981689453,90,8,True,0.011728982133773824,0.2518490433794116,0.9418166837521675,-0.09629871318866678,False,True,False
2026-08-19,NWL,6.159999847412109,90,8,True,0.12733791905551617,0.42726395361744607,1.0065146519092552,-0.1360449160532543,False,True,False
2026-08-19,DAR,66.94000244140625,90,8,True,0.12276256787074047,0.29637112005209576,1.2963980554858523,-0.026610357583093824,False,True,False
2026-08-19,LQDT,43.58000183105469,90,8,True,0.10932365405776001,0.30801155048118045,1.0110752966138357,-0.01156721070011768,False,False,False
2026-08-19,LTH,44.650001525878906,90,8,True,0.08166907445318738,0.4263581192010373,0.8496272847888073,-0.05472634806965904,False,False,False
2026-08-19,IESC,697.3800048828125,90,8,True,0.01153567885169604,0.2832194933671157,1.2531743170791154,-0.14590146288225925,False,True,False
2026-08-19,TSHA,6.429999828338623,90,8,True,0.051581430986297416,0.20457660674144562,1.3718184838688856,-0.1191781287212077,False,True,False
2026-08-19,CBL,57.0,90,8,True,0.05342140283668617,0.33711008190842295,1.0331728307557535,-0.056291414569288434,False,True,False
2026-08-19,RELY,25.059999465942383,90,8,True,0.09046600921577141,0.395074341449726,1.0745032801502004,-0.07697974887489256,False,False,False
2026-08-19,URTY,86.71009826660156,90,8,True,0.04279027020560111,0.2961935331069103,1.0359262257793818,-0.034946024049448354,False,True,False
2026-08-19,APA,43.45000076293945,90,8,True,0.21104182262314386,0.3409128282881997,1.1768538454864066,-0.04840120656719438,False,False,False
2026-08-19,HBM,27.469999313354492,90,8,True,0.1266415376627843,0.20740350324981094,1.5624998721169034,-0.14556771354294584,False,True,False
2026-08-19,JAZZ,252.16000366210938,90,8,True,0.03397911813622989,0.26772528248897265,1.1423960084977325,-0.04863227588951169,False,True,False
2026-08-19,UCO,43.79999923706055,90,8,True,0.13154901541951936,0.33192840120054434,1.417218388987315,-0.17264827402237937,False,True,False
2026-08-19,BFH,108.51000213623047,90,8,True,0.03909313431803052,0.30358943245458914,1.0157904225377665,-0.05256261859102207,False,True,False
2026-08-19,PTEN,12.0600004196167,90,8,True,0.18237615784829564,0.325165549168277,1.3647060088495366,-0.0779816139173456,False,True,False
2026-08-19,ROKU,156.8000030517578,90,8,True,0.09980987564195098,0.3659905241468857,0.9966892332754693,-0.018097559931523177,False,True,False
2026-08-19,WTI,3.859999895095825,90,8,True,0.10449808290941287,0.33245880212084433,1.5733332633972168,-0.2401574895536992,False,True,False
2026-08-19,MSGS,402.8999938964844,89,8,True,0.030023815064343484,0.26672577951996956,1.0782502384665351,-0.08208598040806636,False,False,False
2026-08-19,TRLV,10.09000015258789,89,8,True,0.09972753706680004,0.2943497775121846,1.1858751665985912,-0.24021081660591181,False,True,True
2026-08-19,BLMN,10.609999656677246,89,8,True,0.1878372228764782,0.46671546462961877,1.0443159036031893,-0.15993669354397233,False,True,False
2026-08-19,ABNB,186.38999938964844,89,8,True,0.2314292872829835,0.374782086042742,0.6820684369304288,-0.014851995792380834,False,False,False
2026-08-19,XBI,169.5500030517578,89,8,True,0.11604647159739345,0.28300689494178033,0.9227716314921124,-0.0007660869261811865,False,True,False
2026-08-19,DNLI,25.690000534057617,89,8,True,0.0635391389982578,0.26095329775014453,1.0421304204975996,-0.05897431311343437,False,True,False
2026-08-19,VIR,9.770000457763672,89,8,True,0.0476201177543325,0.18194663593524885,1.2988236371208641,-0.16209257413223,False,True,False
2026-08-19,MRK,152.1999969482422,89,8,True,0.20089883709643686,0.32774838823552566,0.9618457509151241,-0.0082752607177905,False,True,False
2026-08-19,CMBT,17.860000610351562,89,8,True,0.1476526852393536,0.35818011565868124,1.2956298365950198,-0.007226190240163688,False,True,False
2026-08-19,PKE,35.529998779296875,89,8,True,0.012106495058689326,0.2452400554502252,1.0118912279890777,-0.10863024999377935,False,True,False
2026-08-19,CLBK,11.6899995803833,89,8,True,0.14002972030674732,0.3741080714821168,0.8827232330983916,-0.0258333683013916,False,False,False
2026-08-19,GUSH,43.93000030517578,89,8,True,0.23339285667791687,0.36244937807768984,1.1115116395478761,-0.09720508748599765,False,True,False
2026-08-19,CON,34.77000045776367,89,8,True,0.11685009642568134,0.43158590253040074,0.8748989115513743,-0.031476351534432734,False,False,False
2026-08-19,WT,22.700000762939453,89,8,True,0.15881365567676387,0.39980025067221714,1.1234800424683948,-0.03239549664075725,False,True,False
2026-08-19,CVE,32.47999954223633,89,8,True,0.16932956155232093,0.36932878770655164,1.1990520335538384,-0.018879323626106892,False,True,False
2026-08-19,JHX,30.200000762939453,88,8,True,0.13989796286706047,0.34300418212199757,0.8347510597025649,-0.0369897903327594,False,True,False
2026-08-19,CODI,11.59000015258789,88,8,True,0.09635433151624251,0.37835075290641274,1.5305677610600195,-0.12528300735185727,False,False,False
2026-08-19,CERS,2.8499999046325684,88,8,True,0.01575305091275725,0.23880723037557994,1.4782608380164444,-0.17867438584027262,False,True,True
2026-08-19,OGN,13.729999542236328,88,8,True,0.014751928563552008,0.3888185941836353,1.413005167691224,-0.0007278187080363985,False,False,False
2026-08-19,WHD,73.7300033569336,88,8,True,0.2573801076498774,0.38972013215390033,1.2207831826087494,-0.004186892960028832,False,True,False
2026-08-19,ERX,107.20999908447266,88,8,True,0.2175123618205339,0.34735946322733424,1.1229702789004485,-0.032226031180381254,False,True,False
2026-08-19,ETSY,80.45999908447266,88,8,True,0.018259298050558925,0.2857111847453877,0.8286363428289241,-0.08541159913581975,False,False,False
2026-08-19,FLTW,100.44999694824219,88,8,True,0.011660503949554535,0.27672037268449734,0.8981481561575069,-0.08946703022013414,False,False,False
2026-08-19,LPG,49.630001068115234,88,8,True,0.1697629619798542,0.42572951831082606,1.0888047386374482,-0.009183451448819602,False,True,False
2026-08-19,NET,291.8800048828125,88,8,True,0.09857850927457101,0.33374247793557044,0.8376881037455461,-0.12142554990568322,False,False,False
2026-08-19,OOMA,20.200000762939453,88,8,True,0.018627817000408387,0.33146581822091603,1.0626978767040245,-0.11091543250768587,False,True,False
2026-08-19,ITGR,125.30000305175781,88,8,True,0.21898546284090048,0.4338698023246941,1.0209677911573842,-0.0066592384806968274,False,False,False
2026-08-19,PK,15.829999923706055,88,8,True,0.08025111964123988,0.32344027004006337,0.6087398046983579,-0.008456011750175407,False,True,False
2026-08-19,BRKR,58.650001525878906,88,8,True,0.005523978928630324,0.24854579418202416,1.0557308136810577,-0.1018376908896621,False,True,True
2026-08-19,FTI,77.0199966430664,88,8,True,0.08499651552535004,0.23600620995733812,1.2474466184495765,-0.04380241596254608,False,True,False
2026-08-19,KMX,58.95000076293945,88,8,True,0.06982637539226388,0.3189881869889635,0.9481163356593196,-0.057704612070114125,True,True,False
2026-08-19,UGP,6.550000190734863,87,8,True,0.1419107735824494,0.2875579025909478,1.1061094571300765,-0.006069796802253391,True,True,False
2026-08-19,UHAL,72.66999816894531,87,8,True,0.05582028095876135,0.29743064129478847,0.7323002824149007,-0.04944406710514315,False,True,False
2026-08-19,SSL,12.100000381469727,87,8,True,0.08236728936672244,0.22357560957016043,1.3091604790066063,-0.15796795561359456,False,True,False
2026-08-19,BZH,33.189998626708984,87,8,True,0.07804538178353093,0.35121650753760636,0.861469364482772,-0.03908518393268112,True,False,False
2026-08-19,ATKR,93.43000030517578,87,8,True,0.1698872112461256,0.31744911606228365,0.7382325638172238,-0.007541949108518131,False,False,False
2026-08-19,AMAL,49.04999923706055,87,8,True,0.03528188364292495,0.24307027499226064,0.9518504128578831,-0.049234365342406994,False,True,False
2026-08-19,TECK,65.94999694824219,87,8,True,0.07667839449485081,0.1991202849433784,1.1287927024766349,-0.0743860077439693,False,True,False
2026-08-19,MLAB,119.72000122070312,87,8,True,0.18336177570173495,0.30848467135803603,1.035016105634495,-0.006060570743332994,False,True,False
2026-08-19,STT,185.80999755859375,87,8,True,0.037721187368679576,0.2852801660028561,0.7757071735703307,-0.04800694471155276,False,True,False
2026-08-19,ICUI,187.25999450683594,87,8,True,0.17800845994894443,0.30908294200683306,0.6645332845052083,-0.028986317966094077,False,False,False
2026-08-19,TEN,42.599998474121094,87,8,True,0.09505370845884742,0.26815338014799495,1.1460955997708107,-0.07088331751710708,False,True,False
2026-08-19,EWT,104.69999694824219,87,8,True,0.020505600467054075,0.28223416058830164,0.8189714115751405,-0.07164392550550325,False,True,False
2026-08-19,PHVS,36.27000045776367,87,8,True,0.06981054138543574,0.2612844644572636,0.7564165195052495,-0.017871644786301544,False,False,False
2026-08-19,FTDR,82.27999877929688,87,8,True,0.08328438670183447,0.3031513494213254,0.6975448051804958,-0.1193406988061545,False,True,False
2026-08-19,OPY,113.83999633789062,87,8,True,0.027316254859839573,0.24357806392527892,0.7840462919272195,-0.0762739507369169,False,True,False
2026-08-19,NMM,83.58000183105469,87,8,True,0.10440151030618794,0.27421359168463133,0.9487060624959309,-0.008658471695859427,False,True,False
2026-08-19,TGT,159.0,87,8,True,0.13939616970753477,0.34610182898490693,0.905560826315339,-0.018396752300759767,False,False,False
2026-08-19,TILE,39.31999969482422,87,8,True,0.14608168596200866,0.3104373309610069,0.6114754225226766,-0.02913581000434029,False,False,False
2026-08-19,TNK,90.81999969482422,87,8,True,0.2093885391355801,0.31371583327901154,1.085897973934947,-0.00699758797348482,False,False,False
2026-08-19,TRGP,297.0899963378906,86,8,True,0.09539269184019172,0.2898217503695961,1.0611211155536222,-0.026189820984807155,False,True,False
2026-08-19,ARTY,73.58000183105469,86,8,True,0.02622325131868819,0.26296351909119164,0.8138790662403184,-0.1010384459039565,False,True,False
2026-08-19,NUE,248.74000549316406,86,8,True,0.0007266088859736453,0.24568908325822192,0.8941516267132441,-0.11199165149013302,False,True,False
2026-08-19,RPRX,61.72999954223633,86,8,True,0.08072430675583453,0.2900953777976043,0.8112730618426192,-0.0011326811600061992,False,True,False
2026-08-19,SKM,38.7400016784668,86,8,True,0.13304676537947246,0.2916692297367567,0.9704985747274171,-0.17888932963366455,False,True,False
2026-08-19,PCVX,63.29999923706055,86,8,True,0.140725509622581,0.19342765127057593,1.1191830418001794,-0.026153857891376253,False,True,True
2026-08-19,XENE,62.31999969482422,86,8,True,0.008417491258734922,0.20928756182847286,0.7505618642126304,-0.14230668106444433,True,True,False
2026-08-19,TALO,17.170000076293945,86,8,True,0.18749567832317826,0.28152499536221676,1.0964592131872086,-0.0034822674136063547,False,True,False
2026-08-19,VFLO,55.08000183105469,86,8,True,0.13716604109780461,0.2975752995345442,0.5381178363242469,-0.005417104212250945,False,False,False
2026-08-19,EQNR,42.029998779296875,86,8,True,0.14376680821466659,0.2993235634246778,0.8881400874724126,-0.032903827319377243,True,True,False
2026-08-19,SM,36.13999938964844,86,8,True,0.1993893420621351,0.40760314088972893,1.0710600463928377,-0.01579525631191092,False,False,False
2026-08-19,MLKN,23.229999542236328,86,8,True,0.12089013343537625,0.2740006025294457,0.6870006368909747,-0.059894763135233564,False,True,False
2026-08-19,IBTA,37.900001525878906,86,8,True,0.17766237852781352,0.34046603796567587,0.9842932339754507,-0.06385078536498034,False,False,False
2026-08-19,WLY,51.970001220703125,86,8,True,0.04730086559591529,0.33026346582369626,0.8312192655927939,-0.09538572233059872,False,True,False
2026-08-19,PRLB,82.08000183105469,86,8,True,0.021169882022762376,0.2766513673117774,0.8199557562768689,-0.11741933514994962,False,True,False
2026-08-19,THC,268.5199890136719,86,8,True,0.2463285392729846,0.3154149195032694,0.7040232636978809,-0.033248782944656496,False,True,False
2026-08-19,TX,54.0,86,8,True,0.13004281924210015,0.2603629846742075,0.706700412189863,-0.02982392835003378,False,False,False
2026-08-19,BTE,4.730000019073486,86,8,True,0.11778050464815526,0.2033327023937357,1.4507772785605546,-0.11753733185596849,False,True,False
2026-08-19,USO,130.91000366210938,86,8,True,0.09007914738402034,0.2623398136873447,0.9837855417477268,-0.1503764141588647,False,True,False
2026-08-19,CNK,37.31999969482422,86,8,True,0.11071427410962631,0.31354566331830447,0.7277777331356166,-0.04258593809405864,False,True,False
2026-08-19,UFPT,312.8399963378906,86,8,True,0.18218960268985285,0.34305548625487337,0.7993787831567754,-0.07637801000806477,False,True,False
2026-08-19,BHP,92.29000091552734,85,8,True,0.08386730678334953,0.24439927369556425,0.7806289341134167,-0.016412670632791726,False,False,False
2026-08-19,ARMK,59.779998779296875,85,8,True,0.054514382666168926,0.3175860418243197,0.7045907983888424,-0.045810098590285175,False,False,False
2026-08-19,SRRK,56.5099983215332,85,8,True,0.10484380284131367,0.22489208785390646,1.0875507557666473,-0.03385199692450236,False,True,False
2026-08-19,BWLP,23.31999969482422,85,8,True,0.13360164337356095,0.35194281763668744,0.9897610207765106,-0.023041521787681818,False,True,False
2026-08-19,NVCR,18.200000762939453,85,8,True,0.10638302766836572,0.30065037906500924,0.8533606240875997,-0.15155467895706598,False,True,False
2026-08-19,FBT,271.8699951171875,85,8,True,0.1036892017226021,0.2513307283366806,0.5898830123812135,0.0,False,True,False
2026-08-19,FCX,69.08999633789062,85,8,True,0.07542106420760741,0.17455348665798054,0.9655759129063954,-0.04413395815274923,False,True,False
2026-08-19,BNO,52.31999969482422,85,8,True,0.11976713267004158,0.260358439221241,0.927781903885369,-0.13961521931811327,False,True,False
2026-08-19,UNF,289.3500061035156,85,8,True,0.03417441607505256,0.218557981728839,0.9595692735159056,-0.05647766839225099,True,True,False
2026-08-19,LLY,1280.3399658203125,85,8,True,0.08945854818665233,0.22020874504882926,0.8687001681350797,-0.009523117906047318,False,True,False
2026-08-19,WKC,36.4900016784668,85,8,True,0.035095132616479674,0.30955164163832616,0.6429537677909003,-0.11432036401099854,False,True,False
2026-08-19,AMTB,28.520000457763672,85,8,True,0.07230946477322564,0.2639463052922695,0.8258643192520654,-0.06797385286849955,False,True,False
2026-08-19,VIRT,59.97999954223633,85,8,True,0.008402791684590794,0.3078208609867117,0.9011093817010358,-0.11820049246723441,False,True,False
2026-08-19,FLYW,18.829999923706055,85,8,True,0.10149810576522822,0.3047575446006312,0.7848340837228407,-0.015424840590533062,False,True,False
2026-08-19,TEVA,37.470001220703125,85,8,True,0.10993284705454198,0.17898039500101115,1.1621466466048367,-0.009516272612390853,False,True,False
2026-08-19,VLUE,201.00999450683594,85,8,True,0.023535012358509633,0.23754318685159825,0.7310539937336733,-0.026915876556349194,False,True,False
2026-08-19,COLO,49.810001373291016,85,8,True,0.11414322672707189,0.23826467298999376,0.5959629232437909,-0.0010027925481045363,False,True,False
2026-08-19,SAFT,103.55999755859375,85,8,True,0.2181809365930616,0.33349211411203306,0.5447493458283634,-0.0018313488328313143,False,True,False
2026-08-19,MBIN,53.5,85,8,True,0.052940267758548876,0.24049989019608398,0.7616068001844167,-0.05925793907471555,False,True,False
2026-08-19,OVV,65.55999755859375,85,8,True,0.13152704014806105,0.28408520458262454,0.8483223936380273,-0.013096533833889645,False,False,False
2026-08-19,PR,23.020000457763672,85,8,True,0.15372280501108304,0.2798274549149007,0.9312080797335729,-0.006473872163847871,False,True,False
2026-08-19,UHAL.B,63.91999816894531,84,8,True,0.05633334358803155,0.2570588757468679,0.6133266000041402,-0.04454414482757285,True,True,False
2026-08-19,IBB,216.9600067138672,84,8,True,0.15041633289789869,0.24387340597180285,0.5849222564192196,-0.00036853379441537104,False,True,False
2026-08-19,GPRE,16.030000686645508,84,8,True,0.0035308672672165198,0.14223421176653295,1.1288180929617129,-0.18422386779443223,False,True,False
2026-08-19,DAC,147.60000610351562,84,8,True,0.11140062949711327,0.2853795560721344,0.7663955291527611,-0.0004055992747368231,False,False,False
2026-08-19,DHT,19.989999771118164,84,8,True,0.10208176087624077,0.2274082152150152,0.8682243109769787,-0.02725058329600627,False,True,False
2026-08-19,GEF,87.58000183105469,84,8,True,0.12574169024647275,0.24960675760395667,0.5709417368799048,-0.03301311553322661,False,True,False
2026-08-19,UWM,67.19000244140625,84,8,True,0.03155305753564419,0.21360016542182936,0.6801700330406761,-0.02368493549325834,False,True,False
2026-08-19,SWK,99.80000305175781,83,8,True,0.0847849934022098,0.24555618954792124,0.6122778770858968,-0.04661823881535354,False,True,False
2026-08-19,PAG,217.86000061035156,83,8,True,0.09615314798348673,0.27831970514951454,0.5548102212546271,-0.04026431449184331,True,True,False
2026-08-19,PRAA,19.440000534057617,83,8,True,0.09331416316092711,0.15905740247030264,0.8965854179568407,-0.13791568994342573,False,True,False
2026-08-19,INCY,128.47000122070312,83,8,True,0.11450409168549935,0.24304194683577007,0.5842891481384052,-0.031146340065688727,False,True,False
2026-08-19,ALRS,32.68000030517578,83,8,True,0.02582132282275884,0.2459705250888582,0.6090596338998688,-0.05000003326770719,False,True,False
2026-08-19,AMGN,442.3599853515625,83,8,True,0.17917696658552207,0.25870412418876776,0.6397672215835091,-0.001872824488980851,False,True,False
2026-08-19,BNY,159.75999450683594,83,8,True,0.043491398743136456,0.23112532676851738,0.6028895098004845,-0.0357897751656282,False,True,False
2026-08-19,BAX,26.639999389648438,83,8,True,0.14068438518280724,0.3405392053454981,0.6935791586082296,-0.11200002034505208,False,True,False
2026-08-19,BBIO,83.94999694824219,83,8,True,0.0751806404616393,0.1503951097854952,0.793420091547842,-0.1013220989618584,True,True,False
2026-08-19,BBVA,28.530000686645508,83,8,True,0.09768768334325362,0.21961909555044534,0.6055149100562245,-0.019924421557717342,False,False,False
2026-08-19,ANET,186.4499969482422,83,8,True,0.05945925378686567,0.25320735541329054,0.6280999162911762,-0.13234679381164471,False,True,False
2026-08-19,DRH,12.720000267028809,83,8,True,0.028144669706150482,0.23033473473917754,0.7005347907210804,-0.07759243638753699,False,True,False
2026-08-19,SPB,88.79000091552734,83,8,True,0.025402363632775815,0.19572347020121805,0.7761551897241414,-0.10367450934966693,True,False,False
2026-08-19,SAIC,128.7100067138672,83,8,True,0.11272878675701126,0.26455246154025636,0.5874445462157056,-0.007594745786082546,False,True,False
2026-08-19,SBLK,30.170000076293945,83,8,True,0.11450969271627032,0.26910547174875954,0.8044259159865368,-0.023624580946549845,False,False,False
2026-08-19,UFCS,52.790000915527344,83,8,True,0.02543085309569104,0.2644296438875551,0.7750504815670529,-0.054281597919424995,False,True,False
2026-08-19,VSEC,230.4199981689453,83,8,True,0.08651060689511847,0.17895390870649042,0.48975238182429304,-0.07032482350349667,False,True,False
2026-08-19,HLX,10.430000305175781,82,8,True,0.10917331002438657,0.2055086158168402,0.8591800458018655,-0.029767413472020388,False,True,False
2026-08-19,TRNS,91.7699966430664,82,8,True,0.01797905170206704,0.23254412039716055,0.8269957690503424,-0.0823000335693359,False,True,False
2026-08-19,DJCO,598.1500244140625,82,8,True,0.04065111421629575,0.13645738533025908,0.7157158478517158,-0.11352349104992587,False,False,False
2026-08-19,COPP,42.41999816894531,82,8,True,0.07345603591121375,0.12557104513157413,0.8711953253720528,-0.10619471160454075,False,True,True
2026-08-19,SLDE,22.479999542236328,82,8,True,0.13014230641032154,0.23179261138993668,0.7940941756832529,-0.02260871555494226,False,True,False
2026-08-19,ACA,145.25,82,8,True,0.0190136371984313,0.2034397248922093,0.6314725597163164,-0.011366717872028254,False,True,False
2026-08-19,JOYY,74.88999938964844,82,8,True,0.05957021995753098,0.16413457464477976,0.543169199946423,-0.02334377814819233,True,True,False
2026-08-19,GRMN,295.6700134277344,82,8,True,0.1338953429666112,0.2669906811322138,0.5839182317885856,-0.05921466661526675,False,True,False
2026-08-19,MANU,23.93000030517578,82,8,True,0.05970295820162108,0.2875698289801316,0.6401644999935943,-0.02126791171932696,False,False,False
2026-08-19,HACK,112.29000091552734,82,8,True,0.05076106154477933,0.2785253043425895,0.6119723659533194,-0.07936377968595698,False,False,False
2026-08-19,DBO,21.59000015258789,82,8,True,0.0864095710924726,0.2418573313106498,0.8158115667938153,-0.09966636510725935,False,True,False
2026-08-19,USFD,107.5199966430664,82,8,True,0.07588638246801382,0.21773044332394464,0.5387477158220595,-0.03500270678487505,False,True,False
2026-08-19,DXCM,89.87999725341797,82,8,True,0.16672114385480774,0.3025775060010656,0.6610607325741444,-0.022618549932172605,False,False,False
2026-08-19,HELE,28.40999984741211,82,8,True,0.008713061613745854,0.30531267604483214,1.0512634703911332,-0.07398958393689192,False,True,False
2026-08-19,GFF,102.9000015258789,82,8,True,0.08772865565660481,0.22702021957993113,0.5828333817040765,-0.05222435465490394,False,True,False
2026-08-19,TPC,90.33000183105469,82,8,True,0.08860181773151621,0.17230847203753696,0.6780605379608782,-0.11700880609599795,False,True,False
2026-08-19,PAYO,7.099999904632568,81,8,True,0.005053563973847375,0.2366644743701951,0.7401960875977924,-0.011142050921826518,False,True,False
2026-08-19,TRST,56.5,81,8,True,0.02185873825082818,0.19566850534013525,0.6467501526823902,-0.042048144480916316,False,False,False
2026-08-19,ASH,72.47000122070312,81,8,True,0.05934497339182543,0.21189420987133745,0.5652268340146098,-0.07386579909644564,False,True,False
2026-08-19,PWR,677.4099731445312,81,8,True,0.007182157639285869,0.17354837991019845,0.8660917190187027,-0.14116009743958002,False,True,False
2026-08-19,EMBJ,77.75,81,8,True,0.17422651583062132,0.19030122570848484,0.4516429799565298,-0.037151702786377694,False,False,False
2026-08-19,WEX,195.4199981689453,81,8,True,0.20712339078632325,0.25997876965368794,0.5597413739401345,-0.021383165007040628,False,True,False
2026-08-19,FDX,328.3800048828125,81,8,True,0.027115772548758743,0.15390759957892453,0.8413971223988024,-0.04919359085785702,False,True,False
2026-08-19,SLAB,218.9199981689453,81,8,True,0.0027914288149781807,0.16128534922096693,0.895247113845214,-0.008963312730859152,False,True,False
2026-08-19,AMBP,5.230000019073486,81,8,True,0.11134721721959195,0.22395010811997018,0.5896656777247475,-0.043875645397374874,False,True,False
2026-08-19,RSPT,63.81999969482422,81,8,True,0.02320897766668706,0.21707954017270792,0.5816605231287892,-0.05437840102400515,False,True,False
2026-08-19,MGA,71.01000213623047,81,8,True,0.06188262402164635,0.19943958909451265,0.6471816546246942,-0.01361294286177861,False,True,False
2026-08-19,IVZ,32.209999084472656,81,8,True,0.09791594033304496,0.20622018459514857,0.5727538967003054,-0.01798780994852134,False,True,False
2026-08-19,ADAM,10.180000305175781,81,8,True,0.09636845783772552,0.23560938002812115,0.5782946676297052,-0.017374455353910245,False,True,False
2026-08-19,S,21.31999969482422,81,8,True,0.1578398561307881,0.35023874565062263,0.8052496983328787,-0.10981214965909036,False,False,False
2026-08-19,IHE,108.16000366210938,81,8,True,0.08332902882540294,0.20453620646236859,0.5670821344929011,-0.0046015091399665975,False,True,False
2026-08-19,EXPD,186.44000244140625,81,8,True,0.08241546555348145,0.1985448437331423,0.6506419431497628,-0.018685209480061582,False,True,False
2026-08-19,AGM,226.92999267578125,81,8,True,0.09300009855465663,0.27320560890235335,0.6616385773272082,-0.08602843927639081,False,True,False
2026-08-19,UVE,42.22999954223633,81,8,True,0.025841570979693085,0.1780688809352864,0.7856236880929264,-0.06467335293375132,False,True,False
2026-08-19,WST,352.7900085449219,81,8,True,0.01673922954697238,0.2187404192911926,0.5761515688643264,-0.08603624729294856,False,True,False
2026-08-19,PNTG,39.13999938964844,81,8,True,0.024827296748426653,0.21081065919782183,0.7587059476797666,-0.08315763296463285,False,True,False
2026-08-19,SXC,9.460000038146973,80,8,True,0.08082170630392405,0.255049723013838,0.7137681287743669,-0.04637097123076095,False,True,False
2026-08-19,ROST,234.69000244140625,80,8,True,0.0015029638030819026,0.12663008205624826,0.6367250396846638,-0.08680932902176552,False,True,False
2026-08-19,RRBI,99.91000366210938,80,8,True,0.033690413110599726,0.15841580227213226,0.6311837332589285,-0.04254906446513118,False,True,False
2026-08-19,CHRD,147.8300018310547,80,8,True,0.14465043060048433,0.2573839434008758,0.7546587754427856,-0.027114150707030715,False,True,False
2026-08-19,JNJ,273.4100036621094,80,8,True,0.07817638046678788,0.18359155276793326,0.5773957236128284,-0.01106809977604406,False,True,False
2026-08-19,HSBC,102.30000305175781,80,8,True,0.03019906523236693,0.1716864578365036,0.6097561649080141,-0.052075567202934714,False,True,False
2026-08-19,AVNT,44.2599983215332,80,8,True,0.14955063456501505,0.23668069736790098,0.6106258755028828,-0.0510291830887859,False,False,False
2026-08-19,LXP,60.83000183105469,80,8,True,0.05922467088524819,0.183855769424901,0.46401932486192043,-0.012660262482870666,True,True,False
2026-08-19,VOYA,98.0999984741211,80,8,True,0.018338378548121925,0.2291453861281625,0.5209302089011023,-0.05536832050539575,True,True,False
2026-08-19,WSM,242.30999755859375,80,8,True,0.04907819616897946,0.19978905630087263,0.4640203347271925,-0.04935463086499414,False,True,False
2026-08-19,UDOW,73.66999816894531,80,8,True,0.04411737871994048,0.19639940695508318,0.5928648252744932,-0.0705274264019975,False,True,False
2026-08-19,NTRS,185.39999389648438,79,8,True,0.025163473610517517,0.19572398606359376,0.5307132570364501,-0.05301871972383598,False,True,False
2026-08-19,BIIB,221.55999755859375,79,8,True,0.0833318512289245,0.18252018517262525,0.6846106323080947,-0.0026558467436444966,False,True,False
2026-08-19,WTS,374.7200012207031,79,8,True,0.05425093808291792,0.2070512303858716,0.44123077392578125,-0.050235735020424555,False,True,False
2026-08-19,OBK,52.5099983215332,79,8,True,0.007308759158297429,0.18587738335804538,0.6345524769348856,-0.055065707937659414,False,False,False
2026-08-19,GNK,26.200000762939453,79,8,True,0.050049726429950425,0.176370260855637,0.6848874882040301,-0.03853208209396497,False,False,False
2026-08-19,OC,151.22999572753906,79,8,True,0.0698307806009586,0.23103243526463513,0.550599791042357,-0.05428058117559187,False,True,False
2026-08-19,HWM,283.4800109863281,79,8,True,0.021934787050492233,0.17078332455815715,0.672941965722879,-0.08554835165700603,False,True,False
2026-08-19,RUSHA,78.33000183105469,79,8,True,0.04973360205913169,0.1806763074443274,0.7151303913192957,-0.06191614573587201,False,True,False
2026-08-19,BPOP,170.57000732421875,79,8,True,0.007256401163989956,0.19606678555529355,0.5686041077351356,-0.048370887654742734,False,True,False
2026-08-19,IEO,134.75999450683594,79,8,True,0.1350427585849947,0.23769111868446835,0.5682531598771448,-0.00893555096261378,False,False,False
2026-08-19,SU,67.47000122070312,79,8,True,0.10593867642355104,0.19236127052793983,0.786338374450154,-0.040119500044013656,False,False,False
2026-08-19,BSTZ,30.559999465942383,79,8,True,0.035033987157306434,0.21179435576733674,0.49145923900977606,-0.04170586231299134,False,True,False
2026-08-19,IHAK,64.52999877929688,79,8,True,0.056259511393751405,0.2534576472450285,0.5750548415089702,-0.05726805469267415,False,False,False
2026-08-19,CIBR,95.54000091552734,79,8,True,0.047573942524705926,0.2538609080655767,0.5904777992492534,-0.06653637186243477,False,False,False
2026-08-19,UPRO,152.16000366210938,79,8,True,0.06193210274010186,0.21658608848804506,0.7261486219876983,-0.04078674287051065,False,True,False
2026-08-19,OSBC,25.040000915527344,79,8,True,0.04971036273478524,0.18879479831431634,0.5039039933466178,-0.03914039030384742,False,True,False
2026-08-19,TMP,97.06999969482422,79,8,True,0.019015597774230564,0.18131556547613426,0.5686812866724602,-0.053806383079357256,False,True,False
2026-08-19,SPXL,290.8599853515625,79,8,True,0.0626349878908734,0.2195998324154229,0.73089738736359,-0.04063595099229944,False,True,False
2026-08-19,FBP,28.459999084472656,79,8,True,0.038754334532634216,0.2243835212724039,0.48538618534053235,-0.04752343092962508,True,True,False
2026-08-19,WAB,292.2300109863281,78,8,True,0.04924335000533353,0.17294794784252332,0.5859655904607475,-0.046993226499256524,True,False,False
2026-08-19,SXT,133.22000122070312,78,8,True,0.09420945698288485,0.27628286621002474,0.6128329743546119,-0.024600970605548667,False,True,False
2026-08-19,BMRN,69.33000183105469,78,8,True,0.15133985432139907,0.21413888957771077,0.40743004858666865,-0.023246005182355756,False,False,False
2026-08-19,WASH,39.189998626708984,78,8,True,0.051013974546547436,0.18215749479301224,0.5533095258722813,-0.03234571292076582,False,True,False
2026-08-19,LIVN,80.83999633789062,78,8,True,0.004659116061241253,0.18609153938443024,0.6558786735605222,-0.057369469167274256,False,True,True
2026-08-19,CALF,57.540000915527344,78,8,True,0.09120660578055073,0.2093495901634339,0.3831731496654345,-0.006817993413318124,False,True,False
2026-08-19,RBCAA,93.4000015258789,78,8,True,0.012060213670961328,0.21144676283204467,0.4600593988366397,-0.08628448042943149,False,True,False
2026-08-19,KFY,84.4000015258789,78,8,True,0.0989812469847493,0.23410037858845167,0.4317218054887506,-0.01826218067385732,False,True,False
2026-08-19,THFF,78.81999969482422,78,8,True,0.0157294968136108,0.1755879766232311,0.5391525308330491,-0.06356182238928676,False,True,False
2026-08-19,WSFS,79.80999755859375,78,8,True,0.017891186738004272,0.1899729377363677,0.5987580225562323,-0.037738181705790574,False,True,False
2026-08-19,VRTX,552.0599975585938,78,8,True,0.13423530487311663,0.20330178486008932,0.475425549207503,-0.002943894373431455,False,True,False
2026-08-19,DGX,241.75999450683594,78,8,True,0.11022630971556624,0.22396830265398604,0.4123145510628383,-0.00259913727628569,False,True,False
2026-08-19,E,55.970001220703125,78,8,True,0.09435675481842765,0.18583776830808518,0.6447253373030997,-0.03499997895339435,False,True,False
2026-08-19,SPYU,35.66999816894531,78,8,True,0.06628477866720539,0.21969561186340614,0.9417526695351999,-0.05684826925509312,False,True,False
2026-08-19,BH,390.20001220703125,78,8,True,0.025812543490978834,0.12189627693607852,0.6609910405601767,-0.19313480710852582,True,False,False
2026-08-19,SRCE,85.70999908447266,78,8,True,0.023733013069655806,0.1914020430270853,0.5065916682022014,-0.06286901440584192,False,True,False
2026-08-19,VVX,82.51000213623047,77,8,True,0.019664181016695315,0.19044100983200263,0.6213720496608532,-0.12204725272396899,False,True,False
2026-08-19,AIA,137.1300048828125,77,8,True,0.0019054946273531215,0.16388176642178331,0.6426688951662927,-0.09083071525509634,False,True,True
2026-08-19,ASC,18.389999389648438,77,8,True,0.12013932920643255,0.2394855615736211,0.7837050088434558,-0.08187724616956704,False,True,False
2026-08-19,BMY,67.61000061035156,77,8,True,0.12380282041399426,0.18748930705639033,0.590075255937744,-0.015005809855123786,False,True,False
2026-08-19,CLH,325.2200012207031,77,8,True,0.07082273807406558,0.17744811795855941,0.6152776752559186,-0.03191046360301464,False,True,False
2026-08-19,ING,34.689998626708984,77,8,True,0.05453546335641368,0.18712940118779064,0.4680490841618623,-0.04277050165477225,False,True,False
2026-08-19,JXN,131.0399932861328,77,8,True,0.10564358607194246,0.1887584405527607,0.4613582687850979,-0.050366055006610955,False,True,False
2026-08-19,RVTY,119.44999694824219,77,8,True,0.08285541498129345,0.19134112945929527,0.47069681301351873,-0.02178366758507644,False,True,False
2026-08-19,DFEN,80.93000030517578,77,8,True,0.04046673708314463,0.1099917785645732,0.5183865190171251,-0.17207160813119404,False,True,False
2026-08-19,BCRX,10.069999694824219,77,8,True,0.054869974055806736,0.19796805867557055,0.6783332824707031,-0.10249559223131144,False,True,False
2026-08-19,RHP,128.33999633789062,77,8,True,0.0121131541565338,0.21321258359005268,0.5311381150698746,-0.06634664579175031,False,False,True
2026-08-19,KNTK,54.709999084472656,77,8,True,0.1076019740254941,0.24441167105981076,0.7462495760517371,-0.008517600908005796,False,False,False
2026-08-19,BEN,33.97999954223633,77,8,True,0.019410171269148124,0.22090336990207704,0.6096635982840188,-0.06339579146769536,False,True,False
2026-08-19,SAN,14.170000076293945,77,8,True,0.026231558133446242,0.1576040862735011,0.5220192736443869,-0.05533332824707027,False,False,False
2026-08-19,OSPN,15.770000457763672,77,8,True,0.04441239334192604,0.238942262750671,0.5660378287666823,-0.14664497573600643,False,True,False
2026-08-19,BH.A,1972.6300048828125,77,8,True,0.02719254219001921,0.10103506518781691,0.5934006501476676,-0.2150298428639823,True,True,False
2026-08-19,SCL,63.880001068115234,77,8,True,0.08831207691998388,0.21451911101301668,0.5274988410873,-0.060588219586540704,False,True,False
2026-08-19,CNXN,77.94999694824219,76,8,True,0.00674170537663743,0.19464512173686588,0.41804612001507846,-0.11731401762838567,False,True,False
2026-08-19,BNS,87.69000244140625,76,8,True,0.005195087644092045,0.14101172237373483,0.5509374075253033,-0.047262042925373726,False,True,False
2026-08-19,RTX,220.35000610351562,76,8,True,0.09033638998579296,0.15238797567410578,0.4630502968630277,-0.028781728837980802,False,True,False
2026-08-19,PEBO,39.83000183105469,76,8,True,0.016953527206560848,0.17342231644708095,0.44889058430991,-0.05816975718176054,False,True,False
2026-08-19,CSX,50.68000030517578,76,8,True,0.02981757439650301,0.19975948925113962,0.5937107396566221,-0.054477579329692216,False,True,False
2026-08-19,CM,117.83999633789062,76,8,True,0.008175567597360933,0.15064524899432263,0.6235876738083881,-0.05622300366927069,False,True,False
2026-08-19,CTBI,76.11000061035156,76,8,True,0.024735840762347694,0.1841168790467833,0.5146268778179415,-0.04767264321677889,False,True,False
2026-08-19,NIC,172.66000366210938,76,8,True,0.04595896578618652,0.18054852591164594,0.5129688004435371,-0.040777757432725714,False,True,False
2026-08-19,IEX,234.4499969482422,76,8,True,0.0331051720209774,0.159529652430777,0.4820784710151498,-0.038351132020005174,False,True,False
2026-08-19,SNDA,40.599998474121094,76,8,True,0.031006342797616826,0.16063665359584944,0.6272543981011829,-0.08537961179632625,False,True,False
2026-08-19,SUN,76.88999938964844,76,8,True,0.08724853607261762,0.2183855852050307,0.602542728704341,-0.015619014353732363,True,True,False
2026-08-19,FYC,122.94999694824219,76,8,True,0.014703474840860764,0.15379703750087592,0.5004880801188822,-0.03621543276345618,False,True,False
2026-08-19,CPAY,407.0799865722656,76,8,True,0.10208317362905905,0.2382751600868802,0.6100300287469218,-0.04430103320573198,False,True,False
2026-08-19,BY,38.130001068115234,76,8,True,0.013163439180915448,0.16534766968266368,0.4912006853028381,-0.04746434596856153,False,True,False
2026-08-19,EBC,23.010000228881836,75,8,True,0.029345987884730196,0.13612098242722603,0.4618805948843552,-0.03217663099570334,False,True,False
2026-08-19,LH,330.44000244140625,75,8,True,0.14072904996023872,0.21897235720156027,0.35138228638834534,-0.002294715391344626,False,True,False
2026-08-19,AIT,346.19000244140625,75,8,True,0.02285023325218538,0.18574259734120013,0.4525048576010653,-0.07633400822671854,False,True,False
2026-08-19,MD,26.219999313354492,75,8,True,0.023347281935956365,0.155669340658795,0.6700636708212648,-0.06156052927080369,False,True,False
2026-08-19,SHG,73.55999755859375,75,8,True,0.05296605149529743,0.17009850338506705,0.5901426767746527,-0.051328389346673275,False,True,False
2026-08-19,IPAR,117.01000213623047,75,8,True,0.01707321612106827,0.20643544363015653,0.515477315421466,-0.09498021337757667,False,True,True
2026-08-19,MHK,135.24000549316406,75,8,True,0.13790497131194868,0.2020195923428716,0.4543500225829755,-0.05512470565559169,False,False,False
2026-08-19,XOP,186.3300018310547,75,8,True,0.11949311895182713,0.20268576876617628,0.5259192605004297,-0.02117040747202925,False,True,False
2026-08-19,XYZ,80.93000030517578,75,8,True,0.03867203648228679,0.19152696000797276,0.6786974039010403,-0.06708933365791603,False,True,False
2026-08-19,URI,1117.0400390625,75,8,True,0.017937876937303532,0.21961189825782412,0.5921549570325009,-0.052697647363419864,False,True,False
2026-08-19,WSBC,41.15999984741211,75,8,True,0.035034243773363505,0.157472174266015,0.39195131120060656,-0.04323571805113491,False,True,False
2026-08-19,IWC,199.13999938964844,75,8,True,0.02938029418646182,0.14359253110915993,0.4842364321932362,-0.020365994758506867,False,True,False
2026-08-19,CNO,53.29999923706055,75,8,True,0.007664282732212868,0.17862463663486494,0.4119205095910079,-0.07449211502275999,False,True,False
2026-08-19,SW,48.709999084472656,75,8,True,0.06354174319346506,0.16816992493891036,0.4882825307285992,-0.07483385236882911,False,True,True
2026-08-19,DIVB,68.93000030517578,75,8,True,0.07359071885499269,0.1997742492357486,0.36279157393890626,-0.005984583001253818,False,False,False
2026-08-19,SRTA,5.889999866485596,74,8,True,0.08049600763297748,0.17024127407409884,0.5298701330871121,-0.0938461743868314,False,True,True
2026-08-19,SFL,12.649999618530273,74,8,True,0.10303090744345078,0.24269361030369474,0.8796433258066749,-0.022411126063146103,False,True,False
2026-08-19,FESM,48.27000045776367,74,8,True,0.01979591978183226,0.15370206854254387,0.4336205251797225,-0.013488654062859151,False,True,False
2026-08-19,TRV,362.2200012207031,74,8,True,0.03816463487147437,0.1793645435023299,0.4358995049089618,-0.09149739119492506,False,True,False
2026-08-19,INVX,29.420000076293945,74,8,True,0.08484826662147671,0.1557219447768543,0.8584965393610853,-0.12726191411125698,False,False,False
2026-08-19,PFG,111.63999938964844,74,8,True,0.0006184356262630697,0.14928683555603306,0.44349631078212837,-0.042620711728749705,False,True,False
2026-08-19,IDT,66.19000244140625,74,8,True,0.07767607221322659,0.24064692708581026,0.44772529908493985,-0.04280548111578708,False,True,False
2026-08-19,FMBH,50.11000061035156,74,8,True,0.01694985218028755,0.15782968968041855,0.4669203991272204,-0.0609070457800841,False,True,False
2026-08-19,BAC,63.16999816894531,74,8,True,0.04881634097756593,0.1627168248828048,0.3696877630513806,-0.031580639000064026,False,True,False
2026-08-19,WRBY,28.5,74,8,True,0.06283796533820807,0.1681907798640283,0.9050802090459196,-0.08064516129032262,False,True,True
2026-08-19,YPF,50.060001373291016,74,8,True,0.006664195990630617,0.18057409486838516,1.1936898353528496,-0.12923986933816234,True,True,False
2026-08-19,GSBC,78.52999877929688,74,8,True,0.001870276909564872,0.16216860209022377,0.4607515109955318,-0.05282842466950943,False,True,False
2026-08-19,CCS,70.86000061035156,74,8,True,0.05841129856302185,0.1384970710053235,0.49888944099900123,-0.0676315709164268,False,True,False
2026-08-19,FXN,23.450000762939453,74,8,True,0.09785674961588575,0.18258452561399308,0.5447958031294589,-0.008456611366459255,False,True,False
2026-08-19,IXN,139.0,74,8,True,0.005045484993491556,0.1745906520253353,0.49029704087947046,-0.0722819308463093,False,False,False
2026-08-19,EXEL,54.38999938964844,74,8,True,0.0036277374440869536,0.16362157047951875,0.6110782610719729,-0.05523710825139494,False,False,True
2026-08-19,SON,57.900001525878906,74,8,True,0.04649399980628521,0.1511770065427982,0.49805948874570594,-0.045656778089112615,False,True,False
2026-08-19,SPHB,148.5800018310547,74,8,True,0.008478892169665464,0.145362714140425,0.48135590538699136,-0.05705403995232461,False,True,True
2026-08-19,CSW,328.2099914550781,74,8,True,0.1018683279937056,0.14381758474497208,0.4242134771162194,-0.07672099684876987,False,True,False
2026-08-19,SEIC,107.36000061035156,74,8,True,0.10499284681152399,0.23447563747605882,0.42994136910030245,-0.006248003229295529,False,True,False
2026-08-19,HOPE,13.970000267028809,73,8,True,0.023233352759339132,0.15400185483222084,0.42551020358513414,-0.04249485120458407,False,True,False
2026-08-19,RSPG,113.69000244140625,73,8,True,0.0981697768787737,0.17812558521300237,0.5432334093545679,-0.009840611829864176,False,True,False
2026-08-19,HSIC,89.29000091552734,73,8,True,0.0470584226373989,0.14550139496934067,0.4413236451313103,-0.031351696464316126,False,True,False
2026-08-19,MFC,43.41999816894531,73,8,True,0.026259144704101844,0.14666143977618673,0.4619527627462583,-0.04213553022186001,True,False,False
2026-08-19,VG,13.789999961853027,73,8,True,0.08724789405493882,0.254075285148319,1.4108392425991663,-0.21736666827236117,False,True,False
2026-08-19,CFR,164.6999969482422,73,8,True,0.03802824818700734,0.16789250665639788,0.38403358780035446,-0.03571432081103143,False,True,False
2026-08-19,FLR,54.060001373291016,73,8,True,0.053074517870309146,0.14152265115774876,0.37452323560802947,-0.0668047455808316,False,False,False
2026-08-19,CNI,127.63999938964844,73,8,True,0.0319480221456907,0.16965816109393317,0.4066564072579977,-0.029722566107208692,True,True,False
2026-08-19,GSG,33.290000915527344,73,8,True,0.08130057706269955,0.17225949336931734,0.511807457923561,-0.04722374859855727,False,True,False
2026-08-19,ACT,49.709999084472656,73,8,True,0.07952100738984202,0.18153396335796979,0.43504618823196717,-0.01681175367347565,False,True,False
2026-08-19,LAUR,38.380001068115234,73,8,True,0.023958185495835504,0.12386368527697833,0.5366137714744728,-0.062186883723644226,True,True,False
2026-08-19,LB,82.19999694824219,73,8,True,0.11215738276224951,0.23320281437893908,0.8788570731026786,-0.06590912558815698,False,False,False
2026-08-19,DBRG,15.920000076293945,73,8,True,0.006932148956984019,0.07495299292192947,0.7807607185157583,-0.003130882272938451,False,True,False
2026-08-19,LGIH,59.52000045776367,73,8,True,0.020803686809427235,0.19411849407293347,0.7740686083836246,-0.1435971157156306,False,True,True
2026-08-19,PAGP,26.094999313354492,72,8,True,0.04261972782955059,0.16455111180674908,0.5644483714581978,-0.025578840766520505,False,False,False
2026-08-19,IMO,136.1199951171875,72,8,True,0.11131971357462134,0.19041940818715264,0.650939965499775,-0.023809575918602333,False,True,False
2026-08-19,NVST,27.579999923706055,72,8,True,0.03299749152256437,0.10971401917209156,0.46936596969012756,-0.09335963660306101,False,False,False
2026-08-19,VDE,179.05999755859375,72,8,True,0.10764288272226863,0.18051898445019177,0.509526162641682,-0.009623924025410235,False,True,False
2026-08-19,CAH,234.85000610351562,72,8,True,0.01620653838178221,0.09982513814091876,0.6099952969412545,-0.09078584126085454,False,True,False
2026-08-19,FENY,35.220001220703125,72,8,True,0.1078259022858099,0.1809083535069982,0.510291667307357,-0.009282644822489972,False,True,False
2026-08-19,EPOL,44.599998474121094,72,8,True,0.08372370137112095,0.17792625877932533,0.44617374362686424,-0.0033519894051152743,False,True,True
2026-08-19,XLE,63.58000183105469,72,8,True,0.11017212323979786,0.18392671406697536,0.5032510836644906,-0.010427987065296684,False,True,False
2026-08-19,NDSN,309.9200134277344,72,8,True,0.04484207867643342,0.13296059974685925,0.453454108885055,-0.018246260078834453,False,True,True
2026-08-19,GREK,83.1500015258789,72,8,True,0.06558303929047282,0.17068159692645146,0.37369904514716046,-0.006452394548625007,False,True,False
2026-08-19,UNP,301.79998779296875,72,8,True,0.05988895124964522,0.18136583847353038,0.4314171553546524,-0.044906493496459476,True,True,False
2026-08-19,ZM,107.47000122070312,72,8,True,0.15054633297675557,0.20114617332137286,0.5200849485096781,-0.06336061337301102,False,True,True
2026-08-19,PKG,252.91000366210938,72,8,True,0.05571837009875047,0.14632468091586714,0.3206788702982213,-0.027194426592245025,False,True,True
2026-08-19,USB,62.81999969482422,72,8,True,0.011235948156568254,0.1258952265203197,0.39537981021923674,-0.0493341713967449,False,True,False
2026-08-19,IYE,67.29000091552734,72,8,True,0.10660147101252893,0.18197476948052205,0.49334218519160977,-0.009421454243680794,False,True,False
2026-08-19,HG,34.400001525878906,72,8,True,0.00436788319450887,0.13592653404209964,0.5180936344890386,-0.07799516859560562,False,True,False
2026-08-19,FANG,208.5500030517578,72,8,True,0.08770598958924114,0.17613024261118637,0.5528667037437431,-0.027784213359290377,False,True,False
2026-08-19,HGER,34.65999984741211,72,8,True,0.10432809416568323,0.18116320193543567,0.43169897028856763,-0.0017281500916318526,False,True,False
2026-08-19,ABBV,265.9700012207031,71,8,True,0.07916617507404355,0.17643937245282904,0.39433814532478695,-0.005608105556339615,False,True,True
2026-08-19,SFST,62.5099983215332,71,8,True,0.015085794920871365,0.11124836136580196,0.5283617601329642,-0.039637396858409946,False,True,False
2026-08-19,WDS,23.889999389648438,71,8,True,0.1135659987269868,0.18856309948688477,0.6741414592352695,-0.051607825202367064,False,True,False
2026-08-19,GM,84.95999908447266,71,8,True,0.03705872696364554,0.0773194706893745,0.5637768492750179,-0.07501360374643562,False,True,True
2026-08-19,UMBF,146.10000610351562,71,8,True,0.02094442895279358,0.16204161437337716,0.4132328301903223,-0.04709105710799588,False,True,False
2026-08-19,STNG,79.19999694824219,71,8,True,0.027514517107813052,0.1289979525756204,0.741041855923527,-0.09371784527528415,False,True,False
2026-08-19,CDP,36.81999969482422,71,8,True,0.010017877974281442,0.1432155249241116,0.3606799860127765,-0.05347048199139348,False,True,False
2026-08-19,MUFG,21.559999465942383,71,8,True,0.0008076743932972086,0.17051451469917067,0.4746921774765738,-0.07268819501323087,False,True,False
2026-08-19,BUSE,30.239999771118164,71,8,True,0.014308994263332986,0.14632078844223084,0.37454544414173463,-0.04605681251365079,False,True,False
2026-08-19,XLK,183.63999938964844,71,8,True,0.004279829901754129,0.16177902165800928,0.44963687201811164,-0.07593215247978558,False,True,False
2026-08-19,QQQJ,46.11000061035156,71,8,True,0.02917906641744672,0.1480387509717236,0.366222240306713,-0.01768210568044526,False,False,False
2026-08-19,PRK,201.69000244140625,71,8,True,0.057107621430148026,0.18140851698799,0.3530793354677486,-0.06190696538880813,False,True,False
2026-08-19,AXTA,36.27000045776367,71,8,True,0.05176165574866798,0.15580965583773665,0.4544652547733432,-0.060606063600022964,False,True,True
2026-08-19,KB,116.04000091552734,71,8,True,0.01738426230124901,0.136812843041779,0.5206395574371152,-0.07655580507899329,True,True,False
2026-08-19,SVXY,61.349998474121094,71,8,True,0.06739459259925273,0.15933864997020697,0.4171863519669263,-0.0012210136568336916,False,True,False
2026-08-19,KSPI,101.4800033569336,71,8,True,0.14316358501765447,0.251529689731931,0.4795160923616175,-0.007433436255041781,False,False,True
2026-08-19,CHE,535.7000122070312,70,8,True,0.08489789708291529,0.2111397610469956,0.4668273725827785,-0.03824055259060821,False,True,True
2026-08-19,FCF,21.059999465942383,70,8,True,0.016301320367694938,0.14625965278867703,0.40399996439615893,-0.057296359798691854,False,True,False
2026-08-19,MTB,244.5500030517578,70,8,True,0.008330541221363452,0.12421741621362292,0.3993477382616417,-0.04453992589337541,True,True,False
2026-08-19,STBA,50.11000061035156,70,8,True,0.005829042040111476,0.14096795763044478,0.4575334221506082,-0.06336447457286798,False,True,False
2026-08-19,PDM,9.579999923706055,70,8,True,0.014594059375140356,0.14648842384714755,0.5158227315661135,-0.054294193931035184,False,True,True
2026-08-19,CATY,62.5099983215332,70,8,True,0.004673774224521976,0.1536647602356176,0.40251287299856786,-0.04213919283907808,False,True,False
2026-08-19,ALL,259.739990234375,70,8,True,0.045630243292206885,0.18946267128295102,0.3810080162998395,-0.06305465301694368,False,False,False
2026-08-19,QCRH,101.13999938964844,70,8,True,0.01864049069083351,0.12626368687601075,0.517479325943867,-0.06447138267831765,False,True,False
2026-08-19,HTO,63.529998779296875,70,8,True,0.035203081423272,0.1439107196643883,0.4521142578124999,-0.053063016141247865,False,True,False
2026-08-19,OFG,51.61000061035156,70,8,True,0.021252187510275355,0.17298121554948787,0.44525348455672487,-0.05250597661570322,False,True,False
2026-08-19,FHI,63.97999954223633,70,8,True,0.07265124222992525,0.15366791100450117,0.37119587979991886,-0.04791663024160431,False,True,False
2026-08-19,FHLC,85.19000244140625,70,8,True,0.09039294534819131,0.14918653735784626,0.32488333434188466,-0.0032164634078301058,False,True,True
2026-08-19,COKE,186.83999633789062,70,8,True,0.010312918891995482,0.05811863607209822,0.6893309124376585,-0.14937399713316768,False,True,False
2026-08-19,BTX,8.880000114440918,70,8,True,0.028539674943240945,0.18665020176563174,0.44861336846007727,-0.05882355914069248,False,True,False
2026-08-19,VGT,118.80000305175781,70,8,True,0.017415995166140563,0.16062190312912294,0.42977504257733057,-0.05714283292255706,False,True,False
2026-08-19,OMC,87.43000030517578,70,8,True,0.0948868559064282,0.13190155480655563,0.31810640572366755,-0.012648251925269638,False,True,True
2026-08-19,AVSC,74.04000091552734,70,8,True,0.01962069555502821,0.1328447267961752,0.36630379759845133,-0.016733095420519484,False,True,False
2026-08-19,PH,1023.25,70,8,True,0.04671568937519566,0.10534693668849004,0.4303786949190922,-0.06972193527966952,False,True,False
2026-08-19,DDM,67.97000122070312,70,8,True,0.032486033556328175,0.14077839742614917,0.3798214278661709,-0.04603507058662282,False,True,True
2026-08-19,FTEC,283.5299987792969,70,8,True,0.016910846037518024,0.16065536251807955,0.43074128979695425,-0.05738225763921034,False,True,False
2026-08-19,BDX,187.60000610351562,70,8,True,0.17390138112946452,0.19370446399928865,0.47037528818816465,-0.0017293970624689958,False,True,True
2026-08-19,OXY,60.09000015258789,70,8,True,0.10047689276735206,0.17188071719421316,0.5487113745917758,-0.10911782251527746,False,True,False
2026-08-19,MBWM,59.56999969482422,70,8,True,0.027068958904570284,0.14080528057341857,0.393450285259046,-0.04519954676088844,False,True,False
2026-08-19,AEHR,107.95999908447266,99,7,False,0.13932572409216393,0.8345942188678726,5.590964872761325,-0.2675712106182957,False,False,False
2026-08-19,AGL,93.63999938964844,99,6,False,-0.11966170974811519,0.9906377795188566,11.518716464020438,-0.29615150244141786,False,False,False
2026-08-19,AXTI,73.43000030517578,99,7,False,0.0717924409485513,0.42854920168770416,34.47343124313179,-0.4870774069097713,False,False,False
2026-08-19,ERAS,18.06999969482422,99,7,False,0.032500606094758355,0.513904308490067,12.586465497561184,-0.25576609621913704,True,True,False
2026-08-19,SNDK,1568.8699951171875,99,6,False,-0.052635444422774014,0.6955944898550959,35.31475411573097,-0.3336405324951385,False,False,False
2026-08-19,DLLL,23.079999923706055,99,6,False,-0.01743552050193209,1.313814753959425,9.648212097166102,-0.2811088536742469,False,True,False
2026-08-19,MULL,20.780000686645508,99,6,False,-0.1706357167681325,0.6745643888677229,29.028903947197172,-0.5225885908072481,False,True,False
2026-08-19,MUU,29.81999969482422,99,6,False,-0.17195683732537914,0.680647741027977,29.14404808234521,-0.5239463603865853,False,True,False
2026-08-19,AAOI,122.19000244140625,98,6,False,-0.06426324902149805,0.26632425981770447,5.60486499683277,-0.4770830513164044,False,False,False
2026-08-19,ALMS,23.989999771118164,98,6,False,-0.08770089022499572,0.12306423880318063,5.380319104246178,-0.2347687566441592,False,True,False
2026-08-19,AMDL,48.13999938964844,98,6,False,-0.22461892372109216,0.44674372097266346,4.424225283340669,-0.42546844654912175,False,True,False
2026-08-19,APPS,11.229999542236328,98,7,False,0.07332640735428186,0.8383766538341595,3.09853996465314,-0.2679270253891227,False,True,False
2026-08-19,ATEX,88.68000030517578,98,7,False,-0.047055141303066206,0.795884238943404,4.044368639933479,-0.21522123623738243,False,True,False
2026-08-19,BAND,52.29999923706055,98,6,False,-0.09403501928642244,0.6516723750501632,3.1839999389648437,-0.33864443568434066,False,True,False
2026-08-19,FCEL,20.299999237060547,98,6,False,-0.07056392290771596,0.5822722557484799,4.370370209182029,-0.4640971841432263,True,True,False
2026-08-19,OPTX,8.425000190734863,98,6,False,-0.09041833111106534,0.23826043828957255,6.1398309874863575,-0.43532170592135866,False,True,False
2026-08-19,REPL,14.8100004196167,98,6,False,0.35371063163089644,0.8035462571172047,8.873333613077799,-0.05698818901223868,False,False,False
2026-08-19,STX,832.5599975585938,98,6,False,-0.06524637729891047,0.4867746834396707,4.459409820056353,-0.2728733645776473,False,True,False
2026-08-19,BLZE,16.8799991607666,98,7,False,0.18353146004552356,1.2982401223051747,4.176326153115033,-0.2963735172232629,False,True,False
2026-08-19,MU,937.10498046875,98,6,False,-0.026206677345369633,0.6624616385862818,7.25934239406314,-0.2533028044073705,False,True,False
2026-08-19,WDC,462.0899963378906,98,6,False,-0.15985683778280368,0.30104113050220205,5.317883513727382,-0.42229362376545876,False,True,False
2026-08-19,INTW,19.959999084472656,98,5,False,-0.345009538531727,0.1369121428943585,7.280010056479675,-0.6207126064708284,True,True,False
2026-08-19,XNCR,27.520000457763672,98,6,False,0.5695489494319352,0.9186859544463235,2.8597475478331864,-0.0025371400665850086,False,False,False
2026-08-19,HYMC,27.899999618530273,98,5,False,0.20580339993209606,-0.03538062504537243,6.750000099341078,-0.5249446648051532,False,True,False
2026-08-19,NUAI,5.400000095367432,98,7,False,0.050113778883470905,0.12648439478827433,15.822429691356575,-0.4282688967870918,False,True,False
2026-08-19,MVLL,30.950000762939453,98,6,False,-0.12348188960074358,0.6536283923692034,6.162693833031296,-0.6015021230510048,True,True,False
2026-08-19,MXL,66.43000030517578,98,6,False,-0.19089633159675912,0.49011841171886883,4.202035859347905,-0.48222916036582564,False,True,False
2026-08-19,AMDG,81.69619750976562,97,6,False,-0.22379930272643556,0.4311115206182654,3.8340946363210877,-0.4221516856115387,False,True,False
2026-08-19,AMUU,170.47000122070312,97,6,False,-0.22082781788980266,0.44465166435352677,3.844274165197537,-0.41947895534165713,False,True,False
2026-08-19,BNAI,16.010000228881836,97,5,False,0.04044140864513612,-0.1774684813916858,12.567797407238247,-0.8144413484539422,False,True,False
2026-08-19,EVC,8.430000305175781,97,6,False,-0.2184747472362113,0.49334377810041774,3.3230769738643113,-0.3864628496649716,False,False,False
2026-08-19,ICHR,61.209999084472656,97,5,False,-0.27045318565690857,0.17818819726653845,3.3534848689671195,-0.4610847147588546,False,True,False
2026-08-19,MNPR,123.83999633789062,97,6,False,0.25391845752038034,0.690824420344655,3.244002571717746,-0.007851332793860188,False,False,False
2026-08-19,MRVL,237.27000427246094,97,7,False,0.011909905831689827,0.652860924674648,2.861816562107079,-0.2807384480403734,False,True,False
2026-08-19,QURE,48.7599983215332,97,6,False,0.16540863884681012,0.7780905122532289,4.5853380158417005,-0.3180419815170181,False,True,False
2026-08-19,SOXL,120.73999786376953,97,5,False,-0.3106810858093213,0.15483533863057053,4.1031275842115384,-0.6001986825702996,True,True,False
2026-08-19,TNGX,25.200000762939453,97,6,False,-0.12109372596335444,0.3507212296456128,3.032000122070312,-0.26722881040455093,False,True,False
2026-08-19,TSEM,226.4600067138672,97,6,False,-0.0729255235150209,0.26607404670051227,3.7208672284988493,-0.2921797681259285,False,True,False
2026-08-19,OMER,18.389999389648438,97,7,False,0.618695483097756,0.6089519859071686,3.667512467657673,-0.02492053051393639,False,False,False
2026-08-19,RLMD,4.829999923706055,97,4,False,-0.16652287358895135,-0.10441950854990878,7.186440912549173,-0.39625000953674316,False,True,False
2026-08-19,TRT,11.319999694824219,97,7,False,0.024898118096206234,0.39320501200933755,3.421874979627318,-0.47053320209679894,False,True,False
2026-08-19,ALTO,4.190000057220459,96,5,False,-0.1700669342194816,0.07457941930975642,3.5543478056647606,-0.31423895815687697,False,True,False
2026-08-19,ASMG,47.96549987792969,96,6,False,-0.07117101047576158,0.24636061871014547,2.928378356107612,-0.2712625326599405,False,True,False
2026-08-19,ASX,35.65999984741211,96,7,False,-0.08264433398307236,0.3317946335300155,2.7457981231850637,-0.21660809558866967,False,True,False
2026-08-19,FORM,114.94999694824219,96,6,False,-0.06121271819238194,0.16224985401656133,3.25740729437934,-0.282772859025911,False,True,False
2026-08-19,IBRX,8.130000114440918,96,7,False,0.05600874726516669,0.3016539069280375,3.169230725967439,-0.34593725544353915,False,True,False
2026-08-19,INTC,92.80000305175781,96,6,False,-0.1473456237998786,0.30714539625058257,3.073748913719773,-0.34808571076368977,False,True,False
2026-08-19,LQDA,75.33000183105469,96,7,False,-0.04569464802377976,0.5433281549783913,2.5617022784745287,-0.1952782679212528,False,False,False
2026-08-19,NBIS,223.89999389648438,96,7,False,0.004256511649262107,0.5097155880703816,2.610707949636152,-0.2533181990455343,False,False,False
2026-08-19,PENG,52.95000076293945,96,6,False,-0.14813038107848198,0.519001520125681,2.3011220536578523,-0.41075005115413055,False,True,False
2026-08-19,RXT,3.4200000762939453,96,6,False,-0.3319920949811782,0.3033934232688531,7.702290122646033,-0.6023255901635818,False,True,False
2026-08-19,SILC,43.09000015258789,96,7,False,-0.004652190535233025,0.5380304799545419,2.230134907024619,-0.1862134177201511,False,False,False
2026-08-19,SIMO,242.8000030517578,96,6,False,-0.13217588495792643,0.3875265122732139,2.4029433531077404,-0.31605632943166817,False,False,False
2026-08-19,VICR,217.35000610351562,96,5,False,-0.17312704392409406,0.10694175333419742,3.783230912682299,-0.43198743088882996,True,True,False
2026-08-19,NEO,16.655000686645508,96,6,False,0.17235073791575095,0.4827741051084393,1.8038721424590332,-0.015661902390870508,False,True,False
2026-08-19,DOCN,116.66000366210938,96,6,False,-0.15409210008678742,0.25294081867254503,2.9385550424288467,-0.3778133138020834,False,True,False
2026-08-19,FSLY,23.65999984741211,96,7,False,0.12449798920100474,0.320657028642789,2.3921147198436383,-0.3205054550609595,False,False,False
2026-08-19,COHU,55.189998626708984,96,6,False,-0.026033645202598543,0.4242580280247905,1.956079185922766,-0.2601876708368229,False,True,False
2026-08-19,UCTT,75.01000213623047,96,5,False,-0.2409784373839533,0.16408097495533047,2.4904608159671264,-0.47989182151343235,False,True,False
2026-08-19,CORT,119.0199966430664,96,6,False,0.24559923544128925,0.8507431484251484,3.1528261436405227,-0.02610263043371186,False,True,False
2026-08-19,ACMR,77.58999633789062,95,6,False,-0.1448545640040052,0.2767539363929761,2.2141672866471684,-0.3899678052633524,False,True,False
2026-08-19,ALM,16.18000030517578,95,5,False,0.07200595282025102,0.13382937223353664,3.0755667981291888,-0.3371568862631047,False,False,False
2026-08-19,AMAT,496.1700134277344,95,6,False,-0.11534795493752359,0.2627658893798528,2.2120800770812337,-0.3292008261906155,False,True,False
2026-08-19,AMD,466.4200134277344,95,7,False,-0.08534012112798273,0.42319005419898525,2.1257204772293097,-0.20233265095484276,False,True,False
2026-08-19,AUGO,85.0,95,7,False,0.36159469964574087,0.29910671272382783,2.191888947755907,-0.22952111875011838,False,True,False
2026-08-19,BE,206.6300048828125,95,5,False,-0.15325913362639654,0.11134718681914402,4.094427955786005,-0.4117797608720827,False,True,False
2026-08-19,HAE,108.41000366210938,95,6,False,0.343983424520087,0.5432819868325796,1.290997556239779,-0.0008294593353974644,False,False,False
2026-08-19,KOPN,4.929999828338623,95,7,False,0.1619684703263684,0.47282879707438097,1.9345237989645963,-0.25416040412128693,False,True,False
2026-08-19,KORU,19.110000610351562,95,5,False,-0.29254658233654096,-0.13052387492657747,4.0804203671779335,-0.7013362439937224,True,True,False
2026-08-19,ONTO,299.5,95,7,False,-0.013733308156875346,0.2886007446365333,1.9653465346534653,-0.2250168021990092,False,True,False
2026-08-19,TH,17.040000915527344,95,7,False,-0.025561791887411367,0.40386730623174727,1.8542716104484689,-0.18273378399208517,False,False,False
2026-08-19,CIEN,399.4700012207031,95,5,False,-0.05621773168879518,0.08952430729401861,3.732495958888583,-0.3733902290137142,False,True,False
2026-08-19,BB,8.34000015258789,95,6,False,-0.12190189252481187,0.4410616465191646,1.673077070031181,-0.38631346144615486,True,True,False
2026-08-19,VSTS,13.050000190734863,95,7,False,-0.08359314591824418,0.3660415849384684,2.2788945045715865,-0.22781062217149506,False,False,False
2026-08-19,CGAU,22.600000381469727,95,7,False,0.30106390577196995,0.3513109743484528,2.192090483758037,-0.02312512825239621,False,True,False
2026-08-19,UMC,18.1200008392334,95,6,False,-0.17122519754548848,0.33776307107938086,1.76219527397675,-0.37430934350585965,True,True,False
2026-08-19,VIAV,38.7400016784668,95,5,False,-0.09922893330602889,0.15093983111558607,2.707177261775574,-0.35892766038677737,False,True,False
2026-08-19,TER,379.6499938964844,95,7,False,-0.014388155349958853,0.2427569100091045,2.571495606746423,-0.22188520209271612,False,True,False
2026-08-19,BW,9.109999656677246,95,4,False,-0.22736373324041714,-0.2042869254128058,5.5071427227282985,-0.5864730198488061,False,False,False
2026-08-19,AVAH,13.15999984741211,94,6,False,0.41883732271377405,0.6158391359462145,1.2192243218157186,0.0,False,False,False
2026-08-19,DYN,26.780000686645508,94,6,False,0.15354466087548468,0.3673520795584795,1.2996994103844277,-0.01922723357123557,False,True,False
2026-08-19,HUT,82.08000183105469,94,6,False,-0.21068193210481045,0.12810943956672038,2.967133867200417,-0.41704545417600425,False,False,False
2026-08-19,IMOS,52.439998626708984,94,6,False,-0.12865471801277717,0.19046129880523877,2.4820715249384877,-0.33069560117439123,False,True,False
2026-08-19,INBX,101.4800033569336,94,7,False,0.11477653242817132,0.1718184297389782,3.5303573698717763,-0.34651292585254034,False,True,False
2026-08-19,LRCX,307.1700134277344,94,6,False,-0.09058930215678196,0.2186121274724575,2.263946567161614,-0.299498259001746,False,True,False
2026-08-19,MEI,14.210000038146973,94,6,False,-0.06872189896432812,0.4696832629511536,1.9118851854319998,-0.30274776136877635,False,True,False
2026-08-19,NUTX,190.6199951171875,94,6,False,0.1617751290454439,0.39354020538616075,1.468851151113693,-0.06558825922947309,False,False,False
2026-08-19,NUVB,7.260000228881836,94,5,False,0.21100921441716758,0.24338492108438747,1.8249028861729375,-0.2553845919095553,False,True,False
2026-08-19,U,47.11000061035156,94,6,False,0.4427464724932606,0.4820850670336798,1.8075088607025158,-0.09664431002991047,False,False,False
2026-08-19,VELO,13.890000343322754,94,5,False,-0.10481233380482669,0.038068129707859555,3.943060721055857,-0.562519674226055,False,True,False
2026-08-19,SNOW,325.010009765625,94,6,False,0.1811965507234854,0.5096220783066692,1.7473372897837445,-0.049539411717143156,False,True,False
2026-08-19,QNST,21.059999465942383,94,6,False,0.3086272133532171,0.5260039851427798,1.0466471860073643,-0.05518175859419261,False,False,False
2026-08-19,ALAB,289.0199890136719,93,6,False,-0.1809241940141887,0.3269329206630016,1.9524976076793688,-0.42135361581931263,False,True,False
2026-08-19,BCAX,25.860000610351562,93,7,False,-0.013485391089718135,0.2632782527394353,1.5118990207585115,-0.1655372442289471,False,True,False
2026-08-19,FEIM,66.7699966430664,93,7,False,-0.01646255100773064,0.2323723698695448,1.614330236866703,-0.1715881152962453,False,True,False
2026-08-19,FTRE,18.139999389648438,93,6,False,0.01800301750106037,0.28077039434393036,1.4513512372796442,-0.1519401632883084,False,True,False
2026-08-19,HTFL,45.529998779296875,93,5,False,0.5211195661538415,0.5724168697750982,1.261798344633561,-0.03589200105010193,False,False,False
2026-08-19,LPTH,13.239999771118164,93,7,False,0.024783646516436386,0.13751566048107433,2.940476245384099,-0.3009504013840866,False,True,False
2026-08-19,MGNI,23.850000381469727,93,6,False,0.19007227621517053,0.5432847982958144,1.2042514837480494,-0.10506563891706966,False,False,False
2026-08-19,NIQ,18.309999465942383,93,5,False,0.6484802137440762,0.477285978148557,1.30895332437585,-0.02085568348050515,False,False,False
2026-08-19,PRCH,17.040000915527344,93,7,False,0.22733859887689234,0.6734512374260824,1.6792453707247632,-0.12327638438313726,False,True,False
2026-08-19,SITM,618.7100219726562,93,6,False,-0.030427472451862725,0.28149780020249837,2.0239243170609456,-0.3139241928481099,False,True,False
2026-08-19,SATL,5.53000020980835,93,6,False,0.10903881228413681,0.2124135821920743,3.4063746859120174,-0.5391666491826375,False,True,False
2026-08-19,MTRN,245.22000122070312,93,7,False,-0.044621715698064945,0.36889873620500935,1.2764574678966243,-0.19489128625816177,False,True,False
2026-08-19,RGNX,12.020000457763672,93,4,False,0.13772969964397896,0.14998342009100907,1.2034831578141332,-0.2575663952278351,True,True,False
2026-08-19,CHYM,33.06999969482422,93,6,False,0.4582800278453689,0.5069938081340355,1.0824936685454492,-0.010176598447791618,False,False,False
2026-08-19,CRVS,15.399999618530273,93,6,False,0.11152810595733831,0.14775049163278142,2.061630015144082,-0.4285714589029723,False,True,False
2026-08-19,CBLL,24.889999389648438,93,7,False,0.29037273140535946,0.30780767352970106,1.294009079682343,-0.01737072780824711,False,False,False
2026-08-19,QLYS,186.67999267578125,93,6,False,0.26656476265073525,0.5251490125496441,1.5054353418815452,-0.07373226707045855,False,True,False
2026-08-19,TEAM,174.22999572753906,93,5,False,0.6936334029910114,0.6146348194292868,2.1106945357746216,-0.05309784930685291,False,False,False
2026-08-19,COHR,287.4700012207031,93,5,False,-0.1346405074519612,0.07162880974670927,2.4080617240188813,-0.34665908813476565,False,False,False
2026-08-19,DAVE,345.04998779296875,93,7,False,-0.049914427328681565,0.3695049392657379,1.2669336612119917,-0.24702675877148117,False,False,False
2026-08-19,LLYX,30.600000381469727,93,6,False,0.1590645855850552,0.3354383395621039,1.6585577561228626,-0.019016926518048538,False,True,False
2026-08-19,MOV,35.689998626708984,93,7,False,-0.05464971029026788,0.2895555975236761,1.2181478115752946,-0.11876546600718552,False,True,False
2026-08-19,CRDO,234.82000732421875,93,7,False,-0.02857191603424425,0.3620371561201441,1.7151529822168108,-0.23925228525901288,False,True,False
2026-08-19,AMPL,12.829999923706055,92,6,False,0.4085280024111897,0.4783362570519005,1.328493537342319,-0.05522827718804002,False,False,False
2026-08-19,ENLT,80.58000183105469,92,6,False,-0.07353963802827235,0.14963727070233768,2.0956588438507278,-0.258352501616287,False,True,False
2026-08-19,FTK,25.170000076293945,92,6,False,-0.046569234068641,0.29726888441300825,1.2986301839929553,-0.36551547168969456,False,False,False
2026-08-19,FTNT,152.85000610351562,92,7,False,-0.017070837856204002,0.4484253168986887,1.078178106885375,-0.11180190972052895,False,True,False
2026-08-19,GPCR,54.130001068115234,92,5,False,0.08840558632583129,0.011208685287888542,1.9637539010626597,-0.4296101138275096,False,True,False
2026-08-19,HIBL,108.69000244140625,92,7,False,-0.01708331999028867,0.28191613174133323,1.3882664568233838,-0.21303572253229175,False,True,False
2026-08-19,HYLN,3.6700000762939453,92,6,False,-0.21463726678224337,0.2277327343472737,1.4965986427657723,-0.5677267166980626,False,False,False
2026-08-19,SGMT,10.579999923706055,92,6,False,0.368746509430423,0.5847100782536427,1.351111094156901,-0.05112105061213923,False,False,False
2026-08-19,TGTX,51.689998626708984,92,7,False,-0.016333568187874792,0.373044176579469,0.9316142819356339,-0.1283305347092747,False,True,False
2026-08-19,TNDM,23.459999084472656,92,6,False,0.317836805462516,0.20499095575731574,1.2887803984851374,-0.20876899203024168,False,False,False
2026-08-19,VSH,31.959999084472656,92,5,False,-0.27674637223403975,0.14611327721240142,1.7153778964716482,-0.5399453213922201,True,True,False
2026-08-19,VOR,23.579999923706055,92,6,False,0.2421902083900105,0.5514459207861309,2.6276922959547777,-0.5302788931207711,False,True,False
2026-08-19,OILU,53.18000030517578,92,7,False,0.3165582364983577,0.4285159860658463,1.6885742395894012,-0.13411595382835562,False,True,False
2026-08-19,OUST,40.060001373291016,92,6,False,-0.06373428239884149,0.3634163475538177,1.4426830673841864,-0.37200186865744544,False,True,False
2026-08-19,ARIS,19.610000610351562,92,7,False,0.26421520747573446,0.1632735757092778,1.929051547056989,-0.15800773553093084,False,True,False
2026-08-19,NSP,51.86000061035156,92,6,False,0.12502875447037076,0.42930377212423565,1.792676438481894,-0.09367354938839512,True,True,False
2026-08-19,BTSG,59.33000183105469,92,7,False,-0.1056124683043701,0.22323532134724577,1.5953630904186689,-0.19552539890095344,False,True,False
2026-08-19,AIS,68.33999633789062,91,7,False,-0.06332498876173187,0.26756528297964466,1.4114324618890342,-0.23036209530784713,False,True,False
2026-08-19,ANNX,5.5,91,6,False,0.02671320814748457,0.043999848750243764,1.7093596440962568,-0.23398326859394336,False,True,False
2026-08-19,ARCB,137.74000549316406,91,7,False,-0.07355837863489234,0.2572284946170791,1.317684751570971,-0.22044256273729324,False,True,False
2026-08-19,ARM,249.33999633789062,91,6,False,-0.1828363591466513,0.2698026125789805,1.4929014667705989,-0.4492158391551775,False,True,False
2026-08-19,ASML,1751.72998046875,91,7,False,-0.0167079947908102,0.21682489509354164,1.4458670072772621,-0.1241174750080446,False,True,False
2026-08-19,ATLC,99.12000274658203,91,7,False,-0.007752157540740656,0.3695431787214718,1.086736899928043,-0.1331117201222518,False,True,False
2026-08-19,BLFS,36.470001220703125,91,6,False,0.2190801276839205,0.4689623268881786,1.0419932796399403,-0.011920851490868634,False,True,False
2026-08-19,ERO,34.08000183105469,91,7,False,0.20310950467777755,0.21759952119692283,1.5489904355096105,-0.143697027212223,False,False,False
2026-08-19,GCT,52.06999969482422,91,7,False,0.3255502508152923,0.31850238968535205,1.070377752867223,-0.07464014090584514,False,False,False
2026-08-19,LGND,290.7099914550781,91,7,False,-0.00630246819375313,0.2789800467416452,0.9177386270733341,-0.10997156688229448,True,True,False
2026-08-19,ORIC,14.649999618530273,91,7,False,0.3310799985756536,0.3813945139750281,1.0262793333170213,-0.018754231809924304,False,True,False
2026-08-19,P,112.0,91,5,False,0.38100769099209364,0.49644094517899995,1.0599595769776387,-0.05961375789323653,False,False,False
2026-08-19,SMTC,125.36000061035156,91,6,False,-0.10370457794939314,0.21006489433647135,1.7240330152844026,-0.2931491610032342,False,True,False
2026-08-19,SVM,12.609999656677246,91,7,False,0.20736864793161436,0.20441072802497295,1.9393938855026165,-0.200380514226982,False,True,False
2026-08-19,CLOV,4.21999979019165,91,7,False,-0.09892601382093258,0.38055117548430717,1.670885870613711,-0.24508055903397397,False,True,False
2026-08-19,MKSI,281.6000061035156,91,5,False,-0.17670542197087125,0.10265954402053334,1.8941418013493911,-0.3708949350446412,False,True,False
2026-08-19,UTZ,14.149999618530273,91,6,False,0.3608909453418334,0.5193733164331846,1.087020528120345,-0.0028188839348751715,True,True,False
2026-08-19,CURE,147.8699951171875,91,6,False,0.27232829911414225,0.3922843408292229,0.9891041485270977,-0.014200032552083353,False,True,False
2026-08-19,KLIC,86.29000091552734,91,5,False,-0.18646987742996857,0.12952123809889748,1.4640205536147417,-0.36458027263342985,False,True,False
2026-08-19,OSS,12.109999656677246,91,5,False,-0.16008935739548613,0.123884841813096,1.9040766031447927,-0.4200191502195141,False,True,False
2026-08-19,CNC,64.69999694824219,91,7,False,-0.004802220384037104,0.3322872099635339,1.2910763977559476,-0.06718575001589455,False,True,False
2026-08-19,NWPX,111.4800033569336,91,6,False,-0.14645871047175307,0.22595693593464938,1.2635533676534738,-0.26672364499081547,False,True,False
2026-08-19,ADEA,27.489999771118164,90,7,False,-0.0499723564301745,0.19085909544240187,1.3677864413465226,-0.19947584015818665,False,True,False
2026-08-19,AIP,24.829999923706055,90,5,False,-0.2769196778308922,0.061238093484358824,1.9489310806081317,-0.5059689464201995,True,True,False
2026-08-19,AMBQ,59.189998626708984,90,6,False,-0.2109746563052176,0.29303420857200835,1.6758587875695716,-0.35389151585683154,False,True,False
2026-08-19,ATRC,47.61000061035156,90,6,False,0.36319908123960376,0.42044354042308507,0.8773659094833732,-0.0077115242895960945,False,True,False
2026-08-19,AVTX,20.75,90,6,False,0.14632017572457978,0.24269541872920675,1.4673008771082325,-0.14503503878747015,False,True,False
2026-08-19,AZTA,35.619998931884766,90,5,False,0.3066668210819412,0.2665451443835569,1.2360325329254107,-0.14641746171522063,False,True,False
2026-08-19,BBNX,20.010000228881836,90,4,False,0.25828481996667807,0.1634465132062486,1.2738636130882695,-0.3882604466846187,False,True,False
2026-08-19,EWY,174.42999267578125,90,7,False,-0.029227294634025958,0.22515728964160497,1.459184998241894,-0.21033096492481784,False,True,False
2026-08-19,FLEX,113.02999877929688,90,6,False,-0.14796842056841197,0.2286016318632842,1.3631610799126008,-0.3226057870918838,False,True,False
2026-08-19,FLKR,57.540000915527344,90,7,False,-0.02194419726927488,0.2372361833893042,1.3845836268856013,-0.20623530678449897,False,True,False
2026-08-19,FTXL,226.6699981689453,90,7,False,-0.08123494163010803,0.22273197077283036,1.3818880530437085,-0.2377252847219571,False,True,False
2026-08-19,HL,20.540000915527344,90,6,False,0.2973888573357437,0.10613576139745606,1.7756757636240912,-0.39888785436943064,False,False,False
2026-08-19,INTA,40.09000015258789,90,5,False,0.3615677209615866,0.30231470661565907,1.1088900404998037,-0.1635718777940688,False,True,False
2026-08-19,KRYS,343.3399963378906,90,7,False,-0.0022814451535929647,0.22162945536400125,1.5110802827937033,-0.10246123086513526,False,True,False
2026-08-19,MAX,13.489999771118164,90,6,False,0.07914817974458832,0.230873087192226,0.9026797575165406,-0.08231292883312369,True,True,False
2026-08-19,PEB,18.389999389648438,90,7,False,-0.012861279273037374,0.3022879927221034,0.8575757675007432,-0.07727049131692232,False,True,False
2026-08-19,SEZL,118.97000122070312,90,6,False,-0.23621828242545517,0.25957826385026217,1.4034343680950125,-0.392110790764827,False,False,False
2026-08-19,SKE,34.130001068115234,90,7,False,0.20745775498111318,0.21721147246010508,1.3489333582483214,-0.11968014792012416,False,True,False
2026-08-19,MRAM,17.440000534057617,90,6,False,-0.0775756497443515,0.15629743110212813,1.9761092383454208,-0.66135921293092,False,True,False
2026-08-19,PDFS,45.220001220703125,90,6,False,-0.17548252392027097,0.12691222676777492,1.388800871193817,-0.3692286276923705,False,True,False
2026-08-19,ALOY,12.510000228881836,89,7,False,0.01630476668448,0.13816776331133118,1.218085199473078,-0.5349442228146268,False,True,False
2026-08-19,ARMG,17.149999618530273,89,5,False,-0.4152230349701924,0.02988681358634948,2.7001076098474326,-0.739954504744107,True,True,False
2026-08-19,AVTR,13.960000038146973,89,5,False,0.22149695098172595,0.37080461098599504,0.9215416785547783,-0.12366605331380565,False,True,False
2026-08-19,EXPE,326.2699890136719,89,6,False,0.1857705725665162,0.28386764123150265,0.7603862925455867,-0.0260597342875466,False,True,False
2026-08-19,FIGS,14.489999771118164,89,7,False,0.2726825372377262,0.19461801659064748,1.2309468862863393,-0.17105262296452184,False,False,False
2026-08-19,FIX,1696.06005859375,89,7,False,-0.05173864992378474,0.16687854101558308,1.5856149792379428,-0.1822236044629687,False,True,False
2026-08-19,GHM,104.80999755859375,89,7,False,-0.03135238026350107,0.21648101931520003,1.2501072013423018,-0.16698459853115666,False,True,False
2026-08-19,HUM,378.0199890136719,89,7,False,-0.011997611066603908,0.3925765552643341,1.3175770191842018,-0.1185879856605524,False,True,False
2026-08-19,NKTR,76.08000183105469,89,7,False,0.10815916112113744,0.1897650499394603,2.0023678521282444,-0.30201833182518634,False,True,False
2026-08-19,SOXX,519.6699829101562,89,7,False,-0.07201391680759694,0.24135022170372333,1.1917754936002543,-0.20775977858182004,False,True,False
2026-08-19,STRO,21.90999984741211,89,5,False,-0.17253933841189462,0.016078236114470457,2.064335602122279,-0.5003420613493816,True,False,False
2026-08-19,TSAT,46.09000015258789,89,7,False,0.02690587694103619,0.1993624601671895,1.352730974660012,-0.251056232256916,False,True,False
2026-08-19,W,107.80000305175781,89,6,False,0.17556486477964217,0.21958535556452374,0.9388490289605513,-0.10151691918978345,False,True,False
2026-08-19,BXC,86.16000366210938,89,6,False,0.35560372206236646,0.4094138200631736,0.9240733812155373,-0.08144988423329547,False,False,False
2026-08-19,COMP,12.800000190734863,89,6,False,0.12078176249238082,0.28065955735320447,1.0094192183194104,-0.0827660149971865,False,True,False
2026-08-19,HP,43.7599983215332,89,7,False,0.21842558050391436,0.28090290364836323,1.5221900495327985,-0.02755559285481768,False,False,False
2026-08-19,CRS,509.9599914550781,89,7,False,-0.10094944872728817,0.2059962855095383,1.2366666291889392,-0.18535439957411215,False,True,False
2026-08-19,OMDA,24.469999313354492,89,5,False,0.1505006915239555,0.4487712141581086,1.3803501895891603,-0.09084159461285113,False,False,False
2026-08-19,ZBIO,31.25,89,5,False,0.13512531940797667,0.20014939449993552,1.3148148148148149,-0.29932733028830383,True,True,False
2026-08-19,RBRK,99.77999877929688,89,6,False,0.23480317355637093,0.47570148764127085,1.3616567758413463,-0.063098603011297,False,False,False
2026-08-19,SSRM,35.380001068115234,89,7,False,0.23122541882340952,0.3045987694064518,1.21263299403044,-0.031215755075547635,False,True,False
2026-08-19,COGT,36.849998474121094,89,7,False,-0.03443038296413359,0.01571949728825306,2.1960103493103147,-0.15732909078744062,False,True,False
2026-08-19,WNC,12.15999984741211,89,7,False,-0.014299161406307936,0.23704206974592434,0.8340874264732219,-0.15083798138576876,False,True,False
2026-08-19,BLTE,168.5500030517578,89,7,False,0.09632649413517824,0.08823924111907955,1.8091667175292967,-0.157249984741211,False,True,False
2026-08-19,PSI,139.5,89,6,False,-0.09833045632838167,0.20529344305326713,1.3797339225832488,-0.26284085843022675,False,True,False
2026-08-19,AG,20.850000381469727,88,6,False,0.21284395457561622,0.0881393034912934,1.5,-0.3492509430183779,False,True,False
2026-08-19,ASTH,39.400001525878906,88,7,False,-0.0431411796145581,0.2841112937739556,1.1792036334147649,-0.23643405637620019,False,True,False
2026-08-19,ASYS,14.819999694824219,88,5,False,-0.17970178693966243,-0.0025172817897878286,1.7444443394617797,-0.42357058644258616,False,False,False
2026-08-19,BHVN,14.140000343322754,88,6,False,-0.014469293828615282,0.23999196235026643,0.8903743726292412,-0.2383927418429409,False,True,False
2026-08-19,GLUE,15.770000457763672,88,5,False,-0.21401121329420858,-0.14597837075075404,2.66744180424527,-0.3880481110735612,False,True,False
2026-08-19,KLAC,187.27000427246094,88,6,False,-0.15348204173030455,0.11547337774604172,1.250192329975901,-0.3907342705944261,False,True,False
2026-08-19,LNTH,100.4800033569336,88,7,False,-0.033664936862764394,0.23394861167734415,1.0229516219260852,-0.10173428563672704,False,False,False
2026-08-19,NMAX,10.90999984741211,88,4,False,0.2967100796403863,0.4325198928224061,1.1350292685626124,-0.3155583353440865,False,False,False
2026-08-19,OBE,11.699999809265137,88,7,False,0.2136929286737026,0.33423800501036616,1.1507352364336545,-0.19808089877299573,False,True,False
2026-08-19,ODC,92.52999877929688,88,7,False,-0.04676056524714178,0.29356320114444356,1.0287217176291032,-0.13523365626825345,False,False,False
2026-08-19,PAYC,222.16000366210938,88,5,False,0.41572078477243446,0.5267742393848851,1.1178265055344383,-0.053026436989593195,False,False,False
2026-08-19,PL,22.6200008392334,88,4,False,-0.12002237281397743,-0.14645693417052652,2.708196916864691,-0.562982968068934,True,True,False
2026-08-19,SOXQ,92.38999938964844,88,7,False,-0.06523996614111238,0.22630251420632108,1.1411354837203933,-0.19894221075095375,False,True,False
2026-08-19,TNET,69.61000061035156,88,6,False,0.1931574799459559,0.36479091752240733,1.0711097693021863,-0.047482226789279824,False,True,False
2026-08-19,CBZ,54.869998931884766,88,5,False,0.29451896582101766,0.39021198611275576,1.258954173065066,-0.18396786622371397,False,True,False
2026-08-19,IAG,19.719999313354492,88,7,False,0.22996316597248145,0.1372909367421864,1.4962024145946935,-0.20707685372308382,False,False,False
2026-08-19,TIGO,88.75,88,7,False,-0.047871414539506385,0.20534862520757424,1.0145272814712305,-0.17156723349800662,False,True,False
2026-08-19,RDVT,69.76000213623047,88,6,False,0.091326679767465,0.3562762728468025,1.0886227230312908,-0.05981287942352298,False,False,False
2026-08-19,DHC,8.100000381469727,88,7,False,-0.09341208353863817,0.1543230671915734,1.3964497358632602,-0.1614906304952275,False,False,False
2026-08-19,STM,50.40999984741211,88,6,False,-0.21220588713722655,0.15330410612716405,1.387967711506977,-0.3808646403698991,False,True,False
2026-08-19,DIOD,94.31999969482422,88,6,False,-0.04173414571145995,0.22043845986892419,1.230842062867079,-0.2513691460110147,False,False,False
2026-08-19,CARE,30.860000610351562,88,7,False,-0.05257791437423709,0.2618141980245201,0.8390941208310994,-0.1442041199363625,False,True,False
2026-08-19,TECL,195.38999938964844,88,6,False,-0.029656101528969248,0.3098210416386278,1.599653936527826,-0.29052286230953805,False,True,False
2026-08-19,AEVA,19.780000686645508,87,6,False,-0.06881711303740945,0.17257031287856828,1.2400906973443786,-0.3680510808695121,False,False,False
2026-08-19,APPN,37.529998779296875,87,6,False,0.41402796648624607,0.32716718883205753,1.0144927788473694,-0.18517552875620436,False,False,False
2026-08-19,AVT,88.33999633789062,87,7,False,-0.011881170368531868,0.2761165348222132,0.9963840980314265,-0.11660003662109375,False,False,False
2026-08-19,BELFB,263.8699951171875,87,7,False,-0.06892767381913145,0.14896030765944523,1.1208005063533935,-0.2130096680711724,False,True,False
2026-08-19,ELF,99.6500015258789,87,4,False,0.2884232143961729,0.32654156416031865,1.0411716949773675,-0.3400225319523519,False,True,False
2026-08-19,EMEQ,63.53450012207031,87,7,False,-0.041060613979751026,0.20220080501221793,1.078056563050525,-0.19280268249165888,False,True,False
2026-08-19,ENTG,144.27999877929688,87,7,False,-0.017849985445265393,0.1731340170730944,1.1227011356202583,-0.2282015786079845,False,True,False
2026-08-19,GLW,152.4600067138672,87,5,False,-0.12842144797699695,0.0889358769776869,1.405870432122677,-0.4390315424290119,True,True,False
2026-08-19,GRC,78.5199966430664,87,7,False,-0.05150757928791405,0.19679882963423934,0.9141880976796839,-0.15369694248597554,False,True,False
2026-08-19,KURA,12.529999732971191,87,6,False,0.21093219154951925,0.29681950141788693,0.8028777088982482,-0.028682162519415355,False,False,False
2026-08-19,RGEN,176.36000061035156,87,6,False,0.21682133535037895,0.2570520370689966,0.7463115589749036,-0.019514063502081735,False,True,False
2026-08-19,RXO,22.190000534057617,87,6,False,-0.1261371044228945,0.20167121304773516,1.1285371825488122,-0.25785950444275085,False,True,False
2026-08-19,DDOG,233.52000427246094,87,7,False,-0.06276262101433161,0.3455273406516126,1.3826140106381826,-0.20224103819816175,False,False,False
2026-08-19,MDB,440.5299987792969,87,6,False,0.244657235050038,0.29897682275640003,1.1289870610747563,-0.06884381083075353,False,False,False
2026-08-19,SDGR,19.850000381469727,87,5,False,0.22777938802479225,0.32093366814371227,0.8136136075779512,-0.13770634288692374,False,False,False
2026-08-19,MPTI,84.20999908447266,87,7,False,-0.04294638758902569,0.20549191046638215,1.054152976668978,-0.196852643681657,True,True,False
2026-08-19,SNX,251.77999877929688,87,7,False,-0.028899290721676962,0.2678175088784498,0.770355763030643,-0.15074038606738283,True,True,False
2026-08-19,TTMI,116.37999725341797,87,5,False,-0.24561717295051655,-0.007103356154070428,1.9688774231720472,-0.4800518415701003,False,False,False
2026-08-19,CROX,125.7300033569336,87,7,False,-0.0296244844555682,0.24846836575914022,0.7173884022572004,-0.110065087462628,False,True,False
2026-08-19,BWIN,31.149999618530273,87,6,False,0.19074011369306176,0.3232036205403017,0.9615868636048157,-0.1046278011269749,False,True,False
2026-08-19,EDIT,3.25,86,6,False,0.12456747033747018,0.25575959050089114,0.9578313646684771,-0.28366765008414807,False,False,False
2026-08-19,GEVX,19.110000610351562,86,5,False,-0.12558371706294702,0.10694751987421491,1.650485507523379,-0.3805510413597881,False,True,False
2026-08-19,HIMX,13.899999618530273,86,6,False,-0.05312064410387929,0.21464738791968907,1.029197052853954,-0.4459944386609911,False,True,False
2026-08-19,IGPT,91.37999725341797,86,7,False,-0.03515795308784875,0.23254464282878629,0.8710073089255714,-0.16410540149549258,False,True,False
2026-08-19,PATH,15.779999732971191,86,5,False,0.2875116040996364,0.2401565300921058,0.7152173978394507,-0.20463711635038073,False,False,False
2026-08-19,PAY,39.56999969482422,86,6,False,0.3178578470303448,0.3841205552978455,0.9676776973569896,-0.12668288467213262,False,True,False
2026-08-19,ROM,141.3800048828125,86,7,False,-0.005601453575878046,0.26652986077912977,0.9812220245735783,-0.17716215308946504,False,True,False
2026-08-19,SMH,560.9199829101562,86,7,False,-0.04941157950435382,0.20581652405447826,0.9950915706463768,-0.16508645246325082,False,True,False
2026-08-19,RIGL,46.959999084472656,86,6,False,0.21437805077442973,0.31343231181040077,0.8821642344086293,-0.10107202190559161,False,True,False
2026-08-19,TSMU,65.45449829101562,86,6,False,-0.0890616805220219,0.11089200265680033,1.5200977695190216,-0.29837605693365077,False,True,False
2026-08-19,JBHT,272.4200134277344,86,7,False,-0.024867578196039908,0.17636878932818822,1.0936060840026154,-0.09120628318389468,False,True,False
2026-08-19,LWLG,6.239999771118164,86,4,False,-0.17963822781488814,-0.12885057880227613,2.1356782619165857,-0.6664885047323861,False,True,False
2026-08-19,TECH,72.4800033569336,86,6,False,0.06411721862465813,0.2030215517757583,0.6777778258539513,-0.0019278350916205333,True,True,False
2026-08-19,RLJ,11.34000015258789,86,7,False,-0.021249406560761686,0.27645206429506697,0.7339449875737987,-0.12024826605515104,False,False,False
2026-08-19,SCCO,194.67999267578125,86,7,False,0.06639713727043417,0.12795822136972634,1.158208969867399,-0.1217705303822475,False,True,False
2026-08-19,RDW,12.399999618530273,86,7,False,0.08179784611627072,0.20352707296563022,1.5462012135359093,-0.5345345381896455,False,True,False
2026-08-19,EGO,41.7599983215332,86,7,False,0.2725964647962442,0.1966044148152355,0.9120878218759962,-0.18373732513516416,False,True,False
2026-08-19,KYTX,8.869999885559082,86,6,False,0.09422416270040124,0.06420630450729958,1.7125382071243553,-0.35113388178094174,False,True,False
2026-08-19,VECO,47.41999816894531,86,6,False,-0.2014845774046874,0.1049787701166136,1.0343200023762078,-0.45261457148350115,True,True,False
2026-08-19,ARW,205.55999755859375,85,7,False,-0.03934858729709112,0.2562741710898895,1.0194517704070187,-0.13386425663568935,False,False,False
2026-08-19,AU,108.54000091552734,85,7,False,0.2746378393074782,0.17067363412208536,1.085302641815312,-0.15951679240732863,False,True,False
2026-08-19,BRZE,30.649999618530273,85,5,False,0.260901747418536,0.25223429440318124,1.0085189488084385,-0.1788785625907443,False,True,False
2026-08-19,GTX,27.149999618530273,85,6,False,-0.14636601823186168,0.16703416915961378,1.2137964574078346,-0.2510344932819235,False,True,False
2026-08-19,ICLR,172.49000549316406,85,5,False,0.05649161524650559,0.1724869399781923,1.591107199698171,-0.15408757591417666,False,True,False
2026-08-19,KALU,156.9499969482422,85,7,False,-0.09692351958842793,0.10239176996003763,1.1476463193183406,-0.21481816285217292,False,True,False
2026-08-19,KEYS,319.45001220703125,85,7,False,-0.0416369315363756,0.14005435341357408,1.0900123441199212,-0.14804927048468652,False,False,False
2026-08-19,MAMA,16.479999542236328,85,7,False,-0.06432750995165615,0.10185282871659296,1.0873970338252397,-0.2152381170363653,False,True,False
2026-08-19,SA,33.54999923706055,85,7,False,0.2111038685445239,0.13344209198260626,1.0994993866167144,-0.16250628839396009,False,False,False
2026-08-19,ZYME,27.209999084472656,85,7,False,0.12719812597076197,0.11630307406434648,1.0185459946950801,-0.08537818203453251,False,False,False
2026-08-19,HPQ,29.940000534057617,85,6,False,0.16671474666587893,0.3263956974486397,0.7050114717899763,-0.06989742741972282,False,True,False
2026-08-19,PGC,45.060001373291016,85,7,False,-0.02492012580381442,0.22231916114517025,0.8235533404615121,-0.08302804369217986,False,True,False
2026-08-19,TENB,35.279998779296875,85,6,False,0.03086755259543006,0.3772937329610173,1.2428480486962004,-0.19212273280136638,False,True,False
2026-08-19,VPG,63.130001068115234,85,5,False,-0.4106708313705498,-0.052208104149779166,1.3608826330769777,-0.584069036922892,False,False,False
2026-08-19,CSTL,32.31999969482422,85,5,False,0.27580625278862114,0.10109682854013946,0.8237218977655973,-0.270099354430528,False,False,False
2026-08-19,HRTG,33.33000183105469,85,6,False,0.19823991433337373,0.23839131014828152,0.6274415320331201,-0.08684926490261136,False,False,False
2026-08-19,ZBRA,354.6499938964844,85,6,False,0.24298333743264378,0.41236776318028334,0.7817130794228966,-0.08176479349493537,False,True,False
2026-08-19,PD,12.170000076293945,85,4,False,0.20183288025656698,0.24700928617248996,1.1350878041280046,-0.2961249605623424,False,True,False
2026-08-19,ACHC,27.360000610351562,84,7,False,-0.07930245681684855,0.22378602789460733,1.3937007768899439,-0.23639410515915682,False,True,False
2026-08-19,AGX,528.010009765625,84,5,False,-0.16668032989618753,0.043390713952289994,1.6802538566782994,-0.34469747469360845,True,True,False
2026-08-19,ASM,7.570000171661377,84,6,False,0.21876612219651048,0.12119082670072512,1.068306009327117,-0.3686405074088326,False,False,False
2026-08-19,AXON,645.719970703125,84,5,False,0.21007452447217423,0.2715170468755792,0.9047224332683992,-0.18704756629713404,False,False,False
2026-08-19,BBY,89.20999908447266,84,6,False,0.09095221355239236,0.25558933572493503,0.6190562895636387,-0.022570369610616647,False,True,False
2026-08-19,BELFA,220.4199981689453,84,6,False,-0.08336619460005656,0.08336269365781845,1.0502278280084285,-0.24902050752900684,False,True,False
2026-08-19,DPST,138.86000061035156,84,7,False,-0.021577976760764672,0.1957495282142061,0.9110926728835833,-0.12600707236399822,False,True,False
2026-08-19,EXK,10.989999771118164,84,6,False,0.28954282671169307,0.13983455076250784,1.0775046976122264,-0.274587455588047,False,False,False
2026-08-19,FIVE,242.0800018310547,84,7,False,0.18249663765649204,0.19502364334621047,0.7769948573970182,-0.03795256076955278,False,True,False
2026-08-19,FRPT,75.02999877929688,84,7,False,0.2606227790317266,0.20362046752154206,0.6152852001492373,-0.12755815372910606,False,True,False
2026-08-19,HCC,105.05000305175781,84,7,False,0.21630980902869767,0.20339014317036752,0.9218807783573646,-0.04837391400865765,False,True,False
2026-08-19,IQV,249.27999877929688,84,6,False,0.18697300481396306,0.2520637055779593,0.61346277527053,-0.008274991351066352,False,True,False
2026-08-19,LSCC,117.68000030517578,84,6,False,-0.12389761215347472,0.12082488288931637,0.9821459057156143,-0.25049357096785196,False,True,False
2026-08-19,PLXS,244.25999450683594,84,7,False,-0.09767072384091258,0.13305719395039084,0.925429554876612,-0.20452030075905347,False,True,False
2026-08-19,SVIX,26.93000030517578,84,6,False,0.12495666980095965,0.26550307256760197,0.9058740330549049,-0.001668214111494759,False,True,False
2026-08-19,TBN,38.08000183105469,84,7,False,0.1298429822508691,0.216331741293587,0.9478262566305977,-0.270637760988206,False,True,False
2026-08-19,TCAI,47.029998779296875,84,7,False,-0.06584086322244964,0.16176651503864625,0.9235172724650167,-0.1978509649921666,False,True,False
2026-08-19,USD,84.86000061035156,84,6,False,-0.0715962717172901,0.2088891742741239,1.156269891942919,-0.2715879775935488,False,True,False
2026-08-19,LION,11.579999923706055,84,5,False,-0.15646853655727788,0.08087421553518204,0.9710638168010306,-0.3065868625943824,False,True,False
2026-08-19,NVRI,20.520000457763672,84,7,False,-0.064193046896729,0.07413749451001839,1.0727273988329724,-0.15206612351894777,False,False,False
2026-08-19,HPP,14.529999732971191,84,3,False,-0.017924748165701998,0.3114487531400145,1.7623572434824704,-0.33041478239086586,False,True,False
2026-08-19,KMTS,27.90999984741211,84,6,False,0.15574143334568435,0.18300933629123484,0.8099870109806135,-0.06966667175292973,False,True,False
2026-08-19,WPP,26.700000762939453,84,5,False,0.3292179421269461,0.3889033802415143,0.8028359221093446,-0.03887688614151963,False,False,False
2026-08-19,TDW,94.62999725341797,84,7,False,0.24353131205961254,0.33291729868157427,1.028510056980863,-0.011697156622266669,False,True,False
2026-08-19,ULCC,5.989999771118164,84,6,False,-0.12429464287414738,0.1666463356226744,0.9834436453474666,-0.2873289754405879,False,True,False
2026-08-19,WBD,28.530000686645508,84,7,False,0.07030314455729991,0.0591301495187333,1.536000061035156,-0.04899997711181636,False,True,False
2026-08-19,ESTC,87.33999633789062,84,5,False,0.34838878834955933,0.36633130907705835,1.0770510802034443,-0.09087127495227754,False,False,False
2026-08-19,TKR,125.66999816894531,84,7,False,-0.08278911432159386,0.15839883841299796,0.7807850178885896,-0.14142240649573878,False,True,False
2026-08-19,TSMX,75.22899627685547,84,6,False,-0.08621852940716923,0.1163563075881131,1.4432930834671596,-0.2924285506697786,False,True,False
2026-08-19,GOLD,45.529998779296875,84,6,False,0.08815147657993339,0.09242676364980396,1.0695453990589487,-0.31739129141749123,False,False,False
2026-08-19,BULZ,36.25,84,6,False,-6.068315225871146e-05,0.19809085883614252,1.4231283360671783,-0.3537172419079144,False,True,False
2026-08-19,IDYA,38.869998931884766,84,6,False,0.0963996430244618,0.17123465859544185,0.6732673137256029,-0.0421390542634551,False,True,False
2026-08-19,ACAD,30.209999084472656,83,6,False,0.18257257897585855,0.2539171576360906,0.5342812729851729,-0.024224806917909292,False,False,False
2026-08-19,BRUN,19.010000228881836,83,5,False,-0.28339056008362207,0.08765648596695619,0.8528264916962482,-0.5473809469313848,False,False,False
2026-08-19,DUOT,10.75,83,5,False,0.08796858772380856,0.13564635376810985,0.8614718307318117,-0.2964659562916324,False,False,False
2026-08-19,KEEL,3.25,83,4,False,-0.2988133793687322,-0.03917221058116538,1.7542374105639844,-0.5590230596382896,False,True,False
2026-08-19,KOP,44.900001525878906,83,7,False,-0.04653500822936718,0.20375016421307257,0.7960000610351563,-0.15283015988907722,False,False,False
2026-08-19,KSS,18.84000015258789,83,5,False,0.04185100623915616,0.09614865229236069,0.6555360248793347,-0.252973803904438,False,True,False
2026-08-19,NOK,10.130000114440918,83,5,False,-0.116210071691764,0.07642856565026812,1.411904898684588,-0.4194842595104552,False,True,False
2026-08-19,PBI,16.09000015258789,83,7,False,-0.08022453117912609,0.22915442529608043,0.7977654184898806,-0.15626636549161188,False,True,False
2026-08-19,QUIK,11.619999885559082,83,5,False,-0.2629990050687113,-0.003392074632597275,1.420833213296206,-0.5224003320182061,True,True,False
2026-08-19,RAL,66.51000213623047,83,7,False,-0.03328204613219499,0.23388083608830068,0.7845452460244293,-0.11802149706499498,False,True,False
2026-08-19,TYRA,26.809999465942383,83,4,False,-0.09493862716228063,-0.09628935909785685,1.6917670043433355,-0.34046744256886674,False,True,False
2026-08-19,CTOS,9.779999732971191,83,7,False,-0.08006624272485818,0.22316506180720586,0.8880308990488754,-0.2003270564977584,False,True,False
2026-08-19,FWRD,18.520000457763672,83,3,False,0.24579580606829943,-0.05547067228676794,1.3562341149074397,-0.42124998569488525,False,True,False
2026-08-19,FRSH,13.069999694824219,83,6,False,0.22609027047577368,0.2967974145005461,0.9248895093156004,-0.07041256722945888,False,True,False
2026-08-19,FSM,11.630000114440918,83,7,False,0.28872834025716254,0.18308885543677778,0.6879536051969577,-0.1602888235294928,False,False,False
2026-08-19,SHOO,47.34000015258789,83,6,False,0.0687822626682415,0.16322928014836946,0.8172745312498397,-0.047484921008519976,False,True,False
2026-08-19,XSD,503.29998779296875,83,7,False,-0.08134439354057565,0.1764914646583733,0.8850186808725422,-0.23526912725125904,False,True,False
2026-08-19,VSTM,7.295000076293945,83,4,False,0.3633220742707459,0.15566645905004917,1.1268221382837464,-0.3515555487738715,False,True,False
2026-08-19,CERT,8.359999656677246,83,4,False,0.2050276220789724,0.14362315967126582,0.8786516887644087,-0.39769455419676814,False,True,False
2026-08-19,POWL,198.2100067138672,83,5,False,-0.18571161509820933,0.008334400088665816,1.5249682383932126,-0.39570119904308787,False,True,False
2026-08-19,GTLB,42.599998474121094,83,5,False,0.2846841697224216,0.3457057768936116,1.2744260285782545,-0.18671253139678579,False,False,False
2026-08-19,SLVP,39.70000076293945,83,7,False,0.23221515680680982,0.12457423661233324,1.0612668894679596,-0.2083748842469514,False,True,False
2026-08-19,ANF,105.44999694824219,82,6,False,0.09117885718628815,0.12968805217164503,0.6111535808264739,-0.20779808831251967,False,True,False
2026-08-19,AVBP,30.020000457763672,82,7,False,-0.05084401387598381,0.15253087225183593,0.7658823798684513,-0.16215464907555077,True,True,False
2026-08-19,AXSM,218.1999969482422,82,7,False,-0.067234375268864,0.14419114087450025,0.9908759122817312,-0.16138208654892516,False,True,False
2026-08-19,BHE,73.5199966430664,82,6,False,-0.131687770041662,0.13318372297973413,1.047340488874012,-0.26780207188848215,False,True,False
2026-08-19,DRUG,84.73999786376953,82,6,False,0.18040365049858198,0.1029997663078146,1.2299999437834086,-0.31523234049479165,False,True,False
2026-08-19,HNI,48.38999938964844,82,6,False,0.16841158280775836,0.1985391489028372,0.6726581015967401,-0.08334914661054149,False,True,False
2026-08-19,JLL,390.2099914550781,82,6,False,0.17601778240581645,0.21031618347804848,0.5017896764065388,-0.009160368401622598,False,True,False
2026-08-19,MANH,205.99000549316406,82,5,False,0.2629799318544026,0.3224455602408507,0.7301361474645496,-0.06618609677277887,False,False,False
2026-08-19,MEDP,608.27001953125,82,6,False,0.12092306699093647,0.1695251837802556,0.6307507226038873,-0.10271426814447548,False,True,False
2026-08-19,OCUL,11.729999542236328,82,4,False,0.24651968718047335,0.1760311718886698,0.8828249608867242,-0.2864964013878165,False,False,False
2026-08-19,RPD,12.204999923706055,82,4,False,0.22859644665658396,0.2177539567683966,1.45573449475647,-0.4393661154309495,False,False,False
2026-08-19,XERS,8.779999732971191,82,5,False,0.09708856337989125,0.2501067497175318,0.6723809015183222,-0.1289682738665041,False,True,False
2026-08-19,COCO,67.56999969482422,82,7,False,-0.05502715649056755,0.127546967581055,1.0358542479856756,-0.21274614641361578,True,True,False
2026-08-19,NEM,125.08000183105469,82,7,False,0.24855511484235682,0.18140990714403848,0.8613096355851326,-0.07265719674515381,False,True,False
2026-08-19,NRGV,3.859999895095825,82,3,False,0.055509954099566494,-0.05269102229932088,1.7571428291651663,-0.4191121284912894,False,False,False
2026-08-19,SVV,11.300000190734863,82,7,False,0.1133443838631194,0.22102103262597428,0.6364952711635758,-0.18646508916991955,False,False,False
2026-08-19,CDE,20.93000030517578,82,6,False,0.2655396125007845,0.12733561605991173,0.8637578947761744,-0.246308967945142,False,False,False
2026-08-19,LAD,371.510009765625,82,6,False,0.10913542179389712,0.20985918960812677,0.5493786456625087,-0.1546792463521116,False,True,False
2026-08-19,XMTR,84.58999633789062,82,7,False,-0.07249641402528428,0.262796417272084,1.358895563249722,-0.20258300454584754,False,True,False
2026-08-19,KN,34.790000915527344,82,7,False,-0.08711143208343952,0.17185792356212892,0.7308457838438844,-0.18961097907718982,False,True,False
2026-08-19,VOYG,38.849998474121094,82,7,False,0.15431921602507082,0.2849303787878401,1.2314760950383299,-0.258587836969162,False,True,False
2026-08-19,NEU,930.8200073242188,82,6,False,0.13211009080599978,0.2852953364010491,0.6047789947230473,-0.05178979199636502,False,False,False
2026-08-19,SXI,312.6700134277344,82,7,False,-0.008687690381707025,0.17005244026950583,0.5871574285671797,-0.140756819804984,False,True,False
2026-08-19,STLD,231.00999450683594,82,7,False,-0.0711612705586464,0.12423004495858359,0.8514867413813736,-0.1999376521439884,False,True,False
2026-08-19,ARGX,1032.8599853515625,81,6,False,0.16312276031356854,0.23788166196705185,0.5889908921925406,-0.002144733544630406,False,True,False
2026-08-19,ECHO,88.43499755859375,81,4,False,-0.08772247344006012,-0.1715479608653443,2.334652942387284,-0.39942276700445667,False,True,False
2026-08-19,EVER,25.030000686645508,81,6,False,0.04549558525130326,0.1731923775757247,0.8033141556392349,-0.12878520412614025,False,True,False
2026-08-19,GSHD,68.38999938964844,81,5,False,0.2630875067672971,0.23165305640124778,1.0305819112222094,-0.24145966490915305,False,True,False
2026-08-19,ICOP,55.599998474121094,81,7,False,0.08878148338975844,0.13498905891462165,0.8175873879300186,-0.0745672972769107,False,False,False
2026-08-19,NUGT,186.38999938964844,81,5,False,0.44385174697438035,0.03290739836504475,1.1590408367465144,-0.41896569586098165,False,True,False
2026-08-19,ROG,129.67999267578125,81,7,False,-0.08077008168121391,0.12128855398146987,0.7889363567024639,-0.23266276523206364,False,True,False
2026-08-19,COPX,88.27999877929688,81,7,False,0.09460902353215528,0.11996770739818774,0.9208007079600184,-0.11711170451695418,False,True,False
2026-08-19,CHAT,87.7699966430664,81,7,False,-0.023951427815464,0.19090985347733191,0.7301399060725724,-0.16568441835365488,False,True,False
2026-08-19,SLG,57.650001525878906,81,6,False,0.09905824641693939,0.26528384596593435,0.6580385610264332,-0.13033638965638727,False,True,False
2026-08-19,NVT,156.8800048828125,81,7,False,-0.027655509637179998,0.1804213520903204,0.8301446879228787,-0.15034659119692495,False,True,False
2026-08-19,MUSA,568.239990234375,81,7,False,-0.01988011251251487,0.1777427862758767,0.6243318527441091,-0.10661111368602927,False,False,False
2026-08-19,WCLD,40.52000045776367,81,6,False,0.1796909347743325,0.2772583849802108,0.6961072203007688,-0.037186614251023986,False,True,False
2026-08-19,IART,17.239999771118164,81,7,False,-0.04333833737254256,0.27825846973788404,0.9816092125379456,-0.15861395980009052,False,True,False
2026-08-19,DC,6.300000190734863,81,7,False,0.2938470724286457,0.17098198436748469,0.6844920253129132,-0.1310344564503637,False,True,False
2026-08-19,XPRO,18.959999084472656,81,7,False,0.19526427887802034,0.20520214384504776,0.7173912273537981,-0.009404404959026835,False,True,False
2026-08-19,BUG,41.11000061035156,81,6,False,0.06597038495662333,0.2966675142003672,0.7761935535655511,-0.07721658104647722,False,True,False
2026-08-19,HRB,52.25,81,5,False,0.2499521538463929,0.35837774465571304,0.8554687600540505,-0.10942557302385414,False,False,False
2026-08-19,ZGN,13.770000457763672,81,7,False,-0.01656902672649596,0.16957081166307986,0.7541402070129322,-0.1366770769636707,False,True,False
2026-08-19,AMG,355.4100036621094,80,7,False,-0.008707165334425171,0.1535289674233522,0.6530697844749274,-0.09546474723544163,False,True,False
2026-08-19,BMO,175.72999572753906,80,7,False,-0.007676374754901905,0.1785369573941642,0.5660814291179881,-0.061371677268707736,False,True,False
2026-08-19,ESTA,75.36000061035156,80,7,False,-0.12736367183949493,0.03734997608872681,1.0629620347280526,-0.22778969732277743,False,True,False
2026-08-19,GEV,987.4600219726562,80,7,False,-0.04347217528987446,0.14253075200781806,0.8625699260465609,-0.17432306775242568,False,True,False
2026-08-19,GLBE,41.2400016784668,80,6,False,0.10684671591417416,0.16471105630246963,0.5362265871972391,-0.06251420538922436,False,False,False
2026-08-19,LFUS,414.8699951171875,80,7,False,-0.055318320352824246,0.14952273360699464,0.7778110817282213,-0.17120484837902694,False,True,False
2026-08-19,MAC,24.899999618530273,80,7,False,-0.006241931701898462,0.19258297939010105,0.5533374018676309,-0.06671666665236875,False,False,False
2026-08-19,SKYY,161.1699981689453,80,6,False,0.13979837641219395,0.2582907717341323,0.5532960182223114,-0.0466134560222391,False,True,False
2026-08-19,SMHX,55.392799377441406,80,7,False,-0.06276622068673787,0.17819859044684216,0.6594606831919163,-0.18968989346302856,False,True,False
2026-08-19,TD,118.3499984741211,80,7,False,-0.016081898815643147,0.15692484502472204,0.6272513819819368,-0.05674665399945178,False,True,False
2026-08-19,THRM,41.61000061035156,80,6,False,0.08911307303104876,0.206749815984975,0.5411111337167245,-0.1394001670419298,False,True,False
2026-08-19,UNIT,10.329999923706055,80,7,False,-0.043412237310251234,0.1332470212080259,0.94905651923642,-0.20157673960430111,False,True,False
2026-08-19,VRNS,42.279998779296875,80,4,False,0.015745465688584925,0.3182643013735891,1.1461927483188705,-0.33834119296266574,False,True,False
2026-08-19,XHR,19.420000076293945,80,7,False,-0.033840452056032144,0.18257798831898708,0.6527659639399102,-0.1196735926364928,False,True,False
2026-08-19,ZVRA,12.130000114440918,80,7,False,-0.011989694618883218,0.19672160697218666,0.6941341302996189,-0.19321581393106646,False,True,False
2026-08-19,CCC,7.440000057220459,80,4,False,0.29305851444329045,0.19630497285607817,0.8235294598884109,-0.26591022306851075,False,False,False
2026-08-19,CASY,836.1500244140625,80,7,False,-0.005726244872330977,0.17506116789182302,0.7064286212531887,-0.0988305799264223,False,True,False
2026-08-19,CLPT,15.960000038146973,80,4,False,0.016249814169288834,0.17906059765555304,0.9298668869073785,-0.4697674473129799,False,True,False
2026-08-19,CIFR,15.890000343322754,80,5,False,-0.26835892313391296,-0.14406757287979655,1.9868420734205507,-0.47279360766078304,False,False,False
2026-08-19,SNDR,34.9900016784668,80,7,False,-0.03876262887115922,0.1670550170100089,0.7399304135503506,-0.10898901781017734,False,True,False
2026-08-19,SVRA,5.579999923706055,80,5,False,-0.011584668109107965,0.013679204565923753,0.9109588280518721,-0.2034261481020112,False,True,False
2026-08-19,ZIM,27.40999984741211,80,7,False,0.08006084185298601,0.14693870416837385,1.2230332536103883,-0.08541873622271523,False,False,False
2026-08-19,KNX,69.73999786376953,80,7,False,-0.06022183592650132,0.1274809833211752,0.8053325378065324,-0.15833939958893717,False,True,False
2026-08-19,CAT,816.1500244140625,80,6,False,-0.10125494520079648,0.07583332973999513,0.9880883909574538,-0.23970147549678278,False,True,False
2026-08-19,TRFK,93.16999816894531,80,7,False,-0.04153527702166826,0.1976507981372677,0.5839850161907374,-0.19389170537362055,False,True,False
2026-08-19,TTAN,95.0199966430664,80,5,False,0.2322703487378157,0.21446903958921548,0.7541074368641878,-0.20810068893452915,False,True,False
2026-08-19,SWBI,14.119999885559082,80,7,False,-0.05200543309946759,0.09124491624365527,0.7964376139578606,-0.19589975427135864,False,True,False
2026-08-19,SLVR,62.20000076293945,80,6,False,0.19109399749791445,0.06965088017995491,0.9904000244140625,-0.2759022158550184,False,False,False
2026-08-19,A,155.41000366210938,79,6,False,0.1380762585657993,0.18472025265592595,0.4343332335092589,-0.03032383153924112,False,True,False
2026-08-19,ACLS,126.43000030517578,79,6,False,-0.152394649699238,0.10366922532946399,0.7177989528033828,-0.3475590819402805,False,True,False
2026-08-19,ADUR,15.390000343322754,79,7,False,0.03311473703064105,0.1867216952495192,0.7100000381469727,-0.15393073713727212,False,True,False
2026-08-19,AGYS,116.70999908447266,79,5,False,0.12958423462508661,0.2230867885925505,0.8977235623491489,-0.19648881869554113,False,True,False
2026-08-19,APLE,16.360000610351562,79,7,False,-0.0056040739163921716,0.21422638452383014,0.5078341046229031,-0.053240743040302574,False,True,False
2026-08-19,GMAB,34.11000061035156,79,5,False,0.2007223537661953,0.17257295259252858,0.4441151311770497,-0.03725655330099975,False,False,False
2026-08-19,M,23.399999618530273,79,5,False,-0.030943559475462568,0.09291402430028262,0.848341224373204,-0.11996993289776825,False,True,False
2026-08-19,MFG,10.140000343322754,79,7,False,-0.006135655616760771,0.16965813525786766,0.6650246451987119,-0.08318264388690044,False,True,False
2026-08-19,QTUM,150.1999969482422,79,7,False,-0.01641580126456932,0.16780236908576907,0.6629760568616276,-0.11647060618681071,False,True,False
2026-08-19,RY,207.6199951171875,79,7,False,-0.0024599969793561716,0.16316003500450238,0.5275161706456235,-0.05009842082673499,False,True,False
2026-08-19,SGDJ,97.58999633789062,79,7,False,0.21859482627161597,0.11296862037742939,0.9034522228702817,-0.1570719494564069,False,True,False
2026-08-19,SILJ,31.420000076293945,79,7,False,0.18612587398118197,0.07603661272617313,0.9371147599509921,-0.2355230841169551,False,False,False
2026-08-19,CALY,16.139999389648438,79,7,False,-0.10156644555701977,0.10251545444723886,0.923718561286303,-0.204142068876915,False,True,False
2026-08-19,DAL,83.29000091552734,79,7,False,-0.048103390788806766,0.14321088835244367,0.5135381203544986,-0.12949414036507068,False,True,False
2026-08-19,EGBN,27.6200008392334,79,7,False,-0.007702670898088293,0.1143185434259395,0.8376581057845012,-0.057016047254837665,True,True,False
2026-08-19,MTSI,269.9800109863281,79,5,False,-0.14318498704898885,0.04917889391385999,1.282549998077816,-0.3555024709476513,False,True,False
2026-08-19,AMDW,79.47000122070312,79,6,False,-0.17108174357207873,0.1602376366506031,1.0749347990535965,-0.31432269047072836,False,True,False
2026-08-19,REGN,840.8400268554688,79,6,False,0.2231937635912411,0.16360351204994106,0.5542329516736946,-0.004805299374218142,False,True,False
2026-08-19,CSCO,110.55000305175781,79,7,False,-0.05194043032693829,0.1943585123732794,0.6717073588876334,-0.15202878582310153,False,False,False
2026-08-19,WTAI,40.900001525878906,79,7,False,-0.03485832976855807,0.1765867162232282,0.6728016462017397,-0.16342806225236461,False,True,False
2026-08-19,AMKR,50.88999938964844,78,5,False,-0.2424513214093601,-0.07898071921560967,1.2379067678920248,-0.47362433565358575,False,True,False
2026-08-19,ARHS,9.829999923706055,78,5,False,0.21384998382191167,0.14764719937168302,0.7648114220387965,-0.23561429345746032,False,False,False
2026-08-19,BIO,364.260009765625,78,6,False,0.16538441209998456,0.22395351735188807,0.5387150607853883,-0.009813209556306712,False,True,False
2026-08-19,MSM,120.33000183105469,78,7,False,-0.008929746269982886,0.20452682859139326,0.5270304209508587,-0.07764835475618392,False,True,False
2026-08-19,MSTZ,8.770000457763672,78,3,False,-0.24761712612243603,-0.22654609501577305,1.1761786603432305,-0.6945314964323079,False,True,False
2026-08-19,PRG,41.349998474121094,78,7,False,-0.03515897502300047,0.2000028618324885,0.6027131665462868,-0.13366857593345594,False,True,False
2026-08-19,PRSU,48.5,78,7,False,-0.0495563298844649,0.19010665414802186,0.5142054901153723,-0.14189668069371064,False,True,False
2026-08-19,QTEC,313.4700012207031,78,7,False,-0.0028470090389344227,0.1980206162459892,0.5248819869248134,-0.07865270229409693,False,True,False
2026-08-19,SIL,95.87000274658203,78,7,False,0.19902550511993256,0.09414849851481955,0.8461390753549989,-0.19599124065640694,False,False,False
2026-08-19,TFIN,74.16000366210938,78,7,False,-0.031046696108872784,0.12638753418388315,0.5972432301242607,-0.11206888598137976,False,True,False
2026-08-19,VIK,90.7699966430664,78,7,False,-0.09385498289852501,0.1258901568268731,0.6191579454065528,-0.17549278170131688,False,False,False
2026-08-19,CYTK,77.73999786376953,78,7,False,-0.01849880726100217,0.12582226788554163,1.2072684602314032,-0.1196919939649077,False,True,False
2026-08-19,PSMT,175.61000061035156,78,7,False,-0.056326973845499895,0.13657950201841063,0.6651811315652421,-0.12124697844054622,False,True,False
2026-08-19,NVTS,12.829999923706055,78,5,False,-0.1604776755304398,0.0055607528768792935,1.3584558435209795,-0.6245244187526375,False,True,False
2026-08-19,JNUG,189.8699951171875,78,4,False,0.42660712750408014,-0.025303027869074346,1.2031793275102172,-0.47773345759177144,False,True,False
2026-08-19,HRI,168.10000610351562,78,6,False,0.09764399744841601,0.19623485641358496,0.9005088965902599,-0.10751260601961843,False,True,False
2026-08-19,EZPW,28.75,78,6,False,-0.08097637061411112,0.08353999026433723,0.864461728777747,-0.22569353156607963,False,False,False
2026-08-19,WPM,147.42999267578125,78,7,False,0.25776767026511926,0.16892846950792872,0.6210005236138787,-0.11058157841757621,False,False,False
2026-08-19,TQQQ,72.05999755859375,78,7,False,-0.01325522363366527,0.1902613240300881,0.9308681175736317,-0.18197297588491101,False,True,False
2026-08-19,SIBN,19.90999984741211,78,6,False,0.15302646961739175,0.22737205239497116,0.7343206133554949,-0.09045224291658271,False,True,False
2026-08-19,TSM,412.0899963378906,78,7,False,-0.02935696109967112,0.1283125893842696,0.8421546801953534,-0.1396868552444872,False,True,False
2026-08-19,POET,8.4399995803833,78,5,False,-0.07352525729093706,0.05635340267474165,1.1808785090348937,-0.594425766603397,False,True,False
2026-08-19,NTCT,38.349998474121094,78,7,False,-0.06090068346424815,0.14797155108636262,0.706720055453171,-0.15304771404597184,False,False,False
2026-08-19,CLOU,27.850000381469727,78,6,False,0.14355402757145885,0.25938435362920464,0.5896118523860256,-0.04835123996890367,False,False,False
2026-08-19,ALSN,124.81999969482422,77,7,False,0.0538455846905419,0.11488883961844887,0.6421522982082417,-0.09300970699398514,False,True,False
2026-08-19,ARQQ,21.530000686645508,77,4,False,0.04078548674671523,0.063132474389902,0.8689235964514046,-0.6527419244089434,False,True,False
2026-08-19,ARQT,26.459999084472656,77,5,False,-0.00614496294006206,0.033399949236717186,0.7523177758951307,-0.16713885101608184,False,False,False
2026-08-19,ARX,19.549999237060547,77,5,False,0.4255296812357623,0.4292136546357499,1.1296294757243146,-0.3584905991027356,False,False,False
2026-08-19,BAP,368.9800109863281,77,7,False,-0.03782915491561478,0.11005468292977616,0.6011282962576867,-0.10712641019642322,False,True,False
2026-08-19,EGY,5.929999828338623,77,7,False,0.10227142502700137,0.17925462915521817,0.7622584878253837,-0.11755952180327334,False,True,False
2026-08-19,GRAL,73.95999908447266,77,4,False,0.08781021757600294,0.007272958470043056,1.4694489883283004,-0.3776506112118463,False,False,False
2026-08-19,HXL,97.79000091552734,77,7,False,-0.03443222116059119,0.1217858730493353,0.6284763057111769,-0.12484336150829045,False,True,False
2026-08-19,KODK,9.729999542236328,77,6,False,0.08325349576656493,0.09018992357216149,0.6980801936907537,-0.3456624332804761,False,True,False
2026-08-19,LRMR,4.25,77,5,False,0.12078058564359861,0.08867584815916518,0.5653775817154458,-0.3380062383965913,False,True,False
2026-08-19,XES,122.37000274658203,77,7,False,0.06952387958260564,0.14627971917210636,0.8995654490032639,-0.0958995402409254,False,True,False
2026-08-19,XTL,213.74000549316406,77,7,False,-0.014304416109221951,0.11897384155476631,0.7251009109028972,-0.13682251147767588,False,True,False
2026-08-19,CACI,662.6799926757812,77,6,False,0.2759451798050525,0.18885430592670294,0.5244535865349176,-0.03046087391985186,False,False,False
2026-08-19,DLTR,131.83999633789062,77,6,False,0.07150227170276202,0.14166507470788736,0.5563687612181416,-0.07415728940459221,False,True,False
2026-08-19,PGY,20.469999313354492,77,4,False,0.14267528577449484,0.16975268368179752,0.9682692369413095,-0.545010034459459,False,True,False
2026-08-19,BWA,66.2300033569336,77,7,False,-0.00949966255277035,0.17457198570227805,0.635308724862558,-0.15973098688957943,False,True,False
2026-08-19,CSTM,26.540000915527344,77,5,False,-0.12679556665502456,0.02333547798206692,0.9543447028447727,-0.28250879396479656,False,True,False
2026-08-19,RING,85.0999984741211,77,7,False,0.24260059854453897,0.1194599048081264,0.7677606886804444,-0.152474899209327,False,True,False
2026-08-19,CVLG,34.25,77,5,False,-0.18704011540526744,0.10060846778976451,0.9027777777777777,-0.31335205961144996,False,True,False
2026-08-19,TE,4.550000190734863,77,4,False,-0.32275539116256724,-0.29637903002572674,2.527132035104087,-0.6357085449067605,False,True,False
2026-08-19,CNQ,49.5,77,7,False,0.1224897077160616,0.19493348402785293,0.6894198392124591,-0.035839504229045915,False,True,False
2026-08-19,RS,399.30999755859375,77,7,False,-0.0030783224130583875,0.17512637471287906,0.5339787226908648,-0.07784858045898146,False,True,False
2026-08-19,B,45.130001068115234,76,7,False,0.17196429165201899,0.07823604715188082,0.8859172792552843,-0.17480339730571737,False,False,False
2026-08-19,BEAM,29.06999969482422,76,7,False,-0.02897380395478044,0.03399888260387307,0.8634614733314154,-0.24019861552206967,True,True,False
2026-08-19,FNGU,31.3799991607666,76,5,False,0.11636044919891009,0.23869314089792115,1.3270300303810871,-0.14681891782905343,False,True,False
2026-08-19,GBTG,9.449999809265137,76,6,False,0.004613769847128912,0.23318237105239192,0.907164471194801,-0.009433978296411794,False,True,False
2026-08-19,GDXJ,126.55000305175781,76,7,False,0.22305748540406456,0.09064931200243875,0.777887082174624,-0.19645692654921665,False,True,False
2026-08-19,HIMS,31.09000015258789,76,3,False,-0.024015062319298064,0.07165693830479203,1.2627365844604945,-0.5238824723494488,False,True,False
2026-08-19,HURN,158.97999572753906,76,5,False,0.31568054220704833,0.13771395798899788,0.8729971827507006,-0.14883822268682456,False,True,False
2026-08-19,MS,214.22999572753906,76,7,False,-0.01154331712471901,0.13980772557353283,0.5190384852998233,-0.07758882356280272,False,True,False
2026-08-19,PRGS,43.83000183105469,76,5,False,0.16356864637194013,0.1890035983584777,0.8400504782784857,-0.07473078278765388,False,True,False
2026-08-19,RYAM,8.729999542236328,76,5,False,0.054831870100307434,0.054156799334793115,0.8074533499242391,-0.2632912015861414,False,True,False
2026-08-19,SCHL,40.68000030517578,76,7,False,-0.0694737898171921,0.101245271417985,0.7928602621280345,-0.15373412599468217,False,True,False
2026-08-19,SVCO,6.670000076293945,76,5,False,-0.31683634095331914,-0.053235948844032155,1.1726385085775939,-0.53648367497163,True,False,False
2026-08-19,TFII,138.50999450683594,76,7,False,-0.05288295956023881,0.12620281288823043,0.7178469456163152,-0.17401161374999863,False,True,False
2026-08-19,TMO,613.5399780273438,76,6,False,0.14453174146795855,0.15071828932178022,0.4095618662284397,-0.047283362581379884,False,True,False
2026-08-19,CAMT,150.65499877929688,76,4,False,-0.04388950747433018,0.0024434717376580206,0.988844868373556,-0.3024908794492114,False,False,False
2026-08-19,USAS,5.389999866485596,76,5,False,0.16434802006678906,-0.06576885850238234,1.4781609124843755,-0.4866666793823242,False,False,False
2026-08-19,SCSC,51.41999816894531,76,7,False,-0.0271681865401866,0.1881242607152649,0.5231042868905593,-0.13724833078188114,False,False,False
2026-08-19,JBL,322.7699890136719,76,7,False,-0.05890883745743436,0.12419676895969833,0.7023733049747354,-0.24749960477199218,False,True,False
2026-08-19,MRCY,101.25,76,7,False,-0.06360287312500534,0.12749928492029117,0.6127748003937439,-0.21175552817803645,False,False,False
2026-08-19,RUM,8.319999694824219,76,5,False,0.2672301698761588,0.2909081273319174,0.8008657794192535,-0.21062621205536636,False,False,False
2026-08-19,WAT,415.8399963378906,76,6,False,0.09542215283276323,0.16038618277768868,0.4705945202614301,-0.010517330521643942,False,True,False
2026-08-19,SBH,16.729999542236328,76,6,False,0.12473609583322953,0.14053533259223183,0.4497399997867868,-0.06640627951959932,False,True,False
2026-08-19,STOK,33.029998779296875,76,6,False,0.07301571167781806,0.04606498596826847,0.8349999321831598,-0.17876683797078596,False,True,False
2026-08-19,VET,12.5600004196167,76,7,False,0.20232811341921986,0.18894925042402266,0.794285774230957,-0.15249658041469516,False,True,False
2026-08-19,DV,13.289999961853027,76,6,False,0.1605162470800583,0.24581680849959842,0.7395288212179558,-0.1916058679973246,False,False,False
2026-08-19,AEIS,294.30999755859375,75,4,False,-0.08521708677984641,-0.0023836322277999145,1.0526571874449266,-0.2594857192263045,False,True,False
2026-08-19,APH,156.0399932861328,75,7,False,-0.02952719309495966,0.08010372864137061,0.49021100802656603,-0.12592432471611792,False,True,False
2026-08-19,ASPN,5.449999809265137,75,5,False,-0.010026919143101054,0.28318319447319173,1.3695651835890477,-0.41698758468603836,False,False,False
2026-08-19,BKSY,27.899999618530273,75,5,False,0.044560409411972035,0.04537840187851527,1.248186942915099,-0.47239033557143806,False,True,False
2026-08-19,ENS,193.9499969482422,75,6,False,-0.05385168046960975,0.06015988877044154,0.9988663236964295,-0.20609908094372142,False,False,False
2026-08-19,FFIV,382.6300048828125,75,7,False,-0.053438195081616624,0.2024763046658158,0.7100018514306989,-0.12039079337284486,False,True,False
2026-08-19,GDX,97.33000183105469,75,7,False,0.22596689634388878,0.10293203365378045,0.71991520707928,-0.16939749464435128,False,False,False
2026-08-19,HMY,21.09000015258789,75,5,False,0.2817396243611212,0.16884197191574501,0.6764706105319911,-0.19071371508851132,False,True,False
2026-08-19,KGS,60.029998779296875,75,6,False,-0.08263752720557771,0.10318235405631127,0.8442396370611385,-0.22721423090291748,False,True,False
2026-08-19,MAZE,29.75,75,3,False,0.06559021120600694,-0.13604590629074087,1.3224042955097874,-0.445479978492645,True,True,False
2026-08-19,MOH,201.1699981689453,75,7,False,-0.045156773857780164,0.15581197043444228,0.6617379995533028,-0.17852914095989492,False,True,False
2026-08-19,ONDS,8.899999618530273,75,4,False,0.0762830258284557,-0.05384578729205347,1.781249839346858,-0.41753928180209,False,True,False
2026-08-19,SEI,58.79999923706055,75,5,False,-0.10489749715585228,-0.009838478718545596,1.393162391835399,-0.3177863142882029,False,True,False
2026-08-19,STRL,534.4000244140625,75,5,False,-0.22473419178454712,0.035827484530212006,1.0284683987568242,-0.46861822020322674,False,True,False
2026-08-19,TMQ,3.690000057220459,75,3,False,0.07317358080242409,-0.1123406209265676,1.365384738826192,-0.6731620841728666,False,True,False
2026-08-19,VRDN,24.799999237060547,75,4,False,0.2774681086932691,0.034764728214791374,0.8816387452830026,-0.27675711359253696,False,False,False
2026-08-19,NPK,148.00999450683594,75,7,False,0.1491334309191792,0.18443481732373934,0.6214942647480177,-0.01234489587602361,False,True,False
2026-08-19,DCOM,39.91999816894531,75,7,False,-0.006436311586882293,0.1509430148155817,0.5575497259497879,-0.04884448396791041,False,True,False
2026-08-19,NPO,319.5899963378906,75,7,False,-0.05814349460923862,0.15712121870129425,0.5821286947420328,-0.18142004675422252,False,True,False
2026-08-19,NTNX,65.41999816894531,75,5,False,0.1787026001113503,0.33711517901853116,0.923551937593748,-0.20626062093756947,False,True,False
2026-08-19,CFG,70.76000213623047,75,7,False,-0.0019689523040470336,0.1250085786990356,0.47554998299275897,-0.0606663956423833,False,True,False
2026-08-19,XNTK,356.9200134277344,75,7,False,-0.00900366794610774,0.1614452180543311,0.533029817882865,-0.09051062275175481,False,False,False
2026-08-19,SNEX,66.1500015258789,75,6,False,-0.14288575264294856,0.1026589886717022,0.814870216795841,-0.3011831928297557,True,True,False
2026-08-19,BVN,33.97999954223633,75,6,False,0.07507829329123594,0.049907680371621854,0.884636619420913,-0.23931047828295404,False,True,False
2026-08-19,ECG,129.55999755859375,74,7,False,-0.07759824365916768,0.08397454238058,0.7887615216444437,-0.24488713118537375,False,True,False
2026-08-19,EFXT,20.56999969482422,74,5,False,-0.10967027696173837,0.004070941913128179,1.1999998776033012,-0.29433962387607926,False,False,False
2026-08-19,ESLT,752.2999877929688,74,4,False,-0.04863292213150261,0.021391225642783507,0.6829977355547399,-0.25959097927227925,False,False,False
2026-08-19,FRDM,67.38999938964844,74,7,False,-0.015994656805875418,0.12134353823547328,0.6428571096442743,-0.12366712545551894,False,True,False
2026-08-19,HTLD,12.664999961853027,74,7,False,-0.10880777949037068,0.09343871728369924,0.8092857088361467,-0.23888218591331278,False,False,False
2026-08-19,INDV,39.040000915527344,74,7,False,-0.0140044464352993,0.10471053768855554,0.7569757930669163,-0.08806354442482589,False,True,False
2026-08-19,IOT,39.20000076293945,74,5,False,0.09556577090704432,0.16659551351643764,0.6766467994027991,-0.17421529903304223,False,True,False
2026-08-19,LSTR,185.02000427246094,74,7,False,-0.07739746999327668,0.09616864821941729,0.5506202207984636,-0.19014269966214403,False,True,False
2026-08-19,MEOH,56.59000015258789,74,7,False,0.06491883629711448,0.11359166590938607,0.7684375047683716,-0.15220973554175443,True,True,False
2026-08-19,PRKS,45.29999923706055,74,6,False,-0.011430758933336782,0.18399023540713721,0.574556778459703,-0.20456543230566926,False,True,False
2026-08-19,R,250.5399932861328,74,7,False,-0.05796591683589669,0.1314521396247772,0.5890150072664819,-0.11859281165828384,False,True,False
2026-08-19,SKY,92.58000183105469,74,6,False,0.09243581050177174,0.12454816241106603,0.4536034515194731,-0.06645151214648559,False,True,False
2026-08-19,SPIR,13.699999809265137,74,5,False,-0.07444940851478343,0.03931965002796134,1.0757575768522432,-0.47165446787401166,False,True,False
2026-08-19,CART,50.66999816894531,74,6,False,0.09865802926454847,0.21867476391835838,0.5481209556253848,-0.007638135406508484,False,False,False
2026-08-19,VEEV,251.0,74,5,False,0.29165191197373685,0.2539184924302871,0.6953731497881239,-0.19162640901771333,False,True,False
2026-08-19,ZLAB,26.719999313354492,74,4,False,0.33167203662860745,0.35922055139591436,0.6741854166346735,-0.2610619627735761,False,False,False
2026-08-19,DBX,33.9900016784668,74,6,False,0.12793936261584693,0.24222814009018268,0.5667205419032939,-0.06363629771747636,False,False,False
2026-08-19,WDAY,198.4199981689453,74,5,False,0.3399025122370063,0.22444558384711732,0.7979340075350987,-0.2058435328325039,False,False,False
2026-08-19,WRLD,184.5500030517578,74,7,False,-0.03479949878746902,0.1949315143716137,0.6777273004705255,-0.1894324974150935,False,True,False
2026-08-19,CZR,29.59000015258789,74,7,False,-0.007546530590407885,0.14253721704118782,0.6567748679380045,-0.0417745804157168,False,False,False
2026-08-19,ABUS,4.980000019073486,73,6,False,0.08861977865211945,0.11681730470511176,0.4865672121921145,-0.07434945852394259,False,True,False
2026-08-19,ANDE,67.7300033569336,73,6,False,-0.04768997091351934,0.03606499489735615,0.7970285440375895,-0.17513088718215275,False,True,False
2026-08-19,EDC,76.37000274658203,73,6,False,-0.03358224717722469,0.09596712334575663,0.8690651396425648,-0.26482475196571853,False,True,False
2026-08-19,FAS,178.0,73,6,False,0.07927061140942593,0.18236443945554437,0.6649517716094333,-0.04939919893190925,False,True,False
2026-08-19,GGLL,102.16999816894531,73,5,False,-0.06940016063274479,-0.02778456913961913,1.4142249268834663,-0.33222223418989993,False,True,False
2026-08-19,HCSG,22.93000030517578,73,7,False,-0.009614455414109657,0.11676339626334231,0.5175381089464688,-0.10951455125530951,False,False,False
2026-08-19,IBKR,90.54000091552734,73,7,False,-0.011159663322070634,0.16900926071150923,0.5358778582484398,-0.07461156679884506,False,True,False
2026-08-19,IFS,53.900001525878906,73,7,False,-0.060995210640029995,0.10704786052935478,0.41842109278628703,-0.1218637897046555,False,False,False
2026-08-19,MMSI,91.9800033569336,73,6,False,0.20416632094503528,0.20310158403485046,0.5396719245504753,-0.029234793066663878,False,False,False
2026-08-19,RAMP,37.709999084472656,73,7,False,-0.0001644045302666708,0.21802912805683672,0.7369875944142006,-0.013601895474499748,False,True,False
2026-08-19,RYTM,115.7300033569336,73,6,False,0.08742738651683979,0.1665745953105635,0.5534228638514576,-0.052945939057993274,False,True,False
2026-08-19,SIRI,28.670000076293945,73,7,False,-0.027403674057709715,0.16470146374985606,0.4501770061940109,-0.12216778290751651,False,True,False
2026-08-19,VRT,261.0,73,5,False,-0.1145548833398492,0.03381731183173686,1.1988206125549112,-0.31304038407320334,False,True,False
2026-08-19,WK,75.70999908447266,73,5,False,0.35196426752367804,0.14201069842036373,0.7468850673262379,-0.22024822974790426,False,True,False
2026-08-19,OIH,418.69000244140625,73,7,False,0.07262295677916075,0.13141571734077684,0.7862963587681857,-0.08837745263406471,False,True,False
2026-08-19,LUNR,18.520000457763672,73,5,False,0.035163153121650526,-0.046308349404722615,1.3804627195787553,-0.6038502575879429,False,False,False
2026-08-19,GOOX,72.33999633789062,73,5,False,-0.07698091118536188,-0.03355095347809578,1.4332323394462159,-0.32706980150799414,False,True,False
2026-08-19,PSTL,22.770000457763672,73,7,False,-0.03583948328836595,0.14073300990909843,0.5978947689658718,-0.09714508018616386,False,True,False
2026-08-19,WCC,343.8500061035156,73,7,False,-0.0004348582547325508,0.1280975782197693,0.6905113885033347,-0.10774058577405854,False,True,False
2026-08-19,SPSC,80.76000213623047,73,4,False,0.2577480446085243,0.17482764757608615,0.646818936144427,-0.3119195684897238,False,True,False
2026-08-19,SHOP,146.5800018310547,73,5,False,0.17239615567559796,0.11176551636985121,0.5593617216069648,-0.19545529465484268,False,True,False
2026-08-19,CRGY,13.430000305175781,73,7,False,0.2335813605433641,0.24618399526027357,0.7486979954895425,-0.06018192155164481,False,True,False
2026-08-19,CNMD,51.25,73,6,False,0.2442098692497392,0.27740978452064224,0.630089030834559,-0.09516241962801852,False,True,False
2026-08-19,SII,120.83999633789062,73,5,False,0.07305166505217797,0.007889433201635931,0.9509202295297361,-0.2876260516447432,False,False,False
2026-08-19,TK,13.170000076293945,73,7,False,0.15512130433805194,0.1726889088908441,0.784552828193507,-0.08414464732387916,False,True,False
2026-08-19,AEM,207.72000122070312,72,6,False,0.30893583212948594,0.12994658241851087,0.5973547519619409,-0.1861777278238369,False,False,False
2026-08-19,BOX,33.119998931884766,72,5,False,0.13309792078861293,0.21601970062480236,0.5520149341642961,-0.0224321756868453,False,True,False
2026-08-19,FOXF,21.68000030517578,72,6,False,0.16265975989523906,0.22309151145956108,0.6574923877394812,-0.2905758938465599,False,False,False
2026-08-19,GPN,91.73999786376953,72,6,False,0.1714589690547117,0.22786503803633273,0.4999999688137895,-0.040175809727150624,False,True,False
2026-08-19,INGM,27.059999465942383,72,7,False,-0.05001300537420117,0.08815195199785664,0.4416621633458613,-0.14610290281122962,False,True,False
2026-08-19,KOLD,30.600000381469727,72,4,False,0.15282027797498698,0.17145330604866915,1.2767858137535026,-0.38144330652121206,False,True,False
2026-08-19,MGM,43.220001220703125,72,7,False,-0.06344395267635428,0.10858463683589914,0.4806440709131168,-0.16224072314651672,False,True,False
2026-08-19,PYPL,61.25,72,5,False,0.19653210473178673,0.18897581440058153,0.5925637404585453,-0.22678782008978637,True,True,False
2026-08-19,SMFG,24.56999969482422,72,7,False,-0.021637858462174808,0.13989852289028604,0.6185770224554488,-0.07874017155839252,False,True,False
2026-08-19,TOST,35.15999984741211,72,5,False,0.17659656597691176,0.16384339519026647,0.5795148017021501,-0.22962313063950845,False,True,False
2026-08-19,VLY,14.4399995803833,72,7,False,-0.009520702067678077,0.11433077084124377,0.49792521432691816,-0.050000015685433,False,True,False
2026-08-19,C,132.88999938964844,72,7,False,-0.03152977185420347,0.09610214691796504,0.4654830055405659,-0.10185189673153994,False,True,False
2026-08-19,SLF,79.48999786376953,72,7,False,-0.0052086332181566775,0.15898031728749928,0.3891995135961088,-0.05795211600875416,False,False,False
2026-08-19,CGNX,60.63999938964844,72,7,False,-0.06354143668547962,0.16094632488630034,0.752601215719817,-0.1679472876653476,False,False,False
2026-08-19,RIO,100.44000244140625,72,7,False,0.04509171385377719,0.10023428385968258,0.663740338222174,-0.10783442167523283,False,True,False
2026-08-19,CARG,37.040000915527344,72,6,False,0.08737456253025089,0.09244010144894643,0.40356202244007644,-0.1014070883403162,False,True,False
2026-08-19,CVI,36.70000076293945,72,5,False,0.1508887510501995,0.20721105188176425,0.8705402239102764,-0.11927040135340738,False,True,False
2026-08-19,TREX,48.290000915527344,72,6,False,0.0383383282159504,0.1907110426897729,0.6221027938524559,-0.26899783983953096,False,True,False
2026-08-19,UVSP,41.66999816894531,72,7,False,-0.040838638065572086,0.12981018233460206,0.48609118432197573,-0.08337001741871697,False,True,False
2026-08-19,DIN,33.790000915527344,72,7,False,-0.033555258929133136,0.06665407050500538,0.6245193343719826,-0.14843748347653507,False,True,False
2026-08-19,COP,130.5800018310547,72,7,False,0.13512293335801218,0.18659524870460698,0.5260021303816007,-0.03893422739560859,False,True,False
2026-08-19,ADI,373.260009765625,71,7,False,-0.04215727208001452,0.09659923318958796,0.6702913488463558,-0.1629252389491923,False,True,False
2026-08-19,ALRM,57.380001068115234,71,6,False,0.12172408750996966,0.18197175866133986,0.3829838213261705,-0.03611620620307088,False,True,False
2026-08-19,ATEN,25.75,71,5,False,-0.21437375840981443,0.05795976083374854,0.5587166638302745,-0.33099509282677375,False,True,False
2026-08-19,FDS,298.1000061035156,71,5,False,0.16933604567336724,0.2043773179355184,0.6113513843433278,-0.23120565801801263,False,True,False
2026-08-19,GE,356.2300109863281,71,7,False,-0.007408394098584625,0.11575590704539729,0.35037917919048134,-0.08386479183901996,False,True,False
2026-08-19,GPC,134.5399932861328,71,5,False,0.10411538253707264,0.12855630016784025,0.4820444491657756,-0.11235741383621867,False,True,False
2026-08-19,GRDN,37.970001220703125,71,7,False,-0.06656240812840886,0.0774275436911851,0.6408816863534066,-0.19247127071361525,False,False,False
2026-08-19,IEZ,29.979999542236328,71,7,False,0.06831057232440241,0.12288848311816936,0.7151029935553874,-0.08792210172069892,False,True,False
2026-08-19,KTB,82.16999816894531,71,7,False,-0.0008439021674193636,0.14251546677006321,0.4623598536606328,-0.07632644992588011,False,False,False
2026-08-19,NBN,129.3000030517578,71,7,False,-0.011029329643506225,0.12060066313017304,0.6012384278855456,-0.09142010210125462,False,True,False
2026-08-19,SMBC,74.01000213623047,71,7,False,-0.022066569939090064,0.12156164053688867,0.5548320274940308,-0.07325317342112325,False,True,False
2026-08-19,WWW,20.850000381469727,71,6,False,0.13796379222686528,0.18859633693199007,0.5478841847171534,-0.36432924187658455,False,False,False
2026-08-19,CFFN,8.489999771118164,71,7,False,-0.007412281836964962,0.1306808439877054,0.42211056440348993,-0.08315339511137909,False,True,False
2026-08-19,EMXC,96.13999938964844,71,7,False,-0.0042588876541092,0.12650607254001978,0.5330888342087894,-0.10250189577486679,False,True,False
2026-08-19,OIS,8.880000114440918,71,5,False,0.0690037162805559,-0.005092170147005248,0.8012171244706552,-0.38758619900407465,False,True,False
2026-08-19,NTLA,13.279999732971191,71,3,False,-0.0005268571466796601,0.06900643916576832,0.6704402580606774,-0.529911513877126,True,True,False
2026-08-19,OUT,30.329999923706055,71,7,False,-0.04728099966876753,0.08852667933410086,0.7872717236846289,-0.13243705040092513,False,False,False
2026-08-19,PICK,63.22999954223633,71,7,False,0.052587761110775455,0.09746296531800236,0.5963140259511126,-0.08388868998027876,False,True,False
2026-08-19,AAPU,40.810001373291016,71,6,False,0.026011089299296852,0.16846382680532623,0.5941406548896335,-0.16526893264940834,False,True,False
2026-08-19,QLD,90.25,71,7,False,-0.0018492091858175463,0.15687144481312143,0.5945230111846118,-0.10811347146415007,False,True,False
2026-08-19,YEXT,6.28000020980835,71,4,False,0.24415567344831612,0.0895023002503812,0.9234303240528265,-0.3173912673906921,False,True,False
2026-08-19,MIRM,102.23999786376953,71,7,False,-0.07435576214393025,0.08329181161661081,0.6169028400226377,-0.21353847797100356,False,False,False
2026-08-19,VTRS,16.2450008392334,71,7,False,-0.021061148226860893,0.1314467182932273,0.7226935645290609,-0.1166394030237129,False,False,False
2026-08-19,BKNG,213.0,70,5,False,0.14418442531298137,0.1476396479391251,0.41867590825823275,-0.08110441244282485,False,True,False
2026-08-19,GL,171.4600067138672,70,7,False,-0.03425120257084924,0.13155726702673753,0.3411029234276719,-0.1048812112650408,False,True,False
2026-08-19,PUMP,11.899999618530273,70,4,False,-0.07779106589845641,-0.06139578991843797,1.6385807127731873,-0.35675677737674194,False,True,False
2026-08-19,TXN,267.45001220703125,70,7,False,-0.08083302590957409,0.14572985700229357,0.7511295730286385,-0.19932337459383975,False,True,False
2026-08-19,UNFI,46.790000915527344,70,7,False,-0.039397215146152464,0.0902998721120003,0.7696671698344597,-0.1794107236076573,False,True,False
2026-08-19,WERN,37.959999084472656,70,7,False,-0.0837822947583916,0.09956634408687148,0.6461405014573518,-0.20067387359801447,False,True,False
2026-08-19,DASH,220.22000122070312,70,5,False,0.1667012820899605,0.17277659244165133,0.5367759702082,-0.22865148434079463,False,False,False
2026-08-19,CVLT,137.32000732421875,70,3,False,-0.0030303525598125436,0.2130115819677696,0.9138676978985192,-0.30709449793515886,False,True,False
2026-08-19,CNOB,32.040000915527344,70,7,False,-0.02316475075430291,0.11842027964866642,0.3810344768052438,-0.06151137995502809,False,True,False
2026-08-19,HRMY,39.93000030517578,70,6,False,0.1039230388376784,0.18333551574931084,0.5646551563061712,-0.022999722321393135,False,True,False
2026-08-19,HST,23.149999618530273,70,7,False,-0.03723790177656594,0.12317300801144637,0.48302371093440466,-0.09957213368741324,False,False,False
2026-08-19,NX,20.709999084472656,70,7,False,0.12591057348959778,0.16903271831241473,0.875905720655143,-0.09878157106102203,False,True,False
2026-08-19,XOM,164.77000427246094,70,7,False,0.11083098392198298,0.15998209317288414,0.5522374178420595,-0.06598264921496944,False,True,False
2026-08-19,CECO,75.22000122070312,70,6,False,-0.08072777488443583,0.08918599058603438,0.7582983489262136,-0.25701301058974146,False,False,False
2026-08-19,RSI,25.719999313354492,70,6,False,-0.13002302911203667,0.11747617419251921,0.6582849086913731,-0.25514045112635764,False,True,False
2026-08-19,RDNT,75.54000091552734,70,5,False,0.17511081669690176,0.14134667186007488,0.4864226951819668,-0.11999063212700489,False,True,False
2026-08-19,SPT,10.029999732971191,70,4,False,0.22151718107386853,0.23721382561311377,1.0386178002920725,-0.37429823435209697,False,False,False
2026-08-19,AIQ,62.9900016784668,69,7,False,0.010660170923771473,0.1410725704482485,0.44971232617776913,-0.10347281862684155,False,True,False
2026-08-19,AIZ,278.30999755859375,69,7,False,0.013069319638963517,0.14996385683794444,0.35754355892787304,-0.0843258691746358,False,True,False
2026-08-19,ALX,273.3999938964844,69,7,False,0.009701840600175649,0.12308846255208716,0.35830681416223054,-0.0553847188783011,False,True,False
2026-08-19,EE,38.13999938964844,69,7,False,0.025544478486688282,0.12186202189362083,0.6684163766985081,-0.11661841196027556,False,False,False
2026-08-19,ELAN,24.5,69,6,False,-0.0014509519074880073,0.0383621855391123,0.4319111119830985,-0.12437453892675032,False,False,False
2026-08-19,EQIX,1077.0799560546875,69,7,False,0.024073111732848762,0.13760083241214205,0.4946573275135564,-0.045717205231541325,False,True,False
2026-08-19,EXTR,22.790000915527344,69,5,False,-0.2248879017340979,0.10145576373884468,0.6906529443209823,-0.3243403135244648,False,True,False
2026-08-19,GARP,83.01000213623047,69,7,False,0.026609497474413768,0.14306568831001787,0.37593236560290166,-0.028895661250611937,False,False,False
2026-08-19,GIII,34.099998474121094,69,6,False,-0.018671189337659433,0.10130375404028569,0.3856155070462619,-0.09163565150536246,False,True,False
2026-08-19,GWW,1306.949951171875,69,6,False,-0.027547896122699034,0.13075238404855316,0.4417221054287166,-0.0795543944958963,False,True,False
2026-08-19,HASI,41.880001068115234,69,7,False,0.0770774084020387,0.13483174402361664,0.5351906163483686,-0.05098572276323077,False,False,False
2026-08-19,HIW,31.260000228881836,69,4,False,-0.005845343745376486,0.17164661310815954,0.5286063111319204,-0.11794578329009686,False,True,False
2026-08-19,HSTM,28.549999237060547,69,5,False,0.031140037548779365,0.19655322480136816,0.46410252497746396,-0.08228869569482422,False,False,False
2026-08-19,IRON,80.31999969482422,69,4,False,0.06871609777372245,0.07888144842293188,1.0079999923706056,-0.1927638221625707,False,True,False
2026-08-19,ITIC,292.3900146484375,69,5,False,0.054508157209047114,0.15304431254373907,0.39399291846692486,-0.01816646529983168,False,False,False
2026-08-19,IWX,113.13999938964844,69,7,False,0.044565284652321235,0.14762977439360747,0.3218834470210328,-0.005187760044580991,False,True,False
2026-08-19,IYH,74.33000183105469,69,7,False,0.09641944182703055,0.14896514160055818,0.31697384194973477,-0.003485648472995928,False,True,False
2026-08-19,LOAR,76.48999786376953,69,4,False,0.05274599767025068,0.1305313357011446,0.43913444342097163,-0.08318353609038298,False,True,False
2026-08-19,NOV,20.690000534057617,69,7,False,0.052112393957149505,0.11107534115431128,0.7113317016483973,-0.04522379043774927,False,True,False
2026-08-19,OPRA,18.1200008392334,69,6,False,-0.05753603013618369,0.13136868181466266,0.5473954551840261,-0.13960107793276366,False,False,False
2026-08-19,PAA,23.989999771118164,69,7,False,0.036106058402860075,0.1502354083000721,0.5289993889555029,-0.04155017526956062,False,False,False
2026-08-19,PNC,246.4600067138672,69,6,False,-0.005006028607722257,0.1144817577058197,0.3933740383892075,-0.04826994575870347,False,True,False
2026-08-19,REPX,37.41999816894531,69,7,False,0.09004044156950641,0.17968056086207662,0.5539866398465567,-0.09896462150633245,False,True,False
2026-08-19,THG,218.91000366210938,69,7,False,0.016548242477602004,0.16122740683836523,0.3144590638117746,-0.0726903169810208,False,True,False
2026-08-19,VIST,68.41999816894531,69,7,False,0.027102142975169663,0.11376445266141433,1.163136262545732,-0.15987234629356084,False,True,False
2026-08-19,XCEM,50.20000076293945,69,7,False,0.0017065084283829357,0.12711817400704284,0.480825914553936,-0.09435322954071812,False,True,False
2026-08-19,XSW,200.16700744628906,69,4,False,0.12188446770911132,0.17474495813721314,0.4806346906683798,-0.027182091805319608,False,False,False
2026-08-19,IYW,247.8000030517578,69,7,False,0.008621731483641204,0.15194119794029182,0.4361887834365281,-0.05061111152683062,False,True,False
2026-08-19,FFBC,32.90999984741211,69,6,False,-0.023198667490455738,0.1258730072689105,0.42714660058935916,-0.09213793524380387,True,True,False
2026-08-19,LTRX,6.010000228881836,69,4,False,0.029180118274232614,0.008465443608992596,0.9387098108940681,-0.313142830984933,False,True,False
2026-08-19,IVES,38.65999984741211,69,7,False,0.03440893866832573,0.14750363116735077,0.4451796434254045,-0.07798713174252059,False,True,False
2026-08-19,HQY,103.94999694824219,69,5,False,0.08319722758424875,0.16522612305946427,0.4286695147921227,-0.034101521136194135,False,True,False
2026-08-19,ZION,68.29000091552734,69,6,False,-0.018330987718463643,0.11231372903179304,0.4784586045871675,-0.06885731762375658,False,True,False
2026-08-19,TRMD,30.969999313354492,69,7,False,0.06251219964932386,0.1577667219180776,0.6046632402909526,-0.12340793353335744,False,True,False
2026-08-19,NWBI,15.270000457763672,69,7,False,0.0010226879197883232,0.13901251765164635,0.35733337402343746,-0.05507422017649111,False,True,False
2026-08-19,SDCI,29.989999771118164,69,7,False,0.07175121433510534,0.15903694269746893,0.3731684780947473,-0.004646511568136225,False,True,False
2026-08-19,VHT,329.4800109863281,69,7,False,0.08974057410020042,0.14753416789470908,0.3201907333291758,-0.0038397249090608154,False,True,False
2026-08-19,XPEL,51.06999969482422,69,5,False,0.10073194328836266,0.10147621421924846,0.6212698315817213,-0.08656770105163791,False,True,False
2026-08-19,SHC,19.0,69,5,False,0.07816099300189139,0.14301183382760407,0.4514896698640376,-0.04282117708487376,False,False,False
2026-08-19,ADM,80.76000213623047,68,7,False,0.009134216319373278,0.14210562467462884,0.45304065267422766,-0.08704495848896932,False,True,False
2026-08-19,AGIX,44.529998779296875,68,6,False,-0.0027479041445338526,0.13639260489188243,0.44180017643823866,-0.10348297924564998,False,True,False
2026-08-19,AWR,89.18000030517578,68,6,False,0.05955009300599201,0.15741521981644757,0.2840893336775441,-0.011434260003338914,True,True,False
2026-08-19,BATRK,53.560001373291016,68,7,False,0.04306236959856635,0.18664911808170404,0.41843230280938926,-0.01652584881218333,False,False,False
2026-08-19,GABC,49.52000045776367,68,7,False,0.026295723104817315,0.14589710041378345,0.33154079823492033,-0.05188587226161445,False,True,False
2026-08-19,GS,1021.6500244140625,68,6,False,-0.029976195989143806,0.09380728675851824,0.4480193353980295,-0.11468034119900317,False,True,False
2026-08-19,HWC,76.12999725341797,68,7,False,0.008662293475953486,0.11875590856502627,0.40851060736403855,-0.0499188835280957,False,True,False
2026-08-19,INN,6.150000095367432,68,6,False,-0.06603084516829982,0.1573203063718589,0.545226147209694,-0.1422594100520198,False,True,False
2026-08-19,IWD,258.7699890136719,68,7,False,0.04178571783596263,0.14182758745195034,0.3084390121020242,-0.005457601807948631,False,True,False
2026-08-19,IWN,225.61000061035156,68,7,False,0.020009570234535756,0.12364811208702231,0.3680795318676531,-0.00987448430603477,False,True,False
2026-08-19,IXC,58.130001068115234,68,7,False,0.09440542912699112,0.15581998049255108,0.4646007326641033,-0.017742467584419996,False,True,False
2026-08-19,JPM,357.260009765625,68,6,False,0.04365681597364346,0.1317994060258767,0.2800430023391707,-0.025211433108799475,False,True,False
2026-08-19,KBWB,96.51000213623047,68,7,False,0.008413384240753885,0.11537892708110409,0.32277965114132967,-0.04075140094670915,False,True,False
2026-08-19,MEC,22.59000015258789,68,4,False,-0.26140747601187253,-0.008799694142645031,0.8440816451092155,-0.41718263336358385,False,True,False
2026-08-19,MET,95.11000061035156,68,7,False,0.03286131299898787,0.1759178668950272,0.4125946535543368,-0.05766372413778509,False,True,False
2026-08-19,NMIH,45.65999984741211,68,7,False,0.09357148827859163,0.16085655093553552,0.3105625616370875,-0.023106585200493135,False,True,False
2026-08-19,ODFL,205.0800018310547,68,5,False,-0.07943652036041338,0.06241370647851752,0.6274898686958277,-0.18628733553800625,False,True,False
2026-08-19,PENN,18.559999465942383,68,6,False,-0.09738165866202775,0.13072134715307393,0.5931330535342845,-0.16994637927916556,False,True,False
2026-08-19,REX,43.869998931884766,68,6,False,-0.01573215484562418,0.0917008563160937,0.5883416943843363,-0.17784860513336997,False,True,False
2026-08-19,SANA,4.099999904632568,68,3,False,0.20716049191259023,0.10434733056939849,0.570881252653092,-0.3740458343143075,False,True,False
2026-08-19,SKWD,56.400001525878906,68,6,False,-0.026888218817540332,0.14551670411013284,0.38916265136879047,-0.14142183848773304,False,True,False
2026-08-19,SLB,53.54999923706055,68,6,False,0.07660262242271676,0.11807426361986861,0.6924778846418163,-0.08959538396984046,False,True,False
2026-08-19,TDAY,6.730000019073486,68,4,False,-0.1699965455710779,0.0026145472711853746,0.9678362189881571,-0.269272530814501,False,False,False
2026-08-19,TEX,64.5999984741211,68,6,False,-0.03005043662674378,0.07472139778754294,0.5491606065277062,-0.13509176111221433,False,True,False
2026-08-19,TFSL,17.309999465942383,68,6,False,-0.01664492425036923,0.13903681674724355,0.3803827367304471,-0.11185224888541456,False,True,False
2026-08-19,VCEL,43.56999969482422,68,4,False,-0.01428016450806402,0.14710871902314904,0.5050085853745696,-0.11658556438724843,False,True,False
2026-08-19,WELL,235.72999572753906,68,7,False,0.02113040352482809,0.1338193304663715,0.452523294593552,-0.07629310914393106,False,True,False
2026-08-19,PBR,18.540000915527344,68,6,False,0.04641717011648394,0.11158081797336039,0.6220472808851967,-0.16636685672972895,False,False,False
2026-08-19,HPK,8.15999984741211,68,7,False,0.1206635900980002,0.32136652138281363,1.1194805323484478,-0.10614523972441747,False,False,False
2026-08-19,DBC,30.760000228881836,68,7,False,0.07697803040544549,0.15050438458563664,0.4247336735287044,-0.032400146492050586,False,True,False
2026-08-19,VNO,38.380001068115234,68,3,False,-0.017293361886074998,0.1530044335298708,0.5620676249418168,-0.11505644423940675,False,True,False
2026-08-19,SOBO,37.61000061035156,68,7,False,0.025114088859066852,0.16380359381738008,0.5034979623431499,-0.0341550606898372,False,True,False
2026-08-19,REAL,11.779999732971191,68,3,False,0.02450815923855898,-0.02958211533749966,0.6333887836156318,-0.32267711599502413,False,False,False
2026-08-19,PI,164.97999572753906,68,3,False,0.13374442885609894,0.16248403420891333,0.8885072639066587,-0.3322378054873686,False,False,False
2026-08-19,PCAR,127.47000122070312,68,7,False,0.012417151587842845,0.07931716331521366,0.38178863111873307,-0.08453033473227478,False,True,False
2026-08-19,SSO,70.80999755859375,68,7,False,0.043434918595676164,0.15424046175040695,0.4560969772427388,-0.027335239144828716,False,True,False
2026-08-19,PDBC,18.329999923706055,68,7,False,0.07537606020106713,0.15070969347016927,0.4242424309788395,-0.032717721069749794,False,True,False
2026-08-19,MCRI,124.80999755859375,68,6,False,-0.0049921959463823384,0.16690170383311775,0.4162033524147559,-0.08180678081628967,True,True,False
2026-08-19,RCKT,3.6500000953674316,68,4,False,0.07568079633772418,0.027770957403981944,0.44268780104468797,-0.3302751884206785,False,True,False
2026-08-19,ABX,9.149999618530273,67,4,False,-0.09924990776729581,0.04341574315620145,0.8299999237060547,-0.26446945923061327,False,False,False
2026-08-19,ACIW,51.970001220703125,67,4,False,-0.0130241805607052,0.13039452311526079,0.3658344878515676,-0.1491486630198462,False,False,False
2026-08-19,AFRM,77.33000183105469,67,5,False,0.01723500511299747,0.16570921224138124,0.8370352675752464,-0.22669998168945316,False,True,False
2026-08-19,ASND,259.6199951171875,67,7,False,0.03641130375947621,0.13287460401300177,0.395401302443527,-0.07985114040995767,True,True,False
2026-08-19,AZZ,143.50999450683594,67,6,False,-0.042751068000830506,0.09892545829252164,0.5434500895415839,-0.11522813066001603,False,True,False
2026-08-19,BAI,44.22999954223633,67,6,False,-0.046146426392979056,0.11744686195290943,0.5003392207950177,-0.18784428413905452,False,True,False
2026-08-19,BCS,26.8700008392334,67,6,False,-0.012778371092283636,0.09220986015682886,0.39294969227319165,-0.06343672572134373,False,True,False
2026-08-19,FNV,251.07000732421875,67,6,False,0.15673491179680865,0.09960235583638677,0.4480074295404137,-0.12111878908238416,False,False,False
2026-08-19,FULT,23.649999618530273,67,6,False,-0.01802843050755465,0.11201491427046051,0.42469873946089365,-0.06262385859583763,False,True,False
2026-08-19,GSL,43.47999954223633,67,7,False,0.0663971930771059,0.14126274969524832,0.593841585331091,-0.027075388714590365,False,False,False
2026-08-19,HBCP,69.47000122070312,67,7,False,0.0006539678859640574,0.11010264191446573,0.3745548073260905,-0.06751676213821312,False,True,False
2026-08-19,HLIT,12.5600004196167,67,5,False,-0.05045584275308845,0.11506675259192733,0.4828807583996242,-0.2895927487094111,False,False,False
2026-08-19,ICFI,89.98999786376953,67,4,False,0.14721410414123293,0.15622381533209562,0.52966165328702,-0.11522958731883748,False,False,False
2026-08-19,IGE,65.37999725341797,67,6,False,0.10279725930419836,0.1369020602957589,0.45063229856036857,-0.006911245346428507,False,False,False
2026-08-19,IGM,158.8000030517578,67,7,False,0.0006704984265351044,0.13639496760303982,0.4103020000329296,-0.07394444245221599,False,True,False
2026-08-19,IWM,301.7200012207031,67,7,False,0.019090900537449107,0.12006239937239549,0.34883096216933596,-0.011337543541899087,False,True,False
2026-08-19,IX,37.5099983215332,67,6,False,-0.051446019944683785,0.12330607846429786,0.5506406570236357,-0.11512151777258395,False,False,False
2026-08-19,KWR,167.0500030517578,67,7,False,0.07015010589255333,0.15069965419332187,0.48912464429767377,-0.08720830519713485,False,True,False
2026-08-19,MYRG,325.989990234375,67,4,False,-0.1835460188244814,0.02273454895168525,0.900705502158837,-0.3526421639633326,False,True,False
2026-08-19,NBTB,51.75,67,7,False,0.017683103930826505,0.14154747329530148,0.32015303553069296,-0.050458715596330306,False,True,False
2026-08-19,NMR,9.510000228881836,67,7,False,0.011293328100466793,0.11743662115003084,0.41728765645552945,-0.05467198487013769,True,True,False
2026-08-19,PSC,69.89949798583984,67,7,False,0.019144127245548814,0.12425830216818712,0.31449337503368957,-0.014111474167936011,False,True,False
2026-08-19,RGLD,248.13999938964844,67,6,False,0.19387043461555242,0.07100304601492491,0.49015129127453316,-0.18974694076849485,False,True,False
2026-08-19,UAL,115.77999877929688,67,6,False,-0.06082341405760727,0.07868894263309834,0.3679111485610065,-0.16566984784424665,False,True,False
2026-08-19,UBSI,47.689998626708984,67,7,False,0.015151674552392302,0.12150144587928713,0.3985337466481562,-0.038895613597758505,False,True,False
2026-08-19,VAL,86.91999816894531,67,6,False,0.09024770359291723,0.11548373273663315,0.9967838411767882,-0.23834563549772936,False,False,False
2026-08-19,VTWO,122.0,67,7,False,0.019570744678580887,0.12047956646301916,0.3485133011370134,-0.011104828694834312,False,True,False
2026-08-19,CP,94.44000244140625,67,7,False,0.04867385714065153,0.15409012237465158,0.38029823105536087,-0.014813250155476965,False,True,False
2026-08-19,LYV,184.19000244140625,67,7,False,0.027373584438163512,0.16522851351262324,0.46952296013212114,-0.026737107310931263,False,True,False
2026-08-19,DFLV,42.029998779296875,67,7,False,0.040784467339286756,0.13482336092550784,0.3200376437774848,-0.0075560733495601,False,True,False
2026-08-19,VONV,113.5199966430664,67,7,False,0.04188652882441124,0.14141267741029906,0.3076834447143526,-0.004908881302593371,False,True,False
2026-08-19,TTE,90.06999969482422,67,6,False,0.08099738623199237,0.1405532030519523,0.569437195552059,-0.04353826647384562,False,True,False
2026-08-19,CURB,29.969999313354492,67,6,False,-0.01788583716301695,0.11477078194459422,0.3666210167029118,-0.06780721956637037,False,True,False
2026-08-19,DAN,30.81999969482422,67,5,False,0.08616739596687961,0.04104387538120946,0.7373168034083697,-0.2209302673171195,False,True,False
2026-08-19,WBS,77.56999969482422,67,7,False,0.013867650421697464,0.11401210896408909,0.47219589517133453,-0.027213421458232467,False,False,False
2026-08-19,RIG,5.840000152587891,67,5,False,0.09012174107029725,0.07228763683121042,1.1159420915822778,-0.23759787611994487,False,False,False
2026-08-19,MQQQ,227.80189514160156,67,6,False,-0.0030673730257589904,0.14092954980079186,0.5668224649716189,-0.10268287106380092,False,False,False
2026-08-19,XPO,197.42999267578125,67,5,False,-0.04857325387063016,0.06328431054853945,0.6252056899907283,-0.14919202723843406,False,True,False
2026-08-19,XLV,175.67999267578125,67,7,False,0.09175918428714835,0.14150484309214906,0.31369175419485495,-0.005181395501554054,False,True,False
2026-08-19,DFUV,57.459999084472656,67,7,False,0.035528001754455696,0.13540088788214444,0.328862091906146,-0.007427885812910762,False,False,False
2026-08-19,AMP,559.780029296875,66,7,False,0.09202486621137496,0.16222112763498364,0.32533095572180204,-0.022320749469422863,False,True,False
2026-08-19,AVLV,94.5,66,7,False,0.02622576456785719,0.12817062980726934,0.34807420908698994,-0.008550620789285146,False,False,False
2026-08-19,BFST,31.049999237060547,66,7,False,0.010933034551686927,0.10505493439707925,0.37632978599733824,-0.045349799219678966,False,True,False
2026-08-19,BSAC,34.880001068115234,66,7,False,0.03873830246132326,0.06977952918017549,0.4963535764587843,-0.0752916240901158,False,True,False
2026-08-19,BTCZ,4.71999979019165,66,4,False,-0.16380260959631032,-0.019429671484887168,1.0521738643682288,-0.35694827083518477,False,True,False
2026-08-19,BTG,5.269999980926514,66,5,False,0.2686567100787678,0.14549030894107906,0.47619049845178174,-0.16216216011327644,False,False,False
2026-08-19,DT,49.599998474121094,66,4,False,0.11468686446484555,0.20175413668232856,0.56788361356918,-0.0691564489789519,False,False,False
2026-08-19,DTCR,28.34000015258789,66,6,False,-0.027320149288680096,0.09034912706398246,0.5631550725008183,-0.13571212682803568,False,True,False
2026-08-19,EOG,149.47999572753906,66,7,False,0.07974103746981154,0.18375571760856335,0.4714046767987392,-0.01573714009672711,False,True,False
2026-08-19,ESE,290.7699890136719,66,5,False,-0.10158737239933902,0.06265288354994514,0.567493202230037,-0.1971006657070813,False,True,False
2026-08-19,FITB,54.959999084472656,66,6,False,-0.025677038470187763,0.09548737420933029,0.37228464747672296,-0.07630253639541751,False,True,False
2026-08-19,GVAL,38.5099983215332,66,7,False,0.04155111476141782,0.12031465383292317,0.3588566730482756,-0.0040757742407397934,False,False,False
2026-08-19,IJT,175.1199951171875,66,7,False,0.008996356026543584,0.12400942918246338,0.31688976344974873,-0.025378438025773442,False,True,False
2026-08-19,IOSP,93.76000213623047,66,7,False,0.0940005275924165,0.18239102006550278,0.43123185893435156,-0.01310452242703164,False,True,False
2026-08-19,IWO,390.2799987792969,66,7,False,0.018429736673627017,0.1163028008847522,0.3351578873078571,-0.01615872248521355,False,True,False
2026-08-19,KSTR,24.229999542236328,66,5,False,-0.08253061062512523,0.10284669079401754,0.5857329820466437,-0.25537803133022263,True,False,False
2026-08-19,RGA,240.6999969482422,66,7,False,0.050732884374239395,0.1459228064816458,0.350653655126721,-0.041035868732102854,True,False,False
2026-08-19,SANM,194.52999877929688,66,5,False,-0.10443899949794655,0.07153381511058843,0.7950539249703241,-0.3261396573548655,False,True,False
2026-08-19,SCHA,34.970001220703125,66,7,False,0.008903315526995748,0.11454796688233837,0.3403603302483851,-0.03397788719097394,False,True,False
2026-08-19,SCHW,110.87999725341797,66,7,False,0.10289507807528664,0.14900599219420485,0.3206288525784873,-0.011764703482417538,False,True,False
2026-08-19,SMMD,92.12999725341797,66,7,False,0.019101062559475412,0.12089677259194187,0.3197249745796129,-0.013808616364929138,False,False,False
2026-08-19,SQM,75.37999725341797,66,5,False,0.0322520198277918,0.01320945536193463,0.8575651516045981,-0.23081635455695948,False,True,False
2026-08-19,VIOO,137.16000366210938,66,7,False,0.014432544381704604,0.1210146004239494,0.3155572688641459,-0.018181770519822282,False,True,False
2026-08-19,WGS,79.6500015258789,66,2,False,0.1961273639310308,-0.09292686214248014,1.4728346410998645,-0.5338561256980626,False,True,False
2026-08-19,CVCO,598.8499755859375,66,5,False,0.026102040986729635,0.06875660652180593,0.3507691174552301,-0.1601100021263563,False,True,False
2026-08-19,FLS,77.88999938964844,66,6,False,0.03886299172769703,0.0330622285158364,0.5990556529178324,-0.15712589218752016,False,True,False
2026-08-19,OSW,26.389999389648438,66,6,False,-0.007670928154758672,0.1379352819569386,0.3845750330058384,-0.09771607907071533,False,True,False
2026-08-19,IJR,147.9199981689453,66,7,False,0.013921526722245003,0.11906225151002792,0.3207142693655831,-0.018382137020257927,False,True,False
2026-08-19,LNG,274.29998779296875,66,7,False,0.08079180328109725,0.1630285267562206,0.4731471121839794,-0.08837125049342953,False,True,False
2026-08-19,KO,90.3499984741211,66,7,False,0.07587187903098624,0.16930680739544401,0.38255547947564406,-0.0062692444600038755,False,True,False
2026-08-19,CF,119.0199966430664,66,7,False,0.03249645805719403,0.13070670217494973,0.5780959895604145,-0.16159487873960432,False,True,False
2026-08-19,RIOT,19.3799991607666,66,3,False,-0.14814313641310195,0.0492477359967427,0.728813478574273,-0.3608179631982362,False,False,False
2026-08-19,SOLV,87.80999755859375,66,5,False,0.08836840335299367,0.15214066616801025,0.4076626491671662,-0.024333360460069398,False,True,False
2026-08-19,TARS,73.44000244140625,66,4,False,0.1667588513253917,0.07232776575399114,0.5236514788164404,-0.1385336957019795,False,True,False
2026-08-19,WEAV,7.309999942779541,66,4,False,0.17486338274335522,0.22046914761775227,0.7240566833454718,-0.09864361871323102,False,False,False
2026-08-19,SLYG,116.8499984741211,66,7,False,0.008746778708053071,0.12354795625659487,0.3178076112224979,-0.024949916181065235,False,True,False
2026-08-19,SBIT,48.77000045776367,66,4,False,-0.16988081225784735,-0.027140128399969488,1.0665254097223213,-0.3626086277619226,False,True,False
2026-08-19,NE,45.869998931884766,66,6,False,0.09734739315495711,0.12347851970248747,0.7507632670289464,-0.16569662943254748,False,True,False
2026-08-19,CMPR,90.12999725341797,66,6,False,-0.0567360982251639,0.10200008664215132,0.5997514556143995,-0.15434419492422646,False,False,False
2026-08-19,ABVX,120.55999755859375,65,6,False,-0.005144286274916254,0.014936321508797423,0.7953833926888474,-0.18994828948904952,True,True,False
2026-08-19,AMR,194.4199981689453,65,4,False,0.21490478984344552,0.0521912069760504,0.4548039438557856,-0.23402414089208667,False,False,False
2026-08-19,AVUV,126.47000122070312,65,7,False,0.01288796412697546,0.11230235539679989,0.3472887772479385,-0.019992264781426905,False,True,False
2026-08-19,BOKF,140.35000610351562,65,7,False,0.0057298638332761165,0.08965196191124769,0.3663357129636424,-0.04419770087327579,False,True,False
2026-08-19,EMR,157.60000610351562,65,6,False,0.07015057386480716,0.11456114795928318,0.2850620261566801,-0.05259993795584883,False,True,False
2026-08-19,EWS,33.720001220703125,65,6,False,0.07697225496229909,0.15797105266444356,0.2629213579464642,-0.009400695834830386,False,True,False
2026-08-19,FCFS,211.97999572753906,65,6,False,-0.010138652158893313,0.09902413697822854,0.5438059827878279,-0.10166548870221082,False,True,False
2026-08-19,FFSM,37.470001220703125,65,7,False,0.006424816246406007,0.10357026068033903,0.34397425927586833,-0.026247357940444083,False,False,False
2026-08-19,GRND,15.59000015258789,65,5,False,0.0295185974489518,0.17350838176385763,0.601931729386201,-0.15729728904930318,False,False,False
2026-08-19,HLIO,76.18000030517578,65,6,False,-0.07714969969759444,0.09264223782690761,0.6205063396116117,-0.19852711352683183,False,True,False
2026-08-19,MCHB,16.700000762939453,65,7,False,0.03894492394262827,0.11326658596417083,0.3338658268645476,-0.039125341234893085,False,True,False
2026-08-19,MHO,154.60000610351562,65,7,False,0.03131300271346382,0.13468102408350546,0.32385689090213976,-0.05535865425800013,True,True,False
2026-08-19,MNTN,12.819999694824219,65,3,False,0.29197400917827254,0.22344585089522861,0.6714471404567044,-0.4486021636634745,False,True,False
2026-08-19,NGVT,71.16000366210938,65,5,False,-0.035165695480946946,0.05452066644616349,0.5520175797230156,-0.1025349622845807,False,True,False
2026-08-19,PAYX,122.5,65,4,False,0.11296049382298445,0.185741292435315,0.43358694411890175,-0.13237482908297693,False,True,False
2026-08-19,PLTR,175.19000244140625,65,4,False,0.277832018193765,0.15427709900064368,0.6469869128308883,-0.1557922184147963,False,True,False
2026-08-19,PRU,122.22000122070312,65,5,False,0.0545024835373249,0.14102892369842124,0.33006858235403813,-0.04306294979198966,False,True,False
2026-08-19,PVAL,54.41999816894531,65,7,False,0.03860904633168216,0.12399462564696573,0.32473212617547076,-0.005113396160649986,False,True,False
2026-08-19,SCHD,35.09000015258789,65,7,False,0.06453335530856696,0.1449565993927675,0.3332067081858012,-0.0061995355237070005,False,False,False
2026-08-19,SMST,43.61000061035156,65,2,False,-0.2607043461067847,-0.27161659459548904,1.0115313651513334,-0.7171102460624427,False,True,False
2026-08-19,TCBK,55.790000915527344,65,6,False,-0.0020284848543060674,0.1027653295076032,0.3795747480238614,-0.09593255966252134,True,True,False
2026-08-19,TMSL,43.90999984741211,65,7,False,0.017337126805480496,0.11806310717814061,0.31223469860393394,-0.019209305373201757,False,False,False
2026-08-19,CMCO,17.690000534057617,65,4,False,0.11347503684833038,0.06080279611163064,0.4753962361758979,-0.2749999667777384,False,True,False
2026-08-19,DFSV,40.310001373291016,65,7,False,0.026033957179081524,0.11633913501483906,0.32948554680137887,-0.015628800432835432,False,True,False
2026-08-19,NWG,18.40999984741211,65,7,False,0.02788291707035806,0.10141579737117601,0.3576695632530449,-0.05200825051050062,False,True,False
2026-08-19,NTB,59.060001373291016,65,6,False,-0.02538035096433644,0.09305599402564413,0.455038215108889,-0.07963217923430221,False,False,False
2026-08-19,RDVY,82.22000122070312,65,6,False,0.020841474551844597,0.11679334438529798,0.2778987550591876,-0.02142341697548522,False,True,False
2026-08-19,XME,117.06999969482422,65,6,False,0.07701479302648684,0.05284741839879814,0.5311274012112637,-0.1371609226529601,False,False,False
2026-08-19,SPMO,148.35000610351562,65,6,False,-0.01597910264810176,0.13385708831864962,0.38334585097595286,-0.08595192043091648,False,True,False
2026-08-19,CTO,22.030000686645508,65,7,False,0.020342028454827465,0.12925138639917866,0.4618447997853441,-0.029942687152818004,False,True,False
2026-08-19,HEI,363.4200134277344,65,5,False,0.035126314135411896,0.1302679061873615,0.41899978217900125,-0.035663037855532265,False,True,False
2026-08-19,CENTA,38.5,65,7,False,0.00878296747337659,0.1524892993312439,0.4824798235632697,-0.05637253137424936,False,False,False
2026-08-19,LYG,5.940000057220459,65,7,False,0.0024978148638676867,0.08664832385346788,0.4142857921366825,-0.0630914961735699,False,True,False
2026-08-19,SLYV,110.62999725341797,65,7,False,0.01820113824316527,0.11148337591921464,0.3201669835869698,-0.015747368758294966,False,True,False
2026-08-19,CPER,39.38999938964844,65,7,False,0.017692698237231852,0.08819818411960467,0.4391669047077642,-0.03856484705829777,False,False,False
2026-08-19,SDRL,46.2599983215332,65,6,False,0.08939845864807006,0.12727946560966785,0.6462632631150749,-0.1660357435819284,False,True,False
2026-08-19,CTS,58.0099983215332,65,6,False,-0.08183262774960753,0.07913632421671002,0.610047190866579,-0.16592385656168485,False,True,False
2026-08-19,IJS,138.67999267578125,65,7,False,0.01863177144896233,0.11397739625803194,0.32670041419007556,-0.01770789155472785,False,True,False
2026-08-19,SPSM,57.5099983215332,65,7,False,0.013527776368933209,0.11737158839634132,0.3172239698242243,-0.018600685682086726,False,True,False
2026-08-19,AAPL,316.8299865722656,64,7,False,0.023889750622448913,0.12712618977008083,0.41581011842233195,-0.08050619659955349,False,True,False
2026-08-19,ABEO,6.130000114440918,64,6,False,-0.03147315691891439,0.13434494915722706,0.5325000286102295,-0.19869280548727986,False,False,False
2026-08-19,AEG,9.279999732971191,64,7,False,0.038147418786619314,0.15487520898291218,0.3748147752549913,-0.03433922325655481,False,True,False
2026-08-19,BBT,31.940000534057617,64,7,False,0.040573924560195485,0.09924716758326135,0.400263098723314,-0.02710938919763317,False,True,False
2026-08-19,BKR,64.4800033569336,64,6,False,0.08537941350730405,0.11945616213966348,0.515037623974296,-0.0842209912902897,False,True,False
2026-08-19,DRD,27.829999923706055,64,2,False,0.25614984553687337,-0.02194904363254868,0.9166666009866193,-0.29311656899316696,False,True,False
2026-08-19,GCO,35.029998779296875,64,6,False,-0.036393171293719995,0.09715950362343517,0.5973551432659723,-0.19655963290711964,False,False,False
2026-08-19,IFF,83.33000183105469,64,7,False,0.053047962509351176,0.1366263897090545,0.40902946721437305,-0.06706222440926213,False,True,False
2026-08-19,IHF,56.5,64,7,False,0.01122187487408488,0.1442087838396775,0.3831089867920887,-0.030874772909367576,False,True,False
2026-08-19,IHG,161.55999755859375,64,6,False,-0.010084216434595561,0.11001522838361355,0.37744050044768795,-0.08147138484723904,True,True,False
2026-08-19,IMCG,98.16000366210938,64,6,False,0.014796045928455293,0.1297198683045233,0.29721165636810976,-0.026093831030145398,False,False,False
2026-08-19,IMCR,36.86000061035156,64,5,False,0.13198741077039244,0.13093678612033255,0.3376882671791508,-0.094682537830994,False,True,False
2026-08-19,IWS,172.27000427246094,64,6,False,0.03427824045849892,0.12578843416476682,0.28809628530534415,-0.007203780366655921,False,True,False
2026-08-19,MTD,1425.0899658203125,64,5,False,0.09115788784669832,0.0782182570841139,0.3929817534084201,-0.06561896394589073,False,True,False
2026-08-19,PDS,87.98999786376953,64,6,False,0.06907232489693249,0.07290678717627319,0.675042830925177,-0.1523121842309093,False,False,False
2026-08-19,SMLF,89.83999633789062,64,6,False,0.025287730604646397,0.1147806091217416,0.2836119314185104,-0.009863936368991744,False,True,False
2026-08-19,SPG,223.17999267578125,64,6,False,0.0018620178818284927,0.11706002662005965,0.2968795248131555,-0.06423483154808696,False,True,False
2026-08-19,WWD,359.95001220703125,64,5,False,-0.09027262169778205,0.013554405534807579,0.5427972053217864,-0.20174309968897008,False,True,False
2026-08-19,CAL,13.739999771118164,64,7,False,0.06409340731899316,0.1060085663567445,0.5613635765126928,-0.14869886674652166,False,True,False
2026-08-19,COWZ,71.62999725341797,64,6,False,0.09460715813656817,0.1389225148502724,0.2878460738760513,-0.006312018267788155,False,True,False
2026-08-19,BCH,41.7599983215332,64,7,False,0.033842459033364136,0.06263999307346135,0.4777069350075345,-0.10711999331184152,False,True,False
2026-08-19,MCY,104.30999755859375,64,6,False,-0.01839373278675327,0.09267977561517449,0.42538941136375263,-0.07739253660840817,False,True,False
2026-08-19,JACK,17.149999618530273,64,3,False,0.11997802797361268,0.08236034294815786,0.9226456807000054,-0.28122383990678457,False,False,False
2026-08-19,MUX,20.219999313354492,64,3,False,0.11122098708651329,-0.03341463181597004,1.0496705304092089,-0.3191919598000277,False,False,False
2026-08-19,VOD,16.170000076293945,64,6,False,0.07652158523023256,0.1204229551036975,0.45413671247362286,-0.026490097404536117,True,True,False
2026-08-19,GOOGL,344.7200012207031,64,6,False,-0.021993785313689895,0.03699390232628774,0.7534078866670941,-0.15635933144386893,False,True,False
2026-08-19,COLD,15.079999923706055,64,7,False,0.007523006610646199,0.1450483028590479,0.493069242984687,-0.10663503119385231,False,True,False
2026-08-19,CVSA,131.92999267578125,64,6,False,0.04979456349609923,0.17415656303863014,0.5169597657125873,-0.1557020522613055,False,False,False
2026-08-19,PCTY,149.30999755859375,64,4,False,0.19885820859771886,0.19766745060423307,0.605656532838436,-0.18333973602119924,False,False,False
2026-08-19,SYBT,81.94000244140625,64,7,False,0.029979296246538167,0.15572209056680908,0.3321411913080963,-0.08159603989791897,False,True,False
2026-08-19,QQQE,122.94999694824219,64,6,False,0.027394942468236483,0.13143353179377448,0.28554995538351746,-0.01640002441406252,False,True,False
2026-08-19,PPH,117.27999877929688,64,7,False,0.07386482746523026,0.11839190062695493,0.36514950273507263,-0.003822344048291515,False,True,False
2026-08-19,JOE,69.95999908447266,64,6,False,0.09441434405517612,0.0867454477693439,0.5087341103294056,-0.048681014230158914,False,True,False
2026-08-19,QQEW,163.98550415039062,64,7,False,0.04293980001295794,0.14057173200613793,0.339969830288672,-0.019635918205157088,False,False,False
2026-08-19,CCK,116.91999816894531,64,7,False,0.03809667782736992,0.11312253792936366,0.3106153947858934,-0.04873488987626362,False,True,False
2026-08-19,BURL,337.5,64,6,False,-0.014454095793393629,0.08318542885311597,0.4033847240674351,-0.10792162403565275,False,False,False
2026-08-19,TBBK,67.91000366210938,64,4,False,0.04746368497088915,0.10283615635645171,0.35278889701221816,-0.16827921135328638,False,True,False
2026-08-19,CNS,81.16999816894531,64,7,False,0.017165350912673905,0.16974484154147595,0.39013528031198064,-0.06226894110064951,False,True,False
2026-08-19,IYZ,42.849998474121094,64,7,False,0.022024170637303442,0.10486976675668647,0.4202849972078868,-0.06989366707256306,False,True,False
2026-08-19,AME,243.22000122070312,63,7,False,0.013731773018115456,0.08825458015754761,0.3569515385335065,-0.06869352959811237,False,False,False
2026-08-19,BKDV,34.81999969482422,63,6,False,0.02958351388085645,0.11889782584549935,0.28915214364164044,-0.009106422890789334,False,True,False
2026-08-19,ETN,424.6700134277344,63,7,False,0.022906863444778658,0.1208942565819533,0.36147087441095516,-0.11156900956540927,False,True,False
2026-08-19,EWP,62.36000061035156,63,7,False,0.03856135035569741,0.1127358948084165,0.33934705264257503,-0.011414096382423744,False,True,False
2026-08-19,GD,392.3399963378906,63,6,False,0.05358983049112309,0.11230244968505665,0.27893865237386417,-0.01915000915527343,True,True,False
2026-08-19,GNR,77.05999755859375,63,6,False,0.0865580007114537,0.10910648303716086,0.3852237296245764,-0.006958774821463787,False,True,False
2026-08-19,H,183.00999450683594,63,6,False,-0.02663784587291418,0.09029109762524867,0.3639141786886402,-0.11529539801384947,False,True,False
2026-08-19,HAPN,18.559999465942383,63,4,False,-0.03765388984649487,0.05144485978796731,0.42222216051149686,-0.1435164097555205,False,True,False
2026-08-19,HOG,27.65999984741211,63,4,False,0.07147837102425547,0.20941030764263346,0.6184903218519653,-0.11488000488281247,False,True,False
2026-08-19,IRM,122.08000183105469,63,6,False,-0.02132904719916351,0.12629331208088934,0.569757067000449,-0.09355503066486537,False,True,False
2026-08-19,IYM,189.9600067138672,63,7,False,0.04596732363478351,0.09871332492319818,0.3658326446142719,-0.010573460707407278,False,True,False
2026-08-19,JMEE,78.13999938964844,63,6,False,0.014573285137171377,0.10801987709009064,0.2894389662900356,-0.02239460663947268,False,False,False
2026-08-19,JMOM,83.38999938964844,63,7,False,0.005107613178695791,0.1197696936511603,0.30087520893566233,-0.029287813332852575,False,True,False
2026-08-19,MTCH,39.70000076293945,63,7,False,0.053290687229681666,0.16325919725142568,0.3779938041953328,-0.041062818847404925,False,True,False
2026-08-19,OGC,30.219999313354492,63,4,False,0.18118850527662755,0.012729469553709905,0.8596922654371995,-0.3025617808375959,False,False,False
2026-08-19,PLGO,23.34000015258789,63,6,False,-0.04876795816238877,0.11668230260541601,0.3926014220672267,-0.11389521574111505,False,False,False
2026-08-19,PRF,56.34000015258789,63,7,False,0.03123353073878743,0.11920952578978539,0.3002538142569131,-0.005559944109011172,False,True,False
2026-08-19,UNH,388.6099853515625,63,6,False,-0.06291840189284836,0.11833398067498391,0.5181856604223485,-0.15816041449220708,False,True,False
2026-08-19,DFAT,71.69000244140625,63,7,False,0.020019095641799822,0.1060993200805731,0.30073483186366734,-0.015382435856919008,False,True,False
2026-08-19,CLSE,33.290000915527344,63,6,False,-0.017591263536503643,0.10194518132360231,0.3801824111621961,-0.04228991590874798,False,False,False
2026-08-19,DFAS,83.27999877929688,63,6,False,0.022046137101293217,0.10636984720555587,0.28063971001964894,-0.014671059075003545,False,True,False
2026-08-19,CXM,7.130000114440918,63,4,False,0.21738835977931714,0.14887893450465994,0.5121950972848903,-0.1938948672484313,False,True,False
2026-08-19,PBR.A,16.65999984741211,63,6,False,0.051993471381922785,0.09178246012510383,0.5483270904301265,-0.1690772827253949,False,False,False
2026-08-19,GOOG,341.70001220703125,63,6,False,-0.026136110595208262,0.03078746006642863,0.7304770616268514,-0.155190715811383,False,True,False
2026-08-19,WATT,12.760000228881836,63,4,False,-0.3282053562335272,-0.1488609353633541,2.5248620531133383,-0.6549486104155267,False,True,False
2026-08-19,MTUS,20.229999542236328,63,7,False,0.0076909067145269905,0.08973475988138602,0.4256518774111109,-0.10407441937156658,False,True,False
2026-08-19,CRSP,59.810001373291016,63,4,False,0.14065905687721592,0.12585068133309507,0.3556210974898133,-0.2378950201967991,False,True,False
2026-08-19,PNRG,213.34500122070312,63,6,False,0.15339764937588463,0.11397495116642742,0.687856001940184,-0.2350483833288015,False,False,False
2026-08-19,MPWR,1300.1400146484375,63,5,False,-0.06274072674010256,0.05536708920002531,0.6232069393402104,-0.24149838073042496,False,True,False
2026-08-19,TTC,97.43000030517578,63,7,False,0.02831318061169852,0.08651287830703369,0.4404198874089047,-0.07377128962947788,False,True,False
2026-08-19,CVX,205.75999450683594,63,6,False,0.11234125078351154,0.1553637127278351,0.40460090648599034,-0.041684187635271486,False,True,False
2026-08-19,CENX,43.58000183105469,63,3,False,-0.08448836035702945,-0.1024462988584448,1.0841703562445648,-0.38122956634643,False,False,False
2026-08-19,IDCC,344.8599853515625,63,4,False,0.18837000793420144,0.07530950884472043,0.38420159828374456,-0.16417842886545686,False,True,False
2026-08-19,PTF,102.7300033569336,63,4,False,-0.09975986174221918,0.044946565099921454,0.597915723969483,-0.26437516758445223,False,True,False
2026-08-19,CHCO,143.1999969482422,63,6,False,0.04318431623061891,0.13354136510384018,0.26490591031091015,-0.03886172448787195,False,True,False
2026-08-19,CACC,583.0499877929688,63,6,False,-0.021546962105769785,0.14512236855575544,0.45073400509466643,-0.12829291546494703,False,True,False
2026-08-19,SYNA,100.9800033569336,63,4,False,-0.15126735790747936,0.06887628893783027,0.7326699634867748,-0.3227818191697913,False,True,False
2026-08-19,VFMO,233.99000549316406,63,6,False,-0.0016877076699876037,0.0985758301877957,0.35324735722297285,-0.0647881361023015,False,True,False
2026-08-19,DVA,177.27000427246094,63,5,False,-0.17682839901341563,0.1035155339856686,0.7551485571530785,-0.28372863413525873,False,True,False
2026-08-19,WTW,335.4599914550781,63,4,False,0.1319768858360746,0.121922136286708,0.39420635303654095,-0.04912275481190975,False,True,False
2026-08-19,ADP,277.2200012207031,62,4,False,0.11995139568913027,0.17760553314299288,0.47332055604401635,-0.10597260956699739,False,True,False
2026-08-19,ADUS,120.0199966430664,62,4,False,0.11028467602257064,0.13955133627388805,0.3646390086141462,-0.03551917158167084,True,True,False
2026-08-19,AIPO,29.290000915527344,62,6,False,-0.04744247592291817,0.07032971725183712,0.5279082315574959,-0.1580914014160103,False,True,False
2026-08-19,ASB,30.809999465942383,62,6,False,0.003733441982913366,0.11154803115939549,0.29128242572532015,-0.05083178265767596,False,True,False
2026-08-19,AUB,41.36000061035156,62,6,False,-0.007820358158765028,0.09051744316059329,0.3398120986697928,-0.05181105861699642,False,True,False
2026-08-19,DY,402.760009765625,62,4,False,-0.07230688015637787,0.027170724816506286,0.728583732899678,-0.28900024609300423,False,True,False
2026-08-19,EUFN,41.939998626708984,62,6,False,0.04182706459078234,0.119520976799798,0.28217669827504777,-0.019176794364168193,False,True,False
2026-08-19,FAST,51.439998626708984,62,7,False,0.07749860342631876,0.1476954880162149,0.3199896591068381,-0.02796673457001042,False,True,False
2026-08-19,FCG,31.059999465942383,62,6,False,0.10335907737230055,0.13741019279177102,0.42738966632531317,-0.05964273043174573,False,False,False
2026-08-19,FNDX,32.63999938964844,62,6,False,0.033401909476211245,0.11692842435446837,0.2962668385249878,-0.0062414925692092504,False,True,False
2026-08-19,FWD,130.1300048828125,62,6,False,-0.03625536419431419,0.08006579833741134,0.4631212200442907,-0.12996673996348151,False,True,False
2026-08-19,IREN,42.84000015258789,62,1,False,-0.025925297692031113,-0.0852652739087153,1.487804986110802,-0.4426954777949096,False,False,False
2026-08-19,JIVE,97.23999786376953,62,7,False,0.03251572032410022,0.10869336897090731,0.3413153127971682,-0.010883935727762473,False,True,False
2026-08-19,LOB,40.88999938964844,62,6,False,-0.012709950124898839,0.10040634723248498,0.3927111219211521,-0.0817426339418802,False,True,False
2026-08-19,MNKD,4.394999980926514,62,3,False,0.10296884374844839,0.036929551321291276,0.970851992527128,-0.32488481929264035,False,True,False
2026-08-19,MSI,480.8399963378906,62,5,False,0.12901172121159243,0.15251918941270293,0.3380454584209871,-0.025791702894065738,False,True,False
2026-08-19,MSOS,4.760000228881836,62,5,False,0.03807742818024806,0.09111753365919917,0.6081081647085735,-0.3434482442921606,False,True,False
2026-08-19,ONC,376.8599853515625,62,5,False,0.21619602928888915,0.19184536852969214,0.48400455309751944,-0.021701925763587093,False,False,False
2026-08-19,RPG,58.310001373291016,62,6,False,-0.01617380506429622,0.11288822799206777,0.3432389214064273,-0.08975954424667887,False,True,False
2026-08-19,SETM,33.45000076293945,62,5,False,0.0717135197483112,0.023556193674420856,0.6859879287136146,-0.17509244408646185,False,True,False
2026-08-19,STVN,21.709999084472656,62,4,False,0.1301993326565576,0.17629205319741903,0.684251241755693,-0.22464288984026226,False,False,False
2026-08-19,TXRH,202.92999267578125,62,7,False,0.051534649543760525,0.14140819526667636,0.31918345095419753,-0.06181234483282594,False,True,False
2026-08-19,UNHG,19.40999984741211,62,2,False,-0.14019705982496522,0.10360684024399891,1.1224711728618821,-0.2964842428392851,False,True,False
2026-08-19,VBK,360.20001220703125,62,6,False,0.02106134036836993,0.10378425571956718,0.2851893756968047,-0.018635560643666116,False,True,False
2026-08-19,VXF,246.52999877929688,62,6,False,0.022058854480084156,0.10730624988293225,0.25844822082825547,-0.016829516333811023,False,True,False
2026-08-19,WF,70.56999969482422,62,6,False,0.09624321027194038,0.10237375779039626,0.4452180431814652,-0.1669224358690885,False,True,False
2026-08-19,MTUM,305.8800048828125,62,6,False,-0.03182247783022629,0.10907139456975079,0.3332752476859575,-0.11490492165824395,False,True,False
2026-08-19,OKE,96.01000213623047,62,7,False,0.06630862853734909,0.1523085473641992,0.4996877096310921,-0.019305407152101384,False,True,False
2026-08-19,MUR,36.869998931884766,62,6,False,0.02952588292887559,0.05564539318769768,0.6866421730301957,-0.14928475306700695,False,False,False
2026-08-19,RVLV,23.860000610351562,62,4,False,0.01139409730095542,-0.024663400908852218,0.37521614327079167,-0.24684342233249956,False,True,False
2026-08-19,GGB,4.460000038146973,62,6,False,-0.030519074914683197,0.07362517929216028,0.5649123464521557,-0.13899610309882482,False,True,False
2026-08-19,IAT,62.95000076293945,62,6,False,-0.0006064566894914414,0.09284590595705988,0.3289001938433185,-0.048518783577521596,False,True,False
2026-08-19,MMI,32.75,62,5,False,0.06279409641683453,0.1531081106419998,0.34056486250069873,-0.025877422948388906,False,True,False
2026-08-19,UTHR,529.1400146484375,62,5,False,-0.009696397364859832,0.0173864853430028,0.7510176060541123,-0.1316320081253337,False,False,False
2026-08-19,TEO,13.210000038146973,62,6,False,-0.028919239444306077,0.06829917654546058,1.0544324091467603,-0.19155447277919369,False,True,False
2026-08-19,RL,377.9599914550781,62,6,False,-0.0320774996672486,0.03728199982146174,0.3331922097180886,-0.10351046967898414,False,True,False
2026-08-19,SHO,11.170000076293945,62,5,False,-0.026341934031095082,0.12006338219742463,0.2853855714226923,-0.07456500756302464,False,True,False
2026-08-19,DVN,48.189998626708984,62,6,False,0.10229192993892,0.12984412314632565,0.5312996402341597,-0.0857522393525364,False,True,False
2026-08-19,RPV,122.12000274658203,62,6,False,0.03809995542681999,0.11111618854279937,0.2849326764540303,-0.010051863307671494,False,True,False
2026-08-19,AMCR,47.45000076293945,61,7,False,0.08193523262901814,0.11850497475387067,0.308965538287985,-0.06851193478320294,False,False,False
2026-08-19,AYI,348.8299865722656,61,4,False,0.03859064931436995,0.08796503539045841,0.3571038553373762,-0.08243687231640673,True,True,False
2026-08-19,BBCA,106.63999938964844,61,7,False,0.04275041262873169,0.10037177154915033,0.3041458208093353,-0.010668907283711171,False,True,False
2026-08-19,DXJ,174.77999877929688,61,6,False,-0.0043340465496747305,0.08903336148239505,0.40792653164674597,-0.04549179074484577,False,True,False
2026-08-19,EEMA,115.26000213623047,61,7,False,0.010129359506429347,0.10245697116164743,0.3587174307243257,-0.0608653223855804,False,True,False
2026-08-19,EWBC,130.39999389648438,61,6,False,-0.007900330680347789,0.10179797316443562,0.40714358986771604,-0.05142945560077583,False,True,False
2026-08-19,EWC,61.83000183105469,61,7,False,0.04327669300157244,0.09782214462907501,0.3180558949514827,-0.011510750036576534,False,False,False
2026-08-19,EWN,69.30999755859375,61,7,False,0.013330721126479705,0.10409399953398979,0.3426966097006674,-0.0353514400761219,False,True,False
2026-08-19,FBNC,64.47000122070312,61,7,False,0.015042230132852996,0.11661985365839667,0.40274156886317214,-0.03459115904191801,False,True,False
2026-08-19,FNDA,37.81999969482422,61,6,False,0.008527943178721076,0.09849094246054468,0.29034460538869267,-0.01995336757499433,False,True,False
2026-08-19,JCI,144.94000244140625,61,6,False,-0.0019005943265592018,0.08696224767639826,0.39822494039121725,-0.07716793139937461,False,True,False
2026-08-19,JETS,29.90999984741211,61,5,False,-0.04676007189490783,0.06369169158974519,0.27114317784051667,-0.12184384493693035,False,True,False
2026-08-19,JQUA,74.62000274658203,61,6,False,0.03212282234496966,0.12408894315133079,0.24991627793922255,-0.013484884337611414,False,False,False
2026-08-19,KGC,29.899999618530273,61,6,False,0.19969504401229732,0.02986432825440377,0.6032171705152327,-0.23548966627690626,False,True,False
2026-08-19,MGV,168.7100067138672,61,6,False,0.028555239296343515,0.11405994233948458,0.26754319291808804,-0.006653259823294899,False,True,False
2026-08-19,MMM,180.66000366210938,61,4,False,0.07378866956091268,0.12653083244530205,0.29654089572401277,-0.0229312621651504,False,True,False
2026-08-19,PFS,23.700000762939453,61,6,False,-0.008177276127455002,0.08703133826729559,0.33973996876433676,-0.07022357882509267,False,True,False
2026-08-19,PRM,30.450000762939453,61,6,False,-0.11463510336450233,0.047893400980318246,0.6879156994238624,-0.20225302007708146,False,True,False
2026-08-19,PRMB,23.649999618530273,61,6,False,-0.013654547554346141,0.15712990613440536,0.6469359459582771,-0.09767262706464497,False,False,False
2026-08-19,PRME,3.5399999618530273,61,2,False,0.08542342494834165,-0.00854917662770549,0.325842644456652,-0.4899135543709443,True,True,False
2026-08-19,PWB,155.94000244140625,61,6,False,-0.02046998850759163,0.10067189664037879,0.3305461305623789,-0.07733265777309428,False,False,False
2026-08-19,REYN,26.079999923706055,61,4,False,0.017938825137595815,0.10783437675739127,0.27592951283200495,-0.04538798627267493,False,True,False
2026-08-19,SCHM,36.2400016784668,61,6,False,0.015052167122234117,0.10228872965511737,0.2828319178218335,-0.018418107372781045,False,True,False
2026-08-19,SGML,10.9399995803833,61,3,False,-0.07039192368121128,-0.1632039496342378,1.3705309042155505,-0.5531045839478845,False,False,False
2026-08-19,VB,305.95001220703125,61,6,False,0.023144269462263223,0.10153435889383489,0.26860726678243774,-0.011502043379112536,False,True,False
2026-08-19,XAR,284.1000061035156,61,7,False,0.025901410738098818,0.07235410239122397,0.36082770651641716,-0.045972000566100624,False,True,False
2026-08-19,CQP,67.72000122070312,61,7,False,0.06146198939280878,0.12369061439412521,0.3672522287444415,-0.04133632777710938,False,False,False
2026-08-19,DES,41.0,61,6,False,0.011606332390685647,0.10491728319678062,0.2913385826771653,-0.020310597493730098,False,True,False
2026-08-19,CBT,85.18000030517578,61,6,False,-0.03266322530369359,0.11660807388127359,0.46031197722037875,-0.09891038395071727,False,True,False
2026-08-19,SHEL,92.7699966430664,61,7,False,0.09058801269448469,0.13004531579159395,0.351839659643955,-0.022444729700364152,False,True,False
2026-08-19,SBCF,35.11000061035156,61,6,False,0.051134681828322925,0.09457081216097696,0.22848148019864456,-0.0319823499523505,False,True,False
2026-08-19,CR,208.9600067138672,61,6,False,-0.03439770430389044,0.07536375192364564,0.3094372998885566,-0.09344899473376489,False,True,False
2026-08-19,LLYVK,106.83999633789062,61,7,False,0.03855602067482744,0.1450762774567096,0.388704747231859,-0.02651483974587132,False,True,False
2026-08-19,DOC,20.760000228881836,61,6,False,-0.02751621978993557,0.12813825518206623,0.3222930242731985,-0.09542485669953071,False,True,False
2026-08-19,CWBC,25.809999465942383,61,6,False,-0.011830492152350325,0.07588286073099937,0.30419395007161,-0.0837770892424522,False,True,False
2026-08-19,WEBL,28.270000457763672,61,4,False,0.12789455738719702,0.1639972163453438,0.8973155155390673,-0.19778663134860475,False,True,False
2026-08-19,LYTS,24.059999465942383,61,6,False,-0.02751732016616415,0.10855139809136394,0.3980244477554906,-0.12061407422486081,False,True,False
2026-08-19,VTV,226.9499969482422,61,6,False,0.030927352715200085,0.11121119815119873,0.2587354027004247,-0.007085402073002123,False,True,False
2026-08-19,OILK,53.72999954223633,61,7,False,0.05228440032070614,0.12799699886904525,0.48712975238888423,-0.12391981186881473,False,True,False
2026-08-19,AHR,55.20000076293945,60,7,False,0.037418497364326564,0.09962351501135758,0.38000001907348624,-0.059625212172224384,False,False,False
2026-08-19,APOG,41.65999984741211,60,7,False,0.01143999633052295,0.10377790184138469,0.35479674300527186,-0.18121071201158023,True,True,False
2026-08-19,ATOM,4.730000019073486,60,4,False,-0.2736709566116615,-0.07184835607754081,1.5000000630070254,-0.6174686529213131,True,True,False
2026-08-19,AVPT,13.279999732971191,60,4,False,0.0897930193647476,0.13748295272137678,0.5031125835463495,-0.20810975727652914,False,True,False
2026-08-19,BNTX,113.12000274658203,60,4,False,0.22738663165858042,0.16037415650955067,0.4225353058593886,-0.08774191333401593,False,False,False
2026-08-19,ESI,36.18000030517578,60,4,False,-0.10732349344903691,0.0447845328451415,0.5826771364473455,-0.26538070446343587,True,True,False
2026-08-19,GENI,7.769999980926514,60,3,False,0.13836145923431786,0.07984907138526998,1.0313725187093135,-0.4340859257114772,False,True,False
2026-08-19,ITA,246.14999389648438,60,6,False,0.02136503357885222,0.07892239243104915,0.2832342013230966,-0.04072491020446656,False,True,False
2026-08-19,IWR,113.61000061035156,60,6,False,0.030061368348742734,0.10650163894242493,0.23974248545428112,-0.011829178010886787,False,True,False
2026-08-19,IXJ,107.36000061035156,60,6,False,0.08053270101138343,0.10849029067462213,0.2577319569200198,-0.0030180336686672637,False,True,False
2026-08-19,MRTN,14.829999923706055,60,5,False,-0.10131016073833976,0.06666857889464461,0.5860961838137302,-0.1975108067610144,False,True,False
2026-08-19,MTG,30.8799991607666,60,4,False,0.0748496064202655,0.1187047640837453,0.2507087279390878,-0.03167137811892473,False,True,False
2026-08-19,ONB,25.90999984741211,60,6,False,-0.008502921729639734,0.08871263693167308,0.33625583615255006,-0.052997102726337286,False,True,False
2026-08-19,OPLN,34.41999816894531,60,6,False,-0.11441131502020185,0.07139460932734498,0.41529599510112547,-0.1976690688884506,False,False,False
2026-08-19,RETL,9.170000076293945,60,4,False,-0.0026971637334886056,0.03432330123741445,0.4129430507998375,-0.18777678412065524,False,True,False
2026-08-19,SAIL,19.190000534057617,60,4,False,0.22198946917504903,0.1935879964490097,0.8631068134658442,-0.200416644414266,False,True,False
2026-08-19,SFNC,23.049999237060547,60,7,False,0.0023743543440659653,0.11527487363098365,0.3558823080623852,-0.0522204142146413,False,True,False
2026-08-19,SJM,122.83999633789062,60,7,False,0.06043363753611586,0.1642895229381942,0.39195463272397313,-0.037681199612152994,False,True,False
2026-08-19,UNM,87.63999938964844,60,5,False,-0.021138675259973483,0.09392200922548555,0.2816613470289042,-0.07308306122768449,False,True,False
2026-08-19,VBR,250.13999938964844,60,6,False,0.025274858789143373,0.09994993493060078,0.25850274855509414,-0.006789782300677616,False,False,False
2026-08-19,WES,49.0099983215332,60,7,False,0.07325551875922631,0.15823998688855245,0.32818418143319716,-0.021170389050363614,False,False,False
2026-08-19,DFEV,41.66999816894531,60,7,False,0.005066538105477525,0.0984481441690277,0.36937225603174717,-0.07286687169020156,False,True,False
2026-08-19,COMT,34.44960021972656,60,7,False,0.06910130684669169,0.13238813314250875,0.4211881412958216,-0.060038232320362095,False,True,False
2026-08-19,AMZZ,36.90999984741211,60,5,False,0.10803972851728871,0.14420182089221711,0.6618640868480019,-0.14381815530410158,False,True,False
2026-08-19,SNDX,20.770000457763672,60,5,False,0.005923205406786147,0.002658735308686655,0.5989223112954538,-0.1883548130552386,True,True,False
2026-08-19,JAVA,83.36000061035156,60,6,False,0.03314850278709569,0.10482080911699176,0.25268619586878804,-0.008327349138384843,False,True,False
2026-08-19,ST,42.77000045776367,60,6,False,-0.08492228205619168,0.08028239290910588,0.5188210472129748,-0.20634624341860308,False,True,False
2026-08-19,LLYVA,103.45999908447266,60,7,False,0.04317278562470328,0.14188461934654328,0.3909653523107435,-0.024468447628456458,False,True,False
2026-08-19,HFWA,28.854999542236328,60,6,False,-0.021867741237636573,0.08255741329687938,0.35342401291128334,-0.0766400146484375,False,True,False
2026-08-19,LMT,589.1500244140625,60,6,False,0.07715399726740024,0.06779191178905686,0.34739856927172674,-0.14862713234962066,False,True,False
2026-08-19,RIVN,15.729999542236328,60,2,False,-0.03926026261306781,-0.031180255911649413,0.3285472415131847,-0.3067430951081006,True,True,False
2026-08-19,LYFT,17.43000030517578,60,3,False,0.13111310264713705,0.07306609139312559,0.39887642470408347,-0.3175411244962404,False,False,False
2026-08-19,PSO,16.059999465942383,60,6,False,-0.009766718939956731,0.12395718852352933,0.3361063938703339,-0.09521129769338688,False,True,False
2026-08-19,OMF,64.20999908447266,60,5,False,0.05507208474293335,0.07450856088479263,0.40257756218006713,-0.10732658401153417,False,True,False
2026-08-19,FMDE,42.45000076293945,60,6,False,0.037983621193521167,0.11326160417189257,0.2365277745059562,-0.012101476448484139,False,True,False
2026-08-19,CNR,93.30000305175781,60,5,False,0.09379436852842349,0.04889271085880509,0.3564990507071888,-0.18728222498658542,False,True,False
2026-08-19,RWL,134.69000244140625,60,6,False,0.031184366806107366,0.1097470738793711,0.26910398499109056,-0.007516057932349329,False,True,False
2026-08-19,CVS,93.6500015258789,60,6,False,-0.08345141780280563,0.0941724499325074,0.34728814052310364,-0.15386699252204916,False,False,False
2026-08-19,DNN,3.2200000286102295,60,4,False,0.0420037663407864,-0.0279978789451244,0.7311827977663767,-0.27313766289290764,False,True,False
2026-08-19,AAT,22.799999237060547,59,5,False,-0.05757867117347448,0.09975444653944265,0.2866817223789375,-0.1220639260727221,False,True,False
2026-08-19,AAXJ,114.79000091552734,59,7,False,0.0012770063383436003,0.09587132535513909,0.3477750778839641,-0.08087115480407503,False,True,False
2026-08-19,AVUS,130.99000549316406,59,6,False,0.02214083726155036,0.10161727816592991,0.2638943097702038,-0.01370372787354912,False,True,False
2026-08-19,BALL,62.619998931884766,59,7,False,0.016809325926649743,0.07680904057324933,0.39683239737247944,-0.08302828975879206,False,True,False
2026-08-19,BC,81.61000061035156,59,7,False,0.006263728985075767,0.04603462973081229,0.39361336571917427,-0.09573406525926242,True,True,False
2026-08-19,BCC,83.12999725341797,59,5,False,0.07322952103006508,0.0863414376876932,0.27892303466796875,-0.09611834130643904,False,True,False
2026-08-19,EIG,47.88999938964844,59,6,False,-0.028008947286841,0.09621211410089692,0.34033025477758017,-0.08937061702419813,False,True,False
2026-08-19,EIX,73.44000244140625,59,6,False,-0.00818674910399253,0.0809204079841861,0.4123077392578125,-0.10022053454927549,False,False,False
2026-08-19,EWI,62.83000183105469,59,6,False,0.031251054855269134,0.10813733541763293,0.25534471106506884,-0.014585892643670828,False,False,False
2026-08-19,FLNG,32.47999954223633,59,7,False,0.06818210333624086,0.12935611570679706,0.35333331425984693,-0.027544968311745244,False,True,False
2026-08-19,FSMD,52.16999816894531,59,6,False,0.011158173787792602,0.09667247065427675,0.24635663526545226,-0.024495164257741453,False,True,False
2026-08-19,GMED,88.33999633789062,59,6,False,0.09825348700058623,0.0338142529474843,0.6313941615619703,-0.1287968934069016,False,True,False
2026-08-19,HAFC,31.149999618530273,59,6,False,-0.025880629011531875,0.0785544125969675,0.3632384725818847,-0.07014926511849928,False,True,False
2026-08-19,HBNC,19.639999389648438,59,6,False,-0.019715524610022017,0.0895705497920618,0.3234500800340958,-0.0665399935817359,False,True,False
2026-08-19,HCI,183.0500030517578,59,3,False,0.035006470526219635,0.08228053568477822,0.2645941488895185,-0.13040378597739755,False,True,False
2026-08-19,HDV,29.93000030517578,59,6,False,0.06106909135071259,0.12313551495561414,0.27275044027746587,-0.006473018915326811,False,True,False
2026-08-19,ITT,213.5500030517578,59,6,False,0.07823150443733473,0.10288916751295307,0.30213416494974266,-0.07281175642224602,False,True,False
2026-08-19,KRE,75.0,59,6,False,-0.002415477027030044,0.08732842147562625,0.30321461328017096,-0.042756841600036455,False,True,False
2026-08-19,RF,30.59000015258789,59,7,False,0.0004971428323321536,0.0878146330011329,0.34757705394132987,-0.05789963034915224,True,True,False
2026-08-19,SIVR,63.09000015258789,59,4,False,0.08187546043109672,-0.0668940370573865,0.7766827128890688,-0.45262884796740455,False,False,False
2026-08-19,CUZ,29.350000381469727,59,6,False,-0.028782441117558455,0.1179525809736619,0.39562526976556844,-0.10925645821285779,False,True,False
2026-08-19,CVBF,22.530000686645508,59,6,False,0.008649441167716265,0.10461485514825752,0.2551531882473326,-0.03759073756952125,False,True,False
2026-08-19,CMI,608.3699951171875,59,5,False,-0.08096572763742393,0.02503877296842849,0.5618453796368179,-0.1753822556599981,False,True,False
2026-08-19,NSC,345.7099914550781,59,6,False,0.05818403312978382,0.13199821851721327,0.2888564936631912,-0.035945383237714124,True,False,False
2026-08-19,IJK,116.22000122070312,59,6,False,0.012722217534773206,0.09540341007119224,0.2729463015988971,-0.026551622289564758,False,True,False
2026-08-19,TRIN,18.1299991607666,59,6,False,0.03334868258574741,0.1291429550722789,0.28308556361847925,-0.02343126101682591,False,True,False
2026-08-19,PHIN,73.30999755859375,59,5,False,-0.0676586818883157,0.042975212658119544,0.4432522925734348,-0.15672629415807848,False,True,False
2026-08-19,LNC,43.47999954223633,59,5,False,0.06364240435872137,0.10685559464999805,0.35114975543499516,-0.08789592589996287,False,True,False
2026-08-19,SLV,60.0099983215332,59,4,False,0.08162762263376955,-0.06771968337063017,0.7728213006394042,-0.45361014912989617,False,True,False
2026-08-19,VPL,113.72000122070312,59,7,False,0.007662925801327214,0.10072101699944813,0.3375676983160323,-0.061948378522427405,False,True,False
2026-08-19,VOE,208.97000122070312,59,6,False,0.03189252928298547,0.10165607427228429,0.23826740947327063,-0.009949334489243067,False,True,False
2026-08-19,VTR,91.8499984741211,59,7,False,0.011158505624317083,0.09103519822135953,0.3836999438771693,-0.09596456837037703,False,True,False
2026-08-19,TTEK,36.599998474121094,59,5,False,0.16298278077425787,0.1166536523357844,0.41805498765765825,-0.15159946703885752,False,True,False
2026-08-19,CCEP,106.68000030517578,59,6,False,0.021379267344641795,0.10416894488976935,0.26009916950808876,-0.06149378003314865,False,True,False
2026-08-19,XMHQ,119.4800033569336,59,6,False,0.04777976454601829,0.10823111336791391,0.2255616573496333,-0.003918245963035694,False,True,False
2026-08-19,CMP,25.700000762939453,59,4,False,-0.11716611431429569,0.034600782642566275,0.5670732537030767,-0.25507244165392895,False,False,False
2026-08-19,CAI,22.760000228881836,59,3,False,0.2587242637955478,0.08446666964264704,0.6039465047163195,-0.4644705828498391,False,False,False
2026-08-19,TAK,18.34000015258789,59,6,False,0.0994808498084252,0.11170044648381383,0.411855309910387,-0.029629601970644348,False,True,False
2026-08-19,MDYG,110.9000015258789,59,6,False,0.012672574503271639,0.0954590463380276,0.27339540922255345,-0.026595267016419233,False,True,False
2026-08-19,LYB,66.05999755859375,59,6,False,0.10574359895572871,0.11488586300295123,0.588744460065314,-0.21300934432654461,False,True,False
2026-08-19,AVGE,101.5199966430664,58,6,False,0.022141326996955923,0.09666696804942854,0.27011130058124855,-0.01254742676938736,False,False,False
2026-08-19,BHRB,70.9000015258789,58,6,False,0.003265933842527158,0.0772456736152416,0.23476147312425444,-0.05579964064930221,False,True,False
2026-08-19,BILL,47.709999084472656,58,4,False,0.14673715111072605,0.09036971388704673,0.5189429900109825,-0.1660548881668903,False,True,False
2026-08-19,BLCR,49.459999084472656,58,6,False,-0.00012535254651813155,0.0903116714385852,0.32157648878438216,-0.030576271252338527,False,True,False
2026-08-19,DOCU,62.11000061035156,58,3,False,0.21982117216354724,0.15044830800063136,0.5465637660940852,-0.2832083148688488,False,True,False
2026-08-19,DRI,221.88999938964844,58,7,False,0.06847093144496208,0.11630101636590462,0.31295857627010903,-0.03425311327187275,False,True,False
2026-08-19,EMGF,71.0,58,7,False,0.00485358090370136,0.0921617608120886,0.33861234491824654,-0.07286499996911577,False,False,False
2026-08-19,ET,21.18000030517578,58,7,False,0.0651030491482747,0.13747131686305747,0.30902347995633606,-0.021256889900500564,False,False,False
2026-08-19,FIBK,37.84000015258789,58,6,False,-0.007324386490286661,0.06179990038345462,0.3003436308091465,-0.06798025677987296,False,True,False
2026-08-19,GLNG,52.2400016784668,58,7,False,0.03936622548343727,0.12168720459265026,0.4917190461339809,-0.09603736198539048,False,False,False
2026-08-19,HLT,334.7300109863281,58,7,False,0.013189999236239425,0.08132191440952496,0.3202256837191293,-0.06499996931193264,False,True,False
2026-08-19,IYT,86.58999633789062,58,5,False,-0.0024768615463311994,0.08555563411577705,0.27151245635924615,-0.038529883575063595,False,True,False
2026-08-19,KBE,69.12000274658203,58,6,False,0.003982857844484489,0.08767580554468801,0.2650073850417509,-0.03893208417199745,False,True,False
2026-08-19,KEX,138.6699981689453,58,6,False,-0.002263572696535432,0.06406895475120589,0.7438380787587267,-0.12061642449100918,False,True,False
2026-08-19,MOAT,114.08999633789062,58,6,False,0.06985516176775186,0.10220645587009702,0.2128202052515571,-0.0028841272184555455,False,True,False
2026-08-19,MTDR,58.0,58,6,False,0.1271503304929309,0.14445600167618733,0.5616586147862352,-0.13225608650848109,False,False,False
2026-08-19,PAAS,50.29999923706055,58,4,False,0.09372076962017406,-0.02050895959557253,0.644328178690944,-0.28132589266589414,False,False,False
2026-08-19,QTWO,64.08000183105469,58,4,False,0.18706238199804126,0.1218458256482502,0.5709732873936182,-0.24779903750878562,False,True,False
2026-08-19,RACE,425.17999267578125,58,4,False,0.11665200815741894,0.1669135140869138,0.3605323970091583,-0.1572082679415464,False,True,False
2026-08-19,RNR,317.239990234375,58,7,False,0.0042354652727671915,0.07858221776902807,0.37232336699041446,-0.055749057708352145,False,True,False
2026-08-19,RYZ,25.829999923706055,58,5,False,-0.07453189951149142,-0.0007427740578028752,0.3355739255384511,-0.1928125023841858,False,True,False
2026-08-19,SCHV,35.040000915527344,58,6,False,0.01684883248006952,0.09844467980202198,0.23903819182274888,-0.012679648961878898,False,False,False
2026-08-19,SSB,107.08999633789062,58,6,False,0.04023387015650903,0.09977510619601282,0.26763721688585074,-0.04554367869286846,False,True,False
2026-08-19,TNL,72.98999786376953,58,5,False,-0.027624596969066717,0.027155061009646486,0.26149320936424436,-0.09888891526210453,False,True,False
2026-08-19,DISV,44.130001068115234,58,6,False,0.053636891918010576,0.09663498686401084,0.2948943279663412,-0.007176769662374127,False,True,False
2026-08-19,IDEQ,35.779998779296875,58,7,False,0.022998858699237568,0.08569508352144228,0.3265608266855695,-0.015410054236093207,False,True,False
2026-08-19,LAMR,153.97999572753906,58,6,False,-0.017291564689446037,0.10498225724003007,0.34539099898074754,-0.07425002084747057,False,True,False
2026-08-19,NXE,10.5600004196167,58,5,False,0.0831436205132714,-0.012604217276224516,0.6869009638204009,-0.24355298060454622,False,False,False
2026-08-19,SPRX,45.68000030517578,58,6,False,-0.07780290661751599,0.04677933356449726,0.4478605835120679,-0.22707273291761088,False,True,False
2026-08-19,POWI,55.790000915527344,58,4,False,-0.20773096092510634,0.00665178550186285,0.8078418604053221,-0.3881333545865271,False,True,False
2026-08-19,DNOW,15.609999656677246,58,5,False,0.1061978020202774,0.15343404775388914,0.4275262055476372,-0.09559678738842536,False,False,False
2026-08-19,RJF,177.92999267578125,58,4,False,0.06522198278012348,0.11637479971127784,0.2817316185571135,-0.026268281967865237,False,True,False
2026-08-19,ON,76.58000183105469,58,4,False,-0.18824146119801,-0.003616388021089434,0.7185816757392709,-0.43240436651087066,True,True,False
2026-08-19,DFAC,45.77000045776367,58,6,False,0.026513989707820595,0.09919008818583164,0.24815933305731308,-0.012406964026199896,False,True,False
2026-08-19,VTOL,46.709999084472656,58,6,False,0.059871016016062484,0.08704377682277609,0.33342851019677444,-0.07284640543537557,False,True,False
2026-08-19,CARS,12.4399995803833,58,5,False,0.10248498845321818,0.14782909830651825,0.6810810027112058,-0.10952044791699311,False,False,False
2026-08-19,XSOE,47.0,58,6,False,-0.002182460232079908,0.08472122704972063,0.3359863442947506,-0.08524719690660576,False,True,False
2026-08-19,RSP,222.07000732421875,58,6,False,0.03449564502793545,0.10122255241994838,0.21942785448321933,-0.0061091156232901955,False,True,False
2026-08-19,WTV,108.16000366210938,58,6,False,0.03299947613309673,0.09968546365569608,0.23076931090712627,-0.006338951049004948,False,False,False
2026-08-19,BHC,6.889999866485596,57,4,False,0.2967214780755174,0.17568764462156183,0.5912240156781416,-0.14089782129428585,False,True,False
2026-08-19,DRN,11.020000457763672,57,6,False,-0.002335687906278361,0.11269302751102894,0.36894412380848474,-0.09746106278996369,False,True,False
2026-08-19,EEM,66.11000061035156,57,7,False,0.0013056017775461282,0.08350762078449181,0.33961504872222714,-0.07628893541643411,False,True,False
2026-08-19,EL,98.01000213623047,57,4,False,0.1605601700381849,0.07058360800120811,0.4800664501586942,-0.19426173439646433,False,False,False
2026-08-19,ELV,398.45001220703125,57,7,False,0.007748907336865951,0.12453846772240729,0.44975264705350027,-0.08662657911540994,True,True,False
2026-08-19,ESGE,53.150001525878906,57,7,False,0.00402368305195111,0.0840746566361239,0.3264287978705478,-0.06933985365349271,False,True,False
2026-08-19,ESNT,69.04000091552734,57,4,False,0.06961483323291606,0.109283028650496,0.24756054797912386,-0.018900124756912717,False,True,False
2026-08-19,EW,92.27999877929688,57,4,False,0.03838933365378683,0.09104128110977916,0.27634847695975706,-0.04164505242603889,False,True,False
2026-08-19,FELC,43.70000076293945,57,6,False,0.030378494751025276,0.10409438792716519,0.24519160116626804,-0.014878265066076146,False,True,False
2026-08-19,FMTM,38.51300048828125,57,6,False,-0.0399839915428426,0.04954984282908592,0.4445986762456682,-0.19764582316080725,False,True,False
2026-08-19,FMX,118.72000122070312,57,6,False,-0.05666223420452465,0.052420234182423586,0.4289840948983521,-0.160811478078016,False,True,False
2026-08-19,FRHC,159.14999389648438,57,6,False,0.06951760342210389,0.14016421884418984,0.47395226807647184,-0.12499179946224603,True,True,False
2026-08-19,GDE,69.12000274658203,57,6,False,0.09412831642410557,0.06330973298601239,0.43670758407161325,-0.12384328455639937,False,True,False
2026-08-19,GILD,147.60000610351562,57,6,False,0.12628428195229358,0.1112550420700571,0.36087043471722025,-0.06160587193229594,False,True,False
2026-08-19,GUNR,55.2400016784668,57,6,False,0.07033524045973438,0.08171938590978933,0.3433852897217191,-0.019698257776600725,False,True,False
2026-08-19,GWRE,181.17999267578125,57,3,False,0.27631811174230836,0.14113530883860514,0.7710653692171914,-0.335363211228319,False,True,False
2026-08-19,JHMM,76.18000030517578,57,6,False,0.021050972612670638,0.08630902282974606,0.22970136185614365,-0.016397633222827834,False,True,False
2026-08-19,NATL,46.060001373291016,57,7,False,0.010070025102007607,0.08973262530159909,0.3827679217756905,-0.050309250035236786,True,False,False
2026-08-19,NULG,114.8499984741211,57,7,False,0.005398055599641793,0.11341558904478033,0.31754044839520135,-0.03259773169465863,False,True,False
2026-08-19,PBA,48.52000045776367,57,7,False,0.0005650373673731224,0.10551619669052936,0.34033147610972114,-0.05932534440990822,False,True,False
2026-08-19,PPTA,25.81999969482422,57,3,False,0.2114444268283222,-0.022315971778112953,0.5859950003567491,-0.3090714361034107,False,True,False
2026-08-19,PRI,300.9700012207031,57,6,False,-0.003936330994712911,0.10673826958373689,0.30805339654455977,-0.08038987306503886,False,True,False
2026-08-19,SAH,78.86000061035156,57,5,False,-0.10864454031192439,0.09504128306774962,0.45740158419560584,-0.3062373371983026,False,False,False
2026-08-19,SFBS,87.77999877929688,57,7,False,0.013459676440320534,0.1090474781360189,0.30625004115558996,-0.046698555237295825,False,True,False
2026-08-19,SKT,38.58000183105469,57,5,False,-0.03674737196220779,0.07057681087068524,0.2393190771324334,-0.0928755481216943,False,True,False
2026-08-19,SPUS,58.7599983215332,57,6,False,0.026404202722194015,0.10276796281349254,0.27850303507479746,-0.014920422155556556,False,True,False
2026-08-19,TFX,135.86000061035156,57,7,False,0.025120205298865717,0.11712872344886005,0.35615891591619797,-0.06303447854929956,False,False,False
2026-08-19,VCYT,42.189998626708984,57,2,False,-0.19900062647518257,-0.0064145317355359666,0.49345127882155704,-0.3073387172483877,False,True,False
2026-08-19,QGRW,67.1500015258789,57,7,False,0.022045149074396253,0.10368067369771272,0.31821757628926695,-0.026811572088711544,False,True,False
2026-08-19,OSK,149.85000610351562,57,5,False,0.024199439361989095,0.04216875000954756,0.283292030585268,-0.169760088964089,False,True,False
2026-08-19,WCMI,19.68000030517578,57,6,False,0.014877661529352881,0.0887198965189,0.2762646049159869,-0.02766795811635747,False,True,False
2026-08-19,QLTY,43.02000045776367,57,6,False,0.03079199032632496,0.09051047827516756,0.2520736635459109,-0.011488970467388948,False,True,False
2026-08-19,HROW,41.63999938964844,57,4,False,0.0161103587136886,0.011606493234505688,0.4590048372070643,-0.24083864087444407,False,False,False
2026-08-19,DCOR,84.87000274658203,57,6,False,0.026756678075938733,0.09820252797816043,0.23339639235290943,-0.011760532593586448,False,False,False
2026-08-19,EQWL,135.30999755859375,57,6,False,0.037406731045378505,0.1035754880410038,0.2132161664087735,-0.00558543194470551,False,False,False
2026-08-19,TDIV,114.20819854736328,57,6,False,0.007591105881710414,0.09544987636748536,0.2723729481871817,-0.11122024476760095,False,True,False
2026-08-19,DGRO,80.04000091552734,57,6,False,0.035213304826383185,0.09785354702228699,0.21309482939146052,-0.006701425952552298,False,True,False
2026-08-19,XSMO,87.25,57,5,False,-0.017903972691664882,0.07715251778071042,0.27205138735079903,-0.0686379193448885,False,False,False
2026-08-19,CGGO,40.560001373291016,57,6,False,0.0004686937230766741,0.0900574275404451,0.26988104868820817,-0.05410446914725775,False,True,False
2026-08-19,ALGM,38.349998474121094,56,4,False,-0.2278093649746764,-0.012755065282764044,0.7112895464187039,-0.46565416932026527,False,True,False
2026-08-19,AMZN,265.8399963378906,56,7,False,0.06763994170527288,0.11592730308449384,0.35632651192801346,-0.07437331114645995,False,True,False
2026-08-19,AVDV,110.70999908447266,56,7,False,0.04751919575484109,0.08707925082262502,0.3176938520343464,-0.006639729780461012,False,True,False
2026-08-19,AVIV,82.94999694824219,56,6,False,0.042651244737349714,0.09116290763692403,0.27752959430727087,-0.004942330628941338,False,True,False
2026-08-19,DYNF,69.41000366210938,56,6,False,0.02336599762674041,0.09691357532883527,0.2390218331833307,-0.0156006019117092,False,False,False
2026-08-19,F,14.5,56,7,False,0.022884393285842686,0.0785560750131209,0.3051305533826296,-0.18447697187712164,False,True,False
2026-08-19,FDL,53.45000076293945,56,6,False,0.05240982681314077,0.1012036131504579,0.26959626366246114,-0.005766323814589525,False,True,False
2026-08-19,FWONA,96.0,56,4,False,0.07755234332964012,0.13668723454406084,0.302578072932874,-0.035369742381433755,False,True,False
2026-08-19,GNW,9.920000076293945,56,6,False,0.03372098525349232,0.11501391641613212,0.26530610755402484,-0.03501942276541248,False,True,False
2026-08-19,GRPN,20.350000381469727,56,3,False,-0.1295755953097567,0.17470829299781032,1.2191930438559142,-0.3193979718696055,False,False,False
2026-08-19,JBSS,81.30000305175781,56,6,False,-0.023810345184889337,0.04710022513479162,0.3763332228166816,-0.11707209562262666,False,False,False
2026-08-19,LINE,41.77000045776367,56,6,False,-0.02331691882128628,0.08868538773801338,0.33322695689373805,-0.0869945255133624,False,True,False
2026-08-19,MAR,359.95001220703125,56,6,False,-0.03353868249779324,0.0562434180103355,0.40189281241888053,-0.12416661982374244,False,True,False
2026-08-19,MORN,213.64999389648438,56,4,False,0.19796838278451268,0.13752222834141015,0.5100006050024972,-0.19695544559566114,False,True,False
2026-08-19,MSEX,58.79999923706055,56,6,False,0.05183318605776566,0.10506581219550748,0.33122032317404937,-0.05435833148160807,False,True,False
2026-08-19,SNA,393.92999267578125,56,5,False,-0.02062767552037148,0.05479070139051245,0.23411647121203916,-0.06876742729278085,False,True,False
2026-08-19,STRT,80.55500030517578,56,6,False,-0.020068192047246414,0.023943606017182706,0.41299776665226484,-0.1291351318359375,False,False,False
2026-08-19,WABC,58.099998474121094,56,5,False,-0.018746860340188798,0.09189896347836601,0.2931225924658669,-0.08662163312939508,False,True,False
2026-08-19,DFAW,85.37999725341797,56,6,False,0.02483782231742082,0.09132039871402675,0.23667433547521433,-0.0113478850162968,False,True,False
2026-08-19,CORO,36.810001373291016,56,6,False,0.017691441170010203,0.08891428055223738,0.2723816448320413,-0.020489633322140266,False,True,False
2026-08-19,DFAE,39.06999969482422,56,7,False,0.003518855152103262,0.08090086787221895,0.3181511639460135,-0.07331419213801926,False,True,False
2026-08-19,PSLV,21.6200008392334,56,4,False,0.09559334498248817,-0.06381998510033393,0.714512405064593,-0.4329923883135607,False,True,False
2026-08-19,AVEM,93.05000305175781,56,7,False,0.0012223709151633066,0.08120233612805716,0.3228605046377262,-0.07715956201540708,False,True,False
2026-08-19,DFIV,57.81999969482422,56,6,False,0.03267333518928628,0.08650818319008913,0.2881234735729794,-0.008488363946527633,False,True,False
2026-08-19,IVOO,130.30999755859375,56,6,False,0.010846153493331734,0.08326940389208448,0.23762937055285605,-0.021255834790658068,False,True,False
2026-08-19,SNPE,71.04000091552734,56,6,False,0.031739358681304175,0.09835912379214262,0.2450925620356319,-0.01360727260785577,False,False,False
2026-08-19,SPMD,67.48999786376953,56,6,False,0.011070959952382387,0.08309705529822664,0.2376673276103778,-0.021458653483238388,False,True,False
2026-08-19,RHLD,117.83999633789062,56,2,False,-0.10955956445303294,-0.2544105873437472,1.1394334135887991,-0.501079659935546,False,False,False
2026-08-19,IJH,77.04000091552734,56,6,False,0.011554633869844455,0.08426334937991387,0.23818706853212013,-0.02121710314280456,False,True,False
2026-08-19,QQQ,716.0800170898438,56,6,False,0.004341489325518477,0.09834321686480374,0.28884098012182857,-0.04350498398729097,False,True,False
2026-08-19,QQQM,294.8500061035156,56,6,False,0.004407352116962082,0.09842541984922204,0.28896177531591527,-0.043347022231463694,False,True,False
2026-08-19,HEI.A,264.3900146484375,56,5,False,0.03302529670538723,0.08706026501606368,0.32626037899968163,-0.05460197673501199,False,True,False
2026-08-19,CGDV,50.34000015258789,56,6,False,0.01892521466097996,0.09590950279031119,0.23868112471995206,-0.025079853026842458,False,True,False
2026-08-19,FRT,117.55999755859375,56,6,False,-0.03973079240444288,0.06919721418549019,0.3057869504895252,-0.08306691051847148,False,True,False
2026-08-19,CNEQ,39.540000915527344,56,6,False,-0.0025825624478058584,0.09453395978178403,0.3417034895419755,-0.061921720423879334,False,True,False
2026-08-19,OMFL,70.95999908447266,56,6,False,0.027240087102880617,0.10118194194687136,0.2422969259696941,-0.00769127444172113,False,True,False
2026-08-19,NWSA,29.450000762939453,56,5,False,0.0797196272762355,0.13535824407924513,0.32657656535323665,-0.06833279992739882,False,True,False
2026-08-19,PCOR,62.91999816894531,56,4,False,0.32592675065857146,0.08784726724353731,0.6544833076144689,-0.23561931236370615,False,True,False
2026-08-19,MDY,702.510009765625,56,6,False,0.01143417807233349,0.0830607237690375,0.2363562461054789,-0.020687204747154353,False,True,False
2026-08-19,BANR,71.13999938964844,55,6,False,0.029269190442136717,0.10018417346311459,0.24697634252438005,-0.04943876442133022,False,True,False
2026-08-19,BIOA,10.75,55,4,False,-0.4304122766709313,-0.3603294168398432,1.4543378354162844,-0.5858216131150336,False,True,False
2026-08-19,BRC,92.01000213623047,55,7,False,0.008910364558741612,0.08120814540920018,0.3038118539623391,-0.07332056311984991,False,True,False
2026-08-19,DOO,68.18000030517578,55,4,False,0.10972220331427995,0.0274772612679981,0.396272737016671,-0.16741969943408874,False,True,False
2026-08-19,ESQ,116.56999969482422,55,5,False,-0.04111515938040633,0.05869504133306935,0.2656894856255494,-0.13533362323315412,False,False,False
2026-08-19,FCNCA,2170.719970703125,55,7,False,0.013370830376879361,0.0731227624978068,0.3368477839384951,-0.05468800916896188,False,True,False
2026-08-19,FWONK,104.83999633789062,55,4,False,0.08143789264949142,0.13791736166385227,0.30804734051115124,-0.041357704776061155,False,False,False
2026-08-19,GFI,43.849998474121094,55,4,False,0.23770756002098015,0.013569312156193725,0.499657962290204,-0.288611309079846,False,True,False
2026-08-19,HAFN,7.909999847412109,55,6,False,0.06995994078958034,0.11738155030916086,0.529980605548134,-0.17042475364496634,False,True,False
2026-08-19,HTHT,48.59000015258789,55,6,False,0.14196675831112282,0.026262742341588652,0.45872104921463164,-0.14212569427625688,False,False,False
2026-08-19,IBCP,36.95000076293945,55,6,False,0.008224064469043224,0.0722250370915769,0.23868591543559137,-0.058358838368347876,False,True,False
2026-08-19,INDB,83.33000183105469,55,6,False,-0.00906384282313255,0.06085703314843105,0.3158060859267613,-0.047657121930803625,False,True,False
2026-08-19,IP,41.060001373291016,55,4,False,0.05877138464176612,0.07237909156966005,0.4032809655538445,-0.18288554481012909,False,True,False
2026-08-19,IPI,36.9900016784668,55,5,False,0.06318772010703899,0.07604147833013686,0.6403548971156658,-0.26519663157837303,False,True,False
2026-08-19,JSMD,95.7699966430664,55,5,False,-0.006829958777742617,0.08598732463219227,0.2717783325765133,-0.058308755979547544,False,True,False
2026-08-19,PFBC,103.12999725341797,55,5,False,-0.01430234377332884,0.07581672946282425,0.265398739305742,-0.08132909949291645,False,True,False
2026-08-19,PSA,325.1300048828125,55,6,False,0.00863419255617126,0.10019367385890621,0.26736568976873665,-0.03105344446200753,False,True,False
2026-08-19,SPGP,127.66000366210938,55,6,False,0.03138095791823181,0.094577304875892,0.22915465927106604,-0.015273030984734537,False,False,False
2026-08-19,TS,53.09000015258789,55,5,False,-0.058924878877637976,0.02246082251543835,0.5777116714766992,-0.17817335283907376,False,False,False
2026-08-19,UAN,122.2699966430664,55,6,False,0.03687531621573714,0.06970676352125649,0.45334601966956467,-0.12351256886690754,False,False,False
2026-08-19,WAFD,36.720001220703125,55,6,False,-0.018208036264161898,0.0811049904351746,0.3956671214773768,-0.07014434894982813,False,True,False
2026-08-19,XT,83.05999755859375,55,6,False,0.02202003679123421,0.1009490836320357,0.26867261356225947,-0.013890606098895919,False,True,False
2026-08-19,DFAU,53.290000915527344,55,6,False,0.025588738012606083,0.09253321421261562,0.2257619962252264,-0.012233546581624677,False,True,False
2026-08-19,CGXU,34.70000076293945,55,6,False,0.011349280785265758,0.08575087355690969,0.25597221793618785,-0.04328645368098294,False,True,False
2026-08-19,LIT,74.56999969482422,55,5,False,0.003625808127078356,0.016923032301717322,0.6697268237708087,-0.1892803112275271,False,True,False
2026-08-19,MDGL,540.1599731445312,55,5,False,0.036628539875170674,0.05327510510978417,0.4423497280227804,-0.12169110057799792,False,True,False
2026-08-19,NWS,33.529998779296875,55,5,False,0.08262564720910226,0.1342551072811189,0.31541777482825073,-0.05041072004433733,False,True,False
2026-08-19,VOLT,37.060001373291016,55,6,False,-0.044288653314501714,0.05302597575064216,0.3898890634684862,-0.1209677061807235,False,True,False
2026-08-19,CGMM,33.13999938964844,55,6,False,0.021364187020517678,0.07940761066108126,0.23679788375772515,-0.020685601648436247,False,True,False
2026-08-19,NVS,160.30999755859375,55,7,False,0.041179544308126426,0.08382412786728399,0.3186641273424209,-0.05954481259824873,False,True,False
2026-08-19,TRU,83.54000091552734,55,5,False,0.10768432334684785,0.0936616416171212,0.31828944806079207,-0.1252813641378584,False,True,False
2026-08-19,EVH,4.579999923706055,55,2,False,-0.036681820899462925,0.17398268116681215,1.1861574516274884,-0.5456349247647461,False,False,False
2026-08-19,CEVA,29.899999618530273,55,4,False,-0.24397583739173534,0.04478784134078051,0.7567566870946465,-0.420542625916433,False,False,False
2026-08-19,TDY,648.6300048828125,55,7,False,0.003845275291721739,0.06799783262392389,0.34286369019078644,-0.07029108207119028,False,True,False
2026-08-19,IOO,144.35000610351562,55,6,False,0.03336701687685917,0.09608954090022226,0.2818577863522931,-0.015884828801537965,False,True,False
2026-08-19,CWK,15.369999885559082,55,4,False,0.13680068034354487,0.0791985606462795,0.32843563448275415,-0.1166666538779303,False,True,False
2026-08-19,PTCT,73.66999816894531,55,4,False,-0.04952116067916734,0.003356531790391859,0.5319192750092114,-0.18928143565268762,False,True,False
2026-08-19,WEAT,25.34000015258789,55,6,False,0.06872933998597164,0.1319069147618397,0.28109197537572506,-0.028374224435695816,True,True,False
2026-08-19,CRVL,70.77999877929688,55,4,False,0.14373802054207285,0.14809964524705221,0.5788533546359589,-0.2446910738362731,False,True,False
2026-08-19,J,147.3699951171875,55,4,False,0.11450249165629045,0.10798176423639849,0.39449275824774865,-0.12508909415118408,False,True,False
2026-08-19,AJG,257.45001220703125,54,4,False,0.06280130598602862,0.10408368063197715,0.34967240999754257,-0.17891876182428457,False,True,False
2026-08-19,AX,96.1500015258789,54,5,False,-0.006022776959649145,0.06244093291524133,0.2838830592802635,-0.09069412267480781,False,True,False
2026-08-19,BFC,151.0399932861328,54,6,False,0.010771522336152417,0.08668120156568193,0.2683909217638534,-0.05066004090621279,False,True,False
2026-08-19,BNL,21.149999618530273,54,5,False,-0.012743330716405543,0.08392887854426068,0.26419606678023344,-0.0844156160492403,False,False,False
2026-08-19,DSI,146.5,54,6,False,0.03067108897637505,0.09842157166095333,0.25128115569555676,-0.015192219617432778,False,True,False
2026-08-19,DVY,165.47000122070312,54,6,False,0.03398200220761094,0.0903992915289713,0.20640125986242164,-0.009102366743278911,False,True,False
2026-08-19,FEGE,52.609901428222656,54,6,False,0.04727378513163205,0.0836559186446626,0.2669452015657483,-0.003222761557564513,False,False,False
2026-08-19,FEOE,56.09000015258789,54,6,False,0.03192548464053968,0.08146211151279803,0.29898100407990613,-0.01232612698810609,False,False,False
2026-08-19,FGD,35.529998779296875,54,6,False,0.052628420447252466,0.09901153306990262,0.2648628902205097,-0.003366135804928949,False,True,False
2026-08-19,FSUN,39.91999816894531,54,6,False,0.05917526738624246,0.08107810083510825,0.3328880518207824,-0.0571563999745206,False,True,False
2026-08-19,GDYN,7.980000019073486,54,4,False,0.2523540542067704,0.10647384661936976,0.5616437985462905,-0.2184133213263153,False,True,False
2026-08-19,IEMG,80.56999969482422,54,7,False,0.004646035235942758,0.07892835329137982,0.312214946132624,-0.06844719985159331,False,True,False
2026-08-19,INFL,54.11000061035156,54,5,False,0.06534833145477159,0.0870470467748714,0.29552045453050924,-0.019213296968902394,False,True,False
2026-08-19,KEY,22.100000381469727,54,6,False,-0.03506932011224295,0.044119991306260875,0.3418337160190541,-0.08184459236940089,False,True,False
2026-08-19,MCB,91.41000366210938,54,6,False,-0.040872777616455136,0.056601200570695065,0.4137024201202675,-0.10420112777738733,True,True,False
2026-08-19,MTN,153.0500030517578,54,3,False,0.05872410443922149,0.10753994041586745,0.2914522005984159,-0.07522656766309477,False,True,False
2026-08-19,QUAL,224.35000610351562,54,6,False,0.023799078482634295,0.08840141071209051,0.20689658852088244,-0.013065287370271461,False,True,False
2026-08-19,SCHF,28.209999084472656,54,6,False,0.021390883992834064,0.08693554621177535,0.26106383666275224,-0.016730618356564864,False,True,False
2026-08-19,SPYG,120.6500015258789,54,6,False,0.018872587061565804,0.09331957260249668,0.28885803588529413,-0.027329888460393192,False,True,False
2026-08-19,THRO,43.90999984741211,54,6,False,0.021813903217786867,0.09615782917553317,0.256546007465432,-0.01502920493771387,False,True,False
2026-08-19,TOL,148.5800018310547,54,5,False,-0.01889960975428051,0.03351661080621349,0.20649614283465434,-0.11748633112134066,False,True,False
2026-08-19,TOUS,39.779998779296875,54,6,False,0.030029282315887862,0.09170871615971943,0.22136933226985622,-0.012413108618488544,False,True,False
2026-08-19,VYMI,104.41000366210938,54,6,False,0.030270716379448226,0.08692532955135168,0.2603054152169788,-0.008452035744110797,False,True,False
2026-08-19,DD,139.67999267578125,54,4,False,-0.000616794120704367,0.030703005895078572,0.5185370793841959,-0.11583747022831292,False,True,False
2026-08-19,CWT,49.90999984741211,54,6,False,0.016062375367671633,0.08918863564731572,0.2087672254965527,-0.07264957022636565,False,True,False
2026-08-19,VEA,72.83000183105469,54,6,False,0.023137576557152872,0.08531732086556754,0.259816642466006,-0.016342504990689455,False,True,False
2026-08-19,IHS,8.329999923706055,54,7,False,0.011192298521783384,0.053203854741894485,0.4588441099922187,-0.06927373170636841,False,True,False
2026-08-19,RCAT,9.890000343322754,54,3,False,0.04779162928657832,-0.09963217055638507,0.7140381934168869,-0.47337593281583046,False,False,False
2026-08-19,IUSG,190.61000061035156,54,6,False,0.01892775927028456,0.09409686780111204,0.28452052964728547,-0.025710482493300546,False,True,False
2026-08-19,NOVT,145.94000244140625,54,6,False,-0.053111145054335895,0.07452542999556178,0.4850921687876466,-0.17258193445243808,False,True,False
2026-08-19,XLI,181.9499969482422,54,6,False,0.0024594393449322016,0.07460167382788785,0.2365773936590263,-0.033158007397905864,False,True,False
2026-08-19,VOOG,83.77999877929688,54,6,False,0.018975944436523173,0.09355687676715085,0.28912142688347964,-0.027397267553674554,False,True,False
2026-08-19,PPA,179.47999572753906,54,6,False,0.018900849973593203,0.05833862356388453,0.2512548290066767,-0.036607660829313105,False,True,False
2026-08-19,LW,53.86000061035156,54,4,False,0.11388238606097345,0.13395443423595665,0.4316853306633832,-0.19695838891575346,False,True,False
2026-08-19,VO,83.06999969482422,54,6,False,0.024867249434548988,0.09016874235926564,0.1962415376808111,-0.01796898816492265,False,True,False
2026-08-19,DFUS,84.05000305175781,54,6,False,0.023866288555490556,0.09089685472840525,0.22539739815274995,-0.014307419248711706,False,True,False
2026-08-19,TAL,12.119999885559082,54,5,False,0.15117206106495407,0.10291105376659981,0.36486483438769124,-0.09349289534027017,False,True,False
2026-08-19,RDVI,29.489999771118164,54,6,False,0.012747769836011447,0.08058491364930997,0.19055305717102233,-0.019777275434971875,False,True,False
2026-08-19,XIFR,11.579999923706055,54,6,False,-0.026563552816646685,0.08681369727220845,0.3348702788587614,-0.12603774160709025,False,True,False
2026-08-19,AA,51.540000915527344,53,4,False,0.0018115933969378162,-0.09369780988474818,0.7821577033042704,-0.38919172086794984,False,True,False
2026-08-19,ABM,47.220001220703125,53,4,False,0.018194701486009768,0.09213788434805537,0.2775974672721466,-0.057861088846447584,False,True,False
2026-08-19,AM,22.420000076293945,53,7,False,0.01170546553736318,0.08454046642236479,0.32193403812268295,-0.05936643853703838,False,False,False
2026-08-19,APPF,215.22000122070312,53,3,False,0.2271134999089921,0.1367176017406193,0.5096801690968416,-0.2546105870798713,False,False,False
2026-08-19,ARKK,83.30999755859375,53,4,False,0.07094097456200665,0.08583445981370819,0.3235363883152753,-0.10080953927104164,False,True,False
2026-08-19,ASAN,9.569999694824219,53,3,False,0.22837189282487813,0.06116380851093317,0.7788103143597647,-0.3908338846857813,False,True,False
2026-08-19,AUPH,16.170000076293945,53,5,False,0.017454673973472445,0.051093756059079176,0.563829771535054,-0.15999999603667814,True,True,False
2026-08-19,BDC,128.42999267578125,53,6,False,0.10222928639882567,0.07495915789872276,0.31051012934470656,-0.1972624022363152,False,True,False
2026-08-19,EAGL,35.5,53,6,False,0.06658815498700044,0.09588026398777205,0.21450566390545922,-0.002248505535063283,False,True,False
2026-08-19,EQH,49.959999084472656,53,5,False,0.051138857616573,0.12565112673056178,0.41951980445164705,-0.09410702262575388,False,True,False
2026-08-19,ESGU,168.39999389648438,53,6,False,0.023947201711048915,0.09150771809571867,0.23081409795156183,-0.01434013532049172,False,True,False
2026-08-19,ESGV,136.07000732421875,53,6,False,0.02505424670373735,0.09388025242625941,0.2578111198037092,-0.014842078377062196,False,True,False
2026-08-19,FBCG,61.81999969482422,53,6,False,0.010066345836249546,0.08880391177824576,0.29873953101982087,-0.03886815938839583,False,True,False
2026-08-19,ITOT,168.72000122070312,53,6,False,0.024875967096736895,0.09115638263737513,0.22500549230008882,-0.013506388207221165,False,True,False
2026-08-19,IWV,438.17999267578125,53,6,False,0.025392118013159104,0.09054023844351233,0.222088990639687,-0.012908046538842255,False,True,False
2026-08-19,LASR,47.880001068115234,53,4,False,-0.259737959851452,-0.1548822010659623,0.925056351217181,-0.4493386687912564,False,False,False
2026-08-19,LECO,279.55999755859375,53,5,False,0.05532967555405599,0.08101146563337935,0.2929423549176533,-0.09819355626260085,False,False,False
2026-08-19,LRGF,78.33999633789062,53,6,False,0.027394972687921904,0.09389302046964709,0.22616993404735264,-0.013909035951643167,False,True,False
2026-08-19,MAS,75.25,53,5,False,-0.016684354083326802,0.09087139594324767,0.29384457010703247,-0.1003108494843773,False,True,False
2026-08-19,PAVE,56.779998779296875,53,5,False,-0.012895998962052735,0.06337202611112014,0.24955987005515445,-0.0604004882913477,False,True,False
2026-08-19,QTOP,37.09000015258789,53,5,False,-0.005148329138414676,0.09009893370068811,0.29188440736131627,-0.05898771302637551,False,True,False
2026-08-19,RNW,6.800000190734863,53,4,False,0.08125301074063995,0.14753409812764162,0.5507411256096664,-0.1747572354832594,False,False,False
2026-08-19,SCHB,29.729999542236328,53,6,False,0.02396482768758368,0.09003912262141922,0.2244645264194094,-0.013930350965437932,False,True,False
2026-08-19,VRTS,166.64999389648438,53,4,False,0.06141489940104772,0.10110906517076912,0.3703642221863368,-0.18152353324038117,True,True,False
2026-08-19,DFEM,39.529998779296875,53,6,False,0.004433910092464632,0.07758661097269459,0.29649062236930246,-0.07141181436035937,False,True,False
2026-08-19,CUBI,78.75,53,7,False,0.0008413337976269641,0.060841083040531485,0.32709807545502034,-0.0667219416529421,False,True,False
2026-08-19,HOV,127.66999816894531,53,6,False,-0.02278062607771547,0.08426053937476174,0.39499566053161184,-0.21220535547160257,False,True,False
2026-08-19,IVLU,44.029998779296875,53,6,False,0.028820017048559077,0.08297962745839538,0.27734253611954895,-0.010228207818632873,False,True,False
2026-08-19,HFXI,38.0099983215332,53,6,False,0.009776269920544367,0.08049206236897977,0.26573418089985057,-0.01909681750882053,False,True,False
2026-08-19,SDVY,44.040000915527344,53,6,False,0.01672379224781473,0.07436831559569801,0.20972400473125163,-0.023698158164859096,False,True,False
2026-08-19,IVW,139.3300018310547,53,6,False,0.018701179828477077,0.09326793734065353,0.28854161999574535,-0.02743258988184394,False,True,False
2026-08-19,VTI,379.989990234375,53,6,False,0.024679213994946325,0.09027762863985322,0.2241945802392582,-0.013320536320768017,False,True,False
2026-08-19,SYF,79.62000274658203,53,4,False,0.05115019606507176,0.06454741130138997,0.26220672852587956,-0.1030752984398029,False,True,False
2026-08-19,UFO,46.66999816894531,53,3,False,-0.01741166549537887,0.015109142451536384,0.5961011810623762,-0.3158095416200306,False,True,False
2026-08-19,DGP,167.1580047607422,53,3,False,0.19585845707717642,-0.02111391486448,0.6757694712856359,-0.3386429089584879,False,False,False
2026-08-19,CRI,37.209999084472656,53,5,False,-0.06579366382988028,0.025427604118959835,0.5058680883503062,-0.1626912638537079,False,True,False
2026-08-19,TRMK,46.5099983215332,53,5,False,-0.0017985579851905742,0.07846395858248445,0.2802090827800816,-0.05081636078503671,False,True,False
2026-08-19,VTHR,340.2200012207031,53,6,False,0.025269208270200627,0.09014072474651713,0.2218351097350466,-0.01259576378175642,False,True,False
2026-08-19,DBEF,55.560001373291016,53,6,False,0.013687357721834381,0.08316870486660655,0.2349410824735143,-0.022519331032031964,False,True,False
2026-08-19,ALLE,162.75999450683594,52,4,False,0.11061521781635131,0.07426063830707053,0.3020799560546874,-0.11113541606511901,False,True,False
2026-08-19,BKLC,49.16999816894531,52,6,False,0.025148096591897318,0.08920155079032743,0.22272874049345437,-0.013443057415556403,False,True,False
2026-08-19,EUAD,46.790000915527344,52,6,False,0.07326362354124338,0.0831595397113769,0.24375338234979482,-0.03406271176630171,False,True,False
2026-08-19,FBK,59.2599983215332,52,4,False,0.023121199652926805,0.05964762140407909,0.20349301993318702,-0.054185628025029686,False,True,False
2026-08-19,FIDU,96.62999725341797,52,5,False,-0.002817275757175941,0.06511670956106852,0.2345726510514421,-0.03370002746582035,False,True,False
2026-08-19,FTGC,30.174999237060547,52,7,False,0.06153487462384466,0.10561790152079431,0.32929507589818896,-0.015497565656821477,False,True,False
2026-08-19,HAL,35.02000045776367,52,5,False,0.01954073382513921,0.021676356717311718,0.6844636323035669,-0.1966047181652838,False,True,False
2026-08-19,HMN,50.38999938964844,52,5,False,-0.020918430531851828,0.08814420145784929,0.22039230497326012,-0.09305258919824144,False,False,False
2026-08-19,LPLA,359.2300109863281,52,5,False,0.10989108124612534,0.08327856086887664,0.38085727239827816,-0.102284067126164,False,True,False
2026-08-19,MSA,189.42999267578125,52,5,False,0.08224683250845732,0.09701352874138114,0.25359004639435256,-0.09328932444946347,False,True,False
2026-08-19,NCNO,20.690000534057617,52,3,False,0.18872524283751213,0.06954639052273182,0.49927538029663276,-0.39003532868701984,False,True,False
2026-08-19,ONEQ,103.75,52,6,False,0.01612081707838442,0.08823458359174263,0.2737876474805574,-0.031007749176118704,False,True,False
2026-08-19,ROK,433.2699890136719,52,6,False,-0.061850714846301,0.038263708307475275,0.3022451989457948,-0.12886037925344584,False,True,False
2026-08-19,SCHK,37.11000061035156,52,6,False,0.024843701433862275,0.09004713361717576,0.22475252622982134,-0.01355657458833559,False,False,False
2026-08-19,SCHX,30.329999923706055,52,6,False,0.02493917519193345,0.08828452287662869,0.22249095431627008,-0.014299659652640684,False,True,False
2026-08-19,SPDW,51.630001068115234,52,6,False,0.02301234949793063,0.08198279953772736,0.2565101211094427,-0.015258425184132118,False,True,False
2026-08-19,SPGM,87.66999816894531,52,6,False,0.02315906100678644,0.08494416485781064,0.23253200554190312,-0.01316972329102073,False,True,False
2026-08-19,SPTM,93.31999969482422,52,6,False,0.02367887835281457,0.08821262212546777,0.21923175566480535,-0.013739199049059181,False,True,False
2026-08-19,SPYM,90.54000091552734,52,6,False,0.025286794329063556,0.08869878129542186,0.22252233189577386,-0.013080411774416434,False,True,False
2026-08-19,VIS,349.260009765625,52,5,False,-0.003957221813709277,0.06524709524146433,0.23837893584837788,-0.035752690414281973,False,True,False
2026-08-19,VIVO,4.360000133514404,52,4,False,-0.03992245999698707,0.3341901963863614,2.6333333002196433,-0.3644314797876309,False,True,False
2026-08-19,VYM,165.33999633789062,52,6,False,0.023948250406667926,0.08213248387069538,0.2093329056586759,-0.013543370110343789,False,True,False
2026-08-19,DLN,101.19000244140625,52,6,False,0.031082278429714005,0.09127088272635397,0.19624077103878457,-0.006284978671710628,False,True,False
2026-08-19,CRBG,32.56999969482422,52,5,False,0.05347935208330634,0.12985137496879529,0.46777822942523994,-0.07511005100959212,False,False,False
2026-08-19,UCB,35.75,52,6,False,0.01346562063886969,0.07815492058430418,0.2478185157418844,-0.03846154635390664,False,True,False
2026-08-19,LUV,41.41999816894531,52,5,False,-0.12222706636435632,-0.02777488582399701,0.41558434193245963,-0.24841230792573776,False,True,False
2026-08-19,IVV,772.739990234375,52,6,False,0.02524217640528903,0.08853490828586041,0.22241904060468576,-0.01321691793554669,False,True,False
2026-08-19,TRNO,68.58999633789062,52,5,False,-0.005895973232418639,0.06363836682403301,0.2699499809194501,-0.13111231040558924,True,True,False
2026-08-19,SECT,71.87999725341797,52,6,False,0.009233015258859778,0.08167850305609248,0.2310326769100992,-0.02441677520338592,False,False,False
2026-08-19,BTU,26.850000381469727,52,2,False,0.12623005809589705,-0.07543709085070738,0.713465236167371,-0.3473504914969525,False,True,False
2026-08-19,PBUS,77.1500015258789,52,6,False,0.025111592417649042,0.0885724220404831,0.2240203557043372,-0.013679361776090193,False,True,False
2026-08-19,FEZ,71.5999984741211,52,6,False,0.035738749226715605,0.08260533484235966,0.21851600611572075,-0.010503069787450303,False,True,False
2026-08-19,VSGX,82.75,52,6,False,0.0173446565042632,0.08167389413286785,0.24361284733150645,-0.02829971299286904,False,True,False
2026-08-19,BLX,54.25,52,6,False,-0.07514115731287996,0.05291249064270098,0.4123926117030463,-0.1416139344129208,False,True,False
2026-08-19,IWB,421.3399963378906,52,6,False,0.025838041718727833,0.08908533072181357,0.22053244913891557,-0.013070404090550491,False,False,False
2026-08-19,DIA,534.27001953125,52,6,False,0.018569424695722203,0.07921454858164023,0.19823722454580217,-0.022825753029263818,False,True,False
2026-08-19,RKLB,75.83999633789062,52,3,False,-0.09073256935044349,-0.03536276853530773,1.0186318060667596,-0.4977483686232409,False,True,False
2026-08-19,VONE,348.6300048828125,52,6,False,0.026215417548740128,0.0892131438523307,0.2208642942409238,-0.013050576036149786,False,True,False
2026-08-19,DB,38.029998779296875,52,5,False,0.06438951090412526,0.08937419970174854,0.3524181239083364,-0.05936189729812247,False,True,False
2026-08-19,ACWI,160.6999969482422,51,6,False,0.02277209515864964,0.08319757646198589,0.22186733369724565,-0.012899300148342063,False,True,False
2026-08-19,ACWX,77.26000213623047,51,6,False,0.02037045802139925,0.07644264343262552,0.24834388266535967,-0.014917737656416907,False,True,False
2026-08-19,ADX,25.959999084472656,51,6,False,0.01248836292525013,0.08318986297323727,0.24151120391737124,-0.022590376262586198,False,True,False
2026-08-19,AGIO,35.119998931884766,51,5,False,-0.007028865997905975,0.13243742849654794,0.579136658872323,-0.23652176235033118,False,True,False
2026-08-19,AUR,6.195000171661377,51,5,False,-0.034369858963512856,0.17729785291773936,0.720833426603567,-0.27670747517022776,False,False,False
2026-08-19,BBUS,138.6699981689453,51,6,False,0.024762935398013886,0.0873238009838424,0.22251606978632643,-0.014427852333526503,False,True,False
2026-08-19,BCPC,180.19000244140625,51,5,False,0.07003350250785156,0.08925792708193159,0.29474746577681743,-0.02017396181734754,False,True,False
2026-08-19,BEP,33.52000045776367,51,6,False,-0.0032471695461312455,0.05666326352420725,0.3692810900559973,-0.12067152683662619,False,False,False
2026-08-19,EXLS,37.02000045776367,51,4,False,0.2398687196308169,0.10164474570053361,0.4897384261357569,-0.1787932796342223,False,True,False
2026-08-19,HMC,31.90999984741211,51,4,False,0.11326638860866667,0.13190546725428898,0.37247311171664976,-0.08541128100794604,False,True,False
2026-08-19,HOMB,30.40999984741211,51,6,False,0.02444381488994196,0.07930839847134297,0.19254901362400423,-0.0406940342107337,True,True,False
2026-08-19,IQLT,51.81999969482422,51,6,False,0.038135757008928906,0.0843340670545294,0.22015536155820015,-0.003269897637125707,False,True,False
2026-08-19,IYG,96.80999755859375,51,4,False,0.03052725387278654,0.08119575514043564,0.2120945815634976,-0.01605856124459859,False,True,False
2026-08-19,MGC,281.5799865722656,51,6,False,0.024700038221741716,0.08776961039102549,0.2329990480044173,-0.013902999090938395,False,True,False
2026-08-19,PLOW,41.630001068115234,51,5,False,-0.09315474370348842,0.01294469572300283,0.4596774333775573,-0.24309088967063208,True,True,False
2026-08-19,RZLT,4.71999979019165,51,2,False,-0.007652876595136249,0.06691376125651005,3.4112145409478876,-0.5880247986958044,False,True,False
2026-08-19,SPY,769.0599975585938,51,6,False,0.024821932429312188,0.0881952288452652,0.22212681438166992,-0.01322863033371402,False,True,False
2026-08-19,SPYD,50.5,51,6,False,0.03040616616753078,0.09083879153970953,0.20611419365342587,-0.007858575911349086,False,True,False
2026-08-19,SSNC,82.27999877929688,51,4,False,0.15321435992134025,0.09071866945418305,0.34006509339608826,-0.09651917146132272,False,True,False
2026-08-19,VV,354.1199951171875,51,6,False,0.024586947227351663,0.08796168248992364,0.22486255425101187,-0.014197444702925166,False,True,False
2026-08-19,WFG,71.08000183105469,51,6,False,0.038613412202716635,0.08724085207398713,0.2396233282508402,-0.07676316660213867,False,False,False
2026-08-19,DFAX,37.849998474121094,51,6,False,0.024106102344416902,0.07547684353498729,0.2553896833503899,-0.01586065067270992,False,True,False
2026-08-19,DLO,14.300000190734863,51,4,False,0.02193955678007531,0.07082617835384264,0.3439849369656254,-0.14779501754635638,False,False,False
2026-08-19,DCH,6.610000133514404,51,4,False,0.13192686339694792,0.040977687628969806,0.34349594126296723,-0.2854053909714157,False,True,False
2026-08-19,COWG,39.5817985534668,51,6,False,0.024160673762243068,0.087945141247594,0.2125290201063894,-0.02387671274501202,False,True,False
2026-08-19,ICOW,45.47999954223633,51,6,False,0.05256092028865922,0.08106462563328276,0.28995659249518324,-0.00481403100722777,False,True,False
2026-08-19,SPNT,23.3799991607666,51,6,False,-0.02297556543217405,0.06142457493886777,0.3616772892765794,-0.11706950283458806,False,True,False
2026-08-19,VMI,484.3299865722656,51,6,False,-0.07655238828312716,0.0438534341083503,0.34383058641827646,-0.17308912533021936,False,True,False
2026-08-19,LAR,6.190000057220459,51,3,False,-0.14928121356549162,-0.1469364052585581,1.0841750833642192,-0.48630705732437296,False,False,False
2026-08-19,VEU,84.95999908447266,51,6,False,0.018651284764797715,0.07728122315845609,0.2413792526850027,-0.014613803275241866,False,True,False
2026-08-19,ICVT,115.83999633789062,51,5,False,-0.013170257721695555,0.0657240639333112,0.2651812956172144,-0.0847029189909716,False,True,False
2026-08-19,TSPA,48.459999084472656,51,6,False,0.021582656542792122,0.0878002297048941,0.22590439111909877,-0.014439680921547682,False,True,False
2026-08-19,VOO,706.9099731445312,51,6,False,0.024532742472819002,0.08776776096087024,0.22205501900345115,-0.013233073200438872,False,True,False
2026-08-19,RLY,37.40999984741211,51,5,False,0.047300702053425736,0.07710934051410123,0.26214576983011995,-0.0023786925786785096,False,True,False
2026-08-19,COF,220.72999572753906,51,4,False,0.06890314811217513,0.06295040934774576,0.2668158216753438,-0.1498614108984091,False,True,False
2026-08-19,GSUS,106.15499877929688,51,6,False,0.024050683400208994,0.0876202430268298,0.22467695437880852,-0.014070766373295962,False,True,False
2026-08-19,MDYV,95.68000030517578,51,6,False,0.008961281407326327,0.0700605639308538,0.20140634151752912,-0.019471218387231426,False,True,False
2026-08-19,IJJ,148.92999267578125,51,6,False,0.009333564745465317,0.07137944933680429,0.20211472604321457,-0.01897111474295965,False,True,False
2026-08-19,VT,160.6999969482422,51,6,False,0.023359582807430446,0.08450279479476008,0.21871679208551864,-0.012353326056704583,False,True,False
2026-08-19,TROW,112.2300033569336,51,4,False,-0.011631771531244284,0.08865356440693861,0.316944399780984,-0.08008193969726562,False,True,False
2026-08-19,ARKX,33.63999938964844,50,6,False,0.028337341018004558,0.05715767555736351,0.35803962351058405,-0.1121668004344466,False,True,False
2026-08-19,EEMV,74.75,50,6,False,0.01673014356829028,0.08554848363193512,0.19638285127497768,-0.034112926870000226,False,True,False
2026-08-19,EHC,121.73999786376953,50,4,False,0.10295115232732521,0.13919109431688703,0.312277700431159,-0.0488319408103467,False,False,False
2026-08-19,EME,805.780029296875,50,7,False,0.009463272203637407,0.07036656170353384,0.42636134970113937,-0.15355686089933307,False,True,False
2026-08-19,EMN,75.16000366210938,50,6,False,0.0639864641061838,0.07562895714007656,0.3395117241941954,-0.09955669626290375,False,True,False
2026-08-19,FAF,72.77999877929688,50,6,False,0.02390229717516812,0.09909192475643325,0.29501775429318045,-0.08876929665046951,False,True,False
2026-08-19,FNB,18.56999969482422,50,5,False,-0.017896823986923938,0.05370967189357967,0.28423234065246494,-0.052067404278653195,False,True,False
2026-08-19,FNCL,81.91000366210938,50,4,False,0.030177154835458353,0.08189076044741506,0.2088252815788072,-0.015031264369334552,False,True,False
2026-08-19,FPX,184.23500061035156,50,5,False,-0.026906057876200262,0.05544789452781562,0.28862697794866454,-0.1064360890726107,False,True,False
2026-08-19,IWL,190.25,50,6,False,0.02463541533295799,0.08431805582266838,0.22441751847984825,-0.01373765671504601,False,True,False
2026-08-19,IYF,136.1999969482422,50,4,False,0.026115449051863582,0.07753631205008449,0.19873256166013786,-0.018661261352978298,False,True,False
2026-08-19,NVGS,21.670000076293945,50,7,False,0.024818874808594682,0.09154743461145953,0.5390625137581744,-0.11042694854919366,False,True,False
2026-08-19,RAAX,41.59000015258789,50,6,False,0.03899724764533308,0.060938404039208915,0.31530673778426777,-0.027134499354669273,False,False,False
2026-08-19,ROBO,81.72000122070312,50,6,False,-0.004832129480322411,0.06807684294085314,0.3195543487487016,-0.09711634855888229,False,True,False
2026-08-19,SPHQ,86.06999969482422,50,5,False,-0.006945731336512662,0.0730562101999821,0.20546215483802444,-0.04747676943946244,False,False,False
2026-08-19,SPYV,63.869998931884766,50,6,False,0.03186218414758546,0.082225940141754,0.18827904989553046,-0.0060691439679522174,False,True,False
2026-08-19,TCAF,42.540000915527344,50,6,False,0.028853387801309527,0.08995179167986533,0.2355504077393924,-0.01379384326320543,False,True,False
2026-08-19,TCMD,23.600000381469727,50,4,False,-0.15266407159144169,-0.12248491464736089,0.8880000305175781,-0.375165472717946,False,False,False
2026-08-19,URTH,209.22000122070312,50,6,False,0.026023797088173817,0.08361530886229951,0.20817695578299467,-0.012833826504532131,False,True,False
2026-08-19,V,365.5400085449219,50,4,False,0.04149929341256642,0.10240611623350948,0.24379866727420074,-0.022541895468257578,False,True,False
2026-08-19,VXUS,86.97000122070312,50,6,False,0.020111354829199346,0.07629480138592992,0.23607163823571442,-0.018618838577530328,False,True,False
2026-08-19,WULF,15.5,50,4,False,-0.2657995184358928,-0.12639635713847963,0.8023255014496957,-0.4805630053371245,False,True,False
2026-08-19,DBB,25.270000457763672,50,7,False,0.015944757851673375,0.05165470004994632,0.309326500347177,-0.05391234279547763,False,True,False
2026-08-19,CGUS,45.310001373291016,50,6,False,0.017070931927988253,0.08388770380447563,0.21817453273419485,-0.03175485117292809,False,True,False
2026-08-19,CBSH,58.869998931884766,50,6,False,0.013577474132539402,0.10402303051715234,0.25281968140175626,-0.03365067791655907,False,True,False
2026-08-19,XLF,57.47999954223633,50,4,False,0.03032170668742129,0.08100279642497643,0.20578984162163771,-0.0159219364424803,False,True,False
2026-08-19,CGNG,36.40999984741211,50,6,False,0.0032834690816261336,0.06804699959113814,0.2550844384745288,-0.04810457915262456,False,True,False
2026-08-19,CGGE,35.45000076293945,50,6,False,0.01765175314320122,0.07888410264627987,0.20619263351959893,-0.017352241018315673,False,True,False
2026-08-19,VFH,140.64999389648438,50,4,False,0.02910614024070468,0.0805561277650062,0.20553695126329363,-0.016502347395298655,False,True,False
2026-08-19,OLMA,11.3100004196167,50,3,False,0.004690367707104182,-0.357415547889694,1.1179775461496204,-0.68807742155536,False,True,False
2026-08-19,CNXT,49.880001068115234,50,5,False,-0.07479608128900073,0.020159206338111968,0.4392474511908202,-0.20306756755850786,True,False,False
2026-08-19,USPH,79.20999908447266,50,4,False,0.0869684535844013,0.04900845933070341,0.3612304683594816,-0.1528342343906668,False,True,False
2026-08-19,IUSV,115.51000213623047,50,6,False,0.03142402733047467,0.08283639096426176,0.1891085326539501,-0.0058524855055296365,False,True,False
2026-08-19,COO,76.7300033569336,50,5,False,0.07293381421563261,0.046921874111932826,0.30293775092857333,-0.1458309941789666,False,True,False
2026-08-19,IVE,238.4499969482422,50,6,False,0.031991064664543156,0.08256872405659355,0.1891581481528548,-0.006168448183712427,False,True,False
2026-08-19,CWI,41.209999084472656,50,6,False,0.018980060134473398,0.07584566253347202,0.24163907169642784,-0.01670247591238483,False,True,False
2026-08-19,USRT,67.0999984741211,50,5,False,-0.0018356924720416279,0.07799387870131969,0.19373776137734655,-0.04265940961610726,False,True,False
2026-08-19,DLR,192.35000610351562,50,7,False,0.030664374782818804,0.08366567149209847,0.31539363826494937,-0.07586236827344828,False,True,False
2026-08-19,KYN,14.699999809265137,50,6,False,0.03237585735615878,0.09436882473223207,0.2997346829243819,-0.030982219160517688,False,True,False
2026-08-19,APEI,44.75,49,4,False,-0.13274521620761282,-0.054714595928570864,0.5505890177961044,-0.2734210117042889,False,False,False
2026-08-19,AVDE,93.63999938964844,49,6,False,0.03297488478836397,0.07387537166926306,0.23738036224399517,-0.01035725352448269,False,False,False
2026-08-19,BIP,39.41999816894531,49,7,False,0.01903117576178759,0.0650556162844671,0.31971868300613715,-0.10490469233739597,False,True,False
2026-08-19,BP,43.72999954223633,49,6,False,0.06094938093006763,0.08415393716782038,0.33649137869123247,-0.09405429609431748,False,True,False
2026-08-19,DUHP,42.5099983215332,49,6,False,0.02201745479467454,0.080920227516454,0.19108993996207113,-0.009090983460931512,False,True,False
2026-08-19,EXI,202.09800720214844,49,6,False,0.016441509186756242,0.06869580468447523,0.21966210575897294,-0.027392974964614125,False,True,False
2026-08-19,FDT,94.83000183105469,49,7,False,0.014771624301138875,0.06315356123599547,0.3181817988996025,-0.0640544599616798,False,True,False
2026-08-19,FDVV,63.61000061035156,49,6,False,0.02385399071809391,0.0818100908893229,0.18300167507562537,-0.014333353982606378,False,True,False
2026-08-19,FELE,104.06999969482422,49,5,False,-0.010444198684778194,0.045882868337287386,0.1622738287997627,-0.10145052694664347,False,True,False
2026-08-19,FENI,41.54999923706055,49,6,False,0.027331191054126958,0.07480498351459364,0.23184108511570245,-0.012712364477857396,False,True,False
2026-08-19,FFLC,59.970001220703125,49,6,False,0.015871467626582758,0.07914613088280054,0.21396759854930303,-0.01913637848585592,False,True,False
2026-08-19,FOXA,67.95999908447266,49,5,False,0.17242353478433015,0.07397482356287766,0.40587502833994926,-0.1103547633529387,False,True,False
2026-08-19,GO,11.300000190734863,49,3,False,0.15380298243564194,0.219058328230185,0.9982316129954352,-0.41237647115301257,False,False,False
2026-08-19,GSLC,147.0,49,6,False,0.027438189539998215,0.08348331062683023,0.21367236349528818,-0.0129922287596137,False,False,False
2026-08-19,INOD,62.779998779296875,49,4,False,-0.1306756247437385,0.02671954517503261,0.83406367568988,-0.49832188680280565,False,False,False
2026-08-19,INTF,42.90999984741211,49,6,False,0.030848084474484283,0.07576604240975349,0.2334003655705763,-0.011518083431410253,False,True,False
2026-08-19,IYJ,165.97000122070312,49,6,False,0.010585060926767476,0.06655100193002861,0.19488847022119193,-0.030832109660127727,False,True,False
2026-08-19,NOBL,58.77000045776367,49,6,False,0.033700363070156,0.07948655064838483,0.17270275345547326,-0.0067601440520506095,False,True,False
2026-08-19,OEF,380.1499938964844,49,6,False,0.028139334657770965,0.08557988681444106,0.23891930137381823,-0.012135578553221671,False,True,False
2026-08-19,SGHC,13.15999984741211,49,6,False,-0.05842623493789434,0.0996908038363502,0.5555555305050088,-0.17023958812813755,False,True,False
2026-08-19,SKYW,102.41999816894531,49,5,False,0.016281122470692022,0.056703658818060276,0.3149313001863614,-0.17363243382728444,False,True,False
2026-08-19,DFIC,39.119998931884766,49,6,False,0.03099029816986265,0.0736448165139858,0.23251415292958,-0.008365065264199001,False,True,False
2026-08-19,DIVI,44.439998626708984,49,6,False,0.025986704730618593,0.07686600472305094,0.22928819192366,-0.010024521476006631,False,False,False
2026-08-19,DFAI,43.099998474121094,49,6,False,0.028958827966173217,0.07337217251487305,0.2272209505960845,-0.009764572931838189,False,True,False
2026-08-19,IDMO,62.40999984741211,49,6,False,0.031045347985993565,0.07624787403203293,0.2022731656880068,-0.023011916031993485,False,True,False
2026-08-19,LVHI,42.709999084472656,49,6,False,0.023393539951779507,0.07600833875156332,0.24700727253934773,-0.009829827919420997,True,False,False
2026-08-19,AER,148.1999969482422,49,5,False,-0.0012535043948214142,0.03766577670423121,0.2976096500852754,-0.06680939974472921,False,True,False
2026-08-19,MLPX,75.0,49,7,False,0.006330486617687203,0.08305907782361688,0.3007284113505966,-0.04287902736319904,False,True,False
2026-08-19,RECS,45.25,49,6,False,0.027232447962112882,0.08085552205181834,0.1974066923456319,-0.011577081551530255,False,True,False
2026-08-19,DHR,211.5,49,4,False,0.0892090551434983,0.042163522415148424,0.31423606304450646,-0.12891269628643942,False,True,False
2026-08-19,ITW,284.25,49,6,False,0.029021109408389867,0.0730895719571063,0.19022691266442404,-0.062376314268638655,False,True,False
2026-08-19,IIPR,56.20000076293945,49,5,False,-0.07371390217978824,0.03909359845967386,0.2606549675776417,-0.14040986350758222,False,True,False
2026-08-19,COLB,31.06999969482422,49,6,False,-0.01944076809939832,0.05512850138009684,0.3038187072722489,-0.07749407917762019,False,True,False
2026-08-19,XLB,52.52000045776367,49,6,False,0.020408173853240452,0.06155536400569028,0.24943501007285174,-0.029922403955447985,False,True,False
2026-08-19,BX,145.08999633789062,49,4,False,0.13488987574578726,0.1078312188196251,0.4262262022033223,-0.23672997457483858,False,True,False
2026-08-19,DFIS,37.31999969482422,49,6,False,0.0387181156373988,0.07474347610258736,0.23290383648647617,-0.008764988517407035,False,True,False
2026-08-19,MLI,62.72999954223633,49,5,False,-0.022132579761673377,0.0238477454404864,0.39477491207323956,-0.11796966929601138,False,True,False
2026-08-19,TPG,53.18000030517578,49,4,False,0.19850896969512655,0.07823816686457508,0.43924219775699935,-0.24438757629259322,False,False,False
2026-08-19,VOOV,230.1999969482422,49,6,False,0.03147660392528051,0.08173665967867483,0.18782246296850214,-0.006280899780802485,False,True,False
2026-08-19,AIRR,118.19999694824219,48,5,False,-0.04946484636049464,0.022677106764704025,0.34823770294215994,-0.12476864659571962,False,True,False
2026-08-19,ALGT,78.06999969482422,48,4,False,-0.21911571550449038,-0.11522628322140682,0.4538174783174955,-0.36851895632743903,False,True,False
2026-08-19,EFOR,31.950000762939453,48,2,False,0.40229988505361525,-0.08752607595407913,0.8905326321964746,-0.418456469574664,False,True,False
2026-08-19,EFV,81.5199966430664,48,6,False,0.03285833626234602,0.07791117075915488,0.235151464288885,-0.011399496141678345,False,True,False
2026-08-19,EPR,60.619998931884766,48,6,False,0.0025501864939276864,0.08717288474295537,0.2600290617922274,-0.06695401273029689,False,False,False
2026-08-19,FR,62.7599983215332,48,5,False,-0.023388288116824585,0.034942473894017834,0.28764866968111735,-0.10188894120966085,False,True,False
2026-08-19,GRID,182.77999877929688,48,6,False,-0.010042563888000844,0.05669425898649627,0.3132634602523763,-0.08605433392247919,False,False,False
2026-08-19,GRNY,27.670000076293945,48,6,False,0.0077796141437393995,0.067913020427957,0.21786975847441648,-0.022261455044195855,False,True,False
2026-08-19,GRRR,14.59000015258789,48,4,False,-0.035716168205543575,0.0667680652223901,0.613938076787029,-0.3788846192103057,False,True,False
2026-08-19,GSIE,47.974998474121094,48,6,False,0.0321487912139351,0.0750925186799094,0.20087603399062304,-0.008371281212332549,False,True,False
2026-08-19,HLF,12.449999809265137,48,4,False,0.01232679267457959,-0.102178582130522,0.6468253840604816,-0.3897058802904967,False,False,False
2026-08-19,ITRN,50.79999923706055,48,4,False,-0.1193581819773809,-0.0023840842764455417,0.5530419033602225,-0.25622259198781794,False,False,False
2026-08-19,IXUS,97.16999816894531,48,6,False,0.020408145279562362,0.07257573126025618,0.2348455350639942,-0.014802789466995203,False,False,False
2026-08-19,JIRE,84.86000061035156,48,6,False,0.02400857873077511,0.07439277719183579,0.1974036591164694,-0.014058314032333152,False,True,False
2026-08-19,KIM,24.31999969482422,48,5,False,-0.035249887382248546,0.06531398554321832,0.23076920106900323,-0.08742964191586555,False,True,False
2026-08-19,NLY,23.739999771118164,48,6,False,0.04561229301767589,0.05636935390899489,0.18699998855590816,-0.031810794130655906,False,True,False
2026-08-19,PFE,28.239999771118164,48,5,False,0.1175395047144756,0.08778970485269721,0.19762510019040325,-0.01773913839588992,False,True,False
2026-08-19,PLD,141.3000030517578,48,6,False,-0.012339786068588321,0.036296053176240184,0.3201906443363418,-0.07857843216272009,False,True,False
2026-08-19,RNST,42.040000915527344,48,5,False,-0.020900177645944873,0.07798190822103845,0.2723970868829606,-0.05612932080404298,False,True,False
2026-08-19,RWR,114.33999633789062,48,5,False,-0.002108571938139403,0.07377025929126568,0.19066955942252095,-0.044379482827167305,False,True,False
2026-08-19,SCHG,35.459999084472656,48,6,False,0.03441633603182637,0.08552734455246291,0.26824035213095043,-0.014726384253303526,False,True,False
2026-08-19,TMFC,79.05000305175781,48,6,False,0.02471293121634699,0.08236226233725996,0.23980560120342465,-0.0212949568254841,False,False,False
2026-08-19,VIG,245.0,48,6,False,0.025051422962760084,0.07767745092187761,0.1747782134493474,-0.009900977888290918,False,True,False
2026-08-19,VKTX,35.97999954223633,48,5,False,0.03224102660050332,0.06606063859789435,0.5671414310789085,-0.16616458238923626,False,True,False
2026-08-19,WGMI,45.15999984741211,48,3,False,-0.1935613563505414,-0.07824272642938546,0.7956262637132872,-0.4130491497994978,False,True,False
2026-08-19,CWB,103.7300033569336,48,5,False,-0.010464824519398008,0.0620473289345429,0.23458709237515452,-0.07400458431138446,False,True,False
2026-08-19,CGIC,36.79999923706055,48,6,False,0.016299996004288442,0.06680718545456044,0.2499999514092579,-0.01353708789663699,False,True,False
2026-08-19,BCI,25.1299991607666,48,6,False,0.06724081170696405,0.0890868858939109,0.29043842865586966,-0.03234502020783414,False,True,False
2026-08-19,EZU,71.20999908447266,48,6,False,0.027321166598116564,0.07472029125209745,0.213324258829783,-0.013711882349236482,False,True,False
2026-08-19,IVT,33.29999923706055,48,5,False,-0.0477389069155183,0.0599356784147822,0.24207384932486198,-0.10531977042123608,False,True,False
2026-08-19,DEM,54.77000045776367,48,6,False,0.011886952875414636,0.07622173972401236,0.2382998196837518,-0.03113388217828461,False,True,False
2026-08-19,CEF,45.540000915527344,48,4,False,0.09097183633640982,-0.012176413609901848,0.48920866674770913,-0.25806451412423026,False,False,False
2026-08-19,RLI,64.30999755859375,48,5,False,0.07397407944541956,0.08808290504904503,0.3607702040330376,-0.07053049155396618,False,True,False
2026-08-19,GTN,5.0,48,4,False,0.20099922398738834,0.08041530810575259,0.4084507231437082,-0.22360249137046917,False,False,False
2026-08-19,FLQM,61.54999923706055,48,6,False,0.03781629612974413,0.07470949793814907,0.1425654437989996,-0.009014701010420345,False,True,False
2026-08-19,PTL,284.281005859375,48,6,False,0.004486985735696392,0.06822919809403571,0.21037600276499369,-0.03048562623325224,False,True,False
2026-08-19,CB,340.9200134277344,48,5,False,-0.011107165450319756,0.055058708725110206,0.28503591825935914,-0.06829545512358115,False,True,False
2026-08-19,CDW,137.1999969482422,48,4,False,0.00739389629055065,0.04078754530395834,0.41268526635282354,-0.20023320018917168,False,True,False
2026-08-19,HEFA,46.95000076293945,48,6,False,0.007787564556905213,0.06907672011867283,0.22297477232050045,-0.021874984105428097,False,False,False
2026-08-19,XMMO,159.52000427246094,48,5,False,-0.02042056400986214,0.05263647403728644,0.2382209268432096,-0.08290213847618444,False,True,False
2026-08-19,ACVA,7.46999979019165,47,3,False,0.03519953239085449,0.12346028946108212,0.8376382989031104,-0.38820640730109934,False,False,False
2026-08-19,ATHM,22.479999542236328,47,4,False,0.08929503456796284,0.08807974273690178,0.44380218258508597,-0.24866311881972347,False,True,False
2026-08-19,BBAX,64.80000305175781,47,6,False,0.042840177353156816,0.07540894915556717,0.20356617511345076,-0.010082432660335927,False,True,False
2026-08-19,BBEU,80.58999633789062,47,6,False,0.02834156115266384,0.0667026228728258,0.20077477319559378,-0.00567559156750963,False,True,False
2026-08-19,BKU,46.83000183105469,47,5,False,-0.021386114308116766,0.014310413411508405,0.33418814435510646,-0.10132409743722037,False,True,False
2026-08-19,BLCO,17.450000762939453,47,5,False,0.07247343485001889,0.061613151782590414,0.2677079787654528,-0.07745176218232541,False,True,False
2026-08-19,DON,58.400001525878906,47,6,False,0.022058285553503865,0.07304420610232265,0.1781319726733155,-0.009665926454552998,False,False,False
2026-08-19,EFSC,63.59000015258789,47,5,False,-0.028451296264985992,0.0803078687254335,0.2424775258580274,-0.07478543508360203,False,True,False
2026-08-19,ESS,287.3599853515625,47,5,False,-0.003620656889645635,0.08294781352132352,0.20506574377636144,-0.052711456832793546,False,True,False
2026-08-19,HIFS,302.4700012207031,47,6,False,0.023203492292503514,0.04158183883108424,0.21703618358485088,-0.10511833958371852,False,False,False
2026-08-19,HOOD,95.7699966430664,47,1,False,-0.03891316597128225,-0.007922309509876935,0.5078327570396675,-0.3775510446954783,False,True,False
2026-08-19,JJSF,90.75,47,4,False,0.14420659376014755,0.08748665502447861,0.31769996196934747,-0.21982461968629097,False,False,False
2026-08-19,KOID,37.150001525878906,47,6,False,-0.0464138113147895,0.05012714417916131,0.33922140708011383,-0.14242839825510178,False,True,False
2026-08-19,KRG,26.440000534057617,47,5,False,-0.0652751686871118,0.03379381707454643,0.23956871207825614,-0.1163101448316366,False,True,False
2026-08-19,NBIX,155.5399932861328,47,5,False,-0.07056514962396543,0.057644431737962076,0.27345664044038864,-0.16430261462128493,False,False,False
2026-08-19,NVDA,217.55999755859375,47,7,False,0.050416712291755816,0.11468336242557009,0.3260193078962532,-0.08024011273467713,False,True,False
2026-08-19,PRN,213.02000427246094,47,5,False,-0.08135099925294675,0.019674782899505194,0.3655128479003906,-0.18920566602668765,False,False,False
2026-08-19,SMIG,33.029998779296875,47,6,False,0.002640887250666246,0.07445518506516535,0.1941431294833209,-0.01988136404968255,False,True,False
2026-08-19,VAW,235.32000732421875,47,5,False,0.023084206405525665,0.05041077762472401,0.23663889656234205,-0.04052836746818134,False,True,False
2026-08-19,WFRD,92.26000213623047,47,5,False,0.04811731379418771,0.012115570763959305,0.6590541471610174,-0.18462217505910172,False,True,False
2026-08-19,YANG,27.979999542236328,47,4,False,-0.12577800144572948,0.022048170284639124,0.40320956834711974,-0.33728093952503313,True,True,False
2026-08-19,DCI,92.80000305175781,47,5,False,0.02070899132992965,0.01907361865991941,0.26035592168177013,-0.1775965432161537,False,True,False
2026-08-19,CW,673.3400268554688,47,5,False,-0.08708693879071694,-0.0021755434444513666,0.44645660185584846,-0.16682334038950397,False,False,False
2026-08-19,DFIN,48.75,47,4,False,0.07513839250253573,0.04633717456213238,0.350041516920522,-0.15774016758173048,False,True,False
2026-08-19,EQX,12.65999984741211,47,2,False,0.2550061307486051,-0.04051658586115214,0.6790450810958351,-0.33227845681806745,False,False,False
2026-08-19,IDEV,92.7699966430664,47,6,False,0.029163105455328076,0.0702528246972507,0.20277453580429583,-0.010980878200217759,False,False,False
2026-08-19,SDY,158.97999572753906,47,6,False,0.028794310165220605,0.07347109619212744,0.17501841937669926,-0.00817267211593975,False,True,False
2026-08-19,ZBH,100.73999786376953,47,3,False,0.09262944514305738,0.10833554227069242,0.2732557427536424,-0.06972022336251771,False,True,False
2026-08-19,RH,169.97000122070312,47,3,False,0.004650586743366603,0.04031822914280969,0.5989651584294329,-0.3386381275459023,False,True,False
2026-08-19,TPR,131.72000122070312,47,5,False,-0.09637106938752071,-0.038735899293317444,0.4163440991473455,-0.20072816273350091,False,False,False
2026-08-19,WTFC,153.41000366210938,47,5,False,-0.04044622452896629,0.04073565541952617,0.28258509221036343,-0.08258579989104775,False,True,False
2026-08-19,RCL,300.55999755859375,47,5,False,-0.008153635244045332,0.04806209207536827,0.2949590247944469,-0.17991815127259547,False,True,False
2026-08-19,VGK,92.2300033569336,47,6,False,0.030343958051024744,0.06955037963798971,0.19763668093112097,-0.006677384247457008,False,True,False
2026-08-19,IDEF,34.560001373291016,47,5,False,0.0566326097182972,0.046100976442523756,0.2338450942836945,-0.06290671441520057,False,True,False
2026-08-19,GTES,26.229999542236328,47,5,False,-0.03823591304651519,0.06015562957726406,0.25622608220800824,-0.13546475246147927,False,True,False
2026-08-19,AMZU,39.630001068115234,47,5,False,0.10150037226171982,0.11230555779349438,0.6149144087048466,-0.15931265207403333,False,True,False
2026-08-19,DIHP,35.58000183105469,47,6,False,0.034033043567001764,0.07114638598429734,0.20610175698490463,-0.005033459142254171,False,True,False
2026-08-19,USLM,119.44000244140625,47,3,False,0.08850383827616537,0.01658116844691082,0.24067733049005557,-0.15554298374050046,False,True,False
2026-08-19,PTIR,19.09000015258789,47,3,False,0.4977012844182813,0.023604848788356225,1.4333971527259313,-0.5318783539964334,False,True,False
2026-08-19,ALKT,20.020000457763672,46,3,False,0.133519825516337,0.08408423796573938,0.43204585932061823,-0.25548527660173315,False,True,False
2026-08-19,EDU,56.880001068115234,46,3,False,0.13236396286459162,0.059548389492827036,0.2854237529517567,-0.12451900878231714,False,True,False
2026-08-19,EFA,107.66000366210938,46,6,False,0.026721885541503454,0.06798566426939301,0.19569083260130737,-0.011295763930879277,False,True,False
2026-08-19,ESGD,106.54000091552734,46,6,False,0.0258316328529411,0.06781754965187115,0.19145608473662046,-0.013518510041413467,False,True,False
2026-08-19,EWJ,94.77999877929688,46,6,False,0.012485669660772913,0.07417081133542269,0.2248643337230194,-0.040591174198483015,False,True,False
2026-08-19,EXPO,69.91000366210938,46,4,False,0.12158205409961376,0.04308727151537295,0.34675407180904916,-0.14691877650388452,False,True,False
2026-08-19,FDN,286.2900085449219,46,3,False,0.049741850858231684,0.08802459762148951,0.2754043167818945,-0.031396956894605976,False,True,False
2026-08-19,FLG,13.6899995803833,46,4,False,-0.0601787913673274,0.017287920250085964,0.29517502134714757,-0.11334197199223994,False,True,False
2026-08-19,GDOT,13.470000267028809,46,7,False,0.015530783296304085,0.08576934846565054,0.3336633424036255,-0.12589225175813978,False,False,False
2026-08-19,GTY,33.09000015258789,46,6,False,-0.025348598288599145,0.04454549582659029,0.3032690408838199,-0.1015476918959386,False,True,False
2026-08-19,HTH,38.4900016784668,46,5,False,-0.006848030960403317,0.04621536418243588,0.25048735606969696,-0.047512946701193104,False,True,False
2026-08-19,IEFA,100.45999908447266,46,6,False,0.028344463888254623,0.06844946141028463,0.19353690471550444,-0.009563257594248697,False,True,False
2026-08-19,IEV,75.58000183105469,46,6,False,0.029680655685348833,0.06747117821558235,0.20446218057457677,-0.006441407463327109,False,False,False
2026-08-19,IHDG,53.02000045776367,46,6,False,0.006888322679819758,0.05556194777051271,0.19846289435315323,-0.020687088003530918,False,True,False
2026-08-19,JTEK,99.38330078125,46,6,False,-0.025243615389111795,0.0627128881392367,0.3206206153537021,-0.11122070244603899,False,True,False
2026-08-19,KIE,63.20000076293945,46,4,False,0.011423334034712962,0.07245158276748276,0.18241346792945867,-0.0500525789486963,False,True,False
2026-08-19,MFSI,33.459999084472656,46,6,False,0.02096359647634438,0.06807166601608361,0.18610422440210939,-0.015013309328927749,False,True,False
2026-08-19,MGK,89.38999938964844,46,7,False,0.01978884881154741,0.07512034590482708,0.40241601875964417,-0.03236629089268461,False,True,False
2026-08-19,MMYT,61.2400016784668,46,3,False,0.1274762749759235,0.052508586486243125,0.8745027582119334,-0.413578459259742,False,True,False
2026-08-19,MTH,74.19000244140625,46,5,False,-0.00992606283062114,0.058118080602870714,0.27847671897375115,-0.13106108189250099,True,True,False
2026-08-19,QSR,77.0999984741211,46,6,False,0.03863560871076821,0.06065908513465357,0.2571334774537901,-0.05929722626451672,False,True,False
2026-08-19,SAMT,43.220001220703125,46,5,False,-0.02806509369658472,0.04111240750152545,0.2685647668869495,-0.09694942186534072,True,True,False
2026-08-19,DE,580.6300048828125,46,5,False,-0.036526782559474946,0.041940056240194146,0.34094689349379337,-0.1387739320069865,False,True,False
2026-08-19,EGP,202.3000030517578,46,5,False,-0.02563967556262381,0.04610111866190891,0.2430107714393721,-0.10767060535143236,False,True,False
2026-08-19,IAI,190.17999267578125,46,6,False,0.018811929137932726,0.06448474673439009,0.20534918333853946,-0.03186728613227452,True,True,False
2026-08-19,YETI,44.08000183105469,46,5,False,-0.10736340732567373,0.0008287689330936931,0.3922931788850843,-0.18355250119143052,False,False,False
2026-08-19,UGI,38.54999923706055,46,4,False,0.08364439626822628,0.057214335247904646,0.2191650289024838,-0.06748913655610356,False,False,False
2026-08-19,MLYS,26.950000762939453,46,2,False,0.014076693548517705,-0.11741345659615521,0.8899018464498771,-0.4344176306415688,True,True,False
2026-08-19,BULL,8.640000343322754,46,3,False,0.19087004013084963,0.20077554563044409,0.9200000762939453,-0.4705882043574502,False,False,False
2026-08-19,TEM,61.25,46,3,False,0.1815291821523366,0.07509140964824357,0.5023301278461576,-0.41286426208608507,False,True,False
2026-08-19,CSWC,24.559999465942383,46,6,False,0.028217340835007043,0.07431163603562596,0.26794003107097364,-0.031927526468126466,False,True,False
2026-08-19,PINS,23.389999389648438,46,3,False,0.04126783235321407,0.04978274345639866,0.6900288390007587,-0.39357014325340567,False,True,False
2026-08-19,CHPY,67.5999984741211,46,5,False,-0.10838646273294217,0.03510156105365825,0.3294002065412944,-0.24771869558240567,False,True,False
2026-08-19,PGNY,25.530000686645508,46,4,False,-0.12115222236383949,0.06932611721226278,0.5857142907915225,-0.22788441714849839,False,False,False
2026-08-19,UTL,54.0,46,6,False,0.012172309678077475,0.050910789818882085,0.21049090475622023,-0.05693325911794944,False,True,False
2026-08-19,VOT,305.6700134277344,46,6,False,0.01542930812765686,0.0719589775065248,0.23139837525212847,-0.030080852458667207,False,True,False
2026-08-19,SBUX,104.9800033569336,46,7,False,0.00790349564866788,0.09033543102702968,0.3460700888889541,-0.05004070828339868,False,True,False
2026-08-19,SWX,91.75,46,6,False,0.01287426786131296,0.058676648942033394,0.2112211221122111,-0.028792221716485322,False,True,False
2026-08-19,DOW,31.75,46,4,False,0.04767498367517353,0.02477866062840728,0.5375302947467924,-0.2571362013774502,False,True,False
2026-08-19,AAL,13.859999656677246,45,2,False,-0.12083732171646988,-0.0032506092432952327,0.37363720981931037,-0.2623736571921149,False,True,False
2026-08-19,AGNC,11.079999923706055,45,5,False,0.02697190550076667,0.03240232989346303,0.15537015092915119,-0.09105821943287906,False,True,False
2026-08-19,AKAM,112.83999633789062,45,4,False,-0.06495748252030098,0.04438493843411284,0.5933351711965253,-0.3179812727757836,False,False,False
2026-08-19,AOA,99.25,45,6,False,0.01875327628238055,0.06520503787530196,0.17386157797349222,-0.007797648593576789,False,True,False
2026-08-19,EWU,48.56999969482422,45,6,False,0.03158252067093903,0.05823217616940579,0.19424641951204147,-0.007154507097738905,False,True,False
2026-08-19,FNDE,41.470001220703125,45,6,False,0.02089050639251644,0.06038197241673804,0.21719992932677035,-0.022625479084796285,False,True,False
2026-08-19,FTAI,210.91000366210938,45,3,False,-0.08618719940083508,-0.09245561024206217,0.5276691829043203,-0.3480572554311119,True,True,False
2026-08-19,FTCS,101.9000015258789,45,6,False,0.05030108379900744,0.0749869478348213,0.13524954434853198,-0.010006788849150294,False,True,False
2026-08-19,GCOW,47.61000061035156,45,5,False,0.05416519242160467,0.07136023345213327,0.2201435174734543,-0.0015728375962984487,False,True,False
2026-08-19,IEUR,78.0,45,6,False,0.028573236058415663,0.06424564229574159,0.19065787599573136,-0.007001948190828333,False,False,False
2026-08-19,ILCG,115.44999694824219,45,6,False,0.006080899790412708,0.07324960494652943,0.265066778936752,-0.042464981003079716,False,True,False
2026-08-19,MA,573.719970703125,45,3,False,0.07381731931648305,0.0863288431907645,0.2350813404635621,-0.046612572773191085,False,True,False
2026-08-19,MSFT,484.30999755859375,45,4,False,0.16260758645920093,0.12195786528791741,0.38691288839777993,-0.12535212168055454,False,True,False
2026-08-19,RES,6.329999923706055,45,5,False,0.04902056990250836,0.015489004179062738,0.5143541109239633,-0.22426470072624172,False,True,False
2026-08-19,SF,82.72000122070312,45,4,False,0.06406518008827056,0.051716173988974434,0.21987913580480267,-0.0791153311163697,False,True,False
2026-08-19,SMCI,36.58000183105469,45,3,False,0.20302044164654354,0.15765544498290063,0.8778235467481565,-0.37767943874237253,False,False,False
2026-08-19,SONO,16.280000686645508,45,4,False,0.09125526138023288,0.05001439593326995,0.30868177136577435,-0.17860741991348994,False,True,False
2026-08-19,SRPT,19.729999542236328,45,4,False,0.150464119571051,0.03460660041546704,0.34400539046855805,-0.22077410031448652,False,True,False
2026-08-19,TFC,50.970001220703125,45,5,False,-0.006355242839750197,0.033475966366340426,0.24987745822541552,-0.09306048881204287,False,True,False
2026-08-19,TWO,12.010000228881836,45,6,False,-0.011978000648802278,0.056860148297088076,0.36788161664528873,-0.15243470965294736,True,False,False
2026-08-19,VRTL,28.304899215698242,45,3,False,-0.2871802013185677,-0.19829612545759645,1.7356537543043231,-0.6122616545794761,False,True,False
2026-08-19,CBRE,155.07000732421875,45,3,False,0.09926648979670194,0.052191654174629454,0.27430359284350403,-0.11017384792292839,False,True,False
2026-08-19,CTAS,203.0800018310547,45,4,False,0.06694295944860129,0.09320652477563507,0.26011415497877155,-0.0763632767498994,False,True,False
2026-08-19,PNFP,101.66999816894531,45,6,False,0.004610502338044498,0.06170069735876549,0.2539466683880167,-0.07849182922493014,False,True,False
2026-08-19,AVY,183.16000366210938,45,4,False,0.10571950450394207,0.05978200077399132,0.20167960807276253,-0.0820887550123105,False,True,False
2026-08-19,SLM,26.59000015258789,45,4,False,0.05353661904556506,0.08189484571593741,0.49634211973082887,-0.1708761956465109,False,True,False
2026-08-19,IDV,44.8650016784668,45,5,False,0.03941991396487188,0.06628295718299015,0.25041806975686187,-0.013739282852034962,False,True,False
2026-08-19,DG,122.30999755859375,45,4,False,0.021190243975224066,-0.018249609382290366,0.2859846154315111,-0.2270113072037051,False,True,False
2026-08-19,MCK,853.7100219726562,45,5,False,0.042645268903909184,0.015898587724663127,0.2789663250526686,-0.1454354134407846,False,True,False
2026-08-19,DGRW,99.47000122070312,45,6,False,0.02743194073069488,0.07203154356908525,0.1651633831613719,-0.011134259448875361,False,True,False
2026-08-19,QRVO,96.80999755859375,45,6,False,0.0475084476454426,0.10920022877440472,0.2921783225392809,-0.11580966802970061,False,True,False
2026-08-19,SIGI,89.83000183105469,45,5,False,-0.05457827361887613,0.0536112769338275,0.23426770180996326,-0.10527887982252382,False,True,False
2026-08-19,CAVA,71.56999969482422,45,3,False,-0.012451637561990414,0.0080877997143467,0.6486984553419866,-0.27553397073027874,False,False,False
2026-08-19,BUFQ,39.52000045776367,45,6,False,0.013645231152141335,0.06646130163618613,0.1832334925836121,-0.039611203102632664,False,False,False
2026-08-19,QGEN,44.5,45,4,False,0.10141971406316341,0.04022029235108482,0.3679680808448482,-0.230370110085223,False,False,False
2026-08-19,CGCV,33.439998626708984,45,6,False,0.014264565936703555,0.06361961400401861,0.14654043087270585,-0.015602077566930661,False,True,False
2026-08-19,MPLX,58.689998626708984,45,6,False,0.01915360511593045,0.04820602321287115,0.22782425864988598,-0.03707960800559429,False,True,False
2026-08-19,XRT,88.83000183105469,45,6,False,0.005528562999697728,0.03990642000993416,0.1500518421521293,-0.05014964692430235,False,True,False
2026-08-19,OTTR,92.33999633789062,45,6,False,0.018124201810553187,0.05975856708076632,0.24531347859329822,-0.028919971667978772,False,True,False
2026-08-19,BALI,34.869998931884766,44,6,False,0.025654574734466085,0.07027781119515586,0.1646626022006623,-0.014693429407511394,False,True,False
2026-08-19,BG,114.0,44,4,False,-0.002123557293901901,0.00928855039805887,0.49980261539371074,-0.1547415724235307,False,True,False
2026-08-19,BLK,1158.9200439453125,44,3,False,0.09107832032509022,0.09895621032943014,0.263279548981612,-0.050018771736089374,False,True,False
2026-08-19,BOH,77.80999755859375,44,5,False,-0.038706284226012855,0.03333535664670895,0.31081530927452117,-0.0984822180562519,False,True,False
2026-08-19,EIS,123.0199966430664,44,5,False,0.01480714649100312,0.027434270819862272,0.3673446145820225,-0.11400798534101331,False,True,False
2026-08-19,EPP,57.68000030517578,44,6,False,0.0452721770989335,0.07134134378697565,0.17882689444975197,-0.00757052021326865,False,False,False
2026-08-19,EWL,64.45999908447266,44,6,False,0.02546642501415075,0.0579179573658537,0.2003724053754412,-0.016328394853598938,False,False,False
2026-08-19,FBIN,46.4900016784668,44,1,False,-0.03876767073026799,-0.022008456019796507,0.43753869694235625,-0.28300425194041257,False,True,False
2026-08-19,FLJP,40.38999938964844,44,6,False,0.010897345747475695,0.06994509501104407,0.20855779780322736,-0.038905462864139095,False,True,False
2026-08-19,FLOC,22.530000686645508,44,5,False,0.05210564512847249,0.05641483068708353,0.6058446981790666,-0.202760067085217,False,True,False
2026-08-19,FOX,60.38999938964844,44,5,False,0.1615583474977278,0.06219438092167895,0.37000900365442435,-0.11419146774660316,False,True,False
2026-08-19,FTV,58.900001525878906,44,4,False,-0.0366151377280447,0.022708852532126622,0.26557800531172404,-0.08767032600300073,False,True,False
2026-08-19,FVD,50.83000183105469,44,6,False,0.030211187904634507,0.06339694811249674,0.1389200227326206,-0.011281813228533166,False,True,False
2026-08-19,GDXU,158.6300048828125,44,2,False,0.6231786727307611,-0.24224924843977158,1.4612880123206735,-0.7066644545120054,False,False,False
2026-08-19,GHC,1173.75,44,6,False,0.0022763465190096532,0.0490668307480322,0.2624225474011086,-0.07018653883588233,False,False,False
2026-08-19,GLTR,203.42999267578125,44,4,False,0.08201112312656034,-0.028639717059369074,0.46026843902727554,-0.3114338241446267,False,True,False
2026-08-19,GSK,52.880001068115234,44,5,False,0.020305806211467603,0.015833030123728165,0.3688842766241027,-0.14294975017442813,False,True,False
2026-08-19,IFRA,60.83000183105469,44,5,False,-0.014541275533601072,0.04393855172704608,0.20075013845784873,-0.053229543485530106,False,False,False
2026-08-19,IPAC,84.69999694824219,44,6,False,0.020599935185668716,0.06931209210397093,0.1853613431919494,-0.02710774955815065,False,True,False
2026-08-19,NN,18.260000228881836,44,5,False,0.10748554561737245,0.0931628043332493,0.6798528446297827,-0.25225224521567524,False,False,False
2026-08-19,PEN,326.8399963378906,44,5,False,0.02149565171662604,0.019101914069456827,0.4771761929506544,-0.09814852505391158,False,True,False
2026-08-19,QDPL,46.54999923706055,44,6,False,0.01989304625260635,0.06914114681282846,0.18992843834461248,-0.012096767991191859,False,True,False
2026-08-19,SCHH,24.0,44,5,False,-0.003529170688174821,0.06309937979955382,0.1633543856677584,-0.04115064556091097,False,True,False
2026-08-19,SCHY,33.45000076293945,44,6,False,0.02764348345144496,0.06024457939145145,0.2183573431394188,-0.017332553957681074,False,True,False
2026-08-19,TMV,41.470001220703125,44,7,False,0.03922338129290415,0.10632250298707935,0.30326843552574134,-0.06662163097324658,False,False,False
2026-08-19,URBN,74.37999725341797,44,4,False,0.007154857546400661,0.04726855195181612,0.24924414023682906,-0.11819800119809087,False,True,False
2026-08-19,VUG,87.93000030517578,44,6,False,0.019984411245087763,0.07161551491646789,0.26275734142071094,-0.029470178961514715,False,True,False
2026-08-19,VZ,49.36000061035156,44,5,False,0.08378711274962036,0.09372802819117831,0.28575153412638765,-0.04489163469667912,False,True,False
2026-08-19,VZLA,3.890000104904175,44,2,False,0.15197823586877401,-0.04564465593615752,0.3506944271977308,-0.4589707824831384,False,True,False
2026-08-19,DFAR,26.459999084472656,44,5,False,-0.003843859574655051,0.06459998063566963,0.1684697968465283,-0.04113064892640017,False,False,False
2026-08-19,CGIE,37.834999084472656,44,6,False,0.025717884509381284,0.06035218687993971,0.1688291730898024,-0.01599484177538879,False,True,False
2026-08-19,RRR,61.25,44,5,False,-0.035012128548751575,0.025515663752966322,0.21239112123933857,-0.11219014499831192,False,True,False
2026-08-19,MISL,46.790000915527344,44,5,False,0.0349755106304841,0.028698375184174285,0.23456461825148378,-0.08434437744213419,False,True,False
2026-08-19,NTR,70.5,44,6,False,0.0651896085136292,0.042291920884494516,0.3294361988091066,-0.17408622896084536,False,False,False
2026-08-19,MCO,497.0299987792969,44,3,False,0.04378814684426424,0.05323416868674635,0.23553246566450037,-0.09115346265804258,True,True,False
2026-08-19,SMA,34.459999084472656,44,5,False,0.029541786855429297,0.0645790823414969,0.17171027756754365,-0.13351775992384807,False,True,False
2026-08-19,BUFR,37.31999969482422,44,6,False,0.016962997949072633,0.061849900472336516,0.15220748373188808,-0.004534595252905005,False,False,False
2026-08-19,GFS,48.58000183105469,44,4,False,-0.24679131577893532,-0.07674000942984105,0.5378284772523168,-0.47509454101382653,True,False,False
2026-08-19,TUR,40.650001525878906,44,5,False,0.038266480772884526,0.05287972681501585,0.2815259270439132,-0.07571619033691546,False,True,False
2026-08-19,IAK,144.3000030517578,44,6,False,0.005322727332500277,0.06649601398193905,0.15792007600253033,-0.053025341725566943,False,False,False
2026-08-19,AAP,56.18000030517578,43,6,False,-0.01867966814763189,0.06695028047337104,0.4827131488559533,-0.13847567713656106,False,True,False
2026-08-19,AMPG,3.569999933242798,43,4,False,-0.4354303167483614,-0.07160598206330282,1.17682924657475,-0.6468842676087574,False,True,False
2026-08-19,AQST,4.590000152587891,43,3,False,0.10698441678008686,0.016808386654360463,0.5665529174092836,-0.392052975280636,False,False,False
2026-08-19,ARKQ,126.01000213623047,43,6,False,0.013436638379472843,0.02456735731757953,0.3613872672853269,-0.12745123935925684,False,True,False
2026-08-19,ECL,285.6199951171875,43,6,False,0.037685382647125065,0.0526608534127031,0.1746658535339456,-0.07647038101533632,False,True,False
2026-08-19,EMLP,44.43000030517578,43,6,False,0.013180699327223211,0.059428636781227784,0.19564048674962442,-0.017687358946654408,False,True,False
2026-08-19,EWA,29.969999313354492,43,6,False,0.03731852599457186,0.06486167120503983,0.2016839884356858,-0.016732291225107332,False,True,False
2026-08-19,FHN,24.8700008392334,43,5,False,-0.024323226720645574,0.03197165502403032,0.2560606968450334,-0.06362946764649047,False,True,False
2026-08-19,HYDR,43.84809875488281,43,4,False,-0.06620148398051118,-0.015113479258245244,0.8164084450509754,-0.4137954951079059,False,True,False
2026-08-19,IGV,102.80999755859375,43,4,False,0.09189040000022297,0.0942897338428903,0.39063975563646935,-0.12865497567601036,False,True,False
2026-08-19,NDAQ,96.3499984741211,43,4,False,0.07539721635705443,0.074136591230755,0.2586544040889964,-0.05344338729224252,True,True,False
2026-08-19,NNN,46.2400016784668,43,5,False,-0.01763745137059658,0.056549664375329156,0.18868894253654012,-0.07519996643066407,False,True,False
2026-08-19,PECO,39.880001068115234,43,5,False,-0.0461292433436149,0.03823346650833992,0.2092177568723832,-0.1012957505776848,False,True,False
2026-08-19,PFGC,103.33999633789062,43,5,False,-0.05873826703356411,0.06830909862086076,0.27864385954097703,-0.12032349282681032,False,False,False
2026-08-19,PJT,172.99000549316406,43,4,False,0.05692063155173899,0.07781901430703209,0.3543411958563423,-0.1156834177941104,False,True,False
2026-08-19,PM,189.92999267578125,43,7,False,0.022947198896570598,0.10339927332376941,0.3364998371687178,-0.08582018820985304,False,True,False
2026-08-19,PXH,29.1200008392334,43,6,False,0.02005789882876141,0.054297052248250655,0.20729684187518926,-0.032879433777819655,False,True,False
2026-08-19,ROP,407.32000732421875,43,3,False,0.11976099741681634,0.07770742616174098,0.33128519643073195,-0.25254155411720736,False,True,False
2026-08-19,SPHD,53.43000030517578,43,6,False,0.027800440688204198,0.06648942262483426,0.1470587849903051,-0.011287945966268254,False,True,False
2026-08-19,TFPM,32.72999954223633,43,5,False,0.10655819590228499,-0.005887846464071589,0.3224242239287405,-0.21510793900692549,False,True,False
2026-08-19,WFC,85.94000244140625,43,3,False,-0.0002233331660519422,0.011353333456672221,0.1808189596432488,-0.12090834120843019,False,True,False
2026-08-19,DIVO,48.72999954223633,43,6,False,0.04186709300459568,0.061997035769001396,0.13049530355494743,-0.00622005314825913,False,True,False
2026-08-19,CUBE,41.459999084472656,43,6,False,0.007298396818597563,0.06521689225412852,0.1815331691132802,-0.04160886053859547,False,True,False
2026-08-19,BUD,78.12999725341797,43,6,False,-0.043019456240904974,0.05833504300824721,0.35196393866859355,-0.09780602043814401,False,True,False
2026-08-19,DDS,615.8699951171875,43,3,False,0.07355994582253578,0.018515078278519503,0.24418180831755043,-0.16996413470871785,False,False,False
2026-08-19,CNA,49.84000015258789,43,5,False,-0.00645088220277934,0.052799459911043956,0.20009635486514,-0.10536706207774538,False,True,False
2026-08-19,GOOD,13.039999961853027,43,6,False,0.03141709068531395,0.09034658381469773,0.26234269682111644,-0.03192281341139347,False,True,False
2026-08-19,MTZ,272.07000732421875,43,4,False,-0.1995897548135036,-0.09758392796468585,0.6227484276603634,-0.3836621619771835,False,False,False
2026-08-19,IDVO,42.86000061035156,43,6,False,0.011815542837826598,0.04153062210737879,0.2227897125606837,-0.02197478972943534,False,False,False
2026-08-19,SHW,353.5899963378906,43,4,False,0.04656330857876623,0.05849090091964371,0.2198648113123718,-0.06864216509298637,False,True,False
2026-08-19,NWE,70.58000183105469,43,5,False,-0.0063297242388082875,0.025711109986223057,0.2717117447036881,-0.061186465222778263,False,True,False
2026-08-19,PHM,130.67999267578125,43,6,False,0.017189735270219275,0.04761101068218743,0.20453493638994824,-0.09564018909493943,False,True,False
2026-08-19,UGL,54.560001373291016,43,3,False,0.1640708654171661,-0.05705538463026105,0.5883552779309702,-0.39646017198714245,False,False,False
2026-08-19,PTLC,59.939998626708984,43,6,False,0.024671415498123128,0.061810588282912304,0.16207825705467505,-0.0133333559389468,False,False,False
2026-08-19,QQH,83.70339965820312,43,6,False,0.006123425563493434,0.06185151418910273,0.22070001503180992,-0.06622712820021359,False,True,False
2026-08-19,BORR,4.400000095367432,43,4,False,0.0331549014241288,-0.06859578702232583,0.9213974535645972,-0.3388429817203352,False,False,False
2026-08-19,JPEF,81.78170013427734,43,6,False,0.01701538866742558,0.06315565250351485,0.17364170180981597,-0.01704683733158252,False,True,False
2026-08-19,PII,66.0,43,4,False,-0.05155788889406954,0.014082689034171647,0.40008487175528185,-0.1536291721109344,False,True,False
2026-08-19,NPKI,14.050000190734863,43,4,False,-0.018169100488614642,0.007721092568601762,0.45595862654290187,-0.1484848369251598,False,True,False
2026-08-19,AAAU,44.47999954223633,42,5,False,0.084909787761841,0.00308388528848913,0.35899786631030195,-0.18698592055249597,False,True,False
2026-08-19,AMLP,54.900001525878906,42,6,False,0.02865625699304175,0.07263437291596286,0.22983876067457243,-0.013654299741586162,True,False,False
2026-08-19,APD,303.2200012207031,42,7,False,0.03050599934607101,0.08540135476611588,0.3234690777919851,-0.0369993777658888,True,True,False
2026-08-19,BAR,44.41999816894531,42,5,False,0.0850395061845457,0.0032205646367275964,0.35840969824345437,-0.18681925548841538,False,True,False
2026-08-19,BBJP,76.51000213623047,42,6,False,0.011528624571790269,0.06288470909347743,0.19565557320459903,-0.04032607587862447,False,False,False
2026-08-19,BKD,12.119999885559082,42,4,False,-0.1525186714797866,-0.08170340111754615,0.7046413021047699,-0.29081335416349985,False,False,False
2026-08-19,ECH,40.70000076293945,42,4,False,0.019253133763694308,0.0005051888400406934,0.29288441406527865,-0.14942524428811843,False,False,False
2026-08-19,EPD,38.119998931884766,42,6,False,0.01237044220557837,0.06343059348192459,0.2702432069693159,-0.05103309261899258,True,False,False
2026-08-19,ETR,107.95999908447266,42,4,False,-0.03257835602068815,0.02933449756597084,0.24953700437303827,-0.08856055832870335,False,True,False
2026-08-19,EVTC,29.739999771118164,42,4,False,0.027288417711304858,0.051903692089585673,0.36359470423458506,-0.20438740178404957,False,True,False
2026-08-19,FSS,122.62999725341797,42,6,False,0.013370552377810263,0.06791206168680675,0.21187858775303892,-0.08832055414896489,False,True,False
2026-08-19,GEHC,74.62000274658203,42,3,False,0.1259368717598497,0.024419228268200976,0.27012770632480043,-0.16876455901766507,False,True,False
2026-08-19,GEN,27.540000915527344,42,5,False,0.04757053451309656,0.12950328236507946,0.5489313752508758,-0.13613545669663363,False,False,False
2026-08-19,GLD,413.8399963378906,42,5,False,0.0845937988450094,0.0021451443271804926,0.3560077100407122,-0.18807144118765284,False,False,False
2026-08-19,GLDM,89.29000091552734,42,5,False,0.08524174804226359,0.0036503130724807598,0.3604021940945339,-0.18634952930861792,False,False,False
2026-08-19,IAUM,44.970001220703125,42,5,False,0.08514676693659817,0.0036456903881103564,0.36045986403036534,-0.18635786415329625,False,False,False
2026-08-19,ICF,68.55999755859375,42,5,False,-0.0020669282758397634,0.06018838292284334,0.16380916204679918,-0.034502246217884336,False,True,False
2026-08-19,LTC,40.310001373291016,42,6,False,0.026117539861527872,0.06954287289583627,0.19827592463319266,-0.06255810759788338,False,True,False
2026-08-19,LTM,51.38999938964844,42,3,False,-0.05009594245477811,-0.0289234987898348,0.24100457809733666,-0.27023571817826264,False,True,False
2026-08-19,MOD,195.13999938964844,42,4,False,-0.1722095942643358,-0.062101983432407915,0.7551717831805407,-0.39631864071261114,False,True,False
2026-08-19,NG,8.460000038146973,42,2,False,0.27471070911536644,-0.03623241479709116,0.6653543632290211,-0.41249998178746916,False,True,False
2026-08-19,NMRK,16.420000076293945,42,3,False,0.07679192201370921,0.03751186711408394,0.22904195346197698,-0.1721703637915496,False,True,False
2026-08-19,SCHC,50.90999984741211,42,5,False,0.040083345133919535,0.05636432263475899,0.17169157545413993,-0.016801833765832663,False,True,False
2026-08-19,SCHE,36.689998626708984,42,6,False,0.014780520142448017,0.05500606080448667,0.1774710785101672,-0.018984033962635927,False,True,False
2026-08-19,SGOL,42.95000076293945,42,5,False,0.08471649940668113,0.002944633993447354,0.358747229788863,-0.18716879941500275,False,True,False
2026-08-19,UMH,16.559999465942383,42,4,False,0.06813898194886225,0.07375584418239045,0.18880108421745034,-0.006002423912702559,False,False,False
2026-08-19,VWO,60.040000915527344,42,6,False,0.012728272925972783,0.052705418860798936,0.17702416959661504,-0.02405720954525048,False,True,False
2026-08-19,CGBL,38.209999084472656,42,6,False,0.013586971711464502,0.05158864285920273,0.1385577330423584,-0.012151013883012651,False,True,False
2026-08-19,BXP,67.22000122070312,42,3,False,-0.00839660282316479,0.05533608122542599,0.3519710291703111,-0.1526534770053536,False,True,False
2026-08-19,CGGR,46.939998626708984,42,6,False,0.01691974552323927,0.05475676577326127,0.21763941778713702,-0.022490666821309402,False,True,False
2026-08-19,PCG,17.649999618530273,42,6,False,0.02412642293899725,0.051903835439010004,0.23426569112676754,-0.07881003345027626,False,False,False
2026-08-19,OUNZ,43.31999969482422,42,5,False,0.08374778512237824,0.0018072731377161144,0.3567177977070719,-0.18800373132460735,False,True,False
2026-08-19,OVL,57.79999923706055,42,6,False,0.01826892470310204,0.060312310154050586,0.19372163202871007,-0.018842312225881397,False,False,False
2026-08-19,NWN,50.650001525878906,42,5,False,0.009611770580905121,0.01863921611442021,0.2634073667522634,-0.0953741738257815,False,True,False
2026-08-19,TRS,38.529998779296875,42,4,False,-0.06102717079587461,0.030839540167221235,0.26618463335156073,-0.15188204885600232,False,True,False
2026-08-19,MLPA,56.439998626708984,42,6,False,0.03072071121654396,0.07370290844277494,0.21664150397258086,-0.009282290800426307,True,False,False
2026-08-19,APG,42.5099983215332,42,4,False,0.024865788158345614,0.019055405459133867,0.2727543826186867,-0.14962998811331518,False,True,False
2026-08-19,IAU,84.83999633789062,42,5,False,0.08491320805947411,0.002845726712018548,0.357874471182398,-0.18735636879411066,False,True,False
2026-08-19,UI,590.6799926757812,42,3,False,0.06693466288685967,-0.10646794977075336,0.5544210333573192,-0.4630133020120256,False,False,False
2026-08-19,ABT,114.43000030517578,41,4,False,0.15665072107511402,0.06778419054593532,0.39599851898348204,-0.16772131985357153,False,True,False
2026-08-19,ALLY,43.11000061035156,41,5,False,-0.036940718406867745,0.011587155229326296,0.20016711603349635,-0.08839078503386766,False,True,False
2026-08-19,APLD,28.229999542236328,41,2,False,-0.1541598548807791,-0.1275990808242946,1.1451367682035123,-0.4434696817854272,True,True,False
2026-08-19,AROC,32.290000915527344,41,5,False,-0.11701647837356155,-0.011542182291080727,0.41127631555583744,-0.23537766361487866,False,True,False
2026-08-19,ARVN,9.680000305175781,41,2,False,0.1722534664111055,-0.08689579463959496,0.39080463392540166,-0.33287386957389886,False,False,False
2026-08-19,ATR,132.92999267578125,41,6,False,0.036960129069320447,0.0583716142750359,0.28770694907521577,-0.095160374636447,False,True,False
2026-08-19,BCAT,15.899999618530273,41,6,False,0.007093970547567663,0.0578490144352064,0.15804808074600252,-0.01851858828892705,False,True,False
2026-08-19,BLKB,46.15999984741211,41,3,False,0.3373120444189597,0.0321922746562715,0.8045347922238932,-0.3471927528627493,False,True,False
2026-08-19,EFG,125.44000244140625,41,6,False,0.02108929298452633,0.05707436742553984,0.17047685531971069,-0.01569365946080825,False,True,False
2026-08-19,EWD,52.90999984741211,41,5,False,0.03672730003422742,0.04347757030072663,0.16696073377476917,-0.03677408422612616,False,False,False
2026-08-19,FRME,42.02000045776367,41,5,False,-0.019909672243372367,0.05394642074286593,0.21234854710771445,-0.07302010235136147,False,True,False
2026-08-19,IMKTA,85.05000305175781,41,5,False,-0.04733844805626697,0.02030720863903812,0.33411769492953436,-0.11054172130529505,False,True,False
2026-08-19,IMTM,53.650001525878906,41,6,False,0.01693555675816527,0.05667170681008704,0.17627714992186605,-0.020842427632354887,False,True,False
2026-08-19,IT,192.82000732421875,41,3,False,0.28034702966045955,0.07185882787888476,0.5518712863116197,-0.2747037694287686,False,True,False
2026-08-19,IWMI,52.70000076293945,41,5,False,-0.0008599655388336069,0.042821901228796255,0.1546889015711137,-0.021537315898009224,False,False,False
2026-08-19,IYR,104.79000091552734,41,6,False,0.00625320264815743,0.05524769899609594,0.13347760275420728,-0.031247086166525717,False,True,False
2026-08-19,JKHY,163.05999755859375,41,5,False,0.12331064710723161,0.022702848591197533,0.3471579339493871,-0.15683335191467074,False,True,False
2026-08-19,MSFL,23.780000686645508,41,3,False,0.2984602335025066,0.13303463567291152,0.8355847801381329,-0.3413654344787568,False,True,False
2026-08-19,RYLD,16.420000076293945,41,6,False,0.022944612501557993,0.05371576501975128,0.12388777975018428,-0.0003043629223020705,False,True,False
2026-08-19,SPEM,52.04999923706055,41,6,False,0.011032971178008166,0.05022940244459351,0.18537917144010607,-0.027829690941127305,False,True,False
2026-08-19,TOPT,33.58000183105469,41,6,False,0.014740696890285898,0.06216586110741651,0.2193173825249195,-0.02596074496531864,False,True,False
2026-08-19,TOWN,37.279998779296875,41,6,False,0.01934231947033216,0.06537263578498864,0.16828577115522214,-0.04483730603979097,False,True,False
2026-08-19,CLF,11.170000076293945,41,1,False,-0.001251781106592742,-0.017352474910476645,0.44501941122023125,-0.33113775053936845,False,True,False
2026-08-19,DEA,24.40999984741211,41,5,False,-0.010835835406400984,0.05554930283648152,0.18725683275659843,-0.059707214627277905,False,True,False
2026-08-19,CGDG,38.810001373291016,41,6,False,0.0201721624485105,0.0539501443692767,0.15265825612923423,-0.008684550174618666,False,True,False
2026-08-19,QGRO,118.62000274658203,41,4,False,0.019017907378381826,0.04649964828812525,0.1738743113726069,-0.019750428455970304,False,True,False
2026-08-19,SCZ,86.11000061035156,41,6,False,0.025670964068438717,0.05549921148201964,0.17220258213361128,-0.015323000396257447,False,True,False
2026-08-19,TRUP,31.100000381469727,41,3,False,0.19949399102126053,0.06469658800893363,0.4697542819346141,-0.3624436006614019,False,False,False
2026-08-19,BUFD,30.290000915527344,41,6,False,0.014859395197280634,0.05067397683722907,0.123516392586696,-0.011422926928625787,False,True,False
2026-08-19,WMB,73.23999786376953,41,6,False,-0.0014860703017594012,0.05685880447915648,0.31207449416307576,-0.08541463300307561,False,True,False
2026-08-19,MDT,94.12999725341797,41,3,False,0.1221341368616109,0.048501960514968134,0.2839994596669251,-0.1147371801706637,False,True,False
2026-08-19,WTRG,41.04999923706055,41,4,False,0.054245467630354316,0.05526447606560403,0.1368041690171793,-0.03115411206278973,False,True,False
2026-08-19,YOU,44.29999923706055,41,4,False,-0.1609499023197395,-0.032425765605542334,0.5050110426642826,-0.3586216963545147,False,False,False
2026-08-19,CRAI,173.3300018310547,41,4,False,0.07190609213145693,0.013319076456510981,0.31141714634433826,-0.23740592656513704,False,True,False
2026-08-19,TROX,5.730000019073486,41,3,False,-0.10916948972371965,-0.13440839407632743,1.0034965836533716,-0.458923518742987,False,False,False
2026-08-19,REET,28.020000457763672,41,6,False,0.0003570344193093433,0.05575893407821786,0.13694461096821797,-0.03578799130390775,False,True,False
2026-08-19,RSPA,54.900001525878906,41,6,False,0.021579731162423288,0.05356244963853318,0.11972267780395418,-0.004711740526535668,False,False,False
2026-08-19,PHYS,34.09000015258789,41,5,False,0.08555125216829906,-0.00015104238296670403,0.34107002558113164,-0.18968385072791172,False,False,False
2026-08-19,HRL,24.40999984741211,41,5,False,-0.02044190878466301,0.04307323644321759,0.23908623868346868,-0.16831347427090704,False,True,False
2026-08-19,AFG,143.2899932861328,40,4,False,0.018622212858347087,0.06525094353110394,0.1641075436609145,-0.04486075719678906,False,True,False
2026-08-19,AGRO,10.569999694824219,40,4,False,0.06152206180745545,0.025650949853209815,0.5341073874672935,-0.33480179569247703,False,False,False
2026-08-19,AIN,59.91999816894531,40,5,False,-0.15265265164017472,0.013000594823459943,0.4561359889929071,-0.22181820559811283,False,False,False
2026-08-19,AMH,34.33000183105469,40,4,False,0.023676103519340463,0.08654891030363188,0.2612050954098273,-0.04239879240618771,False,True,False
2026-08-19,BANC,18.940000534057617,40,4,False,-0.05969494250861407,-0.009424557938171318,0.23548601619815512,-0.13634289692246304,False,True,False
2026-08-19,DORM,134.1199951171875,40,3,False,-0.003258099785817592,0.0802781992452144,0.36231588902636513,-0.19635690809699613,False,True,False
2026-08-19,ENR,21.719999313354492,40,3,False,0.024025918560835358,0.08044915934804986,0.3790475754510789,-0.282931704956789,False,True,False
2026-08-19,EXR,147.91000366210938,40,6,False,0.0029102371484384104,0.05126510680887497,0.17659696714116668,-0.06904582630642808,False,True,False
2026-08-19,FELG,43.97999954223633,40,6,False,0.01386163414516317,0.053439027237413894,0.22421713225441553,-0.0361604533696116,False,False,False
2026-08-19,FREL,29.950000762939453,40,6,False,0.004554902742096134,0.05365832459659825,0.13576032649872793,-0.03137125843987887,False,False,False
2026-08-19,FTLS,75.87000274658203,40,6,False,0.014679249172743436,0.046912464661945874,0.1374813525921985,-0.021284751908357546,False,True,False
2026-08-19,GPIX,56.22999954223633,40,6,False,0.015036910448131602,0.05214605869896749,0.16033843591741426,-0.008901049840177366,False,False,False
2026-08-19,GRBK,71.3499984741211,40,5,False,-0.025619339224170035,0.032512921819332075,0.180509597870687,-0.14222170939711554,True,True,False
2026-08-19,HUBG,40.0,40,4,False,-0.12269927492455812,-0.0533093357677088,0.21580541473641834,-0.2489673064103748,False,False,False
2026-08-19,INSP,61.689998626708984,40,2,False,0.22734902262533474,-0.08601790183824498,0.5854535818203548,-0.580425769306369,False,True,False
2026-08-19,ITRI,98.86000061035156,40,2,False,0.1021771610924469,0.06673572967219954,0.27118432400196646,-0.303802812603158,False,True,False
2026-08-19,MC,68.55999755859375,40,4,False,0.02025324217421476,0.04146566963822207,0.3427339544580743,-0.12345307146129003,False,True,False
2026-08-19,MGRC,118.33000183105469,40,6,False,0.0011167866906489632,0.05895062232271031,0.24571012203577847,-0.07322993774884934,False,True,False
2026-08-19,NJR,55.08000183105469,40,5,False,-0.030585459607973986,0.042110135005370974,0.26737236519486296,-0.09497204602909204,False,True,False
2026-08-19,NOG,26.059999465942383,40,5,False,0.25643643258706494,0.10251575103166521,0.5168800351005431,-0.16393970477523112,False,True,False
2026-08-19,PB,72.9000015258789,40,5,False,-0.0011344990761144036,0.037202729503993615,0.19371216456805218,-0.055699424771300965,False,True,False
2026-08-19,PWRD,108.63999938964844,40,5,False,-0.04108133747487741,0.027612299494464754,0.21893478663940424,-0.11839652332902617,False,True,False
2026-08-19,ROCK,47.849998474121094,40,3,False,0.07989164159105133,0.043645506882193486,0.4258044253896509,-0.36267984407095055,False,True,False
2026-08-19,SFLR,38.970001220703125,40,6,False,0.010435234396468207,0.04533405360808329,0.1307779301236216,-0.02866395168988145,False,True,False
2026-08-19,SSD,193.22000122070312,40,5,False,-0.006693324665334233,0.05593210731827991,0.23605419759193835,-0.09494591667482055,False,True,False
2026-08-19,VIGI,98.18000030517578,40,6,False,0.026934599809788295,0.05833589191170163,0.15194176273828197,-0.017020394423208796,False,False,False
2026-08-19,VLTO,100.0999984741211,40,3,False,0.09069670415894304,0.07112148709829058,0.250780957152984,-0.09090910980604805,False,True,False
2026-08-19,CPK,136.83999633789062,40,4,False,0.05773642824346692,0.062198016920681276,0.15107671180532667,-0.028332070164641676,True,True,False
2026-08-19,CLS,301.3599853515625,40,4,False,-0.12695031743742446,-0.08630767902068914,0.7396524434806881,-0.364259675278753,False,False,False
2026-08-19,EZA,70.29000091552734,40,5,False,0.0856068097705569,0.022336816696035156,0.24893394527549595,-0.14028866097130888,False,True,False
2026-08-19,AWK,138.7100067138672,40,5,False,0.04834118846824964,0.058644898320425964,0.1504520781700034,-0.061946227806804144,False,True,False
2026-08-19,MDLZ,64.16000366210938,40,6,False,0.046679752816708664,0.092390105301845,0.25312505285255527,-0.03735930692818834,False,True,False
2026-08-19,VNQ,98.61000061035156,40,6,False,0.004304023343858487,0.05327752032159272,0.13553667398446634,-0.03133597589171355,False,True,False
2026-08-19,L,111.19000244140625,40,5,False,-0.02002775776727206,0.025947194687756525,0.17624038799583808,-0.0811503142010449,False,True,False
2026-08-19,D,68.29000091552734,40,5,False,-0.011876572172758504,0.0711988945672628,0.2227395305511155,-0.06439234259212323,False,True,False
2026-08-19,PPG,113.91999816894531,40,5,False,-0.028392583887824507,0.031939657812556366,0.21983080536964295,-0.14621895808870244,False,True,False
2026-08-19,MTX,71.45999908447266,40,5,False,-0.045675636692772525,0.025542390861852837,0.32480535602180116,-0.15271517444483806,False,True,False
2026-08-19,VSS,159.17999267578125,40,6,False,0.028798295066741808,0.04998540551266473,0.16504418493075423,-0.022896144512184247,False,True,False
2026-08-19,EVRG,83.58000183105469,40,5,False,-0.01333261232897287,0.040147372550180194,0.18687878449722595,-0.05687204648300159,False,True,False
2026-08-19,USMV,101.29000091552734,40,6,False,0.03838829041337499,0.06206179097939524,0.11283239564086789,-0.005204283195129444,False,True,False
2026-08-19,AOR,69.9000015258789,39,6,False,0.01160964935944242,0.04384681590334072,0.12433655436063407,-0.008369929859139202,False,True,False
2026-08-19,AR,37.06999969482422,39,5,False,0.06009390622537558,0.030717141933572112,0.2738831343256485,-0.189726782626793,False,True,False
2026-08-19,BBDC,9.420000076293945,39,4,False,0.09872166285241057,0.07876595866758329,0.18341708934047318,-0.050403225418804376,False,False,False
2026-08-19,BGC,10.800000190734863,39,6,False,-0.04234942095151106,0.06836551670150359,0.30592498100723686,-0.1621412022436871,False,True,False
2026-08-19,EBAY,102.63999938964844,39,6,False,-0.0681509986387756,0.05402330945742739,0.31539152883956145,-0.13972004450640096,False,False,False
2026-08-19,EG,363.92999267578125,39,5,False,-0.0008329981902271966,0.0718457188828372,0.20331301989817918,-0.09260232370957144,False,True,False
2026-08-19,GPIQ,56.7599983215332,39,5,False,-0.006420833680495952,0.04650645159700906,0.18956299151252853,-0.051312107898482506,False,True,False
2026-08-19,HBAN,17.170000076293945,39,5,False,-0.023732898400787517,0.015567705185918213,0.15312287981199613,-0.11767724131117385,False,True,False
2026-08-19,HIMZ,32.7400016784668,39,1,False,-0.18055308679251703,-0.4007716257260364,1.6454428416904539,-0.9163900025507952,False,True,False
2026-08-19,HLMN,8.529999732971191,39,3,False,0.03957195054818441,0.0010356235984207984,0.22557466756023392,-0.21382493704431293,False,True,False
2026-08-19,INMD,15.039999961853027,39,3,False,0.01971632095808884,0.048644481703859155,0.1823899092862311,-0.10155315606384763,True,True,False
2026-08-19,IR,81.13999938964844,39,3,False,-0.0020564004874250585,-0.010067693382000531,0.19200822320288635,-0.19631537118221387,False,True,False
2026-08-19,KVUE,19.1299991607666,39,7,False,0.007690643901749228,0.07538966654038548,0.3644792108528949,-0.12428474424021296,False,True,False
2026-08-19,MBUU,29.649999618530273,39,2,False,0.06632044485451272,0.05649484761075163,0.24370802972967653,-0.25220684798263615,False,True,False
2026-08-19,MRSH,189.1999969482422,39,3,False,0.057862614108251886,0.0670128493850366,0.20817362435591047,-0.1150608313955932,False,True,False
2026-08-19,PLUS,86.52999877929688,39,3,False,-0.0006490777041456841,0.021261415436071296,0.2527870155149432,-0.11830039415688198,False,True,False
2026-08-19,PPLT,16.459999084472656,39,4,False,0.08935916630366392,-0.05608608895457201,0.3882093781966427,-0.3708432584792697,False,True,False
2026-08-19,QCLN,50.81999969482422,39,4,False,-0.07900746083598609,-0.018139880879529557,0.41205883091776485,-0.26560690843910295,False,True,False
2026-08-19,RARE,26.239999771118164,39,1,False,-0.07017289743664701,-0.010029871762834763,0.43466366635562315,-0.3421910209924066,True,True,False
2026-08-19,ZWS,49.59000015258789,39,6,False,0.004720715127697117,0.027445158759846766,0.151648828867601,-0.0983636335893111,False,True,False
2026-08-19,DFGR,29.450000762939453,39,6,False,0.00019700670911859675,0.04996442846347682,0.13190872319875657,-0.03204596544191374,False,True,False
2026-08-19,CVNA,70.44000244140625,39,1,False,0.04762503790880168,-0.0273356446796591,0.2933314030113723,-0.2766332884894138,False,True,False
2026-08-19,CSL,365.6300048828125,39,5,False,0.024989083076334406,0.04691535262116675,0.2460553249810662,-0.15541336123017746,False,True,False
2026-08-19,VNDA,5.570000171661377,39,2,False,-0.01227121217060645,-0.1452400970180845,0.3044496947404638,-0.43963778603634607,False,False,False
2026-08-19,UE,21.700000762939453,39,5,False,-0.046815801851535555,0.03606661204053663,0.1755147258480676,-0.09995851457495952,False,True,False
2026-08-19,AVES,65.05999755859375,39,6,False,0.003972024843857946,0.03808587408754316,0.18290904651988638,-0.05792065075887398,False,True,False
2026-08-19,DLX,23.600000381469727,39,3,False,-0.043201851776196176,-0.04999978229348345,0.3288288331827107,-0.2641097410026314,False,False,False
2026-08-19,XLRE,44.9900016784668,39,6,False,0.0028129929473821313,0.049831443380775386,0.13253627203473894,-0.0315358969937346,False,False,False
2026-08-19,TDOC,6.659999847412109,39,1,False,-0.17304064540854425,-0.015164421817071783,0.5136362961501144,-0.3263882076585053,False,True,False
2026-08-19,SE,119.0999984741211,39,3,False,0.14472338891615544,0.10465465435757859,0.545749432276031,-0.40240844631000305,False,False,False
2026-08-19,MX,3.3299999237060547,39,4,False,-0.21123693537010768,-0.06637697694723532,0.5275228540059187,-0.6622718012519442,False,True,False
2026-08-19,INVH,30.200000762939453,39,6,False,0.011996538992491423,0.08586224674359721,0.24536085620368886,-0.037542210680143184,False,True,False
2026-08-19,RBC,520.5399780273438,39,5,False,-0.11785025845524744,-0.03609669741078425,0.42809321818201296,-0.22038674216479048,False,True,False
2026-08-19,DNP,10.970000267028809,39,6,False,0.007457234326178508,0.04973065556317935,0.13209501982195904,-0.01702505223845141,False,True,False
2026-08-19,XOVR,20.229999542236328,39,3,False,0.01308546219812401,0.054656249410528934,0.23579709866305,-0.07116625783026576,False,True,False
2026-08-19,VERA,32.275001525878906,39,2,False,-0.10707858759646571,-0.17269624463115474,0.5260048278015863,-0.4241748088278562,False,True,False
2026-08-19,NVMI,385.3299865722656,39,3,False,-0.16811351461033952,-0.11442070206304567,0.655695413767712,-0.37445414263038057,False,True,False
2026-08-19,CTVA,78.56999969482422,39,4,False,-0.037417833536935285,0.031727893089618986,0.29792681742582205,-0.13630868813330177,False,True,False
2026-08-19,CASH,83.70999908447266,39,3,False,-0.03766566853730835,-0.0010847243758238534,0.2708364292396561,-0.17331624216387886,False,True,False
2026-08-19,ALGN,163.0399932861328,38,5,False,-0.06973139083969981,-0.0367485216619069,0.3363933875912526,-0.18658954649637072,False,True,False
2026-08-19,ALLW,30.149999618530273,38,5,False,0.025193566369008602,0.032745204028031605,0.15076331070868476,-0.0059347281776644945,False,False,False
2026-08-19,APAM,42.5,38,3,False,0.10663826755470884,0.0710644970947083,0.2514723541153463,-0.1065797714389276,False,True,False
2026-08-19,ARKW,150.86000061035156,38,4,False,0.045592008021051234,0.06289250998792628,0.33080451480321926,-0.175628411965292,False,True,False
2026-08-19,BKH,73.19000244140625,38,5,False,-0.005376028640777575,0.011239866189075798,0.2605925027600051,-0.06989452064250956,False,True,False
2026-08-19,BRX,29.739999771118164,38,4,False,-0.05132541350964037,0.026042638295148857,0.2060016202408519,-0.09494828914429587,False,True,False
2026-08-19,DRS,42.560001373291016,38,5,False,-0.0596677549242981,0.019610039082523567,0.3123651240452965,-0.15872699654234157,False,True,False
2026-08-19,EFAV,94.05999755859375,38,5,False,0.03818752798175318,0.04839722674065472,0.12822351517134845,-0.011247763331410976,False,False,False
2026-08-19,EWQ,47.15999984741211,38,6,False,0.02662341980086791,0.04133660027317343,0.13419908058276975,-0.0254184657522325,False,True,False
2026-08-19,ILF,33.66999816894531,38,4,False,-0.015111236331818434,-0.008615412672016487,0.3096071321636116,-0.12545459301440742,False,False,False
2026-08-19,IWP,143.7899932861328,38,3,False,0.016588900065365397,0.043680438995730375,0.16959484651599688,-0.030345945132771224,False,True,False
2026-08-19,KDP,31.059999465942383,38,5,False,-0.0016649828448116466,0.07829997412498813,0.24839230360268894,-0.13578184049066733,False,True,False
2026-08-19,KHC,25.68000030517578,38,4,False,0.0301090422801078,0.07141517405118503,0.22082246215633505,-0.08612099798723816,False,False,False
2026-08-19,KREF,7.510000228881836,38,4,False,0.03372335847305896,0.025388989919500782,0.4304762340727306,-0.24772108803895787,False,True,False
2026-08-19,MOO,82.12999725341797,38,5,False,0.019106499150812306,0.0320606971829156,0.18479511850820463,-0.05117837835169814,True,True,False
2026-08-19,NBHC,41.77000045776367,38,4,False,-0.04452769667197409,0.020535319333287116,0.1913861614844199,-0.11653973062169243,True,True,False
2026-08-19,OCFC,19.219999313354492,38,6,False,0.0007914332841660876,0.02373713912195674,0.12727273744254175,-0.0674430497735613,False,True,False
2026-08-19,PLMR,126.87999725341797,38,3,False,-0.020871330094182516,0.018011347423203317,0.2586053003291817,-0.14049585794461772,False,True,False
2026-08-19,SCI,83.20999908447266,38,5,False,0.05014070189485853,0.04424977346812109,0.21634256146898356,-0.08550389011927562,False,True,False
2026-08-19,TCBI,98.19999694824219,38,5,False,-0.03145887567570127,0.007056544660912989,0.30221445669527136,-0.09842087220819984,False,True,False
2026-08-19,UPS,102.86000061035156,38,4,False,-0.052271555338259446,-0.014268945032637204,0.2543902513457508,-0.1597091942397294,False,True,False
2026-08-19,WIX,77.88999938964844,38,2,False,0.4418039779434906,-0.004496958088533121,0.9394920240436113,-0.5920494297513872,False,False,False
2026-08-19,CORZ,18.719999313354492,38,4,False,-0.19942183447189532,-0.05391715639953576,0.42519977062445014,-0.38542351030807376,False,True,False
2026-08-19,CHD,99.01000213623047,38,6,False,0.004741108924197102,0.052833642743550735,0.2173859572990311,-0.06629572537345652,False,True,False
2026-08-19,HELO,69.58999633789062,38,6,False,0.019906819341446003,0.04086025609277799,0.10041104508044318,-0.009113014216875714,False,True,False
2026-08-19,SHLD,69.19999694824219,38,4,False,0.0877150627661718,0.015023628403040057,0.1953704902027713,-0.11839271929468165,False,True,False
2026-08-19,MCHP,77.08000183105469,38,4,False,-0.09235850675663826,0.00920370316844421,0.5886232708953145,-0.2722122635651365,False,True,False
2026-08-19,PHO,72.37000274658203,38,3,False,0.04219474230426745,0.03453849911773088,0.13896760629250937,-0.03416518815117264,False,True,False
2026-08-19,NTST,20.530000686645508,38,5,False,-0.023004339582557876,0.04494594071715485,0.2062279749987168,-0.0863372801954646,False,True,False
2026-08-19,WDFC,223.22999572753906,38,3,False,-0.05250988486144903,0.025554073783838005,0.2728360674678938,-0.253161591549418,True,True,False
2026-08-19,WTM,2129.199951171875,38,4,False,0.006114059313419018,0.008075207063621193,0.29199026163341935,-0.08735535740596867,False,False,False
2026-08-19,XLG,62.45000076293945,38,6,False,0.01714737399300148,0.04720207965726231,0.18726240636042046,-0.03581899027897062,False,True,False
2026-08-19,QQA,56.310001373291016,38,6,False,0.0021227910585803755,0.04094189047683727,0.16825727141040359,-0.03792922351454264,False,True,False
2026-08-19,SYY,82.45999908447266,38,6,False,0.001398979278023127,0.04482177671509113,0.2092681644252501,-0.10223189488995021,False,True,False
2026-08-19,NU,14.609999656677246,38,3,False,0.07227781406664313,-0.02833525901467715,0.30446427727536274,-0.2302423599028277,False,True,False
2026-08-19,KMI,32.08000183105469,38,5,False,0.0013484968040349266,0.04227421393296016,0.25312505285255527,-0.07842572348563592,False,True,False
2026-08-19,DBMF,30.940000534057617,38,6,False,0.001100125314026812,0.02719887409962185,0.20529803046749806,-0.022741608238300293,False,False,False
2026-08-19,RPM,111.66000366210938,38,5,False,0.024059845784500933,0.046874527450607495,0.20167892662988818,-0.13522298726259774,False,True,False
2026-08-19,KNG,52.2599983215332,38,6,False,0.02673112488817475,0.04497477449432097,0.096057004761811,-0.01766921857003212,False,True,False
2026-08-19,ACWV,127.0,37,6,False,0.034855899390337175,0.04828119229300065,0.08584132176912984,-0.003961382326409191,False,True,False
2026-08-19,AXP,339.8999938964844,37,2,False,-0.004917168648568726,0.002726727261141093,0.16816164027393143,-0.1228160663172373,False,True,False
2026-08-19,BLBD,62.52000045776367,37,4,False,-0.1536288137054982,0.023128822553879047,0.35500652979614267,-0.2502698055478755,False,False,False
2026-08-19,ELS,65.7300033569336,37,6,False,0.016935036870002307,0.031900582217316176,0.1193801428900334,-0.04739125569661462,False,True,False
2026-08-19,FDIS,103.66000366210938,37,4,False,0.01916016831846501,0.026488608515400358,0.15241808981667915,-0.03527215815518747,False,True,False
2026-08-19,FHB,26.770000457763672,37,4,False,-0.06110365099436077,0.007715990525620553,0.18215941340755304,-0.12459121894859182,False,True,False
2026-08-19,FIW,111.76000213623047,37,3,False,0.028625937066924845,0.02704212305427811,0.13438901689300708,-0.0390369801925704,False,True,False
2026-08-19,GATX,176.16000366210938,37,3,False,-0.012401026257846226,-0.0035477492383354514,0.1711209001894416,-0.1430239066241673,False,True,False
2026-08-19,GSBD,9.880000114440918,37,3,False,0.0769801089493225,0.057464879434663496,0.18252551235884362,-0.14310491385458868,False,False,False
2026-08-19,GVA,126.08000183105469,37,4,False,-0.05398610843741214,0.0073433616461962,0.2963191349148495,-0.2221125345095003,True,True,False
2026-08-19,IYK,75.06999969482422,37,6,False,0.014623988536794474,0.05275778976368484,0.15120381458032184,-0.04161881858833316,False,True,False
2026-08-19,LSPD,10.40999984741211,37,4,False,0.025070391868264874,0.016269074355039326,0.3295019091756137,-0.24097705201644926,False,True,False
2026-08-19,MAGS,67.66000366210938,37,4,False,0.02582301601124737,0.03779537550620793,0.2282836486636406,-0.04918493282573633,False,True,False
2026-08-19,MBC,9.380000114440918,37,2,False,0.04025730799457161,-0.0458267496419138,0.4201362736342116,-0.34036568647682464,False,True,False
2026-08-19,MGY,27.489999771118164,37,5,False,0.055505199757184265,0.04806256299567191,0.3050082636681015,-0.16086687486034024,False,True,False
2026-08-19,NVDL,34.22999954223633,37,7,False,0.07815097563477091,0.12528845702078395,0.5893824122678679,-0.2089816988860479,False,True,False
2026-08-19,OCSL,13.079999923706055,37,3,False,0.08143861321538481,0.05947819337836746,0.2304797537995129,-0.08595391054108659,False,False,False
2026-08-19,OZK,49.47999954223633,37,5,False,-0.03137652046950756,0.029378254775427548,0.16780742953951466,-0.07789788142120857,False,True,False
2026-08-19,PLTU,51.150001525878906,37,2,False,0.4938668636654764,-0.01948189487049612,1.4310836169275372,-0.6004998628276197,False,True,False
2026-08-19,QYLD,18.209999084472656,37,6,False,0.009860094038141698,0.02609465294896185,0.1137613859086486,-0.01779945063423971,False,True,False
2026-08-19,TBT,37.560001373291016,37,6,False,0.025618649470181776,0.06842199336392207,0.18523195772511403,-0.04476089357052759,False,True,False
2026-08-19,VCR,399.2200012207031,37,4,False,0.01892627344553377,0.026231606861825796,0.15221654514567673,-0.03635221976192193,False,True,False
2026-08-19,WYFI,21.3799991607666,37,3,False,-0.2871313795085131,-0.026779533866990834,1.0342529681411081,-0.5438446842758045,False,False,False
2026-08-19,COR,317.1000061035156,37,2,False,0.05348209059773246,-0.020600118332897654,0.29523730339398035,-0.1600890000356472,False,False,False
2026-08-19,COLM,60.314998626708984,37,5,False,-0.029242652246542655,0.02708713027826426,0.2705918912090477,-0.12662900725510595,False,False,False
2026-08-19,BOOT,169.1699981689453,37,2,False,0.04552161637354746,-0.021650977332748123,0.2702358272445591,-0.1953864534176204,False,True,False
2026-08-19,POR,50.13999938964844,37,3,False,-0.01806418400574883,-0.008125508370201096,0.19952153839260145,-0.08202123086496615,False,True,False
2026-08-19,KNSL,379.4200134277344,37,4,False,0.10641433540019651,0.05772998015786479,0.3211002691539766,-0.21769069396343432,False,True,False
2026-08-19,PDBA,37.78499984741211,37,6,False,0.03410960564095311,0.058639697904018684,0.12154946238129738,-0.016783774463743684,False,True,False
2026-08-19,STRA,82.7699966430664,37,4,False,0.03579281301255666,0.03317979748130151,0.1875179378347711,-0.07756610334874547,False,True,False
2026-08-19,SBSW,11.59000015258789,37,2,False,0.24854570267142773,-0.08064758288719731,0.6323944096148102,-0.4556129800757779,False,True,False
2026-08-19,CTMX,3.569999933242798,37,3,False,0.053718990933304456,-0.14740161967884258,0.893899178410837,-0.5651644437691672,False,True,False
2026-08-19,HR,19.31999969482422,37,5,False,-0.05662221237484588,0.03562228322894878,0.1867321179336574,-0.12341202848076405,False,True,False
2026-08-19,PCRX,24.360000610351562,37,3,False,-0.01858877505282719,0.029949308468231406,0.2957447659003385,-0.11930582990835759,False,False,False
2026-08-19,FFIN,34.119998931884766,37,5,False,-0.012062590937546136,0.05766962305261658,0.21337119180594377,-0.10493179727385238,False,True,False
2026-08-19,WSC,22.610000610351562,37,5,False,-0.138584606357528,0.018103904226433043,0.5164319813374059,-0.24051057229812245,False,False,False
2026-08-19,DBA,28.290000915527344,37,6,False,0.033258615225935984,0.05659845170601141,0.11377958033072977,-0.019070708535041225,False,True,False
2026-08-19,CBU,63.13999938964844,37,4,False,-0.04326085570711624,0.017944612574251728,0.18106996765713212,-0.11207989245246786,False,True,False
2026-08-19,CATX,3.4800000190734863,37,3,False,0.12643231770414753,-0.00956283412569403,0.7755101792567083,-0.4350649179747177,False,True,False
2026-08-19,ACGL,98.52999877929688,36,6,False,0.0015572660693692342,0.031600273190441674,0.1950273186929148,-0.07993274676735651,False,True,False
2026-08-19,AKR,21.18000030517578,36,5,False,-0.018499273702791474,0.015975974295693085,0.13809777595572403,-0.08033001851113675,False,True,False
2026-08-19,ARLP,26.06999969482422,36,5,False,0.04953379379538769,0.03493448335072613,0.1743242702200858,-0.11477083125813381,False,False,False
2026-08-19,BKGI,44.65999984741211,36,4,False,-0.009481572038803843,0.024030902942314913,0.19093332926432294,-0.04654142395546801,False,False,False
2026-08-19,DTM,132.52000427246094,36,5,False,-0.06282307199984105,-0.0022350009001342874,0.31886942521003037,-0.13317634720091853,False,False,False
2026-08-19,EWG,44.040000915527344,36,5,False,0.0450580621124308,0.04756878013464938,0.15955770000870806,-0.013661827312548058,False,True,False
2026-08-19,EWW,75.13999938964844,36,3,False,-0.009579953111043649,0.005575890361665836,0.24321643112088664,-0.07973058192983784,False,True,False
2026-08-19,FTS,56.22999954223633,36,4,False,-0.015570898971130731,0.021290344959356444,0.15604441298992278,-0.0533670353907566,False,True,False
2026-08-19,GNL,9.010000228881836,36,3,False,-0.0026566047502325496,-0.003803433512815646,0.2045454820731223,-0.10214246478485067,False,False,False
2026-08-19,INCM,29.700000762939453,36,6,False,0.016444526180569907,0.0292282022127901,0.08671792337539164,-0.0016806466238838969,False,True,False
2026-08-19,IWF,122.66999816894531,36,4,False,0.008638409203797659,0.03804810235582479,0.19994125149977715,-0.05010067563328291,False,True,False
2026-08-19,KAI,314.3699951171875,36,4,False,0.012221202459803182,0.020324355730359844,0.28382407557422207,-0.11212475325727966,False,True,False
2026-08-19,KBH,56.400001525878906,36,1,False,-0.004409518756065434,-0.00816328188553761,0.2809448805253765,-0.17915875014726368,False,True,False
2026-08-19,KRC,36.7599983215332,36,3,False,-0.03891409095794374,0.025565150705912698,0.3435671601419914,-0.18365535602825533,False,True,False
2026-08-19,LEA,124.05000305175781,36,4,False,-0.08121726086616077,-0.014899569475495311,0.2916493322492455,-0.17481539585711647,False,True,False
2026-08-19,MRP,30.520000457763672,36,3,False,0.050320413474230996,0.02759041412456842,0.16045632483352046,-0.15222220950656462,False,True,False
2026-08-19,MSFU,35.77000045776367,36,3,False,0.29798029122819303,0.10951714032518178,0.8371855017595708,-0.39259635203780885,False,True,False
2026-08-19,PPLI,38.345001220703125,36,4,False,-0.11383450641178705,-0.03948395190970999,0.2971922162881768,-0.20643622800332018,False,False,False
2026-08-19,PRGO,13.960000038146973,36,3,False,0.2720513134479947,0.13656717569480237,0.5124594507579594,-0.4327509267807552,False,True,False
2026-08-19,SUPN,48.540000915527344,36,3,False,0.040661725183624986,-0.003601504536850486,0.16179996011824294,-0.18666218720984684,False,True,False
2026-08-19,TBPH,16.989999771118164,36,3,False,0.006349647084126886,-0.014188103406674646,0.29892965368643987,-0.1921065517650139,True,True,False
2026-08-19,USAR,18.09000015258789,36,2,False,-0.03047906974035519,-0.0547885550867212,0.579912703400203,-0.5886766634634659,False,False,False
2026-08-19,XYLD,41.65999984741211,36,6,False,0.016082678902602066,0.02895700629453546,0.09000519405649832,-0.00023994053209852595,False,True,False
2026-08-19,GOLF,89.55999755859375,36,3,False,-0.1415091507040972,-0.046955758664358416,0.22533865160648392,-0.251483523473061,False,False,False
2026-08-19,AN,200.52000427246094,36,1,False,-6.480532120223259e-05,-0.0031594732458308794,0.13531881902394893,-0.14965435584368725,False,True,False
2026-08-19,TR,41.25,36,4,False,0.060215071382210494,0.05509669297930864,0.23366723782158272,-0.08455395599586835,False,True,False
2026-08-19,IIIN,31.209999084472656,36,2,False,0.01801169875416675,-0.008172044952745816,0.2817247883175955,-0.21799049852673924,False,True,False
2026-08-19,CORN,18.760000228881836,36,5,False,0.07117979064732216,0.05113645288203106,0.14599873348328796,-0.01934129368095272,False,True,False
2026-08-19,NRDS,10.119999885559082,36,2,False,0.10374311510446654,-0.07588982263218103,0.3806275567384181,-0.37684728890471564,False,False,False
2026-08-19,VONG,126.29000091552734,36,4,False,0.00873669091409357,0.038162699260334776,0.20013301232310665,-0.050022577130686585,False,True,False
2026-08-19,TTWO,237.0399932861328,36,2,False,-0.00990432638708083,0.0357294477815131,0.2633373507301253,-0.10867116225450468,False,False,False
2026-08-19,CL,90.87000274658203,36,5,False,-0.009178722703600206,0.04502572085776668,0.21891346783035992,-0.08517063252311052,False,True,False
2026-08-19,CTRE,39.81999969482422,36,5,False,-0.010904405752557023,0.02710265695286762,0.21439458929590627,-0.08711598647662677,False,True,False
2026-08-19,KMLM,29.010000228881836,36,6,False,0.017748330647548327,0.04674128152586987,0.12572757910611743,-0.038448785034096766,False,False,False
2026-08-19,RRC,40.31999969482422,36,5,False,0.059218508946750736,0.033411583868384165,0.2368098644799479,-0.1653902184089815,False,True,False
2026-08-19,CNNE,15.119999885559082,36,4,False,0.03548876865519346,0.055980213485022245,0.4455066759481241,-0.2394365933677417,False,False,False
2026-08-19,PNW,99.43000030517578,36,4,False,-0.04643441665908932,0.015051718700631378,0.16537741046437815,-0.10552359635205688,False,True,False
2026-08-19,TKO,201.69000244140625,36,3,False,0.04497178403143187,0.023598244358994602,0.1459659229625354,-0.11126288767234549,False,True,False
2026-08-19,PBW,33.54999923706055,36,3,False,-0.05849406454640005,-0.03542757515163297,0.4108493805007216,-0.28949601080588505,False,True,False
2026-08-19,IDA,140.75999450683594,36,4,False,-0.035164838948497645,0.013509093674256345,0.15094023707641102,-0.09134341760224551,False,True,False
2026-08-19,ABG,212.94000244140625,35,2,False,0.0055818526355533304,-0.011656673224490488,0.237951335629766,-0.19151037097082924,False,True,False
2026-08-19,AOM,49.9900016784668,35,6,False,0.010160230480999122,0.027790888687169613,0.0815664292123599,-0.0033891182109738738,False,True,False
2026-08-19,AON,348.42999267578125,35,3,False,-0.0026666000645296783,0.03258862196645418,0.1439311758921249,-0.08869070457421258,False,True,False
2026-08-19,ARES,143.10000610351562,35,4,False,0.1203495361742919,0.06923346582019829,0.49373696811056544,-0.24588949069367427,False,True,False
2026-08-19,AVO,13.220000267028809,35,6,False,0.05528683442471438,0.0339636133195893,0.3128103940086142,-0.14874433391251807,False,True,False
2026-08-19,BALT,34.72999954223633,35,6,False,0.00957892382198211,0.02748909464282301,0.07092196162247544,-0.0011504433419819993,False,True,False
2026-08-19,DXYZ,33.43000030517578,35,5,False,0.233524717838143,0.08768682668459227,0.6960072829731763,-0.5412378338802271,False,True,False
2026-08-19,ES,71.98999786376953,35,4,False,-0.0071440754264826545,0.023795860569069793,0.16999836326979012,-0.05981457293076464,False,True,False
2026-08-19,FE,47.25,35,3,False,-0.013153768546581124,-0.005458921748335621,0.1057804939430409,-0.09724876075179423,False,True,False
2026-08-19,GBCI,47.95000076293945,35,4,False,-0.0469621933893527,0.014429454690055188,0.20175435912801576,-0.12147308255205891,False,True,False
2026-08-19,HAS,93.33000183105469,35,6,False,0.07560962699891549,0.053594130127416095,0.34287772418783713,-0.12759395305248156,False,True,False
2026-08-19,HUBB,475.6400146484375,35,3,False,-0.038806223726636335,-0.01943905020729586,0.17785153291465305,-0.15890341764569382,False,True,False
2026-08-19,IWY,286.260009765625,35,4,False,0.006512508595387878,0.035914146542541214,0.19899480530104707,-0.055621488595776536,False,True,False
2026-08-19,KRP,15.039999961853027,35,7,False,0.011827073127389065,0.07174796762684954,0.3297965874313149,-0.04810127972830669,False,False,False
2026-08-19,LEVI,22.0,35,4,False,-0.08302003341885178,0.0043896378474705955,0.24153503682248623,-0.14396889700777826,False,True,False
2026-08-19,O,62.95000076293945,35,4,False,-0.0029333759877189225,0.022838810899931117,0.126924455336902,-0.07344718132399752,False,False,False
2026-08-19,ORI,41.880001068115234,35,4,False,0.00985747204013121,0.008670545493168813,0.14270120939949704,-0.10436264817337915,False,True,False
2026-08-19,PVH,78.98999786376953,35,6,False,-0.014288424387205567,0.029708876486551405,0.3253355685582402,-0.21598017008665482,False,True,False
2026-08-19,SMIN,71.27999877929688,35,3,False,0.0199934574995273,0.049755877900434786,0.23364486474923885,-0.06136428117321879,False,True,False
2026-08-19,UPBD,19.5,35,3,False,-0.028110048586017844,0.021728765213452794,0.23261696435934542,-0.30431682046691866,False,True,False
2026-08-19,XHB,108.2300033569336,35,5,False,-0.006705143577139583,0.011671694951053357,0.15667418734554395,-0.12101026743156829,False,True,False
2026-08-19,CINF,168.49000549316406,35,5,False,-0.04989231475431932,0.010458754488558153,0.12326670328776035,-0.13510596168204003,False,True,False
2026-08-19,HESM,39.75,35,6,False,0.014335948144990285,0.06641126345276471,0.2567183387505534,-0.049043044843957384,True,False,False
2026-08-19,REG,76.4000015258789,35,4,False,-0.03898644255002437,0.011297696050960537,0.14268622238167183,-0.08677984482946677,False,True,False
2026-08-19,CMC,68.16000366210938,35,3,False,-0.019342606899911963,-0.01586792443086449,0.2840994971901465,-0.19688934303876426,False,True,False
2026-08-19,SBRA,20.540000915527344,35,6,False,0.022053305671551948,0.041183567877248084,0.1962726164390789,-0.09793585847188624,False,True,False
2026-08-19,TT,455.4800109863281,35,5,False,-0.03986655123460836,0.027713054613370813,0.3086249904649008,-0.09961054147753168,False,True,False
2026-08-19,TRP,62.369998931884766,35,4,False,-0.07310260237991217,0.007828959826718496,0.26588184194053266,-0.12732618068267654,False,True,False
2026-08-19,UTF,27.06999969482422,35,5,False,-0.013548686522615982,0.0402316293274656,0.1558496843142565,-0.0369975415491226,False,True,False
2026-08-19,KMB,109.87999725341797,35,5,False,0.014508517765217999,0.06730383648244054,0.18892014099108168,-0.19306749848751192,False,True,False
2026-08-19,DNUT,3.5,35,1,False,0.0220768614323108,-0.027899291216187616,0.21527772948697943,-0.31506851104661837,False,False,False
2026-08-19,NTES,127.25,35,3,False,0.003523569803441484,0.009808832480288077,0.19979259786141013,-0.20244439005920756,False,True,False
2026-08-19,SPLV,75.9800033569336,35,6,False,0.004067588158886748,0.02927783736426859,0.09119641467749617,-0.03603141777323704,False,True,False
2026-08-19,RDN,36.36000061035156,35,3,False,-0.024442577347897454,0.029350372726603347,0.1542857336619543,-0.11425088218941515,False,True,False
2026-08-19,RDWR,27.049999237060547,35,5,False,-0.06458353331265754,0.0330479577129541,0.24769367418333288,-0.17505341623057658,False,True,False
2026-08-19,CCJ,97.9800033569336,35,4,False,0.019266016528830088,-0.06555957106566801,0.4208237334358551,-0.27551020868683596,False,True,False
2026-08-19,FERG,243.19000244140625,35,5,False,0.028381460966695915,0.01038429548931874,0.17120980136898467,-0.10473424632910544,False,True,False
2026-08-19,XLP,86.54000091552734,35,6,False,0.02125591660091164,0.04540897853764392,0.1514102807202895,-0.039937857760120155,False,True,False
2026-08-19,KMT,30.579999923706055,35,3,False,-0.10032361977212223,-0.1008513679361629,0.5027026707847901,-0.3019858716017,False,False,False
2026-08-19,AEE,109.27999877929688,34,4,False,-0.015509692255526453,0.01527416401490167,0.1316143639291516,-0.07640298291788106,False,True,False
2026-08-19,AEP,126.2699966430664,34,4,False,-0.036270216159943636,-0.004018030494154834,0.1946073821070844,-0.10179260920188116,False,True,False
2026-08-19,AHRT,6.71999979019165,34,4,False,-0.0306387657746251,0.029656215111950823,0.3099414503471245,-0.1284047007856124,False,True,False
2026-08-19,ALB,134.27999877929688,34,4,False,0.008211040611438625,-0.13136461479901262,0.8846315618146929,-0.3923981955687924,False,True,False
2026-08-19,ALV,122.2699966430664,34,4,False,0.01183380463301531,0.027313643178195735,0.23305760515807372,-0.07490354591080728,False,True,False
2026-08-19,ARGT,91.41000366210938,34,5,False,-0.0221249078258271,-0.0096703294158208,0.3747933012330382,-0.12080405319926768,False,True,False
2026-08-19,BLOK,60.34000015258789,34,2,False,-0.023205740851779733,0.008966409682322318,0.28656712557446173,-0.20490182319307804,False,True,False
2026-08-19,EFC,13.710000038146973,34,3,False,0.014263315169002366,0.0372102039496216,0.21542556406920332,-0.029036816624299577,False,True,False
2026-08-19,EMA,51.630001068115234,34,4,False,-0.023280079729645187,0.010526089222615331,0.12803147371080192,-0.06956209215343123,False,False,False
2026-08-19,FSTA,54.619998931884766,34,6,False,0.021129241418104572,0.04063266612396532,0.14076854038037823,-0.04057617004932634,False,False,False
2026-08-19,FUL,60.849998474121094,34,4,False,0.024486642306525752,0.011061000738437299,0.24923012970284208,-0.11336149046559096,False,True,False
2026-08-19,HAYW,15.100000381469727,34,1,False,-0.015760835364050374,-0.013829222453285994,0.16782676141355624,-0.14833610990803636,False,True,False
2026-08-19,IBP,249.6999969482422,34,1,False,0.10054298929120953,-0.047112968233132935,0.2930453946405154,-0.28452722937466424,False,True,False
2026-08-19,INDI,4.005000114440918,34,3,False,0.021084593131435403,0.041924139110417924,0.726293202449751,-0.33801653087973693,False,False,False
2026-08-19,IRMD,87.4000015258789,34,3,False,-0.06700981384240856,-0.07363856101133581,0.2882874595417302,-0.1899907294726335,False,True,False
2026-08-19,JEPQ,59.869998931884766,34,6,False,0.005167688896895228,0.020835286574224066,0.1188563036787127,-0.029974112965470923,False,True,False
2026-08-19,KKR,110.45999908447266,34,3,False,0.10885577647230149,0.038541970357462096,0.3361558186893314,-0.2737672935443788,False,False,False
2026-08-19,MAIN,58.16999816894531,34,3,False,0.07953319156032568,0.030613643987332573,0.18835540883150337,-0.13617461638894646,False,False,False
2026-08-19,NVAX,8.789999961853027,34,3,False,0.0391053504917267,0.04253148920027505,0.4177419729461047,-0.26566417996957326,False,False,False
2026-08-19,OHI,46.91999816894531,34,5,False,-0.024158963999508454,0.016280594771822088,0.1951095306901931,-0.10440926292096742,False,True,False
2026-08-19,PFIX,51.349998474121094,34,4,False,0.08031571437676677,0.09385706145946648,0.2413875593011796,-0.1149603917790053,False,True,False
2026-08-19,TCHP,50.439998626708984,34,4,False,0.012107543879348315,0.028607351425171013,0.19370482432125602,-0.05294779916814385,False,False,False
2026-08-19,VALE,13.899999618530273,34,4,False,-0.05776768041376401,-0.07328702293903888,0.4374353163249909,-0.2251951390891953,False,True,False
2026-08-19,VRSN,273.0299987792969,34,6,False,-0.002204413370810787,0.0536507837728426,0.3072392893872513,-0.126248114503418,False,True,False
2026-08-19,WEN,8.930000305175781,34,4,False,0.17636213943329504,0.1595671190521304,0.4711696956561393,-0.17619924543599985,False,True,False
2026-08-19,WY,24.6200008392334,34,5,False,0.011196297966626911,0.017580364255960435,0.16351611610453065,-0.11279276255014781,False,True,False
2026-08-19,CELC,93.6500015258789,34,3,False,-0.0016821448707183828,-0.11145055467679543,1.1082846777636974,-0.3798834665841926,True,True,False
2026-08-19,CPT,108.4000015258789,34,5,False,-0.03715993069890533,0.01294117987837895,0.12296698328693889,-0.0952340895185706,False,True,False
2026-08-19,VDC,234.39999389648438,34,6,False,0.020528980231551586,0.04042658432878987,0.14091018436732017,-0.040641787173711696,False,True,False
2026-08-19,ASHR,34.27000045776367,34,4,False,-0.024308287856062982,0.004606786655705575,0.15816155055904835,-0.08197163737467095,True,True,False
2026-08-19,JANX,17.520000457763672,34,3,False,0.134031994819362,0.08543295601615886,0.44554460587402,-0.504244471360572,False,True,False
2026-08-19,AWI,178.60000610351562,34,3,False,0.08216587116225327,0.019512044931629946,0.18844828023860893,-0.13334625137507172,False,True,False
2026-08-19,NOW,127.19999694824219,34,3,False,0.177594565614964,0.05256491917440287,0.5657311705195078,-0.3467744507471381,False,True,False
2026-08-19,WMS,146.41000366210938,34,3,False,0.00848477603070652,-0.010104133170750651,0.14356014260764516,-0.18350388049683153,False,True,False
2026-08-19,NSSC,37.79999923706055,34,2,False,0.010306167097010377,-0.06397185158970364,0.2650602509618929,-0.2144638388174629,False,True,False
2026-08-19,DHI,151.86000061035156,34,5,False,0.0008383218921712565,0.014076949854838094,0.1526375757901446,-0.17713357843856659,True,True,False
2026-08-19,XLY,118.58999633789062,34,3,False,0.021820168554415043,0.012918978331400544,0.12738847405150078,-0.05135593703409114,False,True,False
2026-08-19,FXU,48.650001525878906,34,4,False,-0.007507409554140532,0.012307951679545459,0.12641822349569187,-0.05753578976095919,False,False,False
2026-08-19,CLX,107.9000015258789,34,4,False,0.09335133933331696,0.042383177150888685,0.27390797418580304,-0.16291693844043098,False,True,False
2026-08-19,AFL,116.51000213623047,33,5,False,-0.04148490773663349,0.019426073229920515,0.11322375367364157,-0.10528335859278859,False,True,False
2026-08-19,AGI,35.7400016784668,33,3,False,0.1362264043374981,-0.07911158725407652,0.3912028390612816,-0.3549900419258707,False,True,False
2026-08-19,AOK,41.404998779296875,33,6,False,0.004822052943817212,0.015564560942776584,0.055980610713491474,-0.005404811026793133,False,True,False
2026-08-19,AOSL,27.139999389648438,33,4,False,-0.2628245391790778,-0.073293177174799,0.5955319826255232,-0.5005520921339945,False,True,False
2026-08-19,BAM,52.650001525878906,33,3,False,0.08666042318937173,0.06925810108669217,0.24763034535574624,-0.1585424039847949,False,False,False
2026-08-19,BF.B,28.43000030517578,33,4,False,0.05046520216412742,0.04394637201023732,0.2574082060024201,-0.10933583216718368,False,True,False
2026-08-19,BOXX,117.88999938964844,33,6,False,0.004011275096264866,0.015410305384362832,0.04051188185576504,-0.00025439942132543525,False,True,False
2026-08-19,BRK.A,750170.0,33,4,False,0.0007169646077529457,0.01661443717448252,0.07474212034383965,-0.06938691457543267,False,True,False
2026-08-19,BRK.B,499.6199951171875,33,3,False,-0.0006972496005794859,0.015639419328979498,0.07674400250449209,-0.07088926955306563,False,True,False
2026-08-19,BRO,71.48999786376953,33,3,False,0.06745461654071727,0.02363272531003391,0.3285633904342198,-0.27273656516441847,False,True,False
2026-08-19,ETD,22.6299991607666,33,2,False,0.008547887188700143,0.0020234935940803833,0.23796489664789755,-0.2795288356987654,False,True,False
2026-08-19,EWM,28.479999542236328,33,4,False,0.0273428891706351,0.010308822378999993,0.15537525285910792,-0.07049607997517959,False,True,False
2026-08-19,FCPT,25.209999084472656,33,5,False,-0.0016000082571402396,0.021849548192484525,0.10667244620636485,-0.06142969055790015,False,True,False
2026-08-19,FMS,23.84000015258789,33,2,False,-0.001449241738929019,0.028055926331683967,0.19080917120273289,-0.13748188570813424,False,False,False
2026-08-19,GNRC,210.80999755859375,33,4,False,-0.10336198957377818,0.021935410611637174,0.5638723500447633,-0.28886116643362925,True,True,False
2026-08-19,HTGC,16.899999618530273,33,3,False,0.05251355409504743,0.025087322258037226,0.23357663166542664,-0.138634103178224,False,False,False
2026-08-19,IBN,29.440000534057617,33,3,False,0.006475098638516252,0.018322207228648413,0.17384372502451306,-0.11829885977222865,False,True,False
2026-08-19,IBOC,71.52999877929688,33,4,False,-0.050883184660859504,0.0064101664668372305,0.13180376449049258,-0.08832526619984682,False,True,False
2026-08-19,ITB,99.26000213623047,33,3,False,0.00791017632550961,0.005979550535681444,0.16803951771239545,-0.15881354121838587,False,True,False
2026-08-19,IYC,103.58000183105469,33,3,False,0.024418727189356337,0.017595238942412772,0.10203217560644107,-0.03520863224485127,False,True,False
2026-08-19,JGRO,94.43000030517578,33,2,False,-0.005227216490722442,0.01906360497498638,0.16350414051621942,-0.053143516227399545,False,True,False
2026-08-19,MGEE,81.23999786376953,33,3,False,0.011645604085829042,0.02457773263360541,0.12583139884772465,-0.07692312360112963,False,True,False
2026-08-19,QBTS,19.31999969482422,33,1,False,-0.06998239682241292,-0.12846169224320647,0.5152940937117034,-0.5867379744422627,False,True,False
2026-08-19,ROAD,115.61000061035156,33,3,False,0.044874188278442695,0.006142950662595181,0.23752946774069472,-0.23437085688508896,False,True,False
2026-08-19,SPYI,53.599998474121094,33,4,False,0.007670298256744479,0.021104059652376606,0.12204308060478408,-0.015972144796856713,False,True,False
2026-08-19,TMDX,93.97000122070312,33,2,False,0.22458821099748305,-0.1190007526565765,0.5634306952231078,-0.3976281973031851,False,True,False
2026-08-19,DLB,62.70000076293945,33,3,False,0.1592777487515291,0.03546254157347062,0.2992126594203226,-0.17129265492833046,False,True,False
2026-08-19,CHH,109.20999908447266,33,5,False,-0.0034220095407887507,0.04467388506150294,0.29950021293127893,-0.12097552348461427,False,True,False
2026-08-19,SAP,215.60000610351562,33,4,False,0.24930179504132144,0.08521999737170471,0.4872042787340878,-0.23374912092627143,False,True,False
2026-08-19,ED,108.0,33,4,False,-0.01673731558354674,0.011507302379407225,0.13732098821870742,-0.07080790776250667,False,True,False
2026-08-19,VNOM,43.880001068115234,33,4,False,0.018456649071745046,0.022858748620376623,0.25014253491969685,-0.1417954204683386,False,True,False
2026-08-19,MDU,20.5,33,4,False,-0.016645079387460515,-0.015317813695854388,0.30076140242889227,-0.10791991260392275,False,False,False
2026-08-19,CLSK,11.670000076293945,33,1,False,-0.17387548773782702,-0.07925361192851998,0.45875000953674316,-0.5057179256836888,False,True,False
2026-08-19,POWR,26.469999313354492,33,4,False,-0.016599321413358514,0.012426775637757181,0.141932655947554,-0.06926867734562803,False,True,False
2026-08-19,JBLU,4.900000095367432,33,3,False,-0.12546848229530694,-0.03413065190252673,0.26614993288547595,-0.25981870391624495,False,True,False
2026-08-19,BYD,82.68000030517578,33,4,False,-0.04356918903559737,-0.01967990842700229,0.08319138375203883,-0.09550380710193862,False,True,False
2026-08-19,SPOT,533.3699951171875,33,3,False,0.09974645560963147,0.04036852050911177,0.31696295090663584,-0.2840671206480705,False,True,False
2026-08-19,CXT,48.560001373291016,33,1,False,-0.020533276978794923,-0.002161682030968559,0.35984325450195187,-0.29623186415520264,False,True,False
2026-08-19,WPC,71.94999694824219,33,4,False,-0.015422132434904867,0.017392486942436225,0.14061501045836589,-0.06824662249614188,False,True,False
2026-08-19,ABEV,2.809999942779541,32,5,False,-0.08139916188144958,-0.027126231458460826,0.338095271614405,-0.1855072742198547,False,False,False
2026-08-19,AEO,16.670000076293945,32,2,False,-0.037484409182640066,-0.15729129804212583,0.38340247406065253,-0.41426561445714016,False,True,False
2026-08-19,AES,14.699999809265137,32,3,False,-0.0011144142307846217,0.010764284311123085,0.19221410382999626,-0.16713880300416606,False,True,False
2026-08-19,APO,133.6300048828125,32,5,False,0.05350712841788341,0.04771567079622607,0.34220578705988447,-0.1282535668627942,False,True,False
2026-08-19,AVGO,362.4800109863281,32,3,False,-0.06850619024961013,-0.018192047500032116,0.2859829611719651,-0.2677171495225694,False,True,False
2026-08-19,BA,222.1999969482422,32,4,False,0.00200941913827668,0.012752831548245913,0.2570005746323263,-0.1264006620160606,False,True,False
2026-08-19,DOV,202.3800048828125,32,3,False,-0.05096767326956564,-0.03172812713696682,0.27307041157936385,-0.14801713141823558,False,True,False
2026-08-19,DSGX,77.58000183105469,32,2,False,0.06194837656660379,0.02403339158817075,0.2400895161133456,-0.28825686393527805,False,True,False
2026-08-19,DX,13.329999923706055,32,2,False,0.02544770791189066,-0.006717516548183977,0.1267962814601682,-0.1071668016587417,False,True,False
2026-08-19,EFX,192.10000610351562,32,2,False,0.12347331615743751,0.016897144441474055,0.27429523120076693,-0.2933342823300369,False,True,False
2026-08-19,ENSG,182.49000549316406,32,3,False,0.07632477976090724,-0.001076677398894943,0.28895326411230493,-0.1628898830588804,False,True,False
2026-08-19,FND,57.41999816894531,32,2,False,0.021835424017967675,-0.01804696556360752,0.3466228656392749,-0.37860506544576533,False,True,False
2026-08-19,FTHI,24.100000381469727,32,6,False,0.01096542640358722,0.01788480178076557,0.07733569411415431,-0.011890078533654758,False,True,False
2026-08-19,HGV,45.31999969482422,32,4,False,-0.0813451452954349,-0.011985030366081006,0.23185644378977877,-0.18194948652385923,False,True,False
2026-08-19,HIG,137.52999877929688,32,6,False,0.002833564032727942,0.013215706998118026,0.1429402201156056,-0.05846517503053428,False,True,False
2026-08-19,HLN,9.869999885559082,32,5,False,0.024539104632625097,0.0052759053004083345,0.14104049951809117,-0.12499998943180035,False,True,False
2026-08-19,IGF,66.01000213623047,32,3,False,-0.008849902408167853,0.008734962369654875,0.11127946869617111,-0.05158040828442645,False,True,False
2026-08-19,JEPI,57.959999084472656,32,4,False,0.020390186841041213,0.012363711132408195,0.05190563864887987,-0.03238735211998456,False,True,False
2026-08-19,MELI,1908.6500244140625,32,2,False,0.07421830624778147,0.019463586415885192,0.2766889795411789,-0.25106924684557097,False,False,False
2026-08-19,NAD,11.8100004196167,32,1,False,-0.004400500035926624,-0.009103461263004764,0.0630063712485125,-0.04061738285591132,False,False,False
2026-08-19,NVDU,136.4199981689453,32,6,False,0.07853917609009864,0.11382080424647945,0.5859102940332581,-0.21094338220517528,False,True,False
2026-08-19,PLAB,30.700000762939453,32,3,False,-0.005506944891744303,-0.12645239193385882,0.5311721661412023,-0.45178570066179546,False,True,False
2026-08-19,REM,22.350000381469727,32,3,False,0.021957237201432056,0.0050658166101209545,0.09505147224700239,-0.07068602534386603,False,True,False
2026-08-19,SAIA,359.19000244140625,32,4,False,-0.1293207872172244,-0.0567075752740035,0.44067861338665537,-0.2739382493874246,False,True,False
2026-08-19,SMG,61.130001068115234,32,4,False,-0.06785319834046133,-0.018604436473777186,0.17557694361760068,-0.18861157367257242,False,False,False
2026-08-19,SPXC,207.86000061035156,32,4,False,-0.06305387017952913,-0.035837204963103386,0.1572208343215895,-0.172136374484276,False,True,False
2026-08-19,XEL,79.41000366210938,32,3,False,0.0009908228361124038,0.0066693385829714735,0.11390100494182276,-0.0572242609845206,False,True,False
2026-08-19,CRM,206.08999633789062,32,4,False,0.18970097292586474,0.02350498475786922,0.4084881494109849,-0.23417930379410934,False,True,False
2026-08-19,CYD,43.439998626708984,32,4,False,-0.07313766450933823,-0.01302115391087777,0.516230338747119,-0.293428774395712,False,True,False
2026-08-19,MIDD,112.43000030517578,32,4,False,-0.1469714365232726,-0.061138727846586916,0.26105833082315577,-0.24315046788654116,False,False,False
2026-08-19,TSPY,25.639999389648438,32,4,False,0.007825964503542115,0.018801516996079126,0.13125957881973793,-0.03862019811394901,False,True,False
2026-08-19,IONQ,43.36000061035156,32,1,False,-0.03822264782993756,-0.03713448458208235,0.6747779695849716,-0.48771265450109946,False,True,False
2026-08-19,WOR,57.33000183105469,32,6,False,0.011824955620312716,0.0448913568959719,0.273717039967706,-0.1544247898146912,False,True,False
2026-08-19,WCN,168.75,32,3,False,0.017562983249256314,0.018885150318205923,0.14881884880647678,-0.10596026490066224,False,True,False
2026-08-19,SPPP,14.529999732971191,32,1,False,0.08825907139663558,-0.06684907484817593,0.2558340636319216,-0.389752202483046,False,False,False
2026-08-19,SBGI,14.579999923706055,32,3,False,0.0350114958889689,-0.00418339248955113,0.1701444525737228,-0.18456372438213586,False,False,False
2026-08-19,RSG,221.0399932861328,32,4,False,0.030406854431973773,0.032440287352305086,0.12540089183234904,-0.07367363251525116,False,True,False
2026-08-19,DEI,11.819999694824219,32,2,False,-0.014917933380201864,0.05520166137981031,0.30752209565290145,-0.3042966536752161,False,True,False
2026-08-19,GGG,82.69000244140625,32,3,False,0.06717708053501181,0.002798988872806829,0.14039442842726424,-0.1358553628207949,False,True,False
2026-08-19,TPL,373.17999267578125,32,3,False,-0.03752762024270029,-0.04015973391660688,0.38608389390537856,-0.31801903444660395,False,False,False
2026-08-19,AESI,13.029999732971191,31,3,False,-0.06211763189184005,0.010406467166681477,0.7050509545603276,-0.35270738816687686,False,True,False
2026-08-19,ARLO,13.569999694824219,31,1,False,0.0022304391063432405,-0.014073271034761858,0.22805424982728129,-0.31945840865718167,False,False,False
2026-08-19,DUOL,146.02999877929688,31,3,False,0.12929467928421667,0.07953742197402658,0.6615087017112449,-0.6036037670437107,False,False,False
2026-08-19,EBND,21.239999771118164,31,3,False,0.015063458346457503,0.004523657867115949,0.04322196141385115,-0.03190522998633649,False,True,False
2026-08-19,EMLC,25.809999465942383,31,4,False,0.012689000003438089,0.005700638889775567,0.04072581693359556,-0.0307923289773252,False,False,False
2026-08-19,ENOV,26.5,31,4,False,0.057242715643687436,0.05380991835273452,0.3845350493758166,-0.2269544648874241,False,False,False
2026-08-19,EWZ,34.2599983215332,31,3,False,-0.02037039017397224,-0.040834570458043284,0.25356745031733663,-0.18467401360526925,False,False,False
2026-08-19,GGOV,50.16999816894531,31,3,False,0.001154574522444607,0.009542218121344037,0.04412068606755826,-0.02240844763673855,False,True,False
2026-08-19,HIVE,2.819999933242798,31,1,False,-0.14233579095561177,-0.05905908017349559,0.6300577469086206,-0.6403061379645574,True,False,False
2026-08-19,LBRT,20.139999389648438,31,3,False,-0.13958836340710146,-0.18148882985947457,1.0343434510796845,-0.4158594171561354,False,True,False
2026-08-19,LEG,9.680000305175781,31,2,False,-0.08954098512672615,-0.0984236105751638,0.16067147818601546,-0.2553845919095553,False,True,False
2026-08-19,NAC,11.8100004196167,31,2,False,-0.010108428147626691,-0.006222643161049479,0.06684740245643073,-0.035918333092514354,False,True,False
2026-08-19,NOMD,11.9399995803833,31,4,False,0.053839331031251714,0.06673810451011142,0.32814236756073023,-0.24952861754266842,False,False,False
2026-08-19,NUKZ,66.23500061035156,31,2,False,-0.001821379795495237,-0.03282939730266743,0.19234926228698201,-0.1435867113184549,False,True,False
2026-08-19,OGE,46.93000030517578,31,4,False,-0.02431214773250223,0.010976848906866676,0.1254196509963723,-0.07234631026631622,False,True,False
2026-08-19,REXR,37.560001373291016,31,3,False,0.05229542414314681,0.008690459279792284,0.1686372771179403,-0.1536728150221709,False,True,False
2026-08-19,TSLS,59.029998779296875,31,6,False,0.01256310837283059,0.06224811641830397,0.27770558018365543,-0.23979397785815149,False,True,False
2026-08-19,WLFC,55.09000015258789,31,4,False,-0.1694538010513713,-0.06620567665482668,1.4009008419895066,-0.3243806567055586,True,True,False
2026-08-19,WM,225.0800018310547,31,4,False,-0.011968919285808344,0.004441409226998427,0.15954871528165637,-0.09289486397521307,False,True,False
2026-08-19,DAPP,18.1299991607666,31,1,False,-0.04065956928106629,-0.023767774494118044,0.3252923067485005,-0.3404874750193875,False,True,False
2026-08-19,CNX,35.81999969482422,31,3,False,0.05377114163171415,-0.031006712646445056,0.2922078132075363,-0.17881704328422177,False,True,False
2026-08-19,CWST,92.8499984741211,31,4,False,0.01017462553822468,0.01037853529519528,0.2538824395351189,-0.13995925100489148,True,True,False
2026-08-19,CPA,129.77999877929688,31,4,False,-0.09656293308607644,-0.007326879589748536,0.20792996863597457,-0.1912507148248639,False,True,False
2026-08-19,QDVO,29.75,31,4,False,0.0041177280263555716,0.02173636997072026,0.15533980582524265,-0.03939293963201407,False,True,False
2026-08-19,CAIE,27.142000198364258,31,3,False,0.004612594144513427,0.013702280233049313,0.11101104622638536,-0.026470551815542143,False,True,False
2026-08-19,FER,64.63999938964844,31,3,False,-0.01825285628511164,-0.034790265049261526,0.21560884470304442,-0.13571334940004842,False,True,False
2026-08-19,UDR,37.5099983215332,31,5,False,-0.03877204813738755,0.01565033883310951,0.13873709427293934,-0.10690480186825702,False,True,False
2026-08-19,SLGN,41.189998626708984,31,3,False,-0.05222324061162498,-0.012307226490717693,0.1544282027580004,-0.16871848111147425,False,True,False
2026-08-19,LNT,70.1500015258789,31,4,False,-0.04436644022254621,-0.00319005221529145,0.10856515295682456,-0.10988448548391716,False,False,False
2026-08-19,CDRE,34.13999938964844,31,2,False,0.1238395939122805,-0.04768680855935248,0.3268558102228847,-0.2998359195067556,False,False,False
2026-08-19,DGXX,3.5799999237060547,31,4,False,-0.23782761050777057,-0.10132669288948748,0.924731126974492,-0.6108695654427396,True,True,False
2026-08-19,SIG,85.23999786376953,31,1,False,-0.045178195253104625,-0.04998767847400187,0.1901702680099031,-0.22649727564144728,False,True,False
2026-08-19,PGR,217.27000427246094,31,3,False,0.013922498439842501,0.03311613019989146,0.1483615633032891,-0.14772678572668418,False,True,False
2026-08-19,UUP,27.8799991607666,31,3,False,-0.014011813069008894,0.00516097312336683,0.0560605895311268,-0.025174867520967648,False,True,False
2026-08-19,CMRE,15.130000114440918,31,5,False,0.0036484334052400147,-0.04958430312490025,0.3957564484746665,-0.16223695670793725,False,True,False
2026-08-19,CGNT,8.8100004196167,31,2,False,-0.00022691323277646003,-0.007826965021840548,0.4006360052538509,-0.2843216799913789,False,True,False
2026-08-19,YUMC,47.58000183105469,31,4,False,0.07345426847893699,-0.0035789502280551,0.18505604041849755,-0.18513440095206068,False,True,False
2026-08-19,RITM,10.380000114440918,31,3,False,0.08889497259863544,0.020428240758373795,0.23131669497898977,-0.18524330448006854,False,True,False
2026-08-19,STE,236.91000366210938,31,3,False,0.08255097702220238,0.011624449442145579,0.21405147280469206,-0.12073188273656954,False,True,False
2026-08-19,AMBA,74.58999633789062,30,4,False,0.016292786710006446,0.06089509910476565,0.5443063667930204,-0.22856557602124516,False,True,False
2026-08-19,AMDY,43.27000045776367,30,3,False,-0.14900897156153114,0.01511887444254989,0.47427597599223237,-0.2758158919202732,False,True,False
2026-08-19,ARCC,19.799999237060547,30,3,False,0.04600295503813645,0.025577233197119353,0.13793101558314835,-0.12466850121781081,False,True,False
2026-08-19,ARR,16.479999542236328,30,2,False,-0.017374839118848406,-0.04252015051549818,0.17882690142063362,-0.14655618860567077,False,True,False
2026-08-19,BMA,75.22000122070312,30,2,False,-0.16726815792804428,-0.11401178094481201,0.9639687394018894,-0.2913801211546396,False,False,False
2026-08-19,BSCQ,19.56999969482422,30,3,False,0.00163782264740564,0.0008448479856215663,0.0035897279397034687,-0.002548478199307369,False,False,False
2026-08-19,EMBC,5.420000076293945,30,2,False,0.4991840515982626,-0.34077895259868674,0.9566787413771229,-0.6514469447065772,False,False,False
2026-08-19,ENPH,39.369998931884766,30,4,False,-0.09802378710016957,-0.023530051455588508,0.5271527495450812,-0.46609709692942214,False,True,False
2026-08-19,ERIE,267.3800048828125,30,3,False,0.12244180226239787,0.045050374544403304,0.306651021368717,-0.27499996276325755,False,True,False
2026-08-19,LIN,481.1300048828125,30,4,False,-0.05435274194301076,0.009620605564274465,0.24072929598580295,-0.12234586981163609,False,True,False
2026-08-19,MSCI,565.27001953125,30,4,False,-0.032216714193991636,-0.014542380933356358,0.12810336608749573,-0.12329977758239563,True,True,False
2026-08-19,NVG,12.369999885559082,30,2,False,-0.016943236234915227,-0.02296468502037463,0.07285344076685663,-0.08977190973735849,False,False,False
2026-08-19,NZF,12.34000015258789,30,1,False,-0.012009596978104886,-0.017519824519856342,0.053800180391853525,-0.05222736415268747,False,True,False
2026-08-19,OGS,81.38999938964844,30,3,False,0.03442489887217759,-0.004069265275795653,0.09986485661687072,-0.10343687503760912,False,True,False
2026-08-19,PRDO,32.65999984741211,30,2,False,-0.007101687954371938,0.0007491808856616711,0.22505626535412082,-0.15168831565163354,False,True,False
2026-08-19,RYAN,42.209999084472656,30,2,False,0.04758688448666493,-0.007233503585911238,0.44159829558079444,-0.3004640540647673,False,True,False
2026-08-19,TBLL,105.83000183105469,30,3,False,0.001746423657267071,0.001658533466818879,0.0036987801651955365,-0.0006609980530275505,False,True,False
2026-08-19,TIC,9.199999809265137,30,3,False,0.12972147350017216,0.016237689437867964,0.4465408201463994,-0.38436833117208,False,False,False
2026-08-19,USAC,26.850000381469727,30,4,False,0.019780333669117578,0.024340009712313426,0.22883294794998443,-0.12111289518797463,False,False,False
2026-08-19,VRIG,25.1299991607666,30,3,False,0.0017299814785562972,0.0014166172470189142,0.005199966430664116,-0.0019857483639069695,False,True,False
2026-08-19,CGHM,25.450000762939453,30,3,False,-0.008732472938738245,-0.006075796924626342,0.039624233612812976,-0.15166664123535156,False,True,False
2026-08-19,FXE,107.77999877929688,30,3,False,0.01786215970096139,0.004621825111005506,0.030401532997751834,-0.033709898739179955,False,True,False
2026-08-19,IHI,56.63999938964844,30,3,False,0.09432780153904385,0.012005043793972714,0.19569349096024635,-0.12471024276000398,False,True,False
2026-08-19,LKFN,60.06999969482422,30,4,False,-0.026067734520400565,0.006345988473746678,0.10504045291319075,-0.13443806377404155,False,True,False
2026-08-19,HYMB,24.8799991607666,30,3,False,-0.009396432008658251,-0.0080753679928518,0.03537238659312547,-0.02393097747465389,False,True,False
2026-08-19,MINT,100.69000244140625,30,6,False,0.0005903006953824619,0.0014595958472698456,0.004088588622859213,-0.001289399462521934,False,True,False
2026-08-19,GSY,50.2599983215332,30,3,False,0.0017219875675491547,0.0008652190295990181,0.004195785967508137,-0.002579898187931695,False,True,False
2026-08-19,NEE,85.91000366210938,30,3,False,-0.014506481300793017,-0.021677139742700358,0.24075687915441968,-0.13002527937104436,False,True,False
2026-08-19,SDIV,24.90999984741211,30,4,False,0.011483231348464518,-0.0023509498276038654,0.08777293722115953,-0.057866893182346946,False,True,False
2026-08-19,SEB,4390.0,30,3,False,-0.04589961736804404,-0.08993184648859842,0.39808471512728594,-0.26703477759670247,False,False,False
2026-08-19,CTSH,60.93000030517578,30,2,False,0.2524306625487438,-0.03865420513366913,0.643203810581978,-0.2998965740572881,False,True,False
2026-08-19,NEA,11.329999923706055,30,1,False,-0.01249848151382793,-0.01800612153479464,0.05297394820626811,-0.047899135554310024,False,False,False
2026-08-19,WS,36.02000045776367,30,3,False,-0.02264043076351885,-0.02799964379990516,0.3232917474796475,-0.26743945903758215,True,True,False
2026-08-19,RILY,7.230000019073486,30,3,False,-0.047280197639300914,0.012286046105701054,0.9862636842599268,-0.3567615510410068,False,True,False
2026-08-19,TATT,38.5,30,1,False,-0.09554774918362341,-0.12451350889457735,0.22144668276859392,-0.4031007751937985,False,True,False
2026-08-19,PTLO,4.909999847412109,30,3,False,0.0745392944196297,-0.01565729570745522,0.3006621783765029,-0.35648757879843285,False,False,False
2026-08-19,JBS,13.75,30,3,False,0.08657858745546299,-0.05075524956344224,0.19669280016546953,-0.2627345693702712,False,False,False
2026-08-19,STC,68.9000015258789,30,3,False,0.017950833230210295,0.010346173986111484,0.20644371895507097,-0.12352116790588119,False,True,False
2026-08-19,DIS,106.93000030517578,30,3,False,0.07446818913928777,0.02676522392436742,0.15988716209371967,-0.10728000171212326,False,True,False
2026-08-19,BIL,91.56999969482422,29,5,False,0.00042608281801737036,0.0005561647388463431,0.0033968611805530458,-0.002288070246956986,False,True,False
2026-08-19,BILS,99.33000183105469,29,4,False,0.0005580673863363472,0.0003567858847937089,0.0025232135181656457,-0.0019091119214276198,False,True,False
2026-08-19,DUK,123.5999984741211,29,2,False,-0.016656390475943805,-0.0067454665914160605,0.08516239524402702,-0.08097261189863281,False,False,False
2026-08-19,DUSB,50.75,29,3,False,-0.0009173849546524337,-0.000391767327781789,0.00395649388640984,-0.0031427980336213857,False,False,False
2026-08-19,EWH,22.899999618530273,29,5,False,0.04165717729440788,0.010343878376217086,0.11165044633346022,-0.07137065043682611,False,True,False
2026-08-19,EXC,45.29999923706055,29,2,False,-0.020684542941320827,-0.016239662935702892,0.06387969208639377,-0.10562689294461025,False,True,False
2026-08-19,FALN,27.06999969482422,29,2,False,0.0004974629132006303,-0.00425391375477524,0.026428564248027753,-0.02590864328834308,False,False,False
2026-08-19,GBIL,100.06999969482422,29,3,False,0.000431878884363579,0.00020389552608501837,0.0022033172164759307,-0.00189509712106406,False,True,False
2026-08-19,HD,344.29998779296875,29,2,False,0.014198154972372645,-0.006290591071912988,0.19093732453844403,-0.19320448086006148,False,True,False
2026-08-19,HIMU,48.38999938964844,29,1,False,-0.012714949878134707,-0.009414057399702247,0.02347717087585055,-0.03103723026999794,False,False,False
2026-08-19,IBTG,22.8700008392334,29,2,False,0.0003805920288078024,-0.0004730683416689363,0.0021911106519656443,-0.0034858353397200226,False,False,False
2026-08-19,INSM,130.66000366210938,29,2,False,0.19214678867999058,-0.09766219134530685,0.44551393455449784,-0.38585192168221205,False,True,False
2026-08-19,JMST,50.92499923706055,29,3,False,0.0002101435219206138,-0.0006104423855460839,0.0024606299582148328,-0.004009423562921222,False,True,False
2026-08-19,NVDX,19.31999969482422,29,4,False,0.07216584631125267,0.0953451881932641,0.5568090195305739,-0.21844659257789822,False,True,False
2026-08-19,PAAA,51.43000030517578,29,6,False,0.0009049645136161022,0.0013845730288939428,0.005277569557641915,-0.0021342764531930847,False,True,False
2026-08-19,PZA,22.90999984741211,29,1,False,-0.013444040713839978,-0.01459399608527423,0.039945489484258356,-0.030469713877515625,False,False,False
2026-08-19,SGOV,100.58999633789062,29,6,False,0.0003937965941034349,0.0006943520770623657,0.0031913803284877584,-0.0014889967149070982,False,True,False
2026-08-19,SGVT,100.66000366210938,29,6,False,0.000311675933889477,0.0006248549068013087,0.0035892382791433697,-0.0012897832348163218,False,True,False
2026-08-19,SPGI,426.6600036621094,29,2,False,0.026703244363437628,-0.012267881323646757,0.18178146553024854,-0.19410362961310523,True,True,False
2026-08-19,TBIL,49.959999084472656,29,3,False,0.0006930170145429404,0.0006644547144158963,0.0024076832166408657,-0.001199547635783782,False,True,False
2026-08-19,TBUX,49.91999816894531,29,3,False,0.0014371252418732272,0.0011829509524323711,0.006248690884496089,-0.0043877387989865735,False,False,False
2026-08-19,TFLO,50.59000015258789,29,6,False,0.0002530827465938579,0.0008190163009513807,0.003969056665250603,-0.0015788044059266149,False,True,False
2026-08-19,USA,6.019999980926514,29,3,False,0.02951738948642002,0.013997197359874258,0.11481479159435004,-0.09337347861834133,False,True,False
2026-08-19,VBIL,75.62999725341797,29,6,False,0.0004603077710696457,0.0011738239735874512,0.004249099790173849,-0.0013205611921641713,False,False,False
2026-08-19,VCRM,75.01000213623047,29,2,False,-0.007802362145667541,-0.00947708739262243,0.026690455006829428,-0.02647632491535379,False,True,False
2026-08-19,XHLF,50.2599983215332,29,2,False,0.0005753072384673263,-0.00018692924475993689,0.002393277489938228,-0.003173341000052954,False,True,False
2026-08-19,CLOA,51.880001068115234,29,6,False,0.0003852886887778517,0.0009293729479871171,0.0067922044849528795,-0.003266055166899373,False,True,False
2026-08-19,DEO,92.9000015258789,29,3,False,0.08879352701639798,0.08251718988105483,0.28226370516269417,-0.2019586066200152,False,False,False
2026-08-19,FLRN,30.799999237060547,29,5,False,9.738087076560653e-05,0.0007489093193360219,0.005550116909950553,-0.002267625535140372,False,True,False
2026-08-19,GSST,50.529998779296875,29,3,False,0.0008437541523993453,6.588317470801464e-05,0.003176490982826463,-0.005902086188289801,False,False,False
2026-08-19,SHV,110.2699966430664,29,3,False,0.0004844697298553857,0.00031066792535350274,0.002272314194037506,-0.0020814783432904216,False,True,False
2026-08-19,USFR,50.47999954223633,29,6,False,0.0012019087453027932,0.0019023750956086438,0.004977105360906675,-0.0005939176458868989,False,True,False
2026-08-19,SBIL,100.26699829101562,29,3,False,0.000845245450551424,0.0009334654478272419,0.002619879453960916,-0.004398776660552439,False,True,False
2026-08-19,FLOT,50.970001220703125,29,5,False,-0.00017651963657527858,0.0006626172870842773,0.005920723556324781,-0.0023487753283689683,False,True,False
2026-08-19,TUSI,25.360000610351562,29,3,False,0.001382057664425007,0.00015343874676032598,0.0051526385443489975,-0.007436345690116086,False,False,False
2026-08-19,CLIP,100.25,29,3,False,0.00037520556675652017,0.00027015010310793564,0.00199896993644999,-0.001991009998190796,False,False,False
2026-08-19,CLOI,52.900001525878906,29,3,False,0.0007105487412271128,0.0015794540951841185,0.010274665199516475,-0.004703668726674937,False,True,False
2026-08-19,VGUS,75.6050033569336,29,5,False,0.0005532167196991011,0.0007084337215881309,0.003251097990946361,-0.005197324250873714,False,False,False
2026-08-19,SWKS,68.4800033569336,29,4,False,0.0388885792438296,0.06969502305953257,0.31869830453492787,-0.24664464018256826,False,True,False
2026-08-19,FLTR,25.559999465942383,29,6,False,3.9102176710104075e-05,0.0017283119840643124,0.008681898659421483,-0.0019524069979509617,False,True,False
2026-08-19,ANGL,29.06999969482422,28,2,False,0.0008951824663190333,-0.004908716127335788,0.02503522810974501,-0.02384153712057102,False,False,False
2026-08-19,ATAT,37.0,28,3,False,0.11420277470232665,0.0026869307429127076,0.20227458842019042,-0.14298288948405147,False,False,False
2026-08-19,BILZ,100.83000183105469,28,2,False,0.00029763872706345396,-0.0001340990959204369,0.0019875244270657344,-0.00414813006365744,False,True,False
2026-08-19,BSCR,19.655000686645508,28,2,False,0.0014317403153274455,-0.0011789326363351726,0.004343433477097536,-0.007323159394048817,False,False,False
2026-08-19,EMB,95.11000061035156,28,1,False,-0.005052660388951913,-0.008071729217162482,0.02411971355144571,-0.027505136579419553,True,True,False
2026-08-19,EPRT,31.100000381469727,28,4,False,0.0014361575991557185,-0.003637829290774053,0.07426596068635027,-0.104520564601564,False,True,False
2026-08-19,FLDR,50.1255989074707,28,1,False,-7.805556912743317e-05,-0.0015488811944373015,0.02257487663265101,-0.00976689124548058,False,True,False
2026-08-19,FLMI,24.670000076293945,28,2,False,-0.008671606547728583,-0.01128287299065489,0.02577966149279498,-0.03102902736004065,False,True,False
2026-08-19,FTSM,59.880001068115234,28,2,False,0.0008715163905199663,-0.0005347656078125151,0.0030150804501751782,-0.004323217894444342,False,True,False
2026-08-19,GIB,74.93000030517578,28,2,False,0.09391332723069712,-0.021133226306456532,0.2565822398625046,-0.23188110752370117,False,True,False
2026-08-19,IBDR,24.209999084472656,28,2,False,0.00023545897118015802,-0.00043314089823121016,0.0020695048582917153,-0.004523051469238815,False,True,False
2026-08-19,IBDS,24.18000030517578,28,2,False,0.00048163465916917225,-0.002115644548532858,0.0024875399608108584,-0.008203398788982241,False,True,False
2026-08-19,IBTH,22.364999771118164,28,2,False,0.0009622423863313578,-0.002344154109883201,0.0033646860704512616,-0.008203967725122552,False,False,False
2026-08-19,IRT,16.6200008392334,28,3,False,-0.0056596718834517334,0.0075628328794516975,0.13835619212225847,-0.08580855004156718,False,True,False
2026-08-19,JPST,50.52000045776367,28,2,False,0.000756715853197143,-0.0010805718627922012,0.002579898187931695,-0.00531601600505438,False,True,False
2026-08-19,KYIV,12.859999656677246,28,3,False,-0.09065841124395724,-0.005700241575987142,0.3842841452619479,-0.2229607099993246,True,True,False
2026-08-19,MEAR,50.22999954223633,28,1,False,-0.00038170825289240984,-0.002084349630061655,0.0027949568620875276,-0.011025819318696173,False,True,False
2026-08-19,NGG,80.66000366210938,28,3,False,-0.012352289828205798,-0.027217599202251086,0.1946091183698586,-0.14771762275674916,False,True,False
2026-08-19,PMMF,100.2699966430664,28,1,False,-0.00023035206125032737,-0.0005807257752632466,0.0016982834319350104,-0.002983027271235561,False,True,False
2026-08-19,PULS,49.63999938964844,28,2,False,0.00036273064723468806,-0.000307129022666941,0.0028282704979483153,-0.004012856386981123,False,True,False
2026-08-19,SMMU,50.29499816894531,28,2,False,-0.0009316572896297393,-0.003716661319674408,0.0032913843469879467,-0.01188611667577244,False,True,False
2026-08-19,UYLD,51.124900817871094,28,2,False,0.0008050118583506904,-0.0006750202307017616,0.003235905344603607,-0.006511820298548576,False,True,False
2026-08-19,VUSB,49.72999954223633,28,2,False,0.000748590428643503,-0.0011244231940826799,0.002722014683142149,-0.005996387055373864,False,True,False
2026-08-19,CGSM,26.309999465942383,28,2,False,-0.0008840752630071558,-0.003021462099083272,0.004965590498518857,-0.013868097263912693,False,True,False
2026-08-19,VSDM,76.20999908447266,28,2,False,-0.0011520802761585403,-0.004066273797098452,0.004481301246637148,-0.018418345136752334,False,True,False
2026-08-19,RCI,36.529998779296875,28,2,False,0.04888074047379787,-0.0038640496339841235,0.1641172643805915,-0.11205640930348482,False,True,False
2026-08-19,LMBS,49.75,28,2,False,0.0012683391738703698,-0.003694442708845891,0.03927305431509054,-0.04290110738504993,False,True,False
2026-08-19,MKTX,161.74000549316406,28,4,False,0.2422999878733918,0.027924771217073818,0.4872644183279453,-0.1746695693949042,False,False,False
2026-08-19,BUXX,20.239999771118164,28,2,False,0.000286642428338979,-0.0011944805298064187,0.003968250213867153,-0.01075265509280754,False,True,False
2026-08-19,IDU,111.86000061035156,28,2,False,-0.01580033494131916,-0.012336952373690702,0.06472494964570452,-0.07415989990982008,False,True,False
2026-08-19,CARR,61.20000076293945,28,4,False,-0.09588626487454732,-0.000693134033449061,0.21815284073069985,-0.2027097569079762,False,True,False
2026-08-19,UFPI,90.41999816894531,28,2,False,0.030305216517864997,-0.022451104062530702,0.16086787620340015,-0.23372882907673465,False,True,False
2026-08-19,XRAY,11.029999732971191,28,2,False,-0.07812919795084239,-0.06192728324250796,0.17215727011989346,-0.2577388971866543,False,True,False
2026-08-19,QQQI,54.34000015258789,28,2,False,-0.01259603148157351,0.004715731917891208,0.13515774733793973,-0.06051175641021156,False,True,False
2026-08-19,CSHI,49.689998626708984,28,2,False,-0.0015022950491520026,-0.001300407508882051,0.002825416585349405,-0.004806763008209258,False,False,False
2026-08-19,JAAA,50.630001068115234,28,3,False,0.0008342160894532213,0.0006532237304188726,0.006160599665562039,-0.004326399461306196,False,False,False
2026-08-19,USDU,26.209999084472656,28,1,False,-0.014142815785915808,-0.0028590608337765167,0.04256164362775605,-0.03816517121201257,False,True,False
2026-08-19,VMC,276.29998779296875,28,1,False,-0.04197027587103619,-0.04558106015209029,0.09490779120341575,-0.16548373297575103,False,True,False
2026-08-19,ICSH,50.529998779296875,28,2,False,0.0006415885423856071,-0.000830524886434536,0.0025793105056002297,-0.0047272341205996105,False,True,False
2026-08-19,ADC,74.38999938964844,27,4,False,-0.03164248000649206,-0.015168323018353247,0.06943648649478673,-0.09368911147485826,False,True,False
2026-08-19,BANF,112.91999816894531,27,4,False,-0.011085458963011385,0.009364673985808203,0.11273151787129976,-0.18627949346143813,True,True,False
2026-08-19,BITI,22.31999969482422,27,4,False,-0.12637092615076284,-0.08280821361601165,0.3466062544461648,-0.27848714788577167,False,True,False
2026-08-19,BSCS,20.395000457763672,27,2,False,0.001753518858344849,-0.004171034374126248,0.0071605164327739335,-0.014258099017849135,False,False,False
2026-08-19,GBDC,13.170000076293945,27,3,False,0.020060414687816497,0.0029089724592099575,0.11894643705020513,-0.11788346904934066,False,False,False
2026-08-19,HYD,50.2599983215332,27,1,False,-0.01291501758828395,-0.013924959063530307,0.024042307384998685,-0.027476818406681813,False,True,False
2026-08-19,HYG,79.70999908447266,27,2,False,0.0005698711757944341,-0.005659062703264106,0.014509347003644368,-0.020280254590718028,False,True,False
2026-08-19,JPIE,45.900001525878906,27,2,False,0.0002249215725940168,-0.005195273743092366,0.005366394767994942,-0.015232762822898871,False,True,False
2026-08-19,JPLD,52.099998474121094,27,2,False,0.001634880097119762,-0.002970069361070693,0.004337319983057197,-0.01232230380813093,False,True,False
2026-08-19,MYCH,24.895000457763672,27,2,False,0.001968943072079954,-0.003033331327239819,0.005452351681498158,-0.014839730637392523,False,False,False
2026-08-19,NYF,52.880001068115234,27,1,False,-0.009210869019967927,-0.012724591863766288,0.01829387169953023,-0.030080692881118698,False,False,False
2026-08-19,OR,34.900001525878906,27,2,False,0.10788027509700227,-0.043895821674474145,0.26724765307476495,-0.27382437518459335,False,True,False
2026-08-19,PFXF,17.979999542236328,27,3,False,0.003930816988820585,-0.003008194198354075,0.05578384129695224,-0.05715784845469751,False,True,False
2026-08-19,SUB,106.29000091552734,27,2,False,0.0001863228596741262,-0.0029066552578286275,0.005581873077764143,-0.011347792730551753,False,True,False
2026-08-19,TXT,86.29000091552734,27,3,False,-0.04233523366062386,-0.04140700672913167,0.10458266617640088,-0.15043810992622764,False,True,False
2026-08-19,VMBS,46.400001525878906,27,1,False,-0.0007321829783428768,-0.010491107132489685,0.009353932863985337,-0.03131523908594436,True,True,False
2026-08-19,WGO,32.86000061035156,27,1,False,0.07798498111684937,-0.07458775965703857,0.22611946066442057,-0.34489631757750294,False,True,False
2026-08-19,YEAR,50.310001373291016,27,2,False,0.0009088247408117756,-0.002280981159706319,0.002990461051340043,-0.009255561585351568,False,True,False
2026-08-19,GFL,41.52000045776367,27,3,False,0.06367172886367167,0.010375093946330294,0.24572451775499404,-0.1922179139068867,False,True,False
2026-08-19,XLU,44.02000045776367,27,2,False,-0.018593651225905394,-0.016502944178786616,0.06974480742315037,-0.07907947363242107,False,True,False
2026-08-19,SHM,47.72999954223633,27,1,False,-0.0012011625748006294,-0.004744830176440895,0.00526537494545698,-0.016079134328698563,False,False,False
2026-08-19,EVSM,50.20000076293945,27,2,False,-0.0009389373760455566,-0.0036688430756447454,0.005206290416103654,-0.013364785591600814,False,False,False
2026-08-19,TRI,104.94999694824219,27,3,False,0.1405426406339123,0.009473339198625697,0.3758521057649338,-0.4169444613986545,False,True,False
2026-08-19,LMUB,49.68000030517578,27,1,False,-0.014685312300243725,-0.016640795622993365,0.03500000635782885,-0.07174888116113343,False,True,False
2026-08-19,SO,92.19000244140625,27,3,False,-0.025176824495310668,-0.004003300278748068,0.10011932081275088,-0.08577939518661148,False,True,False
2026-08-19,VTEB,49.65999984741211,27,1,False,-0.008350939096213095,-0.0123476461425307,0.01845778418498112,-0.02969910997851155,True,False,False
2026-08-19,VTES,100.87999725341797,27,1,False,-0.0006655194558277122,-0.005359331411434298,0.005481863972148782,-0.01781717308311559,False,False,False
2026-08-19,UTG,39.119998931884766,27,2,False,-0.0243610692679207,-0.012477841064476247,0.09243220976423983,-0.10888388218338318,False,True,False
2026-08-19,MUB,105.68000030517578,27,1,False,-0.008023671681898548,-0.012488728126843984,0.017817571429222356,-0.030458712796552434,True,False,False
2026-08-19,ULTA,527.8499755859375,27,1,False,0.07996681742426803,-0.049272101436448,0.18992328296488314,-0.2617172787455221,False,True,False
2026-08-19,RRX,169.49000549316406,27,4,False,-0.17585033204714695,-0.08873401796770441,0.32455460070201636,-0.31602097092080017,False,False,False
2026-08-19,USTB,50.48500061035156,27,1,False,-0.00019406645698405445,-0.004493521363794217,0.0034784184512755,-0.0124217201643394,False,False,False
2026-08-19,CMF,56.64500045776367,27,1,False,-0.0076921573854024095,-0.012590360345273499,0.019528420764119092,-0.030715232907704726,False,False,False
2026-08-19,CAG,16.219999313354492,27,3,False,0.12930621355587735,0.017600938403870225,0.2944931890679543,-0.20177167534673013,False,True,False
2026-08-19,SPSB,29.959999084472656,27,2,False,0.000995620412673981,-0.004199608437596258,0.004021411905869465,-0.012524754983655573,False,False,False
2026-08-19,VTEC,98.83999633789062,27,1,False,-0.0074447961004031615,-0.01229306030010413,0.017919648724127102,-0.03002949109094122,False,False,False
2026-08-19,CGMU,27.110000610351562,27,2,False,-0.0064829387070433064,-0.01104320331931341,0.01459585729862467,-0.02935910081863702,False,False,False
2026-08-19,JNK,95.95999908447266,27,2,False,0.0003148012602847139,-0.006131937760036732,0.015557215090876486,-0.02320845713431885,False,True,False
2026-08-19,VNLA,48.93000030517578,27,1,False,-6.940159241741739e-06,-0.0027643512879170773,0.0026639563554851087,-0.01025547599299459,False,False,False
2026-08-19,ARCO,7.78000020980835,26,3,False,-0.0574038328179961,-0.04162403888396837,0.18960248550276493,-0.20205126053247702,False,True,False
2026-08-19,ARKF,43.709999084472656,26,2,False,0.06781124197101196,0.01187111786923234,0.220199899430511,-0.2616554303858032,False,True,False
2026-08-19,BKLN,20.56999969482422,26,2,False,0.0066752703334116426,-0.0031596603948331747,0.02287414572408686,-0.023730422745227853,False,True,False
2026-08-19,BSCT,18.584999084472656,26,2,False,0.0018348998747454992,-0.006641148013694309,0.008957600841221547,-0.020036966256674726,False,True,False
2026-08-19,FPEI,19.165000915527344,26,1,False,-0.0023996109890842554,-0.006828814227822222,0.024318645286962814,-0.022692487556033814,False,False,False
2026-08-19,FUTY,56.84000015258789,26,2,False,-0.017469130372065766,-0.016845425540406023,0.06781891116657146,-0.07592258651241834,False,False,False
2026-08-19,HYLB,36.36000061035156,26,2,False,3.0275092144593785e-05,-0.0069480694740842175,0.012249511799437007,-0.022317774859000328,False,True,False
2026-08-19,IBDT,25.200000762939453,26,2,False,0.0006830351264273116,-0.005244149573227275,0.0035842353803363647,-0.020978982633271914,False,False,False
2026-08-19,IBTI,22.114999771118164,26,2,False,0.0010546904045247718,-0.0061569807928950615,0.003858333264791236,-0.016674077537411902,False,False,False
2026-08-19,ICE,157.24000549316406,26,3,False,0.1084011647543075,0.017614127315044303,0.29107483628499664,-0.1347127204660732,False,True,False
2026-08-19,IGOV,41.529998779296875,26,2,False,0.012186166053582692,-0.0030607067596254423,0.03128875855997881,-0.04286703472033937,False,True,False
2026-08-19,JMTG,50.29999923706055,26,2,False,5.167778899028974e-05,-0.011093753384910032,0.009128257703170384,-0.033435850266244405,True,True,False
2026-08-19,JSCP,46.994998931884766,26,2,False,0.0009132484762086612,-0.006645217148911642,0.005025676193049389,-0.018278671809561886,False,True,False
2026-08-19,MBB,93.56999969482422,26,1,False,-0.0017794513973974357,-0.01310898177082831,0.00960292821232045,-0.035062405724225254,False,False,False
2026-08-19,NBSD,50.70000076293945,26,2,False,0.0018369131862290278,-0.004507969974378634,0.006451628048425917,-0.016870252802659635,False,False,False
2026-08-19,SCHO,24.110000610351562,26,2,False,0.0009549001154847137,-0.005691167106249395,0.003746883883126717,-0.01430901419547781,False,False,False
2026-08-19,SPTS,28.969999313354492,26,2,False,0.0007807060767799356,-0.005746925087792176,0.0034637503018426496,-0.014625860910037591,False,True,False
2026-08-19,VPU,190.36000061035156,26,2,False,-0.018409714326934612,-0.017673715644369592,0.06638287192968262,-0.07637071822918096,False,False,False
2026-08-19,SARO,26.399999618530273,26,4,False,-0.059989761325834334,-0.053549740566461446,0.10784723890274073,-0.23433874799819665,False,False,False
2026-08-19,FSEC,43.59000015258789,26,1,False,-0.0013013589825264793,-0.01099476648396469,0.014428645898805437,-0.04407891203491854,True,True,False
2026-08-19,USHY,36.869998931884766,26,2,False,0.00023328378534026584,-0.007267142165135465,0.013190424575078907,-0.026329036699045294,False,True,False
2026-08-19,CARY,20.735000610351562,26,1,False,-0.0008114658198458136,-0.006141188348833593,0.007482689890829564,-0.0375957049465796,False,False,False
2026-08-19,MUNI,51.79999923706055,26,1,False,-0.006467561504376995,-0.012235516215489572,0.011718720023055074,-0.029417270493634184,False,True,False
2026-08-19,CGSD,25.75,26,2,False,0.0008138708623113278,-0.005743713383716487,0.0054665906408393194,-0.015296352748197628,False,False,False
2026-08-19,LXU,10.380000114440918,26,3,False,-0.052054780766926156,-0.08719967797414907,0.35863878217784895,-0.39721251287211157,False,True,False
2026-08-19,JBBB,47.52000045776367,26,3,False,0.002214497127507764,0.0007233851541394998,0.02369673270591055,-0.02242337253449389,True,False,False
2026-08-19,SLQD,50.20000076293945,26,2,False,0.0002869445039448415,-0.005880539890693481,0.004000015258789125,-0.01549325141248159,False,False,False
2026-08-19,PCY,21.18000030517578,26,1,False,-0.00841766908449415,-0.015936425995501158,0.03519067707337009,-0.045085662138906524,False,False,False
2026-08-19,SPMB,22.079999923706055,26,1,False,-0.001862471462154569,-0.012491448795567628,0.009140803044365597,-0.03454310828760876,True,True,False
2026-08-19,FMB,50.4900016784668,26,1,False,-0.008493654882754997,-0.012960505133301159,0.020206101557581846,-0.02959825364137536,False,True,False
2026-08-19,PHG,27.6200008392334,26,3,False,0.03125119694440914,-0.005331635669717616,0.15807129549116383,-0.17404300318442822,False,True,False
2026-08-19,SHY,82.05999755859375,26,2,False,0.0012811629720839157,-0.004995064892016621,0.0037920190653670804,-0.013701916243550105,False,True,False
2026-08-19,VTIP,49.779998779296875,26,2,False,-0.0008951659979548054,-0.0029603003657345806,0.008713278996376639,-0.020271650583650214,True,True,False
2026-08-19,TAFI,25.079999923706055,26,1,False,-0.002155631531276181,-0.005687171221583354,0.0036014467151739282,-0.022222210655022168,False,True,False
2026-08-19,VGSH,58.15999984741211,26,2,False,0.0011326408788381315,-0.0053724628683957665,0.0036237977861590664,-0.014404312799495944,False,True,False
2026-08-19,VOX,185.6699981689453,26,2,False,-0.004241121527274405,-0.02147568753325413,0.07715961842846064,-0.07521046860677305,False,True,False
2026-08-19,CCL,26.690000534057617,26,1,False,-0.04303302032017764,-0.043937999131090755,0.13816629704501682,-0.2156919926104951,False,True,False
2026-08-19,EVSD,50.92499923706055,26,2,False,0.0012516272544091933,-0.005358772134393286,0.0062240391802041994,-0.015371267689072377,False,False,False
2026-08-19,NEAR,50.56999969482422,26,2,False,0.0008549811722160516,-0.005955037125509266,0.004968203527745851,-0.015573277276515474,False,True,False
2026-08-19,AOS,63.79999923706055,25,2,False,0.04896598051685164,-0.0254996892421685,0.17799112660280159,-0.2207158043643267,False,True,False
2026-08-19,BINC,52.04999923706055,25,1,False,-0.0010364051588611645,-0.008721550997434435,0.008623189589605618,-0.027284603443635924,False,False,False
2026-08-19,FCOM,70.0999984741211,25,2,False,-0.004204804743325408,-0.022782025059792432,0.07416482040235173,-0.07690286778422462,False,True,False
2026-08-19,GNTX,23.639999389648438,25,4,False,-0.029046491314025147,0.008285058520333122,0.1542968709982233,-0.19537099847106976,False,True,False
2026-08-19,GVI,105.55999755859375,25,1,False,-0.0003087520230511398,-0.010302495046390026,0.005333310081845344,-0.02565994898713697,True,True,False
2026-08-19,HYDB,46.54999923706055,25,2,False,0.0006384148269760193,-0.00881264221101441,0.012749075933504939,-0.030006301126102697,False,True,False
2026-08-19,IBDU,23.079999923706055,25,2,False,7.193072888167507e-05,-0.008220429345543567,0.004351626782495455,-0.024060224115277418,True,True,False
2026-08-19,ISTB,48.099998474121094,25,2,False,0.00047836971906956016,-0.007726765638250255,0.004594766104806247,-0.019368007700633405,False,True,False
2026-08-19,JMBS,44.650001525878906,25,1,False,-0.0018955859850819934,-0.016187158696089887,0.013620937553014967,-0.037508038082832984,False,True,False
2026-08-19,KBR,37.970001220703125,25,1,False,0.0603835308354308,-0.014791075756666827,0.2682030909622446,-0.2730231370192088,False,True,False
2026-08-19,MAA,131.47000122070312,25,1,False,-0.027558551591939207,-0.005321037902556003,0.09285118774385692,-0.1020422243543232,False,True,False
2026-08-19,MH,13.199999809265137,25,2,False,0.22847833773578796,-0.001709209101050324,0.4756847691009938,-0.26666667726304794,False,True,False
2026-08-19,NVDG,19.49650001525879,25,4,False,0.07693752689681976,0.09552763406354159,0.5799432556060438,-0.23060379250756735,False,True,False
2026-08-19,PYLD,26.270000457763672,25,1,False,-0.0008253330744846243,-0.009619341134155412,0.013503101097203762,-0.028476347325917084,False,True,False
2026-08-19,SMBS,25.145000457763672,25,1,False,-0.0019131994085066495,-0.01523110087686308,0.009636609696897391,-0.03732773162875369,True,True,False
2026-08-19,SPHY,23.309999465942383,25,1,False,-0.0005059955812237726,-0.008323554073642048,0.012597697758989668,-0.028345156801311888,False,True,False
2026-08-19,SRLN,40.56999969482422,25,2,False,0.005586863688097798,-0.0016634897556390138,0.029956850049758676,-0.025462439252803226,False,False,False
2026-08-19,TFI,44.93000030517578,25,1,False,-0.008924742032302313,-0.01510766893581994,0.01193690903339184,-0.033763434297295,True,False,False
2026-08-19,UAE,19.549999237060547,25,4,False,0.012512645183805349,0.004462240226003278,0.1307112898706444,-0.12292514876291893,False,False,False
2026-08-19,VRP,24.170000076293945,25,1,False,-0.004505876833249434,-0.007485942177836713,0.019401139164216152,-0.03048536781301403,False,True,False
2026-08-19,VWOB,66.11000061035156,25,1,False,-0.006217337892002295,-0.013268112709383328,0.01707693246694708,-0.03362085848025953,True,True,False
2026-08-19,CLOZ,26.329999923706055,25,2,False,-0.0001450620474878761,0.0005914962600506168,0.04359890612079753,-0.02300559635181898,False,False,False
2026-08-19,DAKT,19.5,25,2,False,-0.030622389401892658,-0.05208662540232889,0.25080178378080786,-0.3102228622481399,False,True,False
2026-08-19,WAL,80.4000015258789,25,2,False,-0.015002817669531376,-0.012807697189754719,0.2215132467130836,-0.17309473670664555,False,True,False
2026-08-19,JMUB,49.77000045776367,25,1,False,-0.007847500844259558,-0.013555719868674099,0.008919493419357494,-0.03058043806306998,True,False,False
2026-08-19,BSV,77.68000030517578,25,2,False,0.00029360179049930935,-0.008437468954243577,0.0042663456698721625,-0.020675736207238726,False,False,False
2026-08-19,FSIG,18.860000610351562,25,2,False,0.0005995397401110658,-0.00881551587570295,0.008017185099885582,-0.02431450156283199,False,True,False
2026-08-19,FLXR,39.029998779296875,25,2,False,0.0006306582038402286,-0.008121463336025259,0.009309558505246285,-0.02351769859139663,False,False,False
2026-08-19,SCYB,26.040000915527344,25,1,False,-0.0008387387817098135,-0.00824421954457688,0.013229577528969694,-0.027632552357893858,False,True,False
2026-08-19,NFG,83.58000183105469,25,3,False,0.04747345426886218,0.0012974683346027582,0.11187979070064369,-0.13888312452719132,False,True,False
2026-08-19,SCMB,25.34000015258789,25,1,False,-0.008289036882247025,-0.0141803893219975,0.012789755754178067,-0.03282444982093491,True,False,False
2026-08-19,SHYG,42.25,25,2,False,0.0005115049738997346,-0.007050526119058764,0.010040596475267227,-0.026273321172721853,False,True,False
2026-08-19,UCON,24.719999313354492,25,1,False,-0.001621180169054659,-0.010666778806984745,0.042158517240638904,-0.035317099966654,True,True,False
2026-08-19,VCSH,78.69000244140625,25,1,False,-0.00012449225886801418,-0.007819268571481741,0.004211355646813075,-0.0195614210445616,True,False,False
2026-08-19,MMIT,24.020000457763672,25,1,False,-0.007081042713518948,-0.012808807366678998,0.010517458779364386,-0.030278562217988414,False,False,False
2026-08-19,CNP,40.400001525878906,25,4,False,-0.05535079925422981,-0.025304650036600318,0.10382522432192709,-0.10737951780572808,False,True,False
2026-08-19,DFNM,47.66999816894531,25,2,False,-0.007730866993678531,-0.0117813374063791,0.00846197815333305,-0.02455495783030448,False,True,False
2026-08-19,VTEI,99.33999633789062,25,1,False,-0.007463937974006907,-0.013717006155043121,0.009706705096553359,-0.03235867353680266,True,False,False
2026-08-19,BSCU,16.594999313354492,25,2,False,0.00014459782292175483,-0.01087888292064021,0.008814501136176878,-0.027256750711873723,False,True,False
2026-08-19,JPIB,47.90999984741211,25,1,False,-0.0027712647111481914,-0.01074092833630469,0.01182685092581548,-0.030652491917742664,False,True,False
2026-08-19,AGG,97.81999969482422,24,1,False,-0.002862366826621665,-0.015213752145252557,0.00720754662732781,-0.03587620168040684,True,True,False
2026-08-19,ALC,74.26000213623047,24,2,False,0.07785025020671976,-0.005306298845046076,0.2009380324366794,-0.17863069208841698,False,False,False
2026-08-19,ATMU,49.15999984741211,24,2,False,-0.04140894968702036,-0.09709945970930522,0.17551411301172992,-0.26075188199380284,False,False,False
2026-08-19,BND,72.55999755859375,24,1,False,-0.00287213484514548,-0.015056530730099493,0.006798915857421983,-0.03549123593244874,True,False,False
2026-08-19,DTE,139.17999267578125,24,4,False,-0.04887651067795851,-0.01646184386351124,0.10259042204276647,-0.106388490043138,False,True,False
2026-08-19,EAGG,46.83000183105469,24,1,False,-0.003180077166383799,-0.015740130743208902,0.006663829970777302,-0.036419685157169424,True,False,False
2026-08-19,EVTR,50.349998474121094,24,1,False,-0.002122620767881278,-0.014964159366139484,0.018200155658160133,-0.03451587725965033,False,False,False
2026-08-19,FLCB,21.145000457763672,24,1,False,-0.003191461189481992,-0.016199766367200663,0.00858575262893857,-0.037112871615975984,True,True,False
2026-08-19,FTSL,45.040000915527344,24,2,False,0.003730576439734845,-0.004827804769432453,0.015100338061110552,-0.02405201676383739,False,True,False
2026-08-19,IBDV,21.649999618530273,24,1,False,-0.001111941987948173,-0.011952427071430183,0.00487349927428693,-0.03391344194808643,True,True,False
2026-08-19,ITM,46.08000183105469,24,1,False,-0.008550357263755637,-0.017620118538969942,0.013861409406816794,-0.040399804419313234,False,False,False
2026-08-19,JCPB,46.3650016784668,24,1,False,-0.003139009232896006,-0.015633694027332057,0.0070590954925424665,-0.037471383829991045,True,True,False
2026-08-19,JEF,53.54999923706055,24,3,False,-0.03885158661249066,-0.0013492641014704043,0.5071770638017534,-0.24619934477849892,True,True,False
2026-08-19,KSA,38.119998931884766,24,3,False,0.012577499612992815,-0.0014217964004111794,0.06450705026547876,-0.08144580887024666,False,True,False
2026-08-19,LOGI,100.47000122070312,24,1,False,-0.02725655727331533,-0.014653667865793918,0.2058329523367035,-0.22512726837085895,False,True,False
2026-08-19,LPX,75.98999786376953,24,2,False,0.011180299745259914,-0.03410075906961452,0.14927396713844976,-0.24970380351838029,False,True,False
2026-08-19,LZB,33.90999984741211,24,4,False,-0.1486445209604974,-0.07966053370014481,0.16810193060076362,-0.24476617605753348,False,False,False
2026-08-19,NMZ,10.140000343322754,24,1,False,-0.018088819597248174,-0.023521165982344328,0.022177446102500387,-0.058495829866634375,False,True,False
2026-08-19,NOC,582.8400268554688,24,3,False,0.0759429713970361,-0.03589764730468514,0.21673424955724285,-0.24697670948905848,False,True,False
2026-08-19,SJNK,24.889999389648438,24,1,False,-0.00086709497457782,-0.009264535770192261,0.00687702593106887,-0.02962963899355342,False,True,False
2026-08-19,SPIB,33.18000030517578,24,1,False,-0.002057231574405516,-0.012239819631161497,0.004541372431806634,-0.028119481594476414,True,True,False
2026-08-19,VVV,34.099998474121094,24,4,False,-0.09687538955546604,-0.00783697201501421,0.19649117453056464,-0.17493353584855365,False,False,False
2026-08-19,CGCB,25.959999084472656,24,1,False,-0.002715293009647457,-0.015279888101632944,0.010116665907190736,-0.03530288994151787,False,False,False
2026-08-19,BSCW,20.354999542236328,24,1,False,-0.001920180160337459,-0.015624058653290751,0.009672603983141848,-0.04166667789164702,False,True,False
2026-08-19,WMK,70.29000091552734,24,4,False,-0.08899560843533394,-0.006484197882995146,0.1716952650254333,-0.16061616063237782,False,True,False
2026-08-19,IUSB,45.63999938964844,24,1,False,-0.002487236182565522,-0.014054699922955494,0.0070608935785312354,-0.03366504696164574,True,True,False
2026-08-19,HYLS,40.86000061035156,24,2,False,0.0032656663651875473,-0.007616517223703934,0.021244746925192848,-0.036320775002505634,False,True,False
2026-08-19,JBND,52.880001068115234,24,1,False,-0.00293762285759791,-0.015867899308485423,0.008582886902921194,-0.05207490879704002,True,True,False
2026-08-19,DFSD,47.36000061035156,24,1,False,-0.004661436611531733,-0.011909855420468074,0.004560401962038441,-0.02370640591572981,False,True,False
2026-08-19,BCO,109.18000030517578,24,3,False,0.005525879520295041,-0.03177761099358656,0.1991213250494004,-0.19938399784092098,True,True,False
2026-08-19,BOND,90.97000122070312,24,1,False,-0.0032388896938485567,-0.01690878720342104,0.007977852860976409,-0.03918461208823898,True,True,False
2026-08-19,GTO,46.40999984741211,24,1,False,-0.002516807687262257,-0.014769960884552624,0.011551847579733376,-0.03324585789565482,True,True,False
2026-08-19,CGMS,27.209999084472656,24,1,False,-0.0023648745499149637,-0.010839534877383095,0.009647432807895928,-0.03098293595431656,False,True,False
2026-08-19,UITB,46.27899932861328,24,1,False,-0.0034376686219090846,-0.01640972819211939,0.006612308093132624,-0.0369576727766916,True,True,False
2026-08-19,UL,63.18000030517578,24,2,False,0.027801731587964174,-0.0017057122003877323,0.15397260831371296,-0.15737533373511958,False,True,False
2026-08-19,VPLS,76.61979675292969,24,1,False,-0.0034674420365673475,-0.014863203147647108,0.0060371989064000875,-0.03513671805194796,True,True,False
2026-08-19,CHDN,91.75,24,2,False,0.05441590160567511,-0.030963746216213006,0.15554153950608995,-0.22475706647294602,False,True,False
2026-08-19,GOVT,22.540000915527344,24,1,False,-0.002354656872717631,-0.015159258214006988,0.0062500580080928625,-0.03634025208642255,True,False,False
2026-08-19,BSCV,16.30500030517578,24,1,False,-0.0011333157461771437,-0.013754489755017585,0.008972800688911597,-0.043133836318154706,False,True,False
2026-08-19,AVIG,40.904998779296875,23,1,False,-0.003805072573659918,-0.01732919483061779,0.006520654370775869,-0.03841187214742903,True,False,False
2026-08-19,AXS,98.55000305175781,23,4,False,-0.08019261148588241,-0.04217488767015509,0.11899629150957614,-0.1786815167407002,False,True,False
2026-08-19,BIV,75.77999877929688,23,1,False,-0.0031937846018864624,-0.01846372232125304,0.006240887477621415,-0.04185102682838271,True,True,False
2026-08-19,BNDW,67.63999938964844,23,1,False,-0.004125441398263208,-0.014377077374077563,0.005350782058312742,-0.03865834560983428,True,False,False
2026-08-19,BNDX,47.7400016784668,23,1,False,-0.0058929831766585394,-0.014128249664500436,0.004418323260327872,-0.04386137819594538,False,True,False
2026-08-19,BOTZ,36.380001068115234,23,2,False,-0.0032931066271248977,-0.014838328041062554,0.14133336684283093,-0.12778705666147128,False,True,False
2026-08-19,FBND,45.099998474121094,23,1,False,-0.002852188135278544,-0.015793172320337834,0.010078318765148753,-0.03755873054431158,False,False,False
2026-08-19,FIXD,43.13570022583008,23,1,False,-0.0034808657343837757,-0.017746390277497914,0.014623424936674345,-0.04471926936232418,True,True,False
2026-08-19,GSIT,5.96999979019165,23,2,False,-0.09589293437934743,-0.17466201494992006,1.1170212523113712,-0.6710743848117457,False,True,False
2026-08-19,HON,221.72999572753906,23,3,False,-0.051721021538456924,-0.033230200067334126,0.13203869684294567,-0.1481201281422504,False,True,False
2026-08-19,HSY,188.7899932861328,23,3,False,0.06004980206706034,-0.016097953134936893,0.16948523726505926,-0.21166695901847776,False,True,False
2026-08-19,HTRB,33.39500045776367,23,1,False,-0.0035644108738691616,-0.0168847229713196,0.010591687341876765,-0.040924734335145985,False,False,False
2026-08-19,IBDW,20.65999984741211,23,1,False,-0.0019709465751249766,-0.0146820129413201,0.005352827953063022,-0.05142336106169787,True,True,False
2026-08-19,IEF,93.37999725341797,23,1,False,-0.0028000426101941756,-0.020162354338827848,0.007444112567025707,-0.04762881849044598,True,False,False
2026-08-19,JSI,51.209999084472656,23,1,False,-0.0008023431854987662,-0.011358870750154848,0.005695226354195171,-0.036500515253262145,False,False,False
2026-08-19,PPL,35.4900016784668,23,2,False,-0.0100252262437448,-0.024998615847249606,0.06994282898976878,-0.11518321769091266,False,False,False
2026-08-19,RXRX,3.5,23,1,False,0.07010731747506904,-0.06018823137687157,0.2635379148375716,-0.5125348072870548,False,True,False
2026-08-19,SCCR,25.219999313354492,23,1,False,-0.00427823183546816,-0.01750973958524049,0.006786430398067145,-0.03923812139601934,True,False,False
2026-08-19,SCHR,24.479999542236328,23,1,False,-0.0012077099063370067,-0.015568751089451882,0.0061652124537872055,-0.036978777782704975,True,True,False
2026-08-19,SCHZ,22.860000610351562,23,1,False,-0.0033222337188814066,-0.01607590035662021,0.007492290537357116,-0.036662408287715276,True,True,False
2026-08-19,SMTH,25.46500015258789,23,1,False,-0.00310908843489488,-0.01593363769822087,0.008514857528233222,-0.03796747966893843,True,False,False
2026-08-19,SPAB,25.200000762939453,23,1,False,-0.003519287131386606,-0.016090019947707868,0.006791852642043628,-0.037065315648705854,True,False,False
2026-08-19,SR,83.5199966430664,23,3,False,0.03724490573354822,-0.023815003671334378,0.13002289953726098,-0.12370161806246194,False,True,False
2026-08-19,TXNM,57.599998474121094,23,4,False,0.004180570406047579,-0.01402112664520061,0.035226439719143965,-0.032420634045888685,False,True,False
2026-08-19,VCRB,76.2699966430664,23,1,False,-0.0031408012905738136,-0.01582630746532776,0.007596234236876498,-0.03675175108478945,True,False,False
2026-08-19,DFCF,41.65999984741211,23,1,False,-0.00604817029731175,-0.01749396458848973,0.006717893725163071,-0.037208241121307606,True,False,False
2026-08-19,BSJQ,22.93000030517578,23,1,False,-0.0006275902224476271,-0.010695522911481459,0.003940461995911804,-0.02467034955591063,False,True,False
2026-08-19,RQI,12.40999984741211,23,3,False,-0.004572086159859157,-0.002664127181292497,0.09823005645498673,-0.08548267306553803,False,True,False
2026-08-19,CGCP,22.09000015258789,23,1,False,-0.0032802864299967815,-0.017095152081472498,0.010059410375505173,-0.039773920519813655,False,True,False
2026-08-19,MWA,25.290000915527344,23,3,False,-0.011792805710639231,-0.038894523727246666,0.11213725462072821,-0.18419351885395663,False,True,False
2026-08-19,IDR,32.849998474121094,23,2,False,0.030840444683918333,-0.11840958092102716,0.4724338530024925,-0.39945159020221177,False,True,False
2026-08-19,VGIT,58.540000915527344,23,1,False,-0.0009659113508014849,-0.015111479765673286,0.006187703823706148,-0.03653715384022804,True,False,False
2026-08-19,CAR,141.4600067138672,23,2,False,-0.11092839157473966,-0.10187515687894799,0.6456492347662175,-0.8331249207540192,False,True,False
2026-08-19,SYSB,87.58000183105469,23,1,False,-0.0029801162431775108,-0.01684446105701909,0.00875376801315264,-0.03969293024474463,True,False,False
2026-08-19,WEC,109.33999633789062,23,2,False,-0.03249044428322412,-0.02406982527292112,0.06206896142853702,-0.08814950380623487,False,False,False
2026-08-19,UUUU,14.850000381469727,23,3,False,0.09058064144739841,-0.1501683715263622,0.8198530219555467,-0.4677419145336892,False,True,False
2026-08-19,IAGG,49.84000015258789,23,1,False,-0.00435096698732651,-0.010584990893257706,0.004231293168510009,-0.038394783101752816,True,True,False
2026-08-19,DBD,67.41999816894531,23,3,False,-0.16614928875115287,-0.10159734533388531,0.23751833214824236,-0.2678503682548915,False,True,False
2026-08-19,SPTI,28.18000030517578,23,1,False,-0.0007800746163550976,-0.014881638359594551,0.006428582327706378,-0.036251692005462965,True,True,False
2026-08-19,ATO,171.30999755859375,22,2,False,-0.012041669548108924,-0.026826891661013375,0.07001868224683316,-0.11012413668470278,False,True,False
2026-08-19,ECAT,15.229999542236328,22,1,False,-0.01520836982742546,-0.003242926460740425,0.1399700549112266,-0.0956057360904563,False,False,False
2026-08-19,EPAC,36.7400016784668,22,2,False,0.02802016629999038,-0.016861029072315015,0.13570335120286203,-0.18355551825629335,False,True,False
2026-08-19,FLGT,19.739999771118164,22,2,False,0.018723030888228465,-0.06329631528564239,0.4665675865656056,-0.36404641788385084,False,True,False
2026-08-19,FPE,17.770000457763672,22,1,False,-0.005874102386529856,-0.017898322535904843,0.01311285805194684,-0.03997837719977526,False,True,False
2026-08-19,FSV,146.52999877929688,22,1,False,0.03208164487731513,-0.002499890002074734,0.22711660903996012,-0.3011065714973161,False,True,False
2026-08-19,FTCB,20.65999984741211,22,1,False,-0.002645456870271734,-0.017990832437600024,0.010071348862113805,-0.05532697509780726,True,True,False
2026-08-19,GAB,5.71999979019165,22,2,False,0.013106589736172625,-0.01589004821118689,0.08333325054910778,-0.09306130460051198,False,True,False
2026-08-19,GIS,39.9900016784668,22,2,False,0.10070081761740379,-0.00746691448250314,0.2595276119202141,-0.22092343167864803,False,True,False
2026-08-19,GSM,4.050000190734863,22,2,False,0.10801055782069358,-0.06030298033731274,0.3149351594339138,-0.29442502574422325,False,True,False
2026-08-19,ICLN,17.829999923706055,22,3,False,-0.06481763834153409,-0.048432295169744344,0.3062271371422831,-0.2502102855817361,False,False,False
2026-08-19,IGEB,44.34000015258789,22,1,False,-0.006269412023584109,-0.020344419148480508,0.00738386385200962,-0.04563062793071149,True,True,False
2026-08-19,IGIB,52.38999938964844,22,1,False,-0.004684968228839015,-0.01895704456097591,0.006919097036281574,-0.04012463114576503,True,True,False
2026-08-19,INGR,107.1500015258789,22,2,False,0.063348390971812,-0.012248472980327385,0.13458279072322532,-0.17880131028189583,False,True,False
2026-08-19,MO,66.02999877929688,22,4,False,-0.06279808075263382,0.004464773044273285,0.20712975975009051,-0.14313520800347868,False,False,False
2026-08-19,MTBA,48.83000183105469,22,1,False,-0.0014465674781337645,-0.01864263491724616,0.00951008702352274,-0.040290864662446135,False,True,False
2026-08-19,PDYN,6.230000019073486,22,3,False,0.06943610282957668,-0.0057175209135233995,0.5048309710121006,-0.41927664049899716,False,True,False
2026-08-19,PFF,30.59000015258789,22,2,False,-0.0005423653808624973,-0.014451379993470126,0.016279061957082952,-0.051766839920466046,False,True,False
2026-08-19,SCHI,22.290000915527344,22,1,False,-0.005572144565864079,-0.020469467230701532,0.00677513685700637,-0.04244346454091552,True,True,False
2026-08-19,SPBO,28.520000457763672,22,1,False,-0.006479469127562587,-0.020760749161596204,0.00848655464253567,-0.04710991757551963,True,True,False
2026-08-19,UA,5.130000114440918,22,3,False,-0.17116358195895343,-0.10486824059319111,0.29873419050948,-0.35118317030878654,False,False,False
2026-08-19,URA,45.0099983215332,22,2,False,0.04698763065025324,-0.07428930004937773,0.26290682077301786,-0.2772960949945389,False,True,False
2026-08-19,URNM,55.54999923706055,22,2,False,0.054479857920630925,-0.08690511308479132,0.2752524675336958,-0.34608591839143077,False,True,False
2026-08-19,VC,105.86000061035156,22,4,False,-0.01334307090006015,0.03302741027652201,0.26793631954672126,-0.1800155259057823,True,True,False
2026-08-19,VCIT,81.41999816894531,22,1,False,-0.004847449875676424,-0.019271895738065092,0.006925520088631565,-0.040311154132121274,True,False,False
2026-08-19,XTEN,44.630001068115234,22,1,False,-0.0056421691290124976,-0.026191667329790502,0.01316689764132195,-0.06042103014494249,False,True,False
2026-08-19,DFGP,53.43880081176758,22,1,False,-0.010106536058752114,-0.016885035815266236,0.005906838809742743,-0.04862377507941118,True,True,False
2026-08-19,DFGX,52.07500076293945,22,1,False,-0.01568923047079307,-0.01808883601979283,0.0037586679030363612,-0.048510849652902976,True,True,False
2026-08-19,USIG,50.439998626708984,22,1,False,-0.00547346812363636,-0.018882263794044674,0.008396604660168894,-0.04324739266316224,True,True,False
2026-08-19,BWX,21.979999542236328,22,2,False,0.012875198304498792,-0.010734318342959681,0.032894682002059916,-0.061485932082263606,False,True,False
2026-08-19,XLC,111.31999969482422,22,2,False,0.011944802482419581,-0.02412811024476058,0.0598876605601486,-0.07545367033411554,False,True,False
2026-08-19,VTC,75.42120361328125,22,1,False,-0.006902332616324447,-0.021411023626424663,0.008709469031054518,-0.048192760644108046,True,True,False
2026-08-19,GOVI,26.609399795532227,22,1,False,-0.00636256656425227,-0.026027972914065778,0.014077744955647953,-0.06040253946770424,True,True,False
2026-08-19,QLTA,46.650001525878906,22,1,False,-0.006478617553484889,-0.022005368642003864,0.009085052732022092,-0.04834759097823327,True,True,False
2026-08-19,WRB,69.61000061035156,22,1,False,-0.019251460818841437,-0.0005104325340403726,0.10720537288014143,-0.1184143690796946,False,True,False
2026-08-19,CORP,95.27999877929688,22,1,False,-0.005843082940388378,-0.01976872934589735,0.008360682965262933,-0.04366153361478553,True,False,False
2026-08-19,TDC,27.899999618530273,22,4,False,-0.10213750241549024,-0.060101313865548844,0.3832424151213314,-0.3322163610891372,False,True,False
2026-08-19,TJX,144.5,22,4,False,-0.07985343994541605,-0.06910914522884493,0.08369584497234683,-0.15000000000000002,False,False,False
2026-08-19,WAY,24.84000015258789,22,2,False,0.13557920051400374,-0.04162413997788772,0.43916569079889944,-0.40101279427532344,False,True,False
2026-08-19,BIZD,13.260000228881836,21,2,False,0.04645108316589619,-0.0022122701658590094,0.10776941796787698,-0.1779292672789181,False,True,False
2026-08-19,EPI,42.900001525878906,21,2,False,0.0055410624789038465,-0.02089998374822255,0.08855624694187791,-0.09110167727871787,False,True,False
2026-08-19,EXP,206.3800048828125,21,1,False,-0.03511418965410684,-0.023734423033498375,0.19995347573272393,-0.1594509595207374,False,True,False
2026-08-19,FLIN,35.650001525878906,21,2,False,0.008215662282801128,-0.017611982147707095,0.10714287829801017,-0.10539515957496703,False,True,False
2026-08-19,IBHF,22.510000228881836,21,1,False,-0.0023082826923863653,-0.016224419724730543,0.004103888139418643,-0.040289903982012154,False,True,False
2026-08-19,LQD,106.56999969482422,21,1,False,-0.008748910186355041,-0.025524547619678928,0.010908760632265535,-0.05631807839515324,True,True,False
2026-08-19,MORT,10.050000190734863,21,2,False,0.010131481140594811,-0.03226736759079396,0.04796663512282007,-0.12150344760780707,False,True,False
2026-08-19,NNI,126.12000274658203,21,2,False,-0.04404283294358291,-0.04393485519584339,0.08146115397239106,-0.12647182101878574,False,False,False
2026-08-19,PALL,24.229999542236328,21,1,False,0.041290615965525745,-0.11081428667744164,0.23019905531233809,-0.3863026063169851,False,True,False
2026-08-19,PFFA,21.079999923706055,21,2,False,0.009762306236418938,-0.011454100239608134,0.04201682653007932,-0.06311111450195317,False,True,False
2026-08-19,RYN,21.469999313354492,21,1,False,-0.0006423804710867786,-0.004952101338146719,0.10159053696708864,-0.2147037602952525,False,False,False
2026-08-19,SCHP,26.059999465942383,21,1,False,-0.005745782088180662,-0.01986781594915088,0.007344361057029403,-0.04155943530415962,False,False,False
2026-08-19,SUI,122.05999755859375,21,3,False,0.005373611759106334,-0.029245144940503454,0.05314923167916774,-0.1145448519825577,False,True,False
2026-08-19,TOTL,38.91999816894531,21,1,False,-0.003852056806405213,-0.022529337450510334,0.008028944669600468,-0.04745595672164038,True,True,False
2026-08-19,UAA,5.25,21,3,False,-0.1732023087136748,-0.11059158540829994,0.2711864054538162,-0.35582819070772465,False,False,False
2026-08-19,CX,10.65999984741211,21,3,False,-0.11811910562734318,-0.1004067690012912,0.24387400548568627,-0.22019021302726083,False,False,False
2026-08-19,RGTI,17.0,21,1,False,-0.030311332041833894,-0.16239550052125917,0.3567438437581558,-0.7076526301992552,False,True,False
2026-08-19,NVO,46.47999954223633,21,2,False,-0.01978565678197486,0.0007697320168646993,0.32346244179518013,-0.2755611457409288,False,True,False
2026-08-19,INVA,21.479999542236328,21,4,False,-0.01820975697056404,-0.011918634639632386,0.30024206701166745,-0.14592445852722502,False,True,False
2026-08-19,MKC,56.47999954223633,21,2,False,0.1017306158097313,-0.021787237680798488,0.2601517163499356,-0.2218242199317454,False,True,False
2026-08-19,TIP,107.51000213623047,21,1,False,-0.005811051646420151,-0.023351074605283406,0.0073081491123760944,-0.04231248805995702,True,True,False
2026-08-19,SHNY,10.670000076293945,21,3,False,0.22323106967597095,-0.1878998390823048,0.5647456284506274,-0.6044632212824925,False,False,False
2026-08-19,SYK,339.9800109863281,21,2,False,0.04316954100847337,-0.002320297017842088,0.20989327753141684,-0.14332504274737268,False,True,False
2026-08-19,FXY,58.02000045776367,21,2,False,0.018169830880018223,-0.0014834808737288485,0.03681203372039743,-0.08283272214355841,False,False,False
2026-08-19,SNY,45.83000183105469,21,2,False,0.05499902883319541,-0.005477105915448144,0.12081199596830627,-0.13003034233938848,False,True,False
2026-08-19,TRN,29.6200008392334,21,4,False,-0.1287927604211847,-0.05513215115688874,0.19628435240006614,-0.22683373068517076,False,True,False
2026-08-19,STAG,36.43000030517578,21,4,False,-0.05945347827533598,-0.04754558656378094,0.05901158980384702,-0.14503638152200415,False,True,False
2026-08-19,ENB,50.25,21,4,False,-0.07680266795793811,-0.033322018211605076,0.11592274843904926,-0.14029085809933317,False,False,False
2026-08-19,TLH,97.62999725341797,21,1,False,-0.007823209498486472,-0.031181724235135544,0.01867697186899475,-0.0743339705750019,False,False,False
2026-08-19,CRWV,90.87000274658203,21,3,False,0.006927852197108786,-0.01619827016134734,0.500743251718551,-0.40685375615717545,False,False,False
2026-08-19,CMG,34.65999984741211,21,3,False,0.03545522421138658,0.005447861685833555,0.23609125234439254,-0.21209369118123367,False,True,False
2026-08-19,STIP,100.91000366210938,21,1,False,-0.00483427729047059,-0.0168272146856715,0.003780014795849773,-0.031201995830787976,False,True,False
2026-08-19,OWL,11.770000457763672,21,3,False,0.17742391685932102,0.0111814539508861,0.48050323775437165,-0.39173125448436386,False,True,False
2026-08-19,TTI,7.480000019073486,21,3,False,-0.18562873536503166,-0.19905771095346392,0.8560793125688708,-0.40350876859427265,False,True,False
2026-08-19,ZTO,21.510000228881836,21,3,False,-0.07358754519103372,-0.06111892094511184,0.21251412099235023,-0.1790076487589931,False,False,False
2026-08-19,CRC,53.790000915527344,21,3,False,0.009053168229896658,-0.027122627474515992,0.243843270761829,-0.2527091079894215,False,False,False
2026-08-19,CHT,43.0,21,3,False,-0.009609095291491232,0.004824322581480134,0.09470471833781757,-0.07487090310906863,True,False,False
2026-08-19,VNT,32.970001220703125,21,1,False,0.07004462221895191,-0.05409472924577696,0.20977510391106202,-0.31597508923581885,False,False,False
2026-08-19,OMAH,18.530000686645508,21,1,False,-0.011037062941413822,-0.006003904796875181,0.03984292951629542,-0.05843493905982444,False,False,False
2026-08-19,PG,144.3800048828125,21,2,False,-0.02323847859388717,-0.022417736994221338,0.04912084003395467,-0.13674137588751867,False,True,False
2026-08-19,ADSK,251.2899932861328,20,4,False,0.14965505980246618,0.005354208264821914,0.3546630365829262,-0.23640950474798772,False,True,False
2026-08-19,ADT,7.389999866485596,20,3,False,0.05595563057485875,0.0012600257331132347,0.18429489383801045,-0.17291555462482922,False,True,False
2026-08-19,AMPX,10.630000114440918,20,2,False,-0.13058412947164721,-0.2258308784403278,0.6705956710109833,-0.561197112608838,False,True,False
2026-08-19,AQN,5.820000171661377,20,3,False,-0.002775745892335424,-0.05127512581867133,0.09398495937338569,-0.18143459038381093,False,True,False
2026-08-19,AS,34.02000045776367,20,2,False,-0.02472863808987491,-0.042302513373713935,0.17634856044313274,-0.20439659043130076,False,False,False
2026-08-19,BCE,23.700000762939453,20,3,False,0.0557263408620452,-0.007433744219231375,0.13560133253018147,-0.10633482828612362,False,True,False
2026-08-19,BEKE,17.3799991607666,20,4,False,0.07486976737112827,0.039741034093852656,0.25850822828932163,-0.17159201430020576,False,True,False
2026-08-19,BKV,26.3700008392334,20,5,False,0.0341095706679857,-0.04015721191780186,0.3132470587363645,-0.19628162951861683,False,True,False
2026-08-19,DXC,10.850000381469727,20,2,False,0.10723327806222716,-0.09871740560272713,0.3734177532266332,-0.3080357034248098,False,True,False
2026-08-19,ERIC,10.149999618530273,20,3,False,-0.04319304420621417,-0.06478337094764575,0.33202096731863207,-0.26289039352881094,True,True,False
2026-08-19,G,36.400001525878906,20,2,False,0.15127213466578637,-0.03898445432362474,0.35567973961743493,-0.2516446960806181,False,False,False
2026-08-19,GIL,57.029998779296875,20,2,False,0.0517793178097925,-0.0389946318035842,0.22513425808808019,-0.22618723011145125,False,True,False
2026-08-19,IGLB,48.22999954223633,20,1,False,-0.01450353986880426,-0.035938919314087325,0.01836990964258156,-0.08307983001244346,True,True,False
2026-08-19,INDA,49.540000915527344,20,2,False,0.006374669064966421,-0.023070430284240606,0.09577531339835454,-0.10738737089139916,False,True,False
2026-08-19,INR,14.430000305175781,20,3,False,0.10322790342882615,-0.019357973255125893,0.29649597096168834,-0.26321159153813045,False,True,False
2026-08-19,LEU,183.67999267578125,20,1,False,0.0686251533119282,-0.15548360988039345,0.2923379044926304,-0.6043511197075255,False,True,False
2026-08-19,MSDL,15.369999885559082,20,2,False,0.004509502704834967,-0.01839316019103243,0.12518302029636796,-0.15410017495750983,False,True,False
2026-08-19,PAM,79.23999786376953,20,3,False,-0.05076107225687543,-0.06001538932252415,0.4420381576629977,-0.16148150408709494,False,True,False
2026-08-19,PFFD,18.479999542236328,20,1,False,-0.007476179290828666,-0.022796159138779082,0.014548415450371888,-0.07088988892307013,False,True,False
2026-08-19,REMX,75.98999786376953,20,2,False,-0.04953097631157244,-0.11290319799175053,0.3567220164431777,-0.3187808535647362,False,True,False
2026-08-19,RMD,230.64999389648438,20,3,False,0.12210701055271023,0.005831088966158138,0.279469620180842,-0.21496887167535383,False,False,False
2026-08-19,SCHQ,30.239999771118164,20,1,False,-0.012042374852552884,-0.03803714532614044,0.020242928266701377,-0.08888216262886095,False,False,False
2026-08-19,SPIP,25.190000534057617,20,1,False,-0.006452714715391661,-0.027640241208691352,0.007600021362304643,-0.05229493580279254,True,False,False
2026-08-19,TYG,44.599998474121094,20,4,False,0.0325173121933926,-0.010574244030862379,0.10532838068694805,-0.1285658810437572,False,True,False
2026-08-19,UBER,78.04000091552734,20,3,False,0.07569865050739821,0.009665839821464628,0.19308968882896216,-0.23482691881445839,False,False,False
2026-08-19,BXSL,24.559999465942383,20,2,False,0.03484597452129412,-0.011614358915279177,0.0930129157300752,-0.1910408770687445,False,True,False
2026-08-19,CMCSA,26.59000015258789,20,3,False,0.107215438129034,-0.00992240862101923,0.24953004203964757,-0.1908095052131099,False,True,False
2026-08-19,CAAP,23.309999465942383,20,4,False,-0.08424479034462451,-0.09500683373289198,0.34274185751139363,-0.23573772242811863,False,False,False
2026-08-19,YELP,23.950000762939453,20,0,False,-0.039587412065007266,-0.08691115635664703,0.22193879065340805,-0.3055958365495761,False,False,False
2026-08-19,WMT,114.30000305175781,20,4,False,0.0005637781410294807,-0.03544260235371499,0.19786213838931976,-0.1543356025832917,False,True,False
2026-08-19,VGLT,53.310001373291016,20,1,False,-0.011859145151638883,-0.03712772063772518,0.020482382474066307,-0.08778229592690978,False,False,False
2026-08-19,LADR,10.100000381469727,20,2,False,0.017673295728473093,-0.025726569102924035,0.07675908936507758,-0.152684537179137,False,True,False
2026-08-19,STRC,95.30999755859375,20,3,False,0.06564963061536733,-0.013633583222426249,0.3376841762609648,-0.05086739176483068,False,True,False
2026-08-19,SPTL,25.360000610351562,20,1,False,-0.011344559632541773,-0.03533978686454564,0.020523147728485958,-0.08447653747788475,False,True,False
2026-08-19,CE,46.2599983215332,20,3,False,-0.01498184997163654,-0.08083800786815742,0.3168231401939752,-0.3456859926684429,False,True,False
2026-08-19,STCE,61.49589920043945,20,0,False,-0.08612730590429485,-0.07851100729982385,0.2718904062293732,-0.4391107301826058,False,True,False
2026-08-19,BLV,66.51000213623047,20,1,False,-0.01319885844201063,-0.03615816367951319,0.01946665104301326,-0.08426263732096584,False,False,False
2026-08-19,CGBD,11.329999923706055,20,2,False,0.061776060395793975,-0.01733753713034014,0.13926599008370477,-0.19273245123724214,False,False,False
2026-08-19,FSLR,222.39999389648438,20,0,False,-0.039925160039117946,-0.0499652806652644,0.21536689010478516,-0.3070572193871002,False,False,False
2026-08-19,AIG,75.69999694824219,19,1,False,-0.024313574905483804,-0.022501234626460254,0.06245609751918857,-0.13277584884551763,False,True,False
2026-08-19,BBAR,14.479999542236328,19,4,False,-0.23541590193804507,-0.1474454580195912,0.8659792674159237,-0.3555852254240838,False,False,False
2026-08-19,BBSI,33.09000015258789,19,1,False,-0.08885144131587885,-0.023696526224367354,0.30635610944551717,-0.3335347606114272,False,False,False
2026-08-19,BBWI,19.670000076293945,19,1,False,-0.0323310569921651,-0.029928215756077847,0.37745101149251026,-0.3913985067442951,False,False,False
2026-08-19,BR,176.02999877929688,19,2,False,0.1613009574726072,-0.0199288079834945,0.3153253857196754,-0.3366620114622908,False,False,False
2026-08-19,ECVT,10.449999809265137,19,3,False,-0.12714456975645516,-0.09639597628999141,0.4102564135564357,-0.30725888081941266,False,True,False
2026-08-19,FCN,153.77000427246094,19,1,False,-0.008512435447455724,-0.0705832401939468,0.11710868936252283,-0.1876914855071734,False,True,False
2026-08-19,HII,311.760009765625,19,3,False,0.0511622555990483,-0.1071820832110365,0.1869336991507804,-0.32226084833559787,False,True,False
2026-08-19,HLNE,104.86000061035156,19,2,False,0.20492450380509153,-0.027217450976656288,0.45882032021593266,-0.34244685641390615,False,True,False
2026-08-19,IBM,237.16000366210938,19,0,False,-0.04742776086926814,-0.11081615229511166,0.1906220229696136,-0.28665099633754176,True,True,False
2026-08-19,ITUB,7.369999885559082,19,3,False,-0.08560794707179442,-0.08608341951790444,0.15366250661231962,-0.23229170909358232,False,False,False
2026-08-19,JD,29.350000381469727,19,3,False,0.0048616884919903125,0.0016560703741819172,0.19756818491351624,-0.20374389865779785,False,False,False
2026-08-19,MFA,9.100000381469727,19,3,False,-0.02391929355881628,-0.05314357487285848,0.03409093002642427,-0.13907278673568013,True,True,False
2026-08-19,OBDC,11.329999923706055,19,2,False,0.025320799574312325,-0.02803097588503045,0.0769961436023141,-0.21537394370164464,False,False,False
2026-08-19,ORA,110.31999969482422,19,2,False,-0.021668381927378633,-0.04750557561907931,0.23843733079454132,-0.24639661073306085,False,True,False
2026-08-19,ORC,6.78000020980835,19,2,False,0.013725700821936915,-0.04913500645477753,0.0744849875262874,-0.19285708122512646,False,True,False
2026-08-19,RELX,35.099998474121094,19,1,False,0.041901625218284,-0.021077552656453724,0.2731229184855777,-0.2833809962808649,False,True,False
2026-08-19,SRE,85.58999633789062,19,2,False,-0.05477432527344017,-0.06464694163808582,0.0838292391396338,-0.15290978263701138,False,False,False
2026-08-19,TBLA,3.859999895095825,19,4,False,-0.19813870659807897,-0.06660140253594415,0.36155197289479335,-0.3239930176342898,False,True,False
2026-08-19,TLT,83.0199966430664,19,1,False,-0.014943189917908217,-0.04212982892657702,0.022791653515508825,-0.09946854925150994,False,False,False
2026-08-19,VCLT,72.37999725341797,19,1,False,-0.015468528573283846,-0.03794971770523259,0.0191495448413872,-0.08703332028406596,True,True,False
2026-08-19,WH,75.8499984741211,19,2,False,-0.031646103063543096,-0.03414063151478819,0.09593988552931698,-0.16048699772975894,True,True,False
2026-08-19,WLK,79.44999694824219,19,3,False,0.023460323257616933,-0.091078127415822,0.4104383874605426,-0.36046047813450466,False,True,False
2026-08-19,CMS,70.61000061035156,19,2,False,-0.042035901772651374,-0.043701774368438695,0.02870048423980931,-0.12132901849112299,False,False,False
2026-08-19,MP,56.68000030517578,19,2,False,0.09793894871421371,-0.01865897846692044,0.4990742725868964,-0.43461909990175873,False,False,False
2026-08-19,TSN,58.54999923706055,19,4,False,0.012226225130238522,-0.029268682300673476,0.1580300167473958,-0.15731150822954465,False,True,False
2026-08-19,TDG,1222.9100341796875,19,1,False,-0.03556934493327024,-0.042107197009960684,0.08837590456002875,-0.16412513093295011,False,True,False
2026-08-19,CTGO,21.0,19,2,False,0.24482803342137704,-0.07242791851298447,0.4482758620689655,-0.3891797746488187,False,True,False
2026-08-19,TEL,203.57000732421875,19,1,False,-0.01517222768030524,-0.06860208453157446,0.06990068194202914,-0.19397367242613062,False,True,False
2026-08-19,OMCL,36.43000030517578,19,1,False,-0.09824053874008676,-0.10637409862056602,0.2536132475800923,-0.3376363580877131,False,True,False
2026-08-19,LNN,114.36000061035156,19,2,False,-0.012399410938252808,-0.02886691717460166,0.1756965617054267,-0.22729729317330027,False,True,False
2026-08-19,JPC,7.590000152587891,19,1,False,-0.023718852042018734,-0.047068996443766165,0.05124658907869839,-0.08554217130495156,False,False,False
2026-08-19,CI,277.45001220703125,19,3,False,-0.028062646731801366,-0.003990274942447414,0.1584068246434387,-0.12051855601659267,False,True,False
2026-08-19,UTES,76.33000183105469,19,1,False,-0.04306397571526943,-0.05203968398283809,0.023190393998918646,-0.13682161854735997,False,False,False
2026-08-19,VNQI,45.5,19,2,False,0.0016775319252910759,-0.02482725434837252,0.05299701374791854,-0.1057390124837615,False,True,False
2026-08-19,ORLY,91.19999694824219,19,2,False,0.024385273807852936,-0.015596140943242354,0.10424992120264176,-0.16114794035823343,False,True,False
2026-08-19,SPLB,21.530000686645508,19,1,False,-0.016113228518209954,-0.03854094739816927,0.0189305036330345,-0.08771185005783066,True,True,False
2026-08-19,SOFI,18.420000076293945,19,1,False,0.047578974182377554,-0.10722615701963356,0.23790322141311582,-0.43721355533403194,False,True,False
2026-08-19,SSYS,8.600000381469727,19,1,False,0.015060711736065713,-0.053389867678954706,0.17166215295480525,-0.32864948479626543,False,True,False
2026-08-19,ADBE,272.4700012207031,18,3,False,0.17838828273745033,0.005126900653181554,0.43314752902637177,-0.26530223808747944,False,True,False
2026-08-19,AMPH,21.739999771118164,18,2,False,0.08946217539965362,-0.04313802412606338,0.3057057218741963,-0.3045425587990854,False,False,False
2026-08-19,ANIP,78.0199966430664,18,1,False,-0.0310626662515473,-0.027610686509049742,0.11218809616538916,-0.21587943072295068,False,False,False
2026-08-19,ARE,50.54999923706055,18,1,False,-0.0006484535899830002,0.00652196718837561,0.28266935886273425,-0.42713054781457704,False,True,False
2026-08-19,ASTS,66.43000030517578,18,2,False,-0.06938886752042828,-0.18732704314738846,0.8411861677900005,-0.5037352457621409,False,True,False
2026-08-19,AVA,38.34000015258789,18,3,False,-0.05720229264860799,-0.052803602691192775,0.0800000042982505,-0.11862068614740484,False,True,False
2026-08-19,GBX,45.5,18,3,False,-0.06227716207687484,-0.07498327817084505,0.19016480629908994,-0.23128905126433785,False,True,False
2026-08-19,HHH,68.19999694824219,18,0,False,-0.004007386410495917,-0.060323292439414256,0.11784951359638551,-0.2511255388516467,False,False,False
2026-08-19,IAUI,51.939998626708984,18,2,False,0.04084919998399261,-0.06555366753434166,0.08524859933819062,-0.19560169006981776,False,False,False
2026-08-19,KT,19.0,18,3,False,0.04335983343834937,-0.040573635234191774,0.1091652615790153,-0.2270138299847777,False,True,False
2026-08-19,LCII,107.69999694824219,18,3,False,0.058986608245693795,-0.08970160669650551,0.27712551416762166,-0.3254415979084584,True,True,False
2026-08-19,LDOS,146.30999755859375,18,2,False,0.2515375581767094,-0.06531788554921236,0.4799716432863721,-0.28896343237246547,False,True,False
2026-08-19,NYT,65.95999908447266,18,3,False,-0.07870663030496228,-0.09805137483431736,0.21922367735416537,-0.24270952652116862,False,False,False
2026-08-19,PDO,12.710000038146973,18,1,False,-0.024798204499044574,-0.05451772287556644,0.027485865459450087,-0.1080701727616159,False,False,False
2026-08-19,PRVA,21.489999771118164,18,0,False,-0.12470777288559343,-0.08284289905182007,0.10035837253261803,-0.25433726583357485,False,False,False
2026-08-19,PUK,27.860000610351562,18,2,False,-0.0013262845170209925,-0.05830655395062112,0.13206013488000368,-0.18131056098359333,False,False,False
2026-08-19,QCOM,161.91000366210938,18,1,False,-0.10065386710012292,-0.03864535225753962,0.3272399909615533,-0.3770775804183111,False,True,False
2026-08-19,TLTW,21.415000915527344,18,1,False,-0.016550746759738666,-0.04863338285776697,0.021220868705010387,-0.11067271663714162,False,True,False
2026-08-19,TSLX,18.700000762939453,18,2,False,0.07441629239556224,-0.026733558425021675,0.1658353924928475,-0.24566357110432324,False,True,False
2026-08-19,URNJ,24.8700008392334,18,2,False,0.05742137410717252,-0.11649962844236261,0.27866323206636356,-0.3905905414766757,False,False,False
2026-08-19,VRSK,186.4499969482422,18,0,False,-0.0075510378337814155,-0.04938872332081212,0.19565213562376282,-0.3249212668811299,False,True,False
2026-08-19,XDTE,39.18000030517578,18,2,False,0.006610539139727534,-0.01711530750368151,0.09227771039459842,-0.1256416178436226,False,True,False
2026-08-19,CG,49.400001525878906,18,1,False,0.0829818646365672,-0.03482161504560999,0.24747483407511206,-0.29277018460950666,False,False,False
2026-08-19,CBOE,280.75,18,4,False,0.015940216287173348,-0.005628164954536774,0.2359674556185194,-0.243628413330915,False,True,False
2026-08-19,UEC,11.630000114440918,18,3,False,0.10526116826680809,-0.12473470294436373,0.3052750071391783,-0.42822025431690003,False,True,False
2026-08-19,CWEN,33.65999984741211,18,3,False,-0.01790872913250241,-0.074865534736402,0.21647993330690474,-0.19357933651505033,False,True,False
2026-08-19,YUM,145.92999267578125,18,3,False,-0.04733123151873975,-0.055409082006328436,0.06262281169490103,-0.14229462090464873,False,True,False
2026-08-19,PTON,5.46999979019165,18,1,False,-0.0721422546565782,-0.025754320702917943,0.49863004034826086,-0.4054347930873953,False,False,False
2026-08-19,CRMD,8.520000457763672,18,3,False,0.05063265249136317,0.012207128395749,0.3898858562322771,-0.43048125427551764,False,False,False
2026-08-19,RKT,14.630000114440918,18,1,False,0.03714732103250484,-0.10435242358099706,0.20213640285334344,-0.399425297706108,False,True,False
2026-08-19,PGX,10.65999984741211,18,1,False,-0.013182271453686112,-0.041810686226933735,0.0075614295163464185,-0.10570471651151059,False,False,False
2026-08-19,CHWY,23.989999771118164,18,2,False,0.140219955504977,-0.09162680852325156,0.3787356492565561,-0.4485057523880882,False,True,False
2026-08-19,T,25.1200008392334,18,3,False,0.10104936712962331,0.0007430243111830048,0.26294628507162576,-0.1567640125133335,False,True,False
2026-08-19,STAA,24.65999984741211,18,2,False,-0.07089249545988563,0.017815899032216143,0.5817831690860265,-0.31251740781369564,True,False,False
2026-08-19,CTA,28.1200008392334,18,3,False,0.04405684830572709,-0.011720849886180829,0.10752270638879935,-0.14163607204002593,False,True,False
2026-08-19,CAE,25.979999542236328,18,2,False,0.012107877228730413,-0.06077659106259736,0.14147624257351277,-0.2412383683212581,False,False,False
2026-08-19,CDNS,314.9800109863281,18,3,False,-0.11700110482645998,-0.03758966990250623,0.1987821540868815,-0.24409030900466655,False,True,False
2026-08-19,IVR,7.579999923706055,18,2,False,-0.022389609076762573,-0.06842413306842243,0.06760563739730463,-0.20210527118883637,False,True,False
2026-08-19,NVR,6418.85986328125,18,0,False,-0.0034258333605349245,-0.0643798660312136,0.1668512030994309,-0.2552040941317618,False,True,False
2026-08-19,AGQ,83.12999725341797,17,2,False,0.1405982953643765,-0.33572792033457366,0.6736460704239069,-0.8073330775761262,False,True,False
2026-08-19,ALK,41.22999954223633,17,1,False,-0.14246375561543512,-0.10143655519907357,0.2482591906142968,-0.37416512961227777,False,True,False
2026-08-19,BAH,78.83999633789062,17,2,False,0.13810241181355187,-0.008472800864229968,0.32504195525866586,-0.2974514749573387,False,True,False
2026-08-19,BDN,3.069999933242798,17,1,False,-0.02092105844673464,0.001974552408025243,0.24291493833308353,-0.33693307616397183,False,True,False
2026-08-19,BIPC,40.06999969482422,17,2,False,0.00012479530100129033,-0.07095907464480966,0.17232297650847395,-0.22525137762787795,False,True,False
2026-08-19,BIRK,36.130001068115234,17,0,False,-0.15036212971823226,-0.10711083845149871,0.16098972023695013,-0.3250513377166603,False,False,False
2026-08-19,BN,42.150001525878906,17,1,False,-0.031501994705129044,-0.05382848047544675,0.11125761104007381,-0.14968727485628897,False,False,False
2026-08-19,BSY,35.91999816894531,17,1,False,0.10191479868062059,-0.003990879869566588,0.2793389107957007,-0.37257645119746174,False,True,False
2026-08-19,DSL,10.619999885559082,17,1,False,-0.017467262200783207,-0.04312687895054279,0.012392766184689874,-0.16179954052016876,False,False,False
2026-08-19,EDV,60.59000015258789,17,1,False,-0.025718209531879754,-0.06503261841386077,0.03874504115530453,-0.1503295158185567,False,False,False
2026-08-19,EEFT,68.62000274658203,17,0,False,-0.06510474764438245,-0.051806532702901364,0.09792004394531251,-0.30349162520590345,False,True,False
2026-08-19,EXE,96.02999877929688,17,2,False,0.06001449479780341,-0.058859975085283955,0.12996408883475352,-0.24159501889197144,False,True,False
2026-08-19,FN,454.54998779296875,17,3,False,-0.13178297469182987,-0.154535123894895,0.6681346254297258,-0.39303505334310695,False,False,False
2026-08-19,LRN,84.16999816894531,17,2,False,-0.028080264651113462,0.02681150653509201,0.388714689347321,-0.5082666409456331,False,False,False
2026-08-19,NAVI,9.25,17,1,False,0.08420460910186689,-0.050955968521202544,0.261937257336722,-0.3330930009861969,False,False,False
2026-08-19,NCLH,17.34000015258789,17,0,False,-0.11471893879441819,-0.13357400260982843,0.19339301247475604,-0.36203090662637327,False,True,False
2026-08-19,NHI,74.08000183105469,17,3,False,-0.016651067678946863,-0.05911338845972136,0.09037384705636087,-0.18931928148768018,False,True,False
2026-08-19,NXST,187.3699951171875,17,2,False,0.03785276951583061,-0.06245506973520676,0.21298629919396217,-0.2631931070836362,False,True,False
2026-08-19,PAHC,35.439998626708984,17,2,False,0.057844083601084506,-0.16149505312088464,0.25451322572421176,-0.41011988104849817,False,True,False
2026-08-19,PEP,142.5800018310547,17,3,False,0.017822255734392112,-0.04287814536776746,0.06617816784759789,-0.16853274210714908,False,True,False
2026-08-19,ROBN,25.5,17,1,False,-0.1302093687475241,-0.3169993521546147,0.7598343963280971,-0.7927840036900826,False,True,False
2026-08-19,SAM,187.00999450683594,17,2,False,0.03700866582386153,-0.08650530470872897,0.17853543697181307,-0.29286092207031644,False,True,False
2026-08-19,SONY,23.489999771118164,17,3,False,0.09002319123518165,0.019394080978567096,0.21583851667508447,-0.2257745664805294,False,True,False
2026-08-19,TM,188.77999877929688,17,2,False,0.05013244548281648,-0.06881165555075419,0.1365442013388416,-0.2415427745739156,False,True,False
2026-08-19,WYNN,100.0999984741211,17,0,False,-0.0020417899339333356,-0.0801809452065182,0.08192825449721575,-0.25697745273818917,False,True,False
2026-08-19,XYL,116.20999908447266,17,1,False,-0.011959208172993119,-0.08149745007956821,0.10371353475156941,-0.24671033988415114,False,True,False
2026-08-19,CQQQ,49.5099983215332,17,1,False,-0.05930325800160996,-0.05319132861796494,0.11760720483521059,-0.19101310940645122,False,True,False
2026-08-19,CIGI,109.7300033569336,17,1,False,0.11600199694130842,-0.06702447869535888,0.2415705676285247,-0.36021219245878966,False,False,False
2026-08-19,SHLS,7.949999809265137,17,3,False,-0.1648194839358882,-0.09242951299018098,0.4640884089489077,-0.39681338200400684,False,True,False
2026-08-19,SHMD,4.789999961853027,17,3,False,-0.05546901607327592,-0.2136293334274919,1.3949999809265137,-0.5502347292558815,False,True,False
2026-08-19,CRTO,17.850000381469727,17,0,False,-0.09352208799631923,-0.07198484195199728,0.14606745425776868,-0.2941874363274407,False,True,False
2026-08-19,COST,956.989990234375,17,4,False,0.007743587489978054,-0.0021778798071266925,0.13379379783715173,-0.1272321110493616,False,True,False
2026-08-19,TAN,50.470001220703125,17,2,False,-0.08063856167440875,-0.08547715106093301,0.28226627129242643,-0.3324073777861293,False,True,False
2026-08-19,ZROZ,59.27000045776367,17,1,False,-0.029693629696770252,-0.07270728295017514,0.04348593756831454,-0.16778995448073197,False,False,False
2026-08-19,CPB,23.809999465942383,17,1,False,0.06395336914897753,-0.029743416520249144,0.21728016953170393,-0.30318991097922854,False,True,False
2026-08-19,CEG,274.1700134277344,17,1,False,0.0461361881060669,-0.08878560889266196,0.19918649159048063,-0.3356675422384121,False,True,False
2026-08-19,BZ,16.079999923706055,17,1,False,0.08884073634325684,-0.027476220902115767,0.2792363018375492,-0.3634204363418624,False,False,False
2026-08-19,CNH,10.289999961853027,17,3,False,-0.030160229797075555,-0.03087725174361422,0.14333332909478091,-0.22689709711148465,False,False,False
2026-08-19,FXI,35.68000030517578,17,2,False,0.038453034903097594,-0.03526500574348823,0.1439563864776261,-0.15047618321010048,False,True,False
2026-08-19,EVR,298.3800048828125,17,3,False,-0.10968389613075546,-0.09807243960028467,0.12227784391877528,-0.23238401007941356,False,False,False
2026-08-19,AI,10.380000114440918,16,2,False,0.08857522146564256,-0.05038102533276023,0.35244297804337354,-0.48664686118038847,False,True,False
2026-08-19,AIPI,36.58000183105469,16,2,False,0.006137544912995008,-0.0306715879324696,0.13567224063314742,-0.18855367468384898,False,True,False
2026-08-19,ALG,162.3699951171875,16,1,False,-0.0019988590515811477,-0.05455979479739348,0.11395445414600758,-0.2849342058400969,False,False,False
2026-08-19,AMT,174.49000549316406,16,3,False,0.011047446270828543,-0.019195608506361594,0.09015374331295911,-0.18762507124474403,False,True,False
2026-08-19,ASO,47.59000015258789,16,2,False,-0.01623349231052873,-0.09259609277510883,0.15257929516517388,-0.23788933645342925,False,True,False
2026-08-19,BJ,91.79000091552734,16,4,False,0.0030159426617411,-0.016272383587294215,0.10308613105464937,-0.14709163191837438,False,True,False
2026-08-19,BTI,55.97999954223633,16,4,False,-0.06999153650921697,-0.051522433355774555,0.12229347120083345,-0.1682021247579396,False,True,False
2026-08-19,HCA,407.04998779296875,16,1,False,0.03077664995455054,-0.10567465834169554,0.14989123710380348,-0.26857979316571223,False,True,False
2026-08-19,HOOG,25.5,16,1,False,-0.12728019712857674,-0.33562296050808393,0.7671517297788004,-0.8070958504497874,False,True,False
2026-08-19,IMXI,14.170000076293945,16,2,False,0.038650713667387704,-0.057952222613464444,0.2708520682587925,-0.11159873067441761,False,False,False
2026-08-19,KVYO,18.200000762939453,16,2,False,0.0981850233755801,-0.13078982246747428,0.452514058324226,-0.4975844988387945,False,False,False
2026-08-19,LOW,220.0,16,2,False,0.018888338515587355,-0.07453116304093899,0.10330996356103106,-0.24930047828853308,False,True,False
2026-08-19,NI,41.630001068115234,16,3,False,-0.08843672214717035,-0.07841036033065907,0.08270481773932414,-0.15403369553707547,False,False,False
2026-08-19,NICE,100.93000030517578,16,1,False,0.05635424688280444,-0.048594005842491184,0.21456079613054735,-0.3432456720758189,False,True,False
2026-08-19,PBH,51.68000030517578,16,1,False,0.04185567421781711,-0.09809207970419742,0.21257629282841362,-0.2728295971986693,False,True,False
2026-08-19,PEG,75.33000183105469,16,1,False,-0.04487427291916002,-0.06386715212079852,0.01522917694458581,-0.1403628415825784,False,True,False
2026-08-19,RFIX,36.540000915527344,16,1,False,-0.03352916368631509,-0.06163313619989541,0.04759173728723187,-0.20200916826938375,False,False,False
2026-08-19,STRF,96.9000015258789,16,2,False,0.02089776173445279,-0.030076276915620648,0.17454547304095636,-0.1721486629690122,True,True,False
2026-08-19,STWD,16.559999465942383,16,1,False,-0.00039841833586307107,-0.057875812852515196,0.06769820899843038,-0.20537431167504194,False,False,False
2026-08-19,TGS,27.610000610351562,16,4,False,-0.08203500236536743,-0.09838860944886896,0.3986829245432968,-0.24044011638657592,False,True,False
2026-08-19,UNCY,5.579999923706055,16,3,False,-0.05239027189559853,-0.127337571915507,0.5040430906553541,-0.36155605608303465,True,True,False
2026-08-19,CALM,80.55000305175781,16,0,False,-0.03579812599744436,-0.017749967982455095,0.11999450921202737,-0.3141762014071865,False,True,False
2026-08-19,DEC,14.420000076293945,16,4,False,0.06559073921713443,0.000294822189038646,0.1695052851192309,-0.23703701760099338,False,True,False
2026-08-19,FEPI,41.619998931884766,16,1,False,-0.006054442390631021,-0.043455571734177134,0.09815296190597156,-0.1622383519279348,False,True,False
2026-08-19,HYT,8.329999923706055,16,1,False,-0.01450442213633274,-0.04899448820906338,0.013381952932345342,-0.13319456594171863,False,False,False
2026-08-19,FSK,12.0600004196167,16,1,False,0.09750108221110176,-0.020913131396773865,0.24074074982542948,-0.33917805919908495,False,True,False
2026-08-19,DECK,91.56999969482422,16,1,False,-0.10499082584991093,-0.10395782350673177,0.16043588195642,-0.2700677407540798,False,True,False
2026-08-19,GOVZ,34.0,16,1,False,-0.031499066930336994,-0.07358021143077498,0.04246506976106068,-0.17113604045401776,False,False,False
2026-08-19,IDXX,562.2000122070312,16,1,False,0.0027510702377391283,-0.08785768022350815,0.08417708117175726,-0.26985113059072785,False,True,False
2026-08-19,OSIS,220.9199981689453,16,1,False,0.00074289724434351,-0.1343501092135978,0.11988641650668797,-0.29128706113237135,False,True,False
2026-08-19,PIPR,74.83000183105469,16,1,False,-0.01700630788122548,-0.0767516984846337,0.08926816120130798,-0.21285436375835043,False,True,False
2026-08-19,TLN,322.3500061035156,16,0,False,-0.12526449681722684,-0.11136446859128046,0.0693315410520885,-0.2856984422631941,False,False,False
2026-08-19,TAC,12.380000114440918,16,0,False,-0.06854261582111576,-0.07105525924189116,0.08787346133072771,-0.30760622508272384,False,True,False
2026-08-19,MCHI,55.38999938964844,16,2,False,0.029599821695648343,-0.04812560592922854,0.11046508026350788,-0.17782399982967778,False,True,False
2026-08-19,EQT,53.63999938964844,16,2,False,0.032916998718895085,-0.04802556098371025,0.11889864259953886,-0.21395074635359312,False,True,False
2026-08-19,OTEX,24.510000228881836,16,1,False,0.056110450835993086,-0.06726463256657567,0.23913040333865077,-0.3857143034697682,False,False,False
2026-08-19,PTC,152.44000244140625,16,3,False,0.18779727470445917,0.012805920147616945,0.4049769810267858,-0.2995772704056683,False,True,False
2026-08-19,OMAB,102.0199966430664,16,3,False,-0.049131645788459855,-0.07194477999799687,0.06615105068615912,-0.24424036971957352,False,True,False
2026-08-19,EVLV,5.639999866485596,16,0,False,-0.023173676243593566,-0.08231879601189218,0.15930115762149488,-0.359818433841689,False,True,False
2026-08-19,AB,36.22999954223633,15,1,False,-0.01363971898304761,-0.060555662813920774,0.03751435973602124,-0.17864432008794817,False,False,False
2026-08-19,ADNT,19.6299991607666,15,1,False,-0.027765439841946904,-0.06595424231077196,0.11029405101423917,-0.28147879282423605,False,True,False
2026-08-19,AGO,75.2300033569336,15,1,False,-0.06399842774128028,-0.09772412057371027,0.033947239529741546,-0.18582248793725864,False,True,False
2026-08-19,AORT,28.81999969482422,15,2,False,0.16806899113466311,-0.17368049771495575,0.5041753613957811,-0.4026943068430213,False,False,False
2026-08-19,BABA,128.89999389648438,15,2,False,0.13013464919570117,-0.06735084608607511,0.40123923132790873,-0.33098045818500155,False,True,False
2026-08-19,BKCH,65.4000015258789,15,0,False,-0.08514833374999009,-0.10784087233852224,0.2826044199464597,-0.47125879024167827,False,False,False
2026-08-19,DOLE,13.289999961853027,15,3,False,-0.04660105626935285,-0.08877423889532499,0.0615015555859566,-0.19794808650453555,False,False,False
2026-08-19,DPZ,336.5199890136719,15,1,False,0.03549327613516562,-0.08646536027767482,0.19333329437472302,-0.2824733709729811,False,True,False
2026-08-19,FUN,16.899999618530273,15,3,False,-0.12833580969653025,-0.05391828201939375,0.35091920937884935,-0.38253565581536086,False,False,False
2026-08-19,GDDY,96.83999633789062,15,2,False,0.09646487205606857,-0.01321524865396606,0.3527029095074261,-0.3564165909997584,False,True,False
2026-08-19,GLPI,42.900001525878906,15,2,False,-0.03853908129981021,-0.05873314926282536,0.04202097240408764,-0.14114112371127963,False,False,False
2026-08-19,GPOR,173.13999938964844,15,2,False,0.07134989575309114,-0.08072097435099379,0.16061139489355258,-0.23314731009944234,False,True,False
2026-08-19,IGLD,22.239999771118164,15,1,False,0.044464894606500716,-0.09609296667323874,0.0999011140633197,-0.26890204749047286,False,True,False
2026-08-19,KRMN,58.20000076293945,15,2,False,0.13655006116443458,-0.20510371607764888,0.3323871039634916,-0.5083628812868632,False,True,False
2026-08-19,KTOS,60.560001373291016,15,2,False,0.14589328293981674,-0.17308086871387496,0.4054305212076894,-0.5480596912440969,False,True,False
2026-08-19,LAZ,45.209999084472656,15,2,False,0.052550685806773245,-0.04109852639842926,0.16912338311873554,-0.23046810068982715,False,True,False
2026-08-19,LINC,26.299999237060547,15,4,False,-0.3993761038877375,-0.259898182375496,0.5211103438081224,-0.5331913531091375,False,False,False
2026-08-19,MIAX,40.599998474121094,15,1,False,-0.031396170450239125,-0.06789451120078771,0.2888888404482888,-0.28946449233815974,False,True,False
2026-08-19,MNDY,91.01000213623047,15,2,False,0.12009553836400477,-0.08875020692398017,0.5827826458474865,-0.5878170250074826,False,False,False
2026-08-19,NAIL,42.06999969482422,15,1,False,-0.02492954742477449,-0.15252189024898788,0.4198447818564084,-0.575076246941299,False,True,False
2026-08-19,NLR,117.72000122070312,15,1,False,0.02550165632205159,-0.1094080582428002,0.1550235806084621,-0.29978583964003347,False,True,False
2026-08-19,OXM,35.4900016784668,15,1,False,-0.054663775836162554,-0.0813552754983794,0.16094216659333438,-0.31234254487979085,False,True,False
2026-08-19,PAGS,8.59000015258789,15,2,False,-0.054298025639446745,-0.1267174494430221,0.039951563506279264,-0.3027597106031866,False,False,False
2026-08-19,PKX,58.06999969482422,15,3,False,0.05846240887175047,-0.037620158743777554,0.29073121867914486,-0.37153681021790586,False,True,False
2026-08-19,PTY,11.739999771118164,15,1,False,-0.0074567781839463,-0.056486276691703696,0.013816912648208612,-0.20081687498510903,False,False,False
2026-08-19,SFIX,3.359999895095825,15,0,False,-0.13846156009320454,-0.16490620233708875,0.13898299687623172,-0.4343434574530811,False,True,False
2026-08-19,SUZ,8.34000015258789,15,1,False,0.023086948709897914,-0.08487407153157822,0.10390474415429507,-0.27698307213597584,False,False,False
2026-08-19,TYL,346.8800048828125,15,1,False,0.12819272749137056,-0.04628989734946587,0.2813712675262454,-0.39770456601643256,False,True,False
2026-08-19,CC,15.90999984741211,15,3,False,-0.12856298592359217,-0.1128508493927125,0.5239464067897961,-0.44506453417949443,False,False,False
2026-08-19,GGAL,41.470001220703125,15,2,False,-0.16828781036857543,-0.15389964408848944,0.6017768326902324,-0.33669224380894225,False,True,False
2026-08-19,DOCS,25.75,15,2,False,0.1723195993626223,-0.16177021105165135,0.5014577593446461,-0.6634426966274207,False,False,False
2026-08-19,IONS,60.79999923706055,15,1,False,-0.058905118512388666,-0.17989945106355798,0.45768402233541416,-0.29905463760155193,True,True,False
2026-08-19,TAP,42.4900016784668,15,2,False,0.04122765310345167,-0.04139439626188968,0.11698214132069151,-0.22491787823781306,False,True,False
2026-08-19,XP,16.530000686645508,15,2,False,0.017218290395635494,-0.08498103200401141,0.11689192389292424,-0.28534365385175176,False,True,False
2026-08-19,MLM,535.530029296875,15,1,False,-0.05940564414630656,-0.1166477806738514,0.025546308418582964,-0.24676139448301293,False,True,False
2026-08-19,VNM,17.079999923706055,15,1,False,-0.030801015639223994,-0.060666227936585715,0.05302100164970369,-0.13954661987561012,False,True,False
2026-08-19,NXPI,226.02000427246094,15,3,False,-0.15999490028172914,-0.06775269005014684,0.23508199055989576,-0.33513753152974257,False,True,False
2026-08-19,MKL,1795.0400390625,15,1,False,-0.057993436478593674,-0.08963437674813468,0.0439860204252529,-0.18687801285714267,False,True,False
2026-08-19,ULS,76.04000091552734,15,3,False,-0.13913926369345564,-0.11158778503634526,0.23361456308348338,-0.29291426196604964,False,True,False
2026-08-19,ACHR,6.449999809265137,14,2,False,0.22744915185698522,-0.026723634480776526,0.4999998891076425,-0.5588235390045297,False,False,False
2026-08-19,AZN,164.9499969482422,14,2,False,-0.045366380898001823,-0.10494064008636139,0.13134426265880306,-0.22453109049011832,False,False,False
2026-08-19,BFAM,73.11000061035156,14,1,False,0.01374962930708179,-0.11336840758163236,0.2686100859852474,-0.4115895323110538,False,True,False
2026-08-19,BROS,50.27000045776367,14,1,False,-0.20569710338753988,-0.1263005681203475,0.12763567503367157,-0.32659076449802116,False,False,False
2026-08-19,EYE,18.920000076293945,14,0,False,-0.039315938621359625,-0.20696462361694012,0.28271186957925054,-0.3697535047371754,False,False,False
2026-08-19,FNF,48.41999816894531,14,1,False,-0.017929614152763396,-0.055919016287645285,0.1318372966475605,-0.18222247535024494,False,True,False
2026-08-19,GDS,33.34000015258789,14,2,False,0.03397158476315987,-0.11809556932035337,0.23618839456474228,-0.314132899938946,False,False,False
2026-08-19,GLDI,151.61810302734375,14,2,False,0.045209719059234876,-0.08181338991830545,0.09550657307648303,-0.17423831750264795,False,False,False
2026-08-19,GXO,46.369998931884766,14,1,False,-0.07739388056275576,-0.12897371419094783,0.02136558091199503,-0.30635751697383395,False,True,False
2026-08-19,ICL,5.5,14,3,False,0.05566218423509439,0.009943352172851139,0.15546212931422398,-0.21090384999154077,False,True,False
2026-08-19,KC,12.369999885559082,14,3,False,0.1793082298611277,-0.01663845242729456,0.4814370443635567,-0.3320734568138999,False,True,False
2026-08-19,KDEF,44.29999923706055,14,3,False,0.061562463276481294,-0.1166009165998263,0.3355442171394347,-0.3428275206879833,False,True,False
2026-08-19,LHX,277.1099853515625,14,1,False,-0.049893420344156225,-0.12243968474733358,0.05493373335666174,-0.26928255326935935,False,True,False
2026-08-19,MNR,12.630000114440918,14,3,False,-0.027803432273201367,-0.008034675584023487,0.20745698550478875,-0.15912118977915135,False,False,False
2026-08-19,NXT,92.12000274658203,14,3,False,-0.14455463497050425,-0.15794532324607824,0.4423047485068061,-0.43529700245667147,False,True,False
2026-08-19,OPCH,23.350000381469727,14,1,False,0.050751067340010225,-0.1485404727426819,0.2965019480690716,-0.3654891069140457,False,True,False
2026-08-19,PAX,11.460000038146973,14,1,False,0.026844915018717996,-0.12764475397923736,0.08625590814787687,-0.35617974554253673,False,False,False
2026-08-19,RYAAY,54.790000915527344,14,0,False,-0.10336722073239102,-0.13251782010579516,0.031050085525599735,-0.2619881129836904,False,True,False
2026-08-19,SFD,22.549999237060547,14,3,False,-0.10231610035049155,-0.08345352392718186,0.06973431303011379,-0.24341556765075323,False,False,False
2026-08-19,SHAK,73.2699966430664,14,2,False,0.19494163107153306,-0.09038602933483442,0.41996121724331936,-0.318336199020253,False,True,False
2026-08-19,SPDN,8.489999771118164,14,1,False,-0.02080644497293682,-0.07686037099340404,0.015550253562161886,-0.17412451443086474,False,True,False
2026-08-19,CHRW,144.52000427246094,14,2,False,-0.18646095810173136,-0.16474375001766528,0.1978450264790259,-0.31288925491216857,False,True,False
2026-08-19,CRMG,6.71999979019165,14,2,False,0.35993843294477057,-0.12463928301951865,0.8410957848249518,-0.5359116020280069,False,True,False
2026-08-19,CME,266.94000244140625,14,3,False,0.06086775964991564,-0.041361778149911044,0.22275665533714428,-0.1890266148027312,False,True,False
2026-08-19,FWRG,12.489999771118164,14,1,False,0.012409904141326145,-0.09242514482209885,0.2527582183145065,-0.36047110435286633,False,True,False
2026-08-19,SLVM,37.16999816894531,14,0,False,-0.0402937679154044,-0.14408091516536425,0.04615816059650579,-0.34559861499623334,False,True,False
2026-08-19,PSKY,10.600000381469727,14,2,False,0.12574345437971846,-0.06140697235141834,0.3910761864390764,-0.49185042802877077,False,False,False
2026-08-19,SHOE,15.869999885559082,14,1,False,0.023778491706217153,-0.08945907678989229,0.13357142039707726,-0.4027098205556049,False,True,False
2026-08-19,TRMB,59.25,14,1,False,0.10336017419313293,-0.10158053421876301,0.23643577345537392,-0.29815208143660366,False,True,False
2026-08-19,PHR,11.960000038146973,14,2,False,0.12484246897018725,-0.07514093053340098,0.5392535479415579,-0.6349206150512638,False,True,False
2026-08-19,CLB,12.649999618530273,14,1,False,0.08834052415296378,-0.16875302441254525,0.29213479753026594,-0.37868373087873686,False,True,False
2026-08-19,LKQ,25.860000610351562,14,1,False,0.018447071108408375,-0.11165309137515256,0.22153993940271421,-0.30352814795477057,False,False,False
2026-08-19,MLTX,16.739999771118164,14,4,False,-0.1081988233560005,0.004862224557848016,1.8134454298723184,-0.7332270952809854,False,False,False
2026-08-19,STRD,69.25,14,3,False,0.10628128156301675,-0.041198025092418544,0.41326530612244894,-0.1841422921675292,False,True,False
2026-08-19,QDTE,29.270000457763672,14,1,False,-0.021053844969768698,-0.054017460871316536,0.09441015289953714,-0.20027317819535628,False,True,False
2026-08-19,SHEN,12.149999618530273,14,1,False,-0.09118111756066372,-0.09361505032034079,0.2564632391592281,-0.2997118529457322,True,True,False
2026-08-19,UHS,172.3300018310547,14,1,False,0.10054117948083152,-0.08900889156977987,0.23022558237039092,-0.30041001684704594,False,True,False
2026-08-19,TRIP,10.399999618530273,14,0,False,-0.19976611181697768,-0.16627923058234706,0.15427295830612198,-0.4841269991445314,False,False,False
2026-08-19,NEXT,6.71999979019165,14,4,False,-0.08563967326469646,0.009145347646606128,0.4147367979350842,-0.4037267509104332,False,True,False
2026-08-19,ACDC,4.699999809265137,13,3,False,-0.09978935533741928,-0.1302900023776563,0.5259740018466603,-0.42822388606028683,False,False,False
2026-08-19,ASST,14.729999542236328,13,2,False,0.1494252582734188,-0.014006758012905851,1.0982905387831972,-0.9415476208641416,False,True,False
2026-08-19,BEPC,34.060001373291016,13,1,False,-0.032749041551514146,-0.1260032892836659,0.07039603079666756,-0.24612657938851024,False,False,False
2026-08-19,BMI,130.94000244140625,13,0,False,-0.04461152245341682,-0.12897825046881406,0.16816849602432904,-0.35813724293428306,False,True,False
2026-08-19,DOG,21.290000915527344,13,1,False,-0.01661904867347941,-0.07310857435913931,0.025036131261581218,-0.16214084835204623,False,False,False
2026-08-19,DRVN,13.229999542236328,13,1,False,-0.050005776939149205,-0.04948193549964941,0.34999992701472205,-0.32978724946120297,False,False,False
2026-08-19,GPK,11.399999618530273,13,1,False,0.039444143572101575,-0.06907621005358944,0.29692828987533115,-0.5142735427331844,False,True,False
2026-08-19,HE,11.710000038146973,13,2,False,-0.1010287104582257,-0.14793605059904447,0.08526414082914857,-0.32623701935607774,False,False,False
2026-08-19,HNRG,16.3799991607666,13,1,False,0.010861460551763624,-0.09181893197610957,0.19999997205349906,-0.3368421597239951,False,False,False
2026-08-19,HUN,10.180000305175781,13,3,False,-0.12332067557625048,-0.14356620464873449,0.3945205533139855,-0.3673088745410331,False,True,False
2026-08-19,IRTC,124.75,13,1,False,0.06493318107703416,-0.09587838493037515,0.23703467831615876,-0.41155660377358494,False,False,False
2026-08-19,LBTYA,10.699999809265137,13,2,False,-0.014061154023897626,-0.06314984666893841,0.134676507209899,-0.2085799225605195,False,True,False
2026-08-19,PLTY,37.970001220703125,13,2,False,0.1925401431122742,-0.07449608553238174,0.45702233303288575,-0.4324364670452929,False,False,False
2026-08-19,RMBS,90.8499984741211,13,2,False,-0.18040922299807693,-0.16535292630368437,0.352941123003675,-0.4781734905850382,False,True,False
2026-08-19,SH,32.279998779296875,13,1,False,-0.022161941396598106,-0.08073083310369811,0.014137570112140452,-0.17653065941225443,False,True,False
2026-08-19,STZ,133.52000427246094,13,2,False,-0.01646345053617959,-0.07923969759056204,0.05591148671290691,-0.20994080312153296,False,True,False
2026-08-19,THO,80.06999969482422,13,1,False,0.04774317168967057,-0.11073251872930823,0.14861570429512705,-0.34812343481883434,False,True,False
2026-08-19,TSLA,351.1199951171875,13,0,False,-0.04395540319645075,-0.13176170306120305,0.18071151170890642,-0.29611289503679294,False,True,False
2026-08-19,VIPS,14.449999809265137,13,1,False,0.01863860638289916,-0.10825589713925265,0.1422925094873635,-0.314516135599459,False,True,False
2026-08-19,DKNG,25.309999465942383,13,0,False,-0.0001619891212238933,-0.06423799437501476,0.23704792759010695,-0.48113980936210254,False,False,False
2026-08-19,DKS,191.2899932861328,13,1,False,-0.11000755370200366,-0.09660997164432006,0.024749532128918617,-0.2172436800716897,False,False,False
2026-08-19,CNM,45.290000915527344,13,0,False,-0.016606287890480464,-0.09945824733301678,0.08155226066930976,-0.3258410135488189,False,True,False
2026-08-19,CPRT,33.849998474121094,13,1,False,0.1506794742913189,-0.03160380754470549,0.262588554584712,-0.3244861691913755,False,True,False
2026-08-19,CLM,6.909999847412109,13,1,False,-0.06923493506381617,-0.10940986099947358,0.017673031845840237,-0.18991792922305284,False,False,False
2026-08-19,CRF,6.610000133514404,13,1,False,-0.06830545049338166,-0.11017774286845383,0.021638384522823406,-0.19878786260431458,False,False,False
2026-08-19,BHF,53.279998779296875,13,2,False,-0.14962351379712624,-0.15097149245875596,0.2664606409743282,-0.20239526429340726,False,False,False
2026-08-19,CTRI,22.6200008392334,13,2,False,-0.16519656805698257,-0.2005583779258071,0.18802519703591636,-0.47376990768761107,False,True,False
2026-08-19,VST,142.6999969482422,13,0,False,-0.07060899006977317,-0.11014221355915577,0.07568214238637516,-0.3508325348303263,False,True,False
2026-08-19,TKC,5.429999828338623,13,2,False,-0.05162780293903846,-0.10027093936927878,0.026465003307212687,-0.2437325963564726,False,True,False
2026-08-19,LAND,8.609999656677246,13,2,False,0.0072295591335256315,-0.10731877355336716,0.08712115830006106,-0.33769233410175026,False,True,False
2026-08-19,CIM,11.760000228881836,13,2,False,-0.07961053377369398,-0.09231242404479267,0.026178027027595974,-0.20967741005130425,False,True,False
2026-08-19,BV,11.510000228881836,13,3,False,-0.13208057498639503,-0.09842516432456938,0.1046065397895437,-0.24524588663069924,False,False,False
2026-08-19,TW,103.30000305175781,13,3,False,0.026065875576898767,-0.05077631635206448,0.12994973879629823,-0.21169102301312892,False,True,False
2026-08-19,ORN,9.609999656677246,13,4,False,-0.25554663437905434,-0.2086497115292656,0.492235958274972,-0.4477011570481302,False,True,False
2026-08-19,OTF,11.15999984741211,13,1,False,0.053247504528490586,-0.07871384202345122,0.14461536896534466,-0.29456383927344243,False,False,False
2026-08-19,CSIQ,15.779999732971191,13,2,False,0.03285768692572799,-0.15683735177090063,0.6769394249576877,-0.5437987955085166,False,True,False
2026-08-19,ZS,184.60000610351562,13,3,False,0.2418783827177422,0.019941236824067454,0.6104689736402671,-0.4522092303835875,False,True,False
2026-08-19,ASIX,17.049999237060547,13,1,False,-0.1418707104659196,-0.12864611998073505,0.2092197713319015,-0.36213993531426436,False,False,False
2026-08-19,DNA,7.710000038146973,13,1,False,-0.0915303642497437,-0.09089300412371226,0.4357542276454385,-0.561433443025771,False,False,False
2026-08-19,VFC,14.369999885559082,13,2,False,-0.11748449964428298,-0.1854018653021583,0.14047614686523469,-0.35473733317551526,False,True,False
2026-08-19,AMRC,25.350000381469727,12,1,False,-0.002094209213205689,-0.13342368189653675,0.3792166234469194,-0.435789000461024,False,True,False
2026-08-19,AMRZ,45.2599983215332,12,1,False,-0.10742813449334987,-0.15976763773169544,0.02167040860058389,-0.3136184918744753,False,False,False
2026-08-19,AVS,8.050000190734863,12,1,False,0.05496294349233555,-0.07414753208984659,0.28800003051757805,-0.3641389978073023,False,True,False
2026-08-19,BRSL,11.380000114440918,12,1,False,0.03384996788763339,-0.13338485270842015,0.14949500534731963,-0.3871836132763793,False,False,False
2026-08-19,FIG,26.790000915527344,12,2,False,0.2081172842060559,-0.005590045284672884,0.6138554397524307,-0.6565384498009315,False,True,False
2026-08-19,FIZZ,32.099998474121094,12,1,False,-0.017290831686335162,-0.0542704828961349,0.069643393178912,-0.31585678331575584,False,True,False
2026-08-19,GAP,20.100000381469727,12,0,False,-0.005797022080944569,-0.1645902489598452,0.10988402562397992,-0.3153950966069464,False,True,False
2026-08-19,HUBS,241.64999389648438,12,2,False,0.1622247162271946,-0.10816537245557634,0.424571048402824,-0.5401610066299991,False,False,False
2026-08-19,LBTYK,10.430000305175781,12,2,False,-0.008460854536173956,-0.0690575173448128,0.12150538615759188,-0.20503045761030292,False,True,False
2026-08-19,MCD,267.45001220703125,12,1,False,-0.020397085624875966,-0.10319310514820579,0.0248697921691583,-0.21741035199113024,False,True,False
2026-08-19,NB,4.460000038146973,12,0,False,-0.061447807752464056,-0.1903715906102491,0.2742857251848494,-0.6454689932276994,False,False,False
2026-08-19,SFM,79.33000183105469,12,1,False,-0.03145066393514484,0.0029724021710690884,0.22517377345258205,-0.47894908485349963,False,True,False
2026-08-19,SGI,66.0199966430664,12,0,False,-0.07497706794570436,-0.17630939090038722,0.09322731098392789,-0.3301542382464282,False,False,False
2026-08-19,TMF,31.59000015258789,12,0,False,-0.048757566990693,-0.13437706209749356,0.07266551219725126,-0.2859403491396366,False,False,False
2026-08-19,TPB,88.26000213623047,12,2,False,0.06591373521312671,-0.07771545714401873,0.34133735627346073,-0.39918307826190647,False,True,False
2026-08-19,TSDD,8.819999694824219,12,4,False,-0.015877653201243458,-0.01166784545289723,0.34246567189873867,-0.5882353098315095,False,True,False
2026-08-19,TSLQ,20.959999084472656,12,4,False,-0.013470686757635408,-0.0072420596891836775,0.4186124958125468,-0.5926142123680862,False,True,False
2026-08-19,TSLZ,13.289999961853027,12,3,False,-0.01867399916437429,-0.007223591557753761,0.3651772399126283,-0.5685064840566086,False,True,False
2026-08-19,UPST,30.600000381469727,12,0,False,-0.00839943076467331,-0.11922865352347911,0.2768620983365755,-0.6023391605583587,False,True,False
2026-08-19,VICI,26.3700008392334,12,1,False,-0.013083999274945413,-0.06210484637864222,0.02169707031687329,-0.22246793078633265,False,True,False
2026-08-19,VYX,7.639999866485596,12,0,False,-0.04380477379641956,-0.099964083731239,0.2691029718757165,-0.4471780003477944,False,True,False
2026-08-19,WINA,354.4100036621094,12,0,False,-0.06396943463600935,-0.13083558619376712,0.09029104265044219,-0.3279670687685682,False,False,False
2026-08-19,DFH,14.90999984741211,12,0,False,-0.02491662905668557,-0.10013489687155175,0.22213115414058415,-0.526591539923419,False,False,False
2026-08-19,CRH,94.73999786376953,12,0,False,-0.0818771213627042,-0.15900520540014973,0.017506145878348978,-0.27981759280921903,False,True,False
2026-08-19,CRNC,8.119999885559082,12,1,False,-0.15384937997286863,-0.15575842650930583,0.38803419109954485,-0.4089387148665804,True,False,False
2026-08-19,DMC,31.280000686645508,12,1,False,0.07822660807989634,-0.12717245383254472,0.1817152058203606,-0.28223957383233333,False,True,False
2026-08-19,SNN,29.309999465942383,12,1,False,-0.03626740539347928,-0.09338787423222261,0.026260504692738884,-0.24439291636598515,False,True,False
2026-08-19,SBAC,182.42999267578125,12,2,False,-0.013622140684224848,-0.05742610618128108,0.12326820123299198,-0.19038747085014673,False,True,False
2026-08-19,STEP,49.880001068115234,12,1,False,0.11846341237792357,-0.07736286088366928,0.28391256183295566,-0.35882765933367367,False,False,False
2026-08-19,TEMT,24.150100708007812,12,2,False,0.24913224451010696,-0.2606570830929553,1.0963628253792592,-0.8413473885538032,False,True,False
2026-08-19,PSQ,25.799999237060547,12,1,False,-0.005719068944481709,-0.10211683902582425,0.03365385350155914,-0.23122770615874666,False,True,False
2026-08-19,IE,10.579999923706055,12,2,False,0.07502844307291667,-0.20633135266721303,0.3469127814151154,-0.5090487100569762,False,True,False
2026-08-19,TSSI,9.140000343322754,12,2,False,-0.1775545886124017,-0.18694482972803628,0.33042219731841205,-0.5801561712846348,False,False,False
2026-08-19,YMM,8.699999809265137,12,0,False,-0.007913909033486433,-0.08939143236177294,0.1670019984306268,-0.3816631131509183,False,True,False
2026-08-19,RDDT,151.7100067138672,12,0,False,-0.12782471319145294,-0.14357202444842132,0.27198801864548083,-0.4638275307694183,False,False,False
2026-08-19,PPC,31.280000686645508,12,1,False,0.10350668945504848,-0.10291650623467241,0.20772205202142513,-0.35478545829205266,False,False,False
2026-08-19,NTGR,21.600000381469727,12,0,False,-0.07789245837450165,-0.09688800945582965,0.13684212534051188,-0.41399891416703616,False,True,False
2026-08-19,OTIS,71.94999694824219,12,1,False,-0.007120615272719344,-0.11307469421229877,0.040341138496228224,-0.2391477281161879,False,True,False
2026-08-19,LMAT,83.87000274658203,12,2,False,-0.11364790486604737,-0.12080836132141748,0.0663700078757854,-0.2892975067506337,False,False,False
2026-08-19,ACN,183.1699981689453,11,2,False,0.19799132263654884,-0.112556841760588,0.5503173576246192,-0.37074444167320075,False,True,False
2026-08-19,AGCO,99.5199966430664,11,1,False,-0.10550416193565915,-0.13031056762152582,0.013235546795017372,-0.30783142656837703,False,True,False
2026-08-19,ALMU,15.4399995803833,11,3,False,-0.17071732086889246,-0.13265738279160755,0.5078124927240422,-0.5143127041294966,False,True,False
2026-08-19,AMTM,21.030000686645508,11,0,False,-0.032186774603238044,-0.20615744301159034,0.062013970206563185,-0.448176322491759,False,False,False
2026-08-19,ASTE,41.709999084472656,11,2,False,-0.2087461126579192,-0.19580687848688993,0.030639926522542105,-0.36504799003962773,False,False,False
2026-08-19,BBD,3.049999952316284,11,2,False,-0.11563443646451177,-0.1592353321226666,0.07394367763859488,-0.2906977169703232,False,True,False
2026-08-19,BBUC,28.920000076293945,11,1,False,-0.061112118005390625,-0.1326775395585511,0.027901185037356946,-0.24392156663283804,False,True,False
2026-08-19,BBW,39.58000183105469,11,2,False,0.17067347663815813,-0.1057024052447274,0.3485520039735237,-0.47818058500609195,False,True,False
2026-08-19,BRSP,4.909999847412109,11,1,False,-0.07225458045816269,-0.12824248321381004,0.02079000121043273,-0.2035685518583037,False,True,False
2026-08-19,FICO,1161.5899658203125,11,1,False,-0.011957684124407897,-0.1330609102240422,0.33514551876620047,-0.41862655334916365,False,True,False
2026-08-19,GGLS,58.464298248291016,11,1,False,0.009436699313065233,-0.0816003601827544,0.1542802860216994,-0.47419464911784737,False,True,False
2026-08-19,GILT,10.8100004196167,11,1,False,-0.10302363139525783,-0.2664422492545341,0.26877932380464986,-0.4835164709986415,False,True,False
2026-08-19,KRUS,50.189998626708984,11,2,False,0.0033925907941194655,-0.11740192647303216,0.17761613994694336,-0.4295942738353554,False,True,False
2026-08-19,LEN.B,85.87000274658203,11,1,False,0.008458066088111948,-0.10337403535137168,0.10061530942418018,-0.374990879044637,False,False,False
2026-08-19,LOPE,146.9199981689453,11,1,False,0.003963358361076974,-0.08479307386253232,0.09421310414807893,-0.34128406298656466,False,True,False
2026-08-19,MAT,14.529999732971191,11,1,False,0.017820601392145585,-0.13414497372879186,0.1413982918666037,-0.3536476855494751,False,True,False
2026-08-19,MFIC,9.8100004196167,11,0,False,-0.0014656981354158605,-0.10516374173885201,0.05711214460087244,-0.26461766811047527,False,False,False
2026-08-19,MOS,22.229999542236328,11,1,False,0.007505280797983627,-0.0965856976638041,0.1227272928691554,-0.39902680363550225,False,True,False
2026-08-19,MSFD,10.640000343322754,11,2,False,-0.17110972330681173,-0.16620200657327566,0.06060613838506956,-0.3059360472096784,False,False,False
2026-08-19,NAMS,28.530000686645508,11,0,False,-0.06947766963753876,-0.14181549175845987,0.23774410546504643,-0.3240137555057997,False,False,False
2026-08-19,ONT,16.6200008392334,11,1,False,-0.12398135981865344,-0.24090867741267286,0.31072558669019656,-0.4676489043955834,False,False,False
2026-08-19,PAR,19.280000686645508,11,2,False,0.15000123489822692,-0.13162146924625528,0.6635030571885319,-0.647015725674233,False,False,False
2026-08-19,PWP,16.6299991607666,11,2,False,0.02931978534292279,-0.09157333505461451,0.17859670910033087,-0.35853424685955126,False,True,False
2026-08-19,ROOT,56.459999084472656,11,1,False,-0.0009272486504067201,-0.07453775696021314,0.38010264715374253,-0.4595577828586852,False,False,False
2026-08-19,RWT,4.829999923706055,11,0,False,-0.008986843413367307,-0.11067740965948503,0.1527445961206395,-0.3070301192113455,False,True,False
2026-08-19,SG,6.420000076293945,11,3,False,-0.11907570939904055,-0.04931140376914289,0.42984418787512424,-0.3960489174809756,True,False,False
2026-08-19,SGRY,13.600000381469727,11,0,False,-0.1245574188378551,-0.09498044264481864,0.19193694683127704,-0.43568464040661825,False,False,False
2026-08-19,TGLS,40.880001068115234,11,0,False,-0.07932902552434051,-0.12027559991917591,0.0895522539807514,-0.45179024761411324,False,True,False
2026-08-19,UAMY,5.730000019073486,11,2,False,-0.09484392600996217,-0.26614668706386824,0.45801524726220544,-0.7092846126214423,False,False,False
2026-08-19,CRUS,118.06999969482422,11,2,False,-0.164103828302533,-0.1603212516631667,0.07453588138082612,-0.3455825247029243,False,False,False
2026-08-19,COUR,5.849999904632568,11,1,False,0.0403698902234535,-0.07798513673296115,0.16999998092651358,-0.52516233364111,False,True,False
2026-08-19,NOWL,6.679999828338623,11,2,False,0.309701161449625,-0.2169835080006678,0.9140400601962506,-0.7284552957417667,False,True,False
2026-08-19,SBET,7.079999923706055,11,2,False,0.22508304513681687,-0.08195021940525338,0.5874439155044562,-0.663338103065208,False,True,False
2026-08-19,VERX,13.520000457763672,11,2,False,0.10114761116517679,-0.0989099317393517,0.32419200854551966,-0.49058025654197557,False,False,False
2026-08-19,GOOY,12.329999923706055,11,1,False,-0.04787645657255413,-0.12174014171685432,0.057461413813195694,-0.22744361564941307,False,True,False
2026-08-19,MQ,15.640000343322754,11,0,False,-0.04726512953654849,-0.08728958129957065,0.056756766335297026,-0.39454939997377325,False,True,False
2026-08-19,GT,5.989999771118164,11,0,False,-0.09311131267722506,-0.19972748482033797,0.10313074778694431,-0.4359698836472422,False,False,False
2026-08-19,POOL,195.99000549316406,11,0,False,-0.01994804928473981,-0.10688467391002543,0.13498965604630864,-0.4169566888241023,False,True,False
2026-08-19,RDY,12.109999656677246,11,1,False,-0.06751473389660834,-0.10621702236325803,0.06602112875585875,-0.22718573084134042,True,True,False
2026-08-19,AMZD,8.255000114440918,10,0,False,-0.08696353140584512,-0.14907301360417546,0.08049741606058736,-0.2986406292791778,False,True,False
2026-08-19,BTAL,11.949999809265137,10,1,False,0.017835525941912733,-0.09841261865842843,0.10036834134867645,-0.31163597988933867,False,True,False
2026-08-19,ETH,20.06999969482422,10,2,False,0.16679261421647973,-0.09718631171556247,0.3812801144986788,-0.5616468327681206,False,False,False
2026-08-19,ETHA,15.880000114440918,10,2,False,0.1653164398498923,-0.10412185198810209,0.3778742420874819,-0.568478248813427,False,False,False
2026-08-19,ETHW,15.039999961853027,10,2,False,0.16419481637834732,-0.10488711456816835,0.3760292353085297,-0.568312287715766,False,True,False
2026-08-19,FBRT,8.09000015258789,10,1,False,0.009407853302999758,-0.11488447483377917,0.10142959614390956,-0.31672296889120866,False,False,False
2026-08-19,FOUR,47.130001068115234,10,2,False,0.00482266033271328,-0.11227555463220529,0.3637152544947144,-0.4920788813115685,False,False,False
2026-08-19,GLL,21.219999313354492,10,1,False,-0.1590177985748923,-0.07727900229201512,0.36025633297806925,-0.5261277380122411,False,False,False
2026-08-19,GLXY,21.899999618530273,10,1,False,-0.1289372038658374,-0.13906635535377843,0.33292752353944466,-0.5230836129836616,False,True,False
2026-08-19,LEGN,22.600000381469727,10,1,False,-0.10915597008188815,-0.048858561906207076,0.39162565886622924,-0.3973333231608073,False,False,False
2026-08-19,MARA,9.649999618530273,10,1,False,-0.20475338326152304,-0.1356338645958597,0.44894892486821814,-0.5884861703808044,False,True,False
2026-08-19,MATW,21.969999313354492,10,2,False,-0.1630667743294465,-0.16146481237015098,0.0020524550905287597,-0.28968641782786975,False,False,False
2026-08-19,MBLY,9.100000381469727,10,2,False,0.029039303078380874,-0.040979631597308885,0.4064916037965083,-0.42441491840957535,False,True,False
2026-08-19,META,546.030029296875,10,0,False,-0.08104836250686487,-0.1264635533774966,0.04953296245632899,-0.3095219553293348,True,True,False
2026-08-19,NVDY,12.739999771118164,10,1,False,0.011416124062912036,-0.07523683203534393,0.10102840393361179,-0.27490039883887296,False,True,False
2026-08-19,PATK,87.44000244140625,10,1,False,0.011194407216873703,-0.16584065646469592,0.07565508004200527,-0.4111784347380051,True,True,False
2026-08-19,SNAP,5.239999771118164,10,2,False,0.07315470308392658,-0.1270304419560475,0.37532804457088353,-0.4353448360024397,False,True,False
2026-08-19,STRK,68.2300033569336,10,2,False,0.08517421176590823,-0.09226001721069976,0.3701629042778891,-0.33066496241398347,False,True,False
2026-08-19,SUPV,7.650000095367432,10,2,False,-0.19890253531233226,-0.23500763928523805,0.6850220615960181,-0.4354243551525333,False,False,False
2026-08-19,SVC,8.0,10,1,False,-0.04358845397541289,-0.11003821057207841,0.41592917964008325,-0.4684385449426779,False,True,False
2026-08-19,TETH,10.489999771118164,10,2,False,0.16375817599651987,-0.10499655323397705,0.37303664325109076,-0.5677791687983861,False,True,False
2026-08-19,TMUS,182.36000061035156,10,1,False,0.003372819773967972,-0.07056323768873018,0.10080886501913011,-0.3027985842158455,True,True,False
2026-08-19,TNC,68.0199966430664,10,2,False,-0.1849500117736126,-0.12466288131727199,0.13027577763598552,-0.26008923727549704,False,False,False
2026-08-19,WLDN,84.84500122070312,10,2,False,0.06198690462745837,-0.08880927065146238,0.311968511256985,-0.3806934217466925,False,True,False
2026-08-19,CELH,32.2599983215332,10,2,False,0.10110650659649556,-0.16638138582297313,0.36926990886257327,-0.5166317148019289,False,False,False
2026-08-19,CHKP,132.35000610351562,10,1,False,0.019483857942463434,-0.14455525136879943,0.17927472284388024,-0.3717364293043496,False,True,False
2026-08-19,CONI,42.996299743652344,10,3,False,-0.16876019039667312,-0.24875453022805627,0.5132615205018327,-0.6964609841418463,True,True,False
2026-08-19,KNF,65.77999877929688,10,2,False,-0.1547160286518019,-0.1625385784133464,0.1202315635529072,-0.31678438291129707,False,False,False
2026-08-19,MPT,4.159999847412109,10,0,False,-0.09407668978648454,-0.17033140199980235,0.050505001853162534,-0.35703246022997404,False,False,False
2026-08-19,LMND,51.25,10,1,False,-0.14320296779541275,-0.21719692445455396,0.11026863451935776,-0.48698699482277996,False,True,False
2026-08-19,CPNG,16.65999984741211,10,0,False,-0.015645691789981542,-0.1713751472234667,0.11662196797725288,-0.5110785187264968,True,True,False
2026-08-19,PDI,15.1899995803833,10,1,False,-0.06547233565197841,-0.12483870475166314,0.009973378916936726,-0.24690136227434634,False,False,False
2026-08-19,DOX,60.209999084472656,10,1,False,0.10917884731738203,-0.10781100264016252,0.21049451251905538,-0.3193533833639697,False,True,False
2026-08-19,CSR,54.06999969482422,10,1,False,-0.034371179429417364,-0.12854065756358946,0.013875826708459327,-0.2232437980070413,False,True,False
2026-08-19,BWXT,162.25999450683594,10,1,False,-0.1069178082104345,-0.1685609080943432,0.032845246358044866,-0.3290050881137936,False,True,False
2026-08-19,SBS,4.570000171661377,10,2,False,-0.16642343106688895,-0.18062470267301967,0.09382484463131924,-0.3615534819038366,False,False,False
2026-08-19,LVS,46.58000183105469,10,0,False,-0.008775849358510834,-0.15830251103444082,0.05360784428096532,-0.3388218048430034,False,True,False
2026-08-19,WMG,27.209999084472656,10,1,False,-0.0074885493753164,-0.05521820682474299,0.16580972179024034,-0.23178993531599956,False,False,False
2026-08-19,MLCO,5.480000019073486,10,1,False,0.0034057230066588673,-0.1326231806460313,0.08086781726434489,-0.4600984999970873,False,True,False
2026-08-19,JBI,5.110000133514404,10,0,False,-0.03653982305696857,-0.13782192466734,0.19953048332480394,-0.526851847845504,False,False,False
2026-08-19,AAPD,10.970000267028809,9,0,False,-0.03315985586054648,-0.1357621318045178,0.08185403309701211,-0.31757388825013977,False,True,False
2026-08-19,ADMA,10.050000190734863,9,2,False,0.13131088062107232,-0.225995745399598,0.39389738385047135,-0.5087496284688516,False,True,False
2026-08-19,ATEC,9.75,9,2,False,0.07799128643701803,-0.26037466825271094,0.42961873234452774,-0.5813654093289573,False,True,False
2026-08-19,AVGG,23.959999084472656,9,1,False,-0.16154709697818326,-0.1739893848705767,0.34079451366721436,-0.5153721733412683,False,True,False
2026-08-19,AVGX,41.15999984741211,9,1,False,-0.15937381557869668,-0.17554377773087004,0.3346303386434397,-0.5146226607764384,False,True,False
2026-08-19,AZO,3076.889892578125,9,1,False,0.005064863192949742,-0.10213829867783242,0.060192248757950706,-0.2988120196522719,False,True,False
2026-08-19,BKE,43.22999954223633,9,0,False,-0.012102495757470466,-0.14458629686107216,0.06137981900558431,-0.29923811793505717,False,True,False
2026-08-19,ETHE,16.93000030517578,9,2,False,0.16129122506880478,-0.11458835941952616,0.3697411630614149,-0.5781736386396581,False,True,False
2026-08-19,FLNC,12.069999694824219,9,1,False,-0.27776881763734995,-0.3504047347470316,0.8282337568049687,-0.6398090033007208,False,True,False
2026-08-19,GLIBK,25.940000534057617,9,2,False,0.14517804055044303,-0.1773345047353534,0.34404153157927087,-0.3700060470017035,False,True,False
2026-08-19,GRAB,3.5399999618530273,9,0,False,-0.015025051304838999,-0.15199933813182798,0.11320751180453104,-0.4652567941012794,False,True,False
2026-08-19,HWKN,123.91999816894531,9,1,False,-0.12711618532040314,-0.14982048702341833,0.05034747112221227,-0.33430028347002994,False,True,False
2026-08-19,JBTM,115.02999877929688,9,0,False,-0.13083493915138056,-0.1766083289127761,0.01196446408251206,-0.3241083663601221,False,False,False
2026-08-19,KWEB,27.219999313354492,9,1,False,0.024795355617632575,-0.1258873423214495,0.1717606478581124,-0.3723048942744356,False,True,False
2026-08-19,LBRDA,35.9900016784668,9,2,False,0.10171675506207412,-0.1677905207071957,0.37681723484350993,-0.44969417677726686,False,False,False
2026-08-19,LBRDK,36.02000045776367,9,2,False,0.1016638291724985,-0.16893159623250542,0.3721904936290923,-0.4519589000531301,False,False,False
2026-08-19,LEN,87.30000305175781,9,1,False,0.004494377366875524,-0.13157699276976464,0.09357385756437764,-0.3947587373331374,False,True,False
2026-08-19,LIF,43.189998626708984,9,0,False,-0.18120586849664644,-0.21123270190604804,0.16698191260333362,-0.6162253574253349,False,False,False
2026-08-19,NIO,4.579999923706055,9,0,False,-0.054617531826429255,-0.14629487822283282,0.0456620557167875,-0.4289277229064947,False,False,False
2026-08-19,PFLT,7.360000133514404,9,1,False,0.0037093766433504705,-0.12924653439430855,0.0775988602823825,-0.2854368934735624,False,True,False
2026-08-19,PMT,9.539999961853027,9,0,False,-0.04387740684342967,-0.17339618352159614,0.05414361997691586,-0.3091962583649355,True,True,False
2026-08-19,QDEL,13.800000190734863,9,1,False,-0.12141082101578682,-0.3091934728414164,0.3911290407863044,-0.6121416672134614,False,False,False
2026-08-19,QUBT,8.420000076293945,9,1,False,-0.05628656085112416,-0.13956957296822448,0.36245959711579867,-0.6741486057827799,False,True,False
2026-08-19,RWM,13.319999694824219,9,0,False,-0.017365797609390055,-0.11677239491958646,0.012158043257392004,-0.2705367180797742,False,True,False
2026-08-19,SKYQ,2.5399999618530273,9,2,False,-0.19513278269027023,-0.2713764353006719,1.3090908243636474,-0.8694087474437117,False,True,False
2026-08-19,TSCO,35.439998626708984,9,1,False,0.11990996304737589,-0.17672341666936497,0.2496473153732297,-0.4364764037103436,False,False,False
2026-08-19,TSL,13.161700248718262,9,0,False,-0.06441574151776808,-0.18737347536877258,0.22662635696395594,-0.3823697522961802,False,True,False
2026-08-19,VIV,11.489999771118164,9,2,False,-0.11469651454146268,-0.1742516126944984,0.027728037341722578,-0.33429897921487295,False,False,False
2026-08-19,LUMN,6.130000114440918,9,1,False,-0.12039028420035147,-0.22950261810564887,0.4355972229093119,-0.48702927093871795,True,False,False
2026-08-19,FETH,20.93000030517578,9,2,False,0.16348881592162656,-0.10558802911826193,0.3751642534801123,-0.5689868263330053,False,True,False
2026-08-19,CRCL,78.58999633789062,9,3,False,0.13496209843746643,-0.08195155118563802,0.574949778250661,-0.507180060598835,False,True,False
2026-08-19,TDS,34.66999816894531,9,1,False,-0.030556942387639174,-0.1479196760427609,0.10028555750904267,-0.29417754635901816,False,False,False
2026-08-19,SNPS,401.239990234375,9,0,False,-0.05074373684042577,-0.10161751149932063,0.09628412632342886,-0.35783107850102536,False,True,False
2026-08-19,NFLX,80.22000122070312,9,1,False,0.07542164172355603,-0.09589037603439265,0.23263673883954894,-0.3669007828875166,False,True,False
2026-08-19,PDD,90.19999694824219,9,1,False,0.070709531411149,-0.1071402351537436,0.25382254499794255,-0.3529876294468681,False,True,False
2026-08-19,NRG,120.58000183105469,9,0,False,-0.08822816478053142,-0.1961941425506568,0.07182223849826386,-0.3652347990665117,False,True,False
2026-08-19,UVV,45.189998626708984,9,1,False,-0.12163399073508985,-0.146302670013304,0.042204750705666205,-0.2389693867659045,False,False,False
2026-08-19,CALX,40.54999923706055,9,1,False,0.06809463291565243,-0.14988984746449574,0.18359606607376655,-0.4306374818584956,False,True,False
2026-08-19,STN,74.80000305175781,9,1,False,0.05873731435330232,-0.13801692919514186,0.1288862155176076,-0.3468389342964012,False,True,False
2026-08-19,ARKB,22.700000762939453,8,1,False,0.07748905959128782,-0.10207380166556623,0.17983373352297116,-0.459395097510072,False,False,False
2026-08-19,ARKO,4.699999809265137,8,3,False,-0.35794106046445684,-0.22740575739647495,0.26684629674899885,-0.4631639351423045,False,False,False
2026-08-19,AVAV,172.74000549316406,8,1,False,0.06447752371771087,-0.22656435953844822,0.2776627913630285,-0.5866079271796487,False,True,False
2026-08-19,BGS,3.549999952316284,8,1,False,-0.05580085559561476,-0.21217905824782068,0.05970150847083433,-0.4435736851664035,False,False,False
2026-08-19,BITB,37.15999984741211,8,1,False,0.07773245681703389,-0.10185466600120374,0.18005716473501931,-0.4594122635695068,False,True,False
2026-08-19,BL,31.43000030517578,8,1,False,0.07502241111478192,-0.2053026946830958,0.27246960867848236,-0.4723854210812326,False,False,False
2026-08-19,BMNR,20.239999771118164,8,2,False,0.23410117786599116,-0.12830573934732759,0.5812499585561461,-0.6914634109465299,False,True,False
2026-08-19,BTC,30.270000457763672,8,1,False,0.07750797862298087,-0.10188034174036242,0.18011699446169893,-0.4590778957649634,False,True,False
2026-08-19,BTCO,68.0999984741211,8,1,False,0.07757766051058312,-0.10221028285903089,0.179016628342475,-0.4593521834780966,False,True,False
2026-08-19,BTDR,9.630000114440918,8,1,False,-0.2637670879614211,-0.2223790011638357,0.3924234049276254,-0.6535971086789443,False,False,False
2026-08-19,FBTC,59.599998474121094,8,1,False,0.07802082710375591,-0.10164998989577889,0.18066559062176912,-0.4594104446791738,False,True,False
2026-08-19,GBTC,53.0,8,1,False,0.07655745397060731,-0.1067087018868742,0.1783014793104405,-0.46529460722974403,False,False,False
2026-08-19,GDXY,11.59000015258789,8,1,False,0.12104153949441065,-0.1716813540204183,0.2502696418834809,-0.38644782810638345,False,False,False
2026-08-19,GOF,10.09000015258789,8,0,False,-0.0557562178462675,-0.13204299869491043,0.004980098697693114,-0.33443270091389177,False,False,False
2026-08-19,GPGI,13.0600004196167,8,0,False,-0.08700694929271147,-0.26443667510328783,0.1639928795719312,-0.5123226256626131,False,True,False
2026-08-19,HODL,19.3700008392334,8,1,False,0.07831571677978522,-0.10079077215271326,0.18109763962112146,-0.45833328444063215,False,True,False
2026-08-19,IBIT,38.779998779296875,8,1,False,0.07747360000787196,-0.10204150328206651,0.18087693663548587,-0.4600390010570886,False,False,False
2026-08-19,IEP,6.650000095367432,8,0,False,-0.10403922112379638,-0.14318476542753955,0.0075757865844463534,-0.2864806530991142,False,False,False
2026-08-19,INFY,12.029999732971191,8,1,False,0.04204560942011004,-0.1645311336010482,0.16796111749517362,-0.5990000089009603,False,True,False
2026-08-19,ISRG,397.7200012207031,8,1,False,0.019783375996556885,-0.1622928112994413,0.21045741350411862,-0.3413923329058002,False,True,False
2026-08-19,JMIA,6.730000019073486,8,1,False,0.035225350753997464,-0.23634671702344223,0.18277679286370052,-0.5427989200416015,False,False,False
2026-08-19,MMS,58.400001525878906,8,1,False,0.006535615865927991,-0.1888590124106896,0.10752895947023378,-0.4159999847412109,False,False,False
2026-08-19,MZTI,116.91999816894531,8,1,False,0.05114957172790002,-0.1679994455580165,0.1212121167780249,-0.3877252091631038,False,True,False
2026-08-19,OXLC,9.300000190734863,8,1,False,0.03678932553627923,-0.15258868453175722,0.16104867977427095,-0.5118109940580831,False,False,False
2026-08-19,PAC,206.35000610351562,8,1,False,-0.09924104182164528,-0.15830887615182976,0.01530210847419089,-0.31310541064534303,True,True,False
2026-08-19,TCOM,46.5099983215332,8,1,False,0.0470555537481987,-0.16766811473892196,0.22266028396830384,-0.41119129536189014,False,True,False
2026-08-19,WU,7.199999809265137,8,0,False,-0.05305524216835389,-0.17643225527820916,0.1483253319246738,-0.30434787015508125,False,True,False
2026-08-19,DJT,8.350000381469727,8,0,False,-0.04591051852594452,-0.196448942367349,0.19971269191154017,-0.5598312765572164,False,True,False
2026-08-19,CHA,10.369999885559082,8,0,False,-0.07354466681787153,-0.10906826936193026,0.1547884648306559,-0.5661087844738307,False,True,False
2026-08-19,NVOX,14.640000343322754,8,1,False,-0.05918640692826682,-0.13463028551061484,0.5861322935424156,-0.5933333237965901,False,True,False
2026-08-19,YMAG,11.170000076293945,8,0,False,-0.027105171476668022,-0.13708191058959585,0.04100657528694662,-0.30231106079914927,False,True,False
2026-08-19,SARK,25.68560028076172,8,1,False,-0.07982206820649873,-0.13242651017479268,0.0006077212474253635,-0.27991024392247144,False,True,False
2026-08-19,SYM,42.02000045776367,8,0,False,-0.000846488792748068,-0.2253042609399003,0.1004320792601856,-0.5218479543576754,False,False,False
2026-08-19,CHTR,152.47000122070312,8,2,False,0.09476892283118543,-0.18016699395586955,0.36683099103062267,-0.4665523850198863,False,True,False
2026-08-19,CNXC,25.719999313354492,8,2,False,0.047952345832867005,-0.1724322337554951,0.34518818956211494,-0.5555939643480865,False,True,False
2026-08-19,WRD,6.070000171661377,8,1,False,0.028116557583598212,-0.18094721969133443,0.17181474378700945,-0.5163346550271288,False,False,False
2026-08-19,EZBC,39.52000045776367,8,1,False,0.07669549069671011,-0.10277840275177652,0.17970150620190073,-0.4598141268515046,False,False,False
2026-08-19,WSO,319.6400146484375,8,1,False,-0.12473818057969899,-0.15277369734824775,0.06312782131027461,-0.30361652582039755,False,False,False
2026-08-19,RTO,23.540000915527344,8,1,False,-0.15668345014472518,-0.21824793520667174,0.012037862592014559,-0.32102676207774805,False,False,False
2026-08-19,AIOT,3.049999952316284,7,0,False,-0.2205469056317303,-0.2571393900492275,0.09712229629683633,-0.4812925352117473,False,False,False
2026-08-19,ASR,259.44000244140625,7,1,False,-0.08543419462178681,-0.17465768095964052,0.013714726159788526,-0.319983199013698,False,True,False
2026-08-19,AVL,39.06999969482422,7,1,False,-0.15816899751830815,-0.19115977806161688,0.3495681749632267,-0.5129036262214902,False,False,False
2026-08-19,BLDR,72.55000305175781,7,0,False,-0.04571112890302731,-0.21627339698635795,0.11443939711608886,-0.5196318371307374,True,True,False
2026-08-19,BMBL,2.7899999618530273,7,0,False,-0.04533790557488637,-0.17606149441163588,0.09842519832859198,-0.6188524731660221,False,False,False
2026-08-19,DPRO,4.460000038146973,7,0,False,-0.07952035065029872,-0.3059364928033729,0.17958216275861338,-0.6902777669238452,False,True,False
2026-08-19,DXD,16.540000915527344,7,0,False,-0.035748376089984046,-0.14985911922183914,0.05015878828745035,-0.3085283920245716,False,True,False
2026-08-19,EIDO,12.579999923706055,7,1,False,0.028534047862009526,-0.1991010653848091,0.17350742633822436,-0.3478486611382233,False,True,False
2026-08-19,EPAM,107.37000274658203,7,2,False,0.16866580818581123,-0.2428366532886077,0.4696141025801681,-0.5175032429983942,False,True,False
2026-08-19,ETHD,45.619998931884766,7,4,False,-0.34133207877906957,-0.25412485267480067,0.6528984891794938,-0.572846464154348,True,True,False
2026-08-19,FG,23.559999465942383,7,0,False,-0.17177571012840942,-0.1649654273861646,0.14535730750985376,-0.33820223382680803,False,True,False
2026-08-19,FLO,7.460000038146973,7,0,False,-0.04187001399412338,-0.1919279396687642,0.09705879836759013,-0.5357809471178976,False,True,False
2026-08-19,GLOB,39.52000045776367,7,2,False,0.1615193915277806,-0.19166051367939452,0.433962308547974,-0.4518723814959772,False,False,False
2026-08-19,GME,18.030000686645508,7,1,False,-0.14299563715579822,-0.19386926587404507,0.006138426890805571,-0.35836297359856206,False,False,False
2026-08-19,HLI,130.08999633789062,7,0,False,-0.03911638729072964,-0.16939329156470384,0.15297344878785069,-0.38572176977663475,False,True,False
2026-08-19,KR,56.27000045776367,7,1,False,-0.03687499684635398,-0.12697156027358003,0.03915048702023749,-0.26521286089934404,False,True,False
2026-08-19,LII,419.3399963378906,7,1,False,-0.1714714731992435,-0.1676699361369035,0.027945270942439038,-0.3198053587382147,False,True,False
2026-08-19,NXRT,24.059999465942383,7,0,False,-0.09814683160252602,-0.15102181046104535,0.025138481885347952,-0.3100085975643042,False,True,False
2026-08-19,PEGA,33.83000183105469,7,2,False,0.08536638122007933,-0.21339662816296767,0.3478088174066305,-0.5032305053000766,False,True,False
2026-08-19,PFSI,76.83999633789062,7,0,False,-0.05519561333522138,-0.2405527786143966,0.07198655148920619,-0.5208281613530348,False,True,False
2026-08-19,SEDG,32.599998474121094,7,2,False,-0.31355996023498156,-0.23126083936026498,0.1556185583878582,-0.5987692495492789,False,False,False
2026-08-19,UNG,10.010000228881836,7,0,False,-0.06843857378221008,-0.16272143221668212,0.04816754229944964,-0.41221375071749566,False,False,False
2026-08-19,VISN,11.199999809265137,7,0,False,-0.07398221972840524,-0.29205890444480787,0.18268210068162039,-0.4549878235972541,False,False,False
2026-08-19,CRK,13.539999961853027,7,1,False,0.0019387524552854085,-0.27015168669646183,0.11716172357277554,-0.5181494740910448,False,True,False
2026-08-19,LULU,119.44999694824219,7,1,False,0.014870006888246579,-0.233134513500878,0.14371882569858196,-0.47141340292677325,False,True,False
2026-08-19,GSOL,6.25,7,2,False,0.1148172570309236,-0.1432705291320554,0.3557483338368912,-0.7280243635987569,False,True,False
2026-08-19,CLFD,27.889999389648438,7,2,False,-0.16833161300364385,-0.14122521254647236,0.17382151182584238,-0.47107908909976837,False,False,False
2026-08-19,WB,7.489999771118164,7,0,False,-0.024765008039501102,-0.1769457137583117,0.05641743440361857,-0.4220679205963114,False,True,False
2026-08-19,FLY,25.299999237060547,7,2,False,-0.0056008946817117655,-0.07904725986328964,0.5812499523162842,-0.593051311207884,False,True,False
2026-08-19,OLED,86.54000091552734,7,1,False,0.0209739825425046,-0.15438360832330444,0.1324261055883469,-0.4357804266491788,False,True,False
2026-08-19,OLLI,79.38999938964844,7,2,False,0.084411727137085,-0.1743504778872813,0.31680209295206696,-0.435107420077827,False,True,False
2026-08-19,HSAI,17.770000457763672,7,1,False,0.053736434653245846,-0.16604188141372367,0.24352697727085104,-0.4239870263198652,False,True,False
2026-08-19,SDS,54.040000915527344,7,0,False,-0.04611950207717885,-0.1639139942129565,0.02854967593951252,-0.3286956408009025,False,True,False
2026-08-19,YMAX,7.559999942779541,7,0,False,-0.023936794425033714,-0.14882119277228623,0.042758612797177964,-0.4250950447081082,False,True,False
2026-08-19,VTS,16.81999969482422,7,1,False,0.054439659740798785,-0.10350232454817587,0.1213333129882812,-0.380478823898608,False,True,False
2026-08-19,PHAT,9.319999694824219,7,0,False,-0.10345825252612739,-0.2461407408291878,0.13520093197560779,-0.49098853267800824,False,False,False
2026-08-19,RBA,86.18000030517578,7,2,False,-0.18924054351603814,-0.17430950349967833,0.05059126645904932,-0.279310930042192,False,False,False
2026-08-19,OLN,18.709999084472656,7,1,False,-0.11535810475678043,-0.20126708314472974,0.0552735232678252,-0.3857518172411798,False,True,False
2026-08-19,CCI,74.6500015258789,7,0,False,-0.05593324893832008,-0.128635650700884,0.07071142023606036,-0.28639708354526094,False,True,False
2026-08-19,ADBG,5.0,6,2,False,0.32701320581866167,-0.1604758730140231,0.9230769936149668,-0.5879347229019617,False,True,False
2026-08-19,ADTN,8.010000228881836,6,1,False,-0.30265355551904594,-0.30040916635015513,0.12658228951714112,-0.5990990784584728,False,True,False
2026-08-19,ALHC,12.779999732971191,6,1,False,-0.32738260052372137,-0.32974958922757747,0.006299206685632441,-0.4912420658437683,False,True,False
2026-08-19,BABX,24.09000015258789,6,2,False,0.24284552374039814,-0.22746789083205932,0.8964024263852846,-0.6349999976880623,False,True,False
2026-08-19,BIDU,92.87000274658203,6,0,False,-0.15532180348946267,-0.25384853944657104,0.09490689790993989,-0.43817301251045293,False,False,False
2026-08-19,BITO,9.25,6,1,False,0.07403278902692545,-0.1370262396429126,0.1753494452996276,-0.5647058823529412,False,True,False
2026-08-19,ESAB,78.88999938964844,6,0,False,-0.1279673929715872,-0.2428779338453978,0.015380651258356748,-0.42592053237651484,False,False,False
2026-08-19,ESRT,4.849999904632568,6,0,False,-0.08070815200821058,-0.17661241146960638,0.052060686370349885,-0.3990086631919989,False,True,False
2026-08-19,FIS,40.65999984741211,6,0,False,-0.01563937593732101,-0.20277480255565228,0.08658476314826924,-0.43449236461034857,False,True,False
2026-08-19,FISV,52.08000183105469,6,1,False,0.010653812562452458,-0.11742497861815537,0.10714287452030424,-0.6291126441378029,False,False,False
2026-08-19,GPI,263.8699951171875,6,0,False,-0.12498111659129241,-0.2327906478453684,0.05742567210308169,-0.4597145985731679,False,True,False
2026-08-19,HDB,23.15999984741211,6,0,False,-0.05847535425168071,-0.20461843960515436,0.02206531347603269,-0.3881917810731558,True,True,False
2026-08-19,IPGP,76.56999969482422,6,2,False,-0.23157825454256842,-0.2490523690329347,0.07270947942152994,-0.5085996913380768,False,False,False
2026-08-19,KD,12.380000114440918,6,1,False,0.004658118522371302,-0.2705998020170798,0.22574253929279675,-0.634808272648892,False,True,False
2026-08-19,LPL,3.369999885559082,6,0,False,-0.07666176629322996,-0.20186628666655804,0.2210144555085447,-0.4219554151525928,False,True,False
2026-08-19,LZ,5.860000133514404,6,0,False,-0.11972358017148443,-0.21887755575863066,0.12260543468321794,-0.5274193295330949,False,False,False
2026-08-19,NVDS,19.520000457763672,6,0,False,-0.09276730454033932,-0.2514945500500255,0.07117384159680129,-0.518024680055218,False,False,False
2026-08-19,OPEN,3.5799999237060547,6,0,False,-0.15244207658484965,-0.32848140852558594,0.16993463746740245,-0.6706531774243967,False,True,False
2026-08-19,OPFI,7.179999828338623,6,0,False,-0.1921874161593835,-0.2177754727111616,0.10461535820594192,-0.42329317764363694,False,False,False
2026-08-19,QXO,14.109999656677246,6,0,False,-0.07895769699537591,-0.27093857338514704,0.07056140591561699,-0.48895330152991323,False,True,False
2026-08-19,SITE,98.0999984741211,6,0,False,-0.058814061783217575,-0.21714149961561835,0.08915286784172505,-0.4180113912257254,False,True,False
2026-08-19,SOLZ,8.229000091552734,6,2,False,0.10509777573319301,-0.17861216493570964,0.3337115056399711,-0.6965708024740112,False,False,False
2026-08-19,TMC,3.9700000286102295,6,0,False,-0.06759358771950241,-0.2952183077936934,0.1676470344866856,-0.6502202735524358,False,False,False
2026-08-19,TNXP,12.729999542236328,6,2,False,0.08528846094259013,-0.11306816809277043,0.35425532540890825,-0.6773130723435807,False,True,False
2026-08-19,UPWK,8.6899995803833,6,0,False,-0.015988810235702977,-0.3481921839518286,0.16801068730499913,-0.6195271662728654,False,False,False
2026-08-19,BXMT,14.460000038146973,6,0,False,-0.12045935438951982,-0.21802120533028146,0.05316828261100892,-0.3004354143795631,False,False,False
2026-08-19,HOOW,24.309999465942383,6,0,False,-0.11617035587880353,-0.3008275321964555,0.2076502970413734,-0.7178505288686147,False,True,False
2026-08-19,KMPR,26.719999313354492,6,0,False,-0.029979182176364083,-0.18549375924905243,0.17761122452367784,-0.510980973429209,False,True,False
2026-08-19,INTU,362.4700012207031,6,2,False,0.2232838022990078,-0.18644699262739728,0.4335943935717552,-0.49593934984442867,False,True,False
2026-08-19,QID,14.220000267028809,6,0,False,-0.018145643175743964,-0.2172103490351316,0.06198654984500829,-0.42960288435790517,False,False,False
2026-08-19,TIMB,17.780000686645508,6,1,False,-0.13630619513858322,-0.22666565067946953,0.0373396335931957,-0.3699503501323079,False,False,False
2026-08-19,SOFX,10.050000190734863,6,2,False,0.0407174423705472,-0.4484130270564093,0.4899926406598947,-0.8188503726788493,False,True,False
2026-08-19,UTI,24.299999237060547,6,3,False,-0.3703554191157492,-0.28005015420441814,0.14138084509606275,-0.5266848623911494,False,False,False
2026-08-19,ZG,37.439998626708984,6,1,False,0.1292482162797084,-0.23049099896377057,0.28970023221295604,-0.5850144300583595,False,False,False
2026-08-19,POST,78.8499984741211,6,0,False,-0.1030375210011043,-0.19421183044995327,0.045755926769551536,-0.32767735935515485,False,False,False
2026-08-19,TLK,14.739999771118164,6,1,False,0.008608049096836323,-0.19792353726530132,0.11413456395529042,-0.3732993416565744,False,True,False
2026-08-19,Z,36.58000183105469,6,1,False,0.10854201775490879,-0.2539390632515033,0.2514540678729009,-0.6103536120446266,False,False,False
2026-08-19,YINN,30.020000457763672,6,2,False,0.09289221121017333,-0.1834769568264103,0.45094246896456225,-0.4798128412058701,False,True,False
2026-08-19,SLVO,70.635498046875,6,1,False,0.04523610105936404,-0.19245177773680955,0.15776921799954424,-0.34237505224298936,False,True,False
2026-08-19,MIR,15.600000381469727,6,0,False,-0.05451105359473929,-0.2472368354765193,0.10559891998915605,-0.4847574012836695,False,True,False
2026-08-19,AMSC,31.15999984741211,5,1,False,-0.11821469792559847,-0.15022546952617022,0.2529151104110938,-0.5579514712479834,False,True,False
2026-08-19,APTV,48.91999816894531,5,0,False,-0.15189007492290507,-0.28562982346157695,0.059791991565353975,-0.4499044416836897,False,False,False
2026-08-19,BILI,17.309999465942383,5,0,False,-0.024535971914736,-0.26906667893852276,0.09626342671067212,-0.5244505840573748,False,True,False
2026-08-19,BKKT,7.739999771118164,5,0,False,-0.025777890854216112,-0.2950081502612235,0.1535021948011248,-0.8445471052661822,False,False,False
2026-08-19,BLOX,12.949999809265137,5,0,False,-0.10962296110461689,-0.2189785341689242,0.08549869891007744,-0.5375000068119594,False,False,False
2026-08-19,BRBR,10.729999542236328,5,1,False,-0.08111537152755155,-0.4137909618254263,0.3721226734905192,-0.7505811383528258,False,True,False
2026-08-19,BTCI,29.469999313354492,5,1,False,0.029936998461662423,-0.1997724711296449,0.11123675734052307,-0.5397469955460444,False,True,False
2026-08-19,ETOR,28.5,5,0,False,-0.2229165971759115,-0.19279577415486848,0.1519806088790394,-0.4050104573670562,False,False,False
2026-08-19,FUTU,109.41999816894531,5,2,False,0.08768259112195476,-0.22458468926638353,0.35925463563907223,-0.4597343661262565,False,True,False
2026-08-19,IMSR,5.690000057220459,5,0,False,-0.06048246352636655,-0.2698739516526405,0.2990867371122785,-0.8193650775485568,False,True,False
2026-08-19,KEP,11.180000305175781,5,0,False,-0.07729888693332199,-0.28647556490331727,0.0022411988169479535,-0.5224262973922364,False,True,False
2026-08-19,MNRO,12.569999694824219,5,0,False,-0.17009984028977354,-0.28469202896164136,0.13652795822044372,-0.4742785539505251,False,False,False
2026-08-19,NKE,41.04999923706055,5,0,False,-0.03743342189789545,-0.2231448096711457,0.056356114058464746,-0.487963076280053,False,False,False
2026-08-19,NNE,19.149999618530273,5,1,False,-0.02526673369822796,-0.2694701617869548,0.3018354567552135,-0.6853951050671175,False,True,False
2026-08-19,ONON,31.260000228881836,5,0,False,-0.14186417767704906,-0.22120824276969242,0.038124360247691724,-0.38801881150526996,False,False,False
2026-08-19,ORCL,143.80999755859375,5,0,False,-0.02697225867755826,-0.17461647037353722,0.2559825114287664,-0.5840275452654897,False,True,False
2026-08-19,PLNT,53.95000076293945,5,2,False,0.02967842198789783,-0.29610954419928204,0.4569268847262937,-0.5278312641845071,False,False,False
2026-08-19,PRCT,21.90999984741211,5,2,False,0.046952794409028886,-0.1772452618344713,0.3147313917635506,-0.4836200874422468,False,True,False
2026-08-19,SMMT,13.109999656677246,5,0,False,-0.07279712068259114,-0.21260790562121112,0.08616404210009998,-0.5637271218127442,False,False,False
2026-08-19,SMPL,11.449999809265137,5,0,False,-0.030876548206677734,-0.24681831332129134,0.15949365157115314,-0.6228590388973465,True,True,False
2026-08-19,SOUN,7.159999847412109,5,1,False,0.06768462767098837,-0.18398050681134803,0.26725658877116865,-0.6770410544532117,False,False,False
2026-08-19,SPXS,24.40999984741211,5,0,False,-0.07110729484285327,-0.24385692420844463,0.04316240364730706,-0.45549857572161,False,True,False
2026-08-19,SPXU,34.209999084472656,5,0,False,-0.0710166047085844,-0.24623671126410196,0.04235220605037493,-0.4610901176564899,False,True,False
2026-08-19,SRAD,13.050000190734863,5,0,False,-0.10775329855023708,-0.2535755328214403,0.12987012772547524,-0.5949720764644317,False,True,False
2026-08-19,CLBT,11.239999771118164,5,0,False,-0.21323227303633685,-0.2503005758086342,0.1732776472476143,-0.4374374360040606,False,False,False
2026-08-19,CPRI,14.399999618530273,5,0,False,-0.17234722165778238,-0.2917812391663156,0.015514760833551744,-0.4906261271539647,False,False,False
2026-08-19,COLL,28.739999771118164,5,0,False,-0.152847142932787,-0.26329321678626094,0.12838635830072986,-0.4341071439704054,False,False,False
2026-08-19,CRML,6.170000076293945,5,1,False,-0.21095707248542772,-0.3753669768093447,0.20625617837420807,-0.8080870984927497,False,False,False
2026-08-19,PSN,47.119998931884766,5,0,False,-0.10010047466198002,-0.22766697989206397,0.2995036159144633,-0.4735195650068741,False,True,False
2026-08-19,INTR,5.320000171661377,5,0,False,-0.03339507449549206,-0.2937295035519635,0.05555559760468798,-0.4864864528993955,False,False,False
2026-08-19,TREE,31.219999313354492,5,0,False,-0.19144308864068982,-0.30994393815651333,0.04870671257288062,-0.5963800914126749,False,False,False
2026-08-19,FLUT,99.16000366210938,5,0,False,-0.04341111933068098,-0.28569238985267187,0.10533947914477637,-0.6795190766669688,False,False,False
2026-08-19,LAC,3.0,5,0,False,-0.13589492558241822,-0.3427826604975278,0.12781951248062962,-0.71482890974724,False,False,False
2026-08-19,COIN,160.1999969482422,5,1,False,0.01702532224999409,-0.1994093168790534,0.1516066152351181,-0.6016510953614359,False,True,False
2026-08-19,PNR,65.58999633789062,5,0,False,-0.0625715160324386,-0.25817143890654703,0.13871524436514227,-0.42439668192634883,False,True,False
2026-08-19,ZTS,76.68000030517578,5,1,False,0.006946733524973547,-0.27602595908769556,0.0800000042982505,-0.5221834350284871,False,False,False
2026-08-19,TU,10.029999732971191,5,0,False,-0.04833294971847235,-0.19875061552731177,0.090217384881919,-0.4001196085600258,False,True,False
2026-08-19,JBGS,12.180000305175781,5,0,False,-0.12371577265941303,-0.21849433073071245,0.1309192003233106,-0.4987654038029864,False,False,False
2026-08-19,SPRY,6.380000114440918,5,0,False,-0.1391407487873868,-0.26956530532751155,0.299389065725449,-0.5772034426820887,True,True,False
2026-08-19,ABR,5.170000076293945,4,1,False,0.008151023628286236,-0.2734784404199706,0.09302326753619039,-0.5890301981201548,False,True,False
2026-08-19,ACM,65.04000091552734,4,0,False,-0.061566641162184244,-0.25996048257453575,0.07771338127568295,-0.520070846627444,False,False,False
2026-08-19,AGNT,4.739999771118164,4,1,False,0.03549967476632854,-0.32613744316076865,0.28629575162024357,-0.6123016656149156,False,True,False
2026-08-19,ALNY,242.61000061035156,4,0,False,-0.09848413106383391,-0.2717650997977845,0.22647997373584472,-0.5104227492954568,False,True,False
2026-08-19,AMSF,26.18000030517578,4,0,False,-0.16619954898164357,-0.24296094371929078,0.0038343704663446054,-0.4529878819200568,False,False,False
2026-08-19,BBAI,3.1700000762939453,4,0,False,-0.043625147815779086,-0.29192073121555817,0.22393829395575748,-0.6624068199797097,False,True,False
2026-08-19,BSX,52.0099983215332,4,1,False,0.12168354623738087,-0.2562424544895987,0.23246439292031984,-0.5250228463786922,False,True,False
2026-08-19,ERII,7.90500020980835,4,0,False,-0.07620569633568419,-0.3103824117326416,0.05259653380667406,-0.568504348171923,False,False,False
2026-08-19,FAZ,32.040000915527344,4,1,False,-0.09051165380299375,-0.2327843179093444,0.05256242948089218,-0.4316125328609073,False,False,False
2026-08-19,JKS,16.959999084472656,4,1,False,0.023030190678568818,-0.26950241018503374,0.16563566062854274,-0.46800503353385825,False,True,False
2026-08-19,LI,12.710000038146973,4,0,False,-0.00022024799556119579,-0.22613013012309013,0.09098716346142033,-0.5309963151573334,False,True,False
2026-08-19,METC,12.0600004196167,4,2,False,0.006409012640630429,-0.2382876985562813,0.4088784846294111,-0.7913494709549409,False,False,False
2026-08-19,MYGN,3.190000057220459,4,0,False,-0.33132099375998625,-0.39566736009230363,0.1642335934735264,-0.6286379510413147,False,True,False
2026-08-19,NABL,3.4600000381469727,4,0,False,-0.12329599585392115,-0.3494712034602132,0.18493148895338174,-0.6038923670131957,False,False,False
2026-08-19,NVD,4.190000057220459,4,0,False,-0.12983883174397137,-0.342778594497939,0.09685867289101435,-0.6327782547542462,False,True,False
2026-08-19,NVDQ,9.484999656677246,4,0,False,-0.13653415526709933,-0.34245191135450315,0.09337169430929637,-0.6112704997964844,False,False,False
2026-08-19,PLAY,9.970000267028809,4,0,False,-0.07688601568604414,-0.2767199021539011,0.06063836932236577,-0.6210566146177723,False,True,False
2026-08-19,QCML,14.550000190734863,4,1,False,-0.2306179069455324,-0.24652136758138254,0.3910133974829746,-0.6527446381655075,False,True,False
2026-08-19,QCMU,18.040000915527344,4,1,False,-0.23301533333893187,-0.2576936228413772,0.37709926642791314,-0.6542736525484854,False,True,False
2026-08-19,QS,5.880000114440918,4,0,False,-0.08066103492305698,-0.3166167773384412,0.23270443143666442,-0.6916622858658563,False,True,False
2026-08-19,REZI,21.540000915527344,4,0,False,-0.2859381969458612,-0.36521245743698005,0.07164181625514598,-0.5243983113247739,False,False,False
2026-08-19,TWM,20.600000381469727,4,0,False,-0.03837174816467681,-0.23621099895677877,0.02182542348154337,-0.48768960829385977,False,True,False
2026-08-19,WHR,40.09000015258789,4,1,False,0.01461307128735534,-0.3229916012488582,0.1308885554242143,-0.584860719899779,False,True,False
2026-08-19,WVE,5.414999961853027,4,0,False,-0.07142244995173097,-0.4277305029959968,0.08083826636103408,-0.7508053347480308,False,False,False
2026-08-19,BLSH,26.920000076293945,4,2,False,0.10092343686273386,-0.22586507342233664,0.30997572144652574,-0.64097094063674,False,False,False
2026-08-19,CWH,6.800000190734863,4,1,False,0.011062237791762408,-0.22511535542200067,0.2397447630284557,-0.6292459332738904,False,True,False
2026-08-19,PODD,151.50999450683594,4,0,False,-0.020919311674345797,-0.3139405155089553,0.19865500536260727,-0.5730669735623253,False,False,False
2026-08-19,SDOW,22.75,4,0,False,-0.054643673384583424,-0.22634441686883766,0.07666828696526196,-0.4385488711009854,False,True,False
2026-08-19,VNET,6.800000190734863,4,1,False,-0.13023455505309323,-0.26465815338171506,0.1021069864912112,-0.5303867123130686,False,False,False
2026-08-19,STNE,9.470000267028809,4,0,False,-0.12340785572938695,-0.3035663543746727,0.042951580021993285,-0.5253132879763616,False,False,False
2026-08-19,CSGP,33.72999954223633,4,2,False,0.11904396871232437,-0.265389692307175,0.30281963450808536,-0.6329306805280481,False,True,False
2026-08-19,ULTY,26.5,4,0,False,-0.05698648445430843,-0.21246855506191342,0.04701701142502612,-0.5516074334315946,False,True,False
2026-08-19,IIIV,16.489999771118164,4,0,False,-0.17698966285432582,-0.2683208318588439,0.059087995782027614,-0.5145717050764107,False,False,False
2026-08-19,FMC,10.8100004196167,4,0,False,-0.020762334449319075,-0.2067364694379834,0.08643222380273374,-0.7353085117720866,False,True,False
2026-08-19,QFIN,11.789999961853027,4,0,False,-0.1534672732020862,-0.24734632435097748,0.04244027625355251,-0.6393392334920398,False,False,False
2026-08-19,WD,41.560001373291016,4,0,False,-0.1578042652265923,-0.24314920979452792,0.05241832379948863,-0.5382222069634331,False,False,False
2026-08-19,ZSL,23.450000762939453,4,1,False,-0.18125508052315753,-0.4119144206852903,0.6284723183439127,-0.9028180668613189,False,True,False
2026-08-19,PSIX,37.290000915527344,4,2,False,0.04557462373536603,-0.357900359036044,0.47507911007400705,-0.6884711623539022,False,False,False
2026-08-19,PONY,7.829999923706055,4,1,False,0.04010307106186217,-0.31268612603860835,0.2301649968999966,-0.6857945465596276,False,True,False
2026-08-19,ACI,12.119999885559082,3,0,False,-0.09709910552021861,-0.25330146897169625,0.11602212419105618,-0.39400000572204585,False,True,False
2026-08-19,AD,35.290000915527344,3,0,False,-0.03331486462637745,-0.23905342138982788,0.04687042046769019,-0.5424607523376582,False,True,False
2026-08-19,APP,310.7900085449219,3,0,False,-0.28593089712696207,-0.38267897482090163,0.025134395816504007,-0.5831734892896032,False,False,False
2026-08-19,ARDX,4.03000020980835,3,1,False,-0.21287521307120816,-0.3258078882157788,0.0440415335058717,-0.5202380484734512,False,False,False
2026-08-19,ARI,6.900000095367432,3,1,False,-0.206422221474036,-0.31065831205135885,0.07309491128715107,-0.3861209754561219,True,True,False
2026-08-19,ASPI,4.090000152587891,3,0,False,-0.18671701251616368,-0.29695487746191873,0.16524221188048616,-0.7177363549211241,True,True,False
2026-08-19,DQ,14.050000190734863,3,1,False,0.06154707226633871,-0.36234764176671763,0.23462214845725593,-0.6160153011166043,False,False,False
2026-08-19,ERY,9.029999732971191,3,0,False,-0.2040546691480345,-0.35529474009901685,0.019762868411246304,-0.6077324260032431,False,True,False
2026-08-19,FUBO,10.329999923706055,3,1,False,0.08817022353398651,-0.4518076327115319,0.2993710907599274,-0.81762005587885,False,False,False
2026-08-19,FVRR,9.279999732971191,3,0,False,-0.08769173135962127,-0.31888660295745874,0.07844279217235606,-0.6685714381081718,False,True,False
2026-08-19,LCID,5.920000076293945,3,1,False,-0.05017086143309113,-0.35342237515620023,1.4978904481665913,-0.7653586926791831,False,True,False
2026-08-19,MNSO,11.119999885559082,3,0,False,-0.08642788007401658,-0.31800689495566425,0.04511273747632516,-0.5841436058062432,False,False,False
2026-08-19,PLTD,5.21999979019165,3,1,False,-0.30505449064574086,-0.2913246610897826,0.025540203085782753,-0.46345978609621474,False,True,False
2026-08-19,PRIM,79.93000030517578,3,0,False,-0.10357604823645661,-0.37015282339645506,0.2296923123873198,-0.611046227225422,False,True,False
2026-08-19,ROL,36.2599983215332,3,0,False,-0.13242799840149044,-0.323596461007449,0.012001017820373772,-0.45176899522003544,False,True,False
2026-08-19,SMCY,5.309999942779541,3,2,False,0.0712556366023096,-0.2547969907029056,0.3308270501473145,-0.7004231408462602,False,False,False
2026-08-19,SMR,9.289999961853027,3,0,False,-0.0030477438953325775,-0.3502019719506072,0.28848819871027787,-0.8382096785423205,False,True,False
2026-08-19,SQQQ,38.529998779296875,3,0,False,-0.036677784291226034,-0.33901568152314454,0.0786673421770514,-0.5944210654810855,False,True,False
2026-08-19,TME,9.020000457763672,3,1,False,0.00779876548200531,-0.3006721565064754,0.1360202005995057,-0.6621722771527501,False,False,False
2026-08-19,TSLG,4.570000171661377,3,1,False,-0.14041188837870355,-0.3743890826026741,0.37650610347984137,-0.6266339659217255,False,True,False
2026-08-19,TSLL,9.1899995803833,3,1,False,-0.14325938649565262,-0.3769766367855121,0.37266607091106096,-0.6128896516855169,False,False,False
2026-08-19,TSLR,15.859999656677246,3,1,False,-0.13859123610691115,-0.35985768042865995,0.3779321756119549,-0.5988872208030468,False,True,False
2026-08-19,TSLT,12.819999694824219,3,1,False,-0.14412942763671066,-0.3738285388304895,0.36965813729263064,-0.611867993683979,False,True,False
2026-08-19,TSLY,22.450000762939453,3,0,False,-0.09957242162235447,-0.29266496254937624,0.10022053454927549,-0.5366356984639722,False,False,False
2026-08-19,VITL,10.869999885559082,3,1,False,-0.09561369434994926,-0.4491028322898911,0.3672956158930849,-0.7953882374482997,False,True,False
2026-08-19,WING,120.52999877929688,3,0,False,-0.16014519456068455,-0.3903682773103335,0.09136179024664415,-0.6476761279483115,False,False,False
2026-08-19,TIGR,4.840000152587891,3,1,False,0.02531514476307395,-0.3155019523960676,0.21000003814697266,-0.6428044218111999,False,True,False
2026-08-19,CSAN,2.5399999618530273,3,0,False,-0.11915662488667422,-0.35181346739115715,0.06722682341118058,-0.5770191651212802,False,False,False
2026-08-19,OKLO,42.939998626708984,3,0,False,-0.10415131493271734,-0.3782200543752976,0.17290352119162766,-0.7784770974104928,False,False,False
2026-08-19,BUR,4.340000152587891,3,1,False,0.02421299273064048,-0.3559445070948184,0.20891372043169576,-0.6929824383866064,False,True,False
2026-08-19,PCT,7.170000076293945,3,1,False,-0.026040174458934917,-0.14858497439913,0.454361120882673,-0.5371207112822074,False,True,False
2026-08-19,CAPR,7.980000019073486,3,3,False,-0.5326008010993832,-0.6560470843722827,1.6959459176457132,-0.8023284560265178,False,False,False
2026-08-19,TLRY,4.829999923706055,3,2,False,0.07104841300724729,-0.3186483110064262,0.3160762461300832,-0.7918103549625017,False,True,False
2026-08-19,JOBY,7.71999979019165,3,0,False,-0.06372040065892137,-0.28843009652627416,0.16440417148358488,-0.613613615261997,False,True,False
2026-08-19,XPEV,11.989999771118164,3,0,False,-0.07418848064985462,-0.30599772183530993,0.04351610182419896,-0.5753497605124056,False,True,False
2026-08-19,SCO,24.579999923706055,3,0,False,-0.1665762513603427,-0.4772420613700279,0.07618212607240338,-0.7079372759726661,False,True,False
2026-08-19,STLA,5.429999828338623,3,0,False,-0.06944066932926896,-0.3306419512992269,0.07524745014880141,-0.5556465049358887,False,True,False
2026-08-19,GTM,3.819999933242798,3,2,False,0.19382459488333437,-0.3991183475112037,0.5039370041785203,-0.6946442954954097,False,True,False
2026-08-19,CWEB,22.979999542236328,3,2,False,0.03417547534651422,-0.29037608703344064,0.3446459530169479,-0.6247550798105783,False,True,False
2026-08-19,AHCO,5.659999847412109,2,1,False,-0.3909394345600441,-0.4453753651911021,0.0863723236027436,-0.5785554937604279,False,False,False
2026-08-19,AIIO,2.8299999237060547,2,1,False,-0.15086416047362816,-0.3856593941931412,4.240740391207344,-0.9497335708338136,True,True,False
2026-08-19,ANGI,4.800000190734863,2,0,False,-0.13631779662656585,-0.43569242958336973,0.126760547614986,-0.7433155082941103,False,False,False
2026-08-19,ARRY,4.920000076293945,2,0,False,-0.22180218195699242,-0.38972201496112957,0.03797474976107851,-0.597710526537412,False,False,False
2026-08-19,BITU,10.600000381469727,2,2,False,0.12960638221234766,-0.3836420711373765,0.33838387365645706,-0.8354037246845382,False,True,False
2026-08-19,DRIP,35.56999969482422,2,0,False,-0.22880794552458084,-0.4102515481978233,0.015560261104988982,-0.654995148193406,False,True,False
2026-08-19,ETHT,12.569999694824219,2,2,False,0.29989654941471766,-0.4405936880562771,0.7779348500171817,-0.904584794514249,False,True,False
2026-08-19,ETHU,19.479999542236328,2,2,False,0.3120848843596702,-0.4113638959943047,0.8171640911381683,-0.8967837652560607,False,True,False
2026-08-19,FBL,18.709999084472656,2,0,False,-0.18407400175319033,-0.3263995886175117,0.0734365322367081,-0.6288287824684968,True,True,False
2026-08-19,FNGD,28.059999465942383,2,0,False,-0.17026142736084782,-0.41766316336871223,0.08928568387518143,-0.6788738802020873,False,True,False
2026-08-19,IPX,21.579999923706055,2,0,False,-0.17321809459110749,-0.383034156292802,0.07416623991046767,-0.6488201846089973,False,True,False
2026-08-19,LTBR,8.050000190734863,2,0,False,-0.061990188595952844,-0.36582213163419797,0.16329481242521848,-0.7431397526630152,False,True,False
2026-08-19,METU,18.06999969482422,2,0,False,-0.18631460813047518,-0.33455473862494445,0.07240351844123105,-0.6367839257321766,True,True,False
2026-08-19,MNST,47.43000030517578,2,3,False,-0.45087578230654723,-0.40754582498366165,0.05283021328349591,-0.5273071353774292,False,False,False
2026-08-19,MSTR,104.25,2,1,False,0.04464151989777987,-0.2833440926820713,0.27429413410426196,-0.7145477877408426,False,True,False
2026-08-19,OCS,13.569999694824219,2,2,False,0.10594043180519486,-0.3672745393323096,0.2899238692342141,-0.6063814272534156,False,True,False
2026-08-19,ODD,13.100000381469727,2,1,False,-0.09393974940809424,-0.4360976937196447,0.41621625745618673,-0.7960454663427075,False,True,False
2026-08-19,PZZA,23.270000457763672,2,0,False,-0.2578299277145164,-0.33941681948813973,0.01704551185761516,-0.5825260179934078,False,False,False
2026-08-19,SMCL,16.420000076293945,2,2,False,0.27098703558850623,-0.3861201441194978,1.1835106539815299,-0.8857076601277978,False,False,False
2026-08-19,SMCX,11.779999732971191,2,2,False,0.25518105615265796,-0.42193810097849505,1.1575090935290753,-0.897063968178412,False,False,False
2026-08-19,SRTY,21.190000534057617,2,0,False,-0.05819708316704841,-0.35349625924891115,0.034668017953664476,-0.6526229420646292,False,True,False
2026-08-19,SSG,12.529999732971191,2,0,False,-0.009533163869499428,-0.44556787094478223,0.14848761761837714,-0.7376465625351188,False,True,False
2026-08-19,TZA,37.58000183105469,2,0,False,-0.05817836554737865,-0.3505836734488297,0.03440682458021538,-0.6444654407184479,False,True,False
2026-08-19,VIXY,18.309999465942383,2,0,False,-0.13265502193634338,-0.32077265413875644,0.0032876419694456427,-0.5387909543055969,False,True,False
2026-08-19,VXX,19.049999237060547,2,0,False,-0.13058562501500715,-0.3167555662741167,0.002895414340469582,-0.5333741853997966,False,True,False
2026-08-19,XXI,5.550000190734863,2,2,False,0.0876808311431867,-0.3083250004148108,0.3373494128181409,-0.7903286613258502,False,True,False
2026-08-19,OI,6.579999923706055,2,0,False,-0.23001311718443096,-0.42575631832503535,0.03622047598862044,-0.610881136423366,False,True,False
2026-08-19,RBLX,38.689998626708984,2,0,False,-0.1743068616818524,-0.39357273833923956,0.14197158816268396,-0.7275352209386692,False,False,False
2026-08-19,IONL,15.899999618530273,2,1,False,-0.18975526865680425,-0.4347628481885192,0.8150684021796901,-0.8931738779243535,False,True,False
2026-08-19,SOLT,39.220001220703125,2,2,False,0.19628612676356316,-0.5120011842038676,0.6847079065251722,-0.9444475903389474,False,True,False
2026-08-19,NFXL,19.010000228881836,2,2,False,0.12478552766922313,-0.2921740455093188,0.5123310016235982,-0.700346774268712,False,True,False
2026-08-19,RDTL,13.5,2,0,False,-0.33540685731313713,-0.5079026278773378,0.23966938240526114,-0.8497328522896846,False,False,False
2026-08-19,BITX,13.65999984741211,2,2,False,0.1359289404381241,-0.3274439632687499,0.35448684142216536,-0.796180236770792,False,False,False
2026-08-19,RIOX,24.0,2,1,False,-0.38990599581792296,-0.37837563253032847,0.8518518464010385,-0.8439024390243902,True,False,False
2026-08-19,CONY,19.040000915527344,2,0,False,-0.03007574707361449,-0.38267799307012906,0.1056911541663883,-0.7565217179211753,False,True,False
2026-08-19,IONX,29.260000228881836,2,1,False,-0.20230963853634953,-0.4692197045623091,0.7421851798727988,-0.9061773487081953,False,True,False
2026-08-19,RKLX,21.540000915527344,2,2,False,-0.29024262035909143,-0.4656928399842416,0.6206455738491619,-0.8124183525903066,True,True,False
2026-08-19,CCB,47.4900016784668,2,0,False,-0.28916122093078556,-0.44289054508026426,0.2971865852697879,-0.6044148232300155,False,False,False
2026-08-19,QPUX,17.649999618530273,2,1,False,-0.18398787065674382,-0.523497393599603,0.4919695462686826,-0.9343451233116598,False,True,False
2026-08-19,RUN,9.800000190734863,2,0,False,-0.15296719230614153,-0.3517703811736408,0.13821144965258458,-0.5632798592913928,False,True,False
2026-08-19,ABTC,7.900000095367432,1,1,False,-0.020227944187143687,-0.6416965386268298,0.6056910513949036,-0.9637281910712826,True,True,False
2026-08-19,ALIT,13.770000457763672,1,1,False,-0.135549782309224,-0.42357199440790305,0.4373695790632848,-0.8338962580903562,False,True,False
2026-08-19,AMDD,30.577999114990234,1,1,False,0.035215162764224095,-0.538742276201418,0.17157083019430774,-0.8056071295502207,False,True,False
2026-08-19,APPX,12.850000381469727,1,0,False,-0.5543211283378874,-0.760411577094877,0.04726975566973746,-0.9184748078953054,False,False,False
2026-08-19,ASTX,13.220000267028809,1,1,False,-0.2573409068232222,-0.6665682958942818,0.5022727250560257,-0.8842178995297345,True,True,False
2026-08-19,BETR,13.029999732971191,1,0,False,-0.42952213229466996,-0.6121654535222953,0.03412693162564073,-0.8614714004765492,False,False,False
2026-08-19,BOIL,19.190000534057617,1,0,False,-0.18167705314553195,-0.49157615334343985,0.04236831575830524,-0.7951974262639757,False,False,False
2026-08-19,EBS,4.889999866485596,1,0,False,-0.32507041117437985,-0.4753838211654875,0.12155956805991708,-0.6522048562912557,False,False,False
2026-08-19,EH,5.760000228881836,1,0,False,-0.020408124339823752,-0.4595836888755751,0.17911974595757285,-0.714851484587585,False,True,False
2026-08-19,ENVX,3.4000000953674316,1,0,False,-0.338457027708401,-0.4795533196780656,0.11111116305415769,-0.760731872889509,False,False,False
2026-08-19,EOSE,3.740000009536743,1,0,False,-0.22314770276579787,-0.5897402140292187,0.2025723908976229,-0.8116817777141782,False,True,False
2026-08-19,EYPT,6.300000190734863,1,1,False,-0.5070653790219259,-0.5517816537862823,0.5949367378942667,-0.670329670878071,False,False,False
2026-08-19,FULC,3.9100000858306885,1,2,False,0.06232681940556595,-0.48545521492887533,0.3816255092722083,-0.7515883009728326,False,True,False
2026-08-19,GDXD,18.3799991607666,1,0,False,-0.574596140934083,-0.6899912688927272,0.0049151761133265914,-0.9605579417150931,False,False,False
2026-08-19,JDST,22.09000015258789,1,0,False,-0.41052462297824044,-0.4803477771604645,0.003178914321935844,-0.8727534598160331,False,False,False
2026-08-19,LENZ,4.920000076293945,1,0,False,-0.11435924940748388,-0.6137836769824019,0.08489531242245474,-0.9023809538226368,False,True,False
2026-08-19,MNTS,4.239999771118164,1,1,False,-0.3402113519070382,-0.46017742392858274,0.36334402383879216,-0.8769741037960039,True,True,False
2026-08-19,MSTX,9.630000114440918,1,1,False,-0.013279222032213323,-0.7038003018724028,0.4330357760571115,-0.9675298383220662,False,False,False
2026-08-19,MSTY,12.989999771118164,1,0,False,-0.03609274160744802,-0.4728769081225712,0.12662619878229098,-0.8548603377528696,False,False,False
2026-08-19,ORCX,21.030000686645508,1,1,False,-0.1188301069941704,-0.4702557120597086,0.5339168948308697,-0.8841896519039834,False,True,False
2026-08-19,PLTZ,9.720000267028809,1,1,False,-0.6226699175782089,-0.653810205822637,0.05308783847174037,-0.794936709828543,False,False,False
2026-08-19,QBTX,8.350000381469727,1,1,False,-0.24344694885210116,-0.6119121853123936,0.36326536840322077,-0.9512228327599996,False,True,False
2026-08-19,SERV,4.78000020980835,1,0,False,-0.1661287431444458,-0.47335945950792957,0.10648148608060515,-0.7435622121069982,False,False,False
2026-08-19,SION,6.25,1,1,False,-0.83218593255817,-0.8395050077985496,0.5586034023102224,-0.886301621589812,False,False,False
2026-08-19,SMCZ,3.4700000286102295,1,1,False,-0.5708239415578913,-0.8856597364330973,0.37698414875957065,-0.9479760091847849,False,False,False
2026-08-19,SMU,6.300000190734863,1,1,False,-0.1146711336864722,-0.8197551197736442,0.5035799772552092,-0.9910447758482802,False,True,False
2026-08-19,SOXS,47.04999923706055,1,2,False,0.022732690836648528,-0.9895078855406522,0.48422706954842765,-0.998014767964681,False,True,False
2026-08-19,TOYO,4.335000038146973,1,1,False,-0.3920823422535368,-0.4900212946525093,0.017605588083459578,-0.7512908799628817,False,False,False
2026-08-19,VRRM,4.650000095367432,1,2,False,0.02114766366095444,-0.6750966784218475,0.3676470485113075,-0.818110698289534,False,True,False
2026-08-19,XXRP,20.850000381469727,1,0,False,-0.06093769361643919,-0.68054666604885,0.16415413507010324,-0.9505572687267708,False,True,False
2026-08-19,CABO,25.93000030517578,1,0,False,-0.36957525246781,-0.6883280441072659,0.026524151631949655,-0.8565342507630027,False,True,False
2026-08-19,CRCG,12.180000305175781,1,2,False,0.15866480787221993,-0.5093072361702969,0.7856619451795965,-0.906163328052319,False,False,False
2026-08-19,CRWU,4.050000190734863,1,1,False,-0.15499301365404328,-0.41714875113371985,0.9901719999592287,-0.8682412624068718,False,False,False
2026-08-19,CCOI,10.364999771118164,1,0,False,-0.18936675904331413,-0.46208170069966015,0.15166664123535156,-0.773145106529745,False,False,False
2026-08-19,CWVX,17.530000686645508,1,1,False,-0.15631914807209124,-0.41111159101393924,0.9852775581098714,-0.8608730104234483,False,False,False
2026-08-19,DUST,34.290000915527344,1,0,False,-0.4032058610321372,-0.43640163320584435,0.0011679099424042327,-0.8325683573995776,False,False,False
2026-08-19,RGTX,12.180000305175781,1,1,False,-0.18090112061722097,-0.6782786926933714,0.5838751904480775,-0.9757273802282336,False,True,False
2026-08-19,INV,1.5399999618530273,1,1,False,-0.6290140081559796,-0.6537419568513723,0.222222201197656,-0.8040712550007993,False,False,False
2026-08-19,LABD,5.929999828338623,1,0,False,-0.3312281678141301,-0.6377442510452951,0.002535903057029998,-0.9026272630581343,False,False,False
2026-08-19,LABX,10.890000343322754,1,2,False,-0.8659607026457761,-0.797306471266828,0.29488710355610537,-0.9535112045108954,True,False,False
2026-08-19,LMB,43.70000076293945,1,1,False,-0.3755180106805941,-0.4465296241671556,0.025821650897161375,-0.6601073479544892,False,False,False
2026-08-19,MUD,10.699999809265137,1,0,False,-0.06753813988359625,-0.9570239148461566,0.20157216508922193,-0.9935774310868757,False,True,False
2026-08-19,CONL,4.650000095367432,1,1,False,-0.037725297537285485,-0.5686726397250641,0.3061798230639441,-0.9112595427488503,False,False,False
2026-08-19,SSTK,5.519999980926514,1,0,False,-0.3850130345088346,-0.6478244244918445,0.06769823974228295,-0.8128813565787623,True,True,False
2026-08-19,GOGO,2.6600000858306885,1,0,False,-0.2423594838111789,-0.4247466864277508,0.027027094201208968,-0.7871999931335449,False,False,False
2026-08-19,TTD,13.539999961853027,1,0,False,-0.23723467407209164,-0.49677914806769286,0.05533905240600223,-0.7598865027769698,False,False,False
2026-08-19,SOC,4.78000020980835,1,2,False,-0.18248671052313692,-0.500512006003303,0.6597222291209077,-0.8351724065583328,True,True,False
2026-08-19,IONZ,2.6500000953674316,1,1,False,-0.245444165828409,-0.8177776724983408,0.5317919457519185,-0.9792156855265299,False,True,False
2026-08-19,TDUP,2.950000047683716,1,0,False,-0.4669991049406311,-0.4538933151295197,0.07272729006680567,-0.7597719778638828,False,False,False
2026-08-19,TENX,1.899999976158142,1,3,False,-0.8442150505216629,-0.8441645802079623,0.45038172454171765,-0.9020618549732691,False,False,False
2026-08-19,CRWG,21.09000015258789,1,1,False,-0.16174803974014995,-0.43235915448380313,0.9784240576427246,-0.8729135249145825,False,False,False
2026-08-19,MRLN,3.315000057220459,1,0,False,-0.2934330754661374,-0.6197718563072552,0.04574131780338431,-0.8049999966340906,True,True,False
2026-08-19,UVXY,19.59000015258789,1,0,False,-0.201294881873746,-0.477734391372461,0.005646848713371844,-0.7225212383004691,False,True,False
2026-08-19,TECS,64.37000274658203,1,0,False,-0.06524273667746072,-0.5253971664763957,0.13647604943912373,-0.7524230663592999,False,True,False
2026-08-19,UVIX,44.060001373291016,1,0,False,-0.27417572509744925,-0.6243846371638048,0.003644643322342267,-0.8530843538846518,False,True,False
2026-08-19,CRCA,18.0,1,2,False,0.15101289403975793,-0.526617258713121,0.7874876410623572,-0.911958912845781,False,True,False
2026-08-19,MRAL,29.345600128173828,1,1,False,-0.4478083924631556,-0.505960156495967,0.32545623022439507,-0.9198864288667139,False,False,False
2026-08-19,OKLL,2.8499999046325684,1,0,False,-0.29975432400650204,-0.8118371032134215,0.2751678024174471,-0.9832310531937454,False,False,False
