run_date,ticker,close,rs_rank,template_score,passes_template,dist_50d,dist_200d,off_52w_low,off_52w_high,base_tight,vol_dryup,new_today,universe_policy
2026-10-05,QMCO,34.005001068115234,99,8,True,0.5281978948169073,1.9237969447805487,7.115751934064006,-0.04587271933660897,False,False,False,all
2026-10-05,AMDG,142.57139587402344,99,8,True,0.426696270993592,1.0818662053234465,6.786531951528135,-0.03797976511554513,False,True,False,all
2026-10-05,TWST,205.0,99,8,True,0.4854103593056771,1.630646900995889,7.798283549895178,-0.013948985000587943,False,False,False,all
2026-10-05,CDNA,69.8499984741211,99,8,True,0.372082942410789,1.4077550957256149,4.0071684178611235,-0.012720869623730091,False,False,False,all
2026-10-05,AMDL,84.05999755859375,99,8,True,0.4281345113944566,1.0844245947682305,7.04017199158395,-0.04128652753173334,False,True,False,all
2026-10-05,DLLL,34.220001220703125,99,8,True,0.18995462262063434,1.3770875475177653,14.787774357358813,-0.14888324802780173,False,True,False,all
2026-10-05,MXL,105.48999786376953,99,8,True,0.43867130521956965,0.9514694370561405,7.260766960242014,-0.17778647424339067,False,False,False,all
2026-10-05,TXG,97.73999786376953,99,8,True,0.48466120409718827,1.780021553527789,7.758064444457357,-0.005898120786349881,False,False,False,all
2026-10-05,AMUU,297.4740905761719,99,8,True,0.4284221603832301,1.0954898877453627,6.83857930423743,-0.0417662407011532,False,True,False,all
2026-10-05,EDRY,58.470001220703125,99,8,True,0.22765469260204685,1.2278886208984838,3.89493534654825,-0.19980838285339775,False,False,True,all
2026-10-05,CYPH,3.1700000762939453,99,8,True,0.6715530527809721,1.858663078622321,7.066157817930108,-0.24343674629998835,False,False,True,all
2026-10-05,KOD,93.80999755859375,99,8,True,1.0987233950455755,1.607365095798082,7.5749544019001664,-0.09798079270582938,False,False,False,all
2026-10-05,MRNA,203.2100067138672,99,8,True,0.6049238790048344,1.934339882563119,8.120736106425257,-0.02725184974552375,False,True,False,all
2026-10-05,IOVA,14.149999618530273,99,8,True,0.6736054835303233,1.9530844874524216,7.0397725540929095,-0.07516343515479096,False,False,False,all
2026-10-05,BWET,890.0,99,8,True,0.7237728770543572,3.1118271974600225,63.25992602792661,-0.011100045539517822,False,True,False,all
2026-10-05,CRWL,110.81999969482422,98,8,True,0.41600346355169004,1.4009575144817128,6.266885225890113,-0.010182202563152165,False,True,False,all
2026-10-05,HPE,68.36000061035156,98,8,True,0.21768312988591654,0.8414336118977555,2.445564520393152,-0.027457679329030094,False,True,False,all
2026-10-05,PLSE,50.5,98,8,True,0.0676939029155994,0.8094926692216704,3.0207005026152007,-0.14261462323032703,False,True,False,all
2026-10-05,ASX,47.529998779296875,98,8,True,0.21266701431067792,0.5415651374160735,3.309156838618848,-0.008345535642229285,False,True,False,all
2026-10-05,AMD,631.75,98,8,True,0.2249621958641057,0.676456498261178,2.8724408628389746,-0.02124069889062319,False,True,False,all
2026-10-05,DELL,552.2899780273438,98,8,True,0.12424982662980155,0.8706503858843113,4.01079633379286,-0.07257649918477671,False,True,False,all
2026-10-05,ABCL,13.779999732971191,98,8,True,0.28771806854965143,1.2839526276957982,4.02003654188298,-0.08225112101983889,False,True,False,all
2026-10-05,RVMD,207.67999267578125,98,8,True,0.02428177330592507,0.41683209835783974,3.542431914497384,-0.07413849165803876,False,False,False,all
2026-10-05,SILC,61.16999816894531,98,8,True,0.35998608707178326,0.8529344427911254,3.58545708165368,-0.025333070834410498,False,True,False,all
2026-10-05,ABSI,11.529999732971191,98,8,True,0.27052338655329944,0.9536660410962994,4.147321287447549,-0.043550440391045275,False,False,False,all
2026-10-05,MU,1063.9599609375,98,8,True,0.10955605784966171,0.551478710035076,4.9237233857911376,-0.15222313869521908,False,True,False,all
2026-10-05,IBRX,10.380000114440918,98,8,True,0.28718644390991854,0.43243049593640204,4.323076851598376,-0.16492358329880774,False,False,False,all
2026-10-05,BAND,62.529998779296875,98,8,True,0.2172023761936004,0.65482159189367,4.00239990234375,-0.2092817737550764,False,True,False,all
2026-10-05,PALU,65.33999633789062,98,8,True,0.18888056913684048,1.0841196735389875,5.633501909381773,-0.037135341140514644,False,True,False,all
2026-10-05,AGEN,8.729999542236328,98,8,True,0.12372561558846806,0.8883636447213472,2.2214019997599976,-0.15324935141361629,False,True,False,all
2026-10-05,COHU,73.7300033569336,98,8,True,0.33929387729263816,0.6732784546393309,2.9491163929105477,-0.026281006757636338,False,True,False,all
2026-10-05,PAYS,14.8100004196167,98,8,True,0.19097404439662258,1.0013649282001587,3.8084418137895115,-0.00803750054294916,False,False,False,all
2026-10-05,RNG,79.05999755859375,98,8,True,0.15337591530952444,0.7793761982058502,2.2750621192018654,-0.03467648247097732,False,True,False,all
2026-10-05,BFLY,9.380000114440918,98,8,True,0.11319456599859534,0.6458594849541572,3.9368422274444255,-0.06666667299286433,False,False,False,all
2026-10-05,PBF,84.16000366210938,98,8,True,0.16677577532321242,0.7338796390559152,2.2849336809244076,-0.010813330384879083,False,True,False,all
2026-10-05,MRNY,41.189998626708984,98,8,True,0.4295530711365607,1.0080996037645682,2.028676284658873,-0.03384703898582542,True,True,False,all
2026-10-05,MRVI,8.520000457763672,98,8,True,0.19846400201621806,0.7483827916192436,2.3477407474857848,-0.09554136000435731,False,True,False,all
2026-10-05,UMC,23.920000076293945,98,8,True,0.13826709121656267,0.5052592841857171,2.4318509033464735,-0.17403312042509644,False,True,False,all
2026-10-05,ETON,55.619998931884766,98,8,True,0.013635399764385214,0.7215949609508496,2.89768725631851,-0.1619708206995799,True,False,False,all
2026-10-05,LITE,1091.6700439453125,98,8,True,0.23269099868070464,0.45690891135264855,6.385630620232983,-0.02910884005521608,False,True,False,all
2026-10-05,SDGR,32.599998474121094,97,8,True,0.5049255688101699,1.0327420276623336,1.9785289523157599,-0.014808149779608759,False,False,False,all
2026-10-05,MTRN,319.17999267578125,97,8,True,0.26052175833004365,0.5927562650753495,1.9119605045019763,-0.01786234114631946,False,True,False,all
2026-10-05,TWLO,300.9100036621094,97,8,True,0.25707894387519614,0.7007584410814727,2.032602754240302,-0.016473307219583955,False,False,False,all
2026-10-05,STX,887.0900268554688,97,8,True,0.03701793099362494,0.35702614689817613,3.2444498892606157,-0.22524888484238537,False,False,True,all
2026-10-05,DINO,115.22000122070312,97,8,True,0.15325869932887692,0.6124518042823939,1.5206738903620431,-0.026775894799290656,False,False,False,all
2026-10-05,SIMO,282.45001220703125,97,8,True,0.10110095724209578,0.3951507486634087,2.5412488044396646,-0.20436616279709507,False,True,False,all
2026-10-05,MTW,23.510000228881836,97,8,True,0.20290212262342067,0.6044386648011453,1.3675729613651466,-0.015081717540615047,False,False,False,all
2026-10-05,ECO,88.5999984741211,97,8,True,0.2645761558506674,0.657608415510297,2.1939437348650612,-0.02250662984625218,False,False,False,all
2026-10-05,FET,87.37000274658203,97,8,True,0.12003633672445102,0.4935707019198827,2.4615690784022313,-0.028466557877309562,False,True,False,all
2026-10-05,P,143.8800048828125,97,8,True,0.3910373889560286,0.821637130208509,1.533990982318831,-0.0009720829433081946,False,False,False,all
2026-10-05,VLO,419.3299865722656,97,8,True,0.17321026504492787,0.6031042272809752,1.7003026898173692,-0.006279976172019142,False,False,False,all
2026-10-05,SMTC,192.8300018310547,97,8,True,0.3091255256624561,0.6410763644744166,2.1989052046444635,-0.045348796539437575,False,True,False,all
2026-10-05,UCO,54.130001068115234,97,8,True,0.17390137398014094,0.44220332436273857,1.9873067638558295,-0.018850772799472115,False,False,False,all
2026-10-05,MPC,433.4700012207031,97,8,True,0.17811762420676214,0.6481482791651152,1.676897553429793,-0.009596298759738331,False,True,False,all
2026-10-05,BE,286.6499938964844,97,8,True,0.20344594655452686,0.37535376054403136,2.786657932000625,-0.18398430057903303,False,True,False,all
2026-10-05,CORT,122.02999877929688,97,8,True,0.07485112993764043,0.7400951046147597,3.2578506430214,-0.03441999183936084,False,True,False,all
2026-10-05,KRT,54.68000030517578,97,8,True,0.13696853595129843,0.664538311537177,1.6530809648648068,-0.012281472789983261,False,False,False,all
2026-10-05,ILMN,293.69000244140625,97,8,True,0.32961915756970184,0.7961153358773376,2.3373863913796167,-0.008641341969936711,False,False,False,all
2026-10-05,CLMT,56.029998779296875,97,8,True,0.11667375536486335,0.5886967694434289,2.2164178262860887,-0.06413897145641734,False,False,False,all
2026-10-05,IMOS,77.40499877929688,97,8,True,0.32954189888582386,0.5611708815310374,3.0231288825425153,-0.07675331392739482,False,False,False,all
2026-10-05,INTC,116.19000244140625,97,8,True,0.14639842477432286,0.42436314875692105,2.532684846384493,-0.1837724098380864,False,True,False,all
2026-10-05,MRVL,271.25,97,8,True,0.1883003825053089,0.6160358412245195,2.83717627149376,-0.1777313083999753,False,True,False,all
2026-10-05,LIND,35.599998474121094,97,8,True,0.18620794577532096,0.5847507146707855,2.1310465112085253,-0.012071635219453314,False,False,False,all
2026-10-05,CRWD,272.6700134277344,97,8,True,0.23054253087237897,0.7672078735352557,2.182423114572081,-0.005688646377480233,False,True,False,all
2026-10-05,NNBR,4.239999771118164,97,8,True,0.1707531955225845,0.7028453454856689,2.854545162926042,-0.11482258770668008,False,False,False,all
2026-10-05,OKTA,218.2899932861328,97,8,True,0.3122387252741312,0.9356338356185507,2.483721573854238,-0.006327382720282104,False,False,False,all
2026-10-05,OMER,18.899999618530273,97,8,True,0.10407511867655739,0.44878651519050683,3.655172385443688,-0.11016949989659552,False,True,False,all
2026-10-05,DRTS,14.890000343322754,97,8,True,0.05107862898088622,0.5111842162049862,3.3411078873243545,-0.05699807604208851,False,True,False,all
2026-10-05,TER,444.5299987792969,96,8,True,0.17967977150015346,0.3217384988905545,2.3740417364652515,-0.08890984926977297,False,True,False,all
2026-10-05,TSXU,66.58999633789062,96,8,True,0.17877261900976338,0.45775650616914754,1.8597808363435067,-0.08050265090388631,False,True,False,all
2026-10-05,ALNT,118.62999725341797,96,8,True,0.1771768537141245,0.5097629008417157,1.8414370599621068,-0.02297810045792703,False,True,False,all
2026-10-05,HTFL,52.209999084472656,96,8,True,0.22463817200873448,0.6331241475434286,1.5936413939961818,-0.016205023842037702,True,True,False,all
2026-10-05,HZO,52.349998474121094,96,8,True,0.0713320661143455,0.504226015059045,1.443977511095257,-0.003995488844805051,False,True,False,all
2026-10-05,DK,75.4000015258789,96,8,True,0.0796507501973196,0.5494461644575215,1.9168278689824905,-0.08350547462635027,False,False,False,all
2026-10-05,MEI,15.399999618530273,96,8,True,0.010936473461863772,0.4084120270766125,2.155737552742781,-0.24435720055490928,False,True,False,all
2026-10-05,GH,187.22000122070312,96,8,True,0.12695285444423643,0.5053856928729112,2.069180347880379,-0.0025041356203820975,False,True,False,all
2026-10-05,NTRA,425.6400146484375,96,8,True,0.2730650678741908,0.7022662436374283,1.6504765200496445,-0.004276279083912926,False,False,False,all
2026-10-05,PSNL,16.399999618530273,96,8,True,0.05897999951848898,0.5513408351930102,2.309788066810709,-0.13181576768513092,True,True,False,all
2026-10-05,ADPT,29.84000015258789,96,8,True,0.15920409841619554,0.5933489479164833,1.4866666793823242,-0.004005304924957653,False,False,False,all
2026-10-05,PANW,406.760009765625,96,8,True,0.1189474759037652,0.617731933478354,1.9143797980946466,-0.006691062843406592,False,True,False,all
2026-10-05,PARR,87.5199966430664,96,8,True,0.09729183773737837,0.4622051514793133,1.6353507695212919,-0.009282315245835115,False,True,False,all
2026-10-05,XNCR,25.6299991607666,96,8,True,0.05455020860904658,0.6090881863995974,1.4703613648931664,-0.1626919748541542,True,True,False,all
2026-10-05,RLAY,19.389999389648438,96,8,True,0.014535179684161958,0.3787929225900877,2.6884153513810047,-0.08838744840877633,False,False,True,all
2026-10-05,NAT,8.369999885559082,96,8,True,0.1741765201395924,0.47607330899498734,1.700000046145533,-0.03903560862213551,False,False,False,all
2026-10-05,TECL,250.5,96,8,True,0.21725321977999368,0.5401996751210265,2.3328896726263104,-0.09041392319654018,False,True,False,all
2026-10-05,PUBM,18.600000381469727,96,8,True,0.12583304831991726,0.650498176570744,2.0243902590311214,-0.04517449596744583,False,False,False,all
2026-10-05,FRO,53.75,96,8,True,0.19653439540797324,0.4840113318976138,1.6257939327303181,-0.021125475334831556,False,False,False,all
2026-10-05,INSW,116.5999984741211,96,8,True,0.15416975008619715,0.46265676260228616,1.7591103432370137,-0.026142193226884602,False,False,False,all
2026-10-05,TSEM,249.57000732421875,96,8,True,0.1107877111015989,0.2645093102943401,2.5200282362917052,-0.21994747321437258,False,True,False,all
2026-10-05,CVI,56.939998626708984,96,8,True,0.3310642190017661,0.754285928613952,1.9021404786511606,-0.005414871149188039,False,True,False,all
2026-10-05,CRSR,13.529999732971191,96,8,True,0.08953863624789271,0.6299977127096972,2.020089213251688,-0.09667512247724075,False,True,False,all
2026-10-05,FTNT,184.1300048828125,96,8,True,0.12082213264536734,0.5462325027967525,1.5034669917449022,-0.0026000526837772764,False,True,False,all
2026-10-05,LPG,57.63999938964844,96,8,True,0.13321352053165492,0.4673891390772338,1.4259258768686056,-0.038852789455177006,True,False,False,all
2026-10-05,DDOG,276.4150085449219,95,8,True,0.1270597369843418,0.48998556790420755,1.8202734671989367,-0.055701669198503834,False,True,False,all
2026-10-05,OSCR,32.41999816894531,95,8,True,0.05097992671656826,0.4729332884334947,2.0327408270845657,-0.05974482020417704,False,True,False,all
2026-10-05,NSIT,159.38999938964844,95,8,True,0.053554878344642676,0.5184070744529077,1.5053442638422636,-0.05406528552137424,False,True,False,all
2026-10-05,AMDW,104.19999694824219,95,8,True,0.1863276467952062,0.4191189934416355,1.7206266063685525,-0.1009491322139825,False,False,False,all
2026-10-05,SITM,710.0399780273438,95,8,True,0.15743238892303157,0.33818963992220286,1.9138571647558713,-0.21265013700271163,False,True,False,all
2026-10-05,AMN,36.84000015258789,95,8,True,0.07382707243609654,0.4159237683809449,1.460921809983358,-0.010209593112637028,False,True,False,all
2026-10-05,NTAP,223.77000427246094,95,8,True,0.15673421962371514,0.6062369136586407,1.388408564856285,-0.03505817092713037,False,False,False,all
2026-10-05,FEIM,85.45999908447266,95,8,True,0.17357223294398416,0.4026955703632755,2.280614264390891,-0.04790555870566504,False,False,False,all
2026-10-05,AVT,106.19000244140625,95,8,True,0.12920037173876175,0.3833235555887382,1.3997740664724576,-0.022461519595913915,False,False,False,all
2026-10-05,AYA,27.030000686645508,95,8,True,0.017511921463866154,0.3634988255575826,1.9221622363941089,-0.11868273167895871,False,True,False,all
2026-10-05,TNK,103.37999725341797,95,8,True,0.15184059925490567,0.37907295726689005,1.1911826321475645,-0.020094812763810754,False,True,False,all
2026-10-05,XMTR,107.69999694824219,95,8,True,0.16647565236808481,0.48273018006510604,2.0033462106844713,-0.007830548867974962,False,False,False,all
2026-10-05,PSX,269.7200012207031,95,8,True,0.11498960893193888,0.4602614517295762,1.12813638761948,-0.026703211702046592,False,True,False,all
2026-10-05,ZETA,32.880001068115234,95,8,True,0.14503820343211693,0.5408118813034299,1.288896734563322,-0.0551723623861633,False,True,False,all
2026-10-05,NBIS,232.57000732421875,95,8,True,0.058351093874722704,0.38025667898701854,2.163357153745901,-0.2244046598896865,True,True,False,all
2026-10-05,FLXS,88.05000305175781,95,8,True,0.09529641507100939,0.47195393738410685,1.589705972110524,-0.02868172565202709,False,True,True,all
2026-10-05,NEO,19.1299991607666,95,8,True,0.10516703067216304,0.5474528635355513,1.7057989669427758,-0.04588529233424665,False,False,False,all
2026-10-05,CMBT,19.989999771118164,95,8,True,0.10498152031186003,0.36976443738278864,1.2523943404076805,-0.0398655108488013,True,False,False,all
2026-10-05,ARKG,56.77000045776367,95,8,True,0.20905568282912168,0.5996179301177833,1.3077235600584145,-0.004646259145391407,False,False,False,all
2026-10-05,VSTS,14.010000228881836,95,8,True,0.033383997782526764,0.30923569209316204,2.1133333841959634,-0.17100588490426072,False,True,False,all
2026-10-05,VSXY,89.41000366210938,95,8,True,0.04591208323105267,0.34226682152623034,2.188545433273748,-0.1273667337397132,False,True,False,all
2026-10-05,TEN,51.290000915527344,95,8,True,0.16776257861194943,0.3835575694446576,1.5019512641720656,-0.04736254141592866,False,False,False,all
2026-10-05,PGEN,7.739999771118164,95,8,True,0.09396197655801086,0.540697050556632,1.5886286777361462,-0.13808461406773764,False,False,False,all
2026-10-05,CAKE,109.02999877929688,95,8,True,0.030174863683730457,0.4686212219262702,1.5314604028752563,-0.07960493312558059,False,True,False,all
2026-10-05,HNGE,98.3499984741211,95,8,True,0.10512818244735733,0.6016010870960042,2.269614319267715,-0.014297993434582379,False,True,False,all
2026-10-05,IRDM,48.439998626708984,95,8,True,0.010965317256654838,0.3040171400953846,2.0952076554272847,-0.1528506756177067,False,True,False,all
2026-10-05,AAMI,96.16000366210938,94,8,True,0.05295665849820752,0.38005668464191533,1.3187846836643757,-0.02395445657095563,False,True,False,all
2026-10-05,FTRE,21.110000610351562,94,8,True,0.12022672278249802,0.3880350551026548,1.4690058642603585,-0.013090172383659726,False,True,True,all
2026-10-05,FTXL,262.4700012207031,94,8,True,0.12700501512047224,0.29223376778476484,1.3808962836252388,-0.11733247864405727,False,True,False,all
2026-10-05,RSKD,7.809999942779541,94,8,True,0.2426412076662754,0.5452341994809675,1.1108107681427675,-0.04406366342137258,False,False,False,all
2026-10-05,TSMX,102.1500015258789,94,8,True,0.2739690929675711,0.40295277544472663,1.4963344598436907,-0.03922120185209432,False,True,False,all
2026-10-05,ONTO,325.4100036621094,94,8,True,0.1469996794704158,0.278805910679204,1.7352273709608204,-0.15797233644576414,False,True,False,all
2026-10-05,SSL,14.050000190734863,94,8,True,0.10912881422221377,0.27957598112312865,1.68129786344184,-0.07444005874332116,False,False,False,all
2026-10-05,DHT,23.81999969482422,94,8,True,0.16990656631580614,0.35325913810960463,1.1994459706951641,-0.04605525230892693,False,False,False,all
2026-10-05,BWLP,25.940000534057617,94,8,True,0.0907042259177957,0.3527643531072855,1.2133105753447042,-0.02002262157330259,False,True,False,all
2026-10-05,PRLB,98.68000030517578,94,8,True,0.1623989677067017,0.41210781238499106,1.1880266883334714,-0.007443149038406149,False,False,False,all
2026-10-05,TH,18.90999984741211,94,8,True,0.043367898460066945,0.34840753778089617,2.167504273363644,-0.13097428085901164,False,False,False,all
2026-10-05,NUTX,225.0,94,8,True,0.18876789059759824,0.5262841441527222,1.6788904122243995,-0.0029247702357464433,False,False,False,all
2026-10-05,RBRK,122.68000030517578,94,8,True,0.2625243921738931,0.7019670883710036,1.90366864627635,-0.012754992091559836,False,True,False,all
2026-10-05,FIVN,34.369998931884766,94,8,True,0.05468914083879861,0.5166959594597291,1.5861549308155567,-0.14075002670288084,False,True,False,all
2026-10-05,CYRX,18.139999389648438,94,8,True,0.12700204121546288,0.44139271446087225,1.3837055284348772,-0.005482477123057383,False,False,False,all
2026-10-05,MLAB,142.22999572753906,94,8,True,0.18539616132670012,0.42504173836279935,1.1368690045748857,-0.008374763707768573,False,True,False,all
2026-10-05,TRMD,41.04999923706055,94,8,True,0.2432537077381327,0.423112467243671,1.1269430497300164,-0.011914766005568733,False,False,False,all
2026-10-05,WT,24.450000762939453,94,8,True,0.0639038861615484,0.3425177695404329,1.287184445526683,-0.05634886503553882,False,True,False,all
2026-10-05,NEOG,13.010000228881836,94,8,True,0.08664786828650595,0.29813115422581915,1.4227189024469293,-0.0876577826042585,False,False,False,all
2026-10-05,BULZ,44.90999984741211,94,8,True,0.1785298085628677,0.38574521234429726,2.00200532973895,-0.1993225222813617,False,True,False,all
2026-10-05,LFST,12.220000267028809,94,8,True,0.013149409897430964,0.38483596502370276,1.56184492995642,-0.09882006719183922,False,True,True,all
2026-10-05,BNO,61.45000076293945,94,8,True,0.11998921867910584,0.33125792616705896,1.2641857827888279,-0.039543588580782996,False,False,False,all
2026-10-05,HAE,104.68000030517578,94,8,True,0.05311024103009854,0.3931383875733565,1.173136896082796,-0.05224080400627151,True,True,False,all
2026-10-05,UGP,7.769999980926514,94,8,True,0.13149847319893793,0.39049204027265993,1.1583333852114515,-0.06150348389712679,True,False,False,all
2026-10-05,MRX,75.20999908447266,94,8,True,0.07056535580212175,0.38857283022448263,1.6947330525136612,-0.04929846411059935,True,True,False,all
2026-10-05,ARW,240.22000122070312,94,8,True,0.1120019572744555,0.3284399368550852,1.3599567645161428,-0.03692415397313353,False,True,False,all
2026-10-05,USD,102.97000122070312,94,8,True,0.1723437603983038,0.35865478979303234,1.4194078453513175,-0.11613732857765557,False,True,False,all
2026-10-05,CLOV,4.679999828338623,94,8,True,0.06465258178205802,0.40086201990158843,1.9620251273558829,-0.16279075123602327,False,True,True,all
2026-10-05,EWY,191.4600067138672,93,8,True,0.08034970551498999,0.2214140219869165,1.3745505796324586,-0.13323370345919072,False,True,False,all
2026-10-05,VCTR,115.27999877929688,93,8,True,0.04482088378853355,0.35684785324483737,1.0213922715556154,-0.06693649589791151,False,True,False,all
2026-10-05,CRL,310.7699890136719,93,8,True,0.1188814331362158,0.47600576722616794,1.1256497640262664,-0.004101902994292361,False,False,False,all
2026-10-05,GCT,54.65999984741211,93,8,True,0.0831548185658677,0.2930399699802797,1.1528161150605274,-0.028612059663301936,False,False,False,all
2026-10-05,HSHP,18.059999465942383,93,8,True,0.06761561783618841,0.29003681781575175,1.450474863823199,-0.07621482502636634,False,False,False,all
2026-10-05,LRCX,345.79998779296875,93,8,True,0.12689234974725405,0.25299339295704826,1.6392915319546542,-0.21140253639003703,False,True,False,all
2026-10-05,TGB,8.90999984741211,93,8,True,0.054562652554734026,0.2001535360350526,1.4344261307277701,-0.09266801178127726,False,True,False,all
2026-10-05,CHEF,111.06999969482422,93,8,True,0.006032392094060368,0.34630384552127214,1.0862133019005347,-0.0627795317466433,False,True,False,all
2026-10-05,MATX,230.66000366210938,93,8,True,0.04741667088639545,0.25979833053840884,1.652178917150584,-0.042387975513972886,False,False,False,all
2026-10-05,RVTY,157.36000061035156,93,8,True,0.22217373107601968,0.47669832508202603,0.9374538075017933,-0.005812472681580805,False,False,False,all
2026-10-05,PSI,160.1199951171875,93,8,True,0.13340512319826625,0.2719914045016205,1.3923501327820138,-0.15387872294808436,False,False,False,all
2026-10-05,S,25.43000030517578,93,8,True,0.17427043117280716,0.5192838156238933,1.1532598985293792,-0.012427172614532744,False,False,False,all
2026-10-05,KEYS,384.1700134277344,93,8,True,0.14535386597307443,0.26610233902683,1.4193590885508534,-0.011781083210602228,False,True,False,all
2026-10-05,TBBB,53.869998931884766,93,8,True,0.11633320994432572,0.3554673174409815,1.2624947559927477,-0.012103426777678394,True,False,False,all
2026-10-05,FNKO,6.070000171661377,93,8,True,0.032699342290679834,0.2604475258397798,1.2316176866964277,-0.17414962579311477,False,True,True,all
2026-10-05,PBR,24.139999389648438,93,8,True,0.2272870224656256,0.34591149206240246,1.1119858919616354,-0.02504042138538376,False,False,False,all
2026-10-05,BHE,86.11000061035156,93,8,True,0.106351601399443,0.23219711382099972,1.3979393198621013,-0.14241611921336927,False,False,False,all
2026-10-05,SNOW,338.989990234375,93,8,True,0.042679744683463694,0.48303889592574834,1.8655112551946629,-0.11849908366320772,True,True,False,all
2026-10-05,ROM,167.47999572753906,93,8,True,0.14648562551827093,0.3934649618450703,1.3469730142245013,-0.0252590583848028,False,False,False,all
2026-10-05,PDFS,56.08000183105469,93,8,True,0.18901731281480383,0.2991059828975733,1.3813165030936303,-0.21774306149745137,False,True,False,all
2026-10-05,NET,359.489990234375,93,8,True,0.16086741137902605,0.523161341058308,1.2633632568786317,-0.02160956535851577,False,True,False,all
2026-10-05,BLFS,38.61000061035156,93,8,True,0.0816580527038977,0.4503451398798062,1.1618140700383521,-0.028923484902634522,False,False,False,all
2026-10-05,SOXX,589.510009765625,93,8,True,0.11016534121494281,0.29102890873321985,1.2635156052813081,-0.10128820977967512,False,True,False,all
2026-10-05,HAFN,10.279999732971191,93,8,True,0.20104679951596993,0.35951858111786317,0.9883945031467563,-0.01343573342588189,False,False,False,all
2026-10-05,USO,143.99000549316406,93,8,True,0.04710103991211101,0.2459994828177252,1.181997426192051,-0.11851851782658063,False,False,False,all
2026-10-05,OILU,49.63999938964844,93,8,True,0.0019684007559694905,0.19068905652297663,1.5096055443093563,-0.1917547334183929,False,True,True,all
2026-10-05,AIS,77.51000213623047,93,8,True,0.10804871181637576,0.30638695277093064,1.3241381014267999,-0.12709044727095453,False,False,False,all
2026-10-05,PLPC,416.1000061035156,93,8,True,0.008370872345546454,0.2635182739274864,1.2611672450970923,-0.17553348770402044,True,True,False,all
2026-10-05,HNST,5.150000095367432,93,8,True,0.013899298103570157,0.44421545067823254,1.487922831620386,-0.14309485869593852,False,True,False,all
2026-10-05,GEO,32.34000015258789,92,8,True,0.03513837754469007,0.40201806308210286,1.5851318593843455,-0.02472857957169783,False,False,False,all
2026-10-05,CON,36.209999084472656,92,8,True,0.05789959761219632,0.3556466214367746,0.9525477991644693,-0.013620267296914346,False,True,False,all
2026-10-05,STLN,6.300000190734863,92,8,True,0.02651005430329345,0.4252346106073712,1.715517401730693,-0.11640952459804232,False,True,False,all
2026-10-05,AUGO,85.16999816894531,92,8,True,0.07903413144972893,0.167350349784817,1.9257985703599996,-0.2279801775851359,False,False,True,all
2026-10-05,DAVE,368.94000244140625,92,8,True,0.03472270078398454,0.34321369689462533,1.4238879585292978,-0.19489361169360342,False,True,True,all
2026-10-05,DIOD,103.52999877929688,92,8,True,0.11212323841758698,0.2260994559938374,1.4486755385147294,-0.1782681122731521,False,True,False,all
2026-10-05,VIR,11.779999732971191,92,8,True,0.15516240756418886,0.30176171073530966,1.446521203111137,-0.013400322699757883,True,False,False,all
2026-10-05,PRCH,17.350000381469727,92,8,True,0.06036439781226921,0.5476562502366003,1.727987424094986,-0.0555253353927575,False,False,False,all
2026-10-05,AMRX,20.350000381469727,92,8,True,0.10794729691035188,0.3523077525481033,1.1286610343355656,-0.03896098631951328,False,False,False,all
2026-10-05,RDVT,79.88999938964844,92,8,True,0.09805224529727097,0.4613153290576786,1.3919160401159942,-0.02328991774487421,False,True,False,all
2026-10-05,ECPG,97.91999816894531,92,8,True,0.000629456386510574,0.24182009115646053,1.4510637371447332,-0.06725095220262245,False,True,True,all
2026-10-05,PAYC,225.7899932861328,92,8,True,0.05092312572865709,0.4551019811088255,1.1524307912467497,-0.07833293646861239,True,True,False,all
2026-10-05,CBRL,56.31999969482422,92,8,True,0.04588756706847574,0.4364158894013148,1.2663983432700952,-0.06538331789665963,False,False,False,all
2026-10-05,FLKR,62.68000030517578,92,8,True,0.07457569527131458,0.22519149044438613,1.31719046480783,-0.13532898120689263,False,False,False,all
2026-10-05,PTEN,11.550000190734863,92,8,True,0.009421275685906227,0.1494481789757336,1.204198605961047,-0.13741598994845816,False,True,True,all
2026-10-05,FLTW,114.08000183105469,92,8,True,0.10567279725347412,0.3255891330205891,1.0166166244737007,-0.0018374230710512807,False,False,False,all
2026-10-05,DAC,165.82000732421875,92,8,True,0.10316477921991063,0.33170095667428523,0.9844424625305048,-0.011623036887305371,False,False,False,all
2026-10-05,SB,8.75,92,8,True,0.05497950374058691,0.2943882700391274,1.113526638209239,-0.06015041830038448,False,False,False,all
2026-10-05,SN,182.69000244140625,92,8,True,0.037678842344720964,0.3504573252121377,1.1979065977463366,-0.06091287783328636,False,True,False,all
2026-10-05,ROG,159.10000610351562,92,8,True,0.19852415235120624,0.2881819715478884,1.1173809874349536,-0.05857984554132767,False,False,False,all
2026-10-05,GUSH,44.060001373291016,92,8,True,0.033942244006919475,0.23892291158246315,1.1177601887527948,-0.13225012212289944,False,True,False,all
2026-10-05,NVEC,114.12999725341797,92,8,True,0.03892436612985306,0.30402389857228984,0.9949309400425064,-0.1545926129376447,False,True,False,all
2026-10-05,ERX,106.66000366210938,92,8,True,0.03742353805008203,0.21754450678650916,1.1120792804378095,-0.07900867014399993,False,True,False,all
2026-10-05,SOXQ,103.70999908447266,92,8,True,0.10502710967306506,0.27122499278032586,1.137909764437914,-0.10079334193678469,False,True,False,all
2026-10-05,FROG,97.86000061035156,92,8,True,0.08620971496294283,0.4272135382159181,1.8740088928941656,-0.07469744105813125,False,True,False,all
2026-10-05,NMM,92.62999725341797,92,8,True,0.06867037772605289,0.291392881240244,1.1531844785627228,-0.024947397332442445,True,False,False,all
2026-10-05,DDD,3.559999942779541,92,8,True,0.061799072544050704,0.3223140290941624,1.0941175546613144,-0.13592231998413007,False,True,False,all
2026-10-05,EWT,118.0,92,8,True,0.1009393427743559,0.32546143981637177,0.9679786824839609,-0.0030415732383840544,False,False,False,all
2026-10-05,QLYS,198.67999267578125,92,8,True,0.13164770647668478,0.5518849530591743,1.6664875450214645,-0.01419073486963518,False,True,False,all
2026-10-05,DGII,74.55999755859375,91,8,True,0.0014344264323529199,0.24085910634781693,1.1668119119216218,-0.141409480621302,False,False,False,all
2026-10-05,VEON,76.94999694824219,91,8,True,0.2259157589163312,0.3995883426524214,0.8063380212322833,-0.023848849919370196,False,False,False,all
2026-10-05,HUM,404.07000732421875,91,8,True,0.04773419819598268,0.37448923210787033,1.4772853032444595,-0.057848342837462985,False,False,False,all
2026-10-05,CRAK,65.05000305175781,91,8,True,0.07064800036871666,0.30398226734643763,0.832394452162192,-0.023126496032806254,True,False,False,all
2026-10-05,CXW,33.72999954223633,91,8,True,0.024368601399130663,0.37006330766183426,1.142947905509414,-0.07715457602430886,False,False,False,all
2026-10-05,ZBRA,375.6600036621094,91,8,True,0.06361775399552028,0.4030207721738561,0.8872644958685516,-0.027367131045114235,False,True,False,all
2026-10-05,AVAH,12.369999885559082,91,8,True,0.010158743566763606,0.39799284655128186,1.0860034137681787,-0.1590754688320628,True,True,False,all
2026-10-05,TK,14.960000038146973,91,8,True,0.14651829522675675,0.2587824491176356,0.9179486759393967,-0.019016390941182126,False,False,False,all
2026-10-05,IDT,80.08000183105469,91,8,True,0.1617785540594625,0.41596178051772936,0.7515310519019085,-0.0270335759172724,False,False,False,all
2026-10-05,TQQQ,83.12000274658203,91,8,True,0.14624563499789578,0.30460650256113175,1.227224100382553,-0.05641950048726274,False,True,False,all
2026-10-05,SMH,633.9000244140625,91,8,True,0.10957314057669576,0.2655017697047386,1.0120617329800443,-0.05645772250558567,False,True,False,all
2026-10-05,SMTI,35.0,91,8,True,0.022644267027342124,0.4250002039255707,1.1806854619147025,-0.009620830535366998,True,True,False,all
2026-10-05,FNGU,35.7400016784668,91,8,True,0.11153274253705359,0.37614773496914555,1.6503524351793173,-0.028276159199208117,False,True,False,all
2026-10-05,DBO,23.459999084472656,91,8,True,0.03911055486853998,0.2278029386722924,0.9730864934455146,-0.11870780071890275,False,False,False,all
2026-10-05,IGPT,103.70999908447266,91,8,True,0.09862287165754924,0.29203214407000466,0.9468743794493015,-0.05131723953542211,False,False,False,all
2026-10-05,ENTG,166.9199981689453,91,8,True,0.17313016358147704,0.2595031346221641,1.455789247773366,-0.10709320643523546,False,True,False,all
2026-10-05,CVE,31.469999313354492,91,8,True,0.005001034333431464,0.20891529377047924,1.0134356419024355,-0.0787470885852889,False,False,False,all
2026-10-05,HALO,108.30999755859375,91,8,True,0.04686787615583299,0.3789187145505215,0.768904105313307,-0.07308516069359394,False,False,False,all
2026-10-05,ARTY,80.80000305175781,91,8,True,0.08727834082950037,0.2877972172012959,0.867733064141512,-0.012828288844687785,False,False,False,all
2026-10-05,OGN,13.699999809265137,91,8,True,0.0014034100219753043,0.2542571289191997,1.4077328069408717,-0.006166125432560676,False,True,False,all
2026-10-05,ASC,19.34000015258789,90,8,True,0.08378913081563866,0.2248956667561297,0.8758486290446634,-0.03444835299070448,False,False,False,all
2026-10-05,SFL,13.5,90,8,True,0.07137755066044194,0.23251652385317545,1.0059435307191178,-0.03433473232857809,False,False,False,all
2026-10-05,WTTR,20.059999465942383,90,8,True,0.005463355449539797,0.2079607067299185,1.1604738605928415,-0.11042127961698067,False,False,True,all
2026-10-05,ATKR,94.77999877929688,90,8,True,0.030569110557838952,0.25479333037925045,0.7633488144985465,-0.0010539468488178771,False,True,False,all
2026-10-05,DXPE,195.8000030517578,90,8,True,0.06125468624126973,0.2581878031031304,1.3298429428691443,-0.058653831481933594,False,False,False,all
2026-10-05,TX,57.970001220703125,90,8,True,0.05933134506561766,0.26135126248337937,0.756134630969912,-0.022690335974458575,False,True,False,all
2026-10-05,NVAX,12.5600004196167,90,8,True,0.3656330653887876,0.40851393518927304,1.025806581614297,-0.061636144576596386,False,False,True,all
2026-10-05,CNXN,92.4000015258789,90,8,True,0.10096205281218862,0.3306049448328616,0.6809168541746125,-0.01586961202956194,False,False,False,all
2026-10-05,APA,43.849998474121094,90,8,True,0.050722168373474874,0.2374071837422398,1.02727693830234,-0.07567454166338661,False,False,False,all
2026-10-05,SANM,225.0800018310547,90,8,True,0.11250166794064831,0.1917472627304011,0.9794213670149421,-0.2203131233834975,False,True,False,all
2026-10-05,KN,39.400001525878906,90,8,True,0.08153219540285539,0.23918665014916352,0.9154108950129276,-0.08222685194976076,False,True,False,all
2026-10-05,MGNI,24.959999084472656,90,8,True,0.061919764503116204,0.4757529044249551,1.3068391671408595,-0.07004474878641032,False,True,False,all
2026-10-05,SNX,277.2799987792969,90,8,True,0.06901235830394192,0.282534278002577,0.9496554380491238,-0.07192820907253705,False,False,False,all
2026-10-05,IMAX,52.58000183105469,90,8,True,0.011881655887852505,0.2697370480628478,0.7104750235052488,-0.0892083449162997,False,True,False,all
2026-10-05,PFIX,67.31999969482422,90,8,True,0.2614754551624845,0.40238079434178964,0.6274627574805274,-0.010000004487879188,False,False,False,all
2026-10-05,LILAK,8.770000457763672,90,8,True,0.037501525661715496,0.3737233149725341,0.9040473998688949,-0.016264666821065976,False,False,False,all
2026-10-05,NHC,230.3699951171875,90,8,True,0.02760347381834838,0.2434972831403528,0.9787837033194355,-0.03727693768739904,False,True,False,all
2026-10-05,BUG,47.72999954223633,90,8,True,0.12310637768135035,0.425178135905095,1.0622164008739934,-0.002090785803680051,False,False,False,all
2026-10-05,WCC,377.0899963378906,89,8,True,0.06988268675559417,0.1813774073659622,0.8182650920857879,-0.02148584187717828,False,True,False,all
2026-10-05,HPQ,31.469999313354492,89,8,True,0.02520830996360779,0.3300226874469647,0.7921412454704542,-0.13138283988473987,False,True,False,all
2026-10-05,XSD,552.4199829101562,89,8,True,0.0881520673100189,0.20967553190664523,0.9670975655158631,-0.16063456010155275,False,False,False,all
2026-10-05,PLXS,273.17999267578125,89,8,True,0.07344181400531347,0.17580923580835783,1.069075173835551,-0.11033675878391636,False,True,False,all
2026-10-05,SKM,36.400001525878906,89,8,True,0.0023572382468599606,0.11255789541889105,0.8514751682803456,-0.22848661953302862,False,True,False,all
2026-10-05,VIRT,62.880001068115234,89,8,True,0.05684582021987472,0.2591336481054083,0.9930270234128109,-0.08551484708312695,False,False,True,all
2026-10-05,EC,17.25,89,8,True,0.012347704837045503,0.19663277776712373,1.012835544255386,-0.06147982657032236,False,True,True,all
2026-10-05,NTNX,73.41000366210938,89,8,True,0.10670405190113375,0.4496911422471628,1.1584830133799309,-0.05763796888088535,False,True,False,all
2026-10-05,RAL,73.95999908447266,89,8,True,0.10131960152747599,0.30105669521892575,0.9844378367606414,-0.019228278838624324,False,True,False,all
2026-10-05,IBTA,41.349998474121094,89,8,True,0.10810372655463119,0.353197640007034,1.1649213428413163,-0.047893203233682735,False,True,False,all
2026-10-05,REPX,42.93000030517578,89,8,True,0.10650034424009869,0.2611818744643548,0.7828073272920759,-0.05252705795586621,False,True,False,all
2026-10-05,ANET,206.89999389648438,89,8,True,0.06608266853785594,0.29862952867176773,0.8066713234488303,-0.0371818396196103,False,True,False,all
2026-10-05,EMEQ,68.41000366210938,89,8,True,0.05737432055370162,0.19771954945057302,0.9282372858211174,-0.13086006278959783,False,False,False,all
2026-10-05,DCTH,15.869999885559082,89,8,True,0.013267608073561199,0.33323531539851325,0.9544335109884541,-0.0889781965526042,False,True,True,all
2026-10-05,PCVX,73.81999969482422,89,8,True,0.2528448634518179,0.3351606897824977,0.8515174736006581,-0.18655647719201962,False,False,True,all
2026-10-05,LFUS,451.4200134277344,89,8,True,0.05787697365630318,0.16428214570804034,0.934436116931129,-0.09818805197541525,False,True,False,all
2026-10-05,TENB,38.5099983215332,89,8,True,0.09211663026894534,0.4279383584617009,1.4481881400015761,-0.11815892062669009,False,True,False,all
2026-10-05,BZH,33.369998931884766,89,8,True,0.00476938695355944,0.265565909883813,0.8715647265661146,-0.03387382607499023,False,False,False,all
2026-10-05,ARX,19.729999542236328,89,8,True,0.10373915108768839,0.3484558728601739,1.1492373514532832,-0.008542717565463986,True,True,False,all
2026-10-05,BRKR,63.86000061035156,89,8,True,0.08301168705159623,0.29287483081841925,0.9728144182126877,-0.0465811076472431,False,True,False,all
2026-10-05,CRGY,13.5600004196167,89,8,True,0.0408351571659229,0.17717533478831582,0.7656250941023872,-0.1234647585289892,False,True,False,all
2026-10-05,ITGR,126.44999694824219,89,8,True,0.023351326739121214,0.3121432359707026,1.0395160798103578,-0.002760300434478391,True,True,False,all
2026-10-05,DT,60.209999084472656,88,8,True,0.1610148768648043,0.41198319542929607,0.9032716500347193,-0.007663785058671491,False,True,False,all
2026-10-05,ASML,1859.8599853515625,88,8,True,0.0790341706945592,0.20246953118992206,0.9882832541322428,-0.07005139018896378,False,True,False,all
2026-10-05,TEVA,39.65999984741211,88,8,True,0.06888745133143237,0.17588806457812867,1.1062134895434652,-0.027702893914010263,False,True,False,all
2026-10-05,OPY,121.68000030517578,88,8,True,0.042287692532989585,0.2218965324444826,0.9069111061970208,-0.03336508611282285,False,False,False,all
2026-10-05,FCX,72.5999984741211,88,8,True,0.02635728352150979,0.13904059289940984,0.883757051102491,-0.09521435185753035,False,True,False,all
2026-10-05,FFIV,458.5299987792969,88,8,True,0.11095281434137005,0.32494362915206376,1.049204549677841,-0.007510825153037026,False,True,False,all
2026-10-05,SAFT,103.88999938964844,88,8,True,0.004138717446970253,0.26467479827918394,0.5496718074415501,-0.0011537616009742457,False,True,False,all
2026-10-05,NVDL,40.165000915527344,88,8,True,0.16835821663934247,0.2847383811958881,0.8649590095697475,-0.07183023040247816,False,True,False,all
2026-10-05,WNC,13.989999771118164,88,8,True,0.1039217042913898,0.33112586903692875,1.1101055097489825,-0.03848800084369042,False,False,False,all
2026-10-05,SM,35.04999923706055,88,8,True,0.006657421467430424,0.23207253107283843,1.0085958569984825,-0.15664104718760163,False,True,False,all
2026-10-05,TALO,17.010000228881836,88,8,True,0.04286731550790668,0.18337433564852068,0.8973786881611627,-0.0915887913297484,False,True,False,all
2026-10-05,NVDU,159.3699951171875,88,8,True,0.16534654066970145,0.2761439177889231,0.8527086879401016,-0.07820003655613661,False,True,False,all
2026-10-05,ZIM,28.93000030517578,88,8,True,0.035848316152847115,0.12611912897276678,1.346309852731956,-0.06556843796274459,True,False,False,all
2026-10-05,SBLK,30.84000015258789,88,8,True,0.02837708008218076,0.2031365925372426,0.8444976925301402,-0.0620438214494341,False,False,False,all
2026-10-05,SCSC,61.0099983215332,88,8,True,0.0776638411444619,0.32792091247133603,0.8071682865759824,-0.08640312313920684,False,True,False,all
2026-10-05,HACK,124.9800033569336,88,8,True,0.08540276253624612,0.34431404907609076,0.7941429340595167,-0.0020281856395416575,False,False,False,all
2026-10-05,EQNR,42.349998474121094,88,8,True,0.008222872812778892,0.19387413069921933,0.9025156351603694,-0.0761344168160909,False,False,False,all
2026-10-05,UFCS,54.650001525878906,88,8,True,0.01527089339773613,0.22260878689722063,0.8308207982404086,-0.03683468612552154,False,True,False,all
2026-10-05,PEB,19.100000381469727,88,8,True,0.038235349067734514,0.2496892402304718,0.9119119939010665,-0.04164575569477058,False,False,False,all
2026-10-05,HBM,27.260000228881836,88,8,True,0.01722491453674735,0.11209021641379424,0.9009762858309536,-0.15209956656023482,False,True,False,all
2026-10-05,TSM,485.79998779296875,88,8,True,0.13892276094756695,0.2515431433829802,0.8207029999915363,-0.0034054151955204004,False,True,False,all
2026-10-05,BTE,4.679999828338623,88,8,True,0.013337910848888246,0.10889959041926289,1.146788846341746,-0.12686572541742158,False,False,False,all
2026-10-05,BTSG,62.0,88,8,True,0.028446498024055966,0.1828319556910949,1.286978923059345,-0.15932203389830513,False,True,True,all
2026-10-05,CHAT,95.30000305175781,87,8,True,0.07528583031158065,0.2184574290020349,0.716498599892059,-0.09410640859006025,False,True,False,all
2026-10-05,CIBR,106.01000213623047,87,8,True,0.08440700368810417,0.32358015771057147,0.7647744743598619,-0.0029157031554133406,False,False,False,all
2026-10-05,RSPT,68.69000244140625,87,8,True,0.06784860495767808,0.23552725456414159,0.6571773504723828,-0.000654661650479893,False,False,False,all
2026-10-05,STNG,86.41000366210938,87,8,True,0.07320021996510473,0.16919900659183185,0.7659922976327671,-0.0405284698582149,False,False,False,all
2026-10-05,OSPN,18.420000076293945,87,8,True,0.10670511745806688,0.3679707733257498,0.8291956935968392,-0.003246724427955372,False,False,False,all
2026-10-05,TGTX,53.90999984741211,87,8,True,0.004565360613786984,0.30118230854758554,1.0145739680983827,-0.09089375141643952,False,True,False,all
2026-10-05,GGB,5.170000076293945,87,8,True,0.06796118417470343,0.1868005923760745,0.6517571524809396,-0.05656933242711071,False,False,False,all
2026-10-05,TMV,50.84000015258789,87,8,True,0.1631737883134532,0.3037736108435385,0.5977372922746265,-0.015968271524631095,False,False,False,all
2026-10-05,FIGS,13.630000114440918,87,8,True,0.014242558764681501,0.06640170429068393,1.0132939664463003,-0.22025168928024208,False,True,False,all
2026-10-05,TXN,294.8999938964844,87,8,True,0.08881059161940752,0.18246816890411988,0.9308583915799216,-0.11714518164779208,False,True,False,all
2026-10-05,TRFK,103.43000030517578,87,8,True,0.08099464689534774,0.2535410794799553,0.7584155192417819,-0.10512200496102064,False,False,False,all
2026-10-05,NVDX,22.59000015258789,87,8,True,0.1639170339686482,0.26175389584952136,0.8203062393508929,-0.0861650169875171,False,True,False,all
2026-10-05,LGND,306.7699890136719,87,8,True,0.0510824969035053,0.26595150026850467,0.7441013706190622,-0.06080279084055962,False,False,False,all
2026-10-05,NVT,167.1699981689453,87,8,True,0.05982490526639417,0.18706349765648134,0.7932846597283536,-0.09461655805054425,False,True,False,all
2026-10-05,WTAI,45.59000015258789,87,8,True,0.097789733788604,0.24134847910539814,0.7171375315502773,-0.06749845118139353,False,True,False,all
2026-10-05,CTOS,9.880000114440918,87,8,True,0.014540391809177766,0.15745758953018374,0.9073359926364557,-0.1921504101189605,False,True,False,all
2026-10-05,LQDT,43.220001220703125,86,8,True,0.03246460530334416,0.20802520856018547,0.994462439711016,-0.039555528428819486,False,False,False,all
2026-10-05,PR,22.229999542236328,86,8,True,0.0012160212905840684,0.14473447871443668,0.8649328355665473,-0.09799151433030584,False,True,True,all
2026-10-05,IXN,152.86000061035156,86,8,True,0.08083723211657245,0.22854902340100502,0.607191668903371,-0.0026099041551677082,False,True,False,all
2026-10-05,SU,68.7699966430664,86,8,True,0.027819988461277312,0.13645559360970916,0.820757103775217,-0.045656411698489996,False,True,False,all
2026-10-05,AMTB,29.25,86,8,True,0.0013968208076950983,0.20483912868631893,0.8725992454738782,-0.04411765897516917,False,True,False,all
2026-10-05,QRVO,114.16999816894531,86,8,True,0.11223032621921214,0.2610498380863846,0.5238921644323973,-0.05714756278987476,False,False,False,all
2026-10-05,QTEC,338.8500061035156,86,8,True,0.07469010769297069,0.23029032429706775,0.6483436008692247,-0.004056093931313898,False,False,False,all
2026-10-05,MEOH,60.650001525878906,86,8,True,0.04577622633273326,0.11347332956154599,0.8953125476837158,-0.0913857449306531,False,True,False,all
2026-10-05,SWKS,83.91000366210938,86,8,True,0.12323908847173803,0.2737442428347927,0.6158290616021083,-0.0957974040657108,False,False,False,all
2026-10-05,SLDE,24.139999389648438,86,8,True,0.0522186183495974,0.24444052116229376,0.6999999798519507,-0.09757011627482481,False,True,False,all
2026-10-05,SXC,9.9399995803833,86,8,True,0.03431767021381349,0.23892256242978815,0.8007245678857602,-0.06928845539768935,False,True,False,all
2026-10-05,MFG,11.029999732971191,86,8,True,0.027288794254962667,0.18677437490506033,0.8111657564218766,-0.040034816998278044,False,False,False,all
2026-10-05,IEO,138.89999389648438,86,8,True,0.04354171874635826,0.19736884058869353,0.6164319027486151,-0.04549209855424241,False,False,False,all
2026-10-05,GSAT,83.54000091552734,86,8,True,0.01502491102991721,0.12883426983794655,1.0989950381139062,-0.015438981522118644,False,True,False,all
2026-10-05,GSG,35.45000076293945,86,8,True,0.040755350596758166,0.1685689810637474,0.5847116420651102,-0.04959781533408103,False,False,False,all
2026-10-05,TECK,67.87000274658203,86,8,True,0.0270293545674698,0.1500281300710804,0.7860527038574219,-0.0646360938508087,False,False,False,all
2026-10-05,SCCO,205.2899932861328,86,8,True,0.03691857523204223,0.11652693916054613,0.7526342823875685,-0.07390729040261979,False,True,False,all
2026-10-05,ROKU,153.41000366210938,86,8,True,2.284742743574597e-05,0.242549474755688,0.9535210244082337,-0.04052783633920376,False,True,True,all
2026-10-05,LB,83.58000183105469,86,8,True,0.01145054741126228,0.186256315417471,0.9104000418526785,-0.08845021697468258,False,True,False,all
2026-10-05,QLD,99.83999633789062,86,8,True,0.1007596014005443,0.22751804714395174,0.7639575800260827,-0.013341299248385119,False,True,False,all
2026-10-05,MSGE,80.01000213623047,86,8,True,0.008515874624801967,0.17452684771013804,0.9210083842738126,-0.11503153527951382,False,False,False,all
2026-10-05,MSGS,400.32000732421875,85,8,True,0.00612240830684363,0.15669604471153953,0.9255412173005755,-0.0879638803358832,False,False,False,all
2026-10-05,MSM,130.16000366210938,85,8,True,0.06699547333165201,0.23318245681757088,0.6517766322498366,-0.01639838388059378,False,False,False,all
2026-10-05,EXPD,194.1199951171875,85,8,True,0.047855194348458197,0.1913602156071228,0.7186365680571056,-0.006143826346674763,False,False,False,all
2026-10-05,ZD,55.97999954223633,85,8,True,0.008914042704987635,0.23413377555561632,1.4935410975418906,-0.07440476246791994,False,True,True,all
2026-10-05,RUSHB,56.29999923706055,85,8,True,0.0672162910996108,0.21535840174471588,0.7700691071053991,-0.0188219207206467,False,True,False,all
2026-10-05,SKYY,169.83999633789062,85,8,True,0.06465935855071225,0.27733195430882485,0.6368542101117269,-0.002701155053575599,False,True,False,all
2026-10-05,XERS,10.130000114440918,85,8,True,0.1926346449407339,0.40459371915843634,0.9295238313220797,-0.10591348785045851,False,False,True,all
2026-10-05,XLK,200.92999267578125,85,8,True,0.07562393079318674,0.21604695815242603,0.5861224517819317,-0.0022841586735256048,False,False,False,all
2026-10-05,ANGO,15.539999961853027,85,8,True,0.006776631006901956,0.24444444519117647,0.6549520121054679,-0.046040571609755276,False,False,True,all
2026-10-05,CSCO,112.81999969482422,85,8,True,0.006697635371175181,0.15245573379741084,0.6886694180145532,-0.1346168296362048,True,False,False,all
2026-10-05,TRGP,287.3999938964844,85,8,True,0.021371302048959873,0.15532043110060445,0.9938947905748658,-0.06670133266895117,False,True,False,all
2026-10-05,AIA,146.85000610351562,85,8,True,0.05778986715124601,0.1750073181396623,0.6190739916707533,-0.026387294830090058,False,True,False,all
2026-10-05,IHAK,69.63999938964844,85,8,True,0.07376672090506586,0.29078320112053735,0.6997802615260278,-0.001433875497335535,False,False,False,all
2026-10-05,CLOU,29.200000762939453,85,8,True,0.05579060326894436,0.27320551183739017,0.6666666666666667,-0.005618900373396074,False,True,False,all
2026-10-05,BIO,379.82000732421875,85,8,True,0.03507065937877729,0.23273517726491333,0.6044439411107287,-0.04141534766955246,False,True,False,all
2026-10-05,VTRS,17.6200008392334,85,8,True,0.03940542425690308,0.14798001255162818,0.8183696183954237,-0.04395005168366206,False,False,False,all
2026-10-05,SPXL,294.55999755859375,84,8,True,0.03353006497136768,0.1811015634483235,0.752916027894782,-0.02843193919595366,False,True,False,all
2026-10-05,HRTG,33.9900016784668,84,8,True,0.022255690750759616,0.21945975147567576,0.6596680878028591,-0.06876707730227949,False,True,False,all
2026-10-05,WCLD,42.119998931884766,84,8,True,0.0561769529592131,0.2881407223809638,0.7630807872743357,-0.032613733435549186,False,True,False,all
2026-10-05,VGT,129.1999969482422,84,8,True,0.07189848177872804,0.21086653977835068,0.5549404578481671,-0.00231662588229975,False,False,False,all
2026-10-05,SHG,78.45999908447266,84,8,True,0.012786974137988016,0.1694930037731417,0.667587680270799,-0.08308987537347878,False,False,False,all
2026-10-05,IYW,271.6300048828125,84,8,True,0.07522585216770028,0.21226350969054897,0.5743017007793267,-0.0021306586476320666,False,False,False,all
2026-10-05,AMG,380.70001220703125,84,8,True,0.044137394641795336,0.17502560487582186,0.6533484812348898,-0.031100480512812112,False,False,False,all
2026-10-05,CNH,13.300000190734863,84,8,True,0.09428996001623524,0.19416923859655832,0.4777777989705403,-0.08022128937426765,True,True,False,all
2026-10-05,COLO,49.130001068115234,84,8,True,0.01368361569201415,0.16407183442632722,0.5201114335401122,-0.058451499026879405,False,False,True,all
2026-10-05,BAI,49.439998626708984,84,8,True,0.10572856287779397,0.197555442132354,0.6041531186326303,-0.0921777550891466,False,False,False,all
2026-10-05,GNK,27.600000381469727,84,8,True,0.04536744999817066,0.16557255296947004,0.7749196169087251,-0.028852909663016013,False,True,False,all
2026-10-05,SLAB,222.8000030517578,84,8,True,0.015181257636470713,0.09727426238799208,0.9288373208494223,-0.003131977397056729,False,False,False,all
2026-10-05,GRC,77.55000305175781,84,8,True,0.001456701517136949,0.10362792555937728,0.8329000362716299,-0.16415171295451148,False,False,True,all
2026-10-05,VLUE,199.75999450683594,84,8,True,0.00027237053311890413,0.1516308910232893,0.6337613477653086,-0.03296709384675711,False,False,False,all
2026-10-05,VOD,16.790000915527344,84,8,True,0.023830490105021696,0.10882542810193696,0.5098921842015101,-0.05194795124252305,False,True,False,all
2026-10-05,NDSN,334.42999267578125,84,8,True,0.057664734408346296,0.16263018709105603,0.49773837937837695,-0.013829920113632821,False,True,False,all
2026-10-05,TRLV,10.649999618530273,84,8,True,0.0010527152433961184,0.23428169598677218,1.3071922040020025,-0.198042181274389,False,False,False,all
2026-10-05,VRNS,48.150001525878906,84,8,True,0.07721980311405385,0.4128801426647577,1.4441624193467497,-0.24647886735372604,False,True,True,all
2026-10-05,CGNX,64.37000274658203,84,8,True,0.03736249811023673,0.15152165453862376,0.8604047857033079,-0.11676721772155163,False,True,False,all
2026-10-05,NVGS,23.719999313354492,84,8,True,0.05832378670426408,0.14356236400562183,0.6846590512701547,-0.06907379358325394,False,False,False,all
2026-10-05,XNTK,390.4700012207031,84,8,True,0.08014070135563456,0.21462521355422948,0.6086598611364049,-0.006235396832189766,False,True,False,all
2026-10-05,PK,15.260000228881836,84,8,True,0.0002097585933436008,0.1973839779861457,0.5508130073421291,-0.05802472159186833,True,True,False,all
2026-10-05,FTEC,308.44000244140625,84,8,True,0.07221495552599655,0.21113741577509781,0.5564414658693833,-0.0019273234062895384,False,False,False,all
2026-10-05,DSGR,35.02000045776367,83,8,True,0.0062582334432139675,0.17953167029929706,0.8412197484185151,-0.0011409273805054188,False,True,False,all
2026-10-05,UVE,43.65999984741211,83,8,True,0.003927403493598991,0.1635514659060162,0.6407365218333714,-0.03300114347975747,False,True,False,all
2026-10-05,FXL,229.9199981689453,83,8,True,0.07089559008553126,0.20493449884833326,0.516422672294901,-0.0010861537211139805,False,False,False,all
2026-10-05,NPO,332.8599853515625,83,8,True,0.06737962234552897,0.14926787900771332,0.6478217096612005,-0.14743103861612383,False,True,False,all
2026-10-05,SPYU,35.61000061035156,83,8,True,0.0292681078931305,0.17165909549666925,0.9384866077032585,-0.05843466690390009,False,False,False,all
2026-10-05,AAPU,44.130001068115234,83,8,True,0.0476263047738823,0.2277363507432042,0.6843511367579123,-0.09736139048799097,False,True,False,all
2026-10-05,PNTG,40.29999923706055,83,8,True,0.0242516096730363,0.17608088436430336,0.8108290611893405,-0.05708943251248322,False,True,True,all
2026-10-05,SSRM,33.90999984741211,83,8,True,0.0002477669582754416,0.14916235330366434,0.8642110418810336,-0.14021295567571168,False,True,True,all
2026-10-05,DE,682.2000122070312,83,8,True,0.04937284266441355,0.1585058481521444,0.5755196586767466,-0.05410271495678742,True,False,False,all
2026-10-05,DXCM,86.9000015258789,83,8,True,0.002503391614098849,0.18792934596306354,0.6059878127085887,-0.061453667102945975,False,True,True,all
2026-10-05,MANH,205.4499969482422,83,8,True,0.007938879503935237,0.27322376469076737,0.7256005472966081,-0.09505352573266446,True,True,False,all
2026-10-05,MUFG,22.969999313354492,83,8,True,0.005480431271591257,0.17085450698373394,0.5711353962487462,-0.05317398612352775,False,True,True,all
2026-10-05,ACA,146.75,83,8,True,0.008582753768575646,0.15217956502916663,0.6483208133450564,-0.00170068027210879,False,False,False,all
2026-10-05,DBC,32.38999938964844,83,8,True,0.03685822361482116,0.14776345221906872,0.4736123778077639,-0.04114859206271915,False,False,False,all
2026-10-05,KB,124.75,83,8,True,0.012377378930648941,0.15026254982203602,0.61092453599017,-0.06407077587437537,False,True,False,all
2026-10-05,AGIX,49.119998931884766,83,8,True,0.07952720362882126,0.20610850314003093,0.5904160132060039,-0.011073067391502711,False,True,False,all
2026-10-05,GRDN,42.099998474121094,83,8,True,0.028846768982495608,0.1321495081956987,0.8193603969131613,-0.12890550632941367,False,True,False,all
2026-10-05,GSL,45.86000061035156,83,8,True,0.03693253234575877,0.1519255798402508,0.6810850240484634,-0.015245846878362057,True,False,False,all
2026-10-05,FRDM,72.16000366210938,83,8,True,0.04976801591660007,0.13430722838314368,0.6486178411567745,-0.06163846254508065,False,False,False,all
2026-10-05,PDBC,19.25,83,8,True,0.032758572291630594,0.1444470551192385,0.4689050494018596,-0.04513888166169422,False,False,False,all
2026-10-05,UPRO,153.88999938964844,83,8,True,0.032253464490394235,0.1776648423550058,0.7457742112967487,-0.029880888528407534,False,False,False,all
2026-10-05,XOP,187.44000244140625,82,8,True,0.022081866630260683,0.1431059748110739,0.535009430059052,-0.06695204833046187,False,False,False,all
2026-10-05,HSTM,31.540000915527344,82,8,True,0.08553494620018176,0.28267176777624514,0.6174359443860176,-0.009422086545943786,False,True,False,all
2026-10-05,IVES,42.02000045776367,82,8,True,0.0712337399912506,0.2040658094498593,0.5609212607234335,-0.0042654099981405125,False,False,False,all
2026-10-05,NTCT,41.20000076293945,82,8,True,0.055495518063456206,0.1694645121081806,0.634920615698175,-0.09010596568794293,False,True,False,all
2026-10-05,PRSU,52.290000915527344,82,8,True,0.06526018738251471,0.21335739305469414,0.6325320920500896,-0.07484075562591908,False,True,False,all
2026-10-05,QTUM,156.39999389648438,82,8,True,0.0487549973825403,0.1589009081443986,0.5925058074989002,-0.08000003590303306,False,True,False,all
2026-10-05,CTS,61.61000061035156,82,8,True,0.027518351820735143,0.09647992034245645,0.7099639938304179,-0.11416250313457854,False,True,False,all
2026-10-05,NVDA,238.89999389648438,82,8,True,0.09126917883861396,0.1884359747399702,0.45431294626522867,-0.004990885970597381,False,True,False,all
2026-10-05,JOYY,80.5,82,8,True,0.05958974808002915,0.20533792681802,0.48414449684573646,-0.00935272109587626,False,False,False,all
2026-10-05,JXN,133.85000610351562,82,8,True,0.013743324882207641,0.1535571604494088,0.49269553737841854,-0.05003540169170051,False,True,True,all
2026-10-05,COMT,36.7599983215332,82,8,True,0.04436263867690138,0.15015618956816779,0.51650159524063,-0.040960173089516494,False,False,False,all
2026-10-05,WST,376.760009765625,82,8,True,0.06790840604680093,0.24395951542173,0.6832417758277141,-0.02393779853465028,False,False,False,all
2026-10-05,IGM,173.1999969482422,82,8,True,0.06899456980158902,0.19310572925987435,0.5381882708288741,-0.0018442099835145331,False,True,False,all
2026-10-05,EMXC,102.75,82,8,True,0.05404506902395112,0.14376133726900453,0.5332388410925124,-0.04079539427309686,False,False,False,all
2026-10-05,RRBI,102.97000122070312,82,8,True,0.014319877856096674,0.12564768735662857,0.6715909703140994,-0.018117683571252097,False,False,False,all
2026-10-05,RS,408.239990234375,82,8,True,0.020103700801356705,0.14115549769779667,0.5682839463070695,-0.0572259928132659,True,True,False,all
2026-10-05,BWIN,31.899999618530273,81,8,True,0.044764371312369766,0.30598005866351285,1.0088160824080301,-0.024614039671449706,False,False,False,all
2026-10-05,WAB,291.8599853515625,81,8,True,0.005120947404823273,0.11447496524826484,0.5686337159047332,-0.04819993670369571,False,True,True,all
2026-10-05,NPK,151.85000610351562,81,8,True,0.050519040101156154,0.14107089839577913,0.6635627534425053,-0.03995695857996495,False,False,False,all
2026-10-05,XCEM,53.189998626708984,81,8,True,0.05139311664019486,0.1391942399812689,0.4762697870884298,-0.04041135966325504,False,False,False,all
2026-10-05,WF,75.68000030517578,81,8,True,0.03048143860643182,0.12598689346063519,0.5498668332435972,-0.10659897151329412,False,True,False,all
2026-10-05,FBT,270.92999267578125,81,8,True,0.02735671691165642,0.19036291902601965,0.48797226467059907,-0.015623362783502848,False,False,False,all
2026-10-05,XLE,63.45000076293945,81,8,True,0.020234258022831852,0.12002049154173333,0.4982291156801808,-0.04110620343469196,False,False,False,all
2026-10-05,EGY,5.789999961853027,81,8,True,0.0004492439786167868,0.07258967561172014,0.7206537727915585,-0.13839283591883866,False,True,True,all
2026-10-05,APH,87.2699966430664,81,8,True,0.0725385699392096,0.17527632686338124,0.47902711741877835,-0.022294481800783195,False,True,False,all
2026-10-05,IOSP,97.6500015258789,81,8,True,0.049519266048486,0.18354097595234098,0.49061209497157576,-0.028164826199315596,False,False,False,all
2026-10-05,NEU,924.3499755859375,81,8,True,0.03080352854865631,0.23805380681799093,0.5936243451161565,-0.05838070118618954,False,True,False,all
2026-10-05,BOW,33.79999923706055,81,8,True,0.011497533972270935,0.21231682483270498,0.593587963037902,-0.036213301078274696,False,True,False,all
2026-10-05,BOX,35.34000015258789,81,8,True,0.06026150357910298,0.2740231307338816,0.6560449812509597,-0.027517886510762368,False,True,False,all
2026-10-05,SDCI,31.110000610351562,81,8,True,0.027183572575676607,0.1466330460448102,0.4160219200116819,-0.026291083960231165,False,False,False,all
2026-10-05,HGER,35.25,81,8,True,0.02011877250996985,0.14444187772631945,0.44230766079069594,-0.033717093137905385,False,False,False,all
2026-10-05,OILK,55.720001220703125,81,8,True,0.02668536486450268,0.10497524741583897,0.542208679032564,-0.09147236984935025,False,True,False,all
2026-10-05,AIT,345.7900085449219,80,8,True,0.024247967571171758,0.13819441296649826,0.4508266084501451,-0.07740122783587533,False,True,False,all
2026-10-05,NOVT,150.61000061035156,80,8,True,0.02207286772331396,0.07179939021607873,0.5326142846772763,-0.1461050207453085,False,True,False,all
2026-10-05,EXEL,58.849998474121094,80,8,True,0.052701219285981704,0.1970213488184709,0.7431872452607526,-0.03745503661086169,True,True,False,all
2026-10-05,VDE,177.8800048828125,80,8,True,0.01597298373185496,0.11234618072348246,0.48431250265793757,-0.04483698134720948,False,False,False,all
2026-10-05,IYE,66.83999633789062,80,8,True,0.016522226408277607,0.11423671313292427,0.4813829326280652,-0.042406971123945314,False,False,False,all
2026-10-05,AMDY,52.099998474121094,80,8,True,0.12524077716165705,0.20343471639098842,0.7751276932525935,-0.12803349834106958,False,True,False,all
2026-10-05,FENY,35.0099983215332,80,8,True,0.016609511820369738,0.11329284173612408,0.48852030782919553,-0.04344262893104045,False,False,False,all
2026-10-05,JCI,156.85000610351562,80,8,True,0.07242588224703672,0.13805888149029633,0.5011006728893925,-0.004316591640008416,False,True,False,all
2026-10-05,FLYW,18.170000076293945,80,8,True,0.018007025009366684,0.20197993266498382,0.7222748576110034,-0.07906738480165021,False,True,True,all
2026-10-05,TBT,42.939998626708984,80,8,True,0.10387870605828264,0.19130845523887974,0.35500151161439275,-0.010599144769514068,False,False,False,all
2026-10-05,APLE,16.399999618530273,80,8,True,0.019520059242727816,0.1581348108880356,0.5115206490258899,-0.05092598571453333,False,True,False,all
2026-10-05,AIQ,66.8499984741211,80,8,True,0.05438976482823721,0.1644028575285985,0.5035987370829251,-0.04853406715669539,False,True,False,all
2026-10-05,ZLAB,25.6200008392334,80,8,True,0.05279598748874226,0.25359489075186237,0.6052632066414454,-0.2480187534863556,False,True,True,all
2026-10-05,BIIB,223.58999633789062,80,8,True,0.036468046821213296,0.14396488538498553,0.6202173647673235,-0.029936261837080314,False,False,False,all
2026-10-05,TRNS,90.56999969482422,80,8,True,0.025652058496784758,0.14195149206343904,0.8031057240736714,-0.09430000305175779,False,False,False,all
2026-10-05,SPHB,155.57000732421875,80,8,True,0.05494363899127963,0.1495956398239926,0.5058562675503402,-0.01269277087666032,False,True,False,all
2026-10-05,XOM,164.0,80,8,True,0.02065963850191821,0.09814724460351698,0.4856418235960125,-0.07034750526891398,False,True,False,all
2026-10-05,GARP,87.37999725341797,79,8,True,0.05019111819384037,0.16076830132986153,0.42661220005580347,-0.0019052832896467864,False,False,False,all
2026-10-05,DV,13.4399995803833,79,8,True,0.03143415325801846,0.210734420199171,0.759162279483875,-0.015384618609211587,False,True,False,all
2026-10-05,RSPG,112.11000061035156,79,8,True,0.010247560379950338,0.1030388469961081,0.5062474828789643,-0.051121462865189815,False,False,True,all
2026-10-05,IXC,58.400001525878906,79,8,True,0.019382250524811573,0.10604282754017347,0.45817734427914947,-0.0378912554884977,False,True,False,all
2026-10-05,CVX,206.47000122070312,79,8,True,0.01818903131590477,0.10450659297043319,0.4094476993540561,-0.051933132620023414,False,True,False,all
2026-10-05,COP,128.39999389648438,79,8,True,0.0018350911650881763,0.10006330269409203,0.5005258192638602,-0.09334840895710994,False,True,True,all
2026-10-05,KNTK,53.08000183105469,79,8,True,0.009037268932301279,0.131363291838132,0.6942228522283318,-0.06746304394622538,False,False,True,all
2026-10-05,IEX,235.2899932861328,79,8,True,0.02273227816960155,0.11411284322530868,0.47730261175623223,-0.034905699996313655,False,False,False,all
2026-10-05,BGC,12.199999809265137,79,8,True,0.046994589247880914,0.1504061583165801,0.4752115035026483,-0.053529908120991565,True,False,False,all
2026-10-05,COKE,194.25999450683594,79,8,True,0.017823669616725324,0.06515621101096625,0.6459922049849387,-0.11559298927918071,False,True,False,all
2026-10-05,CVLT,153.72999572753906,78,8,True,0.11098902117537568,0.32892745180513416,1.1425783376660497,-0.17442677522823646,False,True,False,all
2026-10-05,SHEL,96.5199966430664,78,8,True,0.040182568730878554,0.1308211656773246,0.40648446838712426,-0.026574576861178367,False,False,False,all
2026-10-05,LXP,60.91999816894531,78,8,True,0.002184640133311211,0.1397130344785642,0.3845454129305752,-0.01119952011963321,True,False,False,all
2026-10-05,SVXY,64.5199966430664,78,8,True,0.04761002821392424,0.17269426729956394,0.4904133813479372,-0.002319491729179224,False,True,False,all
2026-10-05,CLH,322.3699951171875,78,8,True,0.022707209388461047,0.10663869696101558,0.6011224842588316,-0.0403941395058649,False,True,False,all
2026-10-05,ADM,82.47000122070312,78,8,True,0.0080058836950756,0.1065335525446387,0.4838070979447855,-0.0707605496258803,False,True,True,all
2026-10-05,EGBN,28.31999969482422,78,8,True,0.011002496458833999,0.07708046139685654,0.8842315500976929,-0.03311714545522271,False,False,False,all
2026-10-05,SAIC,126.9000015258789,78,8,True,0.0005913780869615248,0.17782351710692046,0.5651208517520601,-0.11047246412216616,False,True,True,all
2026-10-05,PWB,166.47000122070312,78,8,True,0.055818137460776684,0.13481666247432145,0.4048101368835706,-0.015028657290620084,False,False,False,all
2026-10-05,IOT,42.38999938964844,78,8,True,0.07917513301882328,0.25962583791737526,0.8130881484710251,-0.10701499263579417,False,True,False,all
2026-10-05,AAPL,332.8900146484375,77,8,True,0.03249371242305443,0.15007778605942756,0.36755409231987435,-0.03605137493912436,False,True,False,all
2026-10-05,DFEV,43.31999969482422,77,8,True,0.030143336366931672,0.09774448716379447,0.39787028121236956,-0.03615530116884469,False,True,False,all
2026-10-05,GCO,35.65999984741211,77,8,True,0.009249085095391685,0.0925479381302099,0.6260829617497023,-0.18211006661896545,False,True,True,all
2026-10-05,SSO,71.52999877929688,77,8,True,0.02343028093061772,0.12844344435863309,0.4709026775283429,-0.017445112901410376,False,False,False,all
2026-10-05,DXJ,183.47999572753906,77,8,True,0.02916872971808271,0.09924210312837989,0.4468890407695214,-0.0011976114554052009,False,True,False,all
2026-10-05,IBB,207.9600067138672,77,8,True,0.018590928469661705,0.14734593086616754,0.394862243088103,-0.04218859897438898,True,False,False,all
2026-10-05,PAYO,7.150000095367432,77,8,True,0.003255328221664966,0.19612223768749426,0.7524510365364792,-0.005563276986744636,False,True,False,all
2026-10-05,WSM,238.6999969482422,77,8,True,0.020532920573130164,0.1414662460874867,0.4422089594014418,-0.06351760555602148,False,True,True,all
2026-10-05,VPL,118.4000015258789,77,8,True,0.031254695914613384,0.10265136014152043,0.3772246114306912,-0.023344071209190687,False,True,False,all
2026-10-05,WTS,362.75,76,8,True,0.0008188641366604354,0.11875710841213993,0.3951923076923076,-0.08057486656971646,True,True,False,all
2026-10-05,DVN,47.97999954223633,76,8,True,0.0211813093993356,0.07429734591592996,0.5246266472549845,-0.08973628579761628,False,True,False,all
2026-10-05,MTUM,323.1400146484375,76,8,True,0.04995494633977793,0.1323918398295807,0.4085084876100322,-0.06496131811495875,False,False,False,all
2026-10-05,QQQ,756.2000122070312,76,8,True,0.052827391517581423,0.1297927669907053,0.36105119768866145,-0.0009445787718137533,False,True,False,all
2026-10-05,QQQM,311.3999938964844,76,8,True,0.05292981189482804,0.12995987788952346,0.36131144872780063,-0.0008342737681120704,False,True,False,all
2026-10-05,AME,251.9199981689453,76,8,True,0.032310087222639616,0.09284994258511703,0.4054897927268428,-0.03538063012557946,False,False,False,all
2026-10-05,MET,96.87999725341797,76,8,True,0.0042021163337846446,0.15582934679507,0.43888303310180365,-0.04012685068376176,False,True,True,all
2026-10-05,JEMA,64.05999755859375,76,8,True,0.03745388945966521,0.10467346264051547,0.3794142862388241,-0.03929218258234868,False,True,False,all
2026-10-05,RGA,251.0399932861328,76,8,True,0.022699467086413794,0.14548720428242734,0.40867506777664264,-0.026259665399214316,False,False,False,all
2026-10-05,SPMO,153.16000366210938,76,8,True,0.030282914677085992,0.12917254249340293,0.4281984960189342,-0.0563154603683752,False,False,False,all
2026-10-05,PLGO,24.530000686645508,76,8,True,0.0017396959913384968,0.12454589246400283,0.395335653760021,-0.0687167598882702,False,False,True,all
2026-10-05,AAXJ,119.4800033569336,75,8,True,0.03429413045167751,0.10006820813128625,0.35803590359283066,-0.04331808839101692,False,False,False,all
2026-10-05,JTEK,108.78459930419922,75,8,True,0.07872310584967779,0.14201366679506244,0.44554651882946406,-0.02714541583714114,False,True,False,all
2026-10-05,BCI,25.889999389648438,75,8,True,0.020665597375000955,0.0953270683194476,0.329464832710332,-0.035394961160156835,False,False,False,all
2026-10-05,ARKK,92.77999877929688,75,8,True,0.11195003759039701,0.1921703110037558,0.4739852129497413,-0.0025800674309894855,False,True,False,all
2026-10-05,QGRW,70.1500015258789,75,8,True,0.04230280591677826,0.12631346841109403,0.37711039295351867,-0.0031263494687558957,False,False,False,all
2026-10-05,ESGE,55.75,75,8,True,0.038968298046546,0.1002465720907657,0.3248573567992805,-0.02381370330619559,False,False,False,all
2026-10-05,ETN,432.6000061035156,75,8,True,0.02390533841082476,0.11028626629687377,0.3868940352676036,-0.09497906672904677,False,True,False,all
2026-10-05,URI,1074.280029296875,75,8,True,0.01010748754432611,0.13191796752670726,0.5312076685465519,-0.0889601414847011,True,False,False,all
2026-10-05,FWD,135.52000427246094,74,8,True,0.04468434213824923,0.08844393266019823,0.4186120172109815,-0.0939298648031851,False,True,False,all
2026-10-05,SPUS,60.810001373291016,74,8,True,0.03701255166388573,0.11413521457666609,0.3096853759996214,-0.002542422355596319,False,True,True,all
2026-10-05,GEM,52.29999923706055,74,8,True,0.028712275290342815,0.08879983598145613,0.31954084652115666,-0.036655031219526846,False,False,True,all
2026-10-05,CNEQ,41.540000915527344,74,8,True,0.04413468938247589,0.12281758777842389,0.4095691171836324,-0.014472137325476475,False,True,False,all
2026-10-05,CLSE,34.41999816894531,74,8,True,0.016905033158985283,0.09892156283499554,0.36101213613687166,-0.009781362744694544,False,False,False,all
2026-10-05,EEM,68.7300033569336,74,8,True,0.03331324038363559,0.08968373350073233,0.32632195603425185,-0.03968137976806507,False,True,False,all
2026-10-05,EMGF,73.28500366210938,74,8,True,0.029073313889168784,0.08860048108502783,0.33536811654122345,-0.04302687503474478,False,False,False,all
2026-10-05,FRHC,173.49000549316406,74,8,True,0.06725250042594477,0.1992584596461422,0.6067608978456738,-0.025337047791213152,False,False,False,all
2026-10-05,BP,44.619998931884766,74,8,True,0.01818676825979959,0.07089196617869908,0.36369184802022825,-0.07561635573367487,False,True,False,all
2026-10-05,FTGC,30.665000915527344,74,8,True,0.011145880555997856,0.09664968042278677,0.3508810521976604,-0.03295484702353757,False,False,False,all
2026-10-05,SPYG,125.73999786376953,73,8,True,0.03892282096215438,0.11450979299566044,0.3432325290452458,-0.0026571413252556297,False,False,False,all
2026-10-05,ONEQ,108.33999633789062,73,8,True,0.043215311490477415,0.11167599817971796,0.3301411957907847,-0.001658683291041907,False,True,False,all
2026-10-05,IUSG,197.9499969482422,73,8,True,0.03711067984427574,0.11111608305510567,0.33398475478429734,-0.002418967622114132,False,True,False,all
2026-10-05,IVW,145.24000549316406,73,8,True,0.03902870563132632,0.11459864059087166,0.34319808732421886,-0.0026780153579083477,False,False,False,all
2026-10-05,AVEM,96.66000366210938,73,8,True,0.03349175434293317,0.08690950648940765,0.3251987993797745,-0.041356720154903215,False,False,False,all
2026-10-05,IYZ,42.93000030517578,73,8,True,0.010755026354850816,0.06376652906337399,0.38216358800163475,-0.06815713936289003,False,True,False,all
2026-10-05,JMOM,85.19000244140625,73,8,True,0.026071569788225446,0.10836109242836134,0.31425490346320606,-0.008334642554963523,False,False,False,all
2026-10-05,VOOG,87.29000091552734,73,8,True,0.038719041612328864,0.11432170656687712,0.34312977049949356,-0.002684954084600344,False,False,False,all
2026-10-05,RPG,59.83000183105469,73,8,True,0.03633677525776835,0.10311236610048602,0.37825390558303496,-0.06603178096705375,False,True,False,all
2026-10-05,CPER,39.86000061035156,72,8,True,0.0012761065650170877,0.06344380350048806,0.3282239355663188,-0.0399807280614255,False,True,True,all
2026-10-05,XSW,201.3300018310547,72,8,True,0.02095046777875731,0.16853302695997208,0.4892373562779888,-0.04736441128177149,False,False,True,all
2026-10-05,QQEW,165.61000061035156,72,8,True,0.027186545569146015,0.12638294404131245,0.3532440294749739,-0.009924096488964307,False,False,False,all
2026-10-05,SHO,11.319999694824219,72,8,True,0.01103923419233599,0.100942386297872,0.3026467481515014,-0.06213753263984012,False,True,False,all
2026-10-05,FBCG,64.61000061035156,72,8,True,0.0428755761432833,0.11299261729545984,0.3573529975106695,-0.0018538968076413642,False,False,False,all
2026-10-05,MAGS,73.5,72,8,True,0.06561893335084279,0.11688972777457995,0.3343015561693665,-0.0043348644831633365,False,False,False,all
2026-10-05,IEMG,83.58000183105469,72,8,True,0.0324509485998945,0.0849776009700729,0.30451072622381403,-0.03364546311237493,False,False,True,all
2026-10-05,DFAE,40.400001525878906,72,8,True,0.028785660620874287,0.08147686863701331,0.3162181926284151,-0.04176840685785965,False,True,True,all
2026-10-05,MGK,94.58999633789062,72,8,True,0.05086918148522379,0.11947342193630339,0.4839973932703212,-0.0027938117090752224,False,False,False,all
2026-10-05,BATRK,52.16999816894531,72,8,True,0.012787445957560761,0.10711263312452601,0.38162077563426666,-0.04903394844109188,False,False,False,all
2026-10-05,DFEM,40.79999923706055,72,8,True,0.028332040262821545,0.07705778705993982,0.30752463205268654,-0.04157858751356469,False,True,True,all
2026-10-05,WOR,61.13999938964844,72,8,True,0.0494083430183021,0.1029401695371337,0.3583648449148795,-0.09475868284164557,False,False,False,all
2026-10-05,EWJV,48.720001220703125,72,8,True,0.014864289307034317,0.08861160525058143,0.30218632899993647,-0.029868577529656215,False,True,True,all
2026-10-05,TTC,98.94000244140625,71,8,True,0.026638248661355002,0.05688193430688315,0.4627439877911639,-0.059416292945533744,False,True,False,all
2026-10-05,FMTM,40.183998107910156,71,8,True,0.03369644491375423,0.06125617742917999,0.3895361955324157,-0.1628333727518717,False,True,True,all
2026-10-05,GTES,27.809999465942383,71,8,True,0.044169751719677075,0.09540369451249076,0.3318965796798121,-0.08338828852740487,False,True,False,all
2026-10-05,LNG,274.92999267578125,71,8,True,0.010055344333987914,0.11165514482359895,0.47653059710953305,-0.08627744593980013,True,False,True,all
2026-10-05,ITIC,293.3900146484375,71,8,True,0.0032204471172749827,0.13652744660861948,0.398760498919845,-0.052204728741062856,False,True,True,all
2026-10-05,XOVR,22.43000030517578,70,8,True,0.09470171974843966,0.1615683158424812,0.37018931919774856,-0.001780107227459471,False,True,True,all
2026-10-05,ALRM,56.2400016784668,70,8,True,0.012935492544140503,0.14041921415188074,0.3555073367870025,-0.03276289903343732,False,False,True,all
2026-10-05,ABBV,265.760009765625,70,8,True,0.03019495529315308,0.1468638627471026,0.3932372726900393,-0.013474905101994117,False,True,True,all
2026-10-05,GILD,144.6300048828125,70,8,True,0.00786336072840621,0.05703018636463275,0.3188947661214263,-0.08048819978197852,True,True,False,all
2026-10-05,ROBO,83.33999633789062,70,8,True,0.03150453262027009,0.0629416886468559,0.32715450720297756,-0.07921782818597178,False,True,True,all
2026-10-05,ARKW,165.89999389648438,70,8,True,0.07901802817498105,0.1661356315757514,0.46347911964756183,-0.09344265630336412,False,False,True,all
2026-10-05,SCHG,36.720001220703125,70,8,True,0.03722370725287738,0.10761215547707703,0.3133048076920453,-0.0027131874502959175,False,False,True,all
2026-10-05,CAH,233.1199951171875,70,8,True,0.0014950049858519776,0.06833061023423515,0.5460936265055631,-0.09748352251554648,False,False,True,all
2026-10-05,VUG,92.05999755859375,70,8,True,0.042964777279877575,0.10564008371946376,0.32206797867421644,-0.0025461900971208706,False,False,True,all
2026-10-05,MULL,25.350000381469727,99,7,False,0.17382850732352906,0.6188302104709831,14.510279138936077,-0.4175948505655255,False,True,False,all
2026-10-05,MUU,36.369998931884766,99,7,False,0.17327119576037142,0.6230862471842991,14.519522296029514,-0.4193805988782452,False,True,False,all
2026-10-05,SNDK,1704.1600341796875,99,7,False,0.10300199995686432,0.47760348988591783,13.731673838899875,-0.2761776460424815,False,True,False,all
2026-10-05,CRWU,35.459999084472656,99,7,False,0.41353626443119684,2.1202935693975458,16.425060240229847,-0.31279069509552637,True,True,False,all
2026-10-05,AXTI,86.66000366210938,99,6,False,0.2555745072959139,0.4277100887355665,20.665000915527344,-0.39466330367909896,False,True,False,all
2026-10-05,AEHR,104.4000015258789,98,7,False,0.07910101627769883,0.4907098593346495,4.582887554356884,-0.29172316249078933,True,True,False,all
2026-10-05,AGL,84.27999877929688,98,6,False,-0.06810528802325444,0.4399440752693613,10.267379487217736,-0.3665062910967416,False,True,False,all
2026-10-05,ATEX,85.61000061035156,98,7,False,-0.02675651852128591,0.43470930114183126,3.869738394873897,-0.2423893751296322,False,True,False,all
2026-10-05,ERAS,14.720000267028809,98,5,False,-0.12497100846644282,0.048672079111787614,5.992874172755496,-0.39373970960696447,False,False,False,all
2026-10-05,GRAL,154.0800018310547,98,6,False,0.7800863541489922,1.081591860432673,2.712771128459149,-0.015400367930938907,False,False,False,all
2026-10-05,IONZ,21.086599349975586,98,4,False,0.65676267219933,0.5806651401030469,11.188785617047948,-0.5172481867524856,True,True,False,all
2026-10-05,MVLL,37.65999984741211,98,7,False,0.32737435381101454,0.6891593806237319,6.805181624068883,-0.5151072822245744,False,True,False,all
2026-10-05,RXT,3.9000000953674316,98,7,False,0.023541474051407496,0.2979773475162346,8.923664196233654,-0.5465116369330989,False,True,False,all
2026-10-05,SLS,11.630000114440918,98,6,False,-0.055776560263289365,0.4855975097696714,7.366906643259336,-0.2676322398848816,False,True,False,all
2026-10-05,CLYM,11.050000190734863,98,5,False,-0.2124132117086338,0.12654232324228243,6.175324976916746,-0.39716310765260954,False,True,False,all
2026-10-05,INTW,29.209999084472656,98,6,False,0.23521522510934645,0.4221879865432243,5.534675717114583,-0.4449406349743913,False,False,False,all
2026-10-05,SOXL,164.27000427246094,98,6,False,0.2881335551486375,0.39052900016618763,4.8417496219726015,-0.45605958850178496,False,True,False,all
2026-10-05,VICR,305.6099853515625,98,7,False,0.3797377808115274,0.4051379443265395,5.297341706959555,-0.20133283620478237,False,False,False,all
2026-10-05,SYRE,92.72000122070312,98,7,False,-0.032033094733275536,0.3650550784376849,4.846154049673444,-0.15842978305028688,True,False,False,all
2026-10-05,AAOI,121.56999969482422,97,5,False,0.08955951139901663,0.1127301704098731,5.571351334855363,-0.4797363775946618,True,True,False,all
2026-10-05,ANRO,24.010000228881836,97,5,False,-0.22152620367366316,0.010843100848895615,4.097664550832562,-0.3593916616294274,False,False,False,all
2026-10-05,APPS,11.210000038146973,97,7,False,0.0043722923805633584,0.5883811602050262,3.0912408755948393,-0.2692307740130092,True,True,False,all
2026-10-05,ASST,30.260000228881836,97,7,False,0.416580465365334,0.9413614087938891,3.310541354857391,-0.44781020711370045,True,True,False,all
2026-10-05,BLZE,13.880000114440918,97,6,False,-0.07470367291406477,0.5981761573043995,3.25636322095393,-0.42142558370712413,True,True,False,all
2026-10-05,FORM,147.99000549316406,97,7,False,0.27404057460938636,0.35770709891251373,2.98465287897693,-0.07662069290533446,False,False,False,all
2026-10-05,PENG,60.709999084472656,97,7,False,0.13674235160666282,0.5202555431029043,2.784912445092383,-0.3243935157788206,False,False,False,all
2026-10-05,TEAM,196.64999389648438,97,6,False,0.18598453928446035,0.7473378993053423,2.5109801783529373,-0.016750030517578174,True,True,False,all
2026-10-05,DOCN,137.22999572753906,97,7,False,0.0977398519994106,0.2961578176121231,2.699819287572804,-0.268106689453125,False,True,False,all
2026-10-05,VIAV,46.90999984741211,97,7,False,0.22012119555189424,0.27011030096675315,2.8356501719732963,-0.22372994190777284,False,False,False,all
2026-10-05,ORKA,84.37999725341797,97,6,False,-0.11741389944499292,0.31431789654187603,3.4317223317255774,-0.26956371446118355,False,False,False,all
2026-10-05,AMLX,27.780000686645508,96,6,False,-0.05890162666047938,0.49406853048182464,1.56509703438106,-0.3247447472341126,True,True,False,all
2026-10-05,ARMG,22.84000015258789,96,6,False,0.18181902922945192,0.2646159005712767,3.927723629929117,-0.6536770097121791,False,False,False,all
2026-10-05,EVC,7.119999885559082,96,5,False,-0.19415081450170169,0.10051469009256775,2.6512819033089197,-0.48180494875076296,True,True,False,all
2026-10-05,FSLY,26.010000228881836,96,7,False,0.06578268509503205,0.29775364148842076,2.362637334185044,-0.2530154952084027,False,False,False,all
2026-10-05,ICHR,63.33000183105469,96,5,False,0.030802013897586855,0.0847898074099569,3.5042674211229627,-0.4424194329098946,False,True,False,all
2026-10-05,IMMX,10.130000114440918,96,5,False,-0.12920888649780182,0.10490610157360503,4.077694280816333,-0.32913908221670285,False,False,False,all
2026-10-05,KORU,22.780000686645508,96,5,False,0.1462789003206988,-0.054550499774721706,3.2835655082637727,-0.643979050256348,False,True,False,all
2026-10-05,NUAI,6.050000190734863,96,7,False,0.08333635181062271,0.20589396778363267,3.1156463081532504,-0.35944940325935504,False,False,False,all
2026-10-05,QTTB,8.369999885559082,96,5,False,-0.36544760828735634,-0.043666300537519076,3.393700793314368,-0.6448875692010694,False,False,False,all
2026-10-05,HELP,11.420000076293945,96,7,False,-0.02706662849401953,0.5369862629819484,2.0372340705476772,-0.24620459644593584,False,True,False,all
2026-10-05,CUE,24.360000610351562,96,6,False,-0.14769743205183772,0.20796636296799242,3.8915663688860116,-0.46461537120106455,False,False,False,all
2026-10-05,DFTX,36.22999954223633,96,6,False,-0.11620351952535468,0.3159089312076515,2.462016150403687,-0.2710261773425867,False,False,False,all
2026-10-05,MBX,58.540000915527344,96,7,False,-0.07247790121819875,0.3410219708041691,3.5239569407925213,-0.1941079101403519,False,False,False,all
2026-10-05,URGN,42.779998779296875,96,7,False,-0.024692766158843082,0.424997709724817,1.6973518099217606,-0.15803980273488483,False,True,False,all
2026-10-05,ALAB,362.3399963378906,95,7,False,0.168555985007242,0.496224584719583,2.7015016712341193,-0.27455976508584745,False,True,False,all
2026-10-05,AMBQ,65.91999816894531,95,7,False,0.04292244020733116,0.27959745079831366,1.9801083032522104,-0.2804279256658293,False,True,False,all
2026-10-05,ARCT,14.65999984741211,95,7,False,0.22530171906738694,0.7174923964711342,1.6654545177112925,-0.3934629788524201,True,True,False,all
2026-10-05,ARM,302.8999938964844,95,7,False,0.1359706872702735,0.397797668866402,2.028394361753681,-0.33090349960503096,False,False,False,all
2026-10-05,BB,9.079999923706055,95,7,False,0.08870290777213108,0.4186724084694473,1.9102564925507948,-0.33186167610329376,False,False,False,all
2026-10-05,FCEL,18.06999969482422,95,6,False,-0.022704427270306304,0.2577565511952038,2.1646233930128576,-0.5229672865549548,True,True,False,all
2026-10-05,FTH,27.100000381469727,95,5,False,-0.14854308421116158,0.1242243122664961,2.6375840369508485,-0.35695134706520504,False,False,False,all
2026-10-05,PRAX,283.55999755859375,95,5,False,-0.14647948699354219,-0.1047059350921482,4.636255015272816,-0.2779221065847559,False,False,False,all
2026-10-05,VSH,37.099998474121094,95,6,False,0.13173239404228698,0.2077923297541695,2.1520813110631076,-0.4659565593462992,False,True,False,all
2026-10-05,WDC,441.6400146484375,95,5,False,-0.04940818232512478,0.1003608758839376,2.9249913599748742,-0.4478602556109964,False,False,False,all
2026-10-05,HYLN,4.139999866485596,95,7,False,0.0779565346827078,0.25452640635541046,1.6538461656024945,-0.5123674937460755,False,True,False,all
2026-10-05,XP,28.149999618530273,95,6,False,0.5188794109096713,0.5405010629907125,0.9020269767396905,-0.029310357981714663,False,False,False,all
2026-10-05,ATRC,56.369998931884766,95,6,False,0.13794187382370504,0.5480096893132287,1.2227917024921284,-0.0863857660477727,False,False,False,all
2026-10-05,AMPL,14.880000114440918,94,6,False,0.184854880720134,0.6250440339163836,1.7005443732006107,-0.0026809625769762535,False,True,False,all
2026-10-05,ELVN,45.470001220703125,94,5,False,-0.17258218555747218,0.12108704257527325,2.0754143855241205,-0.27037866746845496,False,True,False,all
2026-10-05,FTK,29.670000076293945,94,7,False,0.0531584124397293,0.3950306470627827,1.2494314647606481,-0.25207962072656764,True,True,False,all
2026-10-05,KOPN,4.869999885559082,94,7,False,0.07724294525918673,0.3274275682719021,1.6906077566391673,-0.26323755110579694,False,True,False,all
2026-10-05,REPL,13.149999618530273,94,7,False,-0.005385317623264996,0.47298084069534374,7.766666412353516,-0.19473363870378313,False,True,False,all
2026-10-05,COHR,333.6400146484375,94,7,False,0.11939751868717496,0.15121601166046883,2.083834061554171,-0.24172723943536933,False,True,False,all
2026-10-05,VREX,18.450000762939453,94,6,False,0.07778770138703028,0.4158518513701326,1.0297030201574642,-0.009661750184412843,False,True,False,all
2026-10-05,DNA,14.979999542236328,94,6,False,0.8205239848354842,0.7926593812092861,1.7895716688039984,-0.147895357949559,False,False,False,all
2026-10-05,TNGX,23.079999923706055,94,5,False,-0.07151880724098403,0.0977708021159609,2.4499252206726085,-0.3288746631774221,False,False,False,all
2026-10-05,DMRA,20.219999313354492,94,3,False,-0.25719116400246667,-0.22463976449534595,4.554944706213627,-0.4724070734290141,False,False,False,all
2026-10-05,UCTT,74.0199966430664,94,4,False,-0.035165287487101016,0.02795414081756209,2.444392621285496,-0.4867563720943815,False,True,False,all
2026-10-05,ACHV,7.010000228881836,93,7,False,-0.05989322285571208,0.2852245418901076,1.675572723311769,-0.18865741315631201,False,False,False,all
2026-10-05,AMAT,542.280029296875,93,7,False,0.11300032966783147,0.26385789059642595,1.6660769202031323,-0.26686219283452683,False,True,False,all
2026-10-05,AZTA,42.72999954223633,93,5,False,0.30159308910949445,0.514474865148657,1.6823602463053953,-0.01122296907645659,False,False,False,all
2026-10-05,MAN,54.20000076293945,93,7,False,-0.06017969541522228,0.4189614806070372,1.1550696455281622,-0.15153412873074312,False,False,False,all
2026-10-05,MTSI,328.29998779296875,93,7,False,0.1864886627024951,0.19801904968383321,1.6916453595742302,-0.21628075298063643,False,True,False,all
2026-10-05,UTZ,14.279999732971191,93,6,False,0.006370849056336558,0.42817849901453875,1.1061945857041269,-0.003489196859809307,True,True,False,all
2026-10-05,KLIC,98.7300033569336,93,6,False,0.12139155462215956,0.18493327837467577,1.8192462040658222,-0.2729749547994902,False,True,False,all
2026-10-05,CADL,10.229999542236328,93,6,False,-0.10694024372162347,0.2806108260352935,1.351724084256141,-0.26928574698311947,False,True,False,all
2026-10-05,RXO,28.649999618530273,93,7,False,0.34775325482364705,0.4594375494679823,1.7482013519762556,-0.04180602060025862,False,False,False,all
2026-10-05,GTLB,51.5,93,6,False,0.17425218262313202,0.5902730888171874,1.7495996400783143,-0.07290727799611851,False,True,False,all
2026-10-05,AVTR,15.8100004196167,92,6,False,0.0939057076902361,0.4695152633410491,1.176187296650936,-0.014953198059329154,False,True,False,all
2026-10-05,ERO,38.439998626708984,92,6,False,0.11044344431952635,0.27594031344130276,1.0130924330447688,-0.05853546649924224,False,True,False,all
2026-10-05,HUT,89.2699966430664,92,6,False,-0.024236178910031714,0.10875502135336368,1.8187558076416925,-0.36598015122023164,False,True,False,all
2026-10-05,KNSA,76.30999755859375,92,7,False,-0.012425277856546457,0.35330327861157707,1.1678976109266799,-0.07993736059383805,False,True,False,all
2026-10-05,MRAM,18.219999313354492,92,6,False,0.0960980519351371,0.11303196569046614,1.478911503368968,-0.6462136055659322,False,True,False,all
2026-10-05,PD,15.59000015258789,92,6,False,0.19634115925442974,0.5991219861349211,1.7350878375902625,-0.07036376105938025,False,False,False,all
2026-10-05,TVTX,57.66999816894531,92,7,False,-0.07372014767379043,0.2785332066460289,1.55289941475891,-0.16091960785380244,False,False,False,all
2026-10-05,BVS,13.520000457763672,92,7,False,-0.01270626514995643,0.31151679871562954,1.1224490895853525,-0.14931096984113668,False,True,False,all
2026-10-05,OUST,44.119998931884766,92,7,False,0.1278867916547919,0.3994209437091556,1.6902438998860592,-0.308355568291811,False,False,False,all
2026-10-05,VPG,78.05999755859375,92,5,False,0.10744136459123488,0.08994029264725545,1.684319042757601,-0.4857030031203209,False,True,False,all
2026-10-05,ACVA,10.5,91,6,False,0.2368073947540248,0.5209015359138807,1.5830257938986665,0.0,False,True,False,all
2026-10-05,ANF,141.39999389648438,91,6,False,0.12224177402419434,0.39257997191180527,1.1604278149669494,-0.08903496466649585,True,True,False,all
2026-10-05,ATI,193.08999633789062,91,7,False,-0.04555099123577444,0.15293888836873748,1.435237660592306,-0.20725052128086374,False,True,False,all
2026-10-05,ESTC,94.91000366210938,91,6,False,0.13831536636226094,0.45647350487240024,1.2570750388613785,-0.12120366979528352,True,True,False,all
2026-10-05,EWTX,40.29999923706055,91,7,False,-0.059871944421834966,0.1551009447946794,1.8280701218989859,-0.1692434419406752,False,False,False,all
2026-10-05,FLEX,116.76000213623047,91,7,False,0.023641257175547326,0.16911109669661828,1.2001131111296721,-0.3002516977757521,True,True,False,all
2026-10-05,MCS,26.65999984741211,91,7,False,-0.06471237102293137,0.28150895777848284,1.07470809774115,-0.1776680643693136,False,True,False,all
2026-10-05,PACS,42.709999084472656,91,7,False,-0.02800600682472487,0.09478009912698515,3.1425797619958304,-0.13699742097491452,False,True,False,all
2026-10-05,SLN,10.140000343322754,91,6,False,-0.19920391994726605,0.23309289552466517,1.420047781586279,-0.42307691055537744,False,True,False,all
2026-10-05,SMWB,8.079999923706055,91,5,False,-0.010143590676086833,0.50802536648729,2.6396395583671763,-0.151260553026894,False,True,False,all
2026-10-05,DNTH,88.04000091552734,91,5,False,-0.15652399470226286,0.08186356115158122,1.732464232774665,-0.25313876003696123,False,False,False,all
2026-10-05,FRNM,16.829999923706055,91,6,False,0.20247782713518125,0.3483243227979165,0.691457311188536,-0.03828571864536834,False,True,False,all
2026-10-05,CODI,11.0600004196167,91,7,False,-0.015611341340632579,0.19626414956832994,1.4148472934181062,-0.16528298719873968,True,True,False,all
2026-10-05,NEBX,26.149999618530273,91,5,False,0.027335353653301864,0.08910569866520035,2.952340305068172,-0.6304879162348097,True,True,False,all
2026-10-05,WTI,3.5999999046325684,91,6,False,-0.02949266617856261,0.12194967035061133,1.3999999364217124,-0.2913385908072553,False,True,False,all
2026-10-05,STM,57.68000030517578,91,6,False,0.11060621707571805,0.20015647518229707,1.7323542698947931,-0.2915745320272469,False,False,False,all
2026-10-05,U,45.68000030517578,91,5,False,0.09631123161511068,0.4308378844014844,1.7222883454069557,-0.12406521632587975,False,False,False,all
2026-10-05,SMCI,43.189998626708984,91,7,False,0.17434333130804558,0.347130020236347,1.2171457721579966,-0.2652262755418584,False,True,False,all
2026-10-05,CMPS,11.600000381469727,91,6,False,-0.13232101367117988,0.16503590555987846,1.3770492027536956,-0.26906109230503805,False,False,False,all
2026-10-05,BJRI,61.65999984741211,90,7,False,-0.037732256631954564,0.25393889318273666,1.1665496075526183,-0.17345843017943086,True,True,False,all
2026-10-05,EFXT,25.020000457763672,90,7,False,0.14100695304947397,0.14725911977272,1.3670767436270737,-0.14168093361281608,False,False,False,all
2026-10-05,HIMX,14.710000038146973,90,7,False,0.05781677654541073,0.18812041055261308,1.14744529094063,-0.413710643735101,False,True,False,all
2026-10-05,INBX,94.55999755859375,90,5,False,-0.07510654241659864,0.037562228366972095,2.357954476952306,-0.3910747527410845,False,True,False,all
2026-10-05,LBRX,34.619998931884766,90,6,False,-0.2106991303687631,0.11758621115946521,1.4181042111477642,-0.30980863163477645,False,False,False,all
2026-10-05,MSFL,27.520000457763672,90,5,False,0.12579261786274643,0.34336563982164026,1.124276389026098,-0.2377786786683035,False,True,False,all
2026-10-05,MYE,31.920000076293945,90,7,False,-0.013706755965035233,0.2564554733810376,1.0540540640057845,-0.1476635667286288,False,True,False,all
2026-10-05,OOMA,21.0,90,7,False,-0.03349625770680231,0.24500515910333154,1.1443888007299847,-0.19816725575505478,False,True,False,all
2026-10-05,SATL,5.320000171661377,90,5,False,0.041381234631146624,0.03587095824382991,3.2390439775894135,-0.556666652361552,False,False,False,all
2026-10-05,TTMI,133.13999938964844,90,5,False,0.0816176911123987,0.0603501149047585,1.4951273963032894,-0.4051735768195116,False,True,False,all
2026-10-05,VECO,56.310001373291016,90,6,False,0.1792966781518064,0.23653071675566428,1.1657692835881162,-0.34999419186672875,False,False,False,all
2026-10-05,VSAT,69.79000091552734,90,7,False,-0.07019313984531028,0.14353785469326819,1.395811978241427,-0.2498118689531943,True,True,False,all
2026-10-05,CGEM,16.040000915527344,90,5,False,-0.17356219163510156,0.042687515583923696,1.8239439085016627,-0.3083225292741819,False,False,False,all
2026-10-05,OII,45.65999984741211,90,7,False,-0.06912454079831032,0.1811344396844179,1.0735694322528317,-0.15834101663756484,False,True,False,all
2026-10-05,CGAU,21.559999465942383,90,7,False,-0.00300580856056587,0.1751591966703172,1.0611854098770936,-0.12071781959873806,False,True,False,all
2026-10-05,CBLL,24.860000610351562,90,6,False,0.09132735519249513,0.21984732991748301,1.2912442153282266,-0.029929378162090625,True,True,False,all
2026-10-05,LABU,257.3800048828125,90,7,False,-0.0671845845173602,0.22304863153852117,1.5691755250425468,-0.2472728032171756,False,False,False,all
2026-10-05,CAI,30.389999389648438,90,6,False,0.22789861701493974,0.4316418992932667,1.1416490689443375,-0.09701380205239907,False,True,False,all
2026-10-05,CSTL,36.650001525878906,90,5,False,0.1254656626892381,0.2605429122117957,1.0680510818999696,-0.17231249918158031,False,True,False,all
2026-10-05,STTK,6.5,90,7,False,-0.05827127749061345,0.10912037960289656,2.823529304517597,-0.21968786800323037,False,False,False,all
2026-10-05,SMCL,21.11549949645996,90,3,False,0.2840627041658683,-0.02075062853477727,1.8079121742043398,-0.853024370657286,False,True,False,all
2026-10-05,ALTO,3.7899999618530273,89,4,False,-0.08312368108069201,-0.09650043695385346,2.828282752872402,-0.3797054207799073,False,True,False,all
2026-10-05,APPN,38.209999084472656,89,5,False,0.0703380831805156,0.36384765456074075,1.0509930652568191,-0.17041184884326688,False,True,False,all
2026-10-05,FIX,1713.0699462890625,89,7,False,0.034170141724784386,0.09836625473718374,1.2234091027918037,-0.1740220761164455,True,True,False,all
2026-10-05,GKOS,164.00999450683594,89,7,False,-0.047556580052231956,0.21234561858397516,1.2417986098568101,-0.14408726288436824,False,False,False,all
2026-10-05,KFRC,51.79999923706055,89,7,False,-0.06330470667728527,0.23355946675106565,1.1151490290395976,-0.16018159888507932,True,True,False,all
2026-10-05,MSFU,41.20000076293945,89,4,False,0.12210827703686222,0.3300319534573215,1.1160761281938174,-0.30039053846243535,False,True,False,all
2026-10-05,NEXA,12.470000267028809,89,5,False,-0.07353747668837451,-0.02243229530395985,1.4989981641290773,-0.26169326716071784,False,True,False,all
2026-10-05,NRIX,22.8799991607666,89,7,False,-0.09483648157888402,0.16680070423616633,1.5450500270614378,-0.18951471725903934,False,False,False,all
2026-10-05,NUE,251.41000366210938,89,7,False,-0.017476795387539545,0.1687745241593852,0.9144836250381703,-0.102459687945191,False,True,False,all
2026-10-05,OBE,10.5,89,5,False,-0.05585727582375888,0.08727729999045031,0.930147038521342,-0.2803289999871885,False,True,False,all
2026-10-05,ROIV,35.779998779296875,89,7,False,-0.0224578237651345,0.1830846272869724,1.3462294281506146,-0.15811767578125002,False,True,False,all
2026-10-05,CLBK,11.329999923706055,89,7,False,-0.0023861784399642483,0.23252254589713806,0.8247437855481059,-0.05583333969116211,False,True,False,all
2026-10-05,PTGX,140.6300048828125,89,7,False,-0.03061523268901878,0.2615037068783639,1.259479451965798,-0.12548966471085443,False,False,False,all
2026-10-05,CNC,64.30000305175781,89,7,False,-0.0065968891210049785,0.2151323299235426,1.0328803274681908,-0.07654738491891178,False,True,False,all
2026-10-05,VIA,30.889999389648438,89,4,False,0.18137035175225824,0.5001845216320147,1.3853281733292415,-0.44039856951618794,False,True,False,all
2026-10-05,FWDI,8.109999656677246,89,4,False,0.3640797274643468,0.5243500665245442,1.3304596586859931,-0.695684811528545,False,False,False,all
2026-10-05,ACMR,76.16999816894531,88,6,False,-0.002771633009508223,0.13302309178980787,1.676387934618821,-0.40113219036979564,False,False,False,all
2026-10-05,NIQ,17.31999969482422,88,6,False,0.04359980242155559,0.33310753528038517,1.184110979792146,-0.12036570720930295,True,True,False,all
2026-10-05,NTSK,18.420000076293945,88,4,False,0.19783064339951717,0.4413201993262712,1.403131137373271,-0.2626100715034321,False,True,False,all
2026-10-05,SGMT,9.029999732971191,88,7,False,-0.07721552890996208,0.2561861212095393,1.0066666073269315,-0.21128487639509952,False,False,False,all
2026-10-05,SYNA,119.7300033569336,88,7,False,0.18121425688187576,0.2089769344125456,1.0543926881389356,-0.19703572619647847,False,False,False,all
2026-10-05,UFPT,307.3299865722656,88,6,False,0.044431361272415426,0.2585278595475977,0.7676865609878947,-0.09264564280494314,False,True,False,all
2026-10-05,YPF,51.2400016784668,88,7,False,-0.010291088379793867,0.13948333378507005,1.192554550209747,-0.1145670878829933,False,True,False,all
2026-10-05,CBZ,54.720001220703125,88,6,False,0.007193210885322765,0.37067627445326434,1.2527788867115048,-0.03881958673152741,True,True,False,all
2026-10-05,DCO,172.85000610351562,88,7,False,-0.039196952768055904,0.17519123627977362,1.0392874203294915,-0.1784305023767201,True,True,False,all
2026-10-05,LSCC,132.85000610351562,88,7,False,0.097498564515627,0.1786359114091145,1.195867869479597,-0.15387548085207037,False,False,False,all
2026-10-05,TGT,152.99000549316406,88,7,False,-0.01932374574803153,0.18516239233540466,0.8335330898461759,-0.10401168085994694,False,True,False,all
2026-10-05,CIEN,389.69000244140625,88,5,False,0.04212463375344022,-0.006458181093193183,1.6444761185351937,-0.38873116269237495,False,True,False,all
2026-10-05,STGW,8.529999732971191,88,7,False,-0.01103746326401811,0.2527720668071638,0.9883449437810097,-0.10680632852272054,False,True,False,all
2026-10-05,SMCX,15.100000381469727,88,3,False,0.27979119430704835,-0.05978401519680421,1.7655678161120307,-0.8680531277583554,False,True,False,all
2026-10-05,SEPN,37.869998931884766,88,6,False,-0.03334169967136413,0.2241104481305214,1.1578347907796047,-0.25890410836189126,True,False,False,all
2026-10-05,QBTX,20.1200008392334,88,4,False,0.6903586352072253,0.20698581099413094,2.8178369852092713,-0.8824674729378283,False,True,False,all
2026-10-05,ACLS,142.30999755859375,87,6,False,0.14635221143865196,0.1841133394782939,0.9335597895240739,-0.26561049409090043,False,False,False,all
2026-10-05,ADI,419.1000061035156,87,7,False,0.11337571947642733,0.16340045247366897,0.8754195364665733,-0.060124234348662764,False,True,False,all
2026-10-05,ASYS,17.829999923706055,87,6,False,0.16316997345495743,0.11644041168348673,1.6414814701786749,-0.30649550530422476,False,True,False,all
2026-10-05,BMNU,21.3799991607666,87,3,False,0.27316463913251376,-0.048718719046755066,2.504917950003545,-0.9497650402862858,False,False,False,all
2026-10-05,KOP,47.040000915527344,87,7,False,-0.0012738691479016184,0.17210278024961023,0.8816000366210937,-0.11245281291457843,True,True,False,all
2026-10-05,MPWR,1479.8900146484375,87,7,False,0.13188617676841208,0.150812078805447,0.7761948530421723,-0.13663223975516003,False,True,False,all
2026-10-05,NESR,24.079999923706055,87,5,False,-0.2389909741327837,-0.039784355830562945,1.4201005412365428,-0.34813208394936634,False,False,False,all
2026-10-05,RGEN,189.5,87,6,False,0.10938085980211021,0.31904633590962916,0.8764234479500241,-0.04711618317115196,False,False,False,all
2026-10-05,SVIX,29.200000762939453,87,6,False,0.07925903198514006,0.29154252961092064,1.0665251611071773,-0.010169465663069421,False,True,False,all
2026-10-05,UMAC,21.829999923706055,87,6,False,-0.1054965075479426,0.16635365808839397,2.0131125284374627,-0.3749641887444036,True,True,False,all
2026-10-05,VEEV,283.45001220703125,87,6,False,0.12178172826847145,0.40637561023999513,0.9145559362666005,-0.08711751302083337,True,True,False,all
2026-10-05,VSTM,8.0,87,4,False,0.10987791166737715,0.32553476814040616,1.332361470640838,-0.2606284449502503,False,True,False,all
2026-10-05,WOLF,33.529998779296875,87,6,False,0.22697362327660797,0.13353421847077107,1.4864664169786708,-0.5851274572394713,False,True,False,all
2026-10-05,RIGL,47.790000915527344,87,6,False,0.06908926920683212,0.30694111726785267,0.9154308398464763,-0.08518377909573716,False,True,False,all
2026-10-05,SEI,74.75,87,7,False,0.24114594751653584,0.2158672746065502,0.9416088452542251,-0.13273003964912755,False,True,False,all
2026-10-05,TEM,83.55000305175781,87,6,False,0.3181019758402861,0.47811362710084904,1.0493010084292926,-0.19909889478361353,False,True,False,all
2026-10-05,CHMG,81.91000366210938,87,7,False,-0.0069901804988258265,0.20575487930649716,0.6441189113579817,-0.04755809695221658,False,False,False,all
2026-10-05,XRX,3.0199999809265137,87,7,False,-0.04357741162411288,0.1957791293493476,1.5378149879929204,-0.23350255404386344,False,True,False,all
2026-10-05,DAR,62.70000076293945,87,7,False,-0.012150376276561126,0.1128100203752187,1.1509434505474876,-0.10402975485528954,False,True,False,all
2026-10-05,VAC,101.93000030517578,87,7,False,-0.04442177222317545,0.2486647280916885,1.2864512363965575,-0.22392261955797144,True,True,False,all
2026-10-05,HP,40.130001068115234,87,7,False,-0.01164936366419167,0.10265430995901759,0.8467557254253528,-0.16690881059682872,False,True,False,all
2026-10-05,BWMN,42.7599983215332,87,6,False,0.08635171793953522,0.27376197098322574,0.705624205905401,-0.06698676384169877,False,False,False,all
2026-10-05,WHD,64.75,87,7,False,-0.03621452008608417,0.13799233674960254,0.9503011600011535,-0.1258269168789462,False,True,False,all
2026-10-05,A,171.2899932861328,86,6,False,0.1181830839656961,0.2880167095738526,0.5808952071840099,-0.03253323731342239,False,False,False,all
2026-10-05,ANAB,49.20000076293945,86,5,False,-0.10355733177376936,0.006274575751853639,1.5033921269657524,-0.32006633018323827,False,False,False,all
2026-10-05,ARCB,131.13999938964844,86,6,False,-0.03811313700865837,0.09252468903607358,1.2066296267245251,-0.25779615384216803,False,True,False,all
2026-10-05,ATLC,92.86000061035156,86,7,False,-0.03391391993075055,0.19052427638534275,0.9549473812705591,-0.18786073478665055,False,True,False,all
2026-10-05,BELFB,257.6300048828125,86,6,False,-0.004273841869190775,0.05552671198598591,0.9826843161634187,-0.2316203933398885,True,True,False,all
2026-10-05,GEF.B,107.51000213623047,86,7,False,-0.008170053392895449,0.18743623746861449,0.86552143230329,-0.062194672813839724,False,False,False,all
2026-10-05,IQV,266.0899963378906,86,6,False,0.043669447492749924,0.29135548789522847,0.7222653484653114,-0.04077144126691734,False,True,False,all
2026-10-05,LNTH,100.19000244140625,86,7,False,-0.004987457084267621,0.1353482964192012,1.0171130689520957,-0.10432682017941419,False,True,False,all
2026-10-05,MATV,12.109999656677246,86,5,False,0.03921734013608913,0.16842264578145905,0.7128711969792669,-0.21770025744278754,False,True,False,all
2026-10-05,MITK,17.700000762939453,86,7,False,-0.006477493205703566,0.16773494401011013,1.0750294627235752,-0.1591448263913996,False,True,False,all
2026-10-05,WKC,36.43000030517578,86,7,False,-8.78256112549769e-05,0.22796374071551417,0.6402522200302359,-0.11577670799594786,False,True,False,all
2026-10-05,KLAC,206.85000610351562,86,6,False,0.10529035536946973,0.16055832094571776,1.1086272347382167,-0.3270325360656877,False,True,False,all
2026-10-05,NBR,83.16000366210938,86,4,False,-0.040983051048955055,0.011333771962944494,1.2684125479607653,-0.2634189323456523,False,True,False,all
2026-10-05,CBL,54.209999084472656,86,7,False,-0.02197093525483107,0.1792280769937371,0.9336543384884928,-0.10248348154021303,False,True,False,all
2026-10-05,KYMR,109.8499984741211,86,7,False,-0.04027944949318496,0.17920982402392927,0.98787553041448,-0.15532490660225085,False,False,False,all
2026-10-05,TIGO,91.16999816894531,86,7,False,-0.02753869477692117,0.13417526488831366,1.0313717857238478,-0.14897787261880524,False,True,False,all
2026-10-05,CRDO,212.47999572753906,86,7,False,0.021290481055619148,0.1955291735886362,1.4568421602358979,-0.31162734802781633,False,False,False,all
2026-10-05,PBI,16.809999465942383,86,7,False,-0.012210772503994383,0.18029514416222603,0.8782122708584295,-0.11851076376761671,False,True,False,all
2026-10-05,AIP,23.969999313354492,85,4,False,-0.037805405052300234,-0.027011915431924605,1.2194443416693592,-0.5230799818175704,False,True,False,all
2026-10-05,AMAL,47.72999954223633,85,7,False,-0.018696788130379227,0.12488111947538227,0.8993235629212932,-0.07482071329588735,False,False,False,all
2026-10-05,ATRO,68.41000366210938,85,6,False,-0.07473526226182448,0.056523912864952175,1.0654876224079146,-0.2757780613470848,False,True,False,all
2026-10-05,ELF,103.75,85,5,False,0.06463105247797496,0.3233342368680616,1.1251536388477144,-0.2978003384094755,False,True,False,all
2026-10-05,FDMT,12.920000076293945,85,7,False,-0.04043967501471002,0.23636068128287513,0.8563218398679435,-0.23685765839330275,False,False,False,all
2026-10-05,GLW,159.3699951171875,85,5,False,0.040270044528886384,0.056322356922722916,1.059309941518162,-0.4136066089005823,False,True,False,all
2026-10-05,GTX,26.68000030517578,85,5,False,-0.036228131460677715,0.07457481724295789,1.1754729646082938,-0.2639999915813578,False,True,False,all
2026-10-05,MKSI,280.5,85,5,False,0.020279002920079003,0.02871263676681246,1.3199072988524168,-0.3733523902868442,False,True,False,all
2026-10-05,ON,85.93000030517578,85,5,False,0.12139751467701321,0.06597363726717487,0.9284110784763504,-0.3631040507606945,False,False,False,all
2026-10-05,PI,185.19000244140625,85,5,False,0.08796995271748553,0.28484784505547256,1.1198489142348116,-0.250437109743295,False,False,False,all
2026-10-05,PWR,683.4199829101562,85,7,False,0.060897821967591526,0.1261259286619436,0.6895007945690466,-0.1335404337113708,False,True,False,all
2026-10-05,TDW,83.93000030517578,85,7,False,-0.04204369756146442,0.096848180089806,0.7991424986045486,-0.1737546880067392,False,True,False,all
2026-10-05,DOCU,70.02999877929688,85,6,False,0.10188717318939933,0.30483062654197046,0.7437748766278836,-0.06626668294270832,False,True,False,all
2026-10-05,SBET,9.59000015258789,85,4,False,0.2038060037727143,0.29827936083673645,1.1502242310680146,-0.509211888267249,False,True,False,all
2026-10-05,OKLL,8.989999771118164,85,3,False,0.4931470855009519,-0.11374962066693306,3.240566158685117,-0.9471042691246835,True,True,False,all
2026-10-05,CHYM,28.290000915527344,85,5,False,-0.05185152781161961,0.20313865781868135,0.7814861909101025,-0.20421936645120153,False,True,False,all
2026-10-05,CEVA,36.65999984741211,85,6,False,0.17808870358657858,0.2320618336132403,1.1539364783441974,-0.2895348656686847,False,True,False,all
2026-10-05,NOK,10.199999809265137,85,5,False,0.01056133405723414,0.01643230330925527,1.0987653351954183,-0.4154728158563733,False,True,False,all
2026-10-05,MOG.A,381.0400085449219,85,7,False,-0.021201461066745253,0.11000836639562572,0.9811782088976042,-0.1510749618725752,True,False,False,all
2026-10-05,NWPX,105.5999984741211,85,5,False,-0.04909070572243002,0.0727520824723984,1.1441624055659103,-0.3054002544101745,False,True,False,all
2026-10-05,RLJ,11.15999984741211,85,7,False,-0.012721396828630493,0.17691101353986083,0.7064220049704806,-0.1342126027798607,False,True,False,all
2026-10-05,STLD,241.0399932861328,85,7,False,-0.0070688517212089685,0.10961087097738198,0.71108115028765,-0.1652005214432657,True,True,False,all
2026-10-05,CERT,10.069999694824219,85,4,False,0.21068573216663267,0.4004102067456734,1.2629213767285883,-0.27449570520195665,False,True,False,all
2026-10-05,ACRS,4.269999980926514,84,5,False,-0.2494023404318998,-0.04145107567334538,1.4540229640937512,-0.35303029657176477,False,False,False,all
2026-10-05,EFOR,36.13999938964844,84,4,False,0.14565763997070968,0.09279536117661413,1.1384615506157858,-0.3421914762830184,False,True,False,all
2026-10-05,FRSH,13.220000267028809,84,6,False,0.05905728845744407,0.2955164346197827,0.9469809044624795,-0.0550392792485237,False,True,False,all
2026-10-05,GHRS,22.170000076293945,84,5,False,-0.19749801559409907,0.05509002520001638,0.8413621384166392,-0.29482487810234614,False,False,False,all
2026-10-05,GMAB,38.47999954223633,84,6,False,0.17093237494807556,0.2973001964526456,0.629127780483399,-0.042071165141737366,False,False,False,all
2026-10-05,MOV,33.45000076293945,84,7,False,-0.04399069899943242,0.11822797608779556,0.9402552904308958,-0.1740740552360629,True,False,False,all
2026-10-05,RELY,22.90999984741211,84,7,False,-0.03918337221959045,0.17139364729061501,0.8965231781544161,-0.16627243454703333,False,False,False,all
2026-10-05,CCSI,36.380001068115234,84,7,False,-0.010590297381907421,0.18904824510397344,0.8009900838647943,-0.12125604523530509,False,True,False,all
2026-10-05,CNK,35.970001220703125,84,7,False,-0.010165250541735782,0.20543707061594896,0.665277804881947,-0.07934472736972564,False,True,False,all
2026-10-05,SOLT,77.80999755859375,84,4,False,0.4861261387780409,0.27981495253081357,2.342353748435634,-0.8679440592182543,False,False,False,all
2026-10-05,PTC,192.25999450683594,84,5,False,0.33751479875650703,0.32408913823970975,0.7719815161920363,-0.07039944058486558,False,False,False,all
2026-10-05,SENEA,177.66000366210938,84,7,False,-0.038774703784165365,0.16992570317405242,0.7840931953739423,-0.15399998256138392,False,False,False,all
2026-10-05,THC,259.4700012207031,84,7,False,-0.010634513619469543,0.2136721646852613,0.6465921957463052,-0.08330679240132222,False,True,False,all
2026-10-05,BXC,74.5999984741211,84,5,False,-0.031523533013897764,0.1665755561157587,0.6659222980731945,-0.20469087369903782,False,False,False,all
2026-10-05,TMO,676.760009765625,84,6,False,0.09221993755796509,0.24601187139631064,0.5548051252032631,-0.010049288457380068,False,False,False,all
2026-10-05,TSAT,46.16999816894531,84,7,False,-0.018027331297894578,0.11324496739522227,1.006518805288553,-0.24975629700882862,True,True,False,all
2026-10-05,ALRS,32.39500045776367,83,7,False,-0.018128019365270087,0.15825596209873227,0.5950271447365862,-0.058284912185451065,False,False,False,all
2026-10-05,AMCX,11.140000343322754,83,7,False,-0.06028036779594881,0.18027232582108788,0.721792999160634,-0.13843773546830496,False,True,False,all
2026-10-05,BBD,4.329999923706055,83,6,False,0.2700926712570686,0.19836709815827014,0.4530200993261395,-0.015909129578219106,False,False,False,all
2026-10-05,BFH,98.9000015258789,83,7,False,-0.07218041205146242,0.10761320389277551,0.8372654312046335,-0.13647077115173545,False,False,False,all
2026-10-05,EWZ,42.97999954223633,83,7,False,0.17798606726098143,0.17970457036827492,0.4996510736589297,-0.020956764274831285,False,False,False,all
2026-10-05,FTI,70.25,83,6,False,-0.049776806100868765,0.04708764413479938,0.9906488573960481,-0.1294919125578704,False,True,False,all
2026-10-05,PESI,15.489999771118164,83,4,False,-0.10525526540082764,0.11357132161149153,0.8053612947384965,-0.27345215793419464,False,True,False,all
2026-10-05,PVLA,132.16000366210938,83,6,False,-0.11061340054716529,0.06638352985842522,1.1410057395348119,-0.1810633308749835,False,False,False,all
2026-10-05,SG,9.09000015258789,83,7,False,0.32064508936059277,0.3159990403142183,1.024499023598874,-0.14487299579243917,False,False,False,all
2026-10-05,WPP,24.579999923706055,83,5,False,-0.014497871523242667,0.22017205238701898,0.659689346878642,-0.11519080935364301,True,True,False,all
2026-10-05,CNMD,47.33000183105469,83,5,False,-0.014106176376557977,0.15589012424267024,0.5054071573498895,-0.11796492796044433,False,True,False,all
2026-10-05,DRH,12.420000076293945,83,7,False,-0.007210110809634296,0.13837904914425958,0.6604278134523793,-0.0993473451304483,False,False,False,all
2026-10-05,POWL,197.83999633789062,83,5,False,0.02348043726684934,-0.04923835792360398,1.1367318734510903,-0.39682927945765056,False,True,False,all
2026-10-05,CARE,30.549999237060547,83,7,False,-0.03958605744965349,0.15293022408727008,0.8206196654910747,-0.15280094083167806,False,True,False,all
2026-10-05,CGON,68.70999908447266,83,6,False,-0.07121288219816202,0.07255804773783647,0.9192737583453163,-0.1514141280894007,False,False,False,all
2026-10-05,VAL,83.48999786376953,83,5,False,0.005143069131629208,0.013264407619052232,0.7877943575972308,-0.2684017187664315,False,True,False,all
2026-10-05,DC,5.929999828338623,83,6,False,0.004335722872955028,0.05464404825110525,0.5646437699274529,-0.18206898919467274,False,False,False,all
2026-10-05,VIST,66.54000091552734,83,6,False,-0.04734905968263148,0.024930122362947893,0.9628317970644162,-0.18295679124763076,False,True,False,all
2026-10-05,ALM,13.520000457763672,82,4,False,-0.09826386636328344,-0.14022528338014606,1.4875806071948805,-0.4461286135896051,False,True,False,all
2026-10-05,BHP,86.83000183105469,82,7,False,-0.021732982691256453,0.09245550277223535,0.66404755314733,-0.12035252115899087,False,False,False,all
2026-10-05,EAT,194.16000366210938,82,7,False,-0.11519909385715477,0.14123656223347814,0.9357925997461534,-0.2385583768799341,False,True,False,all
2026-10-05,KALU,155.75999450683594,82,6,False,-0.03514155258675611,0.027328781092129217,1.062773011525326,-0.22077144938496518,False,True,False,all
2026-10-05,KRYS,334.8500061035156,82,7,False,-0.022106762250988288,0.10930214312946251,0.8689997726001006,-0.12465525272744349,False,True,False,all
2026-10-05,OBK,53.119998931884766,82,7,False,-0.011132223770702332,0.12919286701736699,0.6535408227824051,-0.04408855095184827,False,True,False,all
2026-10-05,ODC,87.88999938964844,82,7,False,-0.0361332246527879,0.13886685096368967,0.9269896560733895,-0.17859813654534173,False,False,False,all
2026-10-05,OVV,60.95000076293945,82,7,False,-0.02814317645232145,0.11149712266078637,0.7183535005734414,-0.09717080677991075,False,True,False,all
2026-10-05,SXT,129.22000122070312,82,7,False,-0.009904013664830957,0.17060515489889072,0.564406823338965,-0.06915434085156391,False,True,False,all
2026-10-05,VET,11.729999542236328,82,6,False,-0.02534279298163733,0.05005904237369441,0.6521126337738121,-0.20850203888108387,False,True,False,all
2026-10-05,WAT,440.1199951171875,82,6,False,0.06957016281028827,0.20960869412646344,0.5564593564273463,-0.018049567149601264,False,False,False,all
2026-10-05,CLS,382.69000244140625,82,7,False,0.15355911034544634,0.15557838235994792,0.6621351342556692,-0.1926882192542787,False,True,False,all
2026-10-05,CNQ,48.310001373291016,82,7,False,-0.006813096351521719,0.09614718154768997,0.6276954473233756,-0.07646721267421652,False,True,False,all
2026-10-05,ORIC,12.489999771118164,82,7,False,-0.03697137267133255,0.15065361329891225,0.727524168488002,-0.16342936933576235,False,False,False,all
2026-10-05,LTH,40.060001373291016,82,7,False,-0.06335338093072329,0.183449469499104,0.65948642858994,-0.15190005598281164,False,False,False,all
2026-10-05,MT,64.7300033569336,82,6,False,-0.10557102796900486,0.04050717601175813,0.7637602727872288,-0.18762546298924998,False,False,False,all
2026-10-05,INVX,28.40999984741211,82,7,False,-0.02290549379827389,0.06761765917306062,0.6701939720831891,-0.15722335749044292,False,True,False,all
2026-10-05,PGC,44.34000015258789,82,7,False,-0.025417392177484954,0.11428593445386848,0.7944152891713538,-0.09768008336751599,False,True,False,all
2026-10-05,PTIR,21.549999237060547,82,4,False,0.18004596104454396,0.2574138814185827,1.7469725702228591,-0.4715546865587201,False,True,False,all
2026-10-05,TS,58.459999084472656,82,7,False,0.055836887523182055,0.07532517066563615,0.7372955849500733,-0.09504643242535271,False,True,False,all
2026-10-05,DFDV,5.46999979019165,82,4,False,0.24095370002367344,0.27909826353362344,1.2418031401289533,-0.7007658870501154,False,False,False,all
2026-10-05,DJCO,651.4400024414062,82,6,False,0.04556080123332462,0.16462763991960916,0.8685712454967249,-0.05929241524706674,False,True,False,all
2026-10-05,CPAY,401.7200012207031,82,7,False,-0.0014650386087801115,0.15710030660229557,0.5888309090301207,-0.06021613893444344,False,False,False,all
2026-10-05,ARMK,55.22999954223633,81,7,False,-0.03846824099752677,0.13932901614150417,0.5748503000525378,-0.11843578296766022,False,True,False,all
2026-10-05,AVR,7.550000190734863,81,5,False,-0.1083449227296236,0.03972295252469338,1.2878788787361906,-0.3170511096955765,False,False,False,all
2026-10-05,BMNR,26.790000915527344,81,4,False,0.1779034703030904,0.2376077990229828,1.0929687903379084,-0.5916158302031687,False,True,False,all
2026-10-05,ETHU,30.719999313354492,81,4,False,0.3013144147161855,0.14400409660048208,1.8656715063561236,-0.8187075841450868,False,True,False,all
2026-10-05,HURN,160.10000610351562,81,5,False,0.03425246836452711,0.1587402104957516,0.8861924043838099,-0.1428418077425243,False,True,False,all
2026-10-05,IMVT,33.25,81,5,False,-0.14840976709208076,0.046485188372700215,1.0846395233613437,-0.26794360765223935,False,False,False,all
2026-10-05,MRK,139.5399932861328,81,7,False,-0.020486024198014263,0.1338911777012901,0.7014996909076616,-0.11075710607707634,True,True,False,all
2026-10-05,MSFT,525.1799926757812,81,6,False,0.07049863507629195,0.21267705317109353,0.5039518164862384,-0.05154225879031071,False,True,False,all
2026-10-05,PLTR,189.39999389648438,81,6,False,0.10691874067668117,0.24512878270456517,0.7805771270657444,-0.0873169333216961,False,True,False,all
2026-10-05,SMU,15.09000015258789,81,3,False,0.6331875986395068,-0.19271139203989607,2.6014319681413607,-0.9785501063929098,False,True,False,all
2026-10-05,WBD,30.950000762939453,81,6,False,0.09257404991043239,0.11779664836513737,0.8120609426925487,-0.0012907069530213588,False,False,False,all
2026-10-05,CAMT,162.0500030517578,81,7,False,0.09607888861581682,0.039110456921365166,0.7631378151991546,-0.24973378892345743,False,True,False,all
2026-10-05,CHRD,139.11000061035156,81,7,False,-0.017037735982549873,0.10590923434094823,0.6511572772742025,-0.11428751577272667,False,True,False,all
2026-10-05,SMBK,50.59000015258789,81,7,False,-0.016627335610968852,0.14861236978482095,0.5325659716737046,-0.06557072916663731,False,False,False,all
2026-10-05,DBX,34.369998931884766,81,7,False,-0.0015107041027987433,0.21763925525524952,0.5842359721297634,-0.0995546088381053,False,False,False,all
2026-10-05,STT,176.3699951171875,81,7,False,-0.0518353876657669,0.13662138679063407,0.6854930824343544,-0.09983156377166313,False,False,False,all
2026-10-05,EOLS,7.46999979019165,81,7,False,-0.052559515242087906,0.21261309069052503,0.9352331588615772,-0.19763700821624708,False,True,False,all
2026-10-05,JAZZ,236.0399932861328,81,7,False,-0.04382124508562513,0.1121162106566973,0.8326086001044659,-0.11389748119430754,False,True,False,all
2026-10-05,MBIN,49.720001220703125,81,7,False,-0.06028925943024366,0.07571667728463494,0.6371419113190304,-0.1257253006061324,False,True,False,all
2026-10-05,MSTX,20.93000030517578,81,3,False,0.5451968466744472,-0.09764061390710788,2.1145834759883035,-0.9229097594652825,False,True,False,all
2026-10-05,E,54.63999938964844,81,7,False,-0.0014583504302271288,0.09268743861921247,0.6056421201781015,-0.05793104500606139,False,True,False,all
2026-10-05,SKE,30.239999771118164,81,7,False,-0.03829642217060192,0.006982940330725107,0.9598184817257958,-0.2200154909963995,False,True,False,all
2026-10-05,UROY,4.070000171661377,81,4,False,-0.004792605195936495,0.07823856974579901,0.5898438525910046,-0.2626811257745256,False,True,False,all
2026-10-05,BELFA,208.7100067138672,80,4,False,-0.01737470207198677,-0.026163057485458996,0.885877023285544,-0.2889169031048471,True,True,False,all
2026-10-05,BEN,32.880001068115234,80,7,False,-0.023358571169939335,0.11167464606366617,0.5575556663883798,-0.09371548582084965,False,False,False,all
2026-10-05,EPC,26.75,80,7,False,-0.04040005284595938,0.16685096520250764,0.7005722046064957,-0.1068447639874246,False,True,False,all
2026-10-05,FSM,11.140000343322754,80,6,False,0.0005029727523109262,0.08069306961860012,0.448634624243331,-0.19566786740112674,False,False,False,all
2026-10-05,MSTR,164.42999267578125,80,4,False,0.31478780697498343,0.20925746196463746,1.0099009605520841,-0.5497658976397237,False,True,False,all
2026-10-05,NMAX,9.970000267028809,80,7,False,-0.007920683904436232,0.255730805013179,0.9510763222176155,-0.24355083185289506,False,True,False,all
2026-10-05,PLTU,57.650001525878906,80,4,False,0.1774293301635299,0.24297461455965874,1.7400189647013602,-0.5497324959819576,False,True,False,all
2026-10-05,RAMP,37.709999084472656,80,7,False,-4.245453488016526e-05,0.1664449575706599,0.7369875944142006,-0.013601895474499748,False,False,False,all
2026-10-05,RPRX,56.65999984741211,80,7,False,-0.04570703360726458,0.10722829449852189,0.6082884071424388,-0.11991298128854766,False,True,False,all
2026-10-05,SRCE,86.26000213623047,80,7,False,-0.00884066808695294,0.13936860712358068,0.5162595018752298,-0.056855423139021255,False,True,False,all
2026-10-05,TRST,55.18000030517578,80,7,False,-0.026972498689459612,0.10975247409081068,0.608277414647125,-0.06916326853152688,False,True,False,all
2026-10-05,ULCC,6.110000133514404,80,6,False,-0.01776382117585318,0.13945239933884457,1.023178864934927,-0.2730517159273601,True,True,False,all
2026-10-05,DGXX,3.7300000190734863,80,4,False,-0.04016880808321599,-0.05784288630440748,1.005376338917391,-0.5945652069126048,False,True,False,all
2026-10-05,SDRL,45.790000915527344,80,7,False,-0.010664666663599554,0.048977101563756564,0.629537377007408,-0.17450874512623782,False,True,False,all
2026-10-05,VFLO,52.02000045776367,80,7,False,-0.017393005681730633,0.15883697097659444,0.4228664798619781,-0.0783132224750559,False,False,False,all
2026-10-05,TMP,97.93000030517578,80,7,False,-0.0070086360832527506,0.1287160433262584,0.5825791631350818,-0.04542349350873032,False,True,False,all
2026-10-05,SIBN,19.809999465942383,80,5,False,0.059075082894513464,0.21208039058688088,0.7256097783853528,-0.09502055649620833,False,False,False,all
2026-10-05,PTF,112.89459991455078,80,7,False,0.09396650203664603,0.10317771547646504,0.698173799847986,-0.19158893771070296,False,True,False,all
2026-10-05,MSTU,45.470001220703125,80,3,False,0.5416904377109526,-0.09882589247162188,2.1143835638808275,-0.9230626036874736,False,True,False,all
2026-10-05,SMFG,25.6299991607666,80,7,False,-0.01190497534202517,0.11839589592623634,0.6884057078726002,-0.07204929826215134,False,False,False,all
2026-10-05,NVTS,12.34000015258789,80,5,False,0.023650146822523643,-0.06719202107941202,0.8014599013705832,-0.6388644772067081,False,False,False,all
2026-10-05,CAT,848.1400146484375,80,7,False,0.031002040314638046,0.06497927394524128,0.7539862187145117,-0.20990065255184798,False,True,False,all
2026-10-05,ABNB,164.07000732421875,79,7,False,-0.035648116974663746,0.1421453486361357,0.48064264000603685,-0.1518869966373606,False,False,False,all
2026-10-05,ACHC,28.8700008392334,79,7,False,-0.006558679944992263,0.19081750212811488,1.52580927982656,-0.1942506457197246,False,True,False,all
2026-10-05,AGM,214.4600067138672,79,7,False,-0.03971612114295875,0.151956377005938,0.5703301985240192,-0.1362519130333194,False,False,False,all
2026-10-05,ARIS,17.56999969482422,79,4,False,-0.03364904958217396,-0.020384056620940894,1.0079999651227678,-0.24559901227352998,False,False,False,all
2026-10-05,AXGN,37.220001220703125,79,5,False,-0.18586436922603689,-0.045186844977255114,1.4374590769432158,-0.29654127144126996,False,False,False,all
2026-10-05,BLTE,159.17999267578125,79,4,False,-0.03989408402791117,-0.01135136756839128,1.1910528469717816,-0.20410003662109377,False,True,False,all
2026-10-05,DSGN,12.420000076293945,79,5,False,-0.1003911302547057,0.031936445036626404,1.3522726482514211,-0.2799999955771626,False,True,False,all
2026-10-05,ETHT,19.739999771118164,79,4,False,0.29812053799658944,0.10153174859710923,1.7920791077547413,-0.8313397161935658,False,True,False,all
2026-10-05,EZPW,30.5,79,6,False,-0.010755200386202035,0.06667226174098295,0.8484848484848484,-0.1785618334874931,True,True,False,all
2026-10-05,HRMY,39.91999816894531,79,6,False,0.007292229265372319,0.15225358391865362,0.5642632230753306,-0.08208791381328229,False,True,False,all
2026-10-05,KODK,10.029999732971191,79,6,False,0.06663544586937631,0.09021144075456222,0.7352940084588269,-0.3254875716097503,False,True,False,all
2026-10-05,RBCAA,93.58999633789062,79,7,False,-0.02433790267293079,0.15112669676985147,0.4630294599338125,-0.08442579514531079,False,True,False,all
2026-10-05,SCL,62.7400016784668,79,7,False,-0.00485673085434235,0.13123725006295195,0.5002391711215557,-0.07735291649313536,False,True,False,all
2026-10-05,SVM,10.550000190734863,79,5,False,-0.08904084051392569,-0.06047677858346168,0.7731093325930469,-0.3310082508246833,False,True,False,all
2026-10-05,TPC,86.43000030517578,79,7,False,-0.017867688256812952,0.07392007411628243,0.49274607992100217,-0.1551319870298805,False,True,False,all
2026-10-05,DDS,695.3499755859375,79,5,False,0.10358683433586924,0.15050623277447217,0.38224064517264034,-0.062845367948275,False,False,False,all
2026-10-05,CTBI,76.08000183105469,79,7,False,-0.010951275235721147,0.12536723438988395,0.5140298871851678,-0.04804800332669101,False,False,False,all
2026-10-05,COPX,86.33000183105469,79,7,False,-0.012524997055669007,0.03997766184782092,0.5164237022357088,-0.1366136246079911,False,True,False,all
2026-10-05,CAC,56.97999954223633,79,7,False,-0.008146502245776954,0.11607098201029808,0.627999986921038,-0.059580798832484794,False,True,False,all
2026-10-05,WS,39.119998931884766,79,6,False,0.09698438945096832,0.048801971572900005,0.43717854220121066,-0.20439291460880926,False,False,False,all
2026-10-05,SPT,10.1899995803833,79,6,False,0.012519829584009656,0.25138918286488066,1.0711380939772366,-0.20952604582918954,False,True,False,all
2026-10-05,SHOP,160.11000061035156,79,5,False,0.1301425004152179,0.23604947931874398,0.7032978788335273,-0.12119217045488428,False,False,False,all
2026-10-05,VG,13.449999809265137,79,7,False,-0.027757713283945606,0.11260467713341282,1.3513986543021344,-0.2366629302697404,False,True,False,all
2026-10-05,TNET,63.900001525878906,79,5,False,-0.05424124174393952,0.21505992677418395,0.9012198859109306,-0.12561576457534818,False,True,False,all
2026-10-05,VOYA,98.0999984741211,79,7,False,-0.01845231446598017,0.16264391125713207,0.5209302089011023,-0.0713744884427383,False,True,False,all
2026-10-05,OSBC,24.8700008392334,79,7,False,-0.015688792426020948,0.1276048179939835,0.4936937783202615,-0.04566380088626576,False,False,False,all
2026-10-05,DNOW,15.899999618530273,79,6,False,0.01906089865302829,0.14584269056277344,0.45404654854943405,-0.07879493582368668,False,True,False,all
2026-10-05,HYMC,18.799999237060547,79,3,False,-0.1753120309084506,-0.39021920344236904,2.0225080178790944,-0.6798910372280811,False,True,False,all
2026-10-05,NWL,5.480000019073486,79,7,False,-0.05712319289608869,0.17045248783861422,0.7850163316730236,-0.23141655945075845,False,True,False,all
2026-10-05,BBY,87.38999938964844,78,7,False,-0.0029777226379381627,0.1967019725045227,0.5860254411929438,-0.09468558484648737,False,True,False,all
2026-10-05,EMR,162.3300018310547,78,6,False,0.04773510774985401,0.12132606211247787,0.32363015850403154,-0.024165940035850597,False,False,False,all
2026-10-05,ENLT,65.94000244140625,78,4,False,-0.15331710879933458,-0.1308095639436624,1.1301890681287925,-0.39309708683528855,False,True,False,all
2026-10-05,ENS,193.02000427246094,78,6,False,0.041385686125544385,0.016760610867524006,0.7727774535409593,-0.2099058458400126,False,True,False,all
2026-10-05,FISI,39.630001068115234,78,7,False,-0.031756785777525276,0.10160295750900783,0.5474424101378892,-0.07772864923677647,False,True,False,all
2026-10-05,FXN,22.799999237060547,78,7,False,-0.0035488044483066306,0.09086729676756522,0.5019762041300253,-0.06824683788946995,False,False,False,all
2026-10-05,GEF,82.05000305175781,78,7,False,-0.032677879768999385,0.11794112127796685,0.4717489336638172,-0.09407084765125928,False,False,False,all
2026-10-05,GRMN,285.5199890136719,78,7,False,-0.011145775165024796,0.15728013487373138,0.5295440714327462,-0.09151078616944286,False,True,False,all
2026-10-05,ING,34.77000045776367,78,7,False,-0.024454551834856786,0.12800982494746105,0.4708122400793664,-0.07329424217613434,False,False,False,all
2026-10-05,KEX,139.85000610351562,78,7,False,0.023643759386732244,0.037822879208098126,0.7586772133712052,-0.11313333795222391,False,False,False,all
2026-10-05,MTUS,21.040000915527344,78,6,False,0.05385483051928941,0.11094102148029861,0.48273442830919455,-0.06820190493277689,False,True,False,all
2026-10-05,NSP,47.560001373291016,78,7,False,-0.06460073952545098,0.23097791791912226,1.561120202201555,-0.14919498971260114,False,True,False,all
2026-10-05,PAGP,26.18000030517578,78,7,False,-0.0217764824893788,0.09630573908980988,0.5695443540880609,-0.08780489166459426,False,False,False,all
2026-10-05,RXRX,4.78000020980835,78,4,False,0.3836223636562299,0.33682928032602066,0.725631856578399,-0.33426179330224415,False,False,False,all
2026-10-05,SAIL,20.290000915527344,78,6,False,0.06829961289624031,0.2635899547870828,0.9699029650289486,-0.15458329518636071,False,False,False,all
2026-10-05,TDAY,7.429999828338623,78,7,False,0.06989601248986799,0.0709446562750462,1.17251452122483,-0.19326820873352357,False,False,False,all
2026-10-05,RIG,5.510000228881836,78,4,False,-0.009740797157206549,-0.031038382219522487,0.7947883871976831,-0.28067880696585645,False,True,False,all
2026-10-05,SOLV,88.02999877929688,78,5,False,-0.0033489754386442083,0.12883792896353152,0.4111894400766902,-0.06510200344521921,True,True,False,all
2026-10-05,IVZ,30.5,78,7,False,-0.028922200383509677,0.09536892579577705,0.4755684512541394,-0.09387997212528387,False,False,False,all
2026-10-05,KMX,54.86000061035156,78,7,False,-0.07366443450242488,0.13668150636565146,0.8129544016985866,-0.1596200729747861,False,False,False,all
2026-10-05,XPRO,16.770000457763672,78,7,False,-0.023034678868198433,0.03144146287446081,0.40687922402913634,-0.12792507244056717,False,True,False,all
2026-10-05,STRL,523.3300170898438,78,5,False,0.0090822140904383,-0.031128165921420425,0.858548341664668,-0.4796257050938878,False,True,False,all
2026-10-05,WSFS,77.33999633789062,78,7,False,-0.025623115020858234,0.09263595469662689,0.5492788296214921,-0.0675187598104039,False,True,False,all
2026-10-05,SHOO,45.68000030517578,78,6,False,0.0157069940253729,0.10620192997975542,0.45802746301993125,-0.08088531984010205,False,True,False,all
2026-10-05,RUM,7.380000114440918,78,6,False,-0.05886552515733279,0.09065518545623963,0.5974026617422392,-0.303445027990498,True,True,False,all
2026-10-05,OIH,394.70001220703125,78,5,False,-0.022559600094060106,0.015433357860386687,0.6293758390711792,-0.14061136288083598,False,True,False,all
2026-10-05,NE,42.54999923706055,78,5,False,-0.03309081136898262,-0.013536935077903545,0.5939314374785472,-0.2260822191463806,False,True,False,all
2026-10-05,GEV,990.0,78,7,False,0.026388973469522847,0.07723368453139456,0.8673608913325261,-0.1721992336539031,False,True,False,all
2026-10-05,CNO,54.029998779296875,78,7,False,-0.010000792271126602,0.13900111595513764,0.41365769371115935,-0.061816311232133936,False,False,False,all
2026-10-05,AEIS,297.2900085449219,77,5,False,0.028410435551679436,-0.027308556223261005,0.755373213707647,-0.2519877045120773,False,True,False,all
2026-10-05,AMGN,402.9800109863281,77,7,False,-0.0171722652585945,0.10428430094573193,0.3992361492580838,-0.09853922088731382,False,False,False,all
2026-10-05,AMKR,54.630001068115234,77,5,False,0.06059137653158286,-0.047353305792046774,0.9379212498458187,-0.4349399990104199,False,True,False,all
2026-10-05,ASH,68.77999877929688,77,7,False,-0.04117725500267877,0.09801603322738117,0.45967742653651467,-0.12102237981729236,False,True,False,all
2026-10-05,AVNT,41.599998474121094,77,7,False,-0.007605209869577023,0.10315854800062385,0.5138282084096308,-0.10806177061498745,False,True,False,all
2026-10-05,BLMN,8.279999732971191,77,6,False,-0.1295938356532308,0.08574497410908233,0.5953756535034807,-0.34441807933920865,False,False,False,all
2026-10-05,BNS,90.27999877929688,77,7,False,-0.007816148353587238,0.11982206749424451,0.4334709341932008,-0.05702944648319086,False,False,False,all
2026-10-05,DXYZ,32.54999923706055,77,6,False,0.07466881811003301,0.02438538028339754,0.6513621077735656,-0.553314148343609,False,True,False,all
2026-10-05,EMBJ,75.2699966430664,77,6,False,0.017698472657745157,0.12114030466825709,0.4053397071158702,-0.06786381866171631,False,False,False,all
2026-10-05,FA,18.3700008392334,77,6,False,-0.11042881014614603,0.15666266977614418,1.0827666071250936,-0.26958246052224344,False,False,False,all
2026-10-05,FBL,33.20000076293945,77,4,False,0.3408507456185277,0.2248387269755181,0.9047619151837205,-0.2755836911085845,False,True,False,all
2026-10-05,GPRE,15.149999618530273,77,5,False,-0.01652755735184719,0.020703755605532725,0.6965284547358204,-0.2290076380335614,False,True,False,all
2026-10-05,NEM,115.81999969482422,77,5,False,-0.0208610247413894,0.037904759468780025,0.5229453655116871,-0.1439130353871062,False,True,False,all
2026-10-05,PAG,200.58999633789062,77,7,False,-0.06671941272644466,0.12231113801361415,0.4315586877528068,-0.11634362846744217,False,False,False,all
2026-10-05,SFLO,38.0166015625,77,7,False,-0.018182812895388256,0.135992541218924,0.3846877314931083,-0.09484281994047616,False,True,False,all
2026-10-05,TILE,34.86000061035156,77,7,False,-0.034017204327435935,0.10836265841128201,0.42868857194069676,-0.13925924418885027,False,True,False,all
2026-10-05,W,106.05000305175781,77,6,False,0.051503369548899336,0.20125532457237605,0.9073742079528755,-0.11610268307573579,False,True,False,all
2026-10-05,WLY,48.540000915527344,77,7,False,-0.04088962381319239,0.17185097634217517,0.7103594908709707,-0.15508992043703163,True,True,False,all
2026-10-05,XES,112.4000015258789,77,5,False,-0.03555406033177333,-1.066440856012374e-05,0.6514840663799946,-0.16956042514017,False,False,False,all
2026-10-05,DGX,232.22000122070312,77,7,False,-0.023773805222425226,0.12538915489879976,0.3565837782253738,-0.06678988652057294,False,False,False,all
2026-10-05,DHC,7.539999961853027,77,6,False,-0.07284443137437546,0.001500919488120367,0.9234693405877457,-0.21946168934226484,False,False,False,all
2026-10-05,CRVL,76.0,77,6,False,0.11379463403800982,0.23754012573867267,0.6952932611158895,-0.043182680246726335,False,False,False,all
2026-10-05,CACI,624.1900024414062,77,6,False,0.020162345757481104,0.10932470907039438,0.4359097881601348,-0.08677395399940568,True,True,False,all
2026-10-05,SONO,17.940000534057617,77,5,False,0.1182308090743509,0.1743258940638659,0.4421222780704346,-0.09485364226607651,False,False,False,all
2026-10-05,SEIC,103.26000213623047,77,7,False,-0.0273722088345989,0.13364770885303434,0.3753329730676689,-0.07926882985906203,False,False,False,all
2026-10-05,CROX,118.19000244140625,77,7,False,-0.04779934204737968,0.1086758623619517,0.6143969938455245,-0.16343429032697743,False,True,False,all
2026-10-05,INTA,37.380001068115234,77,4,False,-0.012959827235315857,0.2326707536753816,0.966333541191857,-0.2201126469828395,False,True,False,all
2026-10-05,GSOL,9.100000381469727,77,4,False,0.2597422837127832,0.3152570309115086,0.9739696568148251,-0.5002745283370642,False,False,False,all
2026-10-05,CURE,126.6500015258789,77,5,False,-0.030806048674128284,0.14655800675839004,0.5368280050703393,-0.15566665649414058,False,True,False,all
2026-10-05,CCNE,34.0099983215332,77,7,False,-0.010076829061583137,0.09772348626257599,0.491666642964234,-0.05971799714567394,False,True,False,all
2026-10-05,AVPT,14.65999984741211,76,6,False,0.09809443007308638,0.2514805698849074,0.6593095397979032,-0.05905006937093116,False,False,False,all
2026-10-05,BTG,5.150000095367432,76,6,False,0.010715570877718239,0.07632505129300604,0.44257708450135613,-0.1812400434657162,True,True,False,all
2026-10-05,ECG,126.16999816894531,76,5,False,0.028665994256836358,0.020068254268487573,0.6146659733102025,-0.26464502106368726,False,True,False,all
2026-10-05,EPOL,43.5099983215332,76,7,False,-0.014357652730420778,0.09979964333463864,0.37082541384027223,-0.05474691558968936,False,True,False,all
2026-10-05,EQH,54.0,76,6,False,0.050640890693944396,0.19143753403335606,0.5343088639930078,-0.01925174985202982,False,True,False,all
2026-10-05,ESI,37.540000915527344,76,6,False,0.04475703728560787,0.04153808416877047,0.6421697249880354,-0.2377664788725412,False,True,False,all
2026-10-05,GSBC,79.47000122070312,76,7,False,-0.0009729882024509529,0.12517522744412735,0.47823667600212616,-0.041490800741314726,False,True,False,all
2026-10-05,HNI,47.08000183105469,76,5,False,-0.008228210072464881,0.13451801942616237,0.6273764719812929,-0.10816440586181442,False,True,False,all
2026-10-05,IX,37.34000015258789,76,7,False,-0.05227463645391628,0.0551435469235273,0.5436130354778665,-0.11913185444144514,False,False,False,all
2026-10-05,KSS,19.530000686645508,76,5,False,0.06494359723929244,0.15676099054137005,0.7161687601270281,-0.22561454328414743,False,True,False,all
2026-10-05,MD,26.100000381469727,76,7,False,-0.010216370762338833,0.11962149200209415,0.6624204266593159,-0.06585540864056216,False,True,False,all
2026-10-05,METU,32.0,76,4,False,0.338100317415609,0.21005518272845602,0.8991097492906304,-0.2871463480710328,False,True,False,all
2026-10-05,OXY,58.310001373291016,76,7,False,-0.001602620132082011,0.07745939385199496,0.5028351164913201,-0.1355077240695023,False,False,False,all
2026-10-05,PAA,23.90999984741211,76,7,False,-0.028964561335106276,0.08045820648388258,0.5239006046441206,-0.0939749753540774,False,True,False,all
2026-10-05,PDS,88.22000122070312,76,6,False,0.0406075341251424,0.025287610343469158,0.6514414871692775,-0.15009635234101126,False,True,False,all
2026-10-05,RPD,12.359999656677246,76,4,False,0.05197753341918121,0.3008198160729776,1.4869215650813188,-0.3872087451698074,False,True,False,all
2026-10-05,SLB,50.279998779296875,76,6,False,-0.049052857266305594,-0.0053983306150590105,0.5891276785468849,-0.1683757932406289,False,False,False,all
2026-10-05,SNEX,67.43000030517578,76,4,False,-0.020009646903827005,0.0444909070935009,0.8499877235224218,-0.2876611272288938,False,False,False,all
2026-10-05,TKR,119.98999786376953,76,6,False,-0.03527336200526554,0.04533470185500854,0.7002975539557768,-0.1802281760841591,False,False,False,all
2026-10-05,YEXT,6.619999885559082,76,4,False,0.06619421148691074,0.2168781892744247,1.0275649840303371,-0.26688814160342544,True,True,False,all
2026-10-05,CRMG,7.869999885559082,76,4,False,0.027670031919951654,0.09959891554881417,1.1561642958715703,-0.4564917034283539,False,True,False,all
2026-10-05,ICUI,161.39999389648438,76,5,False,-0.0450269541485494,0.09725525832257009,0.4346666124131944,-0.1630801722150318,False,True,False,all
2026-10-05,MTD,1541.6300048828125,76,5,False,0.09121567867585623,0.1684504267015252,0.5068960688896338,-0.00848964294807475,False,True,False,all
2026-10-05,CRBG,34.84000015258789,76,6,False,0.04268297232136509,0.18416200720083564,0.5700765801746974,-0.02244666809093454,False,False,False,all
2026-10-05,XBI,156.19000244140625,76,7,False,-0.012496930401444728,0.12367676190778387,0.5230618994967353,-0.08064039671235024,False,False,False,all
2026-10-05,WDS,21.770000457763672,76,6,False,-0.05352762012511758,0.03046183659760482,0.5255781190896587,-0.13576816211933007,False,True,False,all
2026-10-05,BY,37.630001068115234,76,7,False,-0.01769350027362049,0.09810104034956346,0.4716465200323079,-0.05995497837544017,False,True,False,all
2026-10-05,SEZL,110.8499984741211,76,5,False,-0.1196547056248145,0.07337512298096383,1.2393939085681027,-0.4336007630095966,False,True,False,all
2026-10-05,ADEA,26.06999969482422,75,5,False,-0.01329609690499145,0.038409593347420445,1.2454780762918118,-0.24082703613909096,True,False,False,all
2026-10-05,ARHS,10.109999656677246,75,5,False,0.14330299264302515,0.20625674652816328,0.815080672369479,-0.16307949333367433,False,False,False,all
2026-10-05,ATEN,28.190000534057617,75,6,False,0.0475426174009308,0.09714759181612864,0.7064164499347554,-0.26760199260192574,False,True,False,all
2026-10-05,BAP,378.07000732421875,75,7,False,-0.00937874419647744,0.07661658203126809,0.6405728458704698,-0.0851300488222172,False,True,False,all
2026-10-05,BAX,24.219999313354492,75,7,False,-0.042256221874327204,0.16126306959311565,0.5397329954347312,-0.19266668955485022,False,False,False,all
2026-10-05,BBVA,26.940000534057617,75,7,False,-0.05256270760601267,0.09653498628403634,0.5050279948704042,-0.0910930806744138,False,False,False,all
2026-10-05,BDX,180.6699981689453,75,6,False,0.0004994846473100889,0.11089981460845255,0.4160591257019144,-0.06422545545590796,False,True,False,all
2026-10-05,FBP,27.100000381469727,75,7,False,-0.03674582538830151,0.1090943850519015,0.4144050416122551,-0.09303878371412755,False,False,False,all
2026-10-05,FIVE,215.92999267578125,75,6,False,-0.08074449744675705,0.004539072410075784,0.5673222470745312,-0.18171142685981667,False,True,False,all
2026-10-05,FMBH,49.66999816894531,75,7,False,-0.020632413782470382,0.09980743205285281,0.45403976553905667,-0.06915296850072394,False,False,False,all
2026-10-05,FTDR,77.62000274658203,75,7,False,-0.026085610175377583,0.15469270947345093,0.6014029459819363,-0.1692175693776372,False,False,False,all
2026-10-05,GDYN,7.840000152587891,75,5,False,0.019585423682763503,0.11234865430838936,0.534246565116218,-0.23212535521098943,False,True,False,all
2026-10-05,ILF,37.86000061035156,75,7,False,0.08300152423335572,0.09042524220833315,0.393961738698573,-0.0166233607700893,False,False,False,all
2026-10-05,IMO,123.51000213623047,75,6,False,-0.045961603189664135,0.029499243287480548,0.48324735337328373,-0.11424268521416359,False,False,False,all
2026-10-05,META,741.9000244140625,75,6,False,0.18141875861811307,0.17985463503947074,0.42601778050995187,-0.04862658376805484,False,False,False,all
2026-10-05,MFC,42.939998626708984,75,7,False,-0.016671271943109578,0.09284050873679761,0.368387500800047,-0.05272453359373919,False,True,False,all
2026-10-05,NX,18.90999984741211,75,7,False,-0.059896204990680935,0.006975870411627838,0.7128623109377374,-0.18945564040926977,False,True,False,all
2026-10-05,ST,43.16999816894531,75,7,False,-0.008862196159682423,0.04745447171682904,0.5330255114654276,-0.1989237584360095,True,True,False,all
2026-10-05,SUN,69.88999938964844,75,7,False,-0.0733620570646929,0.04842102014502214,0.4380658762132268,-0.12877090094569488,False,False,False,all
2026-10-05,SWBI,14.699999809265137,75,7,False,0.05930674935316871,0.07884364235979313,0.8058967062972613,-0.16287014485531248,False,True,False,all
2026-10-05,TD,117.0999984741211,75,7,False,-0.027344023229212255,0.08415384327614883,0.5022450681027482,-0.06670919474894321,False,True,False,all
2026-10-05,WPM,136.27000427246094,75,5,False,-0.029017571544426746,0.023645591673657096,0.4720752373523025,-0.1779077655143071,False,False,False,all
2026-10-05,CMCO,16.920000076293945,75,4,False,-0.04716853620884498,0.005652335971360722,0.411176013284946,-0.3065573630810935,False,True,False,all
2026-10-05,XTL,210.9499969482422,75,6,False,0.0036243545948473344,0.05032574875975482,0.6072380719866071,-0.1480898105647367,False,True,False,all
2026-10-05,INSP,70.75,75,4,False,0.11178857135782905,0.15803825732183507,0.8182986450128593,-0.5188056819193674,False,False,False,all
2026-10-05,CFFN,8.550000190734863,75,7,False,-0.020663405978176064,0.08843713213008408,0.43216088630053195,-0.07667386831508827,False,False,False,all
2026-10-05,CECO,74.95999908447266,75,6,False,0.03811210961659817,0.03997579360327275,0.7505838304228969,-0.25958118662408247,False,True,False,all
2026-10-05,YANG,32.470001220703125,75,7,False,0.10322852069025723,0.1421596988149938,0.6283851730717964,-0.23093320033394416,False,True,False,all
2026-10-05,CLF,12.199999809265137,75,4,False,0.024177283533519445,0.07223524202830589,0.5782664656095851,-0.26946112264022726,False,False,False,all
2026-10-05,TRV,360.70001220703125,75,7,False,-0.02798966097185629,0.125454338508602,0.42987401911346956,-0.09530975379119855,False,True,False,all
2026-10-05,NOV,19.510000228881836,75,6,False,-0.04051380992060494,0.005475758946014375,0.5874695109388928,-0.11035111913440299,False,True,False,all
2026-10-05,ANDE,66.9000015258789,74,5,False,-0.021354627412386695,-0.018899720345424642,0.6750126145758308,-0.18523930058959392,False,True,False,all
2026-10-05,EGO,37.900001525878906,74,4,False,-0.06115145137189226,0.023938313019596258,0.550736526092318,-0.2591868327029315,False,False,False,all
2026-10-05,ETH,25.829999923706055,74,4,False,0.16892636764263913,0.2102215177923381,0.7777013350587423,-0.4238875777595019,False,True,False,all
2026-10-05,HCC,92.29000091552734,74,5,False,-0.02651991383492469,0.02075126485040668,0.4916761355876733,-0.17169267248067355,False,True,False,all
2026-10-05,HG,34.15999984741211,74,7,False,-0.022676423206690277,0.08128468744854067,0.5075022099487507,-0.08442780514433024,False,True,False,all
2026-10-05,IRWD,3.6500000953674316,74,3,False,-0.12251176316771883,-0.08727179595682788,1.588652611186549,-0.36851211714948073,False,True,False,all
2026-10-05,JHX,25.200000762939453,74,7,False,-0.10674405735832193,0.053368616509165356,0.5309843356377566,-0.1982182463170512,False,False,False,all
2026-10-05,OMDA,20.950000762939453,74,7,False,-0.03727732724653887,0.20998778493142334,1.0379378703431494,-0.22162362807673786,False,True,False,all
2026-10-05,ROST,226.3699951171875,74,6,False,-0.046930595280029075,0.03796190993744375,0.5348158294541483,-0.11918289837670237,True,True,False,all
2026-10-05,TECH,72.58000183105469,74,6,False,0.003997753753269828,0.1684533974818414,0.6800926053066148,-0.001513283899532536,False,True,False,all
2026-10-05,WDAY,188.9600067138672,74,5,False,0.010700758058031168,0.20272463447106115,0.7122146218631236,-0.2362166072124856,True,True,False,all
2026-10-05,DAL,83.08000183105469,74,7,False,-0.011477216673966173,0.09519483853202382,0.509722036597803,-0.1316889468429433,True,False,False,all
2026-10-05,RHP,120.62000274658203,74,7,False,-0.036073306971602936,0.090608603888499,0.43903606759414204,-0.12250838894791283,True,True,False,all
2026-10-05,NMR,9.75,74,7,False,-0.025370356587596454,0.09109831777200394,0.4530551333189785,-0.10877510292752746,False,True,False,all
2026-10-05,LIVN,76.43000030517578,74,7,False,-0.03479925041903831,0.07016827604138398,0.5655469230426626,-0.10879199625291402,False,False,False,all
2026-10-05,QCRH,100.02999877929688,74,7,False,-0.018301242834287024,0.07558271058126764,0.5008251536266981,-0.07473870858789933,False,True,False,all
2026-10-05,CHE,511.29998779296875,74,7,False,-0.02307889591330714,0.12241117961349346,0.40001642823580896,-0.0820467005512231,False,False,False,all
2026-10-05,PCTY,147.38999938964844,74,5,False,0.003227006116464981,0.17855216804960983,0.5850091706161236,-0.08979184798238715,True,True,False,all
2026-10-05,SBS,6.260000228881836,74,7,False,0.21761460948325007,0.12234254537597189,0.4143696479043568,-0.12545400453281752,False,True,False,all
2026-10-05,EOG,144.0800018310547,74,7,False,-0.0015010666567806252,0.08964666976345836,0.4182498968878918,-0.06538662163727116,False,True,False,all
2026-10-05,KWR,161.0500030517578,74,5,False,-0.004608268280963945,0.08011207485481342,0.4356391746624666,-0.11999339989192703,False,True,False,all
2026-10-05,URBN,81.5999984741211,74,6,False,0.05840143637112405,0.12916403063026038,0.3705071753339655,-0.04483204749353897,False,True,False,all
2026-10-05,CRM,229.7899932861328,74,5,False,0.0379692550180053,0.1467728159822328,0.5704618765973652,-0.14611123408914928,True,True,False,all
2026-10-05,IAG,18.440000534057617,74,4,False,-0.020368241702463208,0.007710874740709972,0.6964122105056658,-0.25854443458772247,False,True,False,all
2026-10-05,PSTL,22.3799991607666,74,6,False,-0.039229364013042556,0.05311448365672056,0.570526256895902,-0.11260904956028506,False,True,False,all
2026-10-05,UVSP,41.650001525878906,74,7,False,-0.020129074179408013,0.0815695992353831,0.48537803730294926,-0.08380989079023315,False,True,False,all
2026-10-05,KMTS,28.34000015258789,74,6,False,0.09474107774338414,0.20062234928467837,0.6343713900347525,-0.05533332824707027,False,True,False,all
2026-10-05,GFF,94.08999633789062,74,7,False,-0.033811006858142756,0.07374841303235091,0.44731569367929147,-0.13337020721778536,True,False,False,all
2026-10-05,DCOM,39.5099983215332,74,7,False,-0.024458939597876483,0.07855041885414904,0.5415528527216482,-0.058613362583283424,False,False,False,all
2026-10-05,ASTH,36.810001373291016,73,6,False,-0.005817593102602436,0.12394205449824125,1.0359514119812934,-0.286627859267238,False,True,False,all
2026-10-05,AUR,5.75,73,5,False,-0.08048550354188444,0.037012322260032926,0.5972222645341625,-0.3286631311495434,False,False,False,all
2026-10-05,ETHA,20.43000030517578,73,4,False,0.16933962687132298,0.2038768195433618,0.7726681979518468,-0.4331298616484276,False,True,False,all
2026-10-05,ETHW,19.360000610351562,73,4,False,0.1690962809577723,0.2034899115422495,0.7712717355720335,-0.4324245012040173,False,True,False,all
2026-10-05,EWJ,99.30000305175781,73,7,False,0.03288810086417904,0.09746558378701908,0.2696586653134514,-0.0013576156298127362,False,False,False,all
2026-10-05,FCFS,211.3300018310547,73,6,False,-0.019918830700745627,0.04312021738879346,0.4398718789892917,-0.11551496961781049,False,True,False,all
2026-10-05,GABC,49.279998779296875,73,7,False,-0.011894189526121424,0.10033400286722727,0.32508740519030654,-0.056480964748121476,False,True,False,all
2026-10-05,HAS,92.37999725341797,73,6,False,0.0034040272658293347,0.021588465723384465,0.32920859357435917,-0.13647416008021063,False,False,False,all
2026-10-05,IBKR,89.05000305175781,73,7,False,-0.017016996986918165,0.09381711590564179,0.5106022374768409,-0.09822781719738927,False,True,False,all
2026-10-05,IFF,83.26000213623047,73,7,False,-0.009785570341037886,0.08914908936137711,0.40784584030286397,-0.06784592005484413,True,False,False,all
2026-10-05,KARO,61.0,73,7,False,-0.04718763905708456,0.15222932742054462,0.47878787878787876,-0.11337213235135934,False,False,False,all
2026-10-05,KSPI,93.9800033569336,73,7,False,-0.03984663732395677,0.10295750289733752,0.3701707008987982,-0.14517008122661013,False,True,False,all
2026-10-05,MEDP,620.510009765625,73,6,False,0.03328129495479093,0.18390393415657913,0.6635657098274128,-0.0846585227637986,False,False,False,all
2026-10-05,MLKN,20.639999389648438,73,5,False,-0.07093988840180043,0.07423625590183991,0.49891058122742393,-0.16471063721656454,False,False,False,all
2026-10-05,MMSI,87.13999938964844,73,5,False,-0.00475807419041252,0.13560984620503036,0.4586541168621683,-0.08031662913299797,False,True,False,all
2026-10-05,MPTI,75.94000244140625,73,5,False,-0.04573051724508992,0.02903915221202924,0.743742910947796,-0.2757271955502256,True,True,False,all
2026-10-05,PAGS,10.949999809265137,73,5,False,0.182020312840794,0.12235169152042347,0.30047502494617184,-0.11120129216680386,False,False,False,all
2026-10-05,PICK,61.2400016784668,73,7,False,-0.021168562634810928,0.017348442220264104,0.3899228272741322,-0.11272088297589289,False,False,False,all
2026-10-05,PLUS,93.0199966430664,73,6,False,0.03246339567846657,0.09224102136711854,0.34324904899734876,-0.05217039717163552,False,True,False,all
2026-10-05,RNW,6.880000114440918,73,7,False,0.02960103896866051,0.1784050612896133,0.568985120941556,-0.15789473069848414,True,True,False,all
2026-10-05,SLF,78.61000061035156,73,7,False,-0.02122402969525039,0.09446648496679577,0.37382032389592457,-0.06838109541219117,False,True,False,all
2026-10-05,TTE,84.37000274658203,73,6,False,-0.046724797566022325,0.01697288536954522,0.4701168085706591,-0.10406706608172211,False,False,False,all
2026-10-05,TETH,13.529999732971191,73,4,False,0.1707392738541864,0.20543915078056152,0.7709424043740198,-0.4310345104165856,False,False,False,all
2026-10-05,WEAV,7.360000133514404,73,6,False,0.06171202508633655,0.20036861418867646,0.7358491817968755,-0.04415580313932255,True,True,False,all
2026-10-05,MBWM,59.09000015258789,73,7,False,-0.02040099025823794,0.08537925215510045,0.38222222579152954,-0.0613185157040389,False,True,False,all
2026-10-05,CVLG,33.189998626708984,73,4,False,-0.05355313064759282,-0.004828974177568557,0.8438888125949435,-0.33460308909405756,False,True,False,all
2026-10-05,FETH,26.979999542236328,73,4,False,0.16988984380966676,0.20429625904307147,0.7726674815297663,-0.4324779338945234,False,True,False,all
2026-10-05,NVRI,20.3700008392334,73,6,False,-0.04585691017498095,0.019047779560079636,0.82690596736706,-0.15826445466776273,False,True,False,all
2026-10-05,SIG,100.88999938964844,73,6,False,0.07800899472788925,0.1268061764771382,0.40868466239291346,-0.08448273880594015,False,True,False,all
2026-10-05,THFF,74.70999908447266,73,7,False,-0.04924675857773231,0.06677060381947553,0.45889475532377855,-0.11239158001981453,False,True,False,all
2026-10-05,AGRO,10.75,72,5,False,0.013787507293151258,-0.007143944904061783,0.560232250843756,-0.32347389756241696,False,True,False,all
2026-10-05,BITX,20.56999969482422,72,4,False,0.27464708087595247,0.16216821358363598,1.03966282766656,-0.693076682704485,False,True,False,all
2026-10-05,GHM,90.4800033569336,72,4,False,-0.0413527553813281,-0.003145982338342068,0.7211338003078172,-0.28087741554289947,True,True,False,all
2026-10-05,IGE,63.06999969482422,72,7,False,-0.007740481765907359,0.051307711082507534,0.3519828002542804,-0.06327048894072096,False,True,False,all
2026-10-05,IGV,109.72000122070312,72,5,False,0.06092691984618259,0.17188669692804326,0.4841065976976835,-0.06827446305772211,False,True,False,all
2026-10-05,KNX,65.23999786376953,72,6,False,-0.04866343760033798,0.001118630876922655,0.6172532874813155,-0.21264787131054874,False,True,False,all
2026-10-05,KO,86.51000213623047,72,7,False,-0.017193129074923763,0.08012680427880947,0.31394299738811426,-0.06465559374698138,False,True,False,all
2026-10-05,MUR,38.38999938964844,72,7,False,0.04266817061133077,0.06745038891047295,0.4492261125462427,-0.11421321517101757,False,True,False,all
2026-10-05,ONC,361.6499938964844,72,6,False,0.021546961827941802,0.12880598777207397,0.4241104347265978,-0.061185834716600884,False,False,False,all
2026-10-05,PFG,111.02999877929688,72,7,False,-0.024085400356687825,0.09152359879650529,0.4252887882474812,-0.0837597087004247,False,True,False,all
2026-10-05,SNDR,32.31999969482422,72,6,False,-0.05701115689761893,0.02231569873873962,0.6071605526549608,-0.17697990022725962,False,False,False,all
2026-10-05,STBA,49.22999954223633,72,7,False,-0.02420558150171015,0.08031361614651567,0.4319371149727307,-0.0798130926684798,False,False,False,all
2026-10-05,HELE,25.639999389648438,72,7,False,-0.09590337510263958,0.10813138472199202,0.8512634428481933,-0.1642764297716478,False,False,False,all
2026-10-05,GNRC,215.1999969482422,72,5,False,0.0702942447506083,0.010873449725182338,0.5964391103582838,-0.27405210101231803,False,True,False,all
2026-10-05,RIO,95.6500015258789,72,6,False,-0.03250342122511296,-0.0006211340136702548,0.4636572878231475,-0.15038195087775985,False,True,False,all
2026-10-05,CALF,54.18000030517578,72,7,False,-0.030497621598087665,0.09484117966112637,0.3024039012616928,-0.07130613363955529,False,False,False,all
2026-10-05,WEAT,25.09000015258789,72,6,False,-0.016255878872761143,0.08108108774465506,0.26845294649192986,-0.11686025035746839,False,True,False,all
2026-10-05,SOLZ,11.930000305175781,72,4,False,0.25498367841594316,0.2757891807442019,0.9335494582913557,-0.5256461039313148,False,True,False,all
2026-10-05,CSX,47.43000030517578,72,7,False,-0.03837575637335566,0.06939815380755276,0.4103478679382022,-0.1151119094140326,False,True,False,all
2026-10-05,THG,220.39999389648438,72,7,False,-0.020058590400277465,0.12756958499597837,0.3234058051018085,-0.06637867133292019,False,True,False,all
2026-10-05,TAL,12.3100004196167,72,6,False,0.03869589123572337,0.11220538534676394,0.3862612906499645,-0.07928193530407479,False,True,False,all
2026-10-05,ZS,201.8000030517578,72,4,False,0.11938168541101035,0.21371305205129154,0.7605234726434706,-0.4011691477500361,False,True,False,all
2026-10-05,MTCH,40.33000183105469,72,7,False,-0.002917287074465591,0.13530165183604348,0.39986124882545115,-0.1024813486480386,False,True,False,all
2026-10-05,MGA,64.91999816894531,72,7,False,-0.03046597274755647,0.05092244324916151,0.5059150371098984,-0.11335704607187258,True,True,False,all
2026-10-05,SEIV,49.73500061035156,72,7,False,-0.011812933091851274,0.08530519563645322,0.31923075872303364,-0.03716964890752916,False,True,False,all
2026-10-05,KMLM,31.290000915527344,72,7,False,0.04662834397321802,0.10478806364034976,0.21420257507603857,-0.005561710987188828,False,True,False,all
2026-10-05,ALKS,42.7599983215332,71,7,False,-0.08530850038860249,0.09177715683841181,0.5837036415382668,-0.23190228618713626,False,False,False,all
2026-10-05,AMPH,25.3700008392334,71,5,False,0.12228831899268822,0.13512054106186389,0.5237238090383125,-0.14058264072414117,False,False,False,all
2026-10-05,AVBP,28.459999084472656,71,6,False,-0.046534254629900684,0.04052220085808367,0.674117593204274,-0.20569361903281513,False,False,False,all
2026-10-05,BBJP,79.98999786376953,71,7,False,0.031119171600895834,0.08806354035555675,0.23785197251481804,-0.001497974605763841,False,True,False,all
2026-10-05,BBNX,18.950000762939453,71,4,False,0.028957453969962854,0.20201079872493133,1.1534091309328702,-0.42066642331595283,False,True,False,all
2026-10-05,BFST,30.8700008392334,71,7,False,-0.014487354130769292,0.06743849134610302,0.36835113342250647,-0.050883954158424505,False,True,False,all
2026-10-05,DSI,149.4600067138672,71,7,False,0.02569104911768072,0.09610625551241614,0.2765630712026852,-0.0017031668854865512,False,True,False,all
2026-10-05,EQIX,1023.4400024414062,71,6,False,-0.01838804776661007,0.034989870320653926,0.42022148896239564,-0.09324170381457275,False,True,False,all
2026-10-05,ETHE,21.729999542236328,71,4,False,0.1660477540955536,0.1914585336963901,0.7580906266851815,-0.44516790414215823,False,True,False,all
2026-10-05,EWS,33.2599983215332,71,6,False,-0.003254603743698903,0.10849848988452693,0.24569278543614348,-0.03872832981741714,False,False,False,all
2026-10-05,FELV,41.790000915527344,71,6,False,-0.01429609952045574,0.08274812001621368,0.2768103116408409,-0.033980523879820645,False,False,False,all
2026-10-05,FLJP,42.150001525878906,71,7,False,0.02976172877599792,0.09039127041001027,0.2529727196977636,-0.0016579747228878672,False,False,False,all
2026-10-05,GWW,1286.8399658203125,71,7,False,-0.010591927451924499,0.06537246857763335,0.41953838646136155,-0.09371725331615988,False,False,False,all
2026-10-05,HSBC,96.68000030517578,71,7,False,-0.06181646995107537,0.04796886079437801,0.4954369377157015,-0.10415120510077913,False,False,False,all
2026-10-05,IDHQ,43.47999954223633,71,7,False,-0.02520828287839072,0.07675600106859193,0.30806249538799224,-0.06192015159368758,False,False,False,all
2026-10-05,INGM,27.579999923706055,71,7,False,-0.010852645887595824,0.0680876834844295,0.4492905374964382,-0.1296939268251036,False,False,False,all
2026-10-05,JQUA,75.13999938964844,71,7,False,0.014412920919253613,0.10096286053303394,0.2586264393533111,-0.0066102591754968465,False,False,False,all
2026-10-05,MLI,62.970001220703125,71,7,False,-0.008824080572225834,0.009320241734477541,0.3046721644465311,-0.114595067648118,True,False,False,all
2026-10-05,NIC,164.6199951171875,71,7,False,-0.03569264267627659,0.07466405147990107,0.44251657163685065,-0.08544447157118051,False,False,False,all
2026-10-05,SAN,13.899999618530273,71,7,False,-0.037142761561575366,0.08244489721317239,0.44490642244144385,-0.07641199718472813,False,True,False,all
2026-10-05,SWK,89.68000030517578,71,7,False,-0.059202671615571356,0.0689170200746998,0.44878833755250747,-0.1432938474997152,False,True,False,all
2026-10-05,HOPE,13.569999694824219,71,7,False,-0.027323831579326607,0.07592099086108606,0.38469381946069725,-0.06991092851926739,False,False,False,all
2026-10-05,DIVB,65.05000305175781,71,6,False,-0.034101167995663983,0.08669962782846508,0.2860814688982267,-0.06831848559031162,False,True,False,all
2026-10-05,PNRG,209.6699981689453,71,7,False,0.03124473338210043,0.05132708844497169,0.6587816110589038,-0.24822516042518894,False,True,False,all
2026-10-05,JOE,66.20999908447266,71,6,False,0.004713235121377002,0.012109837135808377,0.427862855501288,-0.0996736706527157,True,True,False,all
2026-10-05,PSMT,171.80999755859375,71,7,False,-0.02245159483073733,0.05716055484436677,0.538413297717651,-0.14026220622974583,False,True,False,all
2026-10-05,GOLD,41.63999938964844,71,3,False,-0.05846814979999704,-0.06250001341963363,0.8104347560716711,-0.3757121245153847,False,True,False,all
2026-10-05,OFG,50.970001220703125,71,7,False,-0.0258436971013708,0.11125406018047856,0.42733135053105586,-0.06425555207569389,False,False,False,all
2026-10-05,GO,11.420000076293945,71,5,False,0.03485148760317225,0.2285316353449527,1.0194517511222116,-0.32783989228139,True,True,False,all
2026-10-05,SPSC,80.45999908447266,71,4,False,0.01999937523659656,0.1727059331039651,0.6407014188900009,-0.2995560445665023,False,True,False,all
2026-10-05,LION,11.170000076293945,71,4,False,-0.047545952089040444,-0.017482124886950556,0.9012766087308843,-0.33113775053936845,False,False,False,all
2026-10-05,TOPT,35.5099983215332,71,7,False,0.04699225656328587,0.10595829903595244,0.28939713656698873,-0.002808264170298558,False,False,False,all
2026-10-05,BUSE,29.510000228881836,71,7,False,-0.029129396846214406,0.07571174231145261,0.3413636467673562,-0.06908518868611357,False,False,False,all
2026-10-05,NBTB,50.95000076293945,71,6,False,-0.019615373396620117,0.08688233698855607,0.2997448921253265,-0.06513760068001007,False,False,False,all
2026-10-05,AU,94.4800033569336,70,3,False,-0.05566457640427713,-0.0250134052967651,0.510471694793478,-0.2683908641515226,False,True,False,all
2026-10-05,BLCR,50.09000015258789,70,7,False,0.01482631367604359,0.07450176057834956,0.2888866399900587,-0.018228151643112422,False,False,False,all
2026-10-05,ET,20.719999313354492,70,6,False,-0.006072967440455712,0.0728413362967153,0.2805932585011399,-0.05128208935020018,False,False,False,all
2026-10-05,FNDE,42.939998626708984,70,7,False,0.024982427318977818,0.074011467910712,0.23782070702211122,-0.005558167595427932,False,False,False,all
2026-10-05,HMC,31.780000686645508,70,6,False,0.0023023545421563263,0.11352099785915404,0.36688174996324774,-0.049925262726576713,False,False,False,all
2026-10-05,HST,22.440000534057617,70,7,False,-0.01964208121468114,0.04900501471475649,0.4375401042663578,-0.12718781279109137,False,True,False,all
2026-10-05,INOD,66.97000122070312,70,6,False,0.09259575144403964,0.08960306981679023,0.956470993757069,-0.4648393675296527,False,False,False,all
2026-10-05,IOO,145.6699981689453,70,7,False,0.012992881890227403,0.08160362391152987,0.2504936118146439,-0.006885700554051799,False,True,False,all
2026-10-05,IPAR,113.76000213623047,70,7,False,-0.027061959751814135,0.11693998111700199,0.47338432178673884,-0.12011750294961177,False,True,False,all
2026-10-05,IWX,110.11199951171875,70,6,False,-0.013669538597321895,0.0789633741450948,0.2738546552721197,-0.033681417633268707,False,False,False,all
2026-10-05,KEEL,3.450000047683716,70,4,False,-0.037361523703696276,-0.0010279154117627254,1.0535715210701362,-0.5318860106845169,False,True,False,all
2026-10-05,PRGO,14.4399995803833,70,5,False,0.0741170141836105,0.17429398328397516,0.5644637374363992,-0.3624724139699437,False,False,False,all
2026-10-05,QQQE,122.29000091552734,70,7,False,0.015078853903118139,0.09554459154822714,0.27864911852731944,-0.021679992675781246,False,False,False,all
2026-10-05,QQQJ,44.939998626708984,70,7,False,-0.0012268239137102066,0.08324273898819357,0.3067752086159137,-0.04260758539651921,False,False,False,all
2026-10-05,SFST,60.66999816894531,70,7,False,-0.025325183908765703,0.04332002267637458,0.4833739830194681,-0.06790595202987149,False,True,False,all
2026-10-05,UNF,252.88999938964844,70,6,False,-0.08943545461781222,-0.004748593873269535,0.712650637394924,-0.17536769714447153,False,False,False,all
2026-10-05,VCYT,47.66999816894531,70,7,False,0.06486348250693097,0.12078335588709854,0.6184008926300968,-0.21736991810268946,False,False,False,all
2026-10-05,VRT,253.6199951171875,70,4,False,-0.024660021173954938,-0.04321727110958207,0.7157352357648987,-0.33246477227180393,False,True,False,all
2026-10-05,BWA,60.2599983215332,70,6,False,-0.06500877086549817,0.012354524969834468,0.4879011931242767,-0.23547324847946904,False,False,False,all
2026-10-05,GNR,74.77999877929688,70,7,False,-0.017172554125106654,0.03540206642909505,0.30642901094512864,-0.0719781945887541,False,True,False,all
2026-10-05,RCUS,24.739999771118164,70,6,False,-0.10751649337697955,-0.001886097260303643,0.8728235957362311,-0.2204191178415077,False,False,False,all
2026-10-05,CF,116.0199966430664,70,6,False,-0.06615327993348363,0.029606253085914913,0.5383187411802195,-0.18272759118055792,False,True,False,all
2026-10-05,MCK,915.4500122070312,70,5,False,0.04078770069502746,0.0796057384423805,0.2649928441743803,-0.08363362141438313,False,True,False,all
2026-10-05,THRO,44.689998626708984,70,7,False,0.020706450842918,0.09116432223153104,0.278866762540797,-0.001786951758693034,False,False,False,all
2026-10-05,JBL,300.94000244140625,70,4,False,-0.0495338881861106,-0.0038328551496464858,0.5872362487008702,-0.29839365961782915,True,False,False,all
2026-10-05,ITRN,52.5,70,6,False,0.0002972350742038721,-0.006545447033983187,0.5,-0.2313323915927874,True,True,False,all
2026-10-05,LTC,42.43000030517578,70,7,False,0.02789340079770497,0.09586282308286975,0.2612961080561782,-0.02683482132779813,True,False,False,all
2026-10-05,CATY,60.47999954223633,70,7,False,-0.029696304710813526,0.07332334615893665,0.3569665684619623,-0.07324551697095982,False,False,False,all
2026-10-05,CHPY,71.6500015258789,70,7,False,0.050109208155652896,0.0679270391372262,0.4090462866452884,-0.20264855286874917,False,False,False,all
2026-10-05,VFMF,181.83399963378906,70,7,False,-0.01299337731276795,0.07239797765335032,0.30530349823707437,-0.033209284009238726,False,False,False,all
2026-10-05,ARQQ,23.68000030517578,69,3,False,0.11246830016330467,0.24975097558157944,1.0555555003660717,-0.6180645112068422,False,True,False,all
2026-10-05,AVLV,91.91999816894531,69,6,False,-0.01330621747302474,0.05852579220919396,0.31126961725797386,-0.03561878178147215,False,True,False,all
2026-10-05,BITU,15.9399995803833,69,3,False,0.2736715586168552,0.13369650480200823,1.0126261902565794,-0.7524844844300529,False,True,False,all
2026-10-05,BNY,143.75,69,6,False,-0.08510351239743297,0.0499257003402247,0.394142170003716,-0.1332006562089122,False,False,False,all
2026-10-05,DVA,178.72000122070312,69,4,False,-0.05103148035625893,0.04895218470465634,0.7695049625812191,-0.27786982401744076,False,True,False,all
2026-10-05,DYNF,70.37000274658203,69,6,False,0.01575088688016435,0.08695740238216709,0.25258103176085145,-0.001985525250416953,False,False,False,all
2026-10-05,EXTR,23.329999923706055,69,4,False,-0.015154713841181944,0.08893768857183026,0.7307122192851065,-0.30833085560844764,False,False,False,all
2026-10-05,FCG,29.469999313354492,69,5,False,-0.021723282780815478,0.03805981951201898,0.35431980714040856,-0.10778079314292266,False,False,False,all
2026-10-05,FELC,44.0,69,6,False,0.012047968658487562,0.08621189577975019,0.25373980537272844,-0.008115432944055367,False,False,False,all
2026-10-05,FLNG,31.40999984741211,69,7,False,0.005898967599919036,0.05934489545594723,0.30874999364217115,-0.059580885854897625,False,True,False,all
2026-10-05,GCMG,13.180000305175781,69,6,False,-0.0029201093885343754,0.1207650014301922,0.41720430482424864,-0.11341314747739806,False,False,False,all
2026-10-05,ILCG,119.83000183105469,69,7,False,0.03814893166929134,0.09498740639983483,0.3130615716201244,-0.006137495775421331,False,False,False,all
2026-10-05,LECO,274.94000244140625,69,4,False,0.01209181380267177,0.04032774937155903,0.27157525154560336,-0.11309676631804433,False,True,False,all
2026-10-05,LH,308.6499938964844,69,5,False,-0.03422956864656024,0.09996237779887207,0.26226888803979165,-0.09698652744412506,False,False,False,all
2026-10-05,PRAA,19.40999984741211,69,7,False,0.010548005110098124,0.11963866003338675,0.8936585216987423,-0.13924609737848248,False,False,False,all
2026-10-05,RHI,34.31999969482422,69,5,False,-0.14918092593729604,0.09571720736489175,0.5721484111209172,-0.2650963782839989,False,True,False,all
2026-10-05,ROK,455.17999267578125,69,7,False,0.040033907670111946,0.07334330224660834,0.3680983570258629,-0.08480777287695551,False,True,False,all
2026-10-05,SPNT,24.5,69,7,False,0.010334281652264021,0.08155355133165831,0.40885571362261564,-0.07547169811320753,False,False,False,all
2026-10-05,SXI,289.239990234375,69,6,False,-0.014265987440520989,0.0542358490997219,0.37831775945575896,-0.2051444706065474,False,False,False,all
2026-10-05,TDIV,115.62999725341797,69,6,False,0.010820642376314638,0.08063802011017374,0.2813608154997782,-0.10015566339752557,False,False,False,all
2026-10-05,WK,71.87999725341797,69,3,False,0.022559430452461227,0.1280274706550062,0.658514005545658,-0.25969415160693854,False,False,False,all
2026-10-05,XHR,18.149999618530273,69,6,False,-0.038807815740787066,0.05804065087375587,0.5446808185983212,-0.17724387770038763,False,False,False,all
2026-10-05,DBMF,33.130001068115234,69,6,False,0.04813250007177472,0.08098234745405275,0.2202578833740949,-0.005105050235440167,False,False,False,all
2026-10-05,CHCO,141.77000427246094,69,5,False,-0.01429913565674601,0.09259888531479898,0.25227458191813934,-0.048459634569477106,False,False,False,all
2026-10-05,CWBC,26.579999923706055,69,7,False,0.02523354445048387,0.08082830604257207,0.34310251106917544,-0.05644302975795634,False,True,False,all
2026-10-05,DEM,55.83000183105469,69,6,False,0.009357789132437011,0.06533504999690609,0.26226548516558834,-0.027521303266971553,False,True,False,all
2026-10-05,CM,110.31999969482422,69,5,False,-0.049838681909748495,0.03333807647865106,0.3908219883922013,-0.11645043123860033,False,False,False,all
2026-10-05,MGC,286.75,69,6,False,0.020847716592798715,0.08571692424130051,0.2556378076413013,-0.0026780364603981033,False,False,False,all
2026-10-05,ITT,206.1999969482422,69,6,False,0.003935884058699601,0.04569010293164344,0.23502628567584893,-0.10472390417226374,False,False,False,all
2026-10-05,JBHT,229.74000549316406,69,5,False,-0.11483828749441738,-0.05685742447768205,0.7077232407476932,-0.233586876138708,False,True,False,all
2026-10-05,TNA,61.06999969482422,69,5,False,-0.10044867675613278,0.008593766580375473,0.6492033947613274,-0.2093474704318974,False,False,False,all
2026-10-05,RIOT,19.31999969482422,69,4,False,-0.07373226657465026,-0.002452579021685164,0.6799999734629756,-0.3627968374246968,False,True,False,all
2026-10-05,CGNG,37.56999969482422,69,6,False,0.02710214575396397,0.0758543081050842,0.24692999473247657,-0.01777778575622957,False,True,False,all
2026-10-05,SMBC,71.9000015258789,69,6,False,-0.034723096675762455,0.04749114310626279,0.5105042821580994,-0.09967441802699994,False,True,False,all
2026-10-05,TMFC,81.41999816894531,69,6,False,0.027309347590917188,0.09542307312492837,0.2769761655004299,-0.0025603601589491154,False,True,False,all
2026-10-05,MHK,124.93000030517578,69,4,False,-0.02916167327805652,0.08374683575964736,0.3434778274562216,-0.10955097941738401,False,True,False,all
2026-10-05,NWBI,15.039999961853027,69,6,False,-0.026486812097583967,0.07941292412700052,0.33688888549804696,-0.06930692426574747,False,False,False,all
2026-10-05,MCHP,81.48999786376953,69,6,False,0.07439124980682976,0.031944146058854095,0.6795135427648238,-0.23057317490280105,False,True,False,all
2026-10-05,ABM,48.4900016784668,68,5,False,0.0016691392712109288,0.10039615004327374,0.31195895237015936,-0.054591522462088427,False,True,False,all
2026-10-05,AVLC,91.7699966430664,68,6,False,0.007197745185692606,0.07297369275509724,0.23263936070897517,-0.031962091889776834,False,False,False,all
2026-10-05,BFC,151.22000122070312,68,5,False,-0.011798033945592978,0.05652463524779261,0.2699025772207093,-0.04952862715596318,False,True,False,all
2026-10-05,BITB,46.529998779296875,68,3,False,0.15061619757587041,0.15874390073484124,0.4776119122735918,-0.32310153876479497,False,True,False,all
2026-10-05,DTCR,27.399999618530273,68,4,False,-0.020897070539647844,0.012099936562525393,0.42337660356001416,-0.16437941892355035,False,True,False,all
2026-10-05,ESGV,137.8000030517578,68,6,False,0.01734357889374505,0.08566300447439801,0.2738029456740987,-0.0023167685834204477,False,False,False,all
2026-10-05,FELG,46.150001525878906,68,6,False,0.044720405613221326,0.09371661789851271,0.28462080740339046,-0.0024856341788963565,False,False,False,all
2026-10-05,FYC,117.29000091552734,68,6,False,-0.01871214416436051,0.06193569375644703,0.35048938372148086,-0.08058319984235252,False,True,False,all
2026-10-05,HAFC,31.5,68,6,False,-0.007117232805912255,0.06643374486263887,0.378555775672766,-0.05970149253731338,False,False,False,all
2026-10-05,HODL,24.25,68,3,False,0.15095825832699838,0.1595685926239636,0.4786585709794806,-0.3218679771190692,False,True,False,all
2026-10-05,IDYA,38.060001373291016,68,7,False,0.0001261635191478483,0.11632221705432433,0.4610365638377525,-0.1082473968802784,True,False,False,all
2026-10-05,IFS,54.400001525878906,68,6,False,-0.023756429421346592,0.06800065131513122,0.42073649060213625,-0.1137178139584979,False,True,False,all
2026-10-05,IMNM,21.170000076293945,68,4,False,-0.1610625191214453,-0.06925723882779011,0.833059179831815,-0.29574183458388614,False,False,False,all
2026-10-05,INCY,114.12999725341797,68,6,False,-0.07627735336163644,0.06722345832205678,0.37804875240237945,-0.13929116138711817,False,False,False,all
2026-10-05,JIVE,95.34529876708984,68,5,False,-0.01884979138911369,0.05031264387869694,0.2935191961924031,-0.04854505899438322,False,False,False,all
2026-10-05,KOF,108.1500015258789,68,6,False,-0.019819310508486176,0.027783426364188513,0.34816753777320586,-0.076351482548631,False,True,False,all
2026-10-05,MKTX,164.0399932861328,68,4,False,0.021907034166477546,0.04736908219483138,0.5084137313667385,-0.16293314147919236,False,True,False,all
2026-10-05,NTB,58.560001373291016,68,6,False,-0.02713260882485291,0.04685369962434893,0.4427199101539647,-0.0874239824798565,False,True,False,all
2026-10-05,NTRS,170.6699981689453,68,6,False,-0.06329651256523117,0.04731927925331436,0.40909836772408403,-0.12825620986267405,False,False,False,all
2026-10-05,OUT,28.889999389648438,68,4,False,-0.025560091708010213,-0.0031107721076439887,0.7024160612024031,-0.1736269981059635,False,True,False,all
2026-10-05,PM,189.52999877929688,68,6,False,-0.0020177707173463233,0.06441169959815363,0.33368515913925867,-0.08774545730428984,False,False,False,all
2026-10-05,PVAL,53.15999984741211,68,5,False,-0.01108713421017471,0.06428769991946481,0.2784992185283819,-0.028153581244019454,False,False,False,all
2026-10-05,QLTY,43.65999984741211,68,6,False,0.02051310149722041,0.08373866584497303,0.24210520489644316,-0.0009153527420819874,False,False,False,all
2026-10-05,REX,43.40999984741211,68,5,False,0.009577145195434733,0.03943930708585275,0.4322006140643271,-0.18646927753237708,False,False,False,all
2026-10-05,SNPE,71.13999938964844,68,6,False,0.012369289015313312,0.0764940174650306,0.23357034243771801,-0.012218790536457025,False,True,False,all
2026-10-05,WABC,59.060001373291016,68,6,False,-0.00338502226278814,0.07414533383455923,0.31448922706745464,-0.07152962102503269,False,False,False,all
2026-10-05,DFUV,55.66999816894531,68,5,False,-0.01617735034234713,0.06250390260368621,0.2780072638629343,-0.03834861364845843,False,True,False,all
2026-10-05,DAN,28.100000381469727,68,3,False,-0.04346285453011889,-0.09092672152302828,0.5839910227743235,-0.2896865670879001,False,False,False,all
2026-10-05,OEF,387.2300109863281,68,6,False,0.021119106489595918,0.08601275425829757,0.26199327208931544,-0.0027555416952810274,False,False,False,all
2026-10-05,PAY,31.6200008392334,68,4,False,-0.12482214377022793,0.10413512395196589,0.5723520576601622,-0.3021408103979333,False,False,False,all
2026-10-05,UBSI,46.43000030517578,68,6,False,-0.025815981423582435,0.052834469942058204,0.3615836475890777,-0.06428856701685981,False,False,False,all
2026-10-05,WEX,172.47999572753906,68,6,False,-0.08610476209715301,0.06619387586583936,0.37664613670031044,-0.15446840000541562,False,True,False,all
2026-10-05,IWD,250.36000061035156,68,5,False,-0.016458873263829665,0.06906772846117049,0.2555667415933942,-0.03778009046780484,False,False,False,all
2026-10-05,DKL,55.29999923706055,68,6,False,-0.010241244313523912,0.05666836383057494,0.30578515299954123,-0.10081302053560082,False,True,False,all
2026-10-05,ZM,93.62000274658203,68,6,False,-0.03814637684046018,0.027107235220604764,0.3241868003915056,-0.18406828926616514,False,True,False,all
2026-10-05,FESM,46.0,68,6,False,-0.019887759856245357,0.06223483577112088,0.3207004760759462,-0.059881469178446944,False,False,False,all
2026-10-05,URTY,70.91000366210938,68,5,False,-0.10174098790480379,0.004829355814382819,0.6365105161682234,-0.21079571656828555,False,False,False,all
2026-10-05,NBBK,22.40999984741211,68,6,False,-0.01024645006549818,0.05243754211903773,0.33115539448299813,-0.04516401776540491,False,True,False,all
2026-10-05,VONV,109.77999877929688,68,5,False,-0.017028745943552526,0.06823654309287308,0.25434189888070535,-0.03769287327086346,False,False,False,all
2026-10-05,ARKB,28.40999984741211,67,3,False,0.1499463570696642,0.15791757643132875,0.47661123624644497,-0.3234103664734729,False,True,False,all
2026-10-05,AVDV,109.08999633789062,67,5,False,-0.008251119160538445,0.03771943632816366,0.25180721636370507,-0.043070207562362905,False,True,False,all
2026-10-05,AVUS,130.25,67,6,False,0.003974271042223698,0.06757263449575457,0.2320279842608739,-0.019275638925181915,False,False,False,all
2026-10-05,AZZ,139.14999389648438,67,5,False,-0.015376170788116483,0.02325238198740953,0.4965582799810455,-0.14210852950332076,True,True,False,all
2026-10-05,BKDV,34.099998474121094,67,5,False,-0.009794653123970098,0.06274524370393841,0.24680065808059926,-0.02959592867362737,False,False,False,all
2026-10-05,BMO,164.4499969482422,67,6,False,-0.061795438725075647,0.05015854245238627,0.3722463449061948,-0.12162164364916683,False,True,False,all
2026-10-05,BPOP,158.82000732421875,67,6,False,-0.05484872857545808,0.05602341270779698,0.4605481924249246,-0.1139254493591505,False,False,False,all
2026-10-05,BTC,37.900001525878906,67,3,False,0.15027653469643742,0.15853961170482256,0.4775829274671368,-0.3227304834535799,False,True,False,all
2026-10-05,EEMV,75.37000274658203,67,6,False,0.010809537384864898,0.0680335017374527,0.20073286915612787,-0.026101520338512874,False,False,False,all
2026-10-05,FBTC,74.55000305175781,67,3,False,0.1499128949706361,0.15785775098470878,0.47682257780890525,-0.32380949612918086,False,True,False,all
2026-10-05,FCF,20.3799991607666,67,6,False,-0.03503792375305603,0.0655623651609405,0.3586666107177734,-0.08773504827367873,False,False,False,all
2026-10-05,FDMO,96.91000366210938,67,6,False,0.023968787558721116,0.07588441517566036,0.2646484031785197,-0.01982400151739061,False,False,False,all
2026-10-05,FDT,94.70999908447266,67,6,False,0.0014952027541494939,0.028728016301438286,0.2883960866842834,-0.06523885343723723,False,False,False,all
2026-10-05,FDX,289.1300048828125,67,5,False,-0.07576825147409716,-0.03413346987924226,0.5974815863341998,-0.16283982693775179,False,False,False,all
2026-10-05,GLBE,39.7599983215332,67,4,False,0.004801571094583013,0.11777070742705886,0.481095151369735,-0.09615829041907475,False,False,False,all
2026-10-05,GM,80.2300033569336,67,3,False,-0.06023268629990086,-0.005422223819042116,0.47671637498592223,-0.12651056407433103,False,False,False,all
2026-10-05,GOOGL,346.4700012207031,67,6,False,0.004549139295654925,0.02168082920639325,0.46908924101368976,-0.15207651882857187,False,False,False,all
2026-10-05,IBIT,48.560001373291016,67,3,False,0.1504601202245821,0.15859113819566084,0.4786845660067496,-0.3238651966077557,False,True,False,all
2026-10-05,IPAC,86.19999694824219,67,6,False,0.012238422259075898,0.06420734655895166,0.20635357552785405,-0.012713327698888555,False,True,False,all
2026-10-05,NGVT,73.13999938964844,67,7,False,0.020445171327704292,0.04024587353529974,0.5952017845961437,-0.07756339330139361,False,False,False,all
2026-10-05,PKE,30.049999237060547,67,5,False,-0.09034221461716496,-0.011636730917736537,0.6465753006608519,-0.24611142054883406,True,True,False,all
2026-10-05,PKX,58.22999954223633,67,3,False,0.005071088392267109,-0.04943494176788499,0.29428756100950504,-0.36980521016628365,False,True,False,all
2026-10-05,PRF,55.119998931884766,67,5,False,-0.009078672246589314,0.06309317231708245,0.24960322306024674,-0.02717968442772034,False,False,False,all
2026-10-05,CSW,301.989990234375,67,4,False,-0.03549436729594724,0.03371951071350665,0.3104360782534543,-0.15047980133351457,True,True,False,all
2026-10-05,GSUS,107.2300033569336,67,6,False,0.014619135435796737,0.07716970114125599,0.23707894530926454,-0.00408651267292981,False,False,False,all
2026-10-05,FXH,130.9499969482422,67,5,False,-0.002188431884815989,0.09861066476535263,0.25275039201644023,-0.03585635483254879,False,True,False,all
2026-10-05,TFSL,16.770000457763672,67,6,False,-0.03453116697701397,0.06720464604950172,0.33732061473512,-0.13955871448419432,False,True,False,all
2026-10-05,COWG,40.86000061035156,67,6,False,0.0376916350876535,0.10076129450797366,0.2516848226260482,-0.0015906573558138737,False,False,False,all
2026-10-05,DFLV,40.630001068115234,67,5,False,-0.018131786624985158,0.06025420019388572,0.2671137629262803,-0.040613871735010854,False,False,False,all
2026-10-05,SJM,116.2300033569336,67,6,False,-0.050971371932370446,0.06914146032548607,0.3170538624015138,-0.14467581220853598,False,True,False,all
2026-10-05,CGXU,34.9900016784668,67,6,False,0.008462025988317468,0.06833909740900723,0.2434258151170463,-0.03529083989914561,False,False,False,all
2026-10-05,VFMO,232.61000061035156,67,7,False,0.014423293326439657,0.06150693902691007,0.33214589881117895,-0.07030374321519028,False,True,False,all
2026-10-05,LRGF,79.26000213623047,67,6,False,0.016290682300119874,0.08496685358711176,0.24056977450953476,-0.0026424950452618168,False,False,False,all
2026-10-05,VV,357.6600036621094,67,6,False,0.015039718704139338,0.07738084327362449,0.23710705884886307,-0.004342735797819075,False,True,False,all
2026-10-05,TSPA,49.08000183105469,67,6,False,0.017393989603651017,0.07943352238990875,0.24158875149673564,-0.0028443597353985384,False,False,False,all
2026-10-05,BKLC,49.58000183105469,67,6,False,0.014407983809720415,0.07655902233818379,0.23292445495425596,-0.0052166597258668235,False,False,False,all
2026-10-05,BUFQ,40.93000030517578,67,6,False,0.0314656355083367,0.08262423530740048,0.19503650526060667,-0.005346323512643525,False,False,False,all
2026-10-05,FAST,50.689998626708984,67,7,False,0.014656344284717626,0.09546822662041521,0.3007440861915991,-0.042139070661286304,True,False,False,all
2026-10-05,IWL,193.27000427246094,67,6,False,0.01938774405803456,0.08090546481421823,0.24385376624376498,-0.001498208771391507,False,True,False,all
2026-10-05,AIPO,28.979999542236328,66,5,False,0.0019326286302825402,0.027257942369861343,0.40318596395311457,-0.16700204715136746,False,True,False,all
2026-10-05,BBUS,140.00999450683594,66,6,False,0.015069037011598674,0.07663928267532549,0.23432949070041853,-0.004904068630933067,False,False,False,all
2026-10-05,ESGU,169.5850067138672,66,6,False,0.013098002193725256,0.07745038210274724,0.2394752056401086,-0.00740415185517751,False,False,False,all
2026-10-05,FDN,293.8299865722656,66,7,False,0.022560102065043885,0.10387018249439595,0.30899445348764654,-0.01729101480847617,False,True,False,all
2026-10-05,FNDF,53.900001525878906,66,5,False,-0.019233195834866268,0.04222462733930854,0.27362953484309527,-0.045679851934631754,False,False,False,all
2026-10-05,FNDX,31.850000381469727,66,5,False,-0.011360798680905781,0.058628416620830626,0.24074796598395665,-0.03044134365604778,False,False,False,all
2026-10-05,GBTC,66.2300033569336,66,3,False,0.14900060462806808,0.1523903160428648,0.47243228170208096,-0.3318200007897254,False,True,False,all
2026-10-05,GOOG,343.8299865722656,66,6,False,0.0045595251419079386,0.018546829346636207,0.45269024280741355,-0.14992462844073484,False,False,False,all
2026-10-05,IMCG,96.4800033569336,66,6,False,0.00022604183905161612,0.08041103798096216,0.27500998667300913,-0.042762154176444356,False,False,False,all
2026-10-05,INN,5.989999771118164,66,6,False,-0.013861936256120533,0.10627841472055866,0.5050250609075602,-0.16457465726913967,False,False,False,all
2026-10-05,LLY,1143.1199951171875,66,6,False,-0.02773695320393399,0.06410116917344943,0.45834028286177,-0.11567711791492408,False,True,False,all
2026-10-05,OMFL,70.80999755859375,66,6,False,0.007961448511769165,0.07217939745850188,0.23967084878685352,-0.009788904443089996,False,False,False,all
2026-10-05,PXH,29.719999313354492,66,6,False,0.01322094020682929,0.05389694863119443,0.2205338335834819,-0.020757860303022735,False,False,False,all
2026-10-05,RZLT,4.329999923706055,66,4,False,-0.03468879260830526,0.16584320194709523,3.0467287022866234,-0.6220651123919811,False,False,False,all
2026-10-05,SCHK,37.29999923706055,66,6,False,0.012294056870016501,0.07376597503485272,0.231023108127282,-0.008506105898716587,False,False,False,all
2026-10-05,SCHX,30.540000915527344,66,6,False,0.013210921414321675,0.0744838559933989,0.23095532337478475,-0.007474798141522188,False,False,False,all
2026-10-05,SFNC,22.709999084472656,66,6,False,-0.019226817638214433,0.061356259734358876,0.3358822990866268,-0.0662006838221385,True,False,False,all
2026-10-05,VRSN,292.260009765625,66,7,False,0.00943259616580816,0.09817440595302318,0.39931058561502253,-0.06470814295250327,False,False,False,all
2026-10-05,CNI,119.31999969482422,66,6,False,-0.03765811856090162,0.052780178789622045,0.31496586404997085,-0.09296847642125672,False,True,False,all
2026-10-05,FLQL,79.8499984741211,66,6,False,0.017019944724934843,0.07225434944769726,0.22281768365050048,-0.020846162035797478,False,False,False,all
2026-10-05,SBH,16.040000915527344,66,4,False,-0.013796943908058634,0.07759133658072037,0.3899480908621886,-0.10491066700683893,False,True,False,all
2026-10-05,PBUS,77.73999786376953,66,6,False,0.01388182914917313,0.0755114146857907,0.23338091971063735,-0.006136580790624513,False,False,False,all
2026-10-05,FLR,50.61000061035156,66,5,False,-0.03669357017963781,0.03610608833090412,0.2868039220478822,-0.1326477817681917,False,True,False,all
2026-10-05,IVV,778.25,66,6,False,0.013550389900178317,0.07475139609592718,0.23113547942827362,-0.0061806774310535495,False,False,False,all
2026-10-05,IHF,56.040000915527344,66,6,False,-0.009176242500599896,0.10574856766023366,0.3718482988690752,-0.038764980293456874,False,True,False,all
2026-10-05,SPYM,91.22000122070312,66,6,False,0.014060345342768343,0.07522890844401964,0.23170408085056926,-0.0056681562587191925,False,False,False,all
2026-10-05,CORO,36.7400016784668,66,6,False,0.001556622842227684,0.056760204972256645,0.23470900113930693,-0.024429053974319936,False,False,False,all
2026-10-05,RDWR,30.68000030517578,66,7,False,0.0729598841233241,0.13222658088782135,0.41512914544799995,-0.0643489036730217,False,False,False,all
2026-10-05,NBN,125.83000183105469,66,6,False,-0.03359787662161717,0.0324707835523641,0.5582662765455688,-0.11580349947482571,False,False,False,all
2026-10-05,PSC,68.1500015258789,66,5,False,-0.00791569712447815,0.06520635774800998,0.26837897090073937,-0.03878702314267557,False,True,False,all
2026-10-05,SPY,774.8300170898438,66,6,False,0.013617926539877034,0.0747335563455318,0.23129605424726218,-0.005825189647775897,False,False,False,all
2026-10-05,NOG,24.030000686645508,66,5,False,-0.006983735041441563,-0.0018442564002008055,0.39871945633237504,-0.2290663898675669,False,True,False,all
2026-10-05,VOO,712.3200073242188,66,6,False,0.013440267970407538,0.07443606557238658,0.23140749622605727,-0.005681273106823093,False,False,False,all
2026-10-05,POWI,54.36000061035156,66,3,False,-0.011650727486519963,-0.06225255004025143,0.7615035494236915,-0.40381662175465194,True,False,False,all
2026-10-05,TCAF,43.09000015258789,66,6,False,0.015817429140497996,0.08524254426066813,0.2515248263332217,-0.0025440203380341364,False,True,False,all
2026-10-05,KMT,32.86000061035156,66,4,False,0.05644219417701413,-0.04820246929644245,0.6123651601325935,-0.2499429449827677,False,True,False,all
2026-10-05,SLVP,34.939998626708984,66,2,False,-0.05589515158703351,-0.051484296997610035,0.414574799492877,-0.3032901781931373,False,True,False,all
2026-10-05,DFUS,84.48999786376953,66,6,False,0.012496497149278252,0.07431855436794232,0.23181225214755408,-0.009147400140777417,False,False,False,all
2026-10-05,QCOM,180.7899932861328,66,5,False,0.05280133808832521,0.06797962210396702,0.4820066927784299,-0.3044398894031378,False,True,False,all
2026-10-05,ACT,45.869998931884766,65,6,False,-0.05128482789241362,0.04954564868006428,0.324191678409562,-0.0927611217171328,False,False,False,all
2026-10-05,ALSN,115.75,65,5,False,-0.05176891078731938,-0.015891542075784137,0.5228259011563334,-0.15891582541159477,False,True,False,all
2026-10-05,FLS,74.30000305175781,65,3,False,-0.03126038816351229,-0.02727742958638346,0.5253542280488877,-0.19597446047691436,False,True,False,all
2026-10-05,FNDB,31.010000228881836,65,5,False,-0.01230084166914891,0.05541526714216061,0.23792419853664848,-0.031845101132952025,False,True,False,all
2026-10-05,GME,25.239999771118164,65,5,False,0.22505241038230794,0.13294100969780276,0.41877450658748216,-0.06483882974584776,False,False,False,all
2026-10-05,GRNY,28.510000228881836,65,6,False,0.026078454791774952,0.08067540316493949,0.23580410082441783,-0.002414368697245317,False,False,False,all
2026-10-05,HLIO,70.93000030517578,65,3,False,-0.0414735285114719,-0.019607162859979876,0.508827969319154,-0.2537611990759001,True,False,False,all
2026-10-05,IDCC,338.19000244140625,65,4,False,0.026070614342249554,0.06578956356008447,0.3574295708032251,-0.1803441651996509,False,True,False,all
2026-10-05,IDEQ,35.31999969482422,65,5,False,-0.006408274650804735,0.03927132823901225,0.26007844557962945,-0.031399984998557895,False,False,False,all
2026-10-05,IHE,98.22000122070312,65,6,False,-0.04602431536801932,0.05386097755136432,0.3465862069254064,-0.09607953331080887,False,False,False,all
2026-10-05,ITOT,169.0800018310547,65,6,False,0.01072295376937582,0.07163332519163945,0.22761930644021078,-0.011401490745249543,False,True,False,all
2026-10-05,IWV,438.9599914550781,65,6,False,0.010327898913542022,0.07082622475296141,0.22426441611968229,-0.011150936374930254,False,False,False,all
2026-10-05,IWY,301.8999938964844,65,6,False,0.04872558688761908,0.08468284411766902,0.2645025922365838,-0.004024812748599671,False,False,False,all
2026-10-05,LGN,53.790000915527344,65,3,False,-0.07138860452781592,-0.15212324507466213,0.8345839520940632,-0.49840540260000443,True,True,False,all
2026-10-05,PEBO,37.11000061035156,65,6,False,-0.0706794360368791,0.04609028375757451,0.34994546814585514,-0.122487590282219,False,False,False,all
2026-10-05,QUAL,225.8800048828125,65,6,False,0.015589052856714414,0.07423969613376125,0.21512725603565186,-0.006334692921914353,False,False,False,all
2026-10-05,RGLD,233.63999938964844,65,3,False,-0.02954319250950077,-0.03166485987513823,0.38346750730954526,-0.23709387954400507,False,True,False,all
2026-10-05,RNR,323.3900146484375,65,6,False,-0.0061561975411891234,0.06320901816750624,0.398927270882683,-0.04952379517272609,False,False,False,all
2026-10-05,RY,194.6699981689453,65,6,False,-0.05679301247831914,0.0436413228623993,0.36009216466059035,-0.10934715813876983,False,True,False,all
2026-10-05,SHC,18.549999237060547,65,4,False,-0.005329976466303954,0.09133370302030408,0.4171122246620613,-0.06549124027336295,False,True,False,all
2026-10-05,SNPS,488.4700012207031,65,4,False,0.1916593842473051,0.09762348109954444,0.34731766009502674,-0.09455397993401848,False,False,False,all
2026-10-05,WBI,29.229999542236328,65,5,False,-0.07274055631778908,0.04036530385746162,0.568133073999399,-0.20764434736102366,False,True,False,all
2026-10-05,XLG,64.69999694824219,65,6,False,0.032579671853848025,0.07345621133670144,0.23003800047778,-0.002466908119082567,False,True,False,all
2026-10-05,CSTM,25.290000915527344,65,3,False,-0.06417207789082136,-0.078493782249481,0.757470487293102,-0.3163017094359972,False,False,False,all
2026-10-05,DFAU,53.27000045776367,65,6,False,0.008569159219351974,0.06953483202354205,0.21969093047084143,-0.012604268685069253,False,False,False,all
2026-10-05,VTI,380.6000061035156,65,6,False,0.009892509937466265,0.07026069438625848,0.22615983758827762,-0.01173657320050725,False,False,False,all
2026-10-05,IHG,159.50999450683594,65,7,False,0.004340704577077137,0.06429609562458283,0.34641675414249007,-0.09312641389307152,False,True,False,all
2026-10-05,JNJ,252.92999267578125,65,6,False,-0.04838981769423634,0.045488409439565336,0.3825843954320054,-0.10011745798255,False,False,False,all
2026-10-05,UNM,89.93000030517578,65,6,False,-0.014215113560768433,0.08687442074657303,0.30295573281819266,-0.07068302754127165,False,True,False,all
2026-10-05,SCHB,29.809999465942383,65,6,False,0.010364609885543885,0.07108464722030816,0.22775941609995454,-0.011276953794020161,False,False,False,all
2026-10-05,DCOR,84.16999816894531,65,6,False,0.002063149249738716,0.06464177189615317,0.20449343842566314,-0.019911494401038787,False,False,False,all
2026-10-05,RECS,45.779998779296875,65,6,False,0.014294930356005375,0.07497628359358277,0.21143153400894898,-0.004782635232676635,False,False,False,all
2026-10-05,SECT,72.87999725341797,65,6,False,0.01608896622425382,0.07576040404741602,0.2481588973323121,-0.010844387027616809,False,True,False,all
2026-10-05,ZYME,26.209999084472656,65,6,False,-0.0008882167929862295,0.044082680856307954,0.6378178253842199,-0.16368861018309944,True,False,False,all
2026-10-05,UWM,58.90999984741211,65,5,False,-0.06649721521125906,0.020368392007106273,0.4396383793614054,-0.1439988359685711,False,False,False,all
2026-10-05,SPTM,93.61000061035156,65,6,False,0.010313603453773634,0.06992395713191724,0.22302063614636447,-0.010674298318670838,False,False,False,all
2026-10-05,VTHR,340.8299865722656,65,6,False,0.010064151633096152,0.07045804142929413,0.22402575554155146,-0.010825432472595153,False,False,False,all
2026-10-05,IWB,423.3299865722656,65,6,False,0.012493438091239817,0.07297088351032399,0.22629702804344576,-0.008409132255582152,False,True,False,all
2026-10-05,VONE,350.0899963378906,65,6,False,0.012054801559897799,0.07246579685014032,0.22597702525213115,-0.008917432860289565,False,False,False,all
2026-10-05,ACWI,161.11000061035156,64,6,False,0.007918965984398119,0.0633337345502396,0.2054620873019697,-0.010380850182594603,False,False,False,all
2026-10-05,AEM,183.3300018310547,64,2,False,-0.027641637184018575,-0.030841211387039658,0.36426547975593215,-0.28173484608405286,False,True,False,all
2026-10-05,AG,17.510000228881836,64,2,False,-0.07729436581174898,-0.13211352086494532,0.7183514180501263,-0.4534956389343898,False,True,False,all
2026-10-05,AKAM,107.98999786376953,64,3,False,-0.033392246529703296,-0.033908067824018895,0.5248517132041421,-0.3472952562365287,False,False,False,all
2026-10-05,AVGE,99.8499984741211,64,5,False,-0.0057929958235256596,0.05005125456398307,0.22971010216875576,-0.028790965419347336,False,True,False,all
2026-10-05,AVSC,70.63999938964844,64,6,False,-0.023882555612914635,0.04549129669359653,0.3006812300393038,-0.06188583629812472,False,False,False,all
2026-10-05,FMNB,15.279999732971191,64,5,False,-0.026726808480922237,0.07398021003914268,0.2607260624793597,-0.07168890748083956,False,True,False,all
2026-10-05,FNV,240.77999877929688,64,4,False,-0.030922894383073385,0.011624557974592609,0.3266115635222968,-0.15713940049151598,False,False,False,all
2026-10-05,FSBC,43.43000030517578,64,6,False,-0.04709036121915966,0.03057067712953021,0.4155801783955344,-0.13589331962693685,False,True,False,all
2026-10-05,GOOX,71.8499984741211,64,3,False,-0.00769072319481523,-0.04938471395446975,0.7230215146177459,-0.3316279211709666,False,False,False,all
2026-10-05,GUNR,53.45000076293945,64,4,False,-0.02141713113615984,0.011411267610741405,0.25675998817470713,-0.07955913477121213,False,True,False,all
2026-10-05,HBCP,67.37000274658203,64,6,False,-0.032384967953722255,0.04210820567267959,0.3330035917329006,-0.09570466111970433,False,True,False,all
2026-10-05,HIPO,32.20000076293945,64,5,False,0.00021125207984762362,0.11189000004133498,0.33720933824586496,-0.16849575127916727,False,True,False,all
2026-10-05,INDV,35.9900016784668,64,5,False,-0.020149639334181457,0.007121815240378693,0.595230723994379,-0.15930856052434483,False,True,False,all
2026-10-05,KDP,30.889999389648438,64,5,False,-0.012202787328030928,0.04932219784949954,0.24155950287808037,-0.08663513694898661,False,True,False,all
2026-10-05,MANU,20.049999237060547,64,5,False,-0.0787285442297122,0.02999305048879508,0.3501682641085675,-0.17995915699717646,True,False,False,all
2026-10-05,PXF,76.48999786376953,64,5,False,-0.024240295118050037,0.03173363947035268,0.2712315139016779,-0.0515809495772237,False,False,False,all
2026-10-05,RES,6.099999904632568,64,4,False,0.0065342080746466635,-0.03763480391779794,0.4593301806562671,-0.25245097810055184,False,False,False,all
2026-10-05,RYZ,26.969999313354492,64,5,False,0.03535641211060203,0.02590044145111059,0.3945190848277025,-0.15718752145767212,False,True,False,all
2026-10-05,SPGM,87.73999786376953,64,6,False,0.006975578995741971,0.06199614891863736,0.19994522111626845,-0.012381793330308088,False,False,False,all
2026-10-05,SYBT,77.61000061035156,64,5,False,-0.04292942889986007,0.06452875164059102,0.2617461019045766,-0.13012777910226603,False,True,False,all
2026-10-05,USPH,83.95999908447266,64,5,False,0.045370783134405235,0.1002972815224985,0.44285961618729686,-0.10203209535323365,False,True,False,all
2026-10-05,COWZ,67.66999816894531,64,5,False,-0.026319753511206967,0.047376867972479975,0.21664867796595288,-0.06687808464735778,False,False,False,all
2026-10-05,CGDV,49.560001373291016,64,5,False,-0.00595700897312712,0.055235968182745454,0.2018916124582173,-0.04018586260662005,False,True,False,all
2026-10-05,WELL,224.16000366210938,64,6,False,-0.046548785619142996,0.04624706928742239,0.3689160528983779,-0.12163006919011887,False,True,False,all
2026-10-05,RING,76.41000366210938,64,3,False,-0.04639118420137167,-0.030447402354821795,0.3126611383591571,-0.23902000920906863,False,True,False,all
2026-10-05,IHS,8.449999809265137,64,7,False,0.010596289548798987,0.03614869217229599,0.47985985163099176,-0.05586592297827697,False,True,False,all
2026-10-05,DFAC,45.27000045776367,64,6,False,0.0007825903514455668,0.06224842335445868,0.20800539829309206,-0.023195614081874982,False,False,False,all
2026-10-05,IWC,187.32000732421875,64,6,False,-0.028641859298860983,0.04048693650587265,0.3031863097648708,-0.07851235513045263,False,False,False,all
2026-10-05,PH,975.6799926757812,64,4,False,-0.012445454732540773,0.032016319862858245,0.3638816267600815,-0.11296975775932372,True,True,False,all
2026-10-05,SPB,75.98999786376953,64,5,False,-0.12459163628997483,-0.03605198935489162,0.5201039270319177,-0.23288916074501587,False,True,False,all
2026-10-05,IWF,128.35000610351562,64,6,False,0.04404092156304884,0.07875652063847749,0.25550231721488514,-0.006117340017551043,False,False,False,all
2026-10-05,VONG,132.14999389648438,64,6,False,0.043959208301861175,0.07889964358086399,0.2558204854203021,-0.005942594632267095,False,True,False,all
2026-10-05,CFR,153.8300018310547,64,5,False,-0.05183443553808875,0.04908888743938311,0.29268909101726637,-0.09935597726869294,False,True,False,all
2026-10-05,QGEN,45.790000915527344,64,4,False,0.06106882048439988,0.07853218819016439,0.40762381290556804,-0.20805947497045296,False,False,False,all
2026-10-05,GSLC,147.52999877929688,64,6,False,0.011015426028436748,0.06857962015529462,0.21804817894507633,-0.00943363750849846,False,False,False,all
2026-10-05,PGNY,25.860000610351562,64,6,False,-0.04675541131040384,0.06841625893473502,0.6062111799770573,-0.21790407729028072,False,False,False,all
2026-10-05,DISV,42.970001220703125,64,5,False,-0.018212285486524205,0.03502466502035517,0.24352483985557694,-0.04786172825814905,False,True,False,all
2026-10-05,FANG,184.0800018310547,64,5,False,-0.06666773782372437,-0.003919540144114775,0.34335549493463424,-0.151313937247472,False,True,False,all
2026-10-05,AIZ,266.4100036621094,63,5,False,-0.04866412632385453,0.06307290866718818,0.293064142312075,-0.12347831308099011,False,False,False,all
2026-10-05,AMZN,251.39999389648438,63,5,False,-0.021521869892335288,0.04096316002897571,0.2826530300841039,-0.12465186904219228,False,True,False,all
2026-10-05,BLX,55.02000045776367,63,5,False,-0.010858616932626686,0.034941023402763394,0.432439486496657,-0.12943038301310494,False,False,False,all
2026-10-05,ELV,394.510009765625,63,6,False,-0.007660293955719877,0.07785791598603131,0.43541702453165176,-0.09565831056967078,False,False,False,all
2026-10-05,EME,779.2000122070312,63,5,False,0.008536330529870018,0.007390346113590018,0.37931040816262596,-0.18147821943996223,True,True,False,all
2026-10-05,EWN,67.70999908447266,63,5,False,-0.007664928952696326,0.05180581164420772,0.23131473027371818,-0.05762003448252795,False,True,False,all
2026-10-05,FBNC,61.790000915527344,63,6,False,-0.0328084243171215,0.03412496879055271,0.3444299857787154,-0.0747229403262063,False,False,False,all
2026-10-05,GGLL,100.8499984741211,63,3,False,-0.009856284998254639,-0.04912472066677176,0.7041229799605278,-0.3408496831756791,False,False,False,all
2026-10-05,GPIQ,58.40999984741211,63,6,False,0.028946492769887255,0.06374453761811028,0.2241433440348457,-0.023733945181086846,False,False,False,all
2026-10-05,HBNC,19.239999771118164,63,5,False,-0.029155620405165172,0.04230997372094847,0.285237102733656,-0.08555138146789687,False,False,False,all
2026-10-05,HOG,26.190000534057617,63,6,False,-0.012339144153656334,0.12348948979620689,0.5324751492229647,-0.09314399947640373,False,False,False,all
2026-10-05,IRM,112.33000183105469,63,5,False,-0.05365830366520108,-0.0008672072247623008,0.4443873817637549,-0.16594885699563622,True,True,False,all
2026-10-05,KGS,53.560001373291016,63,3,False,-0.08771616879865851,-0.07770695221711255,0.6454685907429776,-0.3105046194274752,False,True,False,all
2026-10-05,LYB,59.220001220703125,63,3,False,-0.04937714957372963,-0.04662473175925008,0.4242423908811308,-0.29449607459755267,False,True,False,all
2026-10-05,MAC,22.8700008392334,63,6,False,-0.040655689226333225,0.049465327956065064,0.4266999288581599,-0.14280357655030695,False,True,False,all
2026-10-05,NWSA,28.950000762939453,63,6,False,-0.014810152020486411,0.08938203205704642,0.30405404360473764,-0.08559693927775469,False,False,False,all
2026-10-05,RMBS,110.30000305175781,63,4,False,0.17577334056318694,0.021642546763821935,0.4160996779570736,-0.36645606441750433,False,True,False,all
2026-10-05,VSGX,82.02999877929688,63,5,False,-0.0026941840994214594,0.04560615546568614,0.20845612991191476,-0.03675440051918588,False,False,False,all
2026-10-05,VT,160.11000061035156,63,6,False,0.0038320053504545815,0.05772813985192338,0.19797985725582,-0.01597938661564835,False,False,False,all
2026-10-05,DFAW,84.18000030517578,63,5,False,-0.003330988137178914,0.05100475868745935,0.2075742563583851,-0.025243171488751437,False,False,False,all
2026-10-05,CGGO,40.189998626708984,63,6,False,0.0011907323088273802,0.05428280723642409,0.2582967424767071,-0.0627332643283558,False,True,False,all
2026-10-05,BKR,57.380001068115234,63,4,False,-0.05350389844320891,-0.034269285117496495,0.3064663811549777,-0.18505896770754093,False,True,False,all
2026-10-05,VOLT,36.619998931884766,63,5,False,0.0022222646323397655,0.012121802736541287,0.30552584413268935,-0.1314041967641848,False,True,False,all
2026-10-05,FRPT,61.33000183105469,63,2,False,-0.07078288926798082,-0.03570733497147227,0.3203444741380366,-0.28686044382494547,False,True,False,all
2026-10-05,XPH,63.65999984741211,63,6,False,-0.07938463622752656,0.04274585993006785,0.3573560293443747,-0.1437794061344848,False,False,False,all
2026-10-05,V,369.7099914550781,63,6,False,0.002069103404439332,0.09514140414628414,0.25798759068877986,-0.04113394602242548,False,True,False,all
2026-10-05,VHT,314.510009765625,63,5,False,-0.006586918815314702,0.0743285647010774,0.19585555043963887,-0.04910049957482998,False,True,False,all
2026-10-05,WES,45.59000015258789,63,5,False,-0.03824652033387188,0.044261436389395614,0.23550130805860459,-0.08947472677335422,False,False,False,all
2026-10-05,EHC,120.97000122070312,63,7,False,0.0032626686283574458,0.11756514918581251,0.3039776393022471,-0.054848009690088295,False,False,False,all
2026-10-05,XPO,182.86000061035156,63,4,False,-0.04097087474144101,-0.051465980951059365,0.5052683203594481,-0.21198018441928057,False,False,False,all
2026-10-05,CGUS,45.290000915527344,63,6,False,0.00611356276141195,0.06362806662621345,0.21763681374164823,-0.03218224789808932,False,True,False,all
2026-10-05,URTH,208.5500030517578,63,6,False,0.003899117865563184,0.05920502907148095,0.19691228464716626,-0.01599508988675058,False,True,False,all
2026-10-05,POET,7.809999942779541,63,3,False,-0.011167105839595126,-0.06557710949415241,1.018087900188985,-0.624699656741396,True,True,False,all
2026-10-05,TAK,17.809999465942383,63,6,False,-0.012618113264464714,0.03658906389767025,0.3710546404735864,-0.06753931360016441,False,True,False,all
2026-10-05,UNP,277.05999755859375,63,5,False,-0.04446583724940134,0.04561575857577638,0.2854822954010394,-0.12320008189786713,False,True,False,all
2026-10-05,PSO,16.239999771118164,63,6,False,-0.0023834781080566136,0.1022985904674687,0.3510814602863688,-0.08507043542996262,False,True,False,all
2026-10-05,FHLC,81.29000091552734,63,5,False,-0.006463055388109096,0.07496453803175296,0.19949837600949882,-0.04879473687828495,False,False,False,all
2026-10-05,SCHD,32.720001220703125,63,5,False,-0.03883434864657387,0.030750875493171126,0.2431611550184576,-0.07335032715538214,False,False,False,all
2026-10-05,NOW,136.0800018310547,63,3,False,0.047289669029164205,0.176524614586824,0.6750369942062993,-0.29479805032650075,True,True,False,all
2026-10-05,ALGM,38.459999084472656,62,4,False,0.002938908445731414,-0.04637635937274198,0.7161980966686168,-0.4641214869251604,False,False,False,all
2026-10-05,ARGX,912.8699951171875,62,6,False,-0.04572436482584963,0.07203179710941798,0.37927027089337173,-0.1490375249431951,True,False,False,all
2026-10-05,AVES,66.37000274658203,62,6,False,0.016631935599599856,0.03821298896595682,0.19996386003765032,-0.03895156251242837,False,True,False,all
2026-10-05,DUHP,42.54999923706055,62,6,False,0.010247289265698845,0.062963388768978,0.19221072777564663,-0.008158561220731553,False,False,False,all
2026-10-05,EL,93.30000305175781,62,3,False,-0.007611470054054381,0.013490425725888988,0.40893991742465197,-0.2329825425854315,False,True,False,all
2026-10-05,EXLS,35.900001525878906,62,4,False,0.012305611613088185,0.08759045880244232,0.4446680472749207,-0.18185960227869913,False,False,False,all
2026-10-05,FMDE,41.33000183105469,62,5,False,-0.007013093322194575,0.05930972872740603,0.2039032807061445,-0.03816614715054467,False,False,False,all
2026-10-05,GLNG,49.7400016784668,62,4,False,-0.018737466498939148,0.02239551038451082,0.42033126865478976,-0.1392974408985972,False,False,False,all
2026-10-05,GRID,182.11000061035156,62,5,False,0.010164325481507364,0.02823307626527849,0.2592311351053871,-0.08940449218310398,False,True,False,all
2026-10-05,HOOD,114.11000061035156,62,3,False,0.07875039455216637,0.2100854665934293,0.7965835110902797,-0.2583517473177863,False,True,False,all
2026-10-05,HSIC,84.2300033569336,62,6,False,-0.03943303954221511,0.04895392124487419,0.359644912342322,-0.08624427122936129,False,True,False,all
2026-10-05,IYH,70.91000366210938,62,5,False,-0.004769084199110263,0.07519713491893754,0.19236593587665296,-0.04933627639705174,False,True,False,all
2026-10-05,IYM,181.66000366210938,62,5,False,-0.022955105282492783,0.012351821128134599,0.3061547402248246,-0.07955004509368002,False,False,False,all
2026-10-05,JMEE,75.38999938964844,62,5,False,-0.014290761863661627,0.04156879742952979,0.24119192140844592,-0.056799710974520745,False,False,False,all
2026-10-05,LAUR,38.5099983215332,62,7,False,0.03045055224530402,0.09477192407336199,0.5418184500647989,-0.05901040832128801,False,False,False,all
2026-10-05,MSA,183.1300048828125,62,3,False,-0.012879494247086565,0.03680892279292802,0.21189864431955696,-0.1234443495700085,False,True,False,all
2026-10-05,NATL,45.5,62,6,False,-0.016301293185671528,0.03952478730906828,0.36595611300344477,-0.061855670103092786,False,False,False,all
2026-10-05,RLY,36.5099983215332,62,5,False,-0.013547222543485615,0.023137551422843572,0.1939175412891394,-0.04872336358884477,False,False,False,all
2026-10-05,SNDA,36.720001220703125,62,5,False,-0.06172862033345394,0.015147069088204734,0.47174349089586975,-0.1727866247894999,False,True,False,all
2026-10-05,VRTX,503.5,62,5,False,-0.029354182420839203,0.06254821484603745,0.2564256432344705,-0.1012940651494868,True,True,False,all
2026-10-05,DHR,221.2100067138672,62,4,False,0.05646384640976576,0.09735160197604764,0.37457289990393217,-0.08892090636954508,False,False,False,all
2026-10-05,DBEF,55.209999084472656,62,5,False,-0.004780531806062971,0.05290758797875461,0.18935806252159226,-0.0286770067512222,False,False,False,all
2026-10-05,CVBF,22.1200008392334,62,5,False,-0.017604911518774524,0.059037044931371296,0.2323119720921436,-0.05510461412161505,False,False,False,all
2026-10-05,CZR,29.649999618530273,62,6,False,-0.0023083317369980705,0.09090974546822461,0.6601343004067586,-0.039831592476176514,True,False,False,all
2026-10-05,DFAX,37.45000076293945,62,5,False,-0.0050927253369598136,0.0361213751405034,0.2217003191483271,-0.033298938039137416,False,False,False,all
2026-10-05,ENVA,178.0,62,4,False,-0.20104492682642516,-0.02389430203848153,0.7278198971090726,-0.3344550687019173,False,True,False,all
2026-10-05,FFBC,31.510000228881836,62,6,False,-0.04114173974769497,0.035862343419263976,0.36643542752112257,-0.1307586143756735,False,False,False,all
2026-10-05,HFXI,37.5,62,5,False,-0.007826264888437184,0.03929792798808762,0.2175324976916746,-0.032258064516129004,False,False,False,all
2026-10-05,BVN,31.59000015258789,62,2,False,-0.055441591845179605,-0.06798762441113804,0.5042857215518044,-0.2928139367028375,False,True,False,all
2026-10-05,HRI,135.50999450683594,62,1,False,-0.09751936073802547,-0.040607659495363824,0.5320519975385822,-0.28054159747485885,False,True,False,all
2026-10-05,RWL,130.61000061035156,62,5,False,-0.01716147767949605,0.04909232089472737,0.20455593694319152,-0.03878425142099429,False,False,False,all
2026-10-05,DFSV,38.38999938964844,62,5,False,-0.03055557283621979,0.030595711753812926,0.26616094248186317,-0.06251529488634022,False,False,False,all
2026-10-05,XLV,167.3699951171875,62,5,False,-0.007459052772429531,0.06760677503756218,0.18660043598702836,-0.05226506606640702,False,True,False,all
2026-10-05,CGGR,48.33000183105469,62,6,False,0.032855656077854345,0.07316892764650196,0.2536965703644427,-0.0028040042361124895,False,False,False,all
2026-10-05,TCHP,52.619998931884766,62,6,False,0.040994844144691456,0.06842149499175987,0.24529635786924042,-0.012016511637584548,False,True,False,all
2026-10-05,SIL,86.1500015258789,62,2,False,-0.05217596329491381,-0.05669827426867746,0.3940129868839226,-0.27750752206231677,False,True,False,all
2026-10-05,SCHE,37.27000045776367,62,6,False,0.014442266362804101,0.054366209053271275,0.17348867094374776,-0.00982993990128811,False,False,False,all
2026-10-05,ZGN,12.539999961853027,62,5,False,-0.05860096775484003,0.03113551865751707,0.4513888268007198,-0.21379309643823863,False,True,False,all
2026-10-05,RDVY,79.55999755859375,62,5,False,-0.019455622829743446,0.05215058941078521,0.224470941546566,-0.05308259060541998,False,False,False,all
2026-10-05,ACWX,76.45999908447266,61,5,False,-0.004250766560081498,0.04042709896471908,0.19618274835339,-0.02944909533857354,False,False,False,all
2026-10-05,ADX,25.8700008392334,61,6,False,0.0007582423578389452,0.05937108516071721,0.23720712711698821,-0.02597886447978892,False,True,False,all
2026-10-05,AVUV,120.7300033569336,61,5,False,-0.030346516087946585,0.028052852277341556,0.28614040507556693,-0.06447113132951521,False,False,False,all
2026-10-05,BLKB,43.310001373291016,61,2,False,-0.02714816750703497,0.022473919117447894,0.6931196834427598,-0.3874982048641895,False,True,False,all
2026-10-05,BMY,58.810001373291016,61,5,False,-0.08738223727189143,-0.010250889765693438,0.383113846193597,-0.14321092808517533,False,False,False,all
2026-10-05,EBAY,107.13999938964844,61,6,False,-0.0012547287522820527,0.058967189734672854,0.3730616566160334,-0.10200317172053053,False,True,False,all
2026-10-05,FTLS,77.76000213623047,61,6,False,0.01964711896308069,0.06002106313861222,0.14453928969598318,-0.0017958970847253841,False,False,False,all
2026-10-05,GL,165.9199981689453,61,5,False,-0.04873840482803715,0.053354303710053896,0.29777082635265106,-0.1338032079064344,False,False,False,all
2026-10-05,GPN,82.18000030517578,61,6,False,-0.06672813633061037,0.07447520335629698,0.34368869375746236,-0.14288691427506073,False,True,False,all
2026-10-05,IWN,213.27000427246094,61,5,False,-0.03353421594506323,0.029866735330820182,0.2638222475405092,-0.06403052882826954,False,False,False,all
2026-10-05,IWS,163.9199981689453,61,5,False,-0.02462130360393966,0.041560751803019436,0.2256616676849461,-0.05532506839062601,False,False,False,all
2026-10-05,IXUS,96.0999984741211,61,5,False,-0.004770070754957612,0.036973878479700684,0.1861269125631988,-0.027623224793625,False,False,False,all
2026-10-05,LLYX,23.815000534057617,61,3,False,-0.07405965019401872,0.028238257026948155,0.6412818854857343,-0.23652742832446583,True,True,False,all
2026-10-05,M,22.510000228881836,61,4,False,-0.029130388345047775,0.043051970357099956,0.3717245848988664,-0.1534411395371491,False,True,False,all
2026-10-05,MCRI,118.16999816894531,61,6,False,-0.026643152749687427,0.06499611018158125,0.34086011405568595,-0.13065545106882248,False,False,False,all
2026-10-05,MDB,359.2300109863281,61,4,False,-0.08100449619051975,0.048672377394600064,0.6655694695165211,-0.24068905865173973,False,False,False,all
2026-10-05,PFBC,105.2300033569336,61,6,False,4.755057760741366e-05,0.07748737750293411,0.2911656853611484,-0.06262247145484445,False,False,False,all
2026-10-05,PWV,77.02999877929688,61,5,False,-0.0420465020851869,0.04182867081674657,0.21230717137860422,-0.07648968472244222,False,False,False,all
2026-10-05,QQA,58.040000915527344,61,6,False,0.033279299935993656,0.06290702605361687,0.20414937752768214,-0.008371738834596631,False,False,False,all
2026-10-05,SAP,207.74000549316406,61,3,False,0.001440439309590591,0.07471284971384429,0.43298616088786224,-0.26168387142117755,False,True,False,all
2026-10-05,TRIN,17.43000030517578,61,5,False,-0.029931303942750898,0.051926439071456665,0.23354565916544123,-0.07753374528159607,False,True,False,all
2026-10-05,VEA,71.12999725341797,61,5,False,-0.014019722928398592,0.03290464771428403,0.20805020317732925,-0.039303128391765085,False,False,False,all
2026-10-05,VEU,83.87999725341797,61,5,False,-0.0069941638204426,0.03841822347340851,0.19674706286255672,-0.03051317027368383,False,False,False,all
2026-10-05,BUFR,37.779998779296875,61,6,False,0.01261340366787067,0.05737886120494151,0.14380866410982995,-0.0015856599642987135,False,True,False,all
2026-10-05,CR,209.61000061035156,61,7,False,0.0028399678272434947,0.06318955314928032,0.31351045372378805,-0.09062906459717324,False,True,False,all
2026-10-05,JAVA,80.66999816894531,61,5,False,-0.017015508479377273,0.04392587097533163,0.2014834265029597,-0.040328330812589575,False,False,False,all
2026-10-05,EWBC,126.83999633789062,61,6,False,-0.021196628759353464,0.041261731280152425,0.36872773113311696,-0.07732599686055441,False,False,False,all
2026-10-05,CWI,40.849998474121094,61,5,False,-0.0036974492295188677,0.04117678512165335,0.1947938027177738,-0.0266857925662759,False,False,False,all
2026-10-05,SPDW,50.560001373291016,61,5,False,-0.012087058030319286,0.03322318171239402,0.20409619795797873,-0.035666582510016975,False,False,False,all
2026-10-05,SPEM,52.81999969482422,61,6,False,0.013061235479325806,0.04745473192431082,0.1665194593374153,-0.013447911998341278,False,False,False,all
2026-10-05,JPEF,82.45379638671875,61,6,False,0.013905546493159227,0.05790865660784239,0.18328689368281692,-0.008968757078051781,False,True,False,all
2026-10-05,VCEL,41.06999969482422,61,6,False,-0.02349601985333949,0.07228035353594753,0.41865280181271247,-0.1672749402077912,False,False,False,all
2026-10-05,CNOB,30.520000457763672,61,6,False,-0.04595781041080038,0.029781691088257345,0.31551721784929687,-0.10603394834805946,False,True,False,all
2026-10-05,RWJ,57.52000045776367,61,5,False,-0.0427341221426607,0.03478828735571571,0.2868008831322708,-0.08495068566239428,False,False,False,all
2026-10-05,CGGE,35.279998779296875,61,6,False,0.004058313106125144,0.054001091368028664,0.20040828553820855,-0.022064570063551114,False,True,False,all
2026-10-05,QDPL,46.790000915527344,61,6,False,0.013038098425793843,0.05945517832564673,0.19606345074286646,-0.007003353646812593,False,True,False,all
2026-10-05,SCHF,27.59000015258789,61,5,False,-0.013741123433451463,0.03606902848671334,0.2016551068264807,-0.03834089790845163,False,False,False,all
2026-10-05,VXUS,85.8499984741211,61,5,False,-0.006846239916277974,0.03773058731464918,0.19103768442377866,-0.03125709982634561,False,False,False,all
2026-10-05,VTWV,187.94000244140625,61,5,False,-0.035056088595430746,0.028774105269492978,0.2640571139335288,-0.06483554112629708,False,False,False,all
2026-10-05,ADUS,112.9800033569336,60,3,False,-0.03254641613312559,0.06948381999439235,0.2845936017874038,-0.09209256557085577,False,True,False,all
2026-10-05,AESI,12.720000267028809,60,4,False,0.03209894852508288,-0.0499450842878546,0.66448572845516,-0.3681072629242773,False,False,False,all
2026-10-05,AOSL,29.0,60,4,False,0.02852927078709966,-0.03758081147498782,0.7048794597168759,-0.46632315203225294,True,True,False,all
2026-10-05,BALI,34.77000045776367,60,6,False,0.006306431938339019,0.05202327441206678,0.16132263986474515,-0.017519043305384008,False,False,False,all
2026-10-05,BDYN,28.153900146484375,60,6,False,0.004344380563669592,0.052508234899395934,0.1975287057589028,-0.03941109789392505,False,False,False,all
2026-10-05,EDU,56.310001373291016,60,4,False,0.0038041677575026966,0.04025710410545691,0.27254240391618123,-0.13329228389567183,True,True,False,all
2026-10-05,FULT,22.690000534057617,60,6,False,-0.044221068236753536,0.027324406700226955,0.36686747064090697,-0.10067376354591762,False,False,False,all
2026-10-05,GDX,87.41999816894531,60,1,False,-0.04648886803763419,-0.04043573963907576,0.28313520759109667,-0.2539682715371694,False,True,False,all
2026-10-05,HL,17.010000228881836,60,2,False,-0.06998359186925918,-0.11286115625514104,0.46891194654153057,-0.5021948744398523,False,False,False,all
2026-10-05,HWC,73.18000030517578,60,6,False,-0.031087802888316918,0.041884677852985774,0.35393156962337824,-0.0867340220449806,False,False,False,all
2026-10-05,IBCP,35.90999984741211,60,5,False,-0.03116147720458351,0.02205195370299129,0.20382165401463004,-0.08486242835412638,False,False,False,all
2026-10-05,IDMO,61.58000183105469,60,5,False,-0.007046427433695102,0.03957231695036545,0.18105106543749616,-0.03600499684726144,False,False,False,all
2026-10-05,IJK,112.41999816894531,60,5,False,-0.0070202953507843,0.03476332111365266,0.23132523999166366,-0.05838010935870275,False,False,False,all
2026-10-05,IT,187.75999450683594,60,3,False,0.024914293989822145,0.08663818511056798,0.5111468370771504,-0.2829208786554457,False,True,False,all
2026-10-05,MAR,355.8900146484375,60,5,False,0.012418514067350506,0.01791239735947503,0.38608039068583966,-0.13404543983946526,False,True,False,all
2026-10-05,MDYG,107.1500015258789,60,5,False,-0.008314779201947009,0.033607948421657374,0.23033650283047136,-0.05951021470320195,False,False,False,all
2026-10-05,MSI,455.3699951171875,60,5,False,-0.014313539475948933,0.05546051117182316,0.2671694503540738,-0.07978177326337033,False,True,False,all
2026-10-05,NVCR,15.199999809265137,60,4,False,-0.08460205191419601,0.03220197306594996,0.5478615358080439,-0.2914083419004416,False,True,False,all
2026-10-05,R,235.94000244140625,60,5,False,-0.05010595551951336,0.017085573417763067,0.4964165991084346,-0.16995601603726918,False,True,False,all
2026-10-05,SPHQ,85.54000091552734,60,6,False,0.003639585116364197,0.044070297901315,0.19519353472504486,-0.05334218307068095,False,True,False,all
2026-10-05,USFD,94.62999725341797,60,5,False,-0.06630122251943715,0.02556485408796716,0.3542754526428331,-0.15069108949426469,False,False,False,all
2026-10-05,VELO,9.569999694824219,60,3,False,-0.19230284525805796,-0.3276437342455215,1.726495646959005,-0.69858268677719,True,False,False,all
2026-10-05,ZBIO,27.829999923706055,60,2,False,-0.10727747147548838,0.10302350250961223,1.0614814758300781,-0.3760089489721785,False,False,False,all
2026-10-05,DGRW,98.79000091552734,60,6,False,0.0021058643966718193,0.04735522290197336,0.1571980524445118,-0.017894378048458615,False,True,False,all
2026-10-05,COGT,30.8700008392334,60,1,False,-0.1388352432084733,-0.15021881899368517,1.2402032973463148,-0.29407726589574246,False,False,False,all
2026-10-05,CTRN,47.86000061035156,60,4,False,-0.2578740308083499,-0.08179786747652573,0.5574357736182585,-0.38570147143212474,False,True,False,all
2026-10-05,VTV,217.92999267578125,60,5,False,-0.02328995001038392,0.03889228355581675,0.1921120047383127,-0.046550353534989375,False,False,False,all
2026-10-05,MGV,161.94000244140625,60,5,False,-0.02322684448924628,0.04027017446199466,0.19724980791139934,-0.04651433152864426,False,False,False,all
2026-10-05,IVLU,42.7400016784668,60,5,False,-0.02684483056637965,0.022754778615533544,0.2318778514023947,-0.05211795223261306,False,False,False,all
2026-10-05,TMSL,41.689998626708984,60,5,False,-0.022286463991653016,0.033677549858019296,0.24522100348643727,-0.06879610899178756,False,False,False,all
2026-10-05,ESQ,118.0199966430664,60,5,False,-0.030746439059589736,0.04509990166413291,0.28143320953722384,-0.12457816633307817,True,True,False,all
2026-10-05,SII,115.76000213623047,60,3,False,-0.05260278222635806,-0.08160911641205604,0.469221992525924,-0.31757354946607286,False,True,False,all
2026-10-05,SCHA,33.2400016784668,60,5,False,-0.023151615243760637,0.02994243572222044,0.2562359345648204,-0.08176792878698003,False,False,False,all
2026-10-05,SMMD,87.0999984741211,60,5,False,-0.02834966673034056,0.030541154115912406,0.24535309456260035,-0.06765146455467508,False,False,False,all
2026-10-05,XYZ,76.2300033569336,60,6,False,-0.042875316630728966,0.0859972697191902,0.5812073180786586,-0.12298659729874484,False,True,False,all
2026-10-05,VWO,60.61000061035156,60,6,False,0.010426022242059796,0.04523158335522037,0.1611111058332202,-0.015112126931105196,False,False,False,all
2026-10-05,VBK,347.6000061035156,60,5,False,-0.0019352375480563566,0.04184746154504282,0.24023270321161405,-0.05296425999572463,False,False,False,all
2026-10-05,CPF,36.34000015258789,60,6,False,-0.039929832484265626,0.039562894839789475,0.3272462113388326,-0.11344233558111039,False,False,False,all
2026-10-05,VYMI,101.08000183105469,60,5,False,-0.028948979367303673,0.023379659332772418,0.22010984780810894,-0.057845395500601526,False,False,False,all
2026-10-05,ACIO,47.52000045776367,59,6,False,0.013298268018562043,0.05210954347153263,0.155361031454047,-0.004816744340027768,False,True,False,all
2026-10-05,AVIV,79.54000091552734,59,5,False,-0.028889133975631864,0.018914752363012433,0.19910151351462013,-0.052418410744630384,False,True,False,all
2026-10-05,EAGL,34.68000030517578,59,5,False,-0.004949420983407782,0.05306069471911834,0.1864523040810997,-0.04803733146692757,False,False,False,all
2026-10-05,EE,34.130001068115234,59,5,False,-0.07655424287127244,-0.039474934886810864,0.37123350361790863,-0.20949619753973892,False,True,False,all
2026-10-05,ELE,18.079999923706055,59,2,False,-0.09493202678265633,-0.03965793185280653,0.43720191044164225,-0.32937683465579004,False,False,False,all
2026-10-05,FLGT,22.450000762939453,59,3,False,0.11855155040599108,0.12336783796983508,0.6679049553725058,-0.27673968747503674,False,True,False,all
2026-10-05,GAP,23.299999237060547,59,2,False,0.10081163594875231,-0.008320774822026866,0.2865819134065857,-0.20640331223816188,False,True,False,all
2026-10-05,HCSG,21.190000534057617,59,5,False,-0.03605576454845649,0.004260668062315842,0.40052877553072164,-0.1770873579006751,False,False,False,all
2026-10-05,HDV,28.149999618530273,59,5,False,-0.02953791215821666,0.027408245530866404,0.19705726839231597,-0.06571522062352264,False,True,False,all
2026-10-05,HEFA,46.599998474121094,59,5,False,-0.007353282999977617,0.039466228185222496,0.17706487230399715,-0.029166698455810547,False,True,False,all
2026-10-05,IJS,130.91000366210938,59,5,False,-0.03311812265389236,0.02288544356288491,0.2511708601601146,-0.07274394068893897,False,False,False,all
2026-10-05,NTR,70.26000213623047,59,5,False,-0.03357584868558572,-0.001984351662556949,0.3249104988412759,-0.17689782528293385,False,True,False,all
2026-10-05,OPLN,35.31999969482422,59,6,False,-0.01407428879591488,0.05372599649521659,0.4523026372545975,-0.17669001308734555,True,True,False,all
2026-10-05,PFE,27.40999984741211,59,6,False,0.0008836675805501404,0.037909635021331045,0.1604571919355493,-0.06162270775343448,True,True,False,all
2026-10-05,PLOW,40.689998626708984,59,3,False,-0.0207733994225362,-0.04354022586154649,0.4267180215150528,-0.2601818431507458,False,True,False,all
2026-10-05,PRK,181.02000427246094,59,5,False,-0.07021702856271461,0.029203432359999004,0.21441035312847156,-0.1580464917559956,False,True,False,all
2026-10-05,PTRN,17.40999984741211,59,4,False,-0.15444391221893594,0.020432075604225775,0.9517936881728777,-0.4157718022435285,False,False,False,all
2026-10-05,RAAX,40.43000030517578,59,4,False,-0.010293623077295533,0.006485780312742495,0.19051829785417662,-0.054268998709338434,False,True,False,all
2026-10-05,RPV,116.43000030517578,59,5,False,-0.03166246507339243,0.0308790014758602,0.2145837634451564,-0.05671230643030689,False,False,False,all
2026-10-05,SCHM,34.77000045776367,59,5,False,-0.015883969959414768,0.03023444479550408,0.23079647638101486,-0.058233960395753126,False,False,False,all
2026-10-05,SKWD,55.189998626708984,59,6,False,-0.04805110236012211,0.09022827082889284,0.3593596231755458,-0.15984173275169222,False,True,False,all
2026-10-05,SSNC,79.08000183105469,59,2,False,-0.015075253116422105,0.058355452159134735,0.2879478805505242,-0.12064937659626185,False,True,False,all
2026-10-05,TRMK,45.540000915527344,59,5,False,-0.024801796007127175,0.02770912745080456,0.25350945830671545,-0.07061222621372765,False,True,False,all
2026-10-05,UHAL,61.099998474121094,59,6,False,-0.09928239920444959,0.052978950318681495,0.4564957655042434,-0.20078481473993093,False,True,False,all
2026-10-05,WCMI,19.235000610351562,59,5,False,-0.014565042304135134,0.03667018208551065,0.22515928942879948,-0.049654109295035886,False,False,False,all
2026-10-05,WRBY,26.649999618530273,59,7,False,0.03762710882419529,0.05696085505717963,0.7814170822576607,-0.14032259295063632,False,False,False,all
2026-10-05,BCH,39.41999816894531,59,3,False,-0.04686839423551126,-0.014594890134821403,0.32281876436832,-0.1571520679255901,False,False,False,all
2026-10-05,BHRB,69.27999877929688,59,5,False,-0.032399552438009516,0.03539748035488155,0.20654825824717382,-0.07737378934538597,False,False,False,all
2026-10-05,CBOE,277.4700012207031,59,2,False,-0.03502255287171274,-0.03401050789119098,0.22152766311387317,-0.25246509322751143,False,False,False,all
2026-10-05,SMLF,85.66000366210938,59,5,False,-0.017310930319039297,0.03793011367067467,0.22371433803013385,-0.05593207598064642,False,False,False,all
2026-10-05,LVHI,41.720001220703125,59,5,False,-0.020404304954771413,0.025702200911147388,0.20369305840658125,-0.03760086068725099,False,True,False,all
2026-10-05,TARS,74.45500183105469,59,4,False,0.023551822804944056,0.08657623755013089,0.381610738065002,-0.18655082678865254,False,False,False,all
2026-10-05,CGIC,36.36000061035156,59,5,False,-0.006595361362569108,0.029389134436387243,0.20107025233668008,-0.029856705847747023,False,False,False,all
2026-10-05,OKE,88.58000183105469,59,5,False,-0.03827151803860074,0.020150235352890844,0.38363021674179065,-0.11286927206100394,False,True,False,all
2026-10-05,VIOO,129.3800048828125,59,5,False,-0.03149544698695317,0.029641834436593406,0.24093614264230667,-0.07387252892534546,False,False,False,all
2026-10-05,CHT,46.150001525878906,59,6,False,0.05055410489636247,0.0671322467772173,0.17489824236458418,-0.007099785275547443,False,False,False,all
2026-10-05,TT,470.760009765625,59,6,False,0.03642048635416173,0.05062079030038058,0.35252546419493513,-0.06940515486282017,False,False,False,all
2026-10-05,VVX,70.87000274658203,59,5,False,-0.09340936941297429,-0.02238968015966647,0.3926389363434528,-0.2459033814095578,False,True,False,all
2026-10-05,DFIV,55.720001220703125,59,5,False,-0.03193635308113807,0.016960001696350924,0.23643632350360644,-0.058942710990258274,False,False,False,all
2026-10-05,AOA,98.06999969482422,58,5,False,-0.0027151573356380965,0.03599246944207768,0.14167634403683782,-0.01959411285005752,False,False,False,all
2026-10-05,AUPH,15.720000267028809,58,5,False,-0.017530687350631236,0.010552318020596196,0.44193722720296824,-0.1833766095049969,False,True,False,all
2026-10-05,AWR,81.76000213623047,58,5,False,-0.056629875346214886,0.033308291758672004,0.1772499025041332,-0.10859135359697836,False,False,False,all
2026-10-05,BITO,11.4399995803833,58,3,False,0.1401235384425481,0.12937455799694453,0.45362131470610656,-0.4527886967743584,False,True,False,all
2026-10-05,DUOT,9.1899995803833,58,2,False,0.012884198832940452,-0.018969483058430492,0.48946506754394403,-0.3985602263753242,True,True,False,all
2026-10-05,EIG,48.790000915527344,58,6,False,-0.006131455802201646,0.07947256255994639,0.3655192146826878,-0.07225706837868406,False,False,False,all
2026-10-05,EQWL,130.0500030517578,58,5,False,-0.01943928906364356,0.03910197649994718,0.15795571078976156,-0.04424196331611019,False,False,False,all
2026-10-05,ETSY,70.88999938964844,58,6,False,-0.093329860681447,0.07792979813415357,0.6111363497647373,-0.194193737052213,False,False,False,all
2026-10-05,FEGE,50.650001525878906,58,5,False,-0.0244700773826515,0.020151288559778324,0.1674542695727126,-0.053713216591128154,False,False,False,all
2026-10-05,FEOE,54.04999923706055,58,5,False,-0.02469921551839993,0.017058720020148632,0.18791207114418795,-0.06332315644390929,False,True,False,all
2026-10-05,FSMD,50.22999954223633,58,5,False,-0.016521200807167236,0.03190788255979582,0.20000949618803698,-0.06077038197117568,False,False,False,all
2026-10-05,GDXJ,112.80999755859375,58,1,False,-0.05233377502073089,-0.05736332012084855,0.2914710879132483,-0.2837005929021297,False,True,False,all
2026-10-05,HTH,38.150001525878906,58,5,False,-0.016367196223669223,0.016703020529470036,0.23944121750559333,-0.05592670947950862,False,False,False,all
2026-10-05,HTLD,11.670000076293945,58,3,False,-0.04716024798254581,-0.04426908766546911,0.6671428680419922,-0.29867785430606897,False,True,False,all
2026-10-05,HTO,58.439998626708984,58,5,False,-0.0687416731036925,0.006317010496426745,0.3357713971819196,-0.12893125925386817,False,False,False,all
2026-10-05,IJR,139.02000427246094,58,5,False,-0.034324449949746594,0.023823707637878888,0.24125003814697266,-0.07744374530409226,False,False,False,all
2026-10-05,IWM,283.3800048828125,58,5,False,-0.030917079281795545,0.02492917929119609,0.2380079180385022,-0.07143321422164373,False,False,False,all
2026-10-05,IWR,109.16999816894531,58,5,False,-0.015011681714896863,0.04012090673105018,0.19129200017516634,-0.05044796894995063,False,False,False,all
2026-10-05,JGRO,98.54000091552734,58,6,False,0.04029864626839941,0.06060713235481385,0.2141448554607699,-0.011932241064378957,False,False,False,all
2026-10-05,MUSA,511.67999267578125,58,5,False,-0.05603119292941916,0.011953145911416385,0.4626533239456352,-0.19553493829744295,True,True,False,all
2026-10-05,PDM,8.960000038146973,58,6,False,-0.05409398562976564,0.05058891494420159,0.41772148651565666,-0.11549852547642525,False,False,False,all
2026-10-05,SCHV,33.619998931884766,58,5,False,-0.023043649142172384,0.02785005485044678,0.188405720886067,-0.05269097374308207,False,False,False,all
2026-10-05,SFLR,39.709999084472656,58,6,False,0.020432265830280016,0.05412383514365593,0.14487523460359752,-0.010219338442859938,False,False,False,all
2026-10-05,SKY,85.76000213623047,58,4,False,-0.019977529379754055,0.03103135176232885,0.34652227956347015,-0.1352223079592042,False,True,False,all
2026-10-05,TDAQ,27.889999389648438,58,6,False,0.03556335306821112,0.05468356030506971,0.2285802003081534,-0.054896673218181924,False,False,False,all
2026-10-05,BUD,74.81999969482422,58,4,False,-0.058422602554476843,-0.01954232666786826,0.28028749919629603,-0.1360277019267746,False,True,False,all
2026-10-05,BUFD,30.56999969482422,58,6,False,0.010535073997829603,0.04634123568986115,0.11650842336871348,-0.0022845853857251797,False,False,False,all
2026-10-05,CDNS,353.4800109863281,58,5,False,0.10760309717410088,0.08474837422046977,0.34530927111828014,-0.15169548365626206,False,False,False,all
2026-10-05,DFAT,67.98999786376953,58,5,False,-0.03451001945641752,0.020091983752373865,0.23360239124029536,-0.06619969587205832,False,False,False,all
2026-10-05,SLVR,54.41999816894531,58,2,False,-0.06695053209174817,-0.09814541104512953,0.41829553515372386,-0.36647267517742343,False,True,False,all
2026-10-05,PBA,46.11000061035156,58,4,False,-0.03669378179223881,0.017486617813886607,0.27375689609260156,-0.1060488760473407,False,False,False,all
2026-10-05,SLYV,104.36000061035156,58,5,False,-0.03395057276436231,0.02062123014927164,0.244010029438968,-0.07153025628452703,False,False,False,all
2026-10-05,VTWO,114.43000030517578,58,5,False,-0.03210963217334484,0.023914303707561313,0.2364127123926918,-0.07246496103084454,False,False,False,all
2026-10-05,DLN,98.16000366210938,58,5,False,-0.015390995496739057,0.036893962446193695,0.15089697043535844,-0.036040440959965614,False,False,False,all
2026-10-05,C,128.5500030517578,58,5,False,-0.03965967538574133,0.0205860110865701,0.3725175958301117,-0.13118412260987156,False,True,False,all
2026-10-05,TCBK,52.27000045776367,58,4,False,-0.04633842208890959,0.012864765114731114,0.29253220160204085,-0.15297356614423052,False,False,False,all
2026-10-05,DFIS,36.15999984741211,58,5,False,-0.019735420258707337,0.016031432082057817,0.19300562469633298,-0.049671469843489136,False,False,False,all
2026-10-05,VXF,237.16000366210938,58,5,False,-0.013164722282677399,0.04285852961607084,0.2106177184846021,-0.054197393172046415,False,False,False,all
2026-10-05,MGTX,10.920000076293945,58,5,False,-0.1507100743776809,0.08009733272572084,0.6495468678352874,-0.28859936124324836,False,False,False,all
2026-10-05,ADP,260.260009765625,57,4,False,-0.04157962637930124,0.09367811033264517,0.38318454878960395,-0.11328404106746115,False,True,False,all
2026-10-05,AFRM,74.75,57,7,False,0.018467299869843856,0.11917700353706495,0.7757452864316945,-0.173485205858673,False,True,False,all
2026-10-05,BBCA,100.95999908447266,57,5,False,-0.03475679476078486,0.01565686075078143,0.18958402046874712,-0.06570422574987789,False,False,False,all
2026-10-05,FOXF,19.229999542236328,57,3,False,-0.03136115377861792,0.05342731074063711,0.4701834598166992,-0.2608110707898733,False,False,False,all
2026-10-05,GPIX,56.220001220703125,57,6,False,0.005886479684595658,0.04082394381804888,0.16013211479231937,-0.009077278295727575,False,False,False,all
2026-10-05,GSEW,94.75,57,5,False,-0.016140078138860203,0.038150300607324494,0.1709095667820002,-0.04696284189597355,False,False,False,all
2026-10-05,IMTM,53.15999984741211,57,5,False,-0.0012970419581624926,0.02991001101900581,0.15628062233292694,-0.029785369669592,False,False,False,all
2026-10-05,JGLO,73.30999755859375,57,6,False,0.0035454318792804695,0.04507690703498102,0.1605192288043047,-0.021097634449614877,False,False,False,all
2026-10-05,KOID,36.849998474121094,57,5,False,0.004366299905869786,0.014751442270725779,0.32840658897509845,-0.14935367650697717,False,True,False,all
2026-10-05,KRP,14.789999961853027,57,5,False,-0.0033424062638545138,0.031129082325598967,0.30769225580225634,-0.06392406434742326,False,True,False,all
2026-10-05,MCY,101.91000366210938,57,6,False,-0.017736799830158523,0.04393204895452807,0.37178627549066534,-0.0986201498076793,False,False,False,all
2026-10-05,MYRG,302.6499938964844,57,3,False,-0.014663032499118711,-0.08200170246002725,0.5917218621436535,-0.39899122367383955,False,True,False,all
2026-10-05,NGNE,26.469999313354492,57,4,False,-0.2348605429203997,-0.028914313061255803,0.661644620606453,-0.39372424631551006,False,False,False,all
2026-10-05,NWS,32.0,57,5,False,-0.030907977939241826,0.05997118210045671,0.2553942835361691,-0.10514537186846251,False,True,False,all
2026-10-05,OVL,57.369998931884766,57,6,False,0.004587779316858942,0.03973811156282436,0.18484099755046324,-0.02614158749815365,False,False,False,all
2026-10-05,PATH,13.15999984741211,57,2,False,-0.10098236794155735,0.039198952974706325,0.43043479567890164,-0.3366935611794567,False,True,False,all
2026-10-05,PYPL,54.40999984741211,57,2,False,-0.03652220117000038,0.0834280375287384,0.41471661837295515,-0.313135108719479,True,True,False,all
2026-10-05,VMI,476.8500061035156,57,3,False,-0.0056393905001608235,0.004498401614654313,0.26144124639469624,-0.18585991665722723,True,False,False,all
2026-10-05,CP,85.80000305175781,57,4,False,-0.05122916775142927,0.01318741407158841,0.25401937076784353,-0.11455106604055765,False,False,False,all
2026-10-05,CCEP,101.47000122070312,57,5,False,-0.04026043273877111,0.026633083085828346,0.19855890422217493,-0.1073282057250462,False,True,False,all
2026-10-05,CQP,63.2599983215332,57,4,False,-0.04630677007577377,0.014056665437146343,0.27720573148843597,-0.11214037443462166,False,False,False,all
2026-10-05,CTO,20.290000915527344,57,5,False,-0.048445295732961524,0.011722866142162447,0.34638363148049245,-0.10656091001782209,False,True,False,all
2026-10-05,CORN,18.899999618530273,57,5,False,-0.009174333906512455,0.041709702556602,0.15455092544853866,-0.07488990033239962,False,True,False,all
2026-10-05,SOBO,33.939998626708984,57,5,False,-0.06203713331719474,0.0056161818376636585,0.356785906649026,-0.13016741201163762,False,False,False,all
2026-10-05,UNFI,44.529998779296875,57,4,False,-0.043788624309508584,0.0012917812627828429,0.44063406661663507,-0.2190459764678272,False,False,False,all
2026-10-05,VOE,199.52999877929688,57,5,False,-0.027495095641042355,0.026890176552124112,0.1823299672554477,-0.05467384348547255,False,False,False,all
2026-10-05,EWC,58.779998779296875,57,5,False,-0.03144270822890505,0.01781608995322892,0.19205023610352856,-0.06266943649420131,False,False,False,all
2026-10-05,WTV,103.44999694824219,57,5,False,-0.0310295644904659,0.026628806221475454,0.17717342036237538,-0.05731730488400144,False,False,False,all
2026-10-05,INTF,41.58000183105469,57,5,False,-0.02174138801045078,0.019065114515763426,0.17490823815093992,-0.043918136898067894,False,False,False,all
2026-10-05,CTAS,195.39999389648438,57,3,False,-0.030145911769557943,0.03867934665697392,0.21245960198761904,-0.10845464466417543,False,False,False,all
2026-10-05,PHVS,30.489999771118164,57,4,False,-0.12769324150516614,0.0003190534327626171,0.4765133333832108,-0.2950289070261696,False,True,False,all
2026-10-05,UNH,378.5799865722656,57,6,False,-0.036440587688838955,0.06171432040281433,0.47900138597040276,-0.17988824016135008,False,True,False,all
2026-10-05,CURB,27.860000610351562,57,4,False,-0.05459331101646714,0.002030339764631517,0.252134858892205,-0.13343703614054692,False,True,False,all
2026-10-05,ICVT,113.79000091552734,57,5,False,-0.006822792319047588,0.02532080872384923,0.20527482789618778,-0.10090073395548427,False,False,False,all
2026-10-05,SPSM,54.04999923706055,57,5,False,-0.034642161296050245,0.022657380408670713,0.23797525025104393,-0.07764504019688523,False,False,False,all
2026-10-05,UBS,48.18000030517578,57,6,False,-0.08095878769720999,0.024426343735641343,0.3274556477702071,-0.13941234652291212,False,False,False,all
2026-10-05,MTDR,53.0099983215332,57,4,False,-0.027596405346873465,-0.0009028169843925404,0.42730207842458956,-0.20691201038437812,False,True,False,all
2026-10-05,WSBC,37.75,57,5,False,-0.06627816869266268,0.026742915970306314,0.2766317345146123,-0.12250117158733342,False,False,False,all
2026-10-05,DFAS,79.06999969482422,57,5,False,-0.026466520667278726,0.02511180159627391,0.21590037181420274,-0.06448174591461342,False,False,False,all
2026-10-05,ACN,195.0500030517578,56,2,False,0.07730411797058978,-0.002452807956316194,0.6508675457700706,-0.3299323044226219,False,False,False,all
2026-10-05,ASAN,9.140000343322754,56,3,False,0.00048166837243623917,0.09143454824758823,0.6988847860410445,-0.40956068387568323,False,False,False,all
2026-10-05,AVDE,90.36000061035156,56,5,False,-0.023681862699505785,0.013288484123326949,0.17049668251091865,-0.04703648068790389,False,False,False,all
2026-10-05,EFV,78.55999755859375,56,5,False,-0.0328672777735004,0.014350130956565232,0.17922537255710802,-0.05610964327746604,False,False,False,all
2026-10-05,EWP,58.56999969482422,56,5,False,-0.04846539744922973,0.016478506100132684,0.21313175591752165,-0.07676543249221379,False,False,False,all
2026-10-05,FDS,276.44000244140625,56,3,False,-0.023350683613313827,0.11017138866578913,0.4942702834670607,-0.13741889364451076,False,True,False,all
2026-10-05,FNDA,35.849998474121094,56,4,False,-0.028897449959476074,0.016221228372895302,0.2231320070741747,-0.07100289369351165,False,False,False,all
2026-10-05,FTQI,22.3799991607666,56,6,False,0.013586918512980217,0.04786314779307177,0.1638065363242307,-0.007538806299139611,False,False,False,all
2026-10-05,IJT,163.99000549316406,56,5,False,-0.03458512071305864,0.025347670564742852,0.2331930422765316,-0.08732183783493674,False,False,False,all
2026-10-05,IMKTA,86.51000213623047,56,4,False,0.01599093263602236,0.01887170431304397,0.2890776538435391,-0.09527295909513245,False,True,False,all
2026-10-05,JEPQ,61.189998626708984,56,6,False,0.023333109105747818,0.03760928737486724,0.143524585050963,-0.008587209713410648,False,False,False,all
2026-10-05,JHMM,73.12000274658203,56,5,False,-0.01776667122672082,0.0219466609161747,0.18030672875027376,-0.05590696413524432,False,False,False,all
2026-10-05,LAND,9.680000305175781,56,3,False,0.07786702034168091,0.001482085478717421,0.2222222489807606,-0.2553845919095553,True,True,False,all
2026-10-05,QYLD,18.65999984741211,56,6,False,0.02349204650356551,0.04269692807874104,0.122406005859375,0.0,False,True,False,all
2026-10-05,VZ,45.849998474121094,56,4,False,-0.050866159800288746,-0.01270247349679865,0.1943214171158385,-0.11280963228769192,False,True,False,all
2026-10-05,CWB,101.95999908447266,56,5,False,-0.0076093701741852815,0.023660854438332324,0.19433051193798678,-0.0898053727911482,False,True,False,all
2026-10-05,CLSK,12.479999542236328,56,3,False,-0.03223558951647232,-0.007769725256739468,0.559999942779541,-0.4714104523671804,False,True,False,all
2026-10-05,ARKX,32.90999984741211,56,6,False,0.01207975697985697,0.013188221726426974,0.3075089291878066,-0.1314330858394489,False,True,False,all
2026-10-05,CALY,14.279999732971191,56,4,False,-0.10748885791676266,-0.06737986456026568,0.7020261202177469,-0.29585802517380333,False,False,False,all
2026-10-05,XMHQ,114.2300033569336,56,5,False,-0.017357718864970062,0.038583454535467965,0.17170997907453223,-0.04800395540781277,False,False,False,all
2026-10-05,HFWA,27.8799991607666,56,5,False,-0.03570122131849607,0.015076844771701792,0.3076922870470271,-0.10784002685546878,False,False,False,all
2026-10-05,VO,80.26000213623047,56,5,False,-0.01537416805378411,0.03456851622898793,0.1557764382138498,-0.051188017367493455,False,False,False,all
2026-10-05,NWG,17.5,56,3,False,-0.05871469213935776,0.02398164947171244,0.27180230442642106,-0.09886715081107,False,False,False,all
2026-10-05,DFIC,37.709999084472656,56,5,False,-0.02501960390684288,0.011323257224916672,0.17366940027570776,-0.048448194092715724,False,False,False,all
2026-10-05,SPYV,61.7400016784668,56,5,False,-0.01681319991999286,0.028276806411400512,0.13806454706851246,-0.03921569209445874,False,False,False,all
2026-10-05,UDOW,64.13999938964844,56,5,False,-0.08999849640632362,0.008477873918795842,0.38681079761402026,-0.19076460180500732,False,False,False,all
2026-10-05,VB,290.95001220703125,56,5,False,-0.021591198891490415,0.024226454389747687,0.20641047566461346,-0.05996574253817577,False,False,False,all
2026-10-05,MFSI,32.97999954223633,56,5,False,-0.010650067720076928,0.03443267025960095,0.1523409704805485,-0.029143410152821514,False,False,False,all
2026-10-05,SCHC,49.779998779296875,56,5,False,-0.01165055749272148,0.014195240917676655,0.14568464684024995,-0.04489639678707624,False,False,False,all
2026-10-05,GNW,9.59000015258789,56,5,False,-0.032661528147067576,0.05352200782121641,0.22321428136992383,-0.10289985696668924,False,False,False,all
2026-10-05,AXTA,32.68000030517578,56,4,False,-0.06689355845417688,0.015850130809751395,0.31050246401874837,-0.1535871590632898,False,False,False,all
2026-10-05,IVE,230.50999450683594,56,5,False,-0.01662914692767614,0.028576198930621466,0.13860211401123168,-0.039261444823509906,False,False,False,all
2026-10-05,CNNE,15.59000015258789,56,4,False,0.0202879655541226,0.10001765093195858,0.49043977970670416,-0.17990531484044647,False,False,False,all
2026-10-05,DBA,28.459999084472656,56,6,False,0.0042413554678313314,0.04822340188877239,0.12047242172830575,-0.03590790504246888,False,True,False,all
2026-10-05,VOOV,222.6199951171875,56,5,False,-0.016804700376361725,0.028149629025579603,0.13848830296024728,-0.039022741958112395,False,False,False,all
2026-10-05,LSTR,171.22000122070312,56,3,False,-0.03167609859358722,-0.023014110842558333,0.42671442523883263,-0.25054715841295505,False,True,False,all
2026-10-05,SLYG,109.43000030517578,56,5,False,-0.034898177616231485,0.02477755783196578,0.234126565523052,-0.08686579064441646,False,False,False,all
2026-10-05,ICLR,168.3300018310547,56,4,False,0.005762246576413554,0.15003468587302438,1.528616533013778,-0.1744887508805738,False,False,False,all
2026-10-05,SIRI,26.309999465942383,56,5,False,-0.07762533524305804,0.02627711918600184,0.3308041910343231,-0.19442744675863444,False,False,False,all
2026-10-05,AEG,8.489999771118164,55,5,False,-0.06979294795428426,0.02939034066523516,0.2577777438693576,-0.11654525760371703,False,False,False,all
2026-10-05,AMLP,52.970001220703125,55,4,False,-0.030943198520029136,0.01146469111545323,0.1866039862219695,-0.06131488686444864,False,False,False,all
2026-10-05,ARCO,8.100000381469727,55,4,False,0.02703255177800168,-0.011001040953080743,0.23287673817844867,-0.16923073010566902,False,False,False,all
2026-10-05,BLCO,17.170000076293945,55,4,False,0.0036827047611502906,0.031903678460082796,0.24736648369376302,-0.0922548641169203,False,True,False,all
2026-10-05,EBC,21.239999771118164,55,5,False,-0.04684121375450634,0.02088634419400459,0.2783629289023304,-0.106624600971027,True,True,False,all
2026-10-05,EUSA,113.30999755859375,55,5,False,-0.02138429691401733,0.02976838219063538,0.1498883347456823,-0.05377872602426936,False,False,False,all
2026-10-05,FENI,40.060001373291016,55,5,False,-0.022020378548197495,0.014734067142612162,0.16589058968823833,-0.048116852922274855,False,False,False,all
2026-10-05,HAL,32.779998779296875,55,4,False,-0.03490024626728694,-0.07552209492381468,0.527493018534879,-0.24799268950333409,False,True,False,all
2026-10-05,HCI,185.91000366210938,55,4,False,0.014772656272899365,0.09731169443347021,0.2843523569057642,-0.11681708474057306,False,False,False,all
2026-10-05,HIW,29.489999771118164,55,6,False,-0.05281618685886469,0.08578991467475272,0.44205372473929017,-0.16788936473340232,False,False,False,all
2026-10-05,HXL,85.9000015258789,55,5,False,-0.09300737861242836,-0.044825361756874016,0.4123643860062203,-0.23125109031587843,False,False,False,all
2026-10-05,INFL,50.81999969482422,55,4,False,-0.04280807127368047,-0.009738068456206506,0.2036948892816226,-0.0970149112100046,False,False,False,all
2026-10-05,IQLT,49.70000076293945,55,5,False,-0.02189613073486707,0.01937637128324665,0.1509958409375498,-0.050802135531034076,False,False,False,all
2026-10-05,IWO,363.79998779296875,55,5,False,-0.02954425645265657,0.018685623379589122,0.21412351491108095,-0.08291112568004677,False,False,False,all
2026-10-05,JIRE,82.30999755859375,55,5,False,-0.020091076864767743,0.02340486823642962,0.14558106202660714,-0.04368539734590671,False,False,False,all
2026-10-05,LAMR,143.92999267578125,55,4,False,-0.049598177826456924,0.009721138377955851,0.2575796986772383,-0.13467209107606248,False,True,False,all
2026-10-05,LPLA,331.9800109863281,55,2,False,-0.041890908045537745,0.014626821974674353,0.27611000874528346,-0.17038182739860142,False,False,False,all
2026-10-05,MLPA,54.34000015258789,55,4,False,-0.031386361922586925,0.01037991738375088,0.17137315946405107,-0.06310344564503634,False,False,False,all
2026-10-05,SCZ,84.33999633789062,55,5,False,-0.015467269738042133,0.014935781632267275,0.14810777823325205,-0.039954492853684576,False,True,False,all
2026-10-05,VSS,155.9600067138672,55,5,False,-0.008774546140277617,0.01126656179593466,0.14147698997474256,-0.04266157259843373,False,False,False,all
2026-10-05,CMRE,15.390000343322754,55,3,False,0.019772611577221877,-0.03649605415553492,0.4197417091040001,-0.14784048735188082,False,True,False,all
2026-10-05,CNS,73.0199966430664,55,4,False,-0.07685309750727742,0.021315117495046776,0.25055655773840657,-0.15642330519200764,False,False,False,all
2026-10-05,WRLD,176.27999877929688,55,6,False,-0.046156552495969394,0.09513639341702929,0.6025454434481534,-0.22575542669521476,False,True,False,all
2026-10-05,ARKQ,125.83999633789062,55,5,False,0.025406151532985755,0.009616765109810244,0.2795119297434763,-0.1286284343924161,False,True,False,all
2026-10-05,CENTA,34.2599983215332,55,5,False,-0.0643792787375449,-0.00396413585257549,0.31921444849310276,-0.16029414308387424,False,True,False,all
2026-10-05,RSP,211.1199951171875,55,5,False,-0.025383802904084263,0.02566840607365628,0.15929929388615327,-0.05513787678842097,False,False,False,all
2026-10-05,CTA,28.829999923706055,55,4,False,0.02111508375352167,0.0022541128299788937,0.13548643626435508,-0.1199633272033458,False,False,False,all
2026-10-05,DIVI,42.619998931884766,55,5,False,-0.02814771023088236,0.011120641764369,0.15972786209210255,-0.05056806613116438,False,False,False,all
2026-10-05,MOAT,107.76000213623047,55,3,False,-0.02422590492246801,0.02854854277009533,0.1455299509494894,-0.06765876077986954,False,True,False,all
2026-10-05,QDVO,30.34000015258789,55,6,False,0.019873075273438623,0.03916210085470273,0.17825243311020933,-0.02034224006246399,False,True,False,all
2026-10-05,RDW,10.430000305175781,55,3,False,-0.06275831991266523,-0.058043630561592785,1.141683891226294,-0.6084834630578637,True,True,False,all
2026-10-05,IUSV,111.41999816894531,55,5,False,-0.018011077448703006,0.026612010395956176,0.1375191591667002,-0.04105348284906363,False,False,False,all
2026-10-05,DFAI,41.529998779296875,55,5,False,-0.024998384287437947,0.012085655390704053,0.16412052326420046,-0.04725857687726376,False,False,False,all
2026-10-05,DDM,62.029998779296875,55,5,False,-0.05969848249689225,0.015488510882778916,0.2592367213334126,-0.12940352590460524,False,True,False,all
2026-10-05,CDP,33.36000061035156,55,4,False,-0.07169330970288301,0.007030515812238791,0.23281601140969488,-0.142416470391184,False,False,False,all
2026-10-05,RDNT,70.56999969482422,55,3,False,-0.028294705206443616,0.07779538104531203,0.3886265273238765,-0.1778890644747858,False,True,False,all
2026-10-05,HELO,69.68000030517578,55,6,False,0.005698194839914628,0.033265196865853275,0.10183425768158694,-0.007831454157313678,False,False,False,all
2026-10-05,GFS,48.560001373291016,55,4,False,0.011072693347950135,-0.10582015253576305,0.516552176110822,-0.47531064535855017,False,True,False,all
2026-10-05,IVOO,124.73999786376953,55,5,False,-0.02106508786346728,0.016262709461112745,0.1847278637963603,-0.06309149439978146,False,False,False,all
2026-10-05,AGCO,116.19000244140625,54,3,False,0.02332359385398397,-0.0022811031890027644,0.18295663813243102,-0.19189036425185557,True,True,False,all
2026-10-05,APPF,204.25,54,3,False,-0.014466239147481574,0.10045230186898202,0.4327301030995807,-0.22930341684731137,False,True,False,all
2026-10-05,ASB,29.020000457763672,54,5,False,-0.04773778906516657,0.022068525632665592,0.21626151363858148,-0.10597654724995109,False,False,False,all
2026-10-05,B,40.0,54,2,False,-0.05775047259981425,-0.06414359777294243,0.3179571498266638,-0.2686048454119877,False,True,False,all
2026-10-05,EPD,36.79999923706055,54,4,False,-0.0353006748875937,-0.0012525270279986067,0.22625787925332852,-0.08389343005970185,False,False,False,all
2026-10-05,EQBK,47.540000915527344,54,5,False,-0.04593325517529856,0.008633019653459417,0.231606290020969,-0.09049166827649757,False,False,False,all
2026-10-05,ESGD,103.1500015258789,54,5,False,-0.02276099132220033,0.01576510110526952,0.14003092063296663,-0.04490739327889903,False,False,False,all
2026-10-05,EUFN,39.15999984741211,54,5,False,-0.05984260184206669,0.015839414348584935,0.18991188176779872,-0.09078244427946858,False,False,False,all
2026-10-05,EXPO,68.75,54,4,False,0.015431604649935204,0.03433853512630258,0.32440763248099724,-0.1610737942623599,False,False,False,all
2026-10-05,FCNCA,2091.070068359375,54,3,False,-0.033520293487762864,0.01459850607191604,0.28779502868850804,-0.0893742002807888,False,False,False,all
2026-10-05,FOX,56.70000076293945,54,2,False,-0.015163346399396316,0.00017023511335967356,0.28629760452945097,-0.1683168577213946,False,True,False,all
2026-10-05,FOXA,63.33000183105469,54,3,False,-0.017841052132698376,0.0034120753954114402,0.31009519303165134,-0.1709647553729854,False,True,False,all
2026-10-05,GDE,64.37999725341797,54,2,False,-0.02744841595694525,-0.02812377042914538,0.14943758583665034,-0.1839270154454381,False,True,False,all
2026-10-05,ICFI,82.86000061035156,54,4,False,-0.041994527934111625,0.053227664350383286,0.4084650353794843,-0.15474852961182628,False,True,False,all
2026-10-05,IDEV,89.6500015258789,54,5,False,-0.022474874176740656,0.014775669715008322,0.14788736590801577,-0.04485402788297388,False,False,False,all
2026-10-05,IDVO,42.150001525878906,54,5,False,-0.012547520709873305,0.005684000435739911,0.16759011932077672,-0.03817630615488232,False,False,False,all
2026-10-05,IEFA,97.12000274658203,54,5,False,-0.02168172482301256,0.014363209244218744,0.14218515983595226,-0.04258674675525109,False,False,False,all
2026-10-05,MAT,16.049999237060547,54,2,False,0.11577654060551135,0.011622582953735083,0.2943548170014294,-0.28603204786970027,False,False,False,all
2026-10-05,MDY,672.27001953125,54,5,False,-0.020591624166130473,0.016049352787670168,0.18313650505024248,-0.06284234695605284,False,False,False,all
2026-10-05,MMM,163.19000244140625,54,2,False,-0.05771610073579314,0.015930303192645656,0.17116410743747168,-0.11741477648307763,False,False,False,all
2026-10-05,MPLX,57.369998931884766,54,5,False,-0.02323333836628705,0.009782748118510431,0.20020920183204427,-0.05873669870782838,False,False,False,all
2026-10-05,NICE,115.83000183105469,54,5,False,0.10609245607172468,0.10423448574629357,0.3938628635128836,-0.1790928644887657,False,False,False,all
2026-10-05,ONB,24.860000610351562,54,5,False,-0.04052486889414775,0.017384781998895704,0.28210424924630706,-0.09137426696745521,False,False,False,all
2026-10-05,PKG,229.30999755859375,54,5,False,-0.0542201538969741,0.011950010572067793,0.1974412405148498,-0.11797065978794519,True,True,False,all
2026-10-05,QQQI,56.43000030517578,54,6,False,0.033546775439793786,0.042111041292958395,0.17881766376204067,-0.024377590658582027,False,True,False,all
2026-10-05,REGN,726.469970703125,54,3,False,-0.07605932837783957,-0.012873770101005877,0.34282804196511085,-0.15461872134427057,False,False,False,all
2026-10-05,SPMD,64.55000305175781,54,5,False,-0.021438859699008828,0.015424909241051665,0.18375214554864772,-0.06408580673793773,False,False,False,all
2026-10-05,ULTA,542.719970703125,54,2,False,0.012720918736516262,-0.022895711187190693,0.22344446175791832,-0.2409192092789627,True,True,False,all
2026-10-05,DGRO,76.05999755859375,54,5,False,-0.02865756648051221,0.023024063511847936,0.1364959893953417,-0.05609337515203405,False,False,False,all
2026-10-05,CNR,91.01000213623047,54,2,False,-0.013540091353802741,-0.00011863092917130391,0.21752511219037407,-0.207229967622924,False,True,False,all
2026-10-05,DAPP,19.110000610351562,54,6,False,0.002192167581166693,0.025096388459251218,0.39692983801479587,-0.3048380949632049,False,False,False,all
2026-10-05,PRU,113.4800033569336,54,3,False,-0.054125208141819536,0.044078967612191766,0.23495488204037684,-0.11149387509919051,False,True,False,all
2026-10-05,CPA,135.50999450683594,54,4,False,0.014287259550554321,0.025043598247943777,0.2612620199886724,-0.15554313282230448,False,False,False,all
2026-10-05,MOO,82.23999786376953,54,4,False,-0.019212675417546676,0.007529489417582358,0.18638197094380526,-0.07905940589829918,False,True,False,all
2026-10-05,MGRC,116.56999969482422,54,6,False,0.011046305332819362,0.029268863312519766,0.22718183299681494,-0.07359136931956323,False,False,False,all
2026-10-05,STVN,20.049999237060547,54,4,False,-0.048762243872764066,0.09939514969092511,0.5554692554718819,-0.28367276166435007,False,True,False,all
2026-10-05,IJH,73.68000030517578,54,5,False,-0.021027705532721153,0.016417464045181518,0.18418513114171153,-0.06390546103168682,False,False,False,all
2026-10-05,NRGV,3.869999885559082,54,3,False,0.031669835449918526,-0.06091896946116171,0.5479999542236329,-0.4176072390267356,False,True,False,all
2026-10-05,DLR,179.8699951171875,54,4,False,-0.04210746070868798,-0.007364905829328805,0.23004855619586895,-0.13582206378091743,False,True,False,all
2026-10-05,AVGO,362.510009765625,53,1,False,-0.02769162464116237,-0.013855265576954268,0.2502069956150714,-0.26765654592803034,True,True,False,all
2026-10-05,BANR,67.4000015258789,53,5,False,-0.04336914153987348,0.024453135175275698,0.1814198497323527,-0.09941201464550231,False,True,False,all
2026-10-05,BBAX,61.599998474121094,53,4,False,-0.03524491356563764,0.0016105179753740373,0.1441307262173217,-0.06382985384260587,False,False,False,all
2026-10-05,BEKE,16.5,53,1,False,-0.030050792721310948,-0.015307492670848744,0.19478635037275138,-0.1700200856867775,False,False,False,all
2026-10-05,BG,107.31999969482422,53,4,False,-0.05429270078402937,-0.07663213909114941,0.35659207264348547,-0.20427075272320805,False,False,False,all
2026-10-05,BSAC,32.70000076293945,53,2,False,-0.056298817757267194,-0.02030982202767906,0.2562427929445248,-0.13308590390523045,False,False,False,all
2026-10-05,EFA,104.02999877929688,53,5,False,-0.023139295432473617,0.013552836332105134,0.1405547617970173,-0.044632203486021704,False,False,False,all
2026-10-05,EG,366.80999755859375,53,5,False,-0.0183043234365583,0.05257795979228508,0.2128355858932991,-0.08542152028319017,False,True,False,all
2026-10-05,ENR,21.200000762939453,53,4,False,-0.017390305374955894,0.04800302478011376,0.34603179447234633,-0.16370806927339654,False,True,False,all
2026-10-05,ESE,271.9200134277344,53,4,False,-0.044686646251896556,-0.03910622909031347,0.40396542601551144,-0.2491508545891099,True,False,False,all
2026-10-05,FDVV,61.02000045776367,53,5,False,-0.02829133034933251,0.020765784071374416,0.13483354915897516,-0.05446661509077244,False,True,False,all
2026-10-05,FMX,116.91999816894531,53,4,False,-0.030679683299449922,0.0044405868788603975,0.28667321046540994,-0.17353504516804297,False,False,False,all
2026-10-05,HTB,46.529998779296875,53,4,False,-0.031065080355428987,0.014557664308521012,0.21488249885583977,-0.11371430896577384,False,True,False,all
2026-10-05,IXJ,101.47000122070312,53,3,False,-0.016010308176799604,0.03400435530349033,0.12444596213185788,-0.057758390562646755,False,True,False,all
2026-10-05,KFY,71.70999908447266,53,4,False,-0.10948681151788175,0.017033273876394528,0.21645459128738676,-0.18055082466072037,False,False,False,all
2026-10-05,MA,564.5900268554688,53,3,False,-0.01157311477607037,0.06093977413814078,0.21542676355925683,-0.0609416609343314,False,False,False,all
2026-10-05,MLPX,71.76000213623047,53,4,False,-0.03076272199957153,0.0037866096846663755,0.24453698102899302,-0.08422662611936249,False,True,False,all
2026-10-05,NSC,316.2300109863281,53,5,False,-0.04335932251679764,0.01508654061600545,0.1383370226135483,-0.11815391633026551,False,True,False,all
2026-10-05,PAVE,54.11000061035156,53,4,False,-0.023419161983642356,-0.0052097234778311075,0.19080110575853926,-0.10458381040721121,True,False,False,all
2026-10-05,PEN,317.1099853515625,53,3,False,-0.013919169400680387,-0.029883346676110367,0.4332007286647801,-0.1249966001291235,True,False,False,all
2026-10-05,PFS,22.3799991607666,53,4,False,-0.05312328622397278,-0.001870970103481251,0.2651214519569731,-0.12200865587591714,False,False,False,all
2026-10-05,PLAB,31.06999969482422,53,4,False,0.029271444890812903,-0.13384554335017484,0.549625978907482,-0.445178576878139,False,True,False,all
2026-10-05,QGRO,118.69000244140625,53,6,False,0.010800396968295267,0.0414701705391356,0.17456703470472168,-0.019171966398384255,False,True,False,all
2026-10-05,SSB,101.12999725341797,53,3,False,-0.04380371006362971,0.014842277832545658,0.19708798810219097,-0.09866310156791547,False,True,False,all
2026-10-05,UGI,36.779998779296875,53,2,False,-0.004789377884422907,0.003519652273300977,0.1631877863096407,-0.11030482236235695,False,True,False,all
2026-10-05,UHAL.B,53.7599983215332,53,6,False,-0.09999801682131215,0.027374649677863516,0.3568904535802264,-0.1964125994715077,False,True,False,all
2026-10-05,CMC,65.51000213623047,53,2,False,-0.036716781042292146,-0.06195920574138214,0.23417482811584156,-0.22811358529302328,False,True,False,all
2026-10-05,GSIE,45.88999938964844,53,5,False,-0.03109000712605181,0.008132710930950804,0.145817734427915,-0.05361934829490744,False,False,False,all
2026-10-05,BSBR,5.78000020980835,53,2,False,0.009677568637666889,-0.0174245267281663,0.17004051474860216,-0.21038250351618537,False,True,False,all
2026-10-05,KURA,10.619999885559082,53,6,False,-0.049893994351997595,0.08296069041578003,0.4433270143875474,-0.2359712102868392,False,True,False,all
2026-10-05,VIG,236.14999389648438,53,5,False,-0.018807019086093946,0.02401810978506358,0.12447026367022529,-0.04566580396491726,False,False,False,all
2026-10-05,CART,45.66999816894531,53,6,False,-0.03684742447564382,0.0722211117968019,0.3953559061316394,-0.13306761760860775,False,True,False,all
2026-10-05,VYM,157.02999877929688,53,4,False,-0.03298791003872881,0.008202106216835814,0.14270121431847826,-0.06312273606901508,False,False,False,all
2026-10-05,NWE,68.76000213623047,53,3,False,-0.017059897414181235,-0.009818974639217881,0.2069510384922164,-0.08539502717324843,False,False,False,all
2026-10-05,VOT,300.04998779296875,53,6,False,0.000986108001565178,0.04341677649922526,0.2087579783158362,-0.0479137121877129,False,False,False,all
2026-10-05,XSMO,83.5,53,4,False,-0.01990933636235004,0.008628912490024954,0.21737869161938939,-0.10866780819826005,False,True,False,all
2026-10-05,VBR,234.8800048828125,53,4,False,-0.036834656938975474,0.00973627258126486,0.18172676280052058,-0.06738138101822444,False,False,False,all
2026-10-05,MCB,88.54000091552734,53,5,False,-0.028105246162698605,-0.008194093991610085,0.36931636097960197,-0.13232655301166807,False,True,False,all
2026-10-05,FFSM,34.560001373291016,53,4,False,-0.045567488879973084,-0.0067719340196295,0.22422961153733123,-0.10187105549839348,False,False,False,all
2026-10-05,ACDC,4.75,52,4,False,0.0008217250203701454,-0.13934073728586216,0.5422078304094544,-0.42214113799330455,False,True,False,all
2026-10-05,AHR,50.470001220703125,52,4,False,-0.0702532414192435,-0.010969067342196603,0.26175003051757817,-0.14020441968090025,False,True,False,all
2026-10-05,AMZU,34.61000061035156,52,3,False,-0.06320458065086254,-0.019813985958578417,0.41035042050273796,-0.26580396566675313,False,True,False,all
2026-10-05,AOR,68.80999755859375,52,5,False,-0.008361444879270818,0.01681937929619748,0.09291611434543112,-0.02383317287684683,False,False,False,all
2026-10-05,BALT,34.9900016784668,52,6,False,0.007483472083567699,0.026766253309292054,0.0703580039271896,-0.004548998923959213,False,False,False,all
2026-10-05,BHC,5.889999866485596,52,2,False,-0.03682629152332939,0.020249064938982597,0.36027712939180256,-0.26375001668930054,False,True,False,all
2026-10-05,DSGX,80.66999816894531,52,3,False,0.03339343517334625,0.08001796692929997,0.2894820396117521,-0.179766147223967,False,True,False,all
2026-10-05,EPP,55.0,52,4,False,-0.031028238067792868,0.004268137494727764,0.12405476511272662,-0.06079237175214136,False,True,False,all
2026-10-05,ESLT,709.3699951171875,52,3,False,-0.05734668923788344,-0.08428988523149972,0.5659381790666391,-0.3018424140093363,True,False,False,all
2026-10-05,EXPE,260.1700134277344,52,5,False,-0.12702477620794705,0.0008355906424968307,0.40374456980900253,-0.23926896658557195,False,False,False,all
2026-10-05,FSUN,39.45000076293945,52,4,False,-0.006529937321795631,0.04255102987478132,0.31719531746241003,-0.06825695274523502,False,True,False,all
2026-10-05,HASI,36.310001373291016,52,4,False,-0.0597112766190141,-0.038712249302643276,0.3310117470439069,-0.17720370508838068,False,False,False,all
2026-10-05,HLF,12.5,52,3,False,0.022645458154169074,-0.11068424002880961,0.6534391659537762,-0.3872548905027593,True,True,False,all
2026-10-05,HLT,316.1199951171875,52,3,False,-0.004136947073983155,-0.00040444479062473615,0.24682497234442202,-0.11698325386260477,False,True,False,all
2026-10-05,IXG,127.0199966430664,52,5,False,-0.04278314914645431,0.023102745628777788,0.15483224938680107,-0.07284673983163203,False,True,False,all
2026-10-05,LYV,170.6699981689453,52,6,False,-0.03634635883136339,0.04093348886399717,0.3616563200532925,-0.09817702420636554,True,True,False,all
2026-10-05,NU,15.180000305175781,52,4,False,0.06345716778274291,0.032902522433731596,0.355357193186576,-0.20021071278765745,False,False,False,all
2026-10-05,OPRA,17.709999084472656,52,5,False,-0.05577893930866318,0.056972621043701155,0.5123824958821386,-0.1477382820370079,True,True,False,all
2026-10-05,PWRD,108.28690338134766,52,4,False,0.004866125987071257,0.011299950768478118,0.19548356361616115,-0.12126186455017374,False,False,False,all
2026-10-05,TEL,218.92999267578125,52,3,False,0.04458309378128078,0.021517007124295606,0.1506279905385406,-0.1331564982891258,False,True,False,all
2026-10-05,TREX,44.209999084472656,52,6,False,-0.028676158848890743,0.049196642294734305,0.4850520122495732,-0.18581952659957535,True,True,False,all
2026-10-05,TTEK,33.33000183105469,52,3,False,-0.053877546208092375,0.00917131059562859,0.29136003567281477,-0.2273991121322938,False,True,False,all
2026-10-05,DIA,512.1099853515625,52,5,False,-0.027463714360786318,0.018385943200040833,0.13691053764297578,-0.06335622249371287,False,True,False,all
2026-10-05,CGIE,36.810001373291016,52,5,False,-0.016003212903891395,0.017375991861346973,0.13191884548400035,-0.04711363304430316,False,False,False,all
2026-10-05,DD,130.69000244140625,52,4,False,-0.034342195987451696,-0.05082572337016544,0.4130885535108566,-0.17274334741215358,True,True,False,all
2026-10-05,CUBI,75.02999877929688,52,4,False,-0.05025078240459313,-0.008884134645109731,0.2644084696050464,-0.11080823392350081,False,False,False,all
2026-10-05,XME,107.76000213623047,52,2,False,-0.038826875144827744,-0.05500374093383409,0.25843752881738147,-0.20577824326883587,False,True,False,all
2026-10-05,CGCV,32.47999954223633,52,5,False,-0.016764669242349206,0.019873544027886103,0.10985819988518752,-0.04386227921471819,False,False,False,all
2026-10-05,NDAQ,92.19000244140625,52,3,False,-0.0288040155574828,0.0169514220132978,0.20431089178499118,-0.09431180261102323,False,False,False,all
2026-10-05,HRB,42.0,52,5,False,-0.10774982802297328,0.08248120197984132,0.49147728080899755,-0.28413156109094495,False,True,False,all
2026-10-05,CGMM,31.649999618530273,52,5,False,-0.0212662143758362,0.011127987934521633,0.18119050301968986,-0.06471632754676981,False,False,False,all
2026-10-05,SILJ,27.110000610351562,52,2,False,-0.07392223146065668,-0.10190152280459841,0.3250245270502321,-0.3403892550647766,False,True,False,all
2026-10-05,RDVI,28.25,52,5,False,-0.025801602657740896,0.018169366958654898,0.1404925102108987,-0.06099382218095961,False,False,False,all
2026-10-05,CHD,95.66000366210938,52,4,False,-0.027881061148420483,-0.004118409291985592,0.17619576427432193,-0.09788756284231637,True,True,False,all
2026-10-05,XYLD,41.849998474121094,52,4,False,0.00881291399880113,0.02795366814931577,0.09497637722344354,0.0,False,False,False,all
2026-10-05,JPM,332.3800048828125,52,5,False,-0.05525605210191975,0.032713105626700045,0.19089931069200983,-0.09309684888727832,False,False,False,all
2026-10-05,UUP,28.989999771118164,52,6,False,0.02538889215668294,0.044291419643558205,0.09810606780349951,-0.002274946475805506,False,False,False,all
2026-10-05,DIHP,33.88999938964844,52,4,False,-0.026197021688646904,0.0026836136659604826,0.1281623953656763,-0.05533102746624563,False,False,False,all
2026-10-05,RKLB,73.0199966430664,52,4,False,0.043998890233788446,-0.10406671084996322,0.94357192537124,-0.516423863290951,False,False,False,all
2026-10-05,ACIW,51.220001220703125,51,6,False,-0.028934765995290213,0.09783885584886676,0.34612358075463634,-0.16142764104074536,False,True,False,all
2026-10-05,AI,11.09000015258789,51,3,False,0.07782919685918555,0.08292322561766996,0.4449511240371773,-0.4515331093377736,False,True,False,all
2026-10-05,AMBP,4.440000057220459,51,3,False,-0.09150432842314127,-0.0014281264018021211,0.3495441059882922,-0.18829977559013833,False,True,False,all
2026-10-05,APG,40.65999984741211,51,2,False,0.01754298123452469,-0.029164468986105252,0.2130071387870378,-0.186637357827367,False,True,False,all
2026-10-05,ARGT,89.52999877929688,51,3,False,-0.034275519673190646,-0.03285674364392688,0.32460428510345674,-0.13888623902921404,False,False,False,all
2026-10-05,ARWR,62.349998474121094,51,4,False,-0.2240160680273665,-0.13970425794633545,0.8015023800800722,-0.3470520487070018,False,False,False,all
2026-10-05,BJ,93.80000305175781,51,3,False,-0.0003644415625708719,0.002468262200712612,0.12724132723888837,-0.113253884153795,False,False,False,all
2026-10-05,BLOK,61.970001220703125,51,6,False,-0.0016689706073119703,0.03295730745196224,0.32132194465939956,-0.18342335328630965,False,False,False,all
2026-10-05,EXI,191.97999572753906,51,4,False,-0.028796181661884357,-0.003860208048968028,0.15859987485398475,-0.0760864241273781,False,False,False,all
2026-10-05,FDL,49.11000061035156,51,4,False,-0.05281915521154368,-0.01435416930711697,0.16650837031596377,-0.08649549584005689,False,False,False,all
2026-10-05,GCOW,44.470001220703125,51,4,False,-0.04349379550838528,-0.018281850598364735,0.1396719810098077,-0.0746404903565322,False,False,False,all
2026-10-05,HMY,17.299999237060547,51,2,False,-0.10046696104106279,-0.05589076678003346,0.327705264128634,-0.336147367935683,False,True,False,all
2026-10-05,INDB,79.70999908447266,51,4,False,-0.037404884855278486,-0.005727897661179426,0.2586451410046513,-0.08902858189174112,False,False,False,all
2026-10-05,LNC,40.90999984741211,51,3,False,-0.055785079137090965,0.0384553362856781,0.2712864965645201,-0.1418082353931579,False,True,False,all
2026-10-05,NXPI,241.97000122070312,51,4,False,0.04253375761678835,-0.01543897194809507,0.32224044382897876,-0.2882188776821041,False,True,False,all
2026-10-05,PEY,22.849300384521484,51,4,False,-0.0603409382428135,0.011523483433682591,0.16637571243219362,-0.10359746607721687,False,False,False,all
2026-10-05,PPH,107.61000061035156,51,5,False,-0.03891324420291864,0.005522860398290197,0.1877483711116088,-0.08805084228515625,False,False,False,all
2026-10-05,SCHL,37.40999984741211,51,4,False,-0.025278662431856613,-0.02126351842434948,0.4181198270487352,-0.22175993166398733,False,False,False,all
2026-10-05,SPGP,120.62000274658203,51,5,False,-0.03133269717467024,0.018564634215779696,0.16137109606910616,-0.06957726539288023,False,True,False,all
2026-10-05,SPHR,110.80000305175781,51,4,False,-0.24925431405443255,-0.14187817566800676,0.9435187916837322,-0.3899686171167266,False,False,False,all
2026-10-05,TDC,29.90999984741211,51,3,False,0.04192066803459671,0.004508695882701641,0.4712247889649608,-0.28410721107456505,False,True,False,all
2026-10-05,TDY,619.6400146484375,51,3,False,-0.021263845638691437,-0.007080638549684104,0.28284549033621587,-0.11184366559133907,True,True,False,all
2026-10-05,TOWN,35.84000015258789,51,5,False,-0.037914329102512245,0.008865576961656796,0.12315889451483342,-0.08173196839557917,False,True,False,all
2026-10-05,USMV,98.9800033569336,51,5,False,-0.00754813340761884,0.027796117214228255,0.08745338395344304,-0.03160156302192696,False,False,False,all
2026-10-05,COLD,14.050000190734863,51,6,False,-0.036258611716175726,0.027196971346795662,0.3910890752550984,-0.1676539757542982,False,True,False,all
2026-10-05,CSWC,23.56999969482422,51,5,False,-0.028265644644767662,0.01025685972458601,0.21683008124005032,-0.08466020602624391,False,True,False,all
2026-10-05,BCPC,166.0399932861328,51,4,False,-0.034654564033491986,-0.012053649699766855,0.19307318725813793,-0.09711800545466465,False,False,False,all
2026-10-05,OGC,26.639999389648438,51,2,False,-0.06009203897910176,-0.12802403344304547,0.3201188794241887,-0.3851835157192285,False,True,False,all
2026-10-05,MH,12.59000015258789,51,2,False,0.00017478397497860954,-0.020938225217036255,0.407490283076561,-0.30055554707845056,False,False,False,all
2026-10-05,DIVO,46.9900016784668,51,5,False,-0.015437833662721556,0.014863387974090259,0.07903925131442291,-0.04170486744792434,False,True,False,all
2026-10-05,ICOW,41.97999954223633,51,4,False,-0.0485407523493544,-0.02288527887401781,0.1736091418786887,-0.0889757405794035,False,True,False,all
2026-10-05,VIK,81.02999877929688,51,4,False,-0.11373272920355548,-0.03553742394435522,0.4374667432087458,-0.2639658327301798,True,False,False,all
2026-10-05,WWW,18.940000534057617,51,3,False,-0.03549420076757559,0.05514147385242518,0.40608761385239167,-0.3169851840347282,True,True,False,all
2026-10-05,VALE,14.149999618530273,51,4,False,-0.025414996940182677,-0.07680767076840611,0.3211951044006236,-0.21125979948174123,False,False,False,all
2026-10-05,CTSH,58.16999816894531,51,1,False,-0.016301986944301405,-0.04397834224292507,0.5687700996882812,-0.33160980139203355,False,True,False,all
2026-10-05,DLO,14.520000457763672,51,4,False,-0.0063437658191111135,0.07404198610818802,0.36466165312446197,-0.134684155923812,False,True,False,all
2026-10-05,SPYI,53.869998931884766,51,6,False,0.0067860231283887185,0.023139320736003555,0.12769517303049782,-0.011015279518486798,False,True,False,all
2026-10-05,HESM,38.40999984741211,51,4,False,-0.03129319384036244,0.0056921980988531296,0.21435348929933973,-0.07311773358370666,False,False,False,all
2026-10-05,TSPY,25.790000915527344,51,4,False,0.011498729618438563,0.024236598558216693,0.13787777956184089,-0.03299584395385147,False,False,False,all
2026-10-05,ACWV,124.22000122070312,50,5,False,-0.011814937831424954,0.016994261978301672,0.06207252217048187,-0.03293106911667354,False,False,False,all
2026-10-05,AES,14.899999618530273,50,4,False,0.007696343058676058,0.01416079184891883,0.12793335166563446,-0.15580736880656054,False,False,False,all
2026-10-05,ALLE,153.6699981689453,50,2,False,-0.029209026676447314,0.0227566021747454,0.22935998535156243,-0.16077768741890308,True,True,False,all
2026-10-05,ASO,51.97999954223633,50,3,False,0.08472679372558178,-0.008354970761086822,0.25890042115956824,-0.16758748024231773,False,True,False,all
2026-10-05,BLK,1066.449951171875,50,3,False,-0.039114296430098006,0.005274331755040107,0.1624826236860233,-0.1258176612017834,False,True,False,all
2026-10-05,EFAV,91.0,50,4,False,-0.02480635714742696,0.0003979599703667347,0.08968982962724681,-0.045521255554798024,False,False,False,all
2026-10-05,EFG,120.9800033569336,50,5,False,-0.015721736755254456,0.008233911773674274,0.1288607392361607,-0.05069051287442339,False,False,False,all
2026-10-05,EXK,8.600000381469727,50,2,False,-0.12052846855472155,-0.1347739991098018,0.3030303796570284,-0.4323431948505866,False,True,False,all
2026-10-05,GHC,1155.3599853515625,50,5,False,-0.005552384502752861,0.022837611540270863,0.24264323397045984,-0.08475461821490038,False,True,False,all
2026-10-05,HUBB,480.6499938964844,50,4,False,0.017496307620805007,-0.015069563765863325,0.19025799905595164,-0.15004403598430682,False,True,False,all
2026-10-05,IDV,41.75,50,4,False,-0.05444580365149276,-0.029250372282118353,0.16295259680989305,-0.08221590548406532,False,False,False,all
2026-10-05,JCAP,19.670000076293945,50,1,False,-0.059701988057064725,-0.026525565249634675,0.2690322629867061,-0.19517186389241614,False,True,False,all
2026-10-05,KOLD,27.260000228881836,50,3,False,-0.06328817617612048,0.03892541084467949,1.0282738898794221,-0.44895897399991236,False,False,False,all
2026-10-05,KRE,70.38999938964844,50,4,False,-0.051815414647635616,-0.0031206532567930045,0.22311034444496225,-0.10159539552641894,False,False,False,all
2026-10-05,LWLG,5.550000190734863,50,3,False,-0.06725820909284597,-0.23975203911981902,0.9542254783335851,-0.7033671586151609,True,False,False,all
2026-10-05,MS,190.19000244140625,50,4,False,-0.08980140229809241,-0.019366706474103657,0.25256853943920743,-0.18109794427812165,False,False,False,all
2026-10-05,RNST,39.63999938964844,50,4,False,-0.04579878560165951,-0.00537086283959054,0.19975781753139676,-0.11001350303454283,False,False,False,all
2026-10-05,USB,57.27000045776367,50,4,False,-0.07624263744347148,-0.007192515545038192,0.27210128554957613,-0.13332326163996422,False,False,False,all
2026-10-05,USDU,27.079999923706055,50,5,False,0.021755697801937313,0.032988494763985576,0.07716788310092104,-0.006238534909869586,False,False,False,all
2026-10-05,UTHR,536.4000244140625,50,5,False,0.04916364320749911,0.02070140716739588,0.31126705651858044,-0.11971765667460299,False,False,False,all
2026-10-05,WMB,70.80999755859375,50,3,False,-0.017147562166416774,-0.005862232142803014,0.2601886330165417,-0.11575929146477704,False,True,False,all
2026-10-05,CVCO,576.27001953125,50,3,False,0.017934128457636422,0.03265554632847034,0.2998376512189238,-0.19177850010734498,False,False,False,all
2026-10-05,CGBL,37.119998931884766,50,5,False,-0.01680858184561629,0.0093566435654997,0.10230140379729757,-0.04033095555798827,False,False,False,all
2026-10-05,SBCF,32.4900016784668,50,3,False,-0.04686743502779411,0.0010399130665681433,0.13680901907622256,-0.1042183273115388,False,True,False,all
2026-10-05,J,138.6699981689453,50,4,False,-0.032305796563323774,0.04157354706128813,0.31216879039083256,-0.17673951461035375,False,True,False,all
2026-10-05,KMI,31.40999984741211,50,3,False,-0.001100356110673495,-0.0023884329891538103,0.22695310075650954,-0.09767312242876425,False,True,False,all
2026-10-05,CFG,64.30999755859375,50,5,False,-0.07685730354132236,-0.01331136148341372,0.34104879789511133,-0.14628971199517427,False,False,False,all
2026-10-05,CME,270.0299987792969,50,1,False,-0.0028692148745207424,-0.03008608644592714,0.23691082313727585,-0.17963909413341383,False,True,False,all
2026-10-05,ZWS,47.9900016784668,50,1,False,-0.010466463137803084,-0.006295771227503688,0.11449141077440217,-0.12745451493696736,True,True,False,all
2026-10-05,QCLN,50.15999984741211,50,3,False,0.008066948667920126,-0.04306402835420886,0.2593521853243632,-0.27514447890902305,False,True,False,all
2026-10-05,UCB,33.810001373291016,50,4,False,-0.03822080183352705,-0.0003045135154204903,0.18010477568814176,-0.09064009962946751,False,False,False,all
2026-10-05,CACC,531.3499755859375,50,5,False,-0.08012053267863994,0.002079269725350219,0.3220950078511198,-0.20558863256462823,False,False,False,all
2026-10-05,SMDV,72.80999755859375,50,4,False,-0.042801186597897556,-0.0019591035610646568,0.14013243589993252,-0.08484163156275626,False,False,False,all
2026-10-05,DLB,59.36000061035156,50,1,False,-0.015683392938433904,-0.005373586211506853,0.230004199645105,-0.18640349019707492,False,True,False,all
2026-10-05,OTTR,88.41999816894531,50,4,False,-0.021883200137769454,0.002093810855565037,0.1924476918329674,-0.07014405748049768,False,True,False,all
2026-10-05,SDVY,41.439998626708984,50,4,False,-0.03829643339196542,-0.00637359981639285,0.1383051783063225,-0.08133637275567618,False,False,False,all
2026-10-05,CLDX,32.59000015258789,50,4,False,-0.14763513542703066,0.006964404967564786,0.47466061493436684,-0.2780239124225272,False,False,False,all
2026-10-05,EWA,28.43000030517578,50,4,False,-0.033992051308103344,-0.0075749541613545635,0.13993583385663055,-0.06725719382704876,False,False,False,all
2026-10-05,COCO,55.31999969482422,50,3,False,-0.08495131935839828,-0.09871050973443074,0.45311269078747096,-0.3554701326499501,False,True,False,all
2026-10-05,AMP,494.94000244140625,49,3,False,-0.0881623630272278,0.003604697897717557,0.17181619945347681,-0.135566570225235,False,False,False,all
2026-10-05,BHVN,12.970000267028809,49,5,False,-0.07833772749051693,0.07628604475429501,0.7339572505289036,-0.30141116677321833,False,True,False,all
2026-10-05,BIP,36.16999816894531,49,4,False,-0.044229221293941356,-0.028771714587893515,0.08912975507598264,-0.17870123939546234,False,False,False,all
2026-10-05,BKH,70.4800033569336,49,2,False,-0.023673927875138,-0.029505842894942957,0.17918693018478593,-0.10433344554266533,False,False,False,all
2026-10-05,BOXX,118.45999908447266,49,6,False,0.0037086163687987117,0.015181003804368709,0.039943773822182616,-0.00016884091740509977,False,False,False,all
2026-10-05,BRC,85.41000366210938,49,4,False,-0.05520534344528827,-0.015224146860922105,0.2102877147719977,-0.13979249799007065,False,False,False,all
2026-10-05,BRZE,26.610000610351562,49,2,False,-0.03447022458811455,0.09778815302373634,0.7437745878920861,-0.2871111836026575,False,True,False,all
2026-10-05,ESTA,66.47000122070312,49,3,False,-0.11078349344341332,-0.09204468502077034,0.7318915938208268,-0.31888509360569306,False,True,False,all
2026-10-05,FCOM,72.80000305175781,49,4,False,0.021748687061928562,0.012318907824101055,0.1155378588524647,-0.04134842360679669,False,False,False,all
2026-10-05,GRPN,19.709999084472656,49,5,False,-0.07540323377972102,0.11823120235443407,1.149400100380201,-0.3408026977947669,False,True,False,all
2026-10-05,IWP,142.11000061035156,49,6,False,0.012594920190025727,0.02996397949555507,0.1559297038250982,-0.04167504859115245,False,False,False,all
2026-10-05,LLYVA,96.16999816894531,49,5,False,-0.021056914868795684,0.031155248475713382,0.29295511858231515,-0.09320637506752294,True,True,False,all
2026-10-05,LLYVK,98.87000274658203,49,4,False,-0.02782883014622095,0.029232758376337875,0.28511088430570974,-0.09913437132954872,True,False,False,all
2026-10-05,LOGI,101.37999725341797,49,4,False,-0.004059234954691515,0.019361609225245102,0.2167546522412629,-0.21810894346716492,False,True,False,all
2026-10-05,MDYV,90.47000122070312,49,4,False,-0.03617101185191096,-0.004455563328936485,0.13598696526939413,-0.07286329654575607,False,False,False,all
2026-10-05,MNPR,78.29000091552734,49,4,False,-0.2646119415383569,0.023434158266699034,0.5636109724925813,-0.37277678972167383,False,True,False,all
2026-10-05,PRM,28.06999969482422,49,4,False,-0.11011496029726653,-0.05310953384387829,0.42487302577321673,-0.2646056840091321,False,False,False,all
2026-10-05,QNST,14.989999771118164,49,5,False,-0.15776108477817663,0.04577988983251946,0.4567541133808477,-0.3275011594693994,False,False,False,all
2026-10-05,RBC,512.5800170898438,49,4,False,-0.013893344050402767,-0.06708637327220279,0.4062551909186385,-0.23230838380746055,False,True,False,all
2026-10-05,TRNO,64.43000030517578,49,4,False,-0.04517309887519627,-0.013577653800957656,0.15218173131050672,-0.18381051035564155,False,False,False,all
2026-10-05,TRS,38.93000030517578,49,3,False,-0.006913082713130736,0.015865567002587122,0.27932960613721236,-0.14307726076020877,False,True,False,all
2026-10-05,UMBF,129.8000030517578,49,4,False,-0.08238069971130557,-0.002062357434146622,0.2555620671335077,-0.15340466442011225,False,False,False,all
2026-10-05,DCI,89.19000244140625,49,1,False,-0.025201133537581466,-0.021977251175562484,0.12301692895632921,-0.2095887510104688,False,True,False,all
2026-10-05,LUV,41.849998474121094,49,3,False,-0.007282335551515029,-0.03828811675577293,0.43028018273260216,-0.24060972580972506,False,False,False,all
2026-10-05,MOH,194.0500030517578,49,6,False,-0.020747717733338944,0.06700436954135935,0.6029242273678097,-0.2076033993409354,False,False,False,all
2026-10-05,FHI,56.5,49,4,False,-0.07331778540323197,-0.010077065287419695,0.21088727356979708,-0.159226152294075,False,True,False,all
2026-10-05,CRVS,10.739999771118164,49,2,False,-0.2009642160184517,-0.2419831408883527,0.6807511730082403,-0.6014842498302495,False,False,False,all
2026-10-05,VOX,192.6699981689453,49,4,False,0.02103543128886831,0.012695607436779888,0.11776993459886476,-0.04034470255090128,False,True,False,all
2026-10-05,VIGI,94.33000183105469,49,5,False,-0.031459226251292494,0.004984297483584976,0.10676989458760588,-0.056605622098584885,False,False,False,all
2026-10-05,XMMO,151.5500030517578,49,3,False,-0.016268065159247613,-0.015032830356386806,0.1719898377005733,-0.12872254268934358,False,True,False,all
2026-10-05,MO,67.87999725341797,49,3,False,-0.006565364229635717,0.007029732137091349,0.24095057233359807,-0.11912795997943848,False,True,False,all
2026-10-05,SMIG,31.420000076293945,49,4,False,-0.030222970132754434,0.003881655698110942,0.1359363792344208,-0.06765580519371583,False,False,False,all
2026-10-05,WFRD,82.31999969482422,49,3,False,-0.0663798087903853,-0.11645522019109777,0.35305719080151343,-0.2724701848457639,False,True,False,all
2026-10-05,PCRX,25.049999237060547,49,6,False,-0.007708609122535237,0.04846807295598787,0.3324468220019572,-0.09436010935465555,True,True,False,all
2026-10-05,DFIN,48.279998779296875,49,4,False,-0.003294849907472752,0.02976570701118786,0.33702569823431605,-0.14184144650395458,False,True,False,all
2026-10-05,LIT,70.12999725341797,49,4,False,-0.029415137599663854,-0.06353803815421988,0.3015960627907086,-0.2375516993484491,False,True,False,all
2026-10-05,IJJ,140.75999450683594,49,4,False,-0.03619543299382855,-0.0036771430438591324,0.13616914359753451,-0.07278837513644565,False,False,False,all
2026-10-05,EGP,195.83999633789062,49,4,False,-0.029022258595191808,-0.004519431149818787,0.17897775942628202,-0.1361651866339446,False,False,False,all
2026-10-05,AUB,38.36000061035156,48,4,False,-0.05575848069648359,-0.013194267861373676,0.24263037147698907,-0.12058685122269275,False,False,False,all
2026-10-05,BNTX,97.63999938964844,48,2,False,-0.0106233430178867,-0.0008958634980367197,0.22786724737823505,-0.21258065008348037,True,True,False,all
2026-10-05,BORR,4.150000095367432,48,3,False,-0.023667230980805254,-0.146634847427497,0.7008196713302253,-0.37640872058110075,False,False,False,all
2026-10-05,BRK.A,756376.0,48,3,False,-0.006373337297456816,0.023239557477868766,0.08363323782234966,-0.06168814655199151,False,False,False,all
2026-10-05,BRK.B,504.260009765625,48,3,False,-0.006514982754702858,0.023279289043789175,0.08674381835066569,-0.062260536833345204,False,True,False,all
2026-10-05,DON,54.790000915527344,48,4,False,-0.03970525430597449,-0.008166900375829234,0.10530565367843181,-0.07088350379257358,False,False,False,all
2026-10-05,DOW,28.510000228881836,48,3,False,-0.04307022546103789,-0.10993864900579553,0.3806295765399623,-0.3329433994092307,False,True,False,all
2026-10-05,DRI,199.72000122070312,48,4,False,-0.057351820450077806,-0.021557379483339023,0.18177515515208942,-0.13074509925285993,False,False,False,all
2026-10-05,DVY,153.10000610351562,48,4,False,-0.04912617040392253,-0.01068214224542674,0.11621465453350455,-0.08356274188368684,False,True,False,all
2026-10-05,EFSC,59.81999969482422,48,4,False,-0.060447382842220176,-0.005288671383622323,0.1688159307958168,-0.1296377597399101,False,False,False,all
2026-10-05,EWI,57.4900016784668,48,4,False,-0.06490521325135146,-0.009062166494363644,0.14865139969666874,-0.0983374656230015,False,False,False,all
2026-10-05,EWU,46.189998626708984,48,4,False,-0.03713464689607082,-0.01074074230892752,0.11759004549577767,-0.06479045965750985,False,False,False,all
2026-10-05,EZU,66.79000091552734,48,4,False,-0.04260471931895338,-0.008162337265543718,0.11465291983507675,-0.07493069614106895,False,False,False,all
2026-10-05,GPC,126.23999786376953,48,4,False,-0.04390871836457888,0.052853230865970824,0.3906146680028333,-0.1671175578046029,False,True,False,all
2026-10-05,HOMB,28.56999969482422,48,3,False,-0.049845696505314896,0.004055570858986002,0.12039214489506733,-0.09873820166510927,False,False,False,all
2026-10-05,LEA,121.33000183105469,48,3,False,-0.037271302440234244,-0.05633264073640265,0.26332778711415616,-0.192908931329563,False,True,False,all
2026-10-05,PAM,79.98999786376953,48,2,False,-0.026260201194149402,-0.038648774370368066,0.3673503908336673,-0.15354499615058692,False,True,False,all
2026-10-05,PPLI,41.72999954223633,48,6,False,0.05264750088691006,0.02904086608075418,0.41170501678511995,-0.1363824543503417,False,False,False,all
2026-10-05,REXR,36.689998626708984,48,2,False,-0.017986227135700417,0.000984853158534138,0.14156811834059946,-0.1732763014043982,False,False,False,all
2026-10-05,SCHY,31.309999465942383,48,4,False,-0.048131539333304385,-0.025378007229105992,0.12869501529488714,-0.08019980541010119,False,True,False,all
2026-10-05,TXNM,58.5099983215332,48,4,False,0.01086709519458573,0.001226049857665501,0.05158157734305657,-0.01713422608230264,False,False,False,all
2026-10-05,UMH,15.369999885559082,48,2,False,-0.030222732806137742,-0.010786742076414169,0.10337398053381652,-0.08348244090574608,False,True,False,all
2026-10-05,WMK,74.01000213623047,48,6,False,0.018352661803862524,0.03182473312552925,0.23370561869472506,-0.11619293020962429,False,True,False,all
2026-10-05,XLB,49.5,48,4,False,-0.03923418218712915,-0.023206251553519963,0.1775901077598665,-0.08654731030750373,False,False,False,all
2026-10-05,XLI,170.10000610351562,48,4,False,-0.036750671377110855,-0.013415424302346213,0.15604191116696753,-0.09612623467350778,False,False,False,all
2026-10-05,DG,119.31999969482422,48,2,False,-0.04025893543493575,-0.05880682571959339,0.2545473549480526,-0.24590783722016352,False,True,False,all
2026-10-05,BUYW,14.520000457763672,48,5,False,-0.0028294101903328928,0.008723895300387419,0.04913296948545409,-0.00954975382712242,False,False,False,all
2026-10-05,CB,330.489990234375,48,4,False,-0.03425646737222199,0.0013720873927511867,0.24572184485842619,-0.09679979523173166,False,False,False,all
2026-10-05,CGDG,37.220001220703125,48,4,False,-0.028365841999519414,-0.0017908176582934754,0.09345161781977596,-0.04929757930916079,False,False,False,all
2026-10-05,TRVI,13.720000267028809,48,4,False,-0.1824719874909987,-0.03860469374938047,0.4784483471785679,-0.32146386088315526,False,False,False,all
2026-10-05,JANX,16.540000915527344,48,4,False,-0.033070800503813835,0.10235806808754999,0.36468655707123143,-0.5319750751524502,False,True,False,all
2026-10-05,FEZ,66.73999786376953,48,4,False,-0.045354960478802386,-0.006403917398775438,0.12036256850221672,-0.07766725676033304,False,False,False,all
2026-10-05,WERN,34.150001525878906,48,4,False,-0.07989671167080459,-0.05507797938861725,0.4809194413172253,-0.2809012356518108,False,True,False,all
2026-10-05,SONY,23.540000915527344,48,2,False,-0.004053137219867553,0.05363988734409242,0.21842656766882107,-0.2241265393164651,False,True,False,all
2026-10-05,VOR,18.579999923706055,48,5,False,-0.15374665780928198,0.10753621860033369,1.8584615267240086,-0.5295011614588662,False,False,False,all
2026-10-05,CRS,392.20001220703125,48,4,False,-0.17405458974087018,-0.1122092893833011,0.6776457107320499,-0.3734723904128422,False,True,False,all
2026-10-05,HOS,7.849999904632568,48,2,False,-0.15440465098765932,-0.12793282654881644,0.2847790070533658,-0.2946990275006939,False,False,False,all
2026-10-05,DNLI,19.90999984741211,48,4,False,-0.12660499199277697,-0.055077010720684716,0.4479999889026989,-0.27069595590377515,False,False,False,all
2026-10-05,EW,87.2300033569336,48,5,False,-0.015160374080067984,0.024565291321681615,0.2065006870675754,-0.09409074122391836,False,False,False,all
2026-10-05,AAT,21.350000381469727,47,4,False,-0.046721775658018605,0.007593543122197177,0.20485334135309596,-0.1778975376987798,False,False,False,all
2026-10-05,AER,143.2899932861328,47,2,False,-0.025598729759634953,-0.0068665222380145385,0.20452248141313123,-0.09772687180311024,False,False,False,all
2026-10-05,AOM,48.720001220703125,47,4,False,-0.01480620311074976,-0.003364033129566568,0.0454936226609397,-0.02870810668041257,False,False,False,all
2026-10-05,AVY,170.0,47,1,False,-0.023018824618841083,-0.015654565717267976,0.11533920773026551,-0.1480404644685619,True,True,False,all
2026-10-05,BOKF,128.22999572753906,47,4,False,-0.06732461311117,-0.031797152637875414,0.2483449591479796,-0.1267365913543641,False,False,False,all
2026-10-05,ECL,277.07000732421875,47,3,False,-0.0071538294370190325,0.011493457509611726,0.13950242352124032,-0.10411608896209346,False,True,False,all
2026-10-05,FIDU,90.37000274658203,47,4,False,-0.0357797237961438,-0.021001261370211077,0.15459315986296907,-0.09629997253417966,False,False,False,all
2026-10-05,GWRE,163.22999572753906,47,2,False,-0.01379230886365812,0.08074356350231571,0.59560108365739,-0.36210873376498887,False,True,False,all
2026-10-05,HLIT,11.220000267028809,47,3,False,-0.04081246992160115,-0.026375483753270812,0.3246753144394732,-0.36538461123531896,False,True,False,all
2026-10-05,IEUR,73.30999755859375,47,4,False,-0.042317805376892226,-0.014942513637022259,0.10323552935141311,-0.07089630205843012,False,True,False,all
2026-10-05,IEV,70.94999694824219,47,4,False,-0.04129398523649175,-0.013282827437776978,0.10565683298675888,-0.07036167148918648,False,True,False,all
2026-10-05,IYJ,156.60000610351562,47,4,False,-0.031477563803940734,-0.007571194008293869,0.12742989909864377,-0.08554740961450735,False,True,False,all
2026-10-05,IYK,71.62000274658203,47,4,False,-0.031691067016797136,-0.008535801653545061,0.0982978646235817,-0.0856632060209197,False,False,False,all
2026-10-05,KBE,64.1500015258789,47,4,False,-0.05833754736571306,-0.01085207665889032,0.17404835729248092,-0.10803666352735608,False,False,False,all
2026-10-05,KBWB,87.55999755859375,47,4,False,-0.07644537793851591,-0.013526856533643716,0.19421710206000942,-0.12970880600924206,False,False,False,all
2026-10-05,KSTR,22.329999923706055,47,3,False,-0.059773639632630715,-0.01870093660691252,0.2959953869393883,-0.31376769221138257,False,True,False,all
2026-10-05,LYG,5.460000038146973,47,4,False,-0.08340047901417569,-0.027994117870596358,0.23529410495509318,-0.13880127653967256,False,False,False,all
2026-10-05,PRN,202.1833953857422,47,3,False,-0.021583417932511173,-0.051756322323548876,0.2960474063188603,-0.2304518443602419,True,True,False,all
2026-10-05,QTWO,58.209999084472656,47,3,False,-0.04755517668542608,0.05052669047558411,0.4270654027446741,-0.2364900220946231,False,True,False,all
2026-10-05,RYLD,15.670000076293945,47,4,False,-0.02250057323555965,-0.0007795397283684169,0.07255307628513497,-0.0485731190293297,False,False,False,all
2026-10-05,STCE,65.87000274658203,47,3,False,0.0030446565701534034,0.003845958326161192,0.3623579074534691,-0.39921558634374554,False,False,False,all
2026-10-05,VLTO,96.56999969482422,47,2,False,-0.0008132539310754527,0.03868697262691878,0.206672512405512,-0.10500464940528553,False,False,False,all
2026-10-05,COMP,9.289999961853027,47,1,False,-0.15837727924268286,-0.07876600774871045,0.4583987643255134,-0.33428878447561716,False,False,False,all
2026-10-05,CCK,106.58000183105469,47,4,False,-0.07306261974866146,-0.008069539952808236,0.1947091461141528,-0.13286145427143037,False,False,False,all
2026-10-05,CAIE,26.799999237060547,47,2,False,-0.0032943615442092566,0.0024079958866289886,0.09701182571752387,-0.03873744462753992,False,False,False,all
2026-10-05,ITW,264.19000244140625,47,2,False,-0.05099326200434262,-0.017005658535520385,0.10623061024676028,-0.12854598479335555,False,False,False,all
2026-10-05,IYT,79.8499984741211,47,4,False,-0.048382922376363546,-0.017709540235687604,0.17254038565749985,-0.1133688581085065,False,False,False,all
2026-10-05,EWD,50.060001373291016,47,2,False,-0.041877178114885005,-0.025980001267613462,0.10410236446445453,-0.08865827243452407,False,True,False,all
2026-10-05,CVS,87.01000213623047,47,4,False,-0.07914230115316379,-0.008191148851811936,0.25176232861714354,-0.21385975879725783,False,False,False,all
2026-10-05,VGK,86.27999877929688,47,4,False,-0.045387267478483206,-0.015611271284595607,0.10800045891977295,-0.07514205238970806,False,False,False,all
2026-10-05,SPCE,3.049999952316284,47,5,False,0.014704885026769254,0.023215226039428938,0.4319247833077453,-0.6573033614556543,False,True,False,all
2026-10-05,CAL,12.25,47,3,False,-0.0467519517143653,-0.02251019608358462,0.3920454243736826,-0.18550531708307805,True,True,False,all
2026-10-05,DIS,103.61000061035156,47,1,False,-0.008252910385843526,-0.0019578396961967837,0.12387458364808679,-0.11512508454299863,False,True,False,all
2026-10-05,UAL,110.0,47,3,False,-0.04918808785205786,0.008153673371686265,0.2996219375381177,-0.2073214915809466,True,False,False,all
2026-10-05,PNFP,96.0199966430664,47,2,False,-0.04767574613934833,-0.00838261680997976,0.1842623886854613,-0.12970184854977884,False,False,False,all
2026-10-05,ZION,63.279998779296875,47,5,False,-0.06591721272870132,-0.002042301602908081,0.3699935193915711,-0.13716932180151087,False,True,False,all
2026-10-05,CL,86.19000244140625,47,4,False,-0.03746716636018654,-0.02620124900390386,0.15613680634683735,-0.13228630974957178,False,False,False,all
2026-10-05,VIS,326.8500061035156,47,4,False,-0.03594818857169313,-0.020153171600615805,0.1589192905655854,-0.09762288778814077,False,False,False,all
2026-10-05,VAW,221.7100067138672,47,4,False,-0.037618410629291055,-0.03169237957095028,0.16511647767252335,-0.0960205019996131,False,False,False,all
2026-10-05,AIPI,37.90999984741211,46,3,False,0.030700800031861153,0.02558677749378191,0.17696370459343558,-0.15905061429485812,False,False,False,all
2026-10-05,ALL,224.7100067138672,46,4,False,-0.11164820984988921,-0.00044968241013065846,0.19475757404402771,-0.18941632737758762,False,False,False,all
2026-10-05,ALX,245.22999572753906,46,4,False,-0.05971679598814439,-0.017760475049217073,0.21835252988267984,-0.15271394833553031,False,True,False,all
2026-10-05,BBEU,75.27999877929688,46,4,False,-0.04561960348307725,-0.019180585134998207,0.10316531559074194,-0.07416060706374428,False,True,False,all
2026-10-05,BBT,28.1299991607666,46,4,False,-0.08331326500279101,-0.05556649588729434,0.23323103109965038,-0.14316181566101038,False,False,False,all
2026-10-05,BILL,44.4900016784668,46,3,False,-0.06021863161040497,0.029147655944286477,0.416427949525519,-0.2223387101828881,False,True,False,all
2026-10-05,BOTZ,36.20000076293945,46,2,False,0.010814615081094825,-0.018390916618271858,0.13568629844515923,-0.13210257594046326,False,True,False,all
2026-10-05,EMLP,41.7400016784668,46,3,False,-0.03976660272412702,-0.022913733455044327,0.1226466201146379,-0.07716112976102352,False,False,False,all
2026-10-05,FELE,99.04000091552734,46,4,False,-0.023166253915724577,-0.011241330839024233,0.1060978322857331,-0.1448799760275491,True,False,False,all
2026-10-05,FEPI,43.45000076293945,46,3,False,0.03640268483812403,0.013089508837281327,0.1464379686969377,-0.12540256650496184,False,False,False,all
2026-10-05,FITB,50.79999923706055,46,4,False,-0.07163743696005342,-0.01737962968809248,0.2684144870108365,-0.14621850021746985,False,False,False,all
2026-10-05,FR,59.220001220703125,46,4,False,-0.052052264182310015,-0.03609200221836639,0.17874202313343512,-0.15254717303517695,False,False,False,all
2026-10-05,FTHI,23.81999969482422,46,3,False,-0.0014672104454320767,0.004666922147105179,0.06481890036623317,-0.02337022177483683,False,True,False,all
2026-10-05,FTV,57.380001068115234,46,3,False,-0.015982964082123408,-0.015736530243520508,0.202682921173849,-0.11121432407059884,False,True,False,all
2026-10-05,GDDY,99.73999786376953,46,3,False,0.030425109692557628,0.06909109258245305,0.393211383794692,-0.28471029749385557,False,False,False,all
2026-10-05,HIFS,283.8399963378906,46,2,False,-0.04999763226372855,-0.02954364355543937,0.1420753942462707,-0.16023669722517564,False,True,False,all
2026-10-05,ICE,152.14999389648438,46,1,False,-0.021177092869475223,-0.01816860112865204,0.24928149070312022,-0.1357569368984729,False,True,False,all
2026-10-05,IPI,33.380001068115234,46,3,False,-0.09175007147886627,-0.07938443804208195,0.48026617283674944,-0.3369089994649269,False,True,False,all
2026-10-05,MORN,189.16000366210938,46,3,False,-0.06258051134586562,0.016290975982317324,0.3369142435382013,-0.17379337766546454,False,True,False,all
2026-10-05,PUMP,9.59000015258789,46,3,False,-0.11431683441765472,-0.2464394337545508,0.9691992562515115,-0.4816216133736275,False,False,False,all
2026-10-05,RRC,38.66999816894531,46,3,False,-0.031152488178336935,-0.01807937178958663,0.18329246657996046,-0.19954466839811225,False,False,False,all
2026-10-05,SLG,48.0099983215332,46,6,False,-0.1105240477636995,0.029869612061212525,0.3807879692107745,-0.21062152971995407,False,False,False,all
2026-10-05,SW,42.40999984741211,46,4,False,-0.0892379384671328,-0.020245417109374553,0.2957927137639018,-0.194491954068293,False,True,False,all
2026-10-05,UI,609.2899780273438,46,3,False,0.06547168073549536,-0.07364656806412462,0.21801964025704246,-0.44609497955747557,False,True,False,all
2026-10-05,VLY,12.760000228881836,46,5,False,-0.08371510472451049,-0.042983235341665926,0.32365142888404375,-0.16052629019745135,False,False,False,all
2026-10-05,WIX,74.05999755859375,46,2,False,-0.0038804078388207097,0.017324431438189736,0.8441234521908529,-0.5236380203441359,False,True,False,all
2026-10-05,BCC,74.83999633789062,46,2,False,-0.05259351008839486,-0.03219407901522209,0.15138455904447112,-0.18625643857180263,False,False,False,all
2026-10-05,CRC,53.0099983215332,46,2,False,-0.0012171833027569967,-0.058285599085601936,0.22580644307632647,-0.26354548695048197,False,True,False,all
2026-10-05,SDY,147.7100067138672,46,4,False,-0.044038514782311466,-0.017793837444587512,0.09172212403692281,-0.07848266953139837,False,False,False,all
2026-10-05,NOBL,54.58000183105469,46,4,False,-0.04391539602206085,-0.011563567144104892,0.08909508137373545,-0.07959523552668135,False,False,False,all
2026-10-05,MTB,218.25999450683594,46,4,False,-0.08298512318166973,-0.025546503030870027,0.24891280251384096,-0.14725533459970253,False,True,False,all
2026-10-05,MCHB,14.930000305175781,46,4,False,-0.06212700537581284,-0.019543442506986808,0.16458663499059423,-0.14096656926896856,True,True,False,all
2026-10-05,T,24.239999771118164,46,2,False,-0.029188433772715405,-0.03627295830631283,0.21870289165185408,-0.17663045749349904,False,True,False,all
2026-10-05,USAC,25.389999389648438,46,3,False,-0.035722721744373964,-0.04624708785092957,0.16201368175631092,-0.16890343621195436,False,True,False,all
2026-10-05,SBUX,94.43000030517578,46,4,False,-0.07533797236450457,-0.04422351289399562,0.2107962930082794,-0.1455072076754842,False,False,False,all
2026-10-05,TNDM,16.520000457763672,46,1,False,-0.15329377648023923,-0.14896574184077027,0.34747146405806917,-0.44283302966927474,False,False,False,all
2026-10-05,OSS,8.329999923706055,46,3,False,-0.225735692557396,-0.26837248579809536,0.9976018636213735,-0.6010536274657483,True,True,False,all
2026-10-05,SQM,65.83000183105469,46,3,False,-0.0874080682723054,-0.14221305004849893,0.6222276702973659,-0.3282652874382175,False,True,False,all
2026-10-05,CBSH,55.13999938964844,46,5,False,-0.05015866197517127,0.01662477128251294,0.17344110278924263,-0.09487851203257747,False,True,False,all
2026-10-05,AGYS,99.5,45,2,False,-0.07718447472277856,0.07561055880208967,0.6178861788617886,-0.31497418244406195,False,True,False,all
2026-10-05,ATHM,20.610000610351562,45,2,False,-0.0631647534317259,0.017107269077615284,0.3236994871106351,-0.2910216433878712,False,True,False,all
2026-10-05,BH,364.3999938964844,45,4,False,-0.024119578708898914,0.02624166386162674,0.551166340612782,-0.2464847202287178,False,True,False,all
2026-10-05,DUOL,147.10000610351562,45,3,False,0.02898077768732965,0.1566257190865843,0.6736830939248004,-0.5832861016897575,False,True,False,all
2026-10-05,EPR,55.59000015258789,45,4,False,-0.0675290791688079,-0.023900304171956988,0.15547702031470978,-0.14437434033980334,False,True,False,all
2026-10-05,ESS,271.92999267578125,45,4,False,-0.03016881972274954,0.012812181761560515,0.14035890723627853,-0.10357676873430677,False,False,False,all
2026-10-05,EWH,21.770000457763672,45,2,False,-0.039479701468330464,-0.0430011818322279,0.056796119156696356,-0.1171938121464231,False,False,False,all
2026-10-05,FLTR,25.520000457763672,45,2,False,-0.001643052272528256,-0.0003446927018747603,0.007103405844194555,-0.0035142581196000444,False,False,False,all
2026-10-05,GMED,76.56999969482422,45,2,False,-0.03747282814048525,-0.09480759028634489,0.35522123353671176,-0.2448718092446741,True,False,False,all
2026-10-05,IYG,90.76000213623047,45,3,False,-0.04995381227937479,0.003112368639364149,0.13634655083462444,-0.0800729903977585,False,False,False,all
2026-10-05,OR,34.459999084472656,45,1,False,-0.007139645721638499,-0.0677983540834457,0.2512708038816276,-0.28297964836048584,False,True,False,all
2026-10-05,PAAA,51.310001373291016,45,2,False,-0.001902411050906272,-0.001227566803310265,0.0029320079422654466,-0.004462544395629542,False,False,False,all
2026-10-05,PRI,277.9700012207031,45,4,False,-0.06643344908896409,0.0038430082270022314,0.20809251008244622,-0.15066608941124515,False,False,False,all
2026-10-05,SGOV,100.44999694824219,45,4,False,-0.0011097982563748054,-0.0007913397795682453,0.0017951561903062352,-0.0027797716604774925,False,False,False,all
2026-10-05,SGVT,100.54000091552734,45,4,False,-0.0010128857019738868,-0.0007109928350481631,0.0016937148978120042,-0.00248040477953293,False,False,False,all
2026-10-05,TW,107.11000061035156,45,2,False,0.03208214198561543,-0.010987306135202823,0.1716254950302114,-0.1611715986966038,False,True,False,all
2026-10-05,USFR,50.40999984741211,45,5,False,-0.00030540636288478584,0.00016765078893787866,0.003583521935420775,-0.0019797758353609085,False,False,False,all
2026-10-05,CLOI,52.790000915527344,45,1,False,-0.0017936922067868233,-0.0005127920042563572,0.008173893430345469,-0.0058379956215033335,False,False,False,all
2026-10-05,PMMF,100.30999755859375,45,2,False,0.0001984066623619274,-4.9714470274797584e-05,0.0020978929837540683,-0.0025852852443017937,False,False,False,all
2026-10-05,TFLO,50.540000915527344,45,4,False,-0.0009409198528569362,-0.0004261944739721857,0.002976811424802772,-0.002565566570271627,False,False,False,all
2026-10-05,SBIL,100.13999938964844,45,1,False,-0.00021246099333360746,-0.00029974403829424734,0.001399993896484375,-0.0056598123324985705,False,False,False,all
2026-10-05,FIBK,35.619998931884766,45,2,False,-0.04566964038135912,-0.018754438050901157,0.22405493006683397,-0.12266009185716198,False,False,False,all
2026-10-05,QCML,17.503799438476562,45,3,False,0.07057820975038598,-0.05931376120833465,0.6734033818968728,-0.5822482386387121,False,True,False,all
2026-10-05,ZVRA,10.699999809265137,45,4,False,-0.05749294837785879,0.012282183078166531,0.3358301502519201,-0.28832724191168724,False,False,False,all
2026-10-05,AMR,173.60000610351562,45,1,False,-0.04999350588201157,-0.0839320520033151,0.2990123233790021,-0.3160507403115529,False,True,False,all
2026-10-05,RSPA,52.13999938964844,45,4,False,-0.027819220471732353,-0.007074085393662832,0.06343056675059056,-0.05474982715949661,False,True,False,all
2026-10-05,CLOA,51.78499984741211,45,4,False,-0.001974657192456264,-0.0011934192240954378,0.004948594491674729,-0.005091246753751166,False,False,False,all
2026-10-05,RL,365.5400085449219,45,3,False,0.007408552952159919,0.000863876549643372,0.19243197879946594,-0.13296963175287368,True,True,False,all
2026-10-05,VOYG,30.200000762939453,45,4,False,-0.12337735250576976,-0.05386097344682461,0.7346353261127971,-0.423664124360292,False,False,False,all
2026-10-05,DLTR,113.19000244140625,45,3,False,-0.08654681686700971,-0.03417296617638277,0.3362059221430682,-0.20512635327998618,False,True,False,all
2026-10-05,IART,13.289999961853027,45,4,False,-0.20023590133384506,-0.05427763430789101,0.5275862360019516,-0.3513909170176738,False,False,False,all
2026-10-05,CRCL,83.30000305175781,45,4,False,0.018066128175170837,-0.03192943881760868,0.6693386874659142,-0.4776446829239541,True,True,False,all
2026-10-05,RJF,160.8000030517578,45,2,False,-0.06689350588139897,-0.0005345228174247207,0.15833449479803052,-0.12001309685619499,False,False,False,all
2026-10-05,UNHG,18.138099670410156,45,3,False,-0.0848523761164014,0.028447964726206143,0.9833896951871413,-0.34258428524478146,False,False,False,all
2026-10-05,AFG,139.3300018310547,45,5,False,-0.02258854629321927,0.029897574058592502,0.13193603035444168,-0.07125717995575742,False,False,False,all
2026-10-05,XPEL,44.9900016784668,45,2,False,-0.05022669839322147,-0.04172609291263507,0.4112297008412138,-0.1953138651180083,False,True,False,all
2026-10-05,HQY,91.55000305175781,45,4,False,-0.06777682222051307,0.03241656206082055,0.25824629417061207,-0.14932168077216101,False,False,False,all
2026-10-05,SPG,201.39999389648438,45,4,False,-0.060671157391482655,-0.012497770517669093,0.16963813834091712,-0.155555581146816,False,True,False,all
2026-10-05,VBIL,75.55000305175781,45,4,False,-0.0008410762333894706,-0.00013064955877462037,0.003186900822528038,-0.00237686910335122,False,False,False,all
2026-10-05,ALLW,28.579999923706055,44,4,False,-0.03465187820474436,-0.02601955928733346,0.04078663061087662,-0.06279720815956158,False,False,False,all
2026-10-05,ARLP,24.790000915527344,44,4,False,-0.037116989744188755,-0.026038409492074255,0.07782612676205836,-0.15823428613544754,False,True,False,all
2026-10-05,BIL,91.44000244140625,44,3,False,-0.0010640215463020297,-0.0008036789732610572,0.0019723898856267574,-0.0035958833358537,False,False,False,all
2026-10-05,BILS,99.08999633789062,44,1,False,-0.001727800387385181,-0.0019325148655877644,0.0005048003019094693,-0.004320742762060181,False,False,False,all
2026-10-05,BILZ,100.66500091552734,44,1,False,-0.001290730743794155,-0.001609080173258115,0.0006461475386898563,-0.004991571242046189,False,True,False,all
2026-10-05,FLOC,18.489999771118164,44,3,False,-0.10861497006662624,-0.15314982337980176,0.3178902439795315,-0.34571834319302985,False,True,False,all
2026-10-05,GBIL,99.87999725341797,44,1,False,-0.001381776713868188,-0.0016510317950100273,0.0006010574912560518,-0.003790194242128231,False,False,False,all
2026-10-05,IBDR,24.170000076293945,44,1,False,-0.0014459790830841923,-0.0018466006569868298,0.0016577255250129763,-0.005758921954917007,False,False,False,all
2026-10-05,IBTG,22.829999923706055,44,1,False,-0.0012555440040457055,-0.0019279504715441487,0.0008768285064422177,-0.005228794564015038,False,True,False,all
2026-10-05,IREN,40.47999954223633,44,1,False,-0.023712605202364623,-0.1121531821450299,0.39923951314283856,-0.47339666845483175,False,True,False,all
2026-10-05,LXU,10.180000305175781,44,2,False,-0.03673281261306793,-0.12618773059094512,0.2772899088032459,-0.4088269041171817,False,True,False,all
2026-10-05,SCHW,97.95999908447266,44,2,False,-0.07796799656424613,-0.003919355143514269,0.1667460713751856,-0.14467824911755356,False,False,False,all
2026-10-05,SLV,55.130001068115234,44,2,False,-0.04605181485968257,-0.16344211746322834,0.3220623515458443,-0.4980424278521035,False,True,False,all
2026-10-05,XLF,53.880001068115234,44,3,False,-0.050780074690415455,0.003214663223139791,0.13027067626814892,-0.08054603291654183,False,False,False,all
2026-10-05,ZBH,91.56999969482422,44,3,False,-0.04700948991801246,0.0025032426024034216,0.15735587103199422,-0.14324474131761955,False,True,False,all
2026-10-05,DOC,18.84000015258789,44,4,False,-0.09627283637130257,-0.002997877522084913,0.20000002429743513,-0.17908498796168015,False,False,False,all
2026-10-05,CSHI,49.7599983215332,44,4,False,0.0007239639331619863,0.00040286080790008505,0.004238124878023886,-0.003404806381003711,False,False,False,all
2026-10-05,DEA,22.950000762939453,44,4,False,-0.050672150447178765,-0.022842877113788185,0.11624520228982038,-0.11594755114354227,False,False,False,all
2026-10-05,CTNM,12.720000267028809,44,4,False,-0.1441950364031127,-0.07245867229079606,0.4790697328847071,-0.28479053268703336,False,False,False,all
2026-10-05,COR,314.92999267578125,44,1,False,-0.00901402398534945,-0.009820231311013838,0.28637359388162587,-0.16583677081124748,False,True,False,all
2026-10-05,CLOZ,26.25,44,1,False,-0.0005269641870745412,-0.0004196356257513134,0.04042808070829085,-0.020887708955524942,False,False,False,all
2026-10-05,BSCQ,19.524999618530273,44,1,False,-0.0004812231689756974,-0.0010516667526054846,0.0012820317195012532,-0.0048420599714325,False,True,False,all
2026-10-05,SMA,32.470001220703125,44,4,False,-0.02113287555386567,0.003895659922479755,0.10404629000908594,-0.16076499423062762,False,False,False,all
2026-10-05,JBBB,47.349998474121094,44,1,False,-0.0020549349466021383,-0.001514630325984423,0.020034475266264673,-0.019567237408694482,False,False,False,all
2026-10-05,IAK,138.0469970703125,44,5,False,-0.04173252924339921,0.008656605284377283,0.10774349243944892,-0.09406094863642223,False,True,False,all
2026-10-05,SHV,110.08999633789062,44,1,False,-0.0011323685371497083,-0.0012329547713700872,0.002093534737495739,-0.003710440381080371,False,False,False,all
2026-10-05,TBIL,49.880001068115234,44,1,False,-0.0007151813228388759,-0.0008868205382704941,0.0012043631806213373,-0.002798868220056372,False,False,False,all
2026-10-05,MINT,100.30999755859375,44,4,False,-0.0030214780156131438,-0.0025525596369537773,0.000798106345215599,-0.005058541338764266,False,False,False,all
2026-10-05,FLOT,50.869998931884766,44,4,False,-0.001981536571798559,-0.0013977098960243906,0.003947123942507513,-0.004111254730657543,False,False,False,all
2026-10-05,FLRN,30.739999771118164,44,2,False,-0.0016757890904829376,-0.0012687290165925846,0.003591270433087601,-0.004211242778782598,False,False,False,all
2026-10-05,JAAA,50.4900016784668,44,2,False,-0.0022685269979603184,-0.0021472557690604965,0.0033784178194273817,-0.006493467499784966,False,False,False,all
2026-10-05,WFG,65.9000015258789,44,2,False,-0.0478612058275657,-0.014556579241968959,0.14928499041702015,-0.14404463755816554,False,True,False,all
2026-10-05,CLIP,100.08999633789062,44,1,False,-0.0012732624056100983,-0.0013138717643328413,0.0004997543173304031,-0.0035838787584737686,False,True,False,all
2026-10-05,VGUS,75.45500183105469,44,3,False,-0.0013983237312513719,-0.001320409900919084,0.001260631899332454,-0.0032363953377040344,False,False,False,all
2026-10-05,SMIN,68.37000274658203,44,2,False,-0.03378429221247803,0.010280161364496498,0.18328148478742534,-0.09968395379846184,False,True,False,all
2026-10-05,CUZ,27.329999923706055,44,5,False,-0.06571130358125865,0.021252740958162653,0.29957199388306144,-0.17056147827330248,False,False,False,all
2026-10-05,TBLL,105.63999938964844,44,1,False,-0.0001192654794691661,-7.910270519051465e-06,0.0017068111771136874,-0.002455166501267092,False,False,False,all
2026-10-05,SIVR,57.970001220703125,44,2,False,-0.0459214872115149,-0.16274419348431968,0.3220069153460796,-0.4970501462234398,False,False,False,all
2026-10-05,VRIG,25.040000915527344,44,1,False,-0.0012563738073257946,-0.0018575280791958138,0.0016000366210937589,-0.005559943921829902,False,False,False,all
2026-10-05,ABCB,80.4000015258789,43,4,False,-0.057435462843238416,-0.03594288422643521,0.16860462150553235,-0.13752413137682984,False,False,False,all
2026-10-05,AEO,18.110000610351562,43,1,False,0.08053606914087252,-0.05628174067959346,0.288051214072814,-0.36366826447889433,False,True,False,all
2026-10-05,AIN,59.47999954223633,43,4,False,-0.04398505840124012,-0.023551812304278164,0.4454434346698586,-0.22753247347745031,True,True,False,all
2026-10-05,AOK,40.369998931884766,43,4,False,-0.016004277813667978,-0.01195350499452652,0.026703948250507148,-0.030266685176607244,False,False,False,all
2026-10-05,BALL,57.11000061035156,43,4,False,-0.0730581369268527,-0.04945464290269075,0.27392367338228074,-0.16371357673585485,False,False,False,all
2026-10-05,DUSB,50.54499816894531,43,2,False,-0.0031048137472587944,-0.003999112093443835,0.002002179135593307,-0.007169547820875755,False,False,False,all
2026-10-05,FNCL,76.54000091552734,43,3,False,-0.05200002786475655,0.0006039808498166099,0.12957494838392747,-0.08170363147286863,False,False,False,all
2026-10-05,FTCS,94.30829620361328,43,2,False,-0.04403218145142518,-0.01508875920534769,0.0506717241436756,-0.08376279098416517,False,False,False,all
2026-10-05,FTSM,59.560001373291016,43,1,False,-0.0032683074235497767,-0.005212174270710301,0.0011598433852344492,-0.022163823304925723,False,False,False,all
2026-10-05,FXY,58.02000045776367,43,3,False,0.0003689782631237648,0.0011742576066320343,0.03681203372039743,-0.07197696684343502,False,True,False,all
2026-10-05,IBTH,22.270000457763672,43,1,False,-0.0026333486279082052,-0.0054716705281784295,0.0013489517515403726,-0.01241679772816584,False,False,False,all
2026-10-05,INCM,28.530000686645508,43,4,False,-0.024782066332459607,-0.01858004778041311,0.04124091546888309,-0.04741235526281096,False,False,False,all
2026-10-05,JPST,50.2400016784668,43,1,False,-0.0036727328416577,-0.005830619645138202,0.0007968309744903479,-0.010828888110777757,False,False,False,all
2026-10-05,LAD,303.0,43,1,False,-0.14676248428929262,-0.028290691435414406,0.26365835992389575,-0.3105645026445004,False,False,False,all
2026-10-05,MDLZ,58.4900016784668,43,4,False,-0.054823134861666234,-0.01899448083861588,0.14238282825972393,-0.12243060255960747,False,True,False,all
2026-10-05,NMIH,39.38999938964844,43,4,False,-0.09709186574876982,-0.019648119276358678,0.13059699245502365,-0.15725293164044785,False,False,False,all
2026-10-05,PULS,49.470001220703125,43,1,False,-0.002641052401581301,-0.0033834745802220345,0.000404458189182888,-0.00722457549915656,False,False,False,all
2026-10-05,SNAP,5.610000133514404,43,2,False,0.043061163499374944,-0.0018947743565626007,0.4724410020388856,-0.38554216175298084,False,True,False,all
2026-10-05,TUSI,25.219999313354492,43,1,False,-0.003445687346307569,-0.004941191611749884,0.0011909003041232769,-0.012915848671626873,False,False,False,all
2026-10-05,VNOM,40.869998931884766,43,3,False,-0.050281427554965674,-0.06570206465400397,0.16438748457547203,-0.20066500922935882,False,False,False,all
2026-10-05,XHLF,50.119998931884766,43,1,False,-0.0019515073079977574,-0.00270457957526149,0.0006988089857620228,-0.00595000491779718,False,False,False,all
2026-10-05,XLP,81.04000091552734,43,4,False,-0.038935891999074435,-0.03218832791156245,0.07823306235923289,-0.10095405520011713,False,False,False,all
2026-10-05,CBT,77.37999725341797,43,5,False,-0.06458230277933052,-0.020161560598803363,0.3265900021319925,-0.18142390508138828,False,True,False,all
2026-10-05,CPK,126.2699966430664,43,3,False,-0.045119222066002385,-0.01790591934998298,0.06216352254698565,-0.10338709791011047,False,False,False,all
2026-10-05,CRAI,171.2899932861328,43,3,False,0.00460510352799548,0.01702589314818792,0.2959824140058067,-0.2463812823008984,False,False,False,all
2026-10-05,DEO,83.97000122070312,43,1,False,-0.0634556851736282,-0.016925445073861733,0.1590062768489935,-0.18269415060680572,False,True,False,all
2026-10-05,GSST,50.310001373291016,43,1,False,-0.003037819896387517,-0.00396875230257554,0.0007957214076603769,-0.010230187665387303,False,False,False,all
2026-10-05,IAT,57.4900016784668,43,4,False,-0.0709887782188674,-0.02537018457059903,0.21363738599897353,-0.13104597194283396,False,False,False,all
2026-10-05,WTM,2019.43994140625,43,3,False,-0.03492663792998918,-0.05096299720877673,0.13147833809067255,-0.13440208255197172,False,True,False,all
2026-10-05,ICSH,50.279998779296875,43,1,False,-0.003290671321701466,-0.005072611317077702,0.0009954058832610801,-0.009651401891840328,False,False,False,all
2026-10-05,SMP,37.41999816894531,43,2,False,-0.026205577511703382,-0.03103063190690125,0.09191706066837901,-0.18652177893597144,False,True,False,all
2026-10-05,VFH,131.39999389648438,43,2,False,-0.0526999193599782,-0.0006928690201459808,0.1262535009746819,-0.08240225770411691,False,False,False,all
2026-10-05,FRME,39.77000045776367,43,4,False,-0.04835057276989585,-0.019464005821671848,0.14743221675845164,-0.12265610299362417,False,False,False,all
2026-10-05,TBUX,49.65999984741211,43,1,False,-0.002627390583492928,-0.0036398476508120448,0.0021188485841934224,-0.00957318604067281,False,False,False,all
2026-10-05,CMPR,76.3499984741211,43,3,False,-0.13344593521558523,-0.09244466223687187,0.26010890050905644,-0.2836367314466056,False,True,False,all
2026-10-05,GSY,50.0099983215332,43,1,False,-0.001991659033308446,-0.0034404661850262475,0.0022043445348844948,-0.007541200093630018,False,False,False,all
2026-10-05,MOD,182.91000366210938,43,3,False,-0.04566469579447696,-0.1451717060546156,0.6451700230261137,-0.4341531209215487,False,False,False,all
2026-10-05,TFX,125.23999786376953,43,4,False,-0.05817734585335188,0.009688526680945442,0.25014970535290604,-0.13627587680158948,False,False,False,all
2026-10-05,UTL,50.650001525878906,43,4,False,-0.04612136605022621,-0.02574136285072226,0.09159482457408163,-0.11543829880219436,False,False,False,all
2026-10-05,ANGX,4.159999847412109,42,2,False,-0.08715881095005928,0.10295088470183322,1.0342296783436193,-0.5699369685678894,False,False,False,all
2026-10-05,BF.B,26.270000457763672,42,1,False,-0.03667738214776817,-0.02421809381782969,0.16187526530788543,-0.1770050001574519,True,True,False,all
2026-10-05,BLSH,34.349998474121094,42,3,False,0.10847924854378754,0.028526215206271965,0.6715328345206539,-0.5127659790904809,False,True,False,all
2026-10-05,DPST,113.77999877929688,42,4,False,-0.15555133510996721,-0.06477144747449626,0.5659233834945523,-0.28386206393171187,False,False,False,all
2026-10-05,ECH,38.0,42,2,False,-0.04899669666644446,-0.07524128865573587,0.20711564652394188,-0.20585159432028632,False,False,False,all
2026-10-05,EVTC,29.1200008392334,42,3,False,-0.013850760289099817,0.03066514756648142,0.3351674255978787,-0.15373435139891634,False,False,False,all
2026-10-05,EWW,71.87000274658203,42,3,False,-0.04478234788195301,-0.051963247266101575,0.11981929580617479,-0.11977952965741356,False,False,False,all
2026-10-05,FLDR,49.7599983215332,42,1,False,-0.005038814537429048,-0.007817753314055875,0.01511653234928434,-0.016989344695735653,False,True,False,all
2026-10-05,FLRT,46.5099983215332,42,1,False,-0.004609516171863892,-0.005776619136271144,0.01108692003333056,-0.02146014062613366,False,False,False,all
2026-10-05,FNB,17.399999618530273,42,4,False,-0.054522550766608724,-0.026796670533816846,0.2033194725191756,-0.11179175686572485,False,False,False,all
2026-10-05,FSTA,51.25,42,4,False,-0.03548656323216892,-0.033235933220351566,0.07038427019018911,-0.09977165421970646,False,False,False,all
2026-10-05,GATX,172.27000427246094,42,2,False,-0.034185554060101264,-0.04108545890986204,0.1452599811826525,-0.16194781903830135,False,False,False,all
2026-10-05,GGOV,49.41999816894531,42,3,False,-0.014019238572005266,-0.00434068533267451,0.02851194492482101,-0.048334337020604634,False,False,False,all
2026-10-05,HTGC,16.690000534057617,42,2,False,-0.02267346579670082,0.01995297853218503,0.21824823112554936,-0.12754828717991462,False,True,False,all
2026-10-05,IBDS,24.059999465942383,42,1,False,-0.003659072312884204,-0.006114319853189221,0.001248388615883167,-0.013125500649695532,False,False,False,all
2026-10-05,IYF,126.8499984741211,42,2,False,-0.05558956859148789,-0.006718462762860589,0.11644072705267616,-0.08800056212551022,False,False,False,all
2026-10-05,LOB,36.540000915527344,42,4,False,-0.0892731352731716,-0.04307470602078434,0.2445504140297703,-0.17942955496967772,False,False,False,all
2026-10-05,MDT,87.97000122070312,42,1,False,-0.022731448144437727,-0.007097146646156682,0.19997277520562218,-0.17266999242154957,False,False,False,all
2026-10-05,MSEX,53.06999969482422,42,4,False,-0.06510610703922881,-0.015489305496543815,0.20149426974928542,-0.1465101409720202,False,False,False,all
2026-10-05,MTN,139.3000030517578,42,2,False,-0.029101832308567777,0.014009807906739224,0.1754282384674053,-0.1471776284138202,False,False,False,all
2026-10-05,NUGT,146.32000732421875,42,2,False,-0.11852019206570064,-0.20666867211160145,0.48082188988469343,-0.5438760453047938,False,False,False,all
2026-10-05,VDC,219.92999267578125,42,4,False,-0.03593768811298259,-0.03359292832194616,0.0704794156370172,-0.0998649734883772,False,False,False,all
2026-10-05,VNLA,48.619998931884766,42,1,False,-0.0042871933426680275,-0.007752287313032347,0.0014418063012200388,-0.01652611077198063,False,False,False,all
2026-10-05,DGP,146.64599609375,42,1,False,-0.04282144307875502,-0.14707664161630873,0.16691333039255296,-0.4197982350395648,False,True,False,all
2026-10-05,DCH,5.650000095367432,42,0,False,-0.08058320458916302,-0.10586409306251576,0.14837398531574175,-0.3891891788791966,False,False,False,all
2026-10-05,COLB,28.84000015258789,42,4,False,-0.05301039700034105,-0.032696788792030085,0.21023920457078527,-0.14370546641129645,True,True,False,all
2026-10-05,JMST,50.560001373291016,42,1,False,-0.004952773248363851,-0.007315134590765826,0.0019818131318423138,-0.011148047778541392,False,False,False,all
2026-10-05,BSCR,19.565000534057617,42,1,False,-0.0020809905341697688,-0.004681504951407511,0.0017921068193327283,-0.011868621821109593,False,False,False,all
2026-10-05,PSLV,19.780000686645508,42,2,False,-0.05203726952181997,-0.1623772440517679,0.31341302360660483,-0.4812483573942047,False,True,False,all
2026-10-05,INVA,20.639999389648438,42,2,False,-0.016833885856379793,-0.05178218234413956,0.24939460155695992,-0.17932406748662177,False,False,False,all
2026-10-05,PFXF,17.690000534057617,42,2,False,-0.007662674125942681,-0.02116472559313798,0.03875512746923526,-0.07236492830889485,False,False,False,all
2026-10-05,UYLD,50.744998931884766,42,1,False,-0.005223547837496012,-0.007423269454121195,0.0008875378356643093,-0.012743240749990226,False,True,False,all
2026-10-05,YEAR,50.0,42,1,False,-0.0036899350268893016,-0.007045211268545848,0.001201469261933985,-0.014389898458969097,False,False,False,all
2026-10-05,NVMI,392.8599853515625,42,4,False,0.04092032223074482,-0.11398149201491614,0.47453363416795935,-0.36222991999904874,False,True,False,all
2026-10-05,FAZ,38.58000183105469,42,1,False,0.1564956744671646,-0.04437650034736773,0.2720079765282293,-0.31559335529395327,False,True,False,all
2026-10-05,WTFC,145.1999969482422,42,4,False,-0.05133136907237745,-0.03166982235497118,0.21394529058865297,-0.131682837649296,False,True,False,all
2026-10-05,VUSB,49.41999816894531,42,1,False,-0.004195232307755092,-0.006472142530426606,0.0010127453543098408,-0.01219269688657254,False,False,False,all
2026-10-05,BKLN,20.489999771118164,42,1,False,-0.0018803150226452958,-0.0040610472104567474,0.01889602930051626,-0.027527286763489145,False,False,False,all
2026-10-05,CVSA,125.38999938964844,42,6,False,-0.021360097861334526,0.06607423695829473,0.4417614997089303,-0.19755533215404675,False,False,False,all
2026-10-05,AM,20.559999465942383,41,3,False,-0.05481696502097244,-0.033771043279428925,0.21226418489406784,-0.13740296808585895,False,False,False,all
2026-10-05,AMCR,41.79999923706055,41,2,False,-0.06963495529668917,-0.02355499945404993,0.1531034272292564,-0.17942676945531233,False,True,False,all
2026-10-05,APD,279.45001220703125,41,4,False,-0.05398621161114703,-0.022464042528856032,0.21971983528686367,-0.11249081671619343,False,False,False,all
2026-10-05,ARQT,25.149999618530273,41,2,False,-0.019481727593170794,-0.0015552484155898494,0.3034464638033274,-0.2083727020411692,False,True,False,all
2026-10-05,BDC,111.3499984741211,41,0,False,-0.06346724037331863,-0.0655680174106823,0.13622447422572548,-0.3040190346210171,False,True,False,all
2026-10-05,BMRN,57.540000915527344,41,2,False,-0.1002204730262315,-0.01978486325659179,0.1680877563159533,-0.1893491378666352,False,True,False,all
2026-10-05,FDUS,19.1299991607666,41,2,False,-0.02591785818720027,0.006214498755266806,0.13396551328422457,-0.09550829759797619,False,True,False,all
2026-10-05,FN,453.8399963378906,41,2,False,0.014103686653790692,-0.14667999154757294,0.2667187615389588,-0.393983111724432,True,True,False,all
2026-10-05,FSS,116.43000030517578,41,5,False,-0.023731298778648324,0.006790194949188644,0.1506077428211765,-0.13441376061272026,True,False,False,all
2026-10-05,FVD,47.150001525878906,41,4,False,-0.04973998353663445,-0.024161034331558917,0.056464270612891054,-0.08286322377314004,False,False,False,all
2026-10-05,IFRA,56.45000076293945,41,3,False,-0.042155331815843966,-0.04465334547773803,0.1142913725417849,-0.12140076633557273,False,False,False,all
2026-10-05,IWMI,49.7599983215332,41,4,False,-0.03512340364455302,-0.022257239232987613,0.09027166930285313,-0.07612332421753376,False,False,False,all
2026-10-05,JEPI,56.290000915527344,41,1,False,-0.014720536911092541,-0.016482507694300708,0.021597141095478722,-0.060267120507366156,False,True,False,all
2026-10-05,JETS,27.889999389648438,41,2,False,-0.06118301575289842,-0.02301812000011738,0.18529530708757913,-0.18115096109423345,True,False,False,all
2026-10-05,KT,19.010000228881836,41,2,False,-0.0065740583148192755,-0.04862710435966222,0.10974904613078218,-0.22660698584674366,False,False,False,all
2026-10-05,LBRT,19.59000015258789,41,4,False,0.0017181137882933406,-0.21172076863167388,0.7005207790061854,-0.43181159613511577,False,False,False,all
2026-10-05,MEAR,49.630001068115234,41,1,False,-0.008177571598548594,-0.012754110942954866,0.0030315587563993773,-0.022839138147317417,False,False,False,all
2026-10-05,MQ,17.030000686645508,41,3,False,0.033317396808960176,0.019563631150780525,0.15067570724131985,-0.23563733564635014,False,False,False,all
2026-10-05,PECO,37.36000061035156,41,3,False,-0.049919884955335614,-0.04133534374034353,0.13280779651030383,-0.15808449328785212,False,False,False,all
2026-10-05,SA,27.15999984741211,41,1,False,-0.10536058933578663,-0.10536796064331033,0.2533456276783308,-0.3220170015890128,False,True,False,all
2026-10-05,SRLN,40.220001220703125,41,1,False,-0.007227305653159988,-0.007344922455963299,0.02107138471479164,-0.03247530632744211,False,False,False,all
2026-10-05,USRT,61.189998626708984,41,4,False,-0.06517928307916421,-0.03284366413390549,0.08416017213990812,-0.12697957163924556,False,False,False,all
2026-10-05,CCC,6.579999923706055,41,2,False,-0.036349262850056796,0.0726745037315144,0.6127451094972407,-0.3106338532098909,False,False,False,all
2026-10-05,CXT,49.15999984741211,41,2,False,-0.01633965523370129,0.04025595303154006,0.3766452284449302,-0.2875362340954767,False,False,False,all
2026-10-05,DB,34.970001220703125,41,2,False,-0.08175212706428236,-0.008256928812615305,0.24359886831555544,-0.15977890153397212,False,False,False,all
2026-10-05,CEF,41.52000045776367,41,1,False,-0.050298488739085934,-0.11215556987497188,0.14823010600026776,-0.3235581665812016,False,False,False,all
2026-10-05,AMBA,68.26000213623047,41,4,False,-0.053411633242756995,0.0023752705146742326,0.413250584150209,-0.2940324706518055,True,True,False,all
2026-10-05,TFII,114.80000305175781,41,3,False,-0.1390753090075283,-0.11082398933891446,0.4237877584312004,-0.3154034147511513,False,False,False,all
2026-10-05,LTM,50.790000915527344,41,1,False,-0.0254432255728545,-0.05065950795985197,0.2265153610885955,-0.2787560034625881,False,False,False,all
2026-10-05,IAI,177.67999267578125,41,4,False,-0.05428195578084172,-0.016330949895770885,0.12612494644723982,-0.10303399484795361,False,True,False,all
2026-10-05,PGY,18.399999618530273,41,2,False,-0.09690150411669696,0.0875909511260009,0.7692307974459867,-0.42571788100002217,False,False,False,all
2026-10-05,OHI,45.36000061035156,41,4,False,-0.03934125319277593,-0.024722707830812984,0.15537449183925833,-0.13418589160521943,False,False,False,all
2026-10-05,COST,923.52001953125,41,3,False,-0.010053372679497796,-0.03973605468484365,0.09414025330247955,-0.1577564801356589,False,False,False,all
2026-10-05,CWT,45.84000015258789,41,4,False,-0.06442487313234913,-0.011104576554638479,0.11019615248663017,-0.14827201017252611,False,True,False,all
2026-10-05,VTR,81.36000061035156,41,4,False,-0.09922077559102449,-0.053171798955553684,0.21559838995040148,-0.19921258039117917,False,True,False,all
2026-10-05,SPYD,45.400001525878906,41,4,False,-0.07022843534656686,-0.0363133330037706,0.08430863826237123,-0.10805500658391243,False,False,False,all
2026-10-05,CALI,49.79520034790039,41,1,False,-0.008382637966620643,-0.01245958905217337,0.0027225231756686785,-0.031033256678132726,False,False,False,all
2026-10-05,IAUM,41.2599983215332,41,1,False,-0.0422959378929727,-0.08644461207909204,0.07029829152025924,-0.2534829386682683,False,True,False,all
2026-10-05,ODFL,179.3699951171875,41,3,False,-0.08253176250476213,-0.10275658298402912,0.4234583927970186,-0.28829902794920004,True,False,False,all
2026-10-05,AAAU,40.810001373291016,40,1,False,-0.04237841855541513,-0.08683254770951199,0.06916435239689323,-0.2540668606065948,False,False,False,all
2026-10-05,ASND,228.02999877929688,40,4,False,-0.08119219104448971,-0.03231638671063031,0.22561190693035926,-0.1918128523406707,False,False,False,all
2026-10-05,AVO,12.699999809265137,40,2,False,-0.012932924882662178,-0.01628933358770701,0.2611718166975403,-0.1822279441317557,False,False,False,all
2026-10-05,AXSM,177.0800018310547,40,3,False,-0.1492080824463493,-0.11432842451426262,0.5096333949191747,-0.31942042288526284,False,False,False,all
2026-10-05,BAC,54.0,40,4,False,-0.11051372523420155,-0.02347988236526699,0.17085865677822998,-0.1721600916603342,False,False,False,all
2026-10-05,BAR,40.7400016784668,40,1,False,-0.04252465176850051,-0.0870342346246713,0.06901078525306725,-0.25418761229351405,False,True,False,all
2026-10-05,BBDC,8.550000190734863,40,1,False,-0.0418450174824081,-0.021027840328870617,0.07412062182919765,-0.10377356132880622,False,True,False,all
2026-10-05,BSJQ,22.81999969482422,40,1,False,-0.003145210583313407,-0.012108397724649111,0.0008772130891636643,-0.027280452456284632,False,False,False,all
2026-10-05,EWG,41.25,40,2,False,-0.042950075803801724,-0.026583128398696143,0.08609795937799336,-0.08026752723744968,False,False,False,all
2026-10-05,FTSL,44.596099853515625,40,1,False,-0.00565050206195139,-0.010895095101530083,0.005095806334770581,-0.03241267724292651,False,False,False,all
2026-10-05,GLD,379.54998779296875,40,1,False,-0.0426177345702341,-0.08778161515217364,0.06675098598884599,-0.2553463239102255,False,True,False,all
2026-10-05,GLDM,81.9000015258789,40,1,False,-0.04234717393983167,-0.08666325704707212,0.06988893874378821,-0.2536905128470205,False,True,False,all
2026-10-05,HWM,229.57000732421875,40,3,False,-0.1066974291941768,-0.07674139390333301,0.24881686905057254,-0.25945158927671375,True,True,False,all
2026-10-05,IBDT,24.90999984741211,40,1,False,-0.0072928778098636515,-0.014166173090417788,0.0024144653932127724,-0.032245529568239006,False,False,False,all
2026-10-05,IBTI,21.8700008392334,40,1,False,-0.006631503611146505,-0.014323369401654906,0.0018323827607487075,-0.027567760702291055,False,False,False,all
2026-10-05,KIE,59.560001373291016,40,4,False,-0.05255787770923759,0.0019918934987781522,0.1143124513215732,-0.10476473070633541,False,False,False,all
2026-10-05,MTX,66.19999694824219,40,3,False,-0.06424751208191459,-0.07275645146112264,0.22728955568535247,-0.21508181381671287,False,True,False,all
2026-10-05,PRGS,37.21500015258789,40,3,False,-0.11254879433863618,0.01238929359937746,0.5623425956917303,-0.21437616652470604,False,False,False,all
2026-10-05,SCHO,23.829999923706055,40,1,False,-0.007041965470379052,-0.014535908935873199,0.0016813369751744744,-0.025756303530139024,False,True,False,all
2026-10-05,SGOL,39.41999816894531,40,1,False,-0.04210187704674673,-0.08664165560166281,0.06916190157128899,-0.25397429872992383,False,False,False,all
2026-10-05,USTB,49.970001220703125,40,1,False,-0.006489507182060761,-0.012506286333306527,0.0026083681323680885,-0.022113449846583477,False,False,False,all
2026-10-05,WRB,69.7699966430664,40,2,False,-0.0029895052607925576,0.012627682494851022,0.10975024381115861,-0.11638807684856534,False,True,False,all
2026-10-05,XLC,111.61000061035156,40,2,False,0.0001648948393115912,-0.018949449288938935,0.06264878518071271,-0.07304512485454695,False,False,False,all
2026-10-05,CDE,17.049999237060547,40,1,False,-0.10052020274333051,-0.11533815660246183,0.25830250900799934,-0.38602812545889353,False,False,False,all
2026-10-05,BSCS,20.155000686645508,40,1,False,-0.00626656769392242,-0.013295146473617292,0.003235467076352583,-0.02538682837441142,False,False,False,all
2026-10-05,TFPM,30.479999542236328,40,0,False,-0.053110334175437535,-0.08168016855909366,0.14543400387519334,-0.26906477255211014,False,True,False,all
2026-10-05,SPTS,28.6200008392334,40,1,False,-0.007497484441802316,-0.015012257289177433,0.0013996121635453385,-0.02653057106862189,False,False,False,all
2026-10-05,VTOL,40.43000030517578,40,3,False,-0.0828955255670013,-0.0777323470860034,0.1541536315744998,-0.19749901849916118,False,True,False,all
2026-10-05,WTRG,38.66999816894531,40,4,False,-0.04357938044100296,-0.013199493070297885,0.07089442025265114,-0.09033169381808137,False,False,False,all
2026-10-05,PG,145.94000244140625,40,3,False,0.0016142345346810139,-0.011576409068337234,0.0604563843875594,-0.12741403622477576,False,True,False,all
2026-10-05,VGSH,57.459999084472656,40,1,False,-0.007369597659537042,-0.01467359444050187,0.0013941794156200338,-0.026266722269926546,False,False,False,all
2026-10-05,OUNZ,39.779998779296875,40,1,False,-0.04235038190382667,-0.08712476644410527,0.06820614893523969,-0.25435801467560915,False,True,False,all
2026-10-05,BULL,7.360000133514404,40,2,False,-0.09448817276239208,0.041858375970292405,0.6355555852254231,-0.5106382877538516,False,True,False,all
2026-10-05,UFO,43.560001373291016,40,3,False,-0.023968308440959873,-0.08100681233995899,0.41016517429548505,-0.361402646755287,True,True,False,all
2026-10-05,RWR,104.12000274658203,40,4,False,-0.06726743994987683,-0.036521382717679796,0.07717772399999379,-0.12979522424776502,False,True,False,all
2026-10-05,SHY,81.08000183105469,40,1,False,-0.00703693465031241,-0.014263255308660683,0.0016059899655787024,-0.025480711477745888,False,False,False,all
2026-10-05,FFIN,32.029998779296875,40,4,False,-0.04765588922431563,-0.015780428952979153,0.13904686427349588,-0.1229463751967802,False,False,False,all
2026-10-05,IAU,77.81999969482422,40,1,False,-0.04243695430388772,-0.08717951985554129,0.06822239292796484,-0.2545977149671399,False,True,False,all
2026-10-05,PNC,220.27999877929688,40,4,False,-0.08763478049594153,-0.03444914924903175,0.24536404736780715,-0.14936667420492666,False,False,False,all
2026-10-05,ABX,8.239999771118164,39,3,False,-0.11395946961499281,-0.10059135627568905,0.6479999542236328,-0.33762057483411323,False,False,False,all
2026-10-05,AFL,112.37999725341797,39,4,False,-0.0518776246999233,-0.02322133465541909,0.06592048684553586,-0.13699895407809937,False,True,False,all
2026-10-05,ARCC,18.81999969482422,39,1,False,-0.03736971525768662,-0.01871329196857796,0.08160920157617157,-0.109744548808277,False,False,False,all
2026-10-05,BH.A,1821.47998046875,39,2,False,-0.026189101086249056,-0.004659611528273877,0.47130854642063813,-0.2751770869603064,False,False,False,all
2026-10-05,ECHO,98.20999908447266,39,3,False,0.09459356036408129,-0.0965066404291085,0.493461008121894,-0.33303905545349644,False,True,False,all
2026-10-05,ELAN,22.510000228881836,39,2,False,-0.05053946601684822,-0.05434471045701361,0.1603093129641604,-0.19549676207454636,False,True,False,all
2026-10-05,EQX,11.229999542236328,39,1,False,-0.04229919736911458,-0.14324844164997053,0.3235120797440354,-0.40770041748402996,False,True,False,all
2026-10-05,EWL,59.2599983215332,39,2,False,-0.04778128875125587,-0.03838043072560604,0.08118950623509158,-0.09568137608060778,False,False,False,all
2026-10-05,GGG,78.83000183105469,39,1,False,-0.005987005555159852,-0.03642878804505412,0.08716038489352562,-0.17619396154447198,True,True,False,all
2026-10-05,GLL,25.15999984741211,39,6,False,0.0839501234469886,0.1394953276426456,0.6128204636006365,-0.2421686967098582,False,True,False,all
2026-10-05,HCA,434.9200134277344,39,2,False,0.041473631630704055,-0.024364279037187853,0.2286223492923516,-0.2185006861135702,False,True,False,all
2026-10-05,IBOC,69.48999786376953,39,3,False,-0.03403202129571059,-0.028593546172644646,0.09952526938130268,-0.1143257879858719,False,False,False,all
2026-10-05,IR,78.55000305175781,39,1,False,-0.006774882044926933,-0.036878148263757016,0.15395920969469978,-0.22196905938919953,False,False,False,all
2026-10-05,MAS,68.45999908447266,39,4,False,-0.048754475649495754,-0.02396115698273471,0.17709764896979885,-0.18149211401183374,False,True,False,all
2026-10-05,MELI,1860.6099853515625,39,2,False,-0.0004478276757478028,0.012715529210805432,0.24455517414820238,-0.23368616748288196,False,False,False,all
2026-10-05,PAAS,45.31999969482422,39,2,False,-0.07325991077895877,-0.14107453298305517,0.37001200683970104,-0.35247891015747246,False,True,False,all
2026-10-05,RACE,383.3999938964844,39,5,False,-0.060928467568850286,0.04417322174320337,0.22684068322811535,-0.23895352172476836,False,False,False,all
2026-10-05,SKYW,96.05999755859375,39,1,False,-0.05932723590418365,-0.006285994555774943,0.23327767763932084,-0.1839959517287202,True,True,False,all
2026-10-05,SNA,367.3999938964844,39,4,False,-0.056618320585252735,-0.031819909853036954,0.14526186993993706,-0.1314831368769902,False,True,False,all
2026-10-05,SSD,172.77000427246094,39,3,False,-0.0573027840729321,-0.06394884523558153,0.10523283122757099,-0.19073492984666662,True,True,False,all
2026-10-05,TROW,103.93000030517578,39,4,False,-0.05383482387921945,0.00048662508700769713,0.21954938766097198,-0.14811475159691978,False,True,False,all
2026-10-05,CRSP,57.34000015258789,39,3,False,0.0503947706783443,0.07595735472959642,0.29963738759633696,-0.2693680211530982,False,True,False,all
2026-10-05,NBSD,49.91999816894531,39,1,False,-0.009305654099216465,-0.01707558800770337,0.0024096171430352253,-0.03199537590931012,False,False,False,all
2026-10-05,CRWV,87.38999938964844,39,4,False,0.0043973141905016,-0.053897483202657304,0.44327003287821776,-0.42956918322150695,False,True,False,all
2026-10-05,PCOR,54.18000030517578,39,1,False,-0.029348848834724883,-0.010457949114805243,0.42466479211855224,-0.3417967721771936,False,True,False,all
2026-10-05,IONQ,42.970001220703125,39,3,False,0.053067575473669804,-0.010497177274153002,0.6597142616343112,-0.4923203977957684,False,False,False,all
2026-10-05,SMMT,17.270000457763672,39,3,False,0.14371622126336647,0.05585745250024399,0.4308202895124582,-0.40916863741960974,False,False,False,all
2026-10-05,SMMU,49.47999954223633,39,1,False,-0.010874786541020254,-0.018127347752481815,0.0050782043941624,-0.027897877034848695,False,False,False,all
2026-10-05,NEAR,49.79999923706055,39,1,False,-0.009983677176925054,-0.018060408509078862,0.0024154374224563124,-0.030562579861175276,False,False,False,all
2026-10-05,FWONK,95.0,39,5,False,-0.03476276644502285,0.030225458856986798,0.185277581926512,-0.1313332580367531,False,False,False,all
2026-10-05,WGMI,44.349998474121094,39,3,False,-0.060580417832639455,-0.0927813022420273,0.3950927083005842,-0.4235768512238366,False,True,False,all
2026-10-05,SPSB,29.540000915527344,39,1,False,-0.008864493660023065,-0.01572701194839743,0.003056032266768094,-0.02636780596694588,False,True,False,all
2026-10-05,JPLD,51.25,39,1,False,-0.010479844888991785,-0.017076877590455508,0.006480790316601981,-0.028436018957345932,False,False,False,all
2026-10-05,OLLI,86.8499984741211,39,2,False,0.12479309295409746,-0.02718506856532077,0.44053735537020655,-0.3483643512186767,False,False,False,all
2026-10-05,SBRA,19.06999969482422,39,4,False,-0.06859299412807818,-0.044062376415450855,0.11065810192706649,-0.16249454056018253,False,False,False,all
2026-10-05,WWD,332.9599914550781,39,3,False,-0.03966905946700561,-0.08482319431092411,0.36074211505559606,-0.2615985506519569,False,True,False,all
2026-10-05,LIN,482.3800048828125,39,4,False,0.005053401790718892,-0.008511747478298859,0.24395277322530706,-0.12006568015062613,False,False,False,all
2026-10-05,FWONA,87.48999786376953,39,5,False,-0.03043777779707002,0.03432823244867844,0.1871099251905226,-0.12088021689191852,False,False,False,all
2026-10-05,SUB,104.5,39,1,False,-0.011530569162833126,-0.018122913845048938,0.004324814368514174,-0.027997414904860407,False,False,False,all
2026-10-05,ACGL,94.36000061035156,38,4,False,-0.03738841359618017,-0.02077683154686938,0.14445123229762946,-0.11887194101093579,False,False,False,all
2026-10-05,ADAM,7.71999979019165,38,3,False,-0.16415844274179914,-0.09571697718610639,0.19689922767163726,-0.2548262503835179,False,False,False,all
2026-10-05,AR,34.689998626708984,38,3,False,-0.05193197472178357,-0.04501956294822307,0.19209615711204098,-0.2417486638970714,False,False,False,all
2026-10-05,AX,88.51000213623047,38,2,False,-0.0732596849513516,-0.041191582651281755,0.18186677603932044,-0.16294681365264807,False,False,False,all
2026-10-05,BKGI,41.61000061035156,38,3,False,-0.055897394254401433,-0.05770934251565052,0.08557262255697173,-0.11165669353541563,False,True,False,all
2026-10-05,BSV,76.25,38,1,False,-0.011701456573684932,-0.02281424425094236,0.003025563892268046,-0.03870398016434362,False,False,False,all
2026-10-05,DXC,11.65999984741211,38,3,False,0.055260899360498605,0.002140062837310719,0.47594932995628003,-0.2563775752247095,False,True,False,all
2026-10-05,EVRG,79.08999633789062,38,3,False,-0.029672983855832058,-0.02499825701651348,0.1075478543891506,-0.10753787083423405,False,False,False,all
2026-10-05,EVSD,49.875,38,1,False,-0.013325791046625457,-0.02262704173227248,0.0029157542549447246,-0.03567287658849827,False,False,False,all
2026-10-05,EVSM,49.25,38,1,False,-0.01256063029940091,-0.020553070360444625,0.004487073754446458,-0.032036183842313215,False,False,False,all
2026-10-05,GLTR,186.47000122070312,38,1,False,-0.04586127611603352,-0.1203131078874834,0.11926767340477418,-0.3688396978073909,False,True,False,all
2026-10-05,IBDU,22.649999618530273,38,1,False,-0.0119672104176487,-0.02295834019091203,0.0035445248022931697,-0.03984741534452663,False,False,False,all
2026-10-05,ICF,62.630001068115234,38,4,False,-0.06414273816433236,-0.04383210846421215,0.06314719453978301,-0.11801155916089767,False,False,False,all
2026-10-05,LPTH,10.8100004196167,38,3,False,-0.04119062851056998,-0.10849033706517008,0.8542024976125426,-0.42925025793012395,True,True,False,all
2026-10-05,PHYS,31.200000762939453,38,1,False,-0.04600573817501086,-0.09105605732472721,0.06484647014856093,-0.2583788688076002,False,True,False,all
2026-10-05,PLMR,127.33999633789062,38,3,False,-0.03538563635384362,0.010929542427519756,0.26316833073899093,-0.13737975511513656,False,False,False,all
2026-10-05,PVH,74.9000015258789,38,1,False,-0.03954409523678293,-0.01614363475964642,0.256711467172289,-0.2565756672369339,False,True,False,all
2026-10-05,RAPP,32.189998626708984,38,4,False,-0.2571550174400825,-0.1006596687811192,0.3553683632298519,-0.3918383064214479,False,False,False,all
2026-10-05,SLQD,49.375,38,1,False,-0.010669743554370115,-0.019324035479820978,0.0029453678470841016,-0.03167290890968566,False,False,False,all
2026-10-05,WAY,26.479999542236328,38,3,False,0.07197361973478134,0.08773787513758746,0.534183035404965,-0.34374224179414625,False,True,False,all
2026-10-05,XDTE,38.64500045776367,38,1,False,-0.001710088285952871,-0.011111140004997244,0.07736274347675587,-0.13758091333605693,False,False,False,all
2026-10-05,CSL,330.9800109863281,38,2,False,-0.05037392896900339,-0.060049133073026506,0.127969257566785,-0.23545307757623135,True,True,False,all
2026-10-05,TAFI,24.639999389648438,38,1,False,-0.011643690256742834,-0.0207195162574898,0.006947285699397954,-0.03937622783246297,False,False,False,all
2026-10-05,STIP,99.94999694824219,38,1,False,-0.0058426357729687295,-0.022415042714615696,0.003917229803254152,-0.04041864982574572,False,False,False,all
2026-10-05,EPAC,36.02000045776367,38,1,False,-0.009721330166310493,-0.02502269254639866,0.11344674363983209,-0.19955554538302955,False,False,False,all
2026-10-05,QDTE,29.80500030517578,38,2,False,0.02622990533421654,-0.00594746117898981,0.11441388558319043,-0.18565569541621374,False,True,False,all
2026-10-05,SIGI,85.25,38,4,False,-0.0630220707573077,-0.019677177441398186,0.17133829939346423,-0.15089642724730312,False,False,False,all
2026-10-05,CGSD,25.290000915527344,38,1,False,-0.011503112748416422,-0.020541104464079307,0.0027756385439623443,-0.032887140173934126,False,False,False,all
2026-10-05,ENSG,172.88999938964844,38,1,False,-0.02153649781914957,-0.04884719255830772,0.22114703456463802,-0.20692660830436493,False,True,False,all
2026-10-05,TSLS,53.540000915527344,38,4,False,-0.09610065057292672,-0.04494338548665289,0.15887445955359958,-0.23328083185417992,True,True,False,all
2026-10-05,CBU,60.130001068115234,38,4,False,-0.048693340383182626,-0.042366464964446515,0.12476621956358902,-0.15440865487263067,False,False,False,all
2026-10-05,COLM,56.93000030517578,38,3,False,-0.020259102258996187,-0.04172445582608886,0.19928373375197772,-0.17564433365533072,False,True,False,all
2026-10-05,KXI,65.30000305175781,38,2,False,-0.04147910354156448,-0.04187430101754186,0.034045945747092965,-0.11337404346403301,False,True,False,all
2026-10-05,TCBI,93.69000244140625,38,3,False,-0.040122421242991146,-0.05036296707048138,0.24240814071836292,-0.13982735937909108,False,False,False,all
2026-10-05,BSCT,18.225000381469727,38,1,False,-0.010998651698046369,-0.022077420113803536,0.0035793245927191464,-0.03775079896656752,False,False,False,all
2026-10-05,CGSM,25.760000228881836,38,1,False,-0.014430022420363842,-0.02211681692483125,0.0066432229496002915,-0.03448276108585613,False,False,False,all
2026-10-05,PNW,95.95999908447266,38,3,False,-0.017994571439187368,-0.03167100852546423,0.11348339225649218,-0.13673987114861785,False,False,False,all
2026-10-05,IAGG,49.029998779296875,38,1,False,-0.012216869893058147,-0.019988032342346918,0.004507219828234765,-0.054022823709030776,False,False,False,all
2026-10-05,FERG,222.92999267578125,38,1,False,-0.038354554776530936,-0.06248031735999371,0.05091211777860005,-0.17931828650391524,True,True,False,all
2026-10-05,FRT,105.97000122070312,37,4,False,-0.087098240346416,-0.05812313092695731,0.17705212326484876,-0.17346544207581405,False,False,False,all
2026-10-05,GS,893.4600219726562,37,4,False,-0.10692025426116836,-0.06910001914127428,0.20736207643411708,-0.22576449576378488,False,True,False,all
2026-10-05,GSBD,9.050000190734863,37,1,False,-0.054474768946455976,-0.02960506648660788,0.08318380449755347,-0.12771082498941078,False,True,False,all
2026-10-05,HON,214.13999938964844,37,2,False,-0.03083198645050267,-0.07086550341266629,0.09328810049175806,-0.17728066227074135,True,True,False,all
2026-10-05,IBTJ,21.200000762939453,37,1,False,-0.011046391149993395,-0.023173110498595162,0.002127160237926695,-0.04193779309387757,False,False,False,all
2026-10-05,ICLN,17.290000915527344,37,2,False,-0.020563022695155975,-0.08159900084442384,0.10620606455099857,-0.2729184013338928,False,True,False,all
2026-10-05,IDEF,31.850000381469727,37,2,False,-0.031522783246161645,-0.04504593670533741,0.11597755289985145,-0.13638830100236132,True,False,False,all
2026-10-05,IGSB,51.119998931884766,37,1,False,-0.013470246801386088,-0.02449638172666202,0.002746163022862458,-0.040000020058502006,False,False,False,all
2026-10-05,ISTB,47.130001068115234,37,1,False,-0.013054544718108851,-0.02398311194800018,0.0025527068893143046,-0.03914369416533292,False,False,False,all
2026-10-05,JFLX,48.7400016784668,37,1,False,-0.0175011080517391,-0.026167178968681704,0.008274752267610319,-0.0410230999148945,False,True,False,all
2026-10-05,JSCP,45.88199996948242,37,1,False,-0.01559869446176454,-0.026557714191313475,0.0023374864016776353,-0.04152912067600234,False,False,False,all
2026-10-05,LMBS,48.46500015258789,37,1,False,-0.017234936913703036,-0.02685051033163033,0.012429522330881237,-0.06762215122361293,False,False,False,all
2026-10-05,MAIN,54.9900016784668,37,1,False,-0.03251342769681931,-0.02034399638254758,0.12339123230617588,-0.1569830009425922,False,True,False,all
2026-10-05,NJR,50.88999938964844,37,3,False,-0.06029339766023911,-0.05633875984376613,0.17096181458113202,-0.16381861848038404,False,False,False,all
2026-10-05,PAHC,37.189998626708984,37,2,False,0.03717829382896953,-0.09956101307104859,0.3164601283790791,-0.3809920523756395,False,False,False,all
2026-10-05,PPLT,15.579999923706055,37,1,False,-0.022744094687942917,-0.11890760667882538,0.13722628763611344,-0.40447979768486286,False,True,False,all
2026-10-05,QSR,69.87000274658203,37,4,False,-0.07294623676899925,-0.051152447312581284,0.0829201237116084,-0.14751093793241732,False,True,False,all
2026-10-05,UTF,25.170000076293945,37,3,False,-0.0443901083807382,-0.0437929140829707,0.07472245919296028,-0.10458913092214439,False,False,False,all
2026-10-05,VCSH,77.08999633789062,37,1,False,-0.013412213541123319,-0.024335958955125414,0.0026010788116759276,-0.03949670712641129,False,False,False,all
2026-10-05,VSDM,74.37999725341797,37,1,False,-0.016543476748865582,-0.02575958078522611,0.0058827177008453635,-0.04198869348091616,False,False,False,all
2026-10-05,CDW,133.9199981689453,37,3,False,-0.05966547242301723,0.01784379238542133,0.37891262748814536,-0.1757247666476891,False,True,False,all
2026-10-05,ABUS,4.670000076293945,37,6,False,-0.0348048825207633,0.028872337189847386,0.3342857360839844,-0.14311922206770944,False,False,False,all
2026-10-05,KVUE,17.389999389648438,37,4,False,-0.06515431576294672,-0.035761150614201154,0.24037081468272037,-0.13611524517390083,False,True,False,all
2026-10-05,VTES,98.66999816894531,37,1,False,-0.01437651599102463,-0.02448497806637051,0.00663131552886953,-0.03933405658201483,False,False,False,all
2026-10-05,RTX,184.3300018310547,37,4,False,-0.10501429652166971,-0.05440079800902775,0.18433566277252522,-0.18754408557834634,False,True,False,all
2026-10-05,HPP,11.25,37,3,False,-0.13675357408665323,0.037645792254547894,1.1387831768956995,-0.42806304238105375,True,True,False,all
2026-10-05,DFSD,46.540000915527344,37,1,False,-0.011936149953485908,-0.025006042614721502,0.003233488421049202,-0.04061013139906444,False,False,False,all
2026-10-05,SHM,46.689998626708984,37,1,False,-0.014970614495005585,-0.02412416381077509,0.00777027371954464,-0.036922461477498,False,False,False,all
2026-10-05,DFAR,24.059999465942383,37,4,False,-0.06902238119121362,-0.04426455633846327,0.062486154982328124,-0.12810291485317626,False,True,False,all
2026-10-05,TOST,30.040000915527344,37,3,False,-0.08869727287913709,0.009617276739014136,0.34950586732479616,-0.24380108069489426,False,False,False,all
2026-10-05,PB,67.22000122070312,37,1,False,-0.06275182602212093,-0.0474894775904231,0.10070413552663116,-0.12927456116649894,False,False,False,all
2026-10-05,FXE,103.58999633789062,37,1,False,-0.02548108925382575,-0.033292605525271246,0.0036817871988057416,-0.07127491942247244,False,False,False,all
2026-10-05,JPIE,44.720001220703125,37,1,False,-0.018294986065670482,-0.027762863438253738,0.0031404078936334567,-0.04054922473501732,False,False,False,all
2026-10-05,DLX,22.670000076293945,37,2,False,-0.06444477433003648,-0.10641786374411932,0.2764639518093768,-0.29310881534081645,False,True,False,all
2026-10-05,GFL,42.279998779296875,37,3,False,0.013899114044604532,0.0386879026307434,0.2685267463712879,-0.10061688387829026,False,False,False,all
2026-10-05,SCHH,21.850000381469727,37,4,False,-0.06904013983911927,-0.04510719538508201,0.059137240442708405,-0.12704755165557935,False,False,False,all
2026-10-05,OSW,22.920000076293945,37,4,False,-0.06174780013955872,-0.028300945674828326,0.20251840076117822,-0.2163566496841247,True,True,False,all
2026-10-05,VTIP,48.38999938964844,37,2,False,-0.022704608332458687,-0.028734536633590935,0.002278388838707457,-0.04140253905587299,False,False,False,all
2026-10-05,SCHJ,24.059999465942383,37,1,False,-0.012991940210900887,-0.02419282331997097,0.0029178697579019808,-0.03952095015050927,False,False,False,all
2026-10-05,ASHR,32.650001525878906,36,3,False,-0.03938940026529736,-0.04681964354379475,0.04279789469157036,-0.1253683384843155,False,False,False,all
2026-10-05,BCS,23.59000015258789,36,2,False,-0.10780471632599553,-0.06167898561825558,0.22291337651515053,-0.17776229649823694,False,False,False,all
2026-10-05,BNDX,46.790000915527344,36,1,False,-0.01358090507359666,-0.026400977148224425,0.003431264073496143,-0.06288803065204351,False,False,False,all
2026-10-05,DOG,22.139999389648438,36,2,False,0.02510437929128373,-0.020895551857440298,0.06596046710112957,-0.11863062699148796,False,False,False,all
2026-10-05,DOV,191.3000030517578,36,2,False,-0.030897780124593544,-0.08913131703626487,0.2033717153097956,-0.19466191606175487,True,False,False,all
2026-10-05,EMLC,24.690000534057617,36,1,False,-0.027860878572201764,-0.03643513892962591,0.009403166729101242,-0.07285011970887112,False,False,False,all
2026-10-05,GVI,102.83999633789062,36,1,False,-0.01697264689118716,-0.031049964845215272,0.0026323159195644763,-0.05076610841712237,False,False,False,all
2026-10-05,INMD,14.130000114440918,36,2,False,-0.047753826351302764,-0.018153384516473525,0.11084904228083503,-0.1559139601172712,False,True,False,all
2026-10-05,JSI,49.93539810180664,36,1,False,-0.01666642155188358,-0.0312950020825441,0.0016126478850371218,-0.05029675993061866,False,False,False,all
2026-10-05,KNG,48.43000030517578,36,2,False,-0.04400762040662631,-0.035237336800515995,0.015729865671133103,-0.08966166145408372,False,True,False,all
2026-10-05,LNN,114.38999938964844,36,1,False,-0.009600101519165904,-0.030419852010883375,0.1760049690286729,-0.2270945987185916,False,True,False,all
2026-10-05,MARA,11.170000076293945,36,3,False,-0.005502229892765165,0.017860404829920018,0.6771772270586909,-0.5236673896426012,False,True,False,all
2026-10-05,MRTN,13.050000190734863,36,3,False,-0.08229137518924301,-0.09664198714332939,0.3957218885892211,-0.2938311410176778,False,False,False,all
2026-10-05,MUX,17.899999618530273,36,1,False,-0.0620120342530045,-0.1547214186201702,0.19892828215983904,-0.3973064256326072,False,False,False,all
2026-10-05,PLD,128.0800018310547,36,3,False,-0.07389061462787205,-0.07135579455371543,0.15356212950744474,-0.1647864575590754,False,True,False,all
2026-10-05,POWR,24.8799991607666,36,2,False,-0.029588229120146137,-0.046540579247229874,0.07333903508237793,-0.1251758546568178,False,False,False,all
2026-10-05,REET,25.530000686645508,36,4,False,-0.0668586517542592,-0.04751953253085739,0.03590992949659455,-0.12147277509189047,False,False,False,all
2026-10-05,SWX,82.79000091552734,36,3,False,-0.06017853295208042,-0.054764613751852265,0.07883767553001375,-0.12363713511433838,False,False,False,all
2026-10-05,TRP,59.47999954223633,36,3,False,-0.048310867995115414,-0.05741482065977388,0.20722547167875716,-0.16776271825490863,False,False,False,all
2026-10-05,USAS,4.429999828338623,36,1,False,-0.0958445920858002,-0.2465602284928855,0.2585226853247269,-0.5780952544439406,False,True,False,all
2026-10-05,DFGX,51.293800354003906,36,1,False,-0.010877337568039436,-0.0260277352308369,0.005563655005079715,-0.0627845645344951,False,False,False,all
2026-10-05,RSG,212.8300018310547,36,2,False,-0.017921323962287405,-0.010860632431673678,0.08360062045104977,-0.08821007839691586,False,True,False,all
2026-10-05,ESNT,61.09000015258789,36,2,False,-0.08753345545009428,-0.029396924967472815,0.10390314391300404,-0.13187441000128264,False,False,False,all
2026-10-05,NVST,23.34000015258789,36,4,False,-0.11297248204325694,-0.09074794463047264,0.24347360593344947,-0.2327416142652623,False,True,False,all
2026-10-05,CMP,22.65999984741211,36,3,False,-0.10661484448432579,-0.12162712819303967,0.3817073399080262,-0.34318841021993884,False,True,False,all
2026-10-05,SDIV,23.670000076293945,36,2,False,-0.03571952203273687,-0.05447456591148947,0.033624474698270346,-0.10476552200502443,False,False,False,all
2026-10-05,USA,5.809999942779541,36,1,False,-0.018348941386218676,-0.015204174660049197,0.07592589632800961,-0.10200925329435895,False,True,False,all
2026-10-05,XRT,82.91999816894531,36,1,False,-0.04206283782354747,-0.032737287378666324,0.07353703343174312,-0.11334472684572083,False,True,False,all
2026-10-05,MTG,27.1200008392334,36,4,False,-0.09836226765370593,-0.02627650168390283,0.09842042335413548,-0.1495766272094502,False,False,False,all
2026-10-05,SHYG,41.099998474121094,36,1,False,-0.01975752866238445,-0.030285332553689148,0.006859352802307317,-0.051027541655374264,False,False,False,all
2026-10-05,KIM,22.030000686645508,36,3,False,-0.07325606705308152,-0.053728677329997865,0.11487856434565047,-0.17335831137019564,False,True,False,all
2026-10-05,L,105.66999816894531,36,4,False,-0.04404609081697208,-0.030537134146450318,0.08513042872607368,-0.12676641349047912,False,False,False,all
2026-10-05,CARY,20.09000015258789,36,1,False,-0.022551846192713887,-0.033695589637871004,0.0009965350307816756,-0.06753306653765101,False,False,False,all
2026-10-05,NWN,47.189998626708984,36,3,False,-0.040658696891625934,-0.054756641535338435,0.08134737137284698,-0.15717097317291573,False,False,False,all
2026-10-05,WULF,14.789999961853027,36,3,False,-0.09571150990975741,-0.18172010514747794,0.412607410185879,-0.5043565721774852,False,True,False,all
2026-10-05,TFIN,61.599998474121094,36,4,False,-0.12040212330128675,-0.08750881817995482,0.32672836677225336,-0.2624520959049278,False,False,False,all
2026-10-05,NOWL,7.239999771118164,36,3,False,0.04900167317348303,0.058808439130482615,1.0744984960842991,-0.6945405504320786,True,True,False,all
2026-10-05,VRP,23.670000076293945,36,1,False,-0.016270801952923963,-0.024777125067888206,0.0033912642301223705,-0.047484921008519976,False,False,False,all
2026-10-05,LKFN,58.310001373291016,36,4,False,-0.03712459337148322,-0.02630688977700224,0.07266373654505198,-0.10881856791496214,False,False,False,all
2026-10-05,AIR,102.23999786376953,35,4,False,-0.20921715240819694,-0.12943930002606174,0.34349539965546416,-0.33610390997552253,False,False,False,all
2026-10-05,AIRR,106.19000244140625,35,3,False,-0.05292183693671759,-0.09362062453435738,0.17324052519162625,-0.21369862982743504,True,False,False,all
2026-10-05,BINC,50.59000015258789,35,1,False,-0.01974841364452784,-0.031641527194665064,0.0031727116090396468,-0.05456920688727185,False,False,False,all
2026-10-05,BKU,43.22999954223633,35,2,False,-0.05152025748264877,-0.07154455781972069,0.2316239721237996,-0.17040876922099357,False,False,False,all
2026-10-05,BMA,68.77999877929688,35,1,False,-0.1217160337578459,-0.17399937034477064,0.6730721906624824,-0.3520490080960704,False,False,False,all
2026-10-05,ED,103.37999725341797,35,3,False,-0.032665573545829996,-0.04207310372038797,0.08866889479911655,-0.11055670422768749,False,False,False,all
2026-10-05,EZA,63.16999816894531,35,2,False,-0.06880278571025733,-0.08619721984612183,0.04811676935715159,-0.2273728410171767,False,False,False,all
2026-10-05,FLHY,23.329999923706055,35,1,False,-0.026232868204363435,-0.03718099623040749,0.008210913529349995,-0.0527811320079673,False,False,False,all
2026-10-05,FLXR,37.72999954223633,35,1,False,-0.022680656675191924,-0.03631777868498076,0.0021247812248410547,-0.056042071805255556,False,False,False,all
2026-10-05,FTS,52.56999969482422,35,3,False,-0.046286927157006996,-0.05319540261759015,0.05987905871111532,-0.11498319285529057,False,False,False,all
2026-10-05,GRND,13.539999961853027,35,4,False,-0.1441430081402858,-0.0018650543079201665,0.3912864235078162,-0.2681081101701066,False,False,False,all
2026-10-05,HHH,71.66000366210938,35,3,False,0.08614271509294835,0.03046387562932451,0.19254457447398088,-0.21313271217478624,False,False,False,all
2026-10-05,HYG,76.9800033569336,35,1,False,-0.025068537335243724,-0.03615177865865016,0.00772357601779361,-0.0534857786325551,False,False,False,all
2026-10-05,IBDV,21.09000015258789,35,1,False,-0.017118625816951005,-0.03243587144823534,0.0033301471598381482,-0.05362350024709517,False,False,False,all
2026-10-05,IGOV,39.77000045776367,35,1,False,-0.027357251081875367,-0.04047519584842885,0.007342984003723574,-0.07769013351352294,False,True,False,all
2026-10-05,LYTS,20.84000015258789,35,3,False,-0.04096602370831648,-0.04799754270949852,0.21092395474851156,-0.23830410498225107,True,True,False,all
2026-10-05,OCSL,11.829999923706055,35,1,False,-0.05710005025656284,-0.02945677333000829,0.11288803352268362,-0.17330541042549263,False,True,False,all
2026-10-05,SAIA,346.1400146484375,35,3,False,-0.025427696006815825,-0.10960676370395117,0.3883362926358045,-0.3003173159483913,False,True,False,all
2026-10-05,SPIB,32.189998626708984,35,1,False,-0.02059820697598258,-0.03660400061442426,0.003428827599000206,-0.05711777380789029,False,False,False,all
2026-10-05,STAG,36.04999923706055,35,2,False,-0.032682215103028045,-0.051098562283273474,0.01864933198063734,-0.15395450080555373,False,False,False,all
2026-10-05,SYF,71.87999725341797,35,1,False,-0.06268341072120964,-0.03655996104225201,0.13950531336273664,-0.19026698240804396,False,True,False,all
2026-10-05,TR,37.61000061035156,35,3,False,-0.04232020814554971,-0.0458196247365773,0.12480546830158668,-0.1653351206366227,False,False,False,all
2026-10-05,UHS,176.0500030517578,35,1,False,0.017566550052697583,-0.02506260431041396,0.25678184430697826,-0.2853083191526884,False,True,False,all
2026-10-05,UL,59.97999954223633,35,1,False,-0.04874885076692248,-0.04246259136997543,0.09552510579427076,-0.20005338947894535,False,True,False,all
2026-10-05,USLM,110.77999877929688,35,1,False,-0.04224233198558314,-0.05117677039916302,0.15072195535674737,-0.21677038414087102,False,True,False,all
2026-10-05,YETI,40.52000045776367,35,2,False,-0.0861895476607053,-0.08717664575486517,0.27984840976162473,-0.24949066126951902,True,True,False,all
2026-10-05,DOCS,28.579999923706055,35,3,False,0.13225785879761776,0.06989706921345307,0.6664723358259359,-0.6154984633437008,False,True,False,all
2026-10-05,DFGR,26.809999465942383,35,4,False,-0.06854095726672316,-0.05139052408620903,0.030440457666910392,-0.11881675798744973,False,False,False,all
2026-10-05,BSCU,16.165000915527344,35,1,False,-0.015553765799364627,-0.031294552143308674,0.004037300156366941,-0.051071261501474674,False,False,False,all
2026-10-05,HYS,90.16999816894531,35,1,False,-0.021728775925843435,-0.03511294338807802,0.008049203412714867,-0.059553600834809206,False,False,False,all
2026-10-05,NVS,140.92999267578125,35,3,False,-0.06196257716167641,-0.06521231772867742,0.15924975758457016,-0.17323719860961162,False,True,False,all
2026-10-05,SYY,76.37999725341797,35,2,False,-0.0647774762751886,-0.04349125444194313,0.12010550694801858,-0.16842679888624956,False,False,False,all
2026-10-05,FHN,23.360000610351562,35,2,False,-0.052563245262479685,-0.042891620883228954,0.17979805608414368,-0.12048188704574891,False,False,False,all
2026-10-05,SON,48.220001220703125,35,4,False,-0.10583486125113062,-0.07251748815702297,0.24760670936627083,-0.20520846091956657,True,True,False,all
2026-10-05,JBIO,14.069999694824219,35,3,False,-0.27246968785526615,-0.23209485055970458,0.7158536612313819,-0.4975000108991351,False,True,False,all
2026-10-05,THRM,32.22999954223633,35,1,False,-0.1751717311309029,-0.07050386562337285,0.19370368674949368,-0.333402263508092,False,False,False,all
2026-10-05,LSPD,10.210000038146973,35,3,False,0.0023955449477222057,0.024694023835720724,0.30395914912275357,-0.255559611771463,False,False,False,all
2026-10-05,SJNK,24.15999984741211,35,1,False,-0.021569222094450557,-0.03395744155532743,0.007086289200328055,-0.05551212199097666,False,False,False,all
2026-10-05,JPIB,46.56999969482422,35,1,False,-0.019603720691369286,-0.033309720790147934,0.004096563655312302,-0.057764280957146696,False,False,False,all
2026-10-05,DORM,123.44000244140625,34,1,False,-0.04902335122866952,-0.00039758492483343844,0.2538344973875619,-0.24731705828410822,False,True,False,all
2026-10-05,ETR,100.81999969482422,34,3,False,-0.04233593683404868,-0.05145227433397004,0.10949704685264194,-0.14883915329370212,False,False,False,all
2026-10-05,FDIS,96.36000061035156,34,1,False,-0.03613204166321804,-0.042433622040262464,0.07126185524828577,-0.1032107645683098,False,False,False,all
2026-10-05,FPEI,18.420000076293945,34,1,False,-0.02718802850534696,-0.04097838573005552,0.0065574231823122275,-0.060683350179471685,False,False,False,all
2026-10-05,HMN,45.599998474121094,34,4,False,-0.0872771500093964,-0.02658223666573689,0.10438356655431669,-0.17926570649722706,False,False,False,all
2026-10-05,HYLB,35.060001373291016,34,1,False,-0.026784219489027428,-0.03863419889475739,0.007471325917547178,-0.0565123380716952,False,False,False,all
2026-10-05,IBDW,20.010000228881836,34,1,False,-0.021085064014664034,-0.03962793884271176,0.0040140452825421225,-0.06678477960302209,False,False,False,all
2026-10-05,IEI,113.16999816894531,34,1,False,-0.020006873592914975,-0.03802386915375233,0.002569108102264517,-0.06300712607438774,False,False,False,all
2026-10-05,IGF,62.0099983215332,34,3,False,-0.0414846786845503,-0.05698255385101547,0.02360509156910373,-0.1090517287210866,False,False,False,all
2026-10-05,KSA,36.52000045776367,34,2,False,-0.032162297071652635,-0.04192809269933462,0.019826837677873188,-0.11305401009229488,False,True,False,all
2026-10-05,MSCI,552.3499755859375,34,2,False,-0.014691106203678084,-0.03569461756556669,0.10231897179608818,-0.14333799827185234,False,False,False,all
2026-10-05,PPG,105.2699966430664,34,2,False,-0.05079387633950627,-0.0599655163105669,0.12720845198693476,-0.2110469727832499,False,True,False,all
2026-10-05,RF,27.06999969482422,34,4,False,-0.09432170329227385,-0.056620221563835615,0.19251095969209508,-0.16630740138179678,False,False,False,all
2026-10-05,SCYB,25.09000015258789,34,1,False,-0.027691977516877242,-0.04018722784079454,0.00718561517144245,-0.061002964171183116,False,False,False,all
2026-10-05,SPHD,48.13999938964844,34,4,False,-0.06744464668577554,-0.048479338218898715,0.03349071484049859,-0.10917841276689644,False,False,False,all
2026-10-05,SPHY,22.5,34,1,False,-0.025940294749571047,-0.03844715828303524,0.008064529912046536,-0.06054282742166772,False,False,False,all
2026-10-05,SPLV,71.08999633789062,34,4,False,-0.0449899117531013,-0.04065384770355063,0.020967961253236744,-0.09807159841236579,False,True,False,all
2026-10-05,USHY,35.540000915527344,34,1,False,-0.026815926501833842,-0.03886131631054557,0.0067989145511035964,-0.06028553140387516,False,False,False,all
2026-10-05,VNO,33.209999084472656,34,4,False,-0.1042916572697975,-0.004153141034670016,0.35164833117472494,-0.20645160584632227,False,False,False,all
2026-10-05,VNQ,89.1500015258789,34,4,False,-0.07030243033730521,-0.05528814457047526,0.02660070572780948,-0.1242632725604862,False,False,False,all
2026-10-05,YOU,41.25,34,3,False,-0.08855087519021565,-0.12029089033574714,0.40139292503565716,-0.40277978598150943,False,False,False,all
2026-10-05,CUBE,37.189998626708984,34,4,False,-0.07230487916647677,-0.05439219231727399,0.059846066257888575,-0.1403143765681285,False,False,False,all
2026-10-05,DASH,191.77000427246094,34,2,False,-0.06998870011435365,0.02800921208663798,0.3382414528155766,-0.32830121095460263,False,False,False,all
2026-10-05,NBIX,144.2100067138672,34,3,False,-0.06975450007381567,-0.020649107619109985,0.18069434611516155,-0.22517724856446697,False,False,False,all
2026-10-05,OGE,44.970001220703125,34,3,False,-0.03036337073082096,-0.03678196355226493,0.07841727572988111,-0.11108912660474224,False,False,False,all
2026-10-05,JNK,92.5199966430664,34,1,False,-0.026236498623999127,-0.03799317363509769,0.008832161887251555,-0.05668846945543016,False,False,False,all
2026-10-05,RCL,275.0299987792969,34,1,False,-0.02373797581346948,-0.04129527824308321,0.2376473641818777,-0.22828926884890022,False,False,False,all
2026-10-05,BWX,21.139999389648438,34,1,False,-0.02460183868401511,-0.0422124527251615,0.007146242027914251,-0.08564019799796052,False,False,False,all
2026-10-05,BSCV,15.795000076293945,34,1,False,-0.019714930274105313,-0.03843431305487455,0.00400455911113573,-0.07306342560691514,False,False,False,all
2026-10-05,UNIT,7.949999809265137,34,3,False,-0.17399167116706526,-0.17215097236490517,0.4999999100307282,-0.38553099566903004,False,False,False,all
2026-10-05,PSA,281.6600036621094,34,4,False,-0.08762740400059044,-0.06027488370471057,0.09791843096781072,-0.16060195527144228,False,False,False,all
2026-10-05,LW,44.56999969482422,34,2,False,-0.1119143383778094,-0.026602986521539584,0.1847421839517649,-0.33547040558189123,False,False,False,all
2026-10-05,DFNM,46.20000076293945,34,1,False,-0.02114370297759116,-0.03798339681548735,0.010940918854545734,-0.05463470896872269,False,False,False,all
2026-10-05,BNDW,65.69999694824219,34,1,False,-0.01965177971288612,-0.035938132330516015,0.00351299409272543,-0.06623086443554949,False,False,False,all
2026-10-05,OSK,132.6699981689453,34,1,False,-0.10071675575965078,-0.09693717867839236,0.1361651278836704,-0.2649454588555038,False,False,False,all
2026-10-05,SKT,34.59000015258789,34,4,False,-0.08100152243501757,-0.053107032372392116,0.11114683858334162,-0.18669172007063606,False,False,False,all
2026-10-05,VCR,371.239990234375,34,1,False,-0.03577785067363737,-0.04224740390923465,0.07146149406299762,-0.10389110908501997,False,False,False,all
2026-10-05,NVDY,13.020000457763672,34,1,False,0.03502555386075956,-0.026603880483001996,0.12522689017036326,-0.2589641045014297,False,True,False,all
2026-10-05,TEX,56.900001525878906,34,4,False,-0.08628428171204783,-0.08512807979728809,0.3645084049122689,-0.23818450038856898,False,False,False,all
2026-10-05,ADUR,12.130000114440918,33,4,False,-0.13124440001931437,-0.07595736428874822,0.3477777904934354,-0.33315009575015686,True,True,False,all
2026-10-05,AROC,30.100000381469727,33,3,False,-0.07059177990134047,-0.10793932706697107,0.31555950548650347,-0.28723654492666484,False,True,False,all
2026-10-05,BNL,18.399999618530273,33,4,False,-0.10139577993155502,-0.0733793116216136,0.07257352853701415,-0.20346323313092596,False,True,False,all
2026-10-05,EMN,64.94000244140625,33,3,False,-0.0712853198907939,-0.0867515357197135,0.15736948378192794,-0.22199590880922215,False,False,False,all
2026-10-05,FREL,27.030000686645508,33,4,False,-0.07079552591275473,-0.05634767829573606,0.025028434827736534,-0.1258085181128722,False,False,False,all
2026-10-05,GOVT,21.790000915527344,33,1,False,-0.02293125948710606,-0.04169860620600763,0.002761222943166386,-0.06840523795948428,False,False,False,all
2026-10-05,HYDB,44.779998779296875,33,1,False,-0.02818441273533201,-0.04206683495333563,0.007990985893820302,-0.06337591522611519,False,False,False,all
2026-10-05,IBN,27.75,33,1,False,-0.052629420252761516,-0.031148150591989388,0.10645933350941572,-0.15985464651625614,False,True,False,all
2026-10-05,INMU,22.93000030517578,33,1,False,-0.024446263653852163,-0.0442274939680134,0.01236206142875318,-0.06712773082391021,False,False,False,all
2026-10-05,IYR,94.36000061035156,33,4,False,-0.07316095230974051,-0.057393501232483546,0.020659856410581323,-0.12766938885424228,False,False,False,all
2026-10-05,KRG,24.1299991607666,33,3,False,-0.07876856996115034,-0.07349816269173459,0.13127047571850392,-0.19351607288647188,False,True,False,all
2026-10-05,LGIH,46.45000076293945,33,2,False,-0.1459544392801051,-0.07974698953546666,0.3845007993809162,-0.2988679130122347,False,True,False,all
2026-10-05,NUVB,4.949999809265137,33,1,False,-0.21637540696343338,-0.1404384963290407,0.47321427494388835,-0.49230771187024236,False,False,False,all
2026-10-05,OZK,46.59000015258789,33,4,False,-0.05666489686163456,-0.039219989007545863,0.09959880403790722,-0.12736466219887188,False,False,False,all
2026-10-05,PFF,29.489999771118164,33,1,False,-0.02545258238025394,-0.04598150029881809,0.011663813277436708,-0.07901313711668223,False,False,False,all
2026-10-05,PRMB,19.8799991607666,33,4,False,-0.09775805062259768,-0.06030057404335509,0.3844010888623257,-0.2415108792375379,False,True,False,all
2026-10-05,PYLD,25.229999542236328,33,1,False,-0.027700718105207134,-0.04338713186689225,0.003380357244989085,-0.0669379183434734,False,False,False,all
2026-10-05,RYAM,6.940000057220459,33,2,False,-0.18247143018578826,-0.19623829602977128,0.28996280847508005,-0.41434600558555357,False,False,False,all
2026-10-05,SCHR,23.639999389648438,33,1,False,-0.022769007904243965,-0.04260297708518235,0.002969864053056881,-0.07002363026369507,False,False,False,all
2026-10-05,SVV,9.1899995803833,33,2,False,-0.09637966224738304,-0.025672875165102305,0.3309195222513066,-0.33789628929311644,False,True,False,all
2026-10-05,TM,184.1199951171875,33,0,False,-0.035086365761667015,-0.08505006676944105,0.10848879200185935,-0.26026516821144796,False,True,False,all
2026-10-05,VZLA,3.509999990463257,33,0,False,-0.07607265575918043,-0.11575765673036276,0.21874994825985894,-0.5118219801767057,False,True,False,all
2026-10-05,XLRE,40.66999816894531,33,4,False,-0.07169013096545584,-0.058548513637210586,0.02378853948703963,-0.12452918811946234,False,False,False,all
2026-10-05,DGCB,51.96419906616211,33,1,False,-0.018382587657505556,-0.03963667966376383,0.004527344403600031,-0.0725646939445782,False,False,False,all
2026-10-05,CNA,46.209999084472656,33,2,False,-0.06371444707932461,-0.030548951683919245,0.11268963262066856,-0.17052594069504867,False,False,False,all
2026-10-05,CI,271.2900085449219,33,2,False,-0.02624039662022737,-0.03086188343906493,0.1326876321112307,-0.14004498844526547,False,False,False,all
2026-10-05,DFGP,51.97589874267578,33,1,False,-0.01953426203299724,-0.03773256036502004,0.0038801972163431397,-0.07466796444704749,False,False,False,all
2026-10-05,SPTI,27.200000762939453,33,1,False,-0.022953386490600747,-0.04248275937853807,0.00258022868921004,-0.06976740848656648,False,False,False,all
2026-10-05,PCAR,109.36000061035156,33,2,False,-0.11961228657284961,-0.09422734983982328,0.1854742613588245,-0.21459353421441407,False,False,False,all
2026-10-05,MHO,132.0,33,4,False,-0.09455332115881021,-0.044692815616838244,0.13033054786605613,-0.19344985307145823,False,True,False,all
2026-10-05,NCNO,19.280000686645508,33,2,False,-0.053333428284635276,0.03211857160285381,0.39710147972243104,-0.2989090659401633,False,True,False,all
2026-10-05,BXSL,23.520000457763672,33,1,False,-0.034482738317108685,-0.037686501724028876,0.04672902432111492,-0.17733472080325596,False,False,False,all
2026-10-05,PGR,212.6199951171875,33,2,False,-0.008007066603359148,0.01695439922633102,0.1237843474984417,-0.14089462039686163,False,False,False,all
2026-10-05,STRA,79.27999877929688,33,2,False,-0.0279239036242791,-0.01595658719770654,0.13744623027987513,-0.11646053924759192,False,True,False,all
2026-10-05,CGMS,26.25,33,1,False,-0.025290462282154702,-0.04106523698920539,0.005939861687069836,-0.062165051280693606,False,False,False,all
2026-10-05,SHW,318.4599914550781,33,1,False,-0.06065262082819012,-0.04423069270992974,0.09866834868161445,-0.15700028928567766,True,True,False,all
2026-10-05,TCMD,22.469999313354492,33,1,False,-0.07052743421311569,-0.1519738938344577,0.6049999509538924,-0.40508342491333604,True,True,False,all
2026-10-05,VGIT,56.5099983215332,33,1,False,-0.02285258647003663,-0.04255637468705453,0.0028393939972437554,-0.0699473357044812,False,False,False,all
2026-10-05,HYLS,39.36000061035156,33,1,False,-0.024109635014422537,-0.038007959536807356,0.008972117505197552,-0.0716981322199216,False,False,False,all
2026-10-05,AGG,94.12999725341797,32,1,False,-0.02635959022964507,-0.046205316751420145,0.003090376458276145,-0.07224523849001752,False,False,False,all
2026-10-05,ALV,112.06999969482422,32,1,False,-0.06657338390038647,-0.057961392488308006,0.13019358164513628,-0.15207686125884956,False,False,False,all
2026-10-05,AWI,163.47000122070312,32,1,False,-0.04865162098284559,-0.05041506917008176,0.08776951389770282,-0.20676436447862334,False,True,False,all
2026-10-05,AWK,127.83999633789062,32,4,False,-0.05771498924385732,-0.031003521905089815,0.0602968952597458,-0.12221919202385667,False,True,False,all
2026-10-05,BND,69.87999725341797,32,1,False,-0.025780333932952426,-0.045303060840358844,0.0033021639985695295,-0.07111532453524128,False,False,False,all
2026-10-05,BSCW,19.614999771118164,32,1,False,-0.0232245074357037,-0.044584291172418244,0.0033248356314201644,-0.07650659216153344,False,False,False,all
2026-10-05,ECVT,10.369999885559082,32,3,False,-0.014951470656222932,-0.12187481030159641,0.39946020230766033,-0.312562157153768,False,True,False,all
2026-10-05,EXR,132.91000366210938,32,3,False,-0.0639085771899569,-0.06244265505219382,0.05727471665001427,-0.1634566995378569,False,False,False,all
2026-10-05,F,12.149999618530273,32,0,False,-0.11591358448572309,-0.09907908648416741,0.09360936039525214,-0.31664796685547414,False,True,False,all
2026-10-05,FAF,61.970001220703125,32,4,False,-0.13536665206697263,-0.0782457178974173,0.10266904589739156,-0.22411419694917845,False,False,False,all
2026-10-05,IBDX,24.010000228881836,32,1,False,-0.02424155500494929,-0.04506907192336296,0.0048127126559982525,-0.07653845273531401,False,False,False,all
2026-10-05,IRMD,86.47000122070312,32,1,False,-0.008711450832898038,-0.07629806397501415,0.2213276482133748,-0.19860982393068805,False,False,False,all
2026-10-05,JBND,50.83000183105469,32,1,False,-0.027441312128332118,-0.04780901732273879,0.002267606785384846,-0.0888231250320114,False,False,False,all
2026-10-05,KEY,20.18000030517578,32,4,False,-0.07292555753627084,-0.06600665599845357,0.22525811454121203,-0.16161194179345606,False,False,False,all
2026-10-05,MSOS,4.389999866485596,32,4,False,-0.07199934698730348,-0.027847005577283146,0.48310804388834927,-0.3944827770364696,False,False,False,all
2026-10-05,MUNI,49.790000915527344,32,1,False,-0.02597909128896503,-0.04538676923929874,0.010144045256905043,-0.06707884744248382,False,False,False,all
2026-10-05,NTGR,22.940000534057617,32,2,False,0.021134937916851282,-0.006403777115449483,0.20736844916092712,-0.3776451396038427,False,True,False,all
2026-10-05,OMC,75.25,32,4,False,-0.07948592582779423,-0.03871027325522014,0.13447908823619392,-0.15987495527089635,False,True,False,all
2026-10-05,SCI,75.94000244140625,32,2,False,-0.07080661146777945,-0.04917219167357434,0.110071603218866,-0.16540274508958863,False,False,False,all
2026-10-05,SUZ,8.430000305175781,32,0,False,-0.030499549265167625,-0.07370268308188299,0.11581740525725137,-0.2691807181023014,False,True,False,all
2026-10-05,TIP,103.9800033569336,32,1,False,-0.02246687124824609,-0.048711207171300175,0.002120289284634813,-0.07359225466897679,False,False,False,all
2026-10-05,VTEI,95.51000213623047,32,1,False,-0.025387254723021946,-0.0463845675823239,0.011865692910523196,-0.06966550669829341,False,False,False,all
2026-10-05,CMI,523.3699951171875,32,3,False,-0.09437456695387236,-0.13261178374137828,0.30607405051621783,-0.29059587374022333,True,False,False,all
2026-10-05,CGMU,26.010000228881836,32,1,False,-0.028045061749001343,-0.04658307447603294,0.010882265512126343,-0.06874328876889213,False,False,False,all
2026-10-05,XLY,110.41999816894531,32,1,False,-0.034844214037050514,-0.050731545088139596,0.04971951332021618,-0.11671069288828273,False,False,False,all
2026-10-05,CIFR,15.479999542236328,32,2,False,-0.11194742926368006,-0.155131389220866,0.3208190434760745,-0.4863968196511337,False,True,False,all
2026-10-05,NNI,125.01000213623047,32,1,False,-0.023560746532154453,-0.04793853560203398,0.07194305601141249,-0.13415987042183497,False,True,False,all
2026-10-05,DIN,29.860000610351562,32,1,False,-0.07696491031923247,-0.06434285743482449,0.28540685315385805,-0.24747982911540745,False,False,False,all
2026-10-05,HFSI,33.51499938964844,32,1,False,-0.031050903402049634,-0.04635081238467609,0.0016437629013954513,-0.06993202354473294,False,False,False,all
2026-10-05,UCON,23.760000228881836,32,1,False,-0.02744042057502516,-0.043667865283502194,0.008488996921607317,-0.07278047887290395,False,False,False,all
2026-10-05,IUSB,43.91999816894531,32,1,False,-0.02633683130451192,-0.04525582594382627,0.0034269524700230036,-0.07008260439068992,False,False,False,all
2026-10-05,D,61.02000045776367,32,4,False,-0.07184034364399916,-0.05190515860573053,0.09256942032036353,-0.16399503707818952,False,False,False,all
2026-10-05,HOV,111.69000244140625,32,4,False,-0.09752308213723626,-0.05358123141165705,0.22038905745379456,-0.24777744036066973,True,True,False,all
2026-10-05,VIV,12.619999885559082,32,1,False,0.06352496310561784,-0.08266550967284436,0.1298119784566938,-0.2688296802892539,False,True,False,all
2026-10-05,VPLS,73.62000274658203,32,1,False,-0.028439680926411137,-0.04724438802580844,0.00238277694172484,-0.07291273956067146,False,False,False,all
2026-10-05,SPAB,24.25,32,1,False,-0.026831363156026078,-0.04690410735580086,0.002894941850320576,-0.07336645283517496,False,False,False,all
2026-10-05,IVT,29.760000228881836,32,3,False,-0.08426823745561207,-0.0691636937713328,0.11003360021274666,-0.2004298964845752,False,False,False,all
2026-10-05,VNT,31.889999389648438,32,0,False,-0.018146906479879044,-0.06666649015464221,0.17014637236682773,-0.33838176587398794,False,True,False,all
2026-10-05,EAGG,45.06999969482422,32,1,False,-0.02639765725705867,-0.04646651509874444,0.003115944551469463,-0.07263372201907692,False,False,False,all
2026-10-05,AEP,119.7300033569336,31,3,False,-0.030802529841494453,-0.057795295208268205,0.06388841641118415,-0.1483141144014073,False,False,False,all
2026-10-05,AQST,4.570000171661377,31,2,False,-0.0011146947937756835,0.05456269662851665,0.5597269855079752,-0.39470197930994144,False,True,False,all
2026-10-05,AVIG,39.369998931884766,31,1,False,-0.025564546655399423,-0.047426660431322154,0.003312875837345075,-0.07449640150998837,False,False,False,all
2026-10-05,BANF,107.56999969482422,31,1,False,-0.03322291092367535,-0.03728560895273281,0.060011786917964605,-0.16580068056922448,False,False,False,all
2026-10-05,BKAG,39.779998779296875,31,1,False,-0.029212958642735765,-0.04970989948917537,0.002520122816330961,-0.07638729832456226,False,False,False,all
2026-10-05,BTCI,34.40999984741211,31,2,False,0.1006515611985348,0.002594617838958868,0.2975112840670655,-0.46259565042287554,False,False,False,all
2026-10-05,EMB,90.33999633789062,31,1,False,-0.03814625483161771,-0.053275061346644614,0.007247116498954487,-0.07627818487816607,False,False,False,all
2026-10-05,FALN,25.790000915527344,31,1,False,-0.03425092204891833,-0.046710418749617344,0.007028516239200089,-0.07129994633049341,False,False,False,all
2026-10-05,FBND,43.2599983215332,31,1,False,-0.028637928776901966,-0.049201550512212866,0.00289787886551518,-0.07682463170995146,False,False,False,all
2026-10-05,FLCB,20.31999969482422,31,1,False,-0.02747201329651494,-0.04814593700995751,0.0027140541244663474,-0.07468121393538851,False,False,False,all
2026-10-05,FSEC,41.61000061035156,31,1,False,-0.03185500280925757,-0.05012847745370608,0.003860068624055746,-0.07512782711748545,False,False,False,all
2026-10-05,GTO,44.5099983215332,31,1,False,-0.027985581766427736,-0.04864452596278257,0.0020261178815359493,-0.07232182688223077,False,False,False,all
2026-10-05,JCPB,44.540000915527344,31,1,False,-0.027867063074261123,-0.048178009183307835,0.003153139298133434,-0.07535805255143624,False,False,False,all
2026-10-05,JLL,302.4100036621094,31,2,False,-0.14061259416459315,-0.07648800770516595,0.16387645495259684,-0.23215009528219654,False,False,False,all
2026-10-05,MMIT,23.010000228881836,31,1,False,-0.02823234770277605,-0.048924770006046225,0.010096555544494068,-0.07105370191183014,False,False,False,all
2026-10-05,MUB,101.12000274658203,31,1,False,-0.029107545511730337,-0.049617336846248694,0.010492685669630575,-0.07229355278365113,False,False,False,all
2026-10-05,REG,71.33000183105469,31,3,False,-0.05806381190233012,-0.06555582638228175,0.06685613490722964,-0.14738227697017292,False,True,False,all
2026-10-05,RMD,222.86000061035156,31,1,False,-0.0042704767382916176,-0.01207247679169643,0.23625670010813282,-0.2176782236448832,False,True,False,all
2026-10-05,SCHP,25.079999923706055,31,1,False,-0.025807556708078216,-0.049969413740629576,0.002798868220056372,-0.07624308375354127,False,False,False,all
2026-10-05,SCHZ,21.989999771118164,31,1,False,-0.026939494100361228,-0.04720434131059026,0.002735953721269224,-0.0733248969525343,False,False,False,all
2026-10-05,SMTH,24.530000686645508,31,1,False,-0.024967641363951132,-0.045374829232453395,0.007806102418508543,-0.07329046758721403,False,True,False,all
2026-10-05,TPG,44.5,31,0,False,-0.082979060665754,-0.06665205531493124,0.20433015104652275,-0.36771807705862225,False,True,False,all
2026-10-05,UITB,44.63589859008789,31,1,False,-0.024412036820868788,-0.044773834032104665,0.002828583987921185,-0.07114975951253166,False,False,False,all
2026-10-05,VCRB,73.29440307617188,31,1,False,-0.027466872966222966,-0.04771047450571664,0.0025907901038393355,-0.07433186671280145,False,False,False,all
2026-10-05,CINF,162.13999938964844,31,4,False,-0.05088929087115934,-0.03167684142080518,0.08093332926432284,-0.16770185605653543,False,False,False,all
2026-10-05,DFCF,40.099998474121094,31,1,False,-0.027105224603541367,-0.04779039288884701,0.0040060053308341725,-0.07326096487419387,False,False,False,all
2026-10-05,ATR,120.61000061035156,31,2,False,-0.0687076143275741,-0.04862120043936946,0.16836187821600634,-0.17902118573386872,False,True,False,all
2026-10-05,JMTG,48.06999969482422,31,1,False,-0.03035804803223341,-0.04942280166380908,0.0016669725684406167,-0.07628749329092699,False,False,False,all
2026-10-05,BCO,102.76000213623047,31,1,False,-0.06689378264481416,-0.08108181309722517,0.12861063912118764,-0.24646178913532113,False,True,False,all
2026-10-05,MGY,24.0,31,2,False,-0.07095575399341758,-0.10341375171708678,0.13933061436182315,-0.26739922986428366,False,False,False,all
2026-10-05,SBSW,10.020000457763672,31,0,False,-0.09113993814684052,-0.20311434135519146,0.27318940323616725,-0.5293565041391882,False,False,False,all
2026-10-05,VRDN,19.0,31,1,False,-0.13457377788620462,-0.1652360354296819,0.4415781153312044,-0.445902610303042,False,False,False,all
2026-10-05,TFC,46.33000183105469,31,2,False,-0.07854903044070816,-0.06935444740317687,0.13609620446029602,-0.17562275441094732,False,False,False,all
2026-10-05,WFC,81.44000244140625,31,1,False,-0.05385275745963758,-0.038425748861970255,0.11898878548171687,-0.1669394367655801,False,False,False,all
2026-10-05,CGCB,24.920000076293945,31,1,False,-0.028228933775477194,-0.04837442434258499,0.0022119567939697937,-0.07395019629885058,False,True,False,all
2026-10-05,JMUB,47.63999938964844,31,1,False,-0.0294901443328216,-0.049881055889237746,0.00932200465247579,-0.07206857717067905,False,False,False,all
2026-10-05,TAGG,40.42499923706055,31,1,False,-0.02696202036674744,-0.047734267872219904,0.001610471400545821,-0.07536600850052733,False,True,False,all
2026-10-05,CTRE,36.20000076293945,31,3,False,-0.07574308543190966,-0.0730355569636092,0.10399511290642693,-0.17010541840067628,False,False,False,all
2026-10-05,TOL,135.3800048828125,31,1,False,-0.05267853697318847,-0.06217113313066325,0.09930981084367718,-0.19588973395092335,True,False,False,all
2026-10-05,ALG,162.38999938964844,30,0,False,-0.014091344640156822,-0.052705541872067996,0.11409169531789853,-0.2614608159746221,False,False,False,all
2026-10-05,ANGL,27.600000381469727,30,1,False,-0.037737413813841436,-0.05091039082342186,0.005464466825545244,-0.07320350083649851,False,False,False,all
2026-10-05,APO,115.3499984741211,30,1,False,-0.10262933876284641,-0.08795268487713537,0.1585978435388622,-0.24750470659355106,False,False,False,all
2026-10-05,BIV,72.58999633789062,30,1,False,-0.029057432869151967,-0.05221628223305819,0.0038722000933548717,-0.08218485650486707,False,False,False,all
2026-10-05,DRD,24.170000076293945,30,0,False,-0.053893244030302934,-0.14507391707341788,0.24139706875673683,-0.3860807535679338,False,True,False,all
2026-10-05,FPE,17.049999237060547,30,1,False,-0.030258264550717118,-0.050874296519663686,0.005306613056971665,-0.07887633569788921,False,False,False,all
2026-10-05,GBDC,12.380000114440918,30,1,False,-0.037983327177941395,-0.0434651503832425,0.0518266468099311,-0.14087437574371375,False,False,False,all
2026-10-05,GVA,118.9000015258789,30,2,False,-0.009879541889491805,-0.06473834288314162,0.22249639023591272,-0.2664116474417664,False,True,False,all
2026-10-05,H,156.77000427246094,30,3,False,-0.07487944549064118,-0.07441490127073447,0.16835603539839106,-0.2421444271009252,True,True,False,all
2026-10-05,HTHT,41.77000045776367,30,0,False,-0.05387712126381261,-0.11691237479687089,0.1425054400648582,-0.2625352947055719,True,True,False,all
2026-10-05,HTRB,32.02000045776367,30,1,False,-0.029053178639503185,-0.05026589236655832,0.002190913713699061,-0.08041353422173492,False,False,False,all
2026-10-05,IGEB,42.630001068115234,30,1,False,-0.0280007547346236,-0.050820909906589384,0.005424517310357757,-0.08243646344877875,False,True,False,all
2026-10-05,ITM,44.16999816894531,30,1,False,-0.026423489868557026,-0.05178682017083569,0.013538235729724013,-0.08017497401326878,False,False,False,all
2026-10-05,LMT,506.6300048828125,30,1,False,-0.08654812935660361,-0.10017946786572773,0.1586735388972269,-0.2678757154872652,True,True,False,all
2026-10-05,MUNY,97.45999908447266,30,1,False,-0.029226987279051708,-0.050390177064218666,0.011174126282255115,-0.07629611305820994,False,False,False,all
2026-10-05,NGG,76.0199966430664,30,2,False,-0.0317724801460989,-0.08571020146671704,0.046386717775732667,-0.19674559242039313,False,False,False,all
2026-10-05,NYF,50.56999969482422,30,1,False,-0.02966087537584039,-0.05037946760176171,0.01059150219024918,-0.07245049027465611,False,False,False,all
2026-10-05,OMF,56.2400016784668,30,1,False,-0.09174297389833275,-0.05538682042489762,0.22848412359286163,-0.2181287162538772,False,False,False,all
2026-10-05,PTRB,39.38999938964844,30,1,False,-0.028887833547130648,-0.05032529974675304,0.003311285625907212,-0.07924262474006916,False,False,False,all
2026-10-05,RFIX,36.88999938964844,30,3,False,0.02072096839440163,-0.03352939502413965,0.07176064358224243,-0.19436561144205888,False,False,False,all
2026-10-05,SPIP,24.34000015258789,30,1,False,-0.02348608119049278,-0.052497990560149255,0.0024711476213170602,-0.08323913928358118,False,False,False,all
2026-10-05,USIG,48.540000915527344,30,1,False,-0.026911272131310948,-0.048944836900219224,0.004968978928733492,-0.07928680213183104,False,False,False,all
2026-10-05,VCRM,71.51000213623047,30,1,False,-0.03278988510868086,-0.05086093350523058,0.009315507075846385,-0.0719013717858763,False,False,False,all
2026-10-05,VMBS,44.15999984741211,30,1,False,-0.03372763518601696,-0.05293668294170528,0.002497176214682373,-0.07807936449534747,False,False,False,all
2026-10-05,VTEB,47.369998931884766,30,1,False,-0.03133986620347884,-0.0522076353812011,0.010236714618987452,-0.07444316824096842,False,False,False,all
2026-10-05,VTEC,94.19999694824219,30,1,False,-0.032051655123605194,-0.05283480569637167,0.007809946699533832,-0.0755643224959246,False,False,False,all
2026-10-05,WDFC,205.86000061035156,30,1,False,-0.034675880790183466,-0.059014752290238115,0.17379401801194816,-0.31127465769823537,False,False,False,all
2026-10-05,WMG,27.6299991607666,30,2,False,0.009506798200489497,-0.03353341287005507,0.1838045835532287,-0.21993222503914855,False,True,False,all
2026-10-05,CGHM,24.1200008392334,30,1,False,-0.03697962620054629,-0.05370105832446681,0.01301979757431071,-0.19599997202555342,False,False,False,all
2026-10-05,CMF,54.13999938964844,30,1,False,-0.02963086195791298,-0.05054940099481864,0.009697882658003198,-0.07357972857814732,False,False,False,all
2026-10-05,CGCP,21.149999618530273,30,1,False,-0.03028359955319082,-0.05207749236158987,0.003320668646943359,-0.08043479919433594,False,False,False,all
2026-10-05,TGS,26.579999923706055,30,1,False,-0.0687603850817835,-0.12066390726064347,0.3055009394347503,-0.26877576232556544,False,False,False,all
2026-10-05,TAFM,24.030000686645508,30,1,False,-0.03125930120222531,-0.05160987859857058,0.013069198240511115,-0.07327418419470755,False,False,False,all
2026-10-05,SPBO,27.420000076293945,30,1,False,-0.027790577759150392,-0.051225843036412755,0.006238534909869475,-0.08386235226492067,False,False,False,all
2026-10-05,EVTR,48.13999938964844,30,1,False,-0.0307740423329933,-0.051671316047342986,0.0029166539510090406,-0.07689361493576463,False,False,False,all
2026-10-05,BTU,25.5,30,0,False,-0.014546074089801908,-0.11575005528982885,0.2711864745207786,-0.38016528006035266,False,True,False,all
2026-10-05,CORP,91.45999908447266,30,1,False,-0.02913858732810315,-0.05195634579912023,0.0041721261064842086,-0.08200339650882638,False,False,False,all
2026-10-05,SCCR,24.219999313354492,30,1,False,-0.027930763842928363,-0.04982497699909694,0.0035218182584038082,-0.07733335949125741,False,True,False,all
2026-10-05,BBIO,66.13999938964844,29,0,False,-0.12930838107485831,-0.10050993431094801,0.2719230651855469,-0.2919766767496256,False,False,False,all
2026-10-05,BLBD,57.029998779296875,29,2,False,-0.09812748362806734,-0.08716474420569698,0.236020796135763,-0.31610505819986545,False,True,False,all
2026-10-05,BRX,27.049999237060547,29,3,False,-0.07634418981718372,-0.07976767076167701,0.09691806181820595,-0.17681075062003337,False,False,False,all
2026-10-05,EQT,51.119998931884766,29,1,False,-0.03143297540685874,-0.07877868152402245,0.0663329244111428,-0.2508792419082744,False,False,False,all
2026-10-05,EUAD,41.70000076293945,29,2,False,-0.06316764561634958,-0.03968107467638182,0.10845300230980848,-0.13914116545934851,False,False,False,all
2026-10-05,FIXD,41.26499938964844,29,1,False,-0.029839533048811595,-0.05278262313061599,0.07015036099638383,-0.08614770224358781,False,False,False,all
2026-10-05,FMB,48.099998474121094,29,1,False,-0.03084847276135194,-0.05375017057644971,0.01508916699197127,-0.07553335378396275,False,False,False,all
2026-10-05,FMS,22.649999618530273,29,1,False,-0.02696992172061885,-0.01612214968117409,0.13136858644509664,-0.180535451566869,True,False,False,all
2026-10-05,FTCB,19.725000381469727,29,1,False,-0.03121713661849268,-0.05442393479420715,0.002796151752031184,-0.08680555402251433,False,False,False,all
2026-10-05,GE,306.3399963378906,29,4,False,-0.10105436626252351,-0.05416594754162607,0.1391915219443185,-0.2121695318819773,False,False,False,all
2026-10-05,HYD,47.970001220703125,29,1,False,-0.0316641682157478,-0.053313034570233286,0.009045020969600692,-0.07178790755736697,False,False,False,all
2026-10-05,IGIB,50.16999816894531,29,1,False,-0.029946589178267313,-0.053226556834676475,0.004605517592331632,-0.08079889179483668,False,False,False,all
2026-10-05,IYC,95.5199966430664,29,1,False,-0.042926087053678286,-0.056201591353879365,0.016278314864039967,-0.11028319578962031,False,False,False,all
2026-10-05,JKHY,145.1199951171875,29,1,False,-0.07725804982032913,-0.07830065201141534,0.19894244893855673,-0.24959927827087358,False,True,False,all
2026-10-05,LAR,5.599999904632568,29,3,False,-0.1014409180060839,-0.25084615551392075,0.5469613485271396,-0.5352697248139168,False,True,False,all
2026-10-05,NEXT,6.570000171661377,29,3,False,-0.053368654533161086,-0.040613280827074605,0.3831579308760793,-0.2889610027699905,False,False,False,all
2026-10-05,NXE,9.069999694824219,29,1,False,-0.0894123180379578,-0.1674392840074348,0.23738059880339235,-0.3502865565874199,False,True,False,all
2026-10-05,QLTA,44.869998931884766,29,1,False,-0.027035720661926277,-0.051651914303727064,0.009903187568912175,-0.08465935306252403,False,False,False,all
2026-10-05,SLDB,7.059999942779541,29,4,False,-0.19173880161574974,-0.07066439795832513,0.8627968374246968,-0.3834061082632757,False,False,False,all
2026-10-05,SPMB,21.0,29,1,False,-0.03488211672917896,-0.05486933485810774,0.0019084407096647826,-0.0817665400355132,False,False,False,all
2026-10-05,TPL,344.6700134277344,29,2,False,-0.05238740184326618,-0.1326061673947777,0.28019069537684205,-0.3701206035475568,False,True,False,all
2026-10-05,VNM,16.895000457763672,29,1,False,-0.03237628032373041,-0.06893950634089441,0.041615362082871865,-0.14886649203617097,False,True,False,all
2026-10-05,CHH,99.58000183105469,29,3,False,-0.0466361214591432,-0.06244511100592176,0.1849119555715777,-0.19576803362553052,False,False,False,all
2026-10-05,TFI,42.779998779296875,29,1,False,-0.03294500128951072,-0.05588447447053202,0.010392031769562715,-0.08000002625168012,False,False,False,all
2026-10-05,FBK,52.58000183105469,29,1,False,-0.07877535985660411,-0.058062238990850834,0.0678310324682323,-0.16080116741732786,False,False,False,all
2026-10-05,INTR,6.559999942779541,29,2,False,0.200629589819471,-0.06087492541207484,0.31991956130979604,-0.36679535133464236,False,False,False,all
2026-10-05,SMBS,23.90999984741211,29,1,False,-0.033720769670685824,-0.05686519760291897,0.0037783439857661527,-0.08460952989334403,False,False,False,all
2026-10-05,MTBA,46.70000076293945,29,1,False,-0.02945024744960567,-0.05355949648857283,0.003653599572373434,-0.08070863259245853,False,False,False,all
2026-10-05,VTS,17.049999237060547,29,1,False,0.01198950539380994,-0.060393849350652506,0.13666661580403638,-0.2836134544697434,False,True,False,all
2026-10-05,VCIT,77.98999786376953,29,1,False,-0.02977724120422265,-0.05324885974349802,0.004896240825016607,-0.08074020237860147,False,False,False,all
2026-10-05,SCHI,21.360000610351562,29,1,False,-0.029770039359197975,-0.053771321643924175,0.005649757086936269,-0.08239536376132628,False,False,False,all
2026-10-05,TOTL,37.279998779296875,29,1,False,-0.02917073171138762,-0.05504085701324535,0.005122637528372387,-0.08759397632813248,False,False,False,all
2026-10-05,WGS,76.2699966430664,29,1,False,-0.06541029538102883,-0.02287353899178024,1.3678981313549174,-0.5536372749893375,False,False,False,all
2026-10-05,MBB,89.08999633789062,29,1,False,-0.033657693009228495,-0.05452685562120296,0.0028117226187245326,-0.08126229538636032,False,False,False,all
2026-10-05,JNUG,145.8000030517578,29,1,False,-0.13500350504602698,-0.26267857424129826,0.46650579095765554,-0.5989547298931923,False,True,False,all
2026-10-05,MINO,42.630001068115234,29,1,False,-0.03447224020870254,-0.05569252013979953,0.011387889083269043,-0.07707290895079633,False,False,False,all
2026-10-05,VWOB,62.79999923706055,29,1,False,-0.03811397258008542,-0.056625044713937034,0.006087809664568233,-0.08200561503779125,False,False,False,all
2026-10-05,FXI,33.849998474121094,29,1,False,-0.036139816245626344,-0.06537028639656028,0.08528367728493369,-0.18688451583905696,False,False,False,all
2026-10-05,RWM,14.130000114440918,29,2,False,0.02838428066714349,-0.034704188442047035,0.07370822783250697,-0.2061797348270945,False,False,False,all
2026-10-05,AB,35.040000915527344,28,1,False,-0.036986929753746955,-0.07569705860472553,0.013302459806683764,-0.20562229810297727,False,False,False,all
2026-10-05,AMH,30.079999923706055,28,3,False,-0.08183511071957084,-0.049926253583111424,0.10506982668983422,-0.1422868495734435,False,False,False,all
2026-10-05,ASM,5.579999923706055,28,2,False,-0.15094340882101842,-0.20361372203318462,0.37777769405328754,-0.5346121742931714,False,True,False,all
2026-10-05,BAB,25.270000457763672,28,1,False,-0.03244578833631728,-0.05619327191376844,0.004771405210876489,-0.08871255409599854,False,False,False,all
2026-10-05,BOND,86.38999938964844,28,1,False,-0.03609054517473065,-0.059260394478570566,0.0023204193360841785,-0.0875580997972828,False,False,False,all
2026-10-05,BRUN,14.329999923706055,28,3,False,-0.203707517150303,-0.2166755764657533,0.35316333496031316,-0.6588095256260463,False,True,False,all
2026-10-05,BSY,34.75,28,2,False,0.011768539509405818,0.00644632649315402,0.23766785680367852,-0.39301310043668125,False,True,False,all
2026-10-05,DTM,122.12000274658203,28,3,False,-0.058535452057018045,-0.09133860449046904,0.1631584458649067,-0.20120356589345356,False,True,False,all
2026-10-05,EMA,47.880001068115234,28,3,False,-0.048901682440797845,-0.06689219163698856,0.021549011291813525,-0.13714183420730852,False,True,False,all
2026-10-05,EPI,40.5099983215332,28,1,False,-0.04644663308805452,-0.0625126934495841,0.02791165892870029,-0.14173733756926366,False,False,False,all
2026-10-05,FLMI,23.299999237060547,28,1,False,-0.03844569287339994,-0.060714933622216694,0.008657958973509627,-0.08483896013686165,False,False,False,all
2026-10-05,FMHI,44.900001525878906,28,1,False,-0.04084132935096607,-0.06043689349266834,0.012606885898128972,-0.07859630725089173,False,False,False,all
2026-10-05,G,33.52000045776367,28,0,False,-0.04728338261967957,-0.08124108222440396,0.24841713152813139,-0.31085524509900797,False,True,False,all
2026-10-05,ICL,5.059999942779541,28,2,False,-0.06690271553996296,-0.07053638017539254,0.06302514694798189,-0.27403155020175274,False,True,False,all
2026-10-05,IEF,88.91999816894531,28,1,False,-0.03296743684935577,-0.05841941981587939,0.003158831015623642,-0.0931158041677268,False,False,False,all
2026-10-05,ITRI,87.79000091552734,28,0,False,-0.08750360393226797,-0.043157105285269615,0.12884151607269323,-0.381760556932906,False,True,False,all
2026-10-05,JJSF,78.19000244140625,28,1,False,-0.0633953713951384,-0.051845894631067924,0.13532741866032172,-0.20723912989162518,False,True,False,all
2026-10-05,LYFT,15.729999542236328,28,1,False,-0.030502520483607798,0.02211216326518617,0.26243976677994163,-0.38410340726835723,False,True,False,all
2026-10-05,MDGL,493.6199951171875,28,3,False,-0.054792990488047755,-0.03270448494032996,0.2540840260348034,-0.19736586159806913,False,True,False,all
2026-10-05,MDU,18.690000534057617,28,2,False,-0.048215568160137945,-0.0952044136231609,0.0637450687926493,-0.18668403366561703,False,False,False,all
2026-10-05,MNKD,3.819999933242798,28,1,False,-0.008770584188249164,-0.0379530221291251,0.7130044397174131,-0.4132104763537121,False,False,False,all
2026-10-05,MRSH,170.42999267578125,28,1,False,-0.07199186090674725,-0.037486013879316715,0.0883140870577217,-0.17995481319235107,False,False,False,all
2026-10-05,OMAH,17.579999923706055,28,1,False,-0.04047681234286937,-0.04993130293327841,0.010925850530547843,-0.09175454091541502,False,False,False,all
2026-10-05,SCMB,24.030000686645508,28,1,False,-0.03557493192789951,-0.05865759037788343,0.007969821008452893,-0.0828244279810657,False,False,False,all
2026-10-05,SRRK,43.400001525878906,28,4,False,-0.1656204552430769,-0.10330667730455378,0.6032509056206965,-0.2972797489415234,False,False,False,all
2026-10-05,WAL,76.0199966430664,28,1,False,-0.04421605569512477,-0.06177862840965309,0.1549680491573182,-0.21814261011598202,False,False,False,all
2026-10-05,WMT,105.06999969482422,28,1,False,-0.03396166927727673,-0.11160414804223706,0.06260115911554887,-0.22262506031376028,True,True,False,all
2026-10-05,CE,45.529998779296875,28,3,False,0.007256288066641803,-0.11210959563366807,0.2960431937083232,-0.35601130488551047,False,False,False,all
2026-10-05,HYMB,23.3700008392334,28,1,False,-0.04420301457970632,-0.06291911045881815,0.009503292627574211,-0.08316982938096618,False,False,False,all
2026-10-05,COIN,188.22000122070312,28,3,False,0.08524808268632689,0.01692718322777309,0.3530299791163767,-0.5319773236852177,False,True,False,all
2026-10-05,IDA,131.72999572753906,28,3,False,-0.03953000709732912,-0.057984440245334,0.06131157599548631,-0.14963531977657607,False,False,False,all
2026-10-05,COF,195.13999938964844,28,1,False,-0.07488615576569913,-0.05004219479834038,0.1199494561385579,-0.24842093521726438,False,False,False,all
2026-10-05,AIG,75.12000274658203,28,1,False,-0.01810592150002699,-0.025165663714695086,0.05431582802220403,-0.13942030062208977,False,False,False,all
2026-10-05,TIC,8.260000228881836,28,0,False,-0.08427749234397042,-0.07017581046735477,0.29874214708821567,-0.4361774440980838,False,True,False,all
2026-10-05,CEG,267.6199951171875,28,0,False,-0.013709388794316824,-0.06850519218809137,0.17053750339707108,-0.35153867894015045,False,False,False,all
2026-10-05,SHLS,8.149999618530273,28,2,False,0.043614056516092514,-0.049745572072660726,0.5009207875102031,-0.38163888999837337,False,True,False,all
2026-10-05,CCS,58.130001068115234,28,1,False,-0.117075230508085,-0.07181941151912918,0.22961394377309907,-0.23513156489322062,False,True,False,all
2026-10-05,WTW,288.1099853515625,28,1,False,-0.10902765306936268,-0.03506764251575012,0.19741483986832842,-0.1833385913057214,False,False,False,all
2026-10-05,TSLA,378.7300109863281,28,2,False,0.08550416001036987,-0.03539341322701495,0.2735557359869334,-0.24076334386232534,False,False,False,all
2026-10-05,AMT,162.25999450683594,27,1,False,-0.061017139200527426,-0.08224218748559109,0.013744826826183276,-0.17248065589757877,False,False,False,all
2026-10-05,APOG,35.65999984741211,27,1,False,-0.09676243433645015,-0.06249425564235411,0.15967479178575972,-0.2991352378378974,False,False,False,all
2026-10-05,BEP,28.219999313354492,27,2,False,-0.10008166204290259,-0.11631900106019777,0.07341188020603129,-0.25970618824570857,False,False,False,all
2026-10-05,BIZD,12.25,27,1,False,-0.06192088016522301,-0.06324438507805019,0.02339179003549785,-0.18981480868264966,False,True,False,all
2026-10-05,DXD,17.90999984741211,27,2,False,0.051846457143348124,-0.04830478232122759,0.13714284745473715,-0.23100046614976344,False,False,False,all
2026-10-05,ELS,58.4900016784668,27,1,False,-0.0687135964636002,-0.08095208390838937,0.01792555883058622,-0.15231881625410437,False,False,False,all
2026-10-05,EWQ,41.790000915527344,27,1,False,-0.08248619769622834,-0.07862649476609396,0.008932949370805243,-0.13639178667840535,False,False,False,all
2026-10-05,FLIN,33.470001220703125,27,1,False,-0.04879639498304611,-0.06183359267094812,0.03944100707057685,-0.16010031361886223,False,False,False,all
2026-10-05,GD,331.7200012207031,27,4,False,-0.09958621890998198,-0.06606271471120984,0.0813313332482446,-0.17069999694824223,False,False,False,all
2026-10-05,GIB,71.05999755859375,27,0,False,-0.015631359830191482,-0.037845763716088276,0.19168197695354805,-0.2535714302887293,False,False,False,all
2026-10-05,GRBK,65.47000122070312,27,2,False,-0.06490396098018814,-0.06218283121696344,0.08322307591468636,-0.212911745846323,False,False,False,all
2026-10-05,HEI,301.57000732421875,27,1,False,-0.09912464656409803,-0.06396113085857058,0.17750195061802532,-0.19978236202792332,True,False,False,all
2026-10-05,HIMU,45.38999938964844,27,1,False,-0.04508046077319772,-0.06427758620459434,0.006430175728137755,-0.09110931842571401,False,False,False,all
2026-10-05,IPGP,83.5999984741211,27,2,False,0.0398604714192099,-0.17481366999876136,0.20443731542054322,-0.46348354162137606,False,True,False,all
2026-10-05,JMBS,42.18000030517578,27,1,False,-0.03870257664457244,-0.06350638127387209,0.002757729446146051,-0.09075229876834368,False,False,False,all
2026-10-05,KR,58.779998779296875,27,2,False,0.009774764128855473,-0.0742410678014015,0.08550317863251111,-0.23243670183015797,False,False,False,all
2026-10-05,LKFT,29.510000228881836,27,2,False,0.04113011789577614,-0.02067824938517715,0.14914329743734944,-0.21889885700438216,False,False,False,all
2026-10-05,LQD,101.83000183105469,27,1,False,-0.03235981807718302,-0.06034618699152716,0.006225344879552841,-0.09829096293389772,False,False,False,all
2026-10-05,NAVI,9.039999961853027,27,0,False,-0.018820411954391214,-0.027517805767809267,0.23328786574971683,-0.32937683465579004,False,True,False,all
2026-10-05,PFFA,19.75,27,1,False,-0.043231404442477306,-0.06705181357793621,0.007910216487727606,-0.10471439355693124,False,False,False,all
2026-10-05,PFFD,17.549999237060547,27,1,False,-0.037691818959472156,-0.06499488607425297,0.010944620969407737,-0.10687025049554666,False,False,False,all
2026-10-05,PFGC,92.58000183105469,27,3,False,-0.08718028335301231,-0.04416033183070878,0.1455085644721128,-0.2119174034171245,False,True,False,all
2026-10-05,RELX,33.81999969482422,27,0,False,-0.033123118451771294,-0.028479184425670878,0.226695686223505,-0.2837780851221964,False,True,False,all
2026-10-05,SPPP,13.380000114440918,27,0,False,-0.05531156466149045,-0.1415840838194632,0.10032897058698964,-0.4380512215643031,False,True,False,all
2026-10-05,STE,211.07000732421875,27,1,False,-0.05738989845466125,-0.07412440713308066,0.08163373979909605,-0.21663448110263783,False,True,False,all
2026-10-05,TECX,23.110000610351562,27,3,False,-0.2310149340182125,-0.17464283787462187,0.5828767127761654,-0.4153806900076352,False,False,False,all
2026-10-05,VMRK,60.09000015258789,27,4,False,-0.07183435960584461,-0.0619167659693457,0.04377280651592974,-0.15958041744632323,False,True,False,all
2026-10-05,WPC,63.93000030517578,27,3,False,-0.08425484712391351,-0.09969729092547797,0.013474927860617658,-0.1721056812410956,False,False,False,all
2026-10-05,PAYX,99.77999877929688,27,1,False,-0.14553191026737988,-0.038091696826101806,0.16770043701387727,-0.227948045974243,False,False,False,all
2026-10-05,CSR,55.18000030517578,27,2,False,0.0018082724968566666,-0.08892927656069693,0.061153852022611144,-0.20729780460639624,False,False,False,all
2026-10-05,RDN,33.5,27,3,False,-0.07107522047012316,-0.051706082356903216,0.09728133791538474,-0.18392203111770822,False,False,False,all
2026-10-05,FHB,25.040000915527344,27,3,False,-0.048751456342946975,-0.06096592557506275,0.1057628796356489,-0.18116412759975264,True,False,False,all
2026-10-05,UPS,93.13999938964844,27,2,False,-0.08245493794067416,-0.11261983068908321,0.13585365109327352,-0.2391144791830534,False,True,False,all
2026-10-05,CHA,11.1899995803833,27,1,False,-0.004111748453616504,0.0018801647702109126,0.24610246668193114,-0.3663646841977136,False,True,False,all
2026-10-05,NOMD,10.6899995803833,27,1,False,-0.06352936332083559,-0.032631750227423595,0.18909898248570167,-0.19985031024753774,False,True,False,all
2026-10-05,DEC,13.609999656677246,27,1,False,-0.04123873593561822,-0.05450985951543841,0.10381182002363376,-0.2798941835250891,False,True,False,all
2026-10-05,IHI,51.59000015258789,27,1,False,-0.033851707600389025,-0.052382540217379536,0.08908594713652485,-0.2027507204065615,False,True,False,all
2026-10-05,BZ,15.100000381469727,27,0,False,-0.050821862780712435,-0.036484356463372114,0.20127293142952518,-0.3874239101359448,False,True,False,all
2026-10-05,UE,19.510000228881836,27,3,False,-0.07742794795592989,-0.07894363066998,0.056879804793293465,-0.19079221339773544,False,False,False,all
2026-10-05,AAL,12.829999923706055,26,0,False,-0.08290326699255923,-0.07240384103466257,0.27155596924499625,-0.31719003200772444,False,False,False,all
2026-10-05,ABT,100.0999984741211,26,0,False,-0.06254976604633389,-0.036391401142273905,0.22117844313071555,-0.26054515708989845,False,False,False,all
2026-10-05,AEE,99.69999694824219,26,3,False,-0.05736731422299257,-0.07562879802741929,0.03241169372796149,-0.15736986810858267,False,False,False,all
2026-10-05,AGI,32.310001373291016,26,0,False,-0.05128517413517375,-0.1713578257584525,0.19445479795148635,-0.41689223132528064,False,True,False,all
2026-10-05,APEI,44.40999984741211,26,3,False,-0.030107932640673685,-0.09194910090565767,0.47052975912208406,-0.2789413908526174,False,True,False,all
2026-10-05,AYI,304.8399963378906,26,1,False,-0.07582795168331224,-0.02883115050308227,0.18596322052570624,-0.19814823481379884,False,False,False,all
2026-10-05,BANC,17.549999237060547,26,1,False,-0.06111578731905598,-0.08390495191917613,0.14481404594931035,-0.19972644811507334,False,True,False,all
2026-10-05,ETD,21.079999923706055,26,0,False,-0.06411770555475238,-0.05675785272962486,0.1531728190309145,-0.2805460589554317,True,True,False,all
2026-10-05,FXU,44.439998626708984,26,2,False,-0.05304162429182124,-0.07512624839837367,0.023963065996897237,-0.1390933834510566,False,False,False,all
2026-10-05,GEHC,65.73999786376953,26,0,False,-0.044769727938464676,-0.07661993107083942,0.11897868704288572,-0.2676840779535986,False,True,False,all
2026-10-05,GLXY,22.649999618530273,26,2,False,-0.015358683297572395,-0.08914515937521528,0.37857572719551724,-0.5067508597191546,False,True,False,all
2026-10-05,HIG,126.20999908447266,26,1,False,-0.07214222026424233,-0.07088402365740565,0.04886559597724904,-0.13596225949153673,False,False,False,all
2026-10-05,INDA,46.56999969482422,26,1,False,-0.048788164661771716,-0.06524892471097388,0.030081854410358932,-0.16090090639956367,False,True,False,all
2026-10-05,LMUB,46.59000015258789,26,1,False,-0.042270823975835814,-0.07028766793341856,0.014811594585838694,-0.12948430952732748,False,False,False,all
2026-10-05,MRCY,82.94000244140625,26,2,False,-0.10211856275115483,-0.09763766760067871,0.2752152717391112,-0.3543012501991245,True,True,False,all
2026-10-05,NUKZ,61.220001220703125,26,1,False,-0.04919608442061374,-0.09972002986044182,0.023745852872227857,-0.2084302544670531,False,True,False,all
2026-10-05,OC,117.4800033569336,26,3,False,-0.14396884732501503,-0.06888120380529383,0.20455249489730942,-0.2653367477548846,False,False,False,all
2026-10-05,PLTY,36.7400016784668,26,2,False,0.028751324421713687,-0.028927293140537658,0.40982357756691545,-0.4508221100076556,False,True,False,all
2026-10-05,PPA,155.4600067138672,26,2,False,-0.08128165063209125,-0.09279051619991119,0.07741363883484143,-0.1655394301272377,True,False,False,all
2026-10-05,PWZ,22.31999969482422,26,1,False,-0.047879067352990856,-0.07165169666682558,0.01132759417566409,-0.0923139668026709,False,False,False,all
2026-10-05,PZA,21.440000534057617,26,1,False,-0.04336960154084624,-0.07033011156044455,0.015632397639260942,-0.09267874331308001,False,False,False,all
2026-10-05,REYN,22.229999542236328,26,1,False,-0.06777601961442448,-0.04441351539341898,0.08757333470692297,-0.18631040298116086,True,True,False,all
2026-10-05,SVRA,4.78000020980835,26,1,False,-0.10910645960189813,-0.13320212813922394,0.43113782414487845,-0.3176302452937433,False,False,False,all
2026-10-05,TRI,97.08000183105469,26,0,False,-0.04509156764584199,-0.013058054935766839,0.2726796458392595,-0.4091296407312145,False,True,False,all
2026-10-05,CARR,55.72999954223633,26,2,False,-0.059069443875199745,-0.09582503221202066,0.10927543153571562,-0.2739708443034038,False,True,False,all
2026-10-05,CNX,32.2400016784668,26,0,False,-0.07722774971589552,-0.11695663320786509,0.04743342947535201,-0.26088944365148914,False,False,False,all
2026-10-05,CRI,32.31999969482422,26,1,False,-0.0619921195081764,-0.11072346708770875,0.19042357822964173,-0.2727272571201318,True,True,False,all
2026-10-05,CCL,25.559999465942383,26,2,False,0.01206877881395263,-0.06939999213766379,0.19160832432715047,-0.24889801989964977,False,False,False,all
2026-10-05,NBHC,37.790000915527344,26,3,False,-0.09060716959477855,-0.0886300429817195,0.07786649843990201,-0.20071908013510875,False,False,False,all
2026-10-05,GNL,8.140000343322754,26,2,False,-0.08250673283096766,-0.11317380036995273,0.08823533724148547,-0.1888390167318289,False,False,False,all
2026-10-05,RRX,161.25999450683594,26,2,False,-0.0411133499908658,-0.14561864923560186,0.2602375403299302,-0.3492332828052723,False,True,False,all
2026-10-05,HR,17.079999923706055,26,3,False,-0.1090802870350378,-0.09088489908790176,0.047210330041490334,-0.22504540770354198,False,False,False,all
2026-10-05,XTEN,42.06999969482422,26,1,False,-0.04122308367245864,-0.07213730585377831,0.003458567928499745,-0.11431579589843754,False,False,False,all
2026-10-05,NNN,40.380001068115234,26,3,False,-0.09591615512735896,-0.08663815718815149,0.038046259233479374,-0.1923999786376953,False,False,False,all
2026-10-05,MCO,448.1499938964844,26,1,False,-0.06733697337869027,-0.048564415002545824,0.11402504538226665,-0.1805332250307531,False,False,False,all
2026-10-05,SF,70.62999725341797,26,1,False,-0.1082408862021389,-0.0930362661723787,0.04158678360646584,-0.2137079222178877,False,False,False,all
2026-10-05,TSLX,17.59000015258789,26,1,False,-0.03688210229695199,-0.057286328166692324,0.09663336337843265,-0.24148340890485864,False,False,False,all
2026-10-05,SR,77.41000366210938,26,1,False,-0.042197219110965856,-0.08543730976956976,0.03434002471907638,-0.18780814557759262,False,False,False,all
2026-10-05,INVH,26.059999465942383,26,3,False,-0.0917392349087901,-0.06413513171004748,0.07463915323473747,-0.15644321490336166,False,False,False,all
2026-10-05,ABEO,5.110000133514404,25,3,False,-0.14539918236773863,-0.07933731636039154,0.2775000333786011,-0.3320261346651696,False,True,False,all
2026-10-05,ARES,117.12999725341797,25,0,False,-0.11961061565635511,-0.09607338912614583,0.22265128937559853,-0.3535515443723458,False,True,False,all
2026-10-05,ATAT,32.130001068115234,25,0,False,-0.05170324074958943,-0.10334859803785379,0.0440292921650951,-0.25578484658728484,False,True,False,all
2026-10-05,ATEC,10.720000267028809,25,2,False,0.1016792775344515,-0.06642570275527615,0.5718475069213051,-0.5397166232019411,False,True,False,all
2026-10-05,AVGX,40.189998626708984,25,2,False,-0.07709126792839216,-0.14898782799368737,0.30317764033268024,-0.5260613540051531,True,True,False,all
2026-10-05,BAM,44.72999954223633,25,1,False,-0.09137815760437651,-0.07700784640595115,0.0599525766245661,-0.246081271502277,False,False,False,all
2026-10-05,BOH,68.02999877929688,25,3,False,-0.10601415299632633,-0.11157314007227037,0.14605791913407407,-0.21179468539420399,False,False,False,all
2026-10-05,BTI,52.880001068115234,25,2,False,-0.06753986131004341,-0.10321580420630383,0.060144345143522626,-0.21426450712866563,False,True,False,all
2026-10-05,DOX,58.459999084472656,25,0,False,-0.01318678076688784,-0.0947837168764516,0.17531156235929268,-0.317295329211993,False,True,False,all
2026-10-05,ERIC,9.220000267028809,25,2,False,-0.07388804100383406,-0.15359650401135627,0.13546802918384393,-0.3304284705502334,False,True,False,all
2026-10-05,FE,43.63999938964844,25,2,False,-0.055954810540328026,-0.07986844154045014,0.022732628599198668,-0.16622087767627358,False,False,False,all
2026-10-05,FSK,10.989999771118164,25,0,False,-0.06018575835011719,-0.06237071196963073,0.13065838160491805,-0.3261802494802738,False,True,False,all
2026-10-05,HLN,8.819999694824219,25,1,False,-0.08418825560430121,-0.09979794209077497,0.019653188877577055,-0.21808511492748062,False,False,False,all
2026-10-05,IE,10.329999923706055,25,1,False,-0.0003677282095406742,-0.19499071387398392,0.3150859196209779,-0.5206496385419324,False,False,False,all
2026-10-05,KRC,33.279998779296875,25,1,False,-0.07913672442454689,-0.044352367197502685,0.21637419725442197,-0.23634700823757493,False,False,False,all
2026-10-05,LOPE,154.92999267578125,25,1,False,0.03549539666530621,-0.022727481928602633,0.15386897852030312,-0.30537124578808084,False,False,False,all
2026-10-05,OCFC,16.81999969482422,25,1,False,-0.09776535241152595,-0.09980065561620033,0.04084157510173503,-0.18389135387137157,False,False,False,all
2026-10-05,OPCH,23.3700008392334,25,0,False,-0.008131838305393546,-0.11649118585953477,0.2976124676420586,-0.3649456162026782,False,True,False,all
2026-10-05,PRDO,31.540000915527344,25,3,False,-0.02779744074824486,-0.047828905782587805,0.1830458025523558,-0.1807791969992898,False,False,False,all
2026-10-05,ROP,363.3800048828125,25,0,False,-0.0701185487340209,-0.014568847373357396,0.18767164018621352,-0.3029082557163083,False,False,False,all
2026-10-05,TRMB,58.810001373291016,25,1,False,0.00767970436511245,-0.059970230832838145,0.22725383181260228,-0.303364100345067,True,True,False,all
2026-10-05,TXRH,158.97000122070312,25,0,False,-0.15832954885886086,-0.11461001218931632,0.03341350405295773,-0.26504854841512115,False,False,False,all
2026-10-05,DNP,9.479999542236328,25,2,False,-0.10062050101137188,-0.09630375389684187,0.02708559180918746,-0.1505376638123661,False,False,False,all
2026-10-05,DBD,65.62999725341797,25,1,False,-0.04648585084920276,-0.12782665844618812,0.2046622210878959,-0.28728894058832133,False,True,False,all
2026-10-05,CYTK,62.70000076293945,25,3,False,-0.14419085400435017,-0.10623156492172581,0.15469616287113652,-0.2900011041067241,False,False,False,all
2026-10-05,HEI.A,224.8800048828125,25,1,False,-0.08867134373346686,-0.07008323365389912,0.1280662051549677,-0.19588070536351398,True,False,False,all
2026-10-05,GSK,46.54999923706055,25,2,False,-0.07866299540119548,-0.11177684271684407,0.08634774550048196,-0.24554297145128823,False,False,False,all
2026-10-05,RHLD,115.62999725341797,25,1,False,-0.09900575249073618,-0.23057755574805705,0.6505602276740698,-0.5104365296659695,False,True,False,all
2026-10-05,ORLY,83.9000015258789,25,1,False,-0.04993770868523495,-0.07707926383069597,0.0158615479607096,-0.203682602127512,False,True,False,all
2026-10-05,FAS,144.1699981689453,25,2,False,-0.1565642057936758,-0.045581015073417164,0.3485173812601925,-0.2300667654528955,False,False,False,all
2026-10-05,VNQI,41.944400787353516,25,1,False,-0.06166095926478232,-0.0910219978871184,0.006582648323574247,-0.17562107101372204,False,False,False,all
2026-10-05,RIVN,14.600000381469727,25,0,False,-0.07022356245206629,-0.09566442787759133,0.1783696510822126,-0.356544731695569,False,False,False,all
2026-10-05,NPKI,11.8100004196167,25,2,False,-0.09166419771340828,-0.15582857741037548,0.10065246257739169,-0.28424239881110913,False,False,False,all
2026-10-05,IAUI,48.130001068115234,25,0,False,-0.0471102992373964,-0.12350891632708927,0.007114462148449574,-0.25460738275373995,False,False,False,all
2026-10-05,MCHI,52.279998779296875,25,1,False,-0.036704028676266987,-0.0790764915143688,0.04811543022832421,-0.21841830981706567,False,True,False,all
2026-10-05,CCJ,87.47000122070312,25,1,False,-0.07547356256982307,-0.17216261914398112,0.12574008566524109,-0.3532239154994382,False,False,False,all
2026-10-05,CASY,617.3300170898438,25,2,False,-0.16643890093448532,-0.15742010813931462,0.24116371995149377,-0.33466612778644556,False,False,False,all
2026-10-05,IIPR,50.540000915527344,25,4,False,-0.10811028395900146,-0.0795587767140492,0.13369221264412068,-0.2269806815740546,False,False,False,all
2026-10-05,NP,27.1200008392334,25,5,False,-0.12993818448196204,-0.011297858549125128,0.8349121332346279,-0.2284495117513291,False,False,False,all
2026-10-05,ADBE,238.78500366210938,24,0,False,-0.07719399590694842,-0.07921120802555659,0.2559699652576015,-0.3434561571414403,False,True,False,all
2026-10-05,ADMA,10.109999656677246,24,2,False,0.07079304972792189,-0.13622599620492226,0.40221908504671755,-0.5058168165905952,False,False,False,all
2026-10-05,AXS,95.62000274658203,24,1,False,-0.04652119748661354,-0.06729754376361785,0.08572729735346551,-0.20310022127724292,False,False,False,all
2026-10-05,BCAT,13.640000343322754,24,3,False,-0.10488113123240017,-0.09744184683239843,0.016014908717563392,-0.1580247098181119,False,False,False,all
2026-10-05,BLV,62.31999969482422,24,1,False,-0.04740360122856668,-0.08520161162657036,0.006134986705527146,-0.14195233303700228,False,False,False,all
2026-10-05,BR,159.0800018310547,24,0,False,-0.056809601020540335,-0.0684677279239263,0.18867219348823805,-0.3336404947930731,False,True,False,all
2026-10-05,DUK,113.83999633789062,24,2,False,-0.05553935849705749,-0.08192329812285015,0.012811341569956891,-0.15354307615314244,False,True,False,all
2026-10-05,GBCI,43.75,24,2,False,-0.06598122549618801,-0.08410817842929974,0.09649118613752461,-0.19842435814820147,False,False,False,all
2026-10-05,GTY,27.8700008392334,24,3,False,-0.12718592738841006,-0.13333216916856738,0.09767630993311727,-0.24327994967044253,False,False,False,all
2026-10-05,IGLB,45.400001525878906,24,1,False,-0.04454440151675254,-0.08138630678693659,0.00821680560986704,-0.1368820752301836,False,False,False,all
2026-10-05,ITA,206.97999572753906,24,2,False,-0.10070006038363899,-0.10187736239589351,0.05758514448445595,-0.1933749384088449,False,False,False,all
2026-10-05,JD,26.360000610351562,24,1,False,-0.08888549533367485,-0.08703156972412918,0.07556721209409112,-0.27242614012121324,True,True,False,all
2026-10-05,KAI,267.1400146484375,24,1,False,-0.10479586575668254,-0.13725640174638787,0.09094629793491937,-0.24551639754163146,False,True,False,all
2026-10-05,NYT,64.0,24,2,False,-0.05193050723474402,-0.13088469277209447,0.1829944880795995,-0.2652123866682329,False,False,False,all
2026-10-05,PPTA,20.329999923706055,24,0,False,-0.1238881641851437,-0.22832828817777717,0.2369942552073172,-0.4559807197007938,False,True,False,all
2026-10-05,PRG,30.899999618530273,24,3,False,-0.19875120576439564,-0.13262915371341422,0.19767443923578898,-0.35260842415917415,False,False,False,all
2026-10-05,ROBN,33.130001068115234,24,3,False,0.09627210723688218,0.08854761321982041,1.2864045266688544,-0.7307817184675245,False,True,False,all
2026-10-05,SH,31.90999984741211,24,1,False,-0.017458516336054997,-0.07338979614823915,0.0025133497925795556,-0.18596940749091695,False,False,False,all
2026-10-05,SPLB,20.270000457763672,24,1,False,-0.04462499441935475,-0.08325963367203104,0.008959696555930208,-0.14110168940169632,False,False,False,all
2026-10-05,STAA,22.56999969482422,24,2,False,-0.019463045117035005,-0.0460854552252663,0.44772286554966256,-0.37078337421521934,False,True,False,all
2026-10-05,TLH,91.33999633789062,24,1,False,-0.04713821735900603,-0.08239372629809161,0.0040672211962473614,-0.13397179026521966,False,False,False,all
2026-10-05,TMDX,82.98999786376953,24,1,False,-0.028994468258031758,-0.16822562146187348,0.3807503285222007,-0.46801283420660555,False,True,False,all
2026-10-05,UGL,45.310001373291016,24,0,False,-0.09353165867971891,-0.21461769092753058,0.06812831987487944,-0.4987831791095704,False,True,False,all
2026-10-05,WM,206.66000366210938,24,1,False,-0.05715812135386833,-0.08060334401970626,0.06465407764822051,-0.16713013502856577,False,False,False,all
2026-10-05,XEL,71.48999786376953,24,2,False,-0.05440013732078508,-0.08414728392139725,0.04030844868832584,-0.15125258204225556,False,False,False,all
2026-10-05,XIFR,10.1899995803833,24,4,False,-0.10304036437353448,-0.07117924560448707,0.1746396952551652,-0.23094342789559996,False,False,False,all
2026-10-05,BXP,59.369998931884766,24,1,False,-0.10843809101033963,-0.05470365083520312,0.19408683576547126,-0.2224987106163484,False,True,False,all
2026-10-05,HOOG,33.06999969482422,24,3,False,0.09623314961112706,0.08100049727121195,1.2917532221369812,-0.7498297973821233,False,True,False,all
2026-10-05,STEP,46.08000183105469,24,0,False,-0.03630983367431084,-0.11008193556261803,0.18610047981725586,-0.4076739775610768,False,True,False,all
2026-10-05,CNP,37.75,24,2,False,-0.045429949349815146,-0.0877521991658754,0.03794339039436756,-0.16593015024395608,False,False,False,all
2026-10-05,TAC,12.470000267028809,24,1,False,0.01598528557103518,-0.03358053723145338,0.09578208625891915,-0.30257265926548516,False,True,False,all
2026-10-05,OGS,72.56999969482422,24,2,False,-0.06694062005768331,-0.10516776227777136,0.03126327785100225,-0.2005948372916876,False,False,False,all
2026-10-05,LINE,34.97999954223633,24,3,False,-0.11031531544319384,-0.09721461673239595,0.11650174361374566,-0.23540984607133708,False,False,False,all
2026-10-05,GNTX,21.90999984741211,24,1,False,-0.048094893333203714,-0.06261966498870675,0.06982423521185455,-0.2155388611523964,False,True,False,all
2026-10-05,GFI,35.689998626708984,24,0,False,-0.13299293973246817,-0.1816838728393252,0.14721947690458959,-0.42099287832402843,False,False,False,all
2026-10-05,EPAM,109.94999694824219,24,2,False,0.005917455980855024,-0.15460666726016326,0.5049274654035245,-0.505909326601446,False,True,False,all
2026-10-05,SPDN,8.359999656677246,24,1,False,-0.019814787300749703,-0.07435860710528097,0.003601408552936114,-0.1867704402886219,False,False,False,all
2026-10-05,VCLT,68.12999725341797,24,1,False,-0.04455387077304662,-0.08292882330959306,0.008436940725610187,-0.14064078831432336,False,False,False,all
2026-10-05,RLI,56.08000183105469,24,1,False,-0.08997378043903348,-0.046074339233020734,0.18662724974120026,-0.16448153253524023,False,False,False,all
2026-10-05,AAON,84.3499984741211,23,2,False,0.017476210649684853,-0.13793677658750947,0.15247978768205672,-0.43938591844854047,False,False,False,all
2026-10-05,APAM,34.400001525878906,23,0,False,-0.13905722846724344,-0.12074313888187405,0.021074589733198756,-0.2606919744604659,False,False,False,all
2026-10-05,ARLO,12.59000015258789,23,2,False,-0.07752050541977207,-0.06703420816655326,0.1393665099792738,-0.36860582671078124,False,True,False,all
2026-10-05,ATMU,46.18000030517578,23,0,False,-0.041530884247905964,-0.14355551636856112,0.08403760467807264,-0.3055639051853266,False,True,False,all
2026-10-05,ATO,158.0500030517578,23,2,False,-0.04970169587718409,-0.0939253266540574,0.02152276244041995,-0.17900364884096687,False,True,False,all
2026-10-05,BBAR,13.270000457763672,23,1,False,-0.13316695496180098,-0.20527022693445718,0.6904459387232049,-0.40943476353926844,False,True,False,all
2026-10-05,BCRX,8.100000381469727,23,4,False,-0.11943117690788141,-0.06731451266176547,0.35000006357828783,-0.2780748494924319,False,False,False,all
2026-10-05,BTAL,11.90999984741211,23,0,False,-0.01753750782130392,-0.06999989719653843,0.09668510349254689,-0.2620817659354612,False,True,False,all
2026-10-05,DOLE,12.800000190734863,23,1,False,-0.04790239689028508,-0.11439215488672472,0.022364195106523654,-0.22751958802189642,False,True,False,all
2026-10-05,ECAT,13.890000343322754,23,1,False,-0.06988265805661276,-0.07923300381014797,0.039670711097707034,-0.16975488802278516,False,False,False,all
2026-10-05,ES,64.69000244140625,23,2,False,-0.07268834880518205,-0.07750771271440982,0.031409457626937254,-0.15515211310913724,False,False,False,all
2026-10-05,HIMS,29.670000076293945,23,5,False,0.011792309976865534,0.07869139440182948,1.159388687812139,-0.5456285940049803,True,True,False,all
2026-10-05,IDU,102.18000030517578,23,2,False,-0.05616457888086701,-0.09127250435460577,0.021800003051757777,-0.154279088203366,False,False,False,all
2026-10-05,INGR,96.8499984741211,23,1,False,-0.044330824706606986,-0.09604004400264554,0.030648049547789658,-0.21572596850343206,False,False,False,all
2026-10-05,KGC,23.579999923706055,23,1,False,-0.14614097941600213,-0.19948805692195548,0.07133119847786484,-0.39708515582418724,False,False,False,all
2026-10-05,LNT,64.29000091552734,23,2,False,-0.05321938933511883,-0.0854029228158848,0.027982091051832914,-0.18424054171897497,False,False,False,all
2026-10-05,NSSC,36.220001220703125,23,0,False,-0.02075816261965402,-0.08522414461191807,0.06812153888780714,-0.3003669905266264,True,True,False,all
2026-10-05,OMCL,34.63999938964844,23,0,False,-0.013482050997327133,-0.136121915145626,0.19201651845333578,-0.37018182927911936,False,True,False,all
2026-10-05,PPL,32.95000076293945,23,2,False,-0.04153817700629958,-0.08727403302364167,0.044043134363708436,-0.1785090934544703,False,True,False,all
2026-10-05,RYTM,92.44999694824219,23,1,False,-0.1213547632018035,-0.06413772450303079,0.24093955635224407,-0.24345336123535755,False,False,False,all
2026-10-05,SCHQ,28.209999084472656,23,1,False,-0.0505360190503682,-0.09000369909702177,0.005166525838439906,-0.1500451867517938,False,False,False,all
2026-10-05,SLM,22.739999771118164,23,0,False,-0.11811244549803213,-0.05775889401249301,0.2796848162816512,-0.2678686361198166,False,False,False,all
2026-10-05,TDS,35.11000061035156,23,0,False,-0.0008878279871964434,-0.12666904059513717,0.11424945589717872,-0.2852198417382097,False,False,False,all
2026-10-05,WAFD,30.170000076293945,23,4,False,-0.13500464367874343,-0.1206388958704816,0.14671230287739978,-0.23600914677233054,False,False,False,all
2026-10-05,WCN,154.3000030517578,23,1,False,-0.05181173883941792,-0.05849185891542397,0.0504459370474446,-0.14153778604604417,False,False,False,all
2026-10-05,XHB,96.30000305175781,23,1,False,-0.06437813462260289,-0.09239389088279037,0.029176053925803247,-0.21789973848891142,True,True,False,all
2026-10-05,YMAG,11.510000228881836,23,1,False,0.020046459299385644,-0.07161320504187829,0.07269345013251893,-0.2687420332748728,False,False,False,all
2026-10-05,YUMC,40.25,23,0,False,-0.09891152984114182,-0.14766651172393186,0.013470976843928062,-0.3106696280059279,False,True,False,all
2026-10-05,CVNA,63.720001220703125,23,0,False,-0.07399062907664955,-0.11267679815391485,0.16994712836942205,-0.3456427293736709,False,True,False,all
2026-10-05,CORZ,16.600000381469727,23,2,False,-0.10116251464814885,-0.16163307924123282,0.24298022841339728,-0.4550229520547894,False,True,False,all
2026-10-05,ORI,37.790000915527344,23,1,False,-0.0848593591108362,-0.0780711756833391,0.031105029800434725,-0.19183057587654218,False,False,False,all
2026-10-05,CRML,7.510000228881836,23,2,False,0.08238213367102665,-0.2166087066640181,0.4682308044835186,-0.7664074689751813,False,False,False,all
2026-10-05,VGLT,49.68000030517578,23,1,False,-0.0512312126963933,-0.09024651188983845,0.004854403016450348,-0.14989730539674584,False,False,False,all
2026-10-05,SPTL,23.639999389648438,23,1,False,-0.05088450269751299,-0.08876278185685327,0.004670593048347715,-0.1465704426522254,False,False,False,all
2026-10-05,SUI,111.83999633789062,23,1,False,-0.05707148771734705,-0.10012880744409514,0.018857609165782607,-0.18868341395714783,False,True,False,all
2026-10-05,DMC,29.899999618530273,23,0,False,-0.030259795125133326,-0.1460448965608222,0.12958067223844982,-0.3139054988009702,False,True,False,all
2026-10-05,PGX,10.069999694824219,23,1,False,-0.0420836633864089,-0.08284875340487896,0.00498994359045235,-0.14151746907021867,False,False,False,all
2026-10-05,BURL,271.80999755859375,23,1,False,-0.09452143517051759,-0.12591534520928838,0.1981925953070598,-0.2815531223912785,True,False,False,all
2026-10-05,PHM,113.9800033569336,23,1,False,-0.0859267064171707,-0.08543787028768646,0.05060379390971903,-0.21121104943298552,False,False,False,all
2026-10-05,ADSK,221.55999755859375,22,0,False,-0.051732705866816886,-0.07143275658252923,0.19439351783608494,-0.32078482750645954,True,True,False,all
2026-10-05,AEVA,14.300000190734863,22,3,False,-0.17250158414182704,-0.1734510053174041,0.6194790842912019,-0.5431309731853589,True,True,False,all
2026-10-05,AGX,387.739990234375,22,3,False,-0.16788957871871113,-0.24995233489811985,0.5169795812811675,-0.5187837539753335,True,True,False,all
2026-10-05,AKR,18.40999984741211,22,2,False,-0.09868891963639614,-0.11642038103056185,0.0027232699018733264,-0.20060793319526105,False,True,False,all
2026-10-05,ALC,64.33000183105469,22,0,False,-0.07359402088850253,-0.12107818140917503,0.0403493617453381,-0.2659744148896811,False,True,False,all
2026-10-05,AXP,304.0199890136719,22,1,False,-0.07030653461783343,-0.08386474079992878,0.04484994239344364,-0.21541201921168573,False,False,False,all
2026-10-05,BABA,110.80000305175781,22,0,False,-0.0517611458996694,-0.152531004886859,0.2044788088357663,-0.42010782014706316,False,True,False,all
2026-10-05,BAH,68.61000061035156,22,0,False,-0.07756964693044177,-0.1170605670150422,0.15310925395548836,-0.37112739165962405,False,False,False,all
2026-10-05,BKE,43.45000076293945,22,1,False,0.006910505700031155,-0.1000665734550753,0.1016734856961905,-0.25941704245803054,False,True,False,all
2026-10-05,FUTY,51.689998626708984,22,2,False,-0.05923766173771228,-0.09791286669409083,0.022956656945089415,-0.1596488369824336,False,False,False,all
2026-10-05,GIII,26.989999771118164,22,2,False,-0.13917930752894347,-0.12955280073754571,0.09670861851850243,-0.2810335878293886,True,True,False,all
2026-10-05,HAPN,15.460000038146973,22,0,False,-0.1235579202985424,-0.11252071582547829,0.18467431511021304,-0.2865712974750031,False,False,False,all
2026-10-05,HWKN,132.05999755859375,22,1,False,0.04175703130481878,-0.0856587562117328,0.1379577258580127,-0.2905721091130917,False,True,False,all
2026-10-05,KNSL,332.4200134277344,22,0,False,-0.08586165346343888,-0.0633797522389884,0.15745125104000968,-0.3145979104582797,False,False,False,all
2026-10-05,LEVI,20.270000457763672,22,2,False,-0.061078509590711705,-0.06872888822785539,0.1439052620327923,-0.21128405229489655,True,False,False,all
2026-10-05,MAMA,12.819999694824219,22,2,False,-0.18563363247514786,-0.17190418649799755,0.29494951402103586,-0.3895238240559896,False,True,False,all
2026-10-05,NFG,76.33999633789062,22,1,False,-0.05918720389079202,-0.08539858778445131,0.017459650538541815,-0.21347621823496088,False,False,False,all
2026-10-05,NTES,119.37999725341797,22,1,False,-0.02733375539667171,-0.028955659610913287,0.12558928909521683,-0.23689596400939017,True,True,False,all
2026-10-05,PWP,15.800000190734863,22,0,False,-0.005025236323983329,-0.11467481263046075,0.2624849985853006,-0.3905496371954257,False,False,False,all
2026-10-05,RPM,95.30000305175781,22,1,False,-0.0992489355093562,-0.10098238230129486,0.025613483961603345,-0.2174412546639044,True,True,False,all
2026-10-05,RQI,10.930000305175781,22,2,False,-0.0889085028730705,-0.12118127413383184,0.011100821544957729,-0.1945467537965656,False,False,False,all
2026-10-05,SHLD,60.40999984741211,22,1,False,-0.06507776957763645,-0.11168296424020097,0.043530842707424355,-0.23037719593080797,True,False,False,all
2026-10-05,SPOT,483.04998779296875,22,0,False,-0.06477227188377088,-0.03363524318387723,0.19271601924189818,-0.31825559788999513,False,True,False,all
2026-10-05,TKO,177.0399932861328,22,1,False,-0.05873348865025718,-0.09876893389401131,0.0341725028406894,-0.2198819450888001,False,True,False,all
2026-10-05,TLT,77.11000061035156,22,1,False,-0.05441265005918139,-0.09676005505442886,0.0055421929358878685,-0.16357524060853745,False,False,False,all
2026-10-05,UTG,35.290000915527344,22,2,False,-0.06179546075325859,-0.10689653671206811,0.052490372809592234,-0.19612756972857948,False,False,False,all
2026-10-05,XLU,39.970001220703125,22,2,False,-0.06072723335790842,-0.09909399365257354,0.024084101224847165,-0.16380749249649829,False,False,False,all
2026-10-05,SDOW,25.579999923706055,22,1,False,0.07737017112513778,-0.08248489705551365,0.21060108564519253,-0.33333331676354194,False,False,False,all
2026-10-05,TSL,14.350000381469727,22,2,False,0.10162936014872659,-0.07291624505910033,0.3373719472199459,-0.3266071918770397,False,True,False,all
2026-10-05,XXI,6.679999828338623,22,2,False,0.18806242716161048,-0.01073678609041151,0.6096384758630207,-0.7393374324916424,False,True,False,all
2026-10-05,GEN,22.280000686645508,22,0,False,-0.20210858731186443,-0.09338202927460237,0.2530933535553761,-0.29605052274309884,False,False,False,all
2026-10-05,UDR,33.84000015258789,22,1,False,-0.07024281772448926,-0.08510496902539222,0.02732245183365456,-0.1942857106526693,False,False,False,all
2026-10-05,VPU,173.1999969482422,22,2,False,-0.05948079708453402,-0.09814566829591831,0.02261322513710118,-0.1596312866616273,False,False,False,all
2026-10-05,AVL,38.029998779296875,22,2,False,-0.07963585229239878,-0.14766404187266668,0.31364413737706176,-0.5258696021272133,True,False,False,all
2026-10-05,PSIX,44.869998931884766,22,2,False,0.14728274657694906,-0.1784158119011381,0.7749207956148487,-0.5786854560386407,False,True,False,all
2026-10-05,NEE,76.27999877929688,22,2,False,-0.07868388931134862,-0.12707083384531248,0.025130963918225557,-0.22754431615901893,False,False,False,all
2026-10-05,RVLV,21.049999237060547,22,0,False,-0.07300578287027282,-0.12565086146356952,0.21325641350086189,-0.3355429597763778,False,True,False,all
2026-10-05,POR,44.25,22,2,False,-0.08803126031882402,-0.12157500924629183,0.030267734900304877,-0.1898571793239493,False,False,False,all
2026-10-05,SEB,3978.739990234375,22,0,False,-0.05936408126842441,-0.1740094830127864,0.2671106072465528,-0.3356997626817694,False,True,False,all
2026-10-05,AJG,227.24000549316406,21,0,False,-0.08852357319613258,-0.0240216949862333,0.19129753862733456,-0.2752670568011426,False,False,False,all
2026-10-05,ALOY,8.109999656677246,21,3,False,-0.19250456157789075,-0.280334572032642,0.36302519607624717,-0.6985130196399478,True,True,False,all
2026-10-05,AVA,35.130001068115234,21,1,False,-0.06668435372734938,-0.12047356300467249,0.01944289034947988,-0.1924137685490751,False,True,False,all
2026-10-05,BIPC,36.36000061035156,21,0,False,-0.049128349963292184,-0.12900477270688593,0.06377999665628065,-0.2969837634923155,False,True,False,all
2026-10-05,ENPH,33.45000076293945,21,2,False,-0.09332883023719396,-0.18886377287938094,0.29751745042687827,-0.5463791465693227,False,False,False,all
2026-10-05,EVER,19.40999984741211,21,1,False,-0.17887149005048197,-0.0700148096191171,0.3984149630674507,-0.32439957686469056,False,False,False,all
2026-10-05,FIZZ,29.84000015258789,21,1,False,-0.051162198177242435,-0.11049372384394851,0.030031096301488258,-0.2190525813251346,False,False,False,all
2026-10-05,GGLS,57.76470184326172,21,0,False,-0.011281906487160875,-0.06208628706561947,0.1404679191124536,-0.37041196901077145,False,True,False,all
2026-10-05,GLDI,139.8000030517578,21,1,False,-0.04601807552612469,-0.1323947122057737,0.010115673533342529,-0.23860354780764503,False,False,False,all
2026-10-05,HBAN,15.289999961853027,21,1,False,-0.08470518977957153,-0.0957879369870035,0.031713918806149044,-0.21428567928078246,False,False,False,all
2026-10-05,ISRG,406.4800109863281,21,1,False,0.06570691227944869,-0.0895796619943725,0.2371184281139549,-0.3268861235681936,False,True,False,all
2026-10-05,NTLA,12.75,21,4,False,0.05746821120685719,-0.009479859558319426,0.603773623383087,-0.5486725663716814,False,False,False,all
2026-10-05,NTST,17.440000534057617,21,3,False,-0.12263930392892464,-0.12134194409066368,0.02467685458271318,-0.22385398010704072,False,False,False,all
2026-10-05,SGHC,11.470000267028809,21,4,False,-0.13046772442371357,-0.05908022249881628,0.35579198762523045,-0.2767969410264266,False,False,False,all
2026-10-05,TKC,5.179999828338623,21,0,False,-0.0204236316542743,-0.1278360336621447,0.07468872279171723,-0.27855153869311156,False,False,False,all
2026-10-05,TLN,331.8699951171875,21,1,False,0.04205521967889214,-0.056189809794519596,0.1862244277422107,-0.264602916116626,False,False,False,all
2026-10-05,TLTW,19.885000228881836,21,1,False,-0.05674696101420207,-0.10186603766071245,0.005308368988440781,-0.17421095133369846,False,False,False,all
2026-10-05,UTES,72.02999877929688,21,1,False,-0.034401235830137544,-0.0899661451853595,0.03714905607522834,-0.1854482343657764,False,True,False,all
2026-10-05,WMS,129.42999267578125,21,0,False,-0.05241553820123235,-0.11071754159708469,0.0386806198685572,-0.2781976359280125,True,True,False,all
2026-10-05,CRUS,121.3499984741211,21,2,False,0.013417010968734155,-0.13206769611103686,0.1420101264306819,-0.32740272860168784,False,True,False,all
2026-10-05,CPT,97.37000274658203,21,1,False,-0.0768358296067223,-0.08889643084274046,0.02011530497356606,-0.1872965133901895,False,False,False,all
2026-10-05,DAKT,17.799999237060547,21,0,False,-0.06968969259823099,-0.13250291183626872,0.06141912648666836,-0.3703573063730812,False,True,False,all
2026-10-05,RSI,20.989999771118164,21,3,False,-0.16023205428474618,-0.12571175055121975,0.35332040369875606,-0.3921227769141098,False,False,False,all
2026-10-05,PBW,29.31999969482422,21,1,False,-0.08027229287192816,-0.1557257130190275,0.07046368558537419,-0.3790766849457605,False,True,False,all
2026-10-05,CWST,83.41999816894531,21,1,False,-0.06775798984709192,-0.08505422322795331,0.12653605308615945,-0.22730642018926073,False,False,False,all
2026-10-05,HYT,7.800000190734863,21,1,False,-0.0461049026845568,-0.0872869382018695,0.01298706285023532,-0.18324606963859535,False,False,False,all
2026-10-05,STRT,65.91999816894531,21,0,False,-0.13225710187080997,-0.15963389323952581,0.15628837238619453,-0.29118281538768476,False,True,False,all
2026-10-05,PHIN,60.18000030517578,21,2,False,-0.1247920245802473,-0.16366602323595258,0.1847623284681641,-0.3077586473202031,False,False,False,all
2026-10-05,TYL,328.32000732421875,21,0,False,-0.025046709607521866,-0.04798327969172134,0.21281082223631365,-0.3739488360514188,False,True,False,all
2026-10-05,RCI,30.3799991607666,21,0,False,-0.12885394046176146,-0.16074336565368508,0.007628508960078717,-0.26154595013409854,False,False,False,all
2026-10-05,CASH,73.41999816894531,21,2,False,-0.09935992535394,-0.13641463578324553,0.1146196312061798,-0.27493584218801925,False,False,False,all
2026-10-05,TYG,38.65999984741211,21,2,False,-0.0895860610526985,-0.1387597156401459,0.03230972122355924,-0.2446268148321511,False,False,False,all
2026-10-05,SO,83.79000091552734,21,2,False,-0.05917357894581121,-0.0907808390254694,0.025706921426858376,-0.16907969101102338,False,False,False,all
2026-10-05,WH,71.22000122070312,21,1,False,-0.017142710148883133,-0.08968958597412902,0.06505156715196092,-0.21173212591583346,False,True,False,all
2026-10-05,XAR,231.27999877929688,21,2,False,-0.11059494952956528,-0.1354812168315792,0.07562084542716407,-0.22334533683856594,True,False,False,all
2026-10-05,CARS,9.699999809265137,21,1,False,-0.16367776383461585,-0.10004362257260169,0.31081076814276765,-0.29145360799247366,False,False,False,all
2026-10-05,URA,40.189998626708984,21,0,False,-0.07078155545530351,-0.16509653530820645,0.08095745822557676,-0.3546885129344455,False,True,False,all
2026-10-05,ZTO,19.700000762939453,21,2,False,-0.08721918101699855,-0.14370160967403145,0.08779680281617752,-0.24809159582905094,False,False,False,all
2026-10-05,WEC,101.30000305175781,21,2,False,-0.04736107648878385,-0.08950651384012154,0.015030059660640305,-0.1551997334833889,False,False,False,all
2026-10-05,AA,43.4900016784668,20,1,False,-0.08570296016051371,-0.24998940949384285,0.28782946665517484,-0.48459346890171706,False,True,False,all
2026-10-05,ALGT,75.13999938964844,20,2,False,-0.09930644762843255,-0.15630528857318227,0.3157065065068274,-0.3922187085742165,True,True,False,all
2026-10-05,ALLY,37.630001068115234,20,1,False,-0.10294122758325197,-0.11716608674183271,0.047605873784489994,-0.20427150899547386,False,False,False,all
2026-10-05,APLD,24.700000762939453,20,1,False,-0.0908588730533566,-0.2308698102288812,0.29965808227602864,-0.5130605913070473,False,True,False,all
2026-10-05,ARE,45.880001068115234,20,1,False,-0.09795129771452993,-0.08773944131630995,0.16417156167860236,-0.46257467972317556,False,True,False,all
2026-10-05,AVS,7.974999904632568,20,1,False,0.014357431287492561,-0.06308411619786503,0.2759999847412109,-0.2720219114401744,False,True,False,all
2026-10-05,AVTX,14.600000381469727,20,2,False,-0.19254037926277445,-0.1264219731410272,0.1670663560631045,-0.3984342766339187,False,False,False,all
2026-10-05,BC,64.83000183105469,20,0,False,-0.13285517783302114,-0.17574765957286054,0.10706967743725837,-0.2816620295728013,False,False,False,all
2026-10-05,BTDR,10.930000305175781,20,4,False,0.001383452910072025,-0.089551683866395,0.5803933603251483,-0.606834510606574,False,True,False,all
2026-10-05,ENB,46.040000915527344,20,2,False,-0.08150357369782935,-0.11700878735495701,0.0224295394983407,-0.21231821531952377,False,True,False,all
2026-10-05,EXC,40.81999969482422,20,2,False,-0.0669543770048977,-0.10538762548155922,0.027435191672457115,-0.19407702931720916,False,False,False,all
2026-10-05,FUTU,109.69999694824219,20,1,False,-0.020014248528349654,-0.16689325676238875,0.36273288134462334,-0.45835186091229074,False,False,False,all
2026-10-05,GGAL,38.25,20,1,False,-0.12023662802900281,-0.1912789194892981,0.40212606441482546,-0.38819578183080206,False,False,False,all
2026-10-05,GOLF,83.38999938964844,20,2,False,-0.06066532456461671,-0.11763663910933297,0.10949967172085273,-0.3030505781346593,False,True,False,all
2026-10-05,HLNE,87.33000183105469,20,0,False,-0.09581669129953085,-0.1517595490346313,0.21494164117962677,-0.4389695504529113,False,False,False,all
2026-10-05,IDXX,527.0700073242188,20,0,False,-0.030143261298947288,-0.10228020743107569,0.052855561708530896,-0.3154756997664433,True,True,False,all
2026-10-05,IMCR,29.59000015258789,20,0,False,-0.1260532959442774,-0.07964749910745283,0.07385228905368102,-0.2732408193124588,False,False,False,all
2026-10-05,IRT,14.720000267028809,20,1,False,-0.07690762018495167,-0.09729801089785928,0.02649931034849673,-0.17256888648156277,False,False,False,all
2026-10-05,JBSS,68.02999877929688,20,1,False,-0.09691895354131119,-0.12393101009611562,0.15168442747186517,-0.261185953231017,True,True,False,all
2026-10-05,KBR,34.52000045776367,20,0,False,-0.060260897144980397,-0.08201376067987998,0.15297260661355616,-0.2827758219055557,False,False,False,all
2026-10-05,KHC,21.84000015258789,20,1,False,-0.12344072894137559,-0.08732852833371318,0.03826956553435967,-0.22249910879492096,False,True,False,all
2026-10-05,O,53.77000045776367,20,2,False,-0.10942908032865883,-0.12996342188800536,0.008250489623136792,-0.20856640380405145,False,False,False,all
2026-10-05,OBDC,10.170000076293945,20,0,False,-0.08782692406632842,-0.10740928616682266,0.0019704885236802028,-0.2508287131353939,False,False,False,all
2026-10-05,OMAB,94.9800033569336,20,0,False,-0.07087485945503569,-0.1299309219063738,0.02870141311951757,-0.29639232912140734,False,False,False,all
2026-10-05,SPGI,390.9200134277344,20,0,False,-0.061286264624952125,-0.07737533631979232,0.08278728357110321,-0.2517836749322674,False,False,False,all
2026-10-05,SUPN,42.7599983215332,20,0,False,-0.04250510774043048,-0.11247550046748,0.055541843821899306,-0.2835120961313933,False,True,False,all
2026-10-05,TJX,134.41000366210938,20,1,False,-0.044052777425550804,-0.11836913343687994,0.09472230818081373,-0.20935291963465075,True,False,False,all
2026-10-05,TWM,23.239999771118164,20,1,False,0.05788313625794683,-0.08060892701246014,0.15277777514970703,-0.38289963183005293,False,False,False,all
2026-10-05,VST,144.88999938964844,20,1,False,0.013622223598221295,-0.06383908387843518,0.09219052758877777,-0.3326117212518026,False,False,False,all
2026-10-05,YMM,8.40999984741211,20,0,False,-0.035240703020620656,-0.0680614552432024,0.1281019360804101,-0.402274340453198,True,False,False,all
2026-10-05,FWRD,15.069999694824219,20,1,False,-0.08823602234856287,-0.19002011786924844,0.9173027275873649,-0.516677371798401,False,True,False,all
2026-10-05,RITM,8.739999771118164,20,0,False,-0.10727055442034261,-0.11992308911596161,0.036773363549233995,-0.2806584324670621,False,False,False,all
2026-10-05,UNG,10.550000190734863,20,1,False,0.02656419022115397,-0.0703289396255139,0.10471203979348309,-0.3805050049699702,False,False,False,all
2026-10-05,TSN,51.709999084472656,20,0,False,-0.06264389874998011,-0.13780887346308246,0.035028023059830105,-0.25575710152419884,True,True,False,all
2026-10-05,TSSI,10.050000190734863,20,4,False,0.06794467902559909,-0.07547523761620356,0.4628821482021017,-0.5383555360858614,True,False,False,all
2026-10-05,UBER,69.4800033569336,20,0,False,-0.04957576282402909,-0.06958241278073074,0.06222289354773247,-0.31408258440312065,False,True,False,all
2026-10-05,CBRE,129.39999389648438,20,0,False,-0.10010909146150482,-0.10756163342820091,0.06335764072969341,-0.25747408777143843,False,False,False,all
2026-10-05,RDY,12.319999694824219,20,2,False,0.014643119240206781,-0.07236601851735358,0.08450704816550747,-0.21378432451558882,False,False,False,all
2026-10-05,STNE,11.539999961853027,20,1,False,0.15174257739451225,-0.07949891291329114,0.28938549807640146,-0.41242360893680263,False,False,False,all
2026-10-05,ADC,65.58000183105469,19,2,False,-0.0949464153693147,-0.12614351531501622,0.009233586382341619,-0.20102338732840141,False,False,False,all
2026-10-05,AMZD,8.680000305175781,19,1,False,0.01377002080342371,-0.08406835046697525,0.13612571424933617,-0.2625318634163416,False,False,False,all
2026-10-05,AOS,56.970001220703125,19,0,False,-0.05165380495892202,-0.11407058163214223,0.0518833342172782,-0.30414071931759457,True,True,False,all
2026-10-05,BEAM,25.670000076293945,19,0,False,-0.03447238305541345,-0.09835784694310257,0.2689075955093301,-0.3290642654877862,False,True,False,all
2026-10-05,BKD,10.529999732971191,19,3,False,-0.14943459214907595,-0.2140706173050233,0.32120451821467144,-0.38385022592427165,False,True,False,all
2026-10-05,DSL,9.819999694824219,19,1,False,-0.06127524392137329,-0.10136628221349941,0.0,-0.2042139729824224,False,False,False,all
2026-10-05,EFC,11.5,19,1,False,-0.12028395688523075,-0.12140636027537799,0.019503570233760925,-0.18555240133101059,False,False,False,all
2026-10-05,EXE,86.43000030517578,19,0,False,-0.06987605680440889,-0.12081294166918599,0.03819820186397327,-0.31741181316410216,False,False,False,all
2026-10-05,FCPT,21.229999542236328,19,2,False,-0.12342275584141071,-0.1390899180224342,0.0,-0.20960539613485674,False,False,False,all
2026-10-05,GBX,40.529998779296875,19,0,False,-0.09592600775267546,-0.17348885856910345,0.0601621570651476,-0.3152559601343181,False,False,False,all
2026-10-05,GXO,45.9900016784668,19,0,False,-0.02682727534216378,-0.12282873486434442,0.05457466257293064,-0.3120418440058693,False,True,False,all
2026-10-05,IEP,6.670000076293945,19,0,False,-0.0592383556628574,-0.11746803752072843,0.02457754866155981,-0.2843347323285781,False,True,False,all
2026-10-05,IGLD,20.010000228881836,19,0,False,-0.06125090132996713,-0.16714184131182297,0.003007491912172755,-0.34220906710399834,False,False,False,all
2026-10-05,MKL,1726.5799560546875,19,1,False,-0.049081552090287084,-0.10399092552671929,0.01315004461496927,-0.217889242425231,False,False,False,all
2026-10-05,MSDL,13.5600004196167,19,1,False,-0.09043342672520727,-0.1133371841634665,0.009679829596937362,-0.24288104214718687,False,False,False,all
2026-10-05,NI,39.54999923706055,19,2,False,-0.04793773643863575,-0.11789929986454106,0.02941179390863713,-0.1963015652739598,False,False,False,all
2026-10-05,ODD,19.59000015258789,19,3,False,0.25543123516705246,0.020541065011336013,1.117837854333826,-0.6780872516646479,False,True,False,all
2026-10-05,PAX,11.100000381469727,19,1,False,0.015460649366725532,-0.10824210312011318,0.12234580345226242,-0.3764044462227316,False,True,False,all
2026-10-05,RYAN,37.97999954223633,19,0,False,-0.08303395915753309,-0.05070766642611402,0.29713110148794697,-0.3582833714459297,False,False,False,all
2026-10-05,SGML,9.5600004196167,19,1,False,-0.10629979987540639,-0.2857222585287118,1.0715061524911875,-0.6094770997392199,False,False,False,all
2026-10-05,SHAK,62.400001525878906,19,0,False,-0.0511323836708264,-0.18844046005205317,0.2093023909133318,-0.41931879715700326,False,False,False,all
2026-10-05,TIMB,19.299999237060547,19,1,False,0.04797892983984142,-0.1354208995140752,0.12602099908571907,-0.31608789133005943,False,False,False,all
2026-10-05,VSEC,168.1300048828125,19,1,False,-0.1661227231134147,-0.1533169343422056,0.08702403098993305,-0.32164615395412866,False,False,False,all
2026-10-05,SBGI,12.640000343322754,19,0,False,-0.08238229738209579,-0.11740161894874312,0.03352418777044819,-0.29306482457458816,False,False,False,all
2026-10-05,CWEN,29.520000457763672,19,0,False,-0.06601784813786171,-0.17555600454254938,0.03325168964252945,-0.2927647515406615,False,True,False,all
2026-10-05,LTPZ,44.56999969482422,19,1,False,-0.05989108337434468,-0.11555001525774056,0.004507567449944849,-0.18771641038023157,False,False,False,all
2026-10-05,ANIP,72.58000183105469,19,0,False,-0.03499182439811299,-0.07508879520410061,0.043115836749821,-0.25175255844273514,False,True,False,all
2026-10-05,LRN,78.87999725341797,19,3,False,-0.04518199890507002,-0.0683215455694004,0.30143534827726226,-0.4912937024675822,False,True,False,all
2026-10-05,CENX,36.939998626708984,19,3,False,-0.15349010655752526,-0.268808800952108,0.4543306764366972,-0.47550761796611374,False,True,False,all
2026-10-05,XXRP,35.380001068115234,19,2,False,0.22858316909722465,-0.22472039663467525,0.9754327956193387,-0.9053251273416749,False,False,False,all
2026-10-05,VVV,30.34000015258789,19,1,False,-0.06623168332316243,-0.11407781023340802,0.1575734915062219,-0.2614411197603167,False,False,False,all
2026-10-05,TNL,61.720001220703125,19,1,False,-0.11313937096319682,-0.13181328398247938,0.06285520139591516,-0.2380246762876157,False,False,False,all
2026-10-05,UFPI,78.04000091552734,19,0,False,-0.08326714435060723,-0.14286968569685354,0.037766011735876015,-0.3386440600379038,False,True,False,all
2026-10-05,TTAN,72.16000366210938,19,1,False,-0.07883629296120453,-0.03735737784478754,0.36150950305866747,-0.3520114649191042,False,True,False,all
2026-10-05,KMB,95.41000366210938,19,1,False,-0.09066991887259845,-0.06985854674728298,0.03235236477389103,-0.2266979592636824,False,True,False,all
2026-10-05,MTH,62.279998779296875,19,0,False,-0.09349202996225947,-0.10568255711577046,0.07323798189560282,-0.27055515597590796,False,False,False,all
2026-10-05,BCE,19.739999771118164,19,0,False,-0.12216728506102348,-0.16946981856119736,0.009718697773523965,-0.2556561300759962,False,False,False,all
2026-10-05,MGEE,70.2699966430664,19,1,False,-0.08789778494895939,-0.10164564079008975,0.03323032547931626,-0.20093251430272852,False,False,False,all
2026-10-05,CNXC,25.8700008392334,19,1,False,-0.04413880550801497,-0.12972611599040507,0.3530334573076639,-0.4759975410385172,False,False,False,all
2026-10-05,ALGN,140.64999389648438,18,0,False,-0.11894856985370972,-0.17362149286021,0.12601064584829258,-0.29829379273930123,True,False,False,all
2026-10-05,AQN,5.070000171661377,18,0,False,-0.08744012161028025,-0.16163008001375534,0.03258662509604715,-0.2869198204704779,False,False,False,all
2026-10-05,BA,192.72000122070312,18,2,False,-0.09090736866534233,-0.1267093787974537,0.09023022324340713,-0.24230392531514333,False,False,False,all
2026-10-05,DTE,125.04000091552734,18,2,False,-0.06957085224577064,-0.11273589394867234,0.04478610124234561,-0.1971749539934039,False,False,False,all
2026-10-05,FLG,11.569999694824219,18,2,False,-0.12925029123764065,-0.15059816354246225,0.0946073821070843,-0.2506476677937195,False,False,False,all
2026-10-05,FUL,50.439998626708984,18,0,False,-0.08353564205247765,-0.14985924463476885,0.08008560605287074,-0.26504443180351533,True,False,False,all
2026-10-05,HSY,161.00999450683594,18,0,False,-0.08492195735588859,-0.15616903288267292,0.03105782998840545,-0.32766829221919624,False,False,False,all
2026-10-05,IRON,63.33000183105469,18,1,False,-0.1518114015719363,-0.11636758136818381,0.5832500457763672,-0.3635175695371389,False,False,False,all
2026-10-05,ITB,85.58000183105469,18,0,False,-0.08748926639992305,-0.12025825082298847,0.009079168666747739,-0.25750476969535174,False,False,False,all
2026-10-05,LASR,39.5,18,3,False,-0.17716047532349266,-0.3173681010702821,0.4084507003937863,-0.5457159127502587,True,True,False,all
2026-10-05,LOAR,62.349998474121094,18,0,False,-0.09755916410735122,-0.07278319893398089,0.1730949517238054,-0.25266692741156493,False,False,False,all
2026-10-05,MLTX,11.380000114440918,18,2,False,-0.24097911460621868,-0.32061018961810683,0.5173333485921223,-0.5113782882312417,False,False,False,all
2026-10-05,MQY,9.850000381469727,18,1,False,-0.08980018308488258,-0.12801373913065361,0.0051020601797675535,-0.17504181510586625,False,False,False,all
2026-10-05,NG,6.610000133514404,18,1,False,-0.11571904906823771,-0.22917248227611764,0.301181148186348,-0.5409722007903046,False,True,False,all
2026-10-05,PAC,210.0,18,1,False,0.0008807726945945227,-0.13115863784059867,0.08746310049332084,-0.30095536952823776,False,False,False,all
2026-10-05,PDO,11.789999961853027,18,1,False,-0.05563654369995519,-0.1053117851571086,0.024326648775261805,-0.172631581624349,False,False,False,all
2026-10-05,PENN,15.100000381469727,18,3,False,-0.1504157721451591,-0.09844016215054674,0.29613741424093654,-0.3246869423393852,False,False,False,all
2026-10-05,PEP,125.6500015258789,18,0,False,-0.08128421758369342,-0.14602205867549667,0.011552592120880334,-0.26726146106557214,False,False,False,all
2026-10-05,ROCK,40.31999969482422,18,0,False,-0.10560593985279265,-0.09070920642602598,0.20143021587934729,-0.4629728461441378,False,False,False,all
2026-10-05,SHEN,11.199999809265137,18,2,False,-0.08342473121964511,-0.17337989368173656,0.15822127413649079,-0.3544668839761501,False,False,False,all
2026-10-05,TPR,116.94999694824219,18,2,False,-0.10057005823906662,-0.1561729661464757,0.25752684890583,-0.2903519734067459,True,True,False,all
2026-10-05,TRN,26.389999389648438,18,2,False,-0.10147633501844977,-0.16498838538244698,0.06583195257265206,-0.311145955529852,False,False,False,all
2026-10-05,VFC,14.270000457763672,18,1,False,0.010680524179315087,-0.16877092708280605,0.1452648807444048,-0.3592276531458748,False,False,False,all
2026-10-05,VRTS,134.47000122070312,18,0,False,-0.12534944333419318,-0.0974337823013054,0.10574788706363103,-0.3104102501502404,False,False,False,all
2026-10-05,WLDN,73.58000183105469,18,0,False,-0.08584914412960498,-0.18736717527447222,0.13777646380679776,-0.4629196946638344,False,True,False,all
2026-10-05,YMAX,7.710000038146973,18,1,False,0.014820865094600011,-0.07765189664459493,0.0723226671471735,-0.4136881930184656,False,True,False,all
2026-10-05,YUM,136.97000122070312,18,1,False,-0.0645786890433282,-0.1100330913237626,0.020184767054561403,-0.1949570840950845,False,True,False,all
2026-10-05,DHI,133.22999572753906,18,1,False,-0.07402390570562412,-0.10232718645117367,0.011233364155894154,-0.24395644759599178,False,False,False,all
2026-10-05,CMG,30.850000381469727,18,1,False,-0.11007389320106087,-0.11474839738171538,0.10021395771019126,-0.2795422559239612,False,False,False,all
2026-10-05,CX,9.539999961853027,18,0,False,-0.11072167419290158,-0.19252450553159883,0.06830902976830733,-0.30212144048214207,False,False,False,all
2026-10-05,KKR,89.95999908447266,18,0,False,-0.12776718933629116,-0.12452290608311556,0.0881819411756779,-0.37890084673428825,False,False,False,all
2026-10-05,MIDD,105.11000061035156,18,1,False,-0.09648547648286776,-0.13394620613967334,0.17895438550851628,-0.29242680275321753,False,True,False,all
2026-10-05,SE,96.8499984741211,18,0,False,-0.12115615223612897,-0.05741222543900226,0.2569759200277093,-0.499431462617425,False,True,False,all
2026-10-05,PHG,23.90999984741211,18,0,False,-0.07617767510266849,-0.12797218475432748,0.01206348560474546,-0.2849880134769245,False,True,False,all
2026-10-05,MIRM,81.43000030517578,18,2,False,-0.16538120257975175,-0.1718316975597427,0.2877973543379786,-0.3736153822678786,False,False,False,all
2026-10-05,SPXC,176.8000030517578,18,0,False,-0.09708204600560877,-0.1630238183468471,0.06397066257414874,-0.29584195570174476,False,False,False,all
2026-10-05,VC,89.2699966430664,18,1,False,-0.1090551945641498,-0.12046144873233977,0.06922983503638469,-0.2968097771639806,False,False,False,all
2026-10-05,CAE,23.709999084472656,18,0,False,-0.05543873355029394,-0.1283953744672065,0.04173984385049767,-0.30753510741257806,True,True,False,all
2026-10-05,LUNR,14.289999961853027,18,3,False,-0.06615955902404735,-0.2937996230563865,0.8367608710135297,-0.694331551618117,True,True,False,all
2026-10-05,AAUC,19.780000686645508,17,2,False,-0.093650025511546,-0.25387910560818194,0.3547945321803019,-0.3857142789446367,False,True,False,all
2026-10-05,ADNT,17.239999771118164,17,0,False,-0.094642431115468,-0.1713012736659505,0.04421559855337254,-0.3689604698500679,False,False,False,all
2026-10-05,AGIO,31.25,17,4,False,-0.0625525025527135,0.006812494984526518,0.40512591374135787,-0.32065217391304346,False,False,False,all
2026-10-05,BBSI,31.229999542236328,17,0,False,-0.07952135259198834,-0.0655002772013401,0.23292537056064222,-0.3140786211389699,False,False,False,all
2026-10-05,DRS,36.599998474121094,17,2,False,-0.09278844505486217,-0.13322521746507288,0.1285845861765158,-0.2765368973368376,True,True,False,all
2026-10-05,EVH,3.609999895095825,17,3,False,-0.09241756075792051,-0.05756431303599363,0.7231502843895465,-0.573286066333572,False,True,False,all
2026-10-05,GPOR,157.83999633789062,17,0,False,-0.05119029439605194,-0.13250537401965023,0.05805070443280225,-0.3009124050346841,False,True,False,all
2026-10-05,JBS,11.890000343322754,17,0,False,-0.08247674275213357,-0.16652352047797536,0.1206409734273608,-0.36246645648672915,False,False,False,all
2026-10-05,JEF,45.84000015258789,17,0,False,-0.1194436937090061,-0.12792024568496652,0.2901773635663223,-0.3117116936511637,False,False,False,all
2026-10-05,MAA,116.47000122070312,17,1,False,-0.08603668786471363,-0.11072900606805014,0.018183423744671412,-0.1934769180311101,False,False,False,all
2026-10-05,MOS,21.290000915527344,17,0,False,-0.0953590562847898,-0.130376140744889,0.0752526129232316,-0.408611085679796,False,True,False,all
2026-10-05,MP,46.84000015258789,17,0,False,-0.08386435239202183,-0.17366889685387088,0.23882566652525083,-0.5327727363393533,False,True,False,all
2026-10-05,MWA,21.760000228881836,17,0,False,-0.0960151436977914,-0.16708930187567095,0.04114835531332117,-0.2980645087457472,False,False,False,all
2026-10-05,NXT,82.97000122070312,17,1,False,-0.06104082341062844,-0.22979719272418198,0.10759574375338898,-0.4913872449136124,True,True,False,all
2026-10-05,NZF,10.75,17,1,False,-0.09181535280878816,-0.1320495752348806,0.028708152747417115,-0.1743471872468405,False,False,False,all
2026-10-05,ONDS,7.420000076293945,17,1,False,-0.07128104328979301,-0.2138789493394091,0.49898997216234187,-0.5143978922798627,True,True,False,all
2026-10-05,PALL,21.280000686645508,17,0,False,-0.1042715187096408,-0.2066004045301113,0.01818186961966828,-0.4610201731039001,False,True,False,all
2026-10-05,PII,52.65999984741211,17,0,False,-0.15532357450817136,-0.1756508640336154,0.11709801716662338,-0.3246986717046628,False,True,False,all
2026-10-05,PINS,20.059999465942383,17,1,False,-0.067878538179456,-0.053624064826121254,0.4494219107498665,-0.43365328901879774,True,True,False,all
2026-10-05,PTY,10.800000190734863,17,0,False,-0.06264644983956613,-0.11030195033379087,0.014084561274875451,-0.2648059564850537,False,False,False,all
2026-10-05,PUK,24.510000228881836,17,0,False,-0.10314392679097795,-0.1620183280038755,0.010721658922962396,-0.2797531264152382,False,False,False,all
2026-10-05,RYAAY,54.70000076293945,17,0,False,-0.02657605527245699,-0.10967659546673503,0.05843654102032225,-0.26320039955666474,False,False,False,all
2026-10-05,SAH,62.630001068115234,17,3,False,-0.1909146637230833,-0.14633421984288586,0.1574570386556926,-0.4490190720771404,False,False,False,all
2026-10-05,SNDX,17.829999923706055,17,1,False,-0.07195836809878486,-0.14521002606961497,0.3725943216218601,-0.3032434616104164,False,False,False,all
2026-10-05,SNY,39.5099983215332,17,0,False,-0.08776065351867024,-0.12216682625712383,0.008293911875774773,-0.25000003620631406,False,False,False,all
2026-10-05,CMS,64.02999877929688,17,2,False,-0.061295107267480664,-0.120472482466633,0.027933823056595752,-0.20321057375590834,False,False,False,all
2026-10-05,CQQQ,45.04999923706055,17,0,False,-0.07157049369793356,-0.12184606826831024,0.02830399052499244,-0.25782539257287873,False,True,False,all
2026-10-05,BW,5.639999866485596,17,3,False,-0.2821322403843275,-0.5148324621860004,1.0583941046916863,-0.7439854883933554,False,False,False,all
2026-10-05,GENI,5.989999771118164,17,1,False,-0.1577141902847845,-0.09852968937506223,0.5660129925346002,-0.5165456331608329,False,False,False,all
2026-10-05,MNTN,10.079999923706055,17,1,False,-0.12237933484939667,-0.009798873260272845,0.31421118949670124,-0.46225662990590244,False,True,False,all
2026-10-05,TAP,36.52000045776367,17,0,False,-0.08924954156288523,-0.15461689904411735,0.028153152790329594,-0.3338197617463381,False,True,False,all
2026-10-05,TNC,68.06999969482422,17,1,False,-0.048520294788632734,-0.11442888222828806,0.13110666915317148,-0.2595453119889548,False,True,False,all
2026-10-05,PSQ,24.299999237060547,17,0,False,-0.055584516686075225,-0.13045970338516744,0.001236043623034977,-0.2739767448221784,False,False,False,all
2026-10-05,NEA,9.8100004196167,17,1,False,-0.09821293721133295,-0.1386387353881794,0.029380975287625954,-0.17563019041270378,False,False,False,all
2026-10-05,URNM,47.91999816894531,17,0,False,-0.09628901375363463,-0.2060625838580058,0.032536055300534716,-0.4359034739207617,False,True,False,all
2026-10-05,ANNX,4.199999809265137,17,1,False,-0.11338164154486452,-0.2154592237915488,0.6535432568278765,-0.4150417953092106,False,False,False,all
2026-10-05,NVR,5970.2099609375,17,0,False,-0.04856463138504785,-0.1065723314908017,0.08529346707298413,-0.2719256145198171,False,False,False,all
2026-10-05,BKSY,21.3700008392334,17,3,False,-0.11410872847393527,-0.22516875046964357,0.7219984771949648,-0.5958774506886546,True,True,False,all
2026-10-05,TXT,75.75,17,0,False,-0.08470717467802535,-0.1541397451837191,0.003178358587999197,-0.25420891771588683,False,False,False,all
2026-10-05,ADT,6.210000038146973,16,0,False,-0.12983773116424502,-0.1359398850737058,0.02985071676213824,-0.3011478435647802,False,False,False,all
2026-10-05,DYN,15.4399995803833,16,2,False,-0.30887851158119406,-0.21195543292634667,0.24215600975924145,-0.4345358209918576,False,False,False,all
2026-10-05,EDV,54.220001220703125,16,1,False,-0.08605755120416747,-0.14445892339392674,0.009677840305156948,-0.23965778885139044,False,False,False,all
2026-10-05,EEFT,64.24500274658203,16,0,False,-0.08697891406117286,-0.10201199718396203,0.03204823689288405,-0.2843376946751379,False,True,False,all
2026-10-05,FLY,22.59000015258789,16,3,False,-0.007364565277140578,-0.1889184447639073,0.41187500953674316,-0.6366414537893315,False,False,False,all
2026-10-05,FSV,128.27999877929688,16,0,False,-0.07123030440917455,-0.10892317853786271,0.0742818427699461,-0.32521500401204906,False,True,False,all
2026-10-05,GLOB,35.75,16,0,False,-0.04765203254125738,-0.19987377184620647,0.29716983645730877,-0.504160877162407,False,True,False,all
2026-10-05,GLPI,37.90999984741211,16,1,False,-0.09429725314638027,-0.159438881490659,0.01553704762679442,-0.24104105568824052,False,True,False,all
2026-10-05,HII,266.4800109863281,16,0,False,-0.09324702728854461,-0.22486265899302427,0.037735122547461364,-0.42069562829059104,False,False,False,all
2026-10-05,HLMN,6.960000038146973,16,0,False,-0.11421080575867959,-0.16216500373587572,0.04583017561578795,-0.35852536465955587,True,True,False,all
2026-10-05,HRL,20.079999923706055,16,1,False,-0.11021305342577925,-0.1324485023120372,0.03398557388358481,-0.2451127956488932,True,False,False,all
2026-10-05,LDOS,119.44999694824219,16,0,False,-0.08555586528517323,-0.18698580404634024,0.20827428900232747,-0.4194975240896728,False,True,False,all
2026-10-05,LMAT,80.98999786376953,16,1,False,-0.03437571974819864,-0.14378657927522887,0.03541289439833517,-0.31370225915024674,False,True,False,all
2026-10-05,MNDY,82.66000366210938,16,1,False,-0.06901829808549576,-0.06322729553652084,0.4375652810801631,-0.6072972516274942,False,True,False,all
2026-10-05,NAC,9.989999771118164,16,1,False,-0.11437742680340812,-0.14873313231700658,0.00301202137111356,-0.18448981460259883,False,False,False,all
2026-10-05,NAD,9.960000038146973,16,1,False,-0.11263162886260203,-0.15191096527351267,0.031055920856482455,-0.19090173041138692,False,False,False,all
2026-10-05,ORA,91.29000091552734,16,0,False,-0.0973629721980569,-0.19792262013379913,0.04858722117568037,-0.37639182118896397,False,True,False,all
2026-10-05,ORCL,142.47999572753906,16,0,False,-0.01152895517394581,-0.12404983206673659,0.24436677491300496,-0.5582563652481112,False,False,False,all
2026-10-05,PEG,68.68000030517578,16,1,False,-0.058029647221739644,-0.12862654314213318,0.038246390339191416,-0.21625011459763632,False,False,False,all
2026-10-05,PJT,137.9499969482422,16,0,False,-0.1689609084142607,-0.13624615508142146,0.08001247414634016,-0.29480625502724145,False,True,False,all
2026-10-05,PTON,5.010000228881836,16,1,False,-0.07155163648548701,-0.060513394066560644,0.3726027665699274,-0.4554347464402809,False,False,False,all
2026-10-05,SBAC,161.82000732421875,16,1,False,-0.09960434176529287,-0.15329149920113805,0.03333333982919906,-0.2790697563753505,False,True,False,all
2026-10-05,SPIR,10.890000343322754,16,3,False,-0.1278929764390493,-0.20758791914968777,0.650000075860458,-0.5800231309234098,True,False,False,all
2026-10-05,SRE,78.16000366210938,16,2,False,-0.06654114133302591,-0.13150533660207864,0.025587253655196873,-0.22644494305326046,False,True,False,all
2026-10-05,SYM,42.869998931884766,16,1,False,0.016838180545927006,-0.14838377240028422,0.13773881594146586,-0.5121756910362512,False,True,False,all
2026-10-05,TDG,1092.6600341796875,16,0,False,-0.07109938798232607,-0.1234584673339082,0.019986029572637065,-0.2531526952288091,False,True,False,all
2026-10-05,TTWO,203.4600067138672,16,1,False,-0.09831012861263821,-0.09316918919367412,0.08436817896445503,-0.2349401938555863,False,True,False,all
2026-10-05,KTB,64.19999694824219,16,2,False,-0.13883304509283145,-0.1033156829395181,0.1425520291386122,-0.2783273650072705,False,True,False,all
2026-10-05,LUMN,5.619999885559082,16,0,False,-0.10498154600256782,-0.2547654715947808,0.04460962193550144,-0.5297071150409765,False,True,False,all
2026-10-05,CHRW,140.61000061035156,16,0,False,-0.06528823548524232,-0.18350684928945804,0.1372533266295366,-0.331479107182745,False,False,False,all
2026-10-05,OTEX,22.5,16,0,False,-0.062171764529873386,-0.08367848191687488,0.13751259954156136,-0.43609024712927313,False,True,False,all
2026-10-05,MBUU,22.780000686645508,16,0,False,-0.14458339579417934,-0.1789866452921972,0.026126121791594903,-0.3485845041046447,False,True,False,all
2026-10-05,CTGO,16.780000686645508,16,0,False,-0.09841170439864988,-0.2331351097816461,0.15724142666520735,-0.5119255332947721,False,True,False,all
2026-10-05,CNM,41.81999969482422,16,0,False,-0.041217124510449676,-0.14891712528394174,0.04471648688765684,-0.29902782766034053,False,True,False,all
2026-10-05,TYRA,20.93000030517578,16,3,False,-0.1851211491268766,-0.31370016311831594,0.612480819977729,-0.48511686298827894,False,False,False,all
2026-10-05,PSKY,9.774999618530273,16,0,False,-0.015797625193201714,-0.0724288747574724,0.2828083681543361,-0.49742934523911086,False,False,False,all
2026-10-05,MC,56.04999923706055,16,0,False,-0.13303739182674157,-0.14485449203145384,0.0977281184794434,-0.2833947429205511,False,True,False,all
2026-10-05,BX,111.6500015258789,16,0,False,-0.15466489041914733,-0.12907851111116997,0.09751300345621394,-0.34323528514188884,False,False,False,all
2026-10-05,NMZ,8.760000228881836,16,1,False,-0.10282668832527064,-0.14192516280130363,0.006896600107140438,-0.18662953978176533,False,False,False,all
2026-10-05,ALK,39.189998626708984,15,0,False,-0.09305924083096451,-0.13610866197928773,0.18649712609959845,-0.3536203540111985,True,False,False,all
2026-10-05,AZN,156.52999877929688,15,0,False,-0.04019142043153623,-0.1398625923039255,0.020337624944325006,-0.2641154913324901,False,True,False,all
2026-10-05,AZO,2807.72998046875,15,0,False,-0.051654290881254505,-0.14752831545054068,0.02822774097069014,-0.33975225284704613,False,False,False,all
2026-10-05,BBWI,17.459999084472656,15,0,False,-0.05663440208531001,-0.12217640522352946,0.22268903438136212,-0.36277374716951893,False,False,False,all
2026-10-05,BN,36.83000183105469,15,0,False,-0.08865954167465162,-0.15216678807706718,0.03194181138165053,-0.25701024696798136,False,False,False,all
2026-10-05,DOO,55.0,15,0,False,-0.1063827002634472,-0.15489927792304525,0.12635670566412593,-0.3283673170114537,False,True,False,all
2026-10-05,EPRT,25.639999389648438,15,0,False,-0.12603027392823685,-0.16837086582362804,0.01064243364144879,-0.2617333795680945,False,False,False,all
2026-10-05,FCN,138.02000427246094,15,0,False,-0.07441308164244465,-0.14917354130132632,0.0689282023841149,-0.27089275199470575,False,False,False,all
2026-10-05,GDS,29.290000915527344,15,0,False,-0.08637197676065822,-0.21961068726346833,0.08602156697216068,-0.39744907328205215,False,True,False,all
2026-10-05,GOVZ,30.40999984741211,15,0,False,-0.08564453353086998,-0.1506381428808169,0.01130695563812778,-0.25865432696121426,False,False,False,all
2026-10-05,GRRR,12.25,15,2,False,-0.10719491569870876,-0.10515195113874809,0.35508850129342084,-0.47850148491436617,False,True,False,all
2026-10-05,KEP,11.170000076293945,15,0,False,-0.04085593056305037,-0.24641337522634832,0.0361781403509609,-0.5228534750490932,False,True,False,all
2026-10-05,LADR,8.520000457763672,15,0,False,-0.11185234041281711,-0.16083911551614982,0.004717089349841386,-0.25783965178591306,False,False,False,all
2026-10-05,LPX,65.29000091552734,15,0,False,-0.07042501472633333,-0.14740970150556298,0.050016091911995186,-0.34931230517822554,True,False,False,all
2026-10-05,NLR,103.7300033569336,15,0,False,-0.08456779380916346,-0.1958518617248577,0.019760146599579143,-0.3830002000379019,False,True,False,all
2026-10-05,NLY,18.270000457763672,15,0,False,-0.17454320076653673,-0.18434584908651297,0.0010959154938998683,-0.25489395935231673,False,False,False,all
2026-10-05,PEGA,34.529998779296875,15,2,False,0.015600143343647899,-0.12383425151765715,0.37569714161394674,-0.49295154841422306,False,True,False,all
2026-10-05,PFLT,6.78000020980835,15,0,False,-0.05888228837823328,-0.16542544628910127,0.0014771386868552838,-0.30461536309657955,False,True,False,all
2026-10-05,SNN,26.920000076293945,15,0,False,-0.06987672224010544,-0.14441629905762865,0.03062784116985595,-0.28232467926184635,False,True,False,all
2026-10-05,SYK,285.2200012207031,15,0,False,-0.08086410209304784,-0.13535228640928354,0.0682397049464536,-0.2734173733534073,True,True,False,all
2026-10-05,ULS,68.25,15,1,False,-0.08074122834503217,-0.18144905617846985,0.08041795121583584,-0.3653524324068923,False,False,False,all
2026-10-05,VMC,245.57000732421875,15,0,False,-0.07154510006473269,-0.1348142150960583,0.03602923085222498,-0.25829831755591703,False,False,False,all
2026-10-05,CWK,11.850000381469727,15,0,False,-0.11188053285741395,-0.14245703312215607,0.0242005785679289,-0.3189654803871391,False,False,False,all
2026-10-05,CXM,5.230000019073486,15,0,False,-0.16899706913345414,-0.1253302961978633,0.10922584301570626,-0.367975799375035,True,True,False,all
2026-10-05,MAZE,26.43000030517578,15,0,False,-0.020269259977523046,-0.19710617125975005,0.20410019984146843,-0.5073625432717488,False,False,False,all
2026-10-05,TMUS,164.63999938964844,15,0,False,-0.06489612391260569,-0.13834047657343895,0.023816938556069367,-0.2873344457414393,False,False,False,all
2026-10-05,CHDN,77.56999969482422,15,0,False,-0.08778953284453839,-0.1478769202468605,0.04852657711530317,-0.34457118128492414,False,False,False,all
2026-10-05,DJT,8.630000114440918,15,0,False,-0.057067629021421595,-0.1336145910572374,0.23994253838230795,-0.5197551227490871,True,True,False,all
2026-10-05,STOK,25.31999969482422,15,0,False,-0.15103070953705566,-0.19901364419387935,0.24606299582147972,-0.3704624831838438,False,False,False,all
2026-10-05,PTCT,63.650001525878906,15,0,False,-0.08126572843874003,-0.11719157615178755,0.039523142278864,-0.2995488103661026,False,False,False,all
2026-10-05,TAN,43.66999816894531,15,1,False,-0.09278637584815486,-0.20395274718789747,0.028497388378775135,-0.42235450991584156,False,True,False,all
2026-10-05,JPC,6.630000114440918,15,1,False,-0.09717303380760123,-0.15091438538685054,0.004545486400278964,-0.20120482384544225,False,False,False,all
2026-10-05,NVG,10.430000305175781,15,1,False,-0.11902828132673993,-0.16468447047935342,0.0106589741864751,-0.23252390080439866,False,False,False,all
2026-10-05,CMCSA,21.56999969482422,15,0,False,-0.12592089603632906,-0.1913844799405936,0.013627772500999225,-0.34357884071282596,False,False,False,all
2026-10-05,TRU,63.81999969482422,15,0,False,-0.176388609612542,-0.1528618516224416,0.046916021215624326,-0.283886919569559,False,False,False,all
2026-10-05,PRVA,20.450000762939453,15,0,False,-0.03759268606310562,-0.10498774806579247,0.08115251245650357,-0.2904232831545773,False,False,False,all
2026-10-05,NRDS,8.829999923706055,15,0,False,-0.05871568262576776,-0.13265770645970743,0.20463847416271164,-0.4562807852122225,False,False,False,all
2026-10-05,ZROZ,52.90999984741211,15,0,False,-0.08764851121383188,-0.1514931889112161,0.010504186987190689,-0.2570907197340574,False,False,False,all
2026-10-05,CAG,13.1899995803833,15,0,False,-0.12851010700256038,-0.153225187630313,0.052673572344570596,-0.350885837673365,False,False,False,all
2026-10-05,AAPD,10.3056001663208,14,0,False,-0.044090049170257606,-0.16268159754806832,0.0389757543271807,-0.295632528697085,False,True,False,all
2026-10-05,ACAD,20.110000610351562,14,0,False,-0.25118036567781443,-0.1745408624723893,0.027792844133213146,-0.35045215746025926,False,False,False,all
2026-10-05,ALB,104.37000274658203,14,0,False,-0.1489004066763625,-0.32760255010295836,0.2157251555227886,-0.5277375441331129,False,True,False,all
2026-10-05,ALMU,13.079999923706055,14,1,False,-0.09765722624008233,-0.25403139952068676,0.2773437711002775,-0.5885498726954321,True,True,False,all
2026-10-05,BKV,21.790000915527344,14,0,False,-0.09845421978890834,-0.19271027719108247,0.08515941226685442,-0.3358732092810732,False,True,False,all
2026-10-05,BRO,60.93000030517578,14,0,False,-0.11061481563935316,-0.10170701977660479,0.13231738989359743,-0.36892803335787694,False,False,False,all
2026-10-05,DRN,8.109999656677246,14,2,False,-0.2052448289373655,-0.19295857155364682,0.016290681365042525,-0.33579036598364786,False,False,False,all
2026-10-05,DX,10.829999923706055,14,0,False,-0.13347523029175934,-0.1796417912859053,0.0023137082669306697,-0.27461488932779055,False,False,False,all
2026-10-05,HNRG,13.949999809265137,14,0,False,-0.08671914270831493,-0.1874796264757418,0.05761942782865126,-0.43522269723181173,False,True,False,all
2026-10-05,HUBS,220.61000061035156,14,1,False,-0.04499323242955955,-0.10182175645051239,0.3005364278728764,-0.5614115296016868,False,True,False,all
2026-10-05,HUN,8.84000015258789,14,1,False,-0.09081557727212797,-0.2568743200221735,0.210958893372029,-0.4505904245646587,False,True,False,all
2026-10-05,KREF,6.079999923706055,14,0,False,-0.14910293339962977,-0.1447461082046465,0.15809522356305794,-0.33369863849796666,False,False,False,all
2026-10-05,NABL,4.460000038146973,14,2,False,0.10785434919573711,-0.06042954199014039,0.5273972334300725,-0.4894103934236975,False,True,False,all
2026-10-05,NHI,65.0199966430664,14,0,False,-0.09004144886713472,-0.16079840903081521,0.00712514098308592,-0.28846576277792124,False,False,False,all
2026-10-05,NXST,156.66000366210938,14,0,False,-0.11762517346271761,-0.20207765661364885,0.022785176828915343,-0.383955950522642,False,True,False,all
2026-10-05,ONON,31.8799991607666,14,1,False,0.026836878415928966,-0.15946337555853318,0.2091788142433404,-0.37588100982829675,True,False,False,all
2026-10-05,OWL,8.970000267028809,14,0,False,-0.17088769450116947,-0.1769169496337787,0.12830194745098433,-0.48240044394007386,False,False,False,all
2026-10-05,PIPR,65.62999725341797,14,0,False,-0.11225879077371925,-0.17252934300410472,0.04240784955163379,-0.3096302996061109,False,False,False,all
2026-10-05,QUBT,7.940000057220459,14,0,False,-0.05871752732203772,-0.1338921887676816,0.2847896889594217,-0.6927244578044144,False,True,False,all
2026-10-05,SGRY,13.329999923706055,14,0,False,-0.07931815600451231,-0.08151945824740736,0.16827345328399979,-0.43131400938588016,False,False,False,all
2026-10-05,SLGN,34.9900016784668,14,0,False,-0.12593173022177928,-0.16086394116722458,0.03827895805112225,-0.2938445566655773,False,False,False,all
2026-10-05,SRPT,17.489999771118164,14,0,False,-0.07420151674530451,-0.08388070870301423,0.19141685337374637,-0.3092417068751633,False,True,False,all
2026-10-05,CELC,73.62000274658203,14,1,False,-0.1545918310256481,-0.2941189728298703,0.6349101652747497,-0.5125148942933323,False,False,False,all
2026-10-05,CW,540.7899780273438,14,2,False,-0.13003040700926904,-0.2009039991973418,0.03667140640961608,-0.3308379578326024,True,False,False,all
2026-10-05,RRR,51.060001373291016,14,0,False,-0.11376781685103365,-0.13846193321072597,0.07506058577912644,-0.25989269525538783,False,False,False,all
2026-10-05,TZA,44.81999969482422,14,1,False,0.0846102433888305,-0.14035828567680453,0.23369109374809693,-0.5301886899586054,False,False,False,all
2026-10-05,PBH,45.599998474121094,14,0,False,-0.0846976221640302,-0.1778755040338985,0.06992021625807543,-0.35837908161069,False,False,False,all
2026-10-05,NN,13.319999694824219,14,2,False,-0.13546915287779437,-0.21199986558272932,0.22539096918666846,-0.4545454687465462,True,True,False,all
2026-10-05,TSLQ,16.8799991607666,14,2,False,-0.19955998460698987,-0.17655527911828872,0.1424703618669685,-0.43279573148710193,True,True,False,all
2026-10-05,TSHA,4.489999771118164,14,2,False,-0.1977272280857051,-0.1759691728641929,0.2158136138748894,-0.38493155427353865,False,False,False,all
2026-10-05,PHR,10.369999885559082,14,1,False,-0.06311548906723108,-0.0921983418555502,0.33462032316794654,-0.5722829644625835,True,True,False,all
2026-10-05,BKNG,158.3300018310547,14,0,False,-0.16320489357632106,-0.13169109701414827,0.054549104000934934,-0.2962973587808789,False,False,False,all
2026-10-05,REAL,9.319999694824219,14,0,False,-0.11735740133523764,-0.19273813369820225,0.15776390981345068,-0.4641214588014564,False,True,False,all
2026-10-05,CLM,6.409999847412109,14,1,False,-0.06006219879088792,-0.14347183342145742,0.028892428216299226,-0.24853457818581182,True,True,False,all
2026-10-05,OSIS,197.8699951171875,14,0,False,-0.06368656161768182,-0.19144924824241194,0.060965121271782774,-0.3652316362686906,True,True,False,all
2026-10-05,VKTX,29.280000686645508,14,1,False,-0.11901693135709701,-0.11630687555547814,0.13620489586853646,-0.32143685628643526,False,False,False,all
2026-10-05,CRF,6.150000095367432,14,0,False,-0.061613095563866294,-0.1414211780095116,0.01652890933552542,-0.25454544298576587,True,True,False,all
2026-10-05,TSLZ,10.65999984741211,14,1,False,-0.20262104125378588,-0.18963709792418348,0.09501799931758659,-0.439831872686538,True,False,False,all
2026-10-05,MAX,9.640000343322754,14,3,False,-0.18992955117851684,-0.0999654227950143,0.35966151422494663,-0.34421765521065917,False,False,False,all
2026-10-05,AGNC,8.649999618530273,13,0,False,-0.16734052895314255,-0.1921211153919985,0.003480247490658339,-0.29040197569405624,False,False,False,all
2026-10-05,AGO,69.12999725341797,13,0,False,-0.07713219097766266,-0.1454423404676134,0.028108260703363586,-0.251839868919738,False,False,False,all
2026-10-05,AMPG,2.9700000286102295,13,3,False,-0.24935550154250663,-0.23446701888575572,0.8109756429978316,-0.7062314412000337,True,True,False,all
2026-10-05,AMSC,29.979999542236328,13,1,False,-0.0018578001623497098,-0.15878201383489143,0.2054683767819463,-0.5746914391999797,False,True,False,all
2026-10-05,BCAX,17.290000915527344,13,3,False,-0.26285313116243925,-0.18861808489650378,0.26204388001774537,-0.44207805604306094,False,False,False,all
2026-10-05,BHF,49.81999969482422,13,0,False,-0.08945693917499387,-0.1798765288796712,0.11929906927725331,-0.2541916554072189,False,False,False,all
2026-10-05,DPZ,297.2699890136719,13,0,False,-0.10009266245149617,-0.1581336685466882,0.05414889721160243,-0.3279756190528754,False,True,False,all
2026-10-05,EIDO,11.920000076293945,13,0,False,-0.04710132737769479,-0.19097584659012856,0.11194027792666583,-0.38206327057771006,False,False,False,all
2026-10-05,EIX,54.2400016784668,13,1,False,-0.1505728444611384,-0.204248677087003,0.061448205442431014,-0.3354569976323827,True,True,False,all
2026-10-05,ERIE,221.4600067138672,13,0,False,-0.09749099763375246,-0.10936371901381337,0.08224601197020398,-0.3300054426428993,False,True,False,all
2026-10-05,HLI,126.9000015258789,13,0,False,-0.02968445731930003,-0.14970002286907202,0.1247008726977763,-0.3820607657347159,False,True,False,all
2026-10-05,IDR,27.8700008392334,13,0,False,-0.09425939226042457,-0.23333913264656936,0.07109916790634552,-0.49049359322649255,False,True,False,all
2026-10-05,IP,32.04999923706055,13,0,False,-0.15808998022455423,-0.15616260348596644,0.09535198176194037,-0.3621890699092428,False,False,False,all
2026-10-05,KC,9.270000457763672,13,0,False,-0.11927333246252814,-0.24507708261554206,0.1101796448220056,-0.49946003085126034,False,True,False,all
2026-10-05,LZB,29.520000457763672,13,0,False,-0.14448668192672331,-0.18253413511227223,0.025356009691636316,-0.3425389876490472,True,False,False,all
2026-10-05,PPC,27.989999771118164,13,0,False,-0.03919429426844445,-0.1648528110787193,0.1195999908447265,-0.37578056030620344,False,False,False,all
2026-10-05,ROAD,90.5,13,0,False,-0.12902633211094272,-0.20299392516063453,0.03251566941821005,-0.4006622516556292,False,False,False,all
2026-10-05,SAM,167.69000244140625,13,0,False,-0.051792079365174826,-0.1639871735601769,0.056781006941653,-0.36591542063219606,True,True,False,all
2026-10-05,SLVO,65.0,13,0,False,-0.043650720410959076,-0.2185522891194529,0.0653991442097539,-0.39484221409695563,False,False,False,all
2026-10-05,SRTY,25.270000457763672,13,1,False,0.08471697368533038,-0.14167607550489103,0.23388676868126024,-0.5369250394157424,False,False,False,all
2026-10-05,CARG,29.350000381469727,13,2,False,-0.15456361754620873,-0.12613112270396354,0.11216373854795769,-0.2879670181395235,False,False,False,all
2026-10-05,CLB,10.510000228881836,13,0,False,-0.09016930876099549,-0.27777986323482573,0.09138111152473316,-0.4837917527596598,False,False,False,all
2026-10-05,DEI,9.640000343322754,13,2,False,-0.1332337954519861,-0.12383147933891525,0.06637172389398316,-0.3910296658380604,False,False,False,all
2026-10-05,TSDD,7.070000171661377,13,2,False,-0.2022746837417515,-0.18579808925763208,0.07610349877259792,-0.43665338133772613,True,True,False,all
2026-10-05,MSTY,16.739999771118164,13,2,False,0.15446681423527364,-0.19328801268472096,0.45186471455402155,-0.7794466477657384,False,False,False,all
2026-10-05,SEDG,34.380001068115234,13,2,False,-0.0011620851245616182,-0.1855830427996633,0.21871684451910056,-0.5768615253155048,False,True,False,all
2026-10-05,OLED,79.80000305175781,13,0,False,-0.03330374516731871,-0.16607009919734916,0.08971732068345117,-0.4797235590602067,False,True,False,all
2026-10-05,CPRT,27.649999618530273,13,0,False,-0.09302037234627514,-0.17310762065040075,0.03403140819750483,-0.3974722164679876,False,True,False,all
2026-10-05,CTRI,20.719999313354492,13,0,False,-0.04918367618233588,-0.2582038188846305,0.08880707124172393,-0.5179714081854696,True,True,False,all
2026-10-05,STZ,113.30999755859375,13,0,False,-0.10564743808730814,-0.2081896756092224,0.024487863609370164,-0.3279359818704596,False,True,False,all
2026-10-05,CHKP,129.5800018310547,13,0,False,-0.019441649667447214,-0.10795019965209918,0.15459322779258566,-0.3848855996466416,False,True,False,all
2026-10-05,OTIS,65.87999725341797,13,0,False,-0.06275078133597423,-0.15500439945273858,0.0362563344524911,-0.30333637653911016,False,False,False,all
2026-10-05,KWEB,24.559999465942383,13,0,False,-0.06098262823626943,-0.1560369674272074,0.05725354928603754,-0.4298317114117586,True,False,False,all
2026-10-05,CC,13.890000343322754,13,3,False,-0.09023027038382092,-0.24332597176967663,0.33045985647566356,-0.5155214403083372,False,True,False,all
2026-10-05,VIPS,12.710000038146973,13,0,False,-0.0678401145473434,-0.16225328013183815,0.05740428902709671,-0.38360817066681074,True,True,False,all
2026-10-05,SDS,52.869998931884766,13,0,False,-0.03327849687987272,-0.1480447657423697,0.006280890951790852,-0.34322982693310855,False,False,False,all
2026-10-05,JBLU,4.059999942779541,13,0,False,-0.1829342028785671,-0.20049625657032588,0.04909562347261165,-0.3867069466819696,True,True,False,all
2026-10-05,JMIA,6.789999961853027,13,1,False,0.0188464070700598,-0.16487814904555098,0.19332159816706818,-0.5387228370462815,False,True,False,all
2026-10-05,WYFI,17.459999084472656,13,3,False,-0.17924133304921697,-0.18973388706246153,0.6612748529245498,-0.6274802756055761,True,True,False,all
2026-10-05,AD,34.5,12,0,False,-0.03668956315125238,-0.22477920139491414,0.041666700260267975,-0.43275238123791127,False,False,False,all
2026-10-05,AMPX,9.449999809265137,12,1,False,-0.06830462960250694,-0.297008395976075,0.22568090304917265,-0.6099071347592768,True,False,False,all
2026-10-05,AN,161.6699981689453,12,0,False,-0.17473622712275216,-0.1851123684016981,0.05763442053785495,-0.3144056662450294,False,False,False,all
2026-10-05,ARR,13.529999732971191,12,0,False,-0.1401443995730468,-0.20227350554959744,0.007445973605590517,-0.2993267681423579,False,False,False,all
2026-10-05,ASTE,41.599998474121094,12,1,False,-0.04922981825315398,-0.19153289246535432,0.05637372640406868,-0.36672253116100584,False,True,False,all
2026-10-05,DRVN,11.649999618530273,12,0,False,-0.09575668529269632,-0.14344063975552102,0.1887754481417705,-0.32658958772822866,False,True,False,all
2026-10-05,EBS,7.239999771118164,12,2,False,0.18126934216924018,-0.1556309998081541,0.6605503553694432,-0.4850640430268537,False,True,False,all
2026-10-05,EXP,169.82000732421875,12,0,False,-0.12941747205435172,-0.1796497539894012,0.014941428941941837,-0.30835332477288313,False,False,False,all
2026-10-05,FIG,22.010000228881836,12,1,False,-0.09681813512338455,-0.10116488657723932,0.32590359777649125,-0.6920817124339593,False,True,False,all
2026-10-05,GEMI,4.769999980926514,12,2,False,0.052468995881620906,-0.1922852249128335,0.4091580485569548,-0.8216822437036817,False,True,False,all
2026-10-05,GLIBK,23.549999237060547,12,0,False,-0.050544916036412424,-0.21903048121043445,0.22020726259092283,-0.42805100975293264,False,True,False,all
2026-10-05,GSHD,46.189998626708984,12,1,False,-0.24160580109071716,-0.13443481798929813,0.3714370014305115,-0.4215403943723445,False,False,False,all
2026-10-05,HAYW,12.430000305175781,12,0,False,-0.11339674778434083,-0.1645775277409528,0.03410980297819299,-0.2989283346812791,False,False,False,all
2026-10-05,HD,281.1499938964844,12,0,False,-0.12563110846015102,-0.16990777771597876,0.01443261803387963,-0.2929356677211935,False,False,False,all
2026-10-05,MKC,45.540000915527344,12,0,False,-0.11733236597566798,-0.17787889633159093,0.052947998046875,-0.3710813615197003,False,False,False,all
2026-10-05,MMS,54.40999984741211,12,0,False,-0.049321370629829775,-0.1954349341925885,0.06602662365665335,-0.45590000152587895,False,False,False,all
2026-10-05,OXLC,8.930000305175781,12,0,False,-0.03632396527231596,-0.11945961227385238,0.11485643570604154,-0.4838149884974745,False,False,False,all
2026-10-05,PDI,14.199999809265137,12,0,False,-0.06130598113790375,-0.15610812425786458,0.0342316302038459,-0.28857713123285444,False,False,False,all
2026-10-05,PRKS,34.38999938964844,12,3,False,-0.14633663757293847,-0.10629132083888682,0.19534233029072445,-0.38269610563979484,False,True,False,all
2026-10-05,REMX,63.540000915527344,12,0,False,-0.11990557687967796,-0.25998951495539535,0.02533483401481207,-0.43038996703527144,False,True,False,all
2026-10-05,RYN,18.010000228881836,12,0,False,-0.12479345892833849,-0.15338890238351532,0.008963576694273279,-0.33444195918964603,False,False,False,all
2026-10-05,TE,3.700000047683716,12,1,False,-0.18010990287064454,-0.42838603433361677,0.5677967000644639,-0.7037630011619709,False,True,False,all
2026-10-05,VERX,12.279999732971191,12,0,False,-0.03227842737362485,-0.11422081633805936,0.20274237875516277,-0.5373022114032135,False,True,False,all
2026-10-05,TRUP,24.56999969482422,12,0,False,-0.0848207726140815,-0.10522933931885725,0.1611531130435786,-0.47701149565284473,False,True,False,all
2026-10-05,FER,51.84000015258789,12,0,False,-0.13223534752292565,-0.21117051778069562,0.010920463857676754,-0.3068592122209046,False,False,False,all
2026-10-05,STN,66.86000061035156,12,0,False,-0.06739421747453167,-0.18657297066522316,0.009055213624767244,-0.4161718252687393,False,True,False,all
2026-10-05,NOC,476.1099853515625,12,0,False,-0.11305856286433169,-0.20364614888252097,0.012870671455540439,-0.38487081995922157,False,False,False,all
2026-10-05,OTF,9.4399995803833,12,0,False,-0.12396299445585623,-0.1865400291540451,0.0010603684924623824,-0.37066669464111324,False,True,False,all
2026-10-05,VICI,22.530000686645508,12,0,False,-0.109591724635828,-0.17773870315944562,0.0046823390482630955,-0.3173761564149499,False,True,False,all
2026-10-05,KVYO,16.700000762939453,12,1,False,-0.05045653851295451,-0.1273494555873821,0.3328013662279181,-0.49932540872042896,False,True,False,all
2026-10-05,JACK,12.359999656677246,12,1,False,-0.20578825807644996,-0.1960322195726819,0.3856501738744986,-0.48197823384317473,False,True,False,all
2026-10-05,USAR,13.649999618530273,12,2,False,-0.1829429896576421,-0.29250052615009725,0.19213972453387607,-0.6896316561935965,False,True,False,all
2026-10-05,UA,4.570000171661377,12,1,False,-0.12539228941240788,-0.21374312068505974,0.15696205480838654,-0.4220091701910653,False,False,False,all
2026-10-05,CCI,67.58000183105469,12,0,False,-0.08370075299611746,-0.1847025947115687,0.034598930599957445,-0.3275621708352767,False,True,False,all
2026-10-05,MIAX,34.31999969482422,12,0,False,-0.16761660317389815,-0.19431419382429593,0.04825894732304148,-0.3993699674235265,False,False,False,all
2026-10-05,UAA,4.699999809265137,12,1,False,-0.12110109385708911,-0.21289515503254286,0.1380144501282612,-0.42331287984615773,False,False,False,all
2026-10-05,UVV,42.130001068115234,12,0,False,-0.08831623127036003,-0.18330790262831853,0.025060891295231702,-0.29050184725009354,False,False,False,all
2026-10-05,UPBD,15.720000267028809,12,0,False,-0.14784738383413898,-0.17371443439387768,0.03899538322043772,-0.3444536877767266,False,False,False,all
2026-10-05,FBIN,38.65999984741211,12,0,False,-0.12619735645516128,-0.16360265716922573,0.1954236136365164,-0.40376307787018917,False,True,False,all
2026-10-05,ABG,171.8300018310547,11,0,False,-0.16622914317690862,-0.18286716483863596,0.027077099203013377,-0.3359226982374698,False,True,False,all
2026-10-05,AS,27.469999313354492,11,0,False,-0.11047933046527558,-0.2053631664757457,0.052490379764799755,-0.35757716577081644,True,True,False,all
2026-10-05,ASMB,22.739999771118164,11,0,False,-0.21071813706386677,-0.1967914110460136,0.043119292062157255,-0.42734826755486066,False,False,False,all
2026-10-05,BBUC,25.950000762939453,11,0,False,-0.06596212094559295,-0.19146786035309837,0.04637103069585469,-0.32156860750485095,False,True,False,all
2026-10-05,BIRK,33.77000045776367,11,0,False,-0.03816027988402926,-0.13521347366394387,0.1282993689754104,-0.3343189283956577,False,True,False,all
2026-10-05,EVR,265.3500061035156,11,0,False,-0.08238382382493459,-0.18217267204225418,0.056624063012059356,-0.3173573822730481,False,False,False,all
2026-10-05,FIGR,27.940000534057617,11,0,False,-0.14635411247587982,-0.23331378984720896,0.1588552395996894,-0.6417948649479792,False,False,False,all
2026-10-05,FND,46.54999923706055,11,0,False,-0.1096294068189535,-0.17542100414898887,0.0916979339441859,-0.3990446709624118,True,True,False,all
2026-10-05,HSAI,15.90999984741211,11,0,False,-0.08113822014627181,-0.2363041238343797,0.1133659824971065,-0.45792164767885424,False,True,False,all
2026-10-05,IBP,191.11000061035156,11,0,False,-0.14720649629108595,-0.2505742933269013,0.023949856597304642,-0.45240687504197263,False,False,False,all
2026-10-05,INFY,10.760000228881836,11,0,False,-0.07520410581161696,-0.19987802965038803,0.04466019705133162,-0.6413333257039389,False,False,False,all
2026-10-05,IRTC,109.08999633789062,11,0,False,-0.07867303061134967,-0.1497471128328669,0.08174836494872517,-0.4854245455759876,False,True,False,all
2026-10-05,LAZ,35.279998779296875,11,0,False,-0.14323601366957495,-0.22488797934818983,0.00341293891938399,-0.39948938248005317,False,True,False,all
2026-10-05,LBTYA,8.989999771118164,11,1,False,-0.12473714718284057,-0.2031837395641488,0.02159086093922391,-0.33505921104050096,False,False,False,all
2026-10-05,LBTYK,8.800000190734863,11,0,False,-0.12168633819843155,-0.20131780728134097,0.017341107377999654,-0.32926827229466327,False,False,False,all
2026-10-05,LEN.B,73.36000061035156,11,0,False,-0.10518469694844768,-0.1870959126936369,0.010468349203910599,-0.41536500918257313,False,False,False,all
2026-10-05,LKQ,22.399999618530273,11,0,False,-0.08134977842337354,-0.20478408968817785,0.05810106461046627,-0.39671427486798816,False,True,False,all
2026-10-05,MEC,16.389999389648438,11,3,False,-0.2120798692960778,-0.28871802726350293,0.3379591338488521,-0.5771413803043708,False,False,False,all
2026-10-05,METD,12.529999732971191,11,1,False,-0.183408014222454,-0.2157469191272985,0.04547351622077911,-0.358751323137641,False,False,False,all
2026-10-05,MLM,485.5,11,0,False,-0.06685974418043572,-0.17536041316275863,0.03256129964290699,-0.31713008986883495,False,False,False,all
2026-10-05,REM,17.600000381469727,11,0,False,-0.15836989743105456,-0.19708027666394656,0.005139928692829976,-0.26819122911453186,False,False,False,all
2026-10-05,RGTI,15.149999618530273,11,0,False,-0.0626044421863553,-0.17135119840625812,0.20909815972819756,-0.7394669093553168,True,True,False,all
2026-10-05,SGI,62.290000915527344,11,0,False,-0.04859220119928709,-0.18345890377270968,0.03678427125696815,-0.3679991633675108,False,True,False,all
2026-10-05,SLVM,33.369998931884766,11,0,False,-0.08722888110204219,-0.19996358429516858,0.0566814126821773,-0.4125000109135266,False,False,False,all
2026-10-05,VRSK,163.27999877929688,11,0,False,-0.10952495433555076,-0.13952996087595892,0.04706936144013851,-0.34740207525632416,False,True,False,all
2026-10-05,CAVA,54.099998474121094,11,2,False,-0.11681546343798577,-0.25183861554810605,0.24625659212819073,-0.4523737425574017,False,True,False,all
2026-10-05,SOFI,15.920000076293945,11,0,False,-0.08734434448300732,-0.15723607801805706,0.0698924700171013,-0.5135960800809047,False,True,False,all
2026-10-05,WSC,17.06999969482422,11,1,False,-0.187502693504764,-0.23073977936846135,0.14486920654040225,-0.42660398278991085,False,False,False,all
2026-10-05,MIR,14.920000076293945,11,0,False,-0.03674818332684049,-0.2183243189521059,0.0626780709994228,-0.5072167035784851,False,True,False,all
2026-10-05,MCD,233.0399932861328,11,0,False,-0.09888314713781199,-0.19476544649696503,0.01675391094685641,-0.3180980445175339,False,False,False,all
2026-10-05,RDDT,150.4199981689453,11,0,False,-0.0354996779378014,-0.10561657521352674,0.26117215060464893,-0.4291461170059001,False,True,False,all
2026-10-05,TBLA,3.2699999809265137,11,1,False,-0.16530529329278543,-0.19994128411654732,0.15343913119093577,-0.42732049753405876,False,True,False,all
2026-10-05,CLX,82.01000213623047,11,0,False,-0.13996331783690086,-0.19035412820975905,0.03652678575991697,-0.36377031792499404,False,True,False,all
2026-10-05,XYL,102.41999816894531,11,0,False,-0.08434210341560489,-0.15231688857377068,0.03895309663791213,-0.3360990773808611,True,False,False,all
2026-10-05,TSCO,31.420000076293945,11,0,False,-0.06281691657687982,-0.21062118649486672,0.10789842736552924,-0.4602301911962212,False,False,False,all
2026-10-05,THO,67.23999786376953,11,0,False,-0.1050989937112835,-0.21236924781760091,0.019019432322640473,-0.4525767576210401,False,False,False,all
2026-10-05,VYX,6.840000152587891,11,0,False,-0.142104586154706,-0.1533029046008868,0.13621265353146628,-0.47465438463104814,False,False,False,all
2026-10-05,BYD,68.70999908447266,11,1,False,-0.12458179674963732,-0.17542476308659682,0.057076908991887,-0.2483317325043075,False,False,False,all
2026-10-05,UEC,9.350000381469727,11,0,False,-0.13305513691252613,-0.2815981277166886,0.04938277683421233,-0.5403146356279593,False,False,False,all
2026-10-05,ABVX,91.7300033569336,10,1,False,-0.19211363016382077,-0.22090383496746457,0.3139952236775496,-0.3836591935202589,False,False,False,all
2026-10-05,AGQ,68.44999694824219,10,0,False,-0.10854291847671615,-0.438406922402072,0.18733729638350827,-0.8413563011227077,False,False,False,all
2026-10-05,AMRC,21.489999771118164,10,0,False,-0.07162606798854776,-0.2173487184734053,0.1692056992575972,-0.5217004312229531,False,True,False,all
2026-10-05,AON,272.04998779296875,10,0,False,-0.16888108426861403,-0.1791213228904882,0.020863813885481308,-0.28846055762226286,False,False,False,all
2026-10-05,ARVN,7.460000038146973,10,0,False,-0.1329009447409184,-0.2625580110090676,0.07030132893904284,-0.48587181802395796,False,True,False,all
2026-10-05,BMI,124.88999938964844,10,0,False,-0.0511032133135596,-0.12338794041370782,0.11419398224595123,-0.3877941206389782,False,False,False,all
2026-10-05,BTQ,3.1500000953674316,10,1,False,-0.04571477660295442,-0.14259464599133365,0.5071771410188914,-0.8031249940395355,True,False,False,all
2026-10-05,FSLR,176.16000366210938,10,0,False,-0.1489090165700615,-0.21294247316670312,0.04483984154752707,-0.45112946888291117,False,False,False,all
2026-10-05,FTAI,164.6999969482422,10,1,False,-0.16355859371870018,-0.30069582391012084,0.1016722203895799,-0.4908967513321666,False,True,False,all
2026-10-05,GDXU,104.18000030517578,10,1,False,-0.21792540445279007,-0.4857477371077268,0.6164469393045828,-0.8073523527844932,False,True,False,all
2026-10-05,GDXY,9.970000267028809,10,0,False,-0.07884766220277517,-0.24591091890456418,0.07551238130510374,-0.4722074860154688,False,True,False,all
2026-10-05,GIS,31.68000030517578,10,0,False,-0.14620670158346816,-0.18196711783613773,0.0160359203048821,-0.38197422273680204,False,False,False,all
2026-10-05,GTM,3.75,10,1,False,-0.02940262521565673,-0.3006471320802828,0.4763779749288781,-0.6953696285806654,False,True,False,all
2026-10-05,IBM,221.5800018310547,10,0,False,-0.04496976411399978,-0.13137237213371866,0.11240523678508763,-0.33351378353447836,False,True,False,all
2026-10-05,JBTM,109.76000213623047,10,0,False,-0.07410842365045478,-0.18895751276466632,0.05083777255273203,-0.3550737378124246,False,True,False,all
2026-10-05,KBH,45.040000915527344,10,0,False,-0.14368714985908948,-0.18055974666043606,0.022938954445426374,-0.3334319798882972,False,False,False,all
2026-10-05,LEN,74.44000244140625,10,0,False,-0.1086609501610688,-0.2085161857557838,0.009355965307203284,-0.44348082013713064,False,False,False,all
2026-10-05,MFA,7.349999904632568,10,0,False,-0.1568006674162301,-0.22414339901235514,0.01941745710747278,-0.29530204318544406,False,False,False,all
2026-10-05,MTZ,219.39999389648438,10,2,False,-0.12242459481139334,-0.2813131769523668,0.20324667271528618,-0.5029789603407671,False,True,False,all
2026-10-05,MYGN,4.579999923706055,10,2,False,0.25810348263566585,-0.033255602030648146,0.6715328130529472,-0.4668219042666434,False,True,False,all
2026-10-05,PDD,77.9000015258789,10,0,False,-0.0690303592246565,-0.17433767851659,0.08284680125396116,-0.4412165592170373,True,True,False,all
2026-10-05,RBA,82.30000305175781,10,0,False,-0.07325868805385816,-0.1918148089394599,0.05445227205413006,-0.31031591562131455,True,True,False,all
2026-10-05,WLK,64.61000061035156,10,2,False,-0.11402853271327906,-0.2676139283321032,0.14699091976120116,-0.4799162934519432,False,False,False,all
2026-10-05,CRMD,7.260000228881836,10,0,False,-0.07471130266940673,-0.09060160486341429,0.18433933007258663,-0.44239631538931445,False,True,False,all
2026-10-05,BV,10.199999809265137,10,0,False,-0.09761665874666048,-0.1851831297025882,0.03922569998386094,-0.3200000127156576,False,True,False,all
2026-10-05,CALM,64.98999786376953,10,0,False,-0.1701864915817176,-0.188141569322139,0.023464533287709255,-0.3199749076980567,False,False,False,all
2026-10-05,NVO,37.540000915527344,10,0,False,-0.15555053180055145,-0.17664331939144773,0.06890666450008065,-0.4149002685033022,False,False,False,all
2026-10-05,CRNC,8.0,10,1,False,-0.037582411158091356,-0.13536881990643868,0.36752138981487215,-0.41767360249885166,False,True,False,all
2026-10-05,SMG,49.099998474121094,10,0,False,-0.1657180005724178,-0.21196404747560793,0.025052127557738446,-0.34828775071990137,False,False,False,all
2026-10-05,URNJ,20.34000015258789,10,0,False,-0.13790471917856284,-0.2667163969497658,0.0345880117219477,-0.5015927599086081,False,True,False,all
2026-10-05,WY,18.489999771118164,10,0,False,-0.19451803051258265,-0.23377364477258133,0.012873219455228568,-0.3336937019416878,False,False,False,all
2026-10-05,CG,39.31999969482422,10,0,False,-0.13150652728644607,-0.20543264944684847,0.015495827872037404,-0.41575040249872297,False,True,False,all
2026-10-05,ZURA,3.930000066757202,10,1,False,-0.2560340641524498,-0.2614898811246609,0.24761903103967597,-0.4717741886381883,False,False,False,all
2026-10-05,COO,56.77000045776367,10,0,False,-0.1488143031055238,-0.2033035395323345,0.11291908107746318,-0.36802850606045523,False,False,False,all
2026-10-05,CPB,19.299999237060547,10,0,False,-0.12202492649500885,-0.16704792723906403,0.010471144062638604,-0.39856655826459686,False,False,False,all
2026-10-05,MNRO,13.640000343322754,10,1,False,0.05336321778966702,-0.18409339081066345,0.23327304030929397,-0.42952737639606997,False,True,False,all
2026-10-05,NMRK,12.579999923706055,10,0,False,-0.14035807411632517,-0.182604692019248,0.03581716340441221,-0.36576755712814735,False,False,False,all
2026-10-05,FWRG,10.510000228881836,10,0,False,-0.10808996848116781,-0.18153108599066703,0.0637651930307257,-0.44164053262277514,False,False,False,all
2026-10-05,AAP,39.650001525878906,9,1,False,-0.1642496708385941,-0.22969096305407943,0.046450307853826533,-0.3918711137769787,True,True,False,all
2026-10-05,ACHR,4.71999979019165,9,0,False,-0.15590690016352837,-0.23717175196194307,0.09767432112253238,-0.6771545945869785,False,True,False,all
2026-10-05,ASTS,58.439998626708984,9,0,False,-0.06854277689797439,-0.2788980034891878,0.18515508008813963,-0.5634244855801251,True,True,False,all
2026-10-05,BABX,17.170000076293945,9,1,False,-0.12654202587950603,-0.36704882552728035,0.35164921542025973,-0.7354350679167624,True,True,False,all
2026-10-05,BEPC,28.31999969482422,9,0,False,-0.1082224974128827,-0.2396427575563822,0.027203482346820573,-0.37317398177219785,False,False,False,all
2026-10-05,BITI,17.18000030517578,9,0,False,-0.16576832056677004,-0.27816186232365536,0.03650072484998401,-0.44464197181933196,True,True,False,all
2026-10-05,BL,28.1299991607666,9,0,False,-0.06512551591534865,-0.2026960624345432,0.13886632760649986,-0.5277824524949477,False,True,False,all
2026-10-05,DY,274.4100036621094,9,1,False,-0.18898405204644841,-0.29293157403645875,0.04195784828813709,-0.5155789047008074,True,True,False,all
2026-10-05,FNF,39.0,9,0,False,-0.15676040258621593,-0.21084660908423491,0.02469780853367598,-0.3323061102228727,False,False,False,all
2026-10-05,LCII,82.58000183105469,9,0,False,-0.1542417769215454,-0.2832744920998792,0.015994132274629758,-0.48277589917998587,False,False,False,all
2026-10-05,LEGN,18.774999618530273,9,1,False,-0.05060252626063266,-0.16149815603558082,0.15609605191746678,-0.49933334350585934,False,True,False,all
2026-10-05,LOW,179.5,9,0,False,-0.12224767413107052,-0.22385326169968378,0.00588401832286034,-0.3874974356945077,False,False,False,all
2026-10-05,LPL,3.0999999046325684,9,0,False,-0.025892436052340817,-0.22766458102810394,0.12318837512468384,-0.4682675908746944,False,True,False,all
2026-10-05,MORT,7.829999923706055,9,0,False,-0.17191929770268222,-0.23018312365571558,0.0038461195176413554,-0.31555942212336097,False,False,False,all
2026-10-05,MRP,22.510000228881836,9,0,False,-0.22454181461979017,-0.23293178758519129,0.03020594214597061,-0.32785908925901364,False,False,False,all
2026-10-05,MSFD,9.739999771118164,9,1,False,-0.07646913809205147,-0.22583888066350122,0.013527587834052834,-0.3646444997004604,False,True,False,all
2026-10-05,NFLX,67.5,9,0,False,-0.10611181316922158,-0.19580723552446277,0.03718497389148112,-0.45939452450712315,False,False,False,all
2026-10-05,QURE,22.799999237060547,9,4,False,-0.4680876067623224,-0.2330779154035193,1.611683898349892,-0.6811188917893629,False,False,False,all
2026-10-05,SFD,18.729999542236328,9,1,False,-0.150782590445101,-0.23267660959974423,0.012158897145305492,-0.37158197113040214,False,True,False,all
2026-10-05,SFM,64.91999816894531,9,1,False,-0.15851365519339133,-0.16568140910904883,0.04912729554551487,-0.4322196934736846,False,False,False,all
2026-10-05,TDOC,5.789999961853027,9,2,False,-0.1154363274546315,-0.11698769859904767,0.3159090537177638,-0.4143825313334628,False,True,False,all
2026-10-05,TLK,12.890000343322754,9,0,False,-0.10635050286108183,-0.2528445617685785,0.041195494682341405,-0.45195577838231216,False,False,False,all
2026-10-05,ULTY,25.920000076293945,9,0,False,-0.011969197940924325,-0.16624179696146169,0.04075484286947639,-0.5338129354741196,False,False,False,all
2026-10-05,WLFC,42.84000015258789,9,3,False,-0.24960325539506456,-0.2965628224919584,0.8670283563676338,-0.47461367417575584,False,True,False,all
2026-10-05,YINN,24.489999771118164,9,0,False,-0.13894339659244415,-0.27345978038064,0.18366356399099182,-0.5640021262336814,False,False,False,all
2026-10-05,CLPT,11.520000457763672,9,1,False,-0.19646217069155125,-0.14006744594721265,0.3929866771590056,-0.6172757371506328,False,False,False,all
2026-10-05,DECK,80.20999908447266,9,0,False,-0.08303973418575417,-0.2071023796508663,0.03898966651836133,-0.34410010234705724,True,False,False,all
2026-10-05,COUR,5.179999828338623,9,0,False,-0.07248248234771859,-0.12470432198455661,0.14323541631850145,-0.5348002045924707,False,False,False,all
2026-10-05,LHX,236.8800048828125,9,0,False,-0.10230629115967704,-0.23678926822912216,0.012264477771665172,-0.3753658781732008,False,True,False,all
2026-10-05,SHNY,7.849999904632568,9,0,False,-0.1589526138405849,-0.38353594886816833,0.04527292481871936,-0.7090005948444598,False,False,False,all
2026-10-05,WEN,6.099999904632568,9,0,False,-0.19991607335833617,-0.19100290456480273,0.02693600098835347,-0.3972332041883643,False,True,False,all
2026-10-05,MBLY,7.579999923706055,9,0,False,-0.08549092616329712,-0.1479987015978238,0.17156107720391822,-0.5205566272913593,False,False,False,all
2026-10-05,FG,22.010000228881836,9,0,False,-0.112299541788769,-0.17703935332074583,0.07000488845023889,-0.3770167254977246,False,True,False,all
2026-10-05,SHOE,12.819999694824219,9,0,False,-0.09686511241450646,-0.2369093225969522,0.2568627386815452,-0.4271671056494766,True,False,False,all
2026-10-05,ASR,238.47000122070312,9,0,False,-0.07342360783986546,-0.2195790159570159,0.053591963767217976,-0.37494755690990156,False,False,False,all
2026-10-05,RUSHA,47.15999984741211,9,1,False,-0.23253097101386155,-0.2908503533208042,0.04037057009566958,-0.4352095826657233,True,False,False,all
2026-10-05,WSO,292.1499938964844,9,0,False,-0.07406939741476015,-0.2135650842107647,0.02254034732425092,-0.36350763856975077,False,True,False,all
2026-10-05,CIGI,89.04000091552734,9,0,False,-0.09131173549204152,-0.1873150238367941,0.01923077258972361,-0.4808465759004007,False,False,False,all
2026-10-05,MGM,30.170000076293945,9,2,False,-0.2583105120050616,-0.24034983581387637,0.03357312519035105,-0.4151967438057753,False,False,False,all
2026-10-05,ABTC,8.710000038146973,8,2,False,0.10611602161351241,-0.3975924429207942,0.7703251835532277,-0.9214253481457612,False,True,False,all
2026-10-05,AMTM,18.239999771118164,8,0,False,-0.11942763621860908,-0.28494424228521253,0.029345399430787733,-0.5213854768041186,True,True,False,all
2026-10-05,BFAM,64.20999908447266,8,0,False,-0.09103264336079009,-0.1685286700760994,0.11417660757250814,-0.4155288664869854,False,False,False,all
2026-10-05,BKKT,7.570000171661377,8,0,False,-0.037361054068211,-0.20835771651615909,0.12816693422134473,-0.8395336450643881,False,True,False,all
2026-10-05,BOOT,122.87999725341797,8,0,False,-0.16296560686994999,-0.2542621561220564,0.030785992761771075,-0.4155529262619835,False,True,False,all
2026-10-05,BRSL,9.930000305175781,8,0,False,-0.08267895564196015,-0.1925910006425221,0.031152667411186163,-0.46526653374456195,False,False,False,all
2026-10-05,DRUG,49.790000915527344,8,0,False,-0.2742384404349355,-0.3475823820700884,0.025963366328539683,-0.5976565582583648,False,True,False,all
2026-10-05,EFX,142.60000610351562,8,0,False,-0.17460416816966517,-0.21718199902056046,0.040800027887022416,-0.41645861213390023,False,False,False,all
2026-10-05,GPGI,12.979999542236328,8,0,False,-0.01653259334761703,-0.217803732759415,0.16256153932687245,-0.5153099623067181,False,False,False,all
2026-10-05,HDB,22.110000610351562,8,0,False,-0.0436602787908873,-0.18108379240930417,0.015617829372467362,-0.4096128128191753,False,False,False,all
2026-10-05,HGV,34.04999923706055,8,0,False,-0.18507529018937852,-0.2529200470344004,0.001912568060663311,-0.38537909207177856,False,False,False,all
2026-10-05,INSM,103.83000183105469,8,0,False,-0.13297258360902842,-0.21698278078421784,0.14868904228519564,-0.5119623885731859,False,False,False,all
2026-10-05,LZ,5.869999885559082,8,0,False,-0.056543141425330234,-0.14892693405229274,0.12452109607145534,-0.5266128978917798,False,False,False,all
2026-10-05,MATW,19.329999923706055,8,0,False,-0.12703789472675941,-0.24145955725705082,0.042610516136333265,-0.3750404224706263,False,False,False,all
2026-10-05,PL,17.360000610351562,8,3,False,-0.12080785556312867,-0.36494230704383235,0.6501901002808443,-0.6646058505931316,True,False,False,all
2026-10-05,ROOT,47.41999816894531,8,0,False,-0.1049148875690884,-0.16022085246580442,0.15912975668087204,-0.4860734811513763,False,True,False,all
2026-10-05,SARO,21.040000915527344,8,0,False,-0.17004587520033376,-0.23279715724730832,0.012268514312593792,-0.3897911486409864,False,False,False,all
2026-10-05,STC,50.83000183105469,8,0,False,-0.22257838333942648,-0.23822566396412637,0.042880592544403795,-0.3533901356520118,False,False,False,all
2026-10-05,TCOM,38.790000915527344,8,0,False,-0.09922251089573153,-0.2413915676389089,0.02052098469976138,-0.5089251555313787,True,False,False,all
2026-10-05,TMC,3.7699999809265137,8,0,False,-0.08747640667997258,-0.2892190396479626,0.10882349270025449,-0.6678414225358527,False,True,False,all
2026-10-05,TTI,6.03000020980835,8,0,False,-0.1487138638749913,-0.33807908733029,0.11666668579902151,-0.5191387377869416,False,True,False,all
2026-10-05,VERA,29.829999923706055,8,0,False,-0.09522437028496433,-0.23373960325327647,0.2941432065535343,-0.4677966042864403,False,True,False,all
2026-10-05,CRK,13.0600004196167,8,0,False,-0.050637481567733955,-0.2300912627001931,0.07755780057206296,-0.5352313081024372,False,False,False,all
2026-10-05,QBTS,15.640000343322754,8,0,False,-0.13707486560679216,-0.24643935909325243,0.22666669359394143,-0.6654545381107433,True,True,False,all
2026-10-05,PCG,12.350000381469727,8,1,False,-0.1960995938428557,-0.25217231000260276,0.049277816580158174,-0.35542794990482174,False,False,False,all
2026-10-05,SPXS,23.639999389648438,8,0,False,-0.04891415761807405,-0.22229297356186195,0.010256400642336239,-0.47267458344664814,False,False,False,all
2026-10-05,CALX,34.34000015258789,8,0,False,-0.06708611927965813,-0.22259763936141852,0.06151473793912943,-0.5178320757651783,False,False,False,all
2026-10-05,CRH,82.6500015258789,8,0,False,-0.10621398827988748,-0.23561611212043443,0.03144894994182024,-0.3717217817671916,False,False,False,all
2026-10-05,RLMD,3.4800000190734863,8,2,False,-0.2255652385861996,-0.36200637508972466,0.9301165117100152,-0.5649999976158142,False,True,False,all
2026-10-05,KYTX,6.320000171661377,8,0,False,-0.17815342778798204,-0.2419653507049171,0.19245281966397187,-0.5376737281354294,False,False,False,all
2026-10-05,CCUP,21.513099670410156,8,2,False,-0.0457055899124299,-0.4146830424802448,0.8231440103960197,-0.9005404560014623,False,True,False,all
2026-10-05,WGO,25.0,8,0,False,-0.15977119026903452,-0.2702551641074886,0.016260146842582035,-0.5015948948155784,False,False,False,all
2026-10-05,STWD,12.979999542236328,8,0,False,-0.16758589384867195,-0.2409712085228325,0.0062015446567253996,-0.3367399210706571,False,False,False,all
2026-10-05,TBBK,48.33000183105469,8,0,False,-0.20743203992265113,-0.19926103085284907,0.0280792077568921,-0.40808327093862296,False,False,False,all
2026-10-05,POST,72.68000030517578,8,0,False,-0.10485775349049564,-0.22752222828554647,0.01721488326758913,-0.3802864848084754,False,True,False,all
2026-10-05,KMPR,25.809999465942383,8,0,False,-0.057471954519471846,-0.1614521552259891,0.13750545872406028,-0.4947142024131469,False,False,False,all
2026-10-05,CDRE,25.0,8,0,False,-0.16451110911024058,-0.2556699356282608,0.023751020552579716,-0.4872846419077993,False,False,False,all
2026-10-05,SPXU,33.209999084472656,8,0,False,-0.04733221423436962,-0.2209282217239812,0.011882979685400308,-0.4715990470843513,False,False,False,all
2026-10-05,TSLR,17.770000457763672,8,2,False,0.14629485613970017,-0.2087934587839927,0.5438749004690486,-0.5505816882572352,False,False,False,all
2026-10-05,ACI,11.510000228881836,7,0,False,-0.04806799964137198,-0.25012132939044895,0.05985272493125149,-0.4244999885559082,False,True,False,all
2026-10-05,ADBG,3.690000057220459,7,1,False,-0.17723550015508627,-0.2855206470361906,0.41923084329571525,-0.6768826591446093,False,True,False,all
2026-10-05,ALKT,14.149999618530273,7,0,False,-0.23438194852169025,-0.21433193868098355,0.07156377889315424,-0.4297804024178862,False,False,False,all
2026-10-05,AMRZ,37.20000076293945,7,0,False,-0.14469779795873494,-0.2870947701187425,0.017783899848069717,-0.43585078274761857,False,True,False,all
2026-10-05,AORT,22.610000610351562,7,0,False,-0.12568345412025528,-0.2840439114651284,0.18006267173355095,-0.5313989510807966,False,True,False,all
2026-10-05,AXON,411.80999755859375,7,0,False,-0.2200263938565875,-0.17014873561511457,0.2147428857434006,-0.4609958024251093,False,True,False,all
2026-10-05,ENOV,18.690000534057617,7,0,False,-0.18272928371822628,-0.2133225651051558,0.08034689932351968,-0.4547840956941548,True,True,False,all
2026-10-05,FISV,46.13999938964844,7,0,False,-0.09314969987957844,-0.18544176938007573,0.05174380016029212,-0.6446669447757598,False,True,False,all
2026-10-05,GIL,40.68000030517578,7,0,False,-0.2022809818219936,-0.2968421809634789,0.018782869878986252,-0.4480325374539105,False,False,False,all
2026-10-05,GRAB,3.1700000762939453,7,0,False,-0.054803482700428785,-0.17208595722367248,0.1569343303870656,-0.5196969511970888,False,False,False,all
2026-10-05,KD,11.609999656677246,7,0,False,-0.09762166537890982,-0.2166071401880033,0.14950487308672633,-0.6253630286406956,False,False,False,all
2026-10-05,MLYS,23.299999237060547,7,0,False,-0.13028550293108554,-0.1783841232460497,0.044843050861548495,-0.5110178700748578,False,False,False,all
2026-10-05,MMYT,45.0,7,1,False,-0.17610484694963424,-0.17198741577792087,0.37741054551925424,-0.5341614833249155,False,False,False,all
2026-10-05,MZTI,99.48999786376953,7,0,False,-0.0785130461396859,-0.23802041775485416,0.025670081069788964,-0.43554975057081946,True,True,False,all
2026-10-05,ORC,5.050000190734863,7,0,False,-0.20067109037223285,-0.2743939843574713,0.012024132739239413,-0.39880947380108944,False,False,False,all
2026-10-05,PRIM,80.56999969482422,7,1,False,0.034550937837670714,-0.32131918900714007,0.23953845684344954,-0.607931874964359,False,False,False,all
2026-10-05,RH,117.44999694824219,7,0,False,-0.22171745257264963,-0.2645850457455915,0.10489175518701921,-0.5093984964802167,False,True,False,all
2026-10-05,SVC,6.380000114440918,7,0,False,-0.1441985102240967,-0.2634410318391912,0.12920354101799592,-0.5274073989303023,False,True,False,all
2026-10-05,TROX,3.9100000858306885,7,3,False,-0.24015700869230827,-0.42228131054398166,0.3671329472897351,-0.6307837554775486,False,True,False,all
2026-10-05,TRTX,6.019999980926514,7,0,False,-0.20167622121234474,-0.27232728482030244,0.0008312742397182937,-0.3575240069955117,False,False,False,all
2026-10-05,WB,6.480000019073486,7,0,False,-0.08932485909524268,-0.2404662679059124,0.033492829152439896,-0.4925607058115731,True,True,False,all
2026-10-05,XENE,37.56999969482422,7,2,False,-0.32758461229408464,-0.29203273712363753,0.04158580573027404,-0.482934244408576,False,False,False,all
2026-10-05,TSLG,5.119999885559082,7,2,False,0.14639867968883014,-0.21596973279644482,0.5421686712379361,-0.5816993479329654,False,False,False,all
2026-10-05,TSLL,10.210000038146973,7,2,False,0.1371483351581606,-0.2278517845910334,0.5250186372457317,-0.569924172848209,False,True,False,all
2026-10-05,WU,6.099999904632568,7,0,False,-0.11928620229845144,-0.27215020869678663,0.03918228680707725,-0.4106280502603853,False,True,False,all
2026-10-05,INTU,284.67999267578125,7,0,False,-0.11902018677520698,-0.2733903544833379,0.1259294288841084,-0.5869234009965671,False,True,False,all
2026-10-05,CRCG,12.149999618530273,7,2,False,-0.05714554691108453,-0.4357720686218364,0.7812636624924134,-0.906394458144308,False,True,False,all
2026-10-05,NCLH,14.869999885559082,7,0,False,-0.10910071900107088,-0.23378558092737,0.09097577114503408,-0.4082769446019565,True,False,False,all
2026-10-05,TGLS,34.90999984741211,7,0,False,-0.12387253115226815,-0.21473093900431028,0.02525699352778621,-0.4825848641499654,False,False,False,all
2026-10-05,TSLT,14.300000190734863,7,2,False,0.1412609888854639,-0.22473789957661228,0.5277778541939919,-0.5670602264842326,False,True,False,all
2026-10-05,SITE,87.66000366210938,7,0,False,-0.08054219228573933,-0.2677367384475865,0.020192034317490393,-0.4799477638124813,False,True,False,all
2026-10-05,CSIQ,11.1899995803833,7,0,False,-0.16889486158989042,-0.3269517288209254,0.08220497246150171,-0.6764961106961398,False,True,False,all
2026-10-05,JBI,4.340000152587891,7,0,False,-0.1043050896187061,-0.22467461478800155,0.08229424061605939,-0.5794573371194451,False,False,False,all
2026-10-05,ZSL,27.040000915527344,7,3,False,0.06817520651820974,0.02075102286144892,0.8777778911001919,-0.8206896527300027,False,False,False,all
2026-10-05,TSLY,22.6200008392334,7,1,False,0.02782678433176211,-0.22003628362564165,0.10855182935806251,-0.48326670358056056,False,True,False,all
2026-10-05,RKT,11.680000305175781,7,0,False,-0.12460837444185024,-0.24805977600142948,0.03822224934895835,-0.5205254510456592,False,False,False,all
2026-10-05,GOF,8.600000381469727,7,0,False,-0.09964610034526855,-0.2229816395672779,0.023809615716916754,-0.4300861302513074,False,True,False,all
2026-10-05,LIF,42.56999969482422,7,0,False,-0.08978948176608248,-0.1331470524170143,0.150229711576509,-0.6217345001909382,True,True,False,all
2026-10-05,UUUU,10.819999694824219,7,0,False,-0.17509112669817595,-0.36759172414649277,0.01960037884557786,-0.6121863855640368,False,True,False,all
2026-10-05,ACM,59.7599983215332,6,0,False,-0.090125700127197,-0.25035376837480894,0.028925558497145953,-0.5590319035012232,False,True,False,all
2026-10-05,BIDU,86.98999786376953,6,0,False,-0.09922879320189826,-0.2730153836068637,0.03621204319282589,-0.47374472923311617,True,True,False,all
2026-10-05,ESAB,71.45999908447266,6,0,False,-0.07740217512762193,-0.26974106711367796,0.10226742351011442,-0.47998835659552896,False,False,False,all
2026-10-05,ESRT,4.230000019073486,6,0,False,-0.07187993017683603,-0.22492693122332963,0.07633586443265017,-0.4738805921463496,False,False,False,all
2026-10-05,EVLV,4.480000019073486,6,0,False,-0.14798120854057772,-0.23905289154784093,0.00448430061781413,-0.49148696870681874,False,False,False,all
2026-10-05,EYE,16.520000457763672,6,0,False,-0.10705113750909245,-0.2594518304714073,0.12000003103482526,-0.44970019300944664,True,True,False,all
2026-10-05,FBRT,6.170000076293945,6,0,False,-0.205286056663054,-0.2937796424641126,0.010647019986467443,-0.44886107686572607,False,True,False,all
2026-10-05,GLUE,10.270000457763672,6,1,False,-0.2947348619588409,-0.43422054126410325,0.41948863417297755,-0.6014745721640198,False,True,False,all
2026-10-05,GPI,241.44000244140625,6,0,False,-0.1081316428937682,-0.2504166738357786,0.031574446884387486,-0.476575523680449,False,False,False,all
2026-10-05,GPK,8.609999656677246,6,0,False,-0.18681529440108113,-0.23949337911454127,0.025000005676633075,-0.5609383279604656,False,False,False,all
2026-10-05,HUBG,28.739999771118164,6,0,False,-0.24744303817547086,-0.310865740158206,0.004192834673864443,-0.46038301395329784,False,False,False,all
2026-10-05,IESC,339.6199951171875,6,1,False,-0.2873525208920291,-0.3632752657466677,0.1558777028496574,-0.5840589936984684,True,True,False,all
2026-10-05,KRUS,40.369998931884766,6,0,False,-0.09190091118676647,-0.27265850004084213,0.18847152346558893,-0.5006184962806228,False,False,False,all
2026-10-05,LQDA,27.639999389648438,6,3,False,-0.6096232750977431,-0.48966404759124804,0.26152439900236346,-0.7047324088299177,False,False,False,all
2026-10-05,OCUL,7.25,6,0,False,-0.2553486462581681,-0.24407117203254813,0.1637239129701007,-0.559002447415943,False,False,False,all
2026-10-05,PRCT,17.81999969482422,6,0,False,-0.10266482771012009,-0.27637310782780966,0.06930685363603684,-0.5324062080968874,False,False,False,all
2026-10-05,QID,12.640000343322754,6,0,False,-0.10753368988690737,-0.2613456872416289,0.0023791187519677237,-0.4847125972481462,False,False,False,all
2026-10-05,CELH,27.520000457763672,6,0,False,-0.063773603633971,-0.242910873286439,0.16808153996547182,-0.5876535610034357,True,True,False,all
2026-10-05,CONL,5.809999942779541,6,2,False,0.08997446946024934,-0.2699973394447295,0.6320224820687126,-0.8891221417253177,False,True,False,all
2026-10-05,CONY,19.989999771118164,6,1,False,0.011588467657289936,-0.23377229170919933,0.1608594987350247,-0.744373394485567,False,False,False,all
2026-10-05,CIM,9.180000305175781,6,0,False,-0.19200095578624699,-0.277643108935275,0.007683935360768945,-0.3526093012970508,False,False,False,all
2026-10-05,WRD,5.070000171661377,6,0,False,-0.12685562296595687,-0.27327714757302013,0.022177446102500387,-0.5912938104959529,False,False,False,all
2026-10-05,BWXT,135.35000610351562,6,0,False,-0.13081055499342564,-0.28583127737781666,0.026467507030256243,-0.440286154974572,False,False,False,all
2026-10-05,LII,361.1499938964844,6,0,False,-0.09368099890583204,-0.2567026792807007,0.031208933349564205,-0.38503587466503264,False,True,False,all
2026-10-05,LVS,36.61000061035156,6,0,False,-0.16180523165013994,-0.2900333042835308,0.014689544135241484,-0.480340635965563,False,False,False,all
2026-10-05,ZTS,71.41000366210938,6,0,False,-0.039131681270980545,-0.2719998938067498,0.03838893627907636,-0.5200617858434653,False,True,False,all
2026-10-05,XRAY,8.5600004196167,6,0,False,-0.22503074044703653,-0.2617761863033674,0.014819204953362641,-0.42005418110585124,False,False,False,all
2026-10-05,SOUN,5.880000114440918,6,0,False,-0.10654590113301599,-0.24306787807571584,0.04070796729049064,-0.7347767210552103,False,True,False,all
2026-10-05,UPWK,8.359999656677246,6,0,False,-0.043565839267052264,-0.28615040767087196,0.12365585919101374,-0.6339754990881638,True,True,False,all
2026-10-05,CPRI,14.489999771118164,6,0,False,-0.004506877044946789,-0.22732158109572165,0.1685484045874197,-0.4874425349668208,False,True,False,all
2026-10-05,CRCA,17.780000686645508,6,1,False,-0.06572499534240128,-0.45559232712567865,0.7656406380810594,-0.913034967219165,False,True,False,all
2026-10-05,TIGR,4.400000095367432,6,0,False,-0.08961120546540635,-0.3070893308542003,0.10000002384185791,-0.612334806388996,False,True,False,all
2026-10-05,OLN,16.270000457763672,6,0,False,-0.0899632772975808,-0.2893256685904463,0.08829435888557513,-0.4658568303747095,False,False,False,all
2026-10-05,TMF,25.190000534057617,6,0,False,-0.16003652591659423,-0.275639442106302,0.016135522539643565,-0.4306057961494496,False,False,False,all
2026-10-05,MBC,6.980000019073486,6,0,False,-0.14414635052672542,-0.24962373289550166,0.1132376459819473,-0.4998208486396183,False,False,False,all
2026-10-05,POOL,159.34500122070312,6,0,False,-0.12561423896755775,-0.23499506396581704,0.012357099108262437,-0.49212748614915336,False,False,False,all
2026-10-05,IVR,5.699999809265137,6,0,False,-0.18803421410133248,-0.2835325852594214,0.008849506735177037,-0.400000020077354,False,False,False,all
2026-10-05,TME,7.869999885559082,6,0,False,-0.08328481443516278,-0.2923266558234241,0.027415149129268013,-0.6700901263223711,True,True,False,all
2026-10-05,WYNN,77.16999816894531,6,0,False,-0.16443439596257137,-0.2498444842089742,0.01874585041511967,-0.4271823228198858,False,False,False,all
2026-10-05,AVAV,139.3000030517578,5,0,False,-0.11776588396368493,-0.3061650049466239,0.030325489615840695,-0.6666347390632317,True,True,False,all
2026-10-05,BILI,14.75,5,0,False,-0.10517119872640635,-0.3277456463394067,0.030387735408166305,-0.594780236766931,True,True,False,all
2026-10-05,BRSP,3.7699999809265137,5,0,False,-0.18426518835260808,-0.3078123586674173,0.012080557703634032,-0.38848337319480586,False,False,False,all
2026-10-05,BSX,42.400001525878906,5,0,False,-0.09477914362630024,-0.31033807244310363,0.010968119080408734,-0.5986748612067644,True,True,False,all
2026-10-05,ETOR,25.690000534057617,5,1,False,-0.15960062138254738,-0.2379161052510611,0.03839938446759805,-0.41890972481199606,False,True,False,all
2026-10-05,FOUR,37.54999923706055,5,0,False,-0.15179197856237636,-0.22996158566732594,0.08651613845363704,-0.5363052892014301,False,False,False,all
2026-10-05,GILT,9.399999618530273,5,0,False,-0.09835597411389774,-0.34665283759529464,0.0032016791182063464,-0.5508839234844278,True,True,False,all
2026-10-05,GOOS,7.619999885559082,5,0,False,-0.07154695188169047,-0.2706249591231823,0.03532605262610611,-0.481279775138002,False,True,False,all
2026-10-05,HE,8.8100004196167,5,0,False,-0.20108090561281178,-0.34917184278006685,0.014976971183215282,-0.49309546346214517,False,False,False,all
2026-10-05,HROW,30.579999923706055,5,0,False,-0.1727488650798843,-0.24082184169483856,0.07147858944422247,-0.4424794753980882,False,True,False,all
2026-10-05,LEU,141.44000244140625,5,0,False,-0.1610564922633705,-0.29286681320629027,0.04191530343577354,-0.695336559092286,False,True,False,all
2026-10-05,LMND,46.66999816894531,5,0,False,-0.078057931133651,-0.24244148838138613,0.07832716001068962,-0.532832858297249,False,True,False,all
2026-10-05,MLCO,4.230000019073486,5,0,False,-0.17758680376698877,-0.25940839873661736,0.041871940564009114,-0.5561384955301893,False,False,False,all
2026-10-05,MPT,3.309999942779541,5,0,False,-0.17100782982185336,-0.3067700022260573,0.032761317183455985,-0.48840802934840677,False,False,False,all
2026-10-05,NB,3.4600000381469727,5,0,False,-0.17414549412069547,-0.3288948538108707,0.01764704149899643,-0.7249602496716343,True,True,False,all
2026-10-05,NKE,33.959999084472656,5,0,False,-0.12457983709537046,-0.3005171104761539,0.062245849667156516,-0.5458678839417872,False,False,False,all
2026-10-05,NKTR,42.220001220703125,5,2,False,-0.3873203253962737,-0.3542219339363383,0.2640718350863047,-0.6126605392596043,False,False,False,all
2026-10-05,OXM,25.3799991607666,5,0,False,-0.2420441832435467,-0.3276313817279881,0.04876026283578594,-0.48810007617083806,False,False,False,all
2026-10-05,PAR,14.619999885559082,5,0,False,-0.15189346047019825,-0.23939932909769834,0.2614322427161171,-0.6393685358808309,False,False,False,all
2026-10-05,PATK,66.58999633789062,5,0,False,-0.15864144318810802,-0.3334518188709209,0.014009413653073066,-0.5515825162431608,False,False,False,all
2026-10-05,PTLO,3.549999952316284,5,0,False,-0.1762958949001867,-0.2701705436747185,0.07902735364070246,-0.4802342617904447,False,False,False,all
2026-10-05,QXO,11.880000114440918,5,0,False,-0.10794737202123017,-0.3539879483201944,0.0664272664553116,-0.5697211209047617,False,False,False,all
2026-10-05,CRTO,14.5,5,0,False,-0.1832688366111086,-0.2206657940738148,0.015406181452570333,-0.4266508708942983,False,True,False,all
2026-10-05,CHWY,18.219999313354492,5,0,False,-0.16680388524011225,-0.25376804891773974,0.0471264202759496,-0.5410579606244458,False,False,False,all
2026-10-05,CAR,107.9800033569336,5,1,False,-0.17989954345884795,-0.3074802246716817,0.25616571087700857,-0.8726200285454733,False,True,False,all
2026-10-05,LI,10.850000381469727,5,0,False,-0.1130838227148776,-0.29327238373104414,0.017823690129202374,-0.5726663787989968,False,False,False,all
2026-10-05,JBGS,10.829999923706055,5,0,False,-0.08201668948804708,-0.25367220777761557,0.09063439988628907,-0.5139138424624247,False,False,False,all
2026-10-05,CLBT,11.199999809265137,5,0,False,-0.0972328722631679,-0.20276470901778354,0.16910228585183318,-0.4394394361426728,True,True,False,all
2026-10-05,SBIT,28.850000381469727,5,0,False,-0.3130952308842925,-0.41315985785661413,0.22245762352284548,-0.6229497404221009,True,False,False,all
2026-10-05,KNF,51.970001220703125,5,0,False,-0.168322962849219,-0.31916553537614367,0.05726787735354133,-0.4602201715868919,False,False,False,all
2026-10-05,DKNG,19.600000381469727,5,0,False,-0.16514744776073986,-0.2357229191934619,0.058315329212279554,-0.4699837581370495,False,False,False,all
2026-10-05,WINA,293.8599853515625,5,0,False,-0.09914831025096271,-0.24748707387345803,0.04931261617766247,-0.4427821300560273,True,False,False,all
2026-10-05,UPST,24.350000381469727,5,0,False,-0.11191671310982376,-0.24237119611451996,0.07958324327231514,-0.5590365837887666,False,False,False,all
2026-10-05,PMT,7.869999885559082,5,0,False,-0.13791215667283074,-0.2824973207134519,0.03010471506451573,-0.4301231248059936,False,False,False,all
2026-10-05,RIOX,21.020000457763672,5,2,False,-0.22259574584739628,-0.376908705125636,0.6219136107941803,-0.8632845498682038,False,True,False,all
2026-10-05,RTO,20.020000457763672,5,0,False,-0.13675639058922162,-0.31596128608881124,0.026666690141726734,-0.4225554798068599,False,False,False,all
2026-10-05,PSN,42.11000061035156,5,0,False,-0.09350013749889075,-0.2442379994160162,0.16133487478250386,-0.5294971998843401,False,True,False,all
2026-10-05,IONL,14.479999542236328,5,2,False,0.04274682200177726,-0.3609559776480352,0.6529679410847022,-0.9027143247883156,False,False,False,all
2026-10-05,YELP,18.5,5,0,False,-0.1728516506720882,-0.25336239068480104,0.07122174346459764,-0.46361266744877727,False,False,False,all
2026-10-05,ADTN,7.150000095367432,4,1,False,-0.06750481334014302,-0.3679865208387655,0.06240714340321296,-0.6421421291700818,True,True,False,all
2026-10-05,ALMS,6.840000152587891,4,2,False,-0.6043955960068053,-0.6905848843009788,0.725094653380568,-0.7818181796058012,True,True,False,all
2026-10-05,BBW,26.0,4,0,False,-0.1749698510725186,-0.3619107334611803,0.07660457187130643,-0.6398393251045646,True,True,False,all
2026-10-05,BROS,38.22999954223633,4,0,False,-0.21342628582816026,-0.31061780977059716,0.02219245942498449,-0.4835458976751703,False,True,False,all
2026-10-05,ERY,8.920000076293945,4,0,False,-0.05771992520728764,-0.2717534986727519,0.06571089584885037,-0.6035555521647136,False,False,False,all
2026-10-05,FIS,33.58000183105469,4,0,False,-0.1552965764299008,-0.2796904722144362,0.04610602577214351,-0.5143187427322679,False,False,False,all
2026-10-05,FULC,3.7100000381469727,4,1,False,-0.019063467079103003,-0.4351035127458156,0.31095411242573645,-0.7642947844920194,False,True,False,all
2026-10-05,FUN,12.130000114440918,4,1,False,-0.1868447101999705,-0.3076523460103262,0.16076558237697447,-0.5568140393677582,False,False,False,all
2026-10-05,IONX,26.200000762939453,4,2,False,0.03229673311744663,-0.39619509049715285,0.5599881300340461,-0.9159892851607054,False,False,False,all
2026-10-05,NAMS,22.799999237060547,4,0,False,-0.10602962439795671,-0.2669134654823131,0.08468119602915802,-0.4597796884755926,False,False,False,all
2026-10-05,NXRT,18.610000610351562,4,0,False,-0.19794851984280537,-0.3095144691549061,0.026192466251709234,-0.4249072849399621,False,False,False,all
2026-10-05,PLTD,4.739999771118164,4,0,False,-0.1370019047684532,-0.33172659512543223,0.032679654366830846,-0.5127968212032705,False,True,False,all
2026-10-05,RGNX,7.760000228881836,4,1,False,-0.159645638575168,-0.21193869789098685,0.4225481828439319,-0.5206917867261498,True,False,False,all
2026-10-05,SRAD,12.079999923706055,4,0,False,-0.07025429695504637,-0.23896883170727667,0.06057941699604985,-0.5662477645155222,False,False,False,all
2026-10-05,TPB,57.61000061035156,4,0,False,-0.2375514745482693,-0.36708338486794867,0.05339188255558924,-0.607828434281982,False,False,False,all
2026-10-05,TRIP,8.789999961853027,4,0,False,-0.14173566510380076,-0.23688642962247253,0.09600990774806828,-0.5067340004272803,False,False,False,all
2026-10-05,TU,7.880000114440918,4,0,False,-0.16073785862555312,-0.3310440456756447,0.0038216828245623002,-0.4990463862835802,False,True,False,all
2026-10-05,ZG,28.1299991607666,4,0,False,-0.15802645655889136,-0.3397473243934913,0.032293547184095495,-0.6314203449521989,False,True,False,all
2026-10-05,CSGP,27.65999984741211,4,0,False,-0.08654989629147669,-0.30655575866996543,0.06836618383511306,-0.6755044516587355,False,True,False,all
2026-10-05,CPNG,14.199999809265137,4,0,False,-0.07875958820865503,-0.21407797945036133,0.06367036730390208,-0.5691355556121434,False,True,False,all
2026-10-05,RBLX,44.58000183105469,4,2,False,0.051965933204524584,-0.19237078847440514,0.31582055565545186,-0.685945735896638,False,False,False,all
2026-10-05,KTOS,42.02000045776367,4,0,False,-0.17698857364858256,-0.3891656053022444,0.006708164064145761,-0.6864179070316143,True,False,False,all
2026-10-05,APTV,43.88999938964844,4,0,False,-0.07442555868028855,-0.304979877231381,0.031249952383509028,-0.5064657681431042,False,True,False,all
2026-10-05,LULU,93.13999938964844,4,0,False,-0.1647520817206768,-0.3549274085290486,0.020364588400450856,-0.5878396267342794,True,True,False,all
2026-10-05,PFSI,62.95000076293945,4,0,False,-0.12906929237044462,-0.31266373788309987,0.035532156849505725,-0.6074457438055416,False,False,False,all
2026-10-05,PODD,135.6199951171875,4,0,False,-0.06263654296164811,-0.29588253406252807,0.072942986392456,-0.6178426700541453,False,True,False,all
2026-10-05,NRG,96.80000305175781,4,0,False,-0.1458632371330184,-0.31123299899287793,0.03684664116234848,-0.49041903753159133,False,True,False,all
2026-10-05,DFEN,46.869998931884766,4,0,False,-0.29718756964737447,-0.34986484390646755,0.0189130202583645,-0.5205115198784167,True,False,False,all
2026-10-05,RWT,3.440000057220459,4,0,False,-0.2061660504262961,-0.34286559262896477,0.06832298964456296,-0.506456217966992,False,False,False,all
2026-10-05,VIXY,16.540000915527344,4,0,False,-0.09229599281459067,-0.32677470981794243,0.0415617629930769,-0.5833752998068533,False,True,False,all
2026-10-05,FVRR,8.59000015258789,4,0,False,-0.057493958053666305,-0.2652593266357801,0.03369431032882031,-0.6477775963340866,False,True,False,all
2026-10-05,UTSL,30.229999542236328,4,1,False,-0.183696622780387,-0.3062018491198435,0.07160583209219307,-0.45245426474317296,False,False,False,all
2026-10-05,CWEB,18.43000030517578,4,0,False,-0.13172522606488946,-0.34569981920244475,0.07840843420852628,-0.6949180541015132,True,False,False,all
2026-10-05,DKS,137.1300048828125,4,0,False,-0.14359690270955472,-0.31155609953979324,0.14132337196247402,-0.4388656921888089,True,True,False,all
2026-10-05,PONY,6.110000133514404,4,0,False,-0.16808494422120013,-0.4041683703490344,0.023450644596799908,-0.7535296527686945,False,False,False,all
2026-10-05,VXX,17.200000762939453,4,0,False,-0.09231471374695299,-0.32418425141768203,0.005847975394087879,-0.578689517660623,False,True,False,all
2026-10-05,NNE,15.510000228881836,4,0,False,-0.11367375393669688,-0.3350810038053412,0.05438478508907196,-0.7451946689495106,False,True,False,all
2026-10-05,LINC,22.200000762939453,4,2,False,-0.22550391941518777,-0.38530971391627467,0.28397915485375513,-0.6059637787927885,False,True,False,all
2026-10-05,GT,4.679999828338623,4,0,False,-0.2099666071835966,-0.3385112512756714,0.015184315140324145,-0.5593220453135392,False,False,False,all
2026-10-05,AGNT,3.869999885559082,3,0,False,-0.04338156490595346,-0.34963996946536147,0.13823522853191528,-0.6834614805587256,False,False,False,all
2026-10-05,ALNY,219.88999938964844,3,0,False,-0.0855116664202028,-0.27194612135422436,0.1116222744227795,-0.5562708005120278,False,True,False,all
2026-10-05,AMSF,23.280000686645508,3,0,False,-0.11470769546538617,-0.2767097527318443,0.0034482724601392345,-0.4676423295143035,False,False,False,all
2026-10-05,ARDX,3.390000104904175,3,0,False,-0.13553484742175836,-0.397110916514397,0.03353662636399224,-0.5964285406125632,False,True,False,all
2026-10-05,ARI,6.230000019073486,3,0,False,-0.06225540034123411,-0.34218167505015884,0.019639915374283223,-0.44572952438292435,False,False,False,all
2026-10-05,BLDR,55.630001068115234,3,0,False,-0.15104992386736849,-0.3481246328630093,0.016073078869684565,-0.5769581667823936,False,True,False,all
2026-10-05,DQ,11.039999961853027,3,0,False,-0.13460634894296208,-0.41410914585142355,0.015639381608438807,-0.6982782203931692,False,True,False,all
2026-10-05,DRIP,34.380001068115234,3,0,False,-0.06849208466158707,-0.3417805913893507,0.126289975356618,-0.6527272619382299,False,False,False,all
2026-10-05,DUST,40.2599983215332,3,2,False,0.006530156553959943,-0.20941711919789885,0.3877972424643785,-0.6852228472148445,False,True,False,all
2026-10-05,ERII,6.829999923706055,3,0,False,-0.10942472297848382,-0.3360326315864325,0.03484848824195419,-0.62718340406765,False,True,False,all
2026-10-05,FMC,9.0,3,0,False,-0.1590671219536005,-0.31773213972499603,0.08043218276475805,-0.7217068658770613,False,False,False,all
2026-10-05,GPCR,27.59000015258789,3,0,False,-0.37689145173765626,-0.48282875064248787,0.07815552903768719,-0.709272921928624,False,False,False,all
2026-10-05,LMB,49.939998626708984,3,0,False,-0.019438477764277318,-0.33024789796175746,0.22582220346605597,-0.5655502396472863,False,True,False,all
2026-10-05,NIO,3.4200000762939453,3,1,False,-0.17271406106430165,-0.3220338832449865,0.014836852353948382,-0.5648854938676984,True,True,False,all
2026-10-05,ONT,14.210000038146973,3,0,False,-0.1710225421210727,-0.3045648615472575,0.15905381507835292,-0.5401294429264185,False,False,False,all
2026-10-05,ORCX,19.770000457763672,3,1,False,-0.056639762153652184,-0.38328215955290124,0.4420131584795941,-0.8724104495183216,False,True,False,all
2026-10-05,PLNT,42.06999969482422,3,0,False,-0.15680230929597583,-0.3764261877341485,0.13610588932412182,-0.6318046656023619,False,False,False,all
2026-10-05,SMR,7.679999828338623,3,0,False,-0.14681837317792545,-0.35454050396560677,0.06518721049999376,-0.8662486925593071,False,True,False,all
2026-10-05,VNET,5.445000171661377,3,0,False,-0.17943846790624007,-0.38133961548384965,0.06764711244708632,-0.6239640646549056,False,True,False,all
2026-10-05,WD,33.060001373291016,3,0,False,-0.2039374174779638,-0.3462106739464348,0.008849585336476284,-0.6326666514078776,False,False,False,all
2026-10-05,Z,27.40999984741211,3,0,False,-0.16375562872969862,-0.35560996943404566,0.027746523022169844,-0.6547859027625038,False,False,False,all
2026-10-05,CRWG,18.290000915527344,3,1,False,-0.061271367833509394,-0.42973704491131803,0.7157599603500504,-0.8897860726009427,False,False,False,all
2026-10-05,CHTR,107.7699966430664,3,0,False,-0.22992058547809158,-0.38195974791330256,0.02726139434870678,-0.6213281998178596,False,False,False,all
2026-10-05,BUR,3.549999952316284,3,0,False,-0.14965988026243027,-0.4021455488611517,0.008522719191002448,-0.7058823494553548,False,False,False,all
2026-10-05,BXMT,11.010000228881836,3,0,False,-0.1995172228844193,-0.3724993922458282,0.0208718229461744,-0.46734396767085606,False,False,False,all
2026-10-05,CWVX,15.220000267028809,3,1,False,-0.061779520929595266,-0.4171502098327641,0.7236693543074002,-0.8792063470870729,False,True,False,all
2026-10-05,KLAR,13.09000015258789,3,0,False,-0.1627329771865077,-0.27096530983384504,0.08540627671088652,-0.7074860301097678,True,True,False,all
2026-10-05,STLA,4.489999771118164,3,0,False,-0.13987974426686722,-0.3762459777006141,0.04418594696639544,-0.6325695848605845,False,False,False,all
2026-10-05,PNR,52.779998779296875,3,0,False,-0.13211631987291117,-0.34657314579076126,0.01970634642272251,-0.5368143905851059,False,True,False,all
2026-10-05,OKLO,35.970001220703125,3,0,False,-0.1123296345467737,-0.3925904948614676,0.04624782150057838,-0.8144345754216673,False,True,False,all
2026-10-05,IIIV,14.970000267028809,3,0,False,-0.10823850239916555,-0.2814491855014086,0.09831255622427815,-0.559317052426089,False,True,False,all
2026-10-05,COLL,21.8700008392334,3,0,False,-0.1743617765672587,-0.3858720864833841,0.020531989164337405,-0.5693779632969735,True,True,False,all
2026-10-05,LABD,7.25,3,0,False,-0.007175720145566555,-0.46191469321344547,0.24784854929474465,-0.8078961399692621,False,False,False,all
2026-10-05,REAX,16.440000534057617,3,0,False,-0.1711077328627031,-0.318038259274917,0.1528751942626525,-0.6346666547987196,False,True,False,all
2026-10-05,SMPL,9.9399995803833,3,0,False,-0.05764130151452451,-0.2766608813123259,0.060266621907552054,-0.612626670323781,False,True,False,all
2026-10-05,RCAT,6.34499979019165,3,0,False,-0.2288527202068864,-0.4200858840587679,0.09965334682250848,-0.6621405986047918,False,True,False,all
2026-10-05,SERV,4.880000114440918,3,1,False,0.022589181552736592,-0.3958900588454064,0.170263795001649,-0.7381974101806579,False,True,False,all
2026-10-05,QDEL,12.140000343322754,3,0,False,-0.1018716909372629,-0.32171379819644763,0.22379034777771767,-0.658797084919574,False,False,False,all
2026-10-05,NVTX,17.649999618530273,3,2,False,-0.020247863336094074,-0.5616115364715413,0.47083330154418945,-0.9159523827689035,True,False,False,all
2026-10-05,ABR,3.4700000286102295,2,0,False,-0.2755438609849793,-0.45914772482174804,0.020588215082162575,-0.7241653378652826,False,False,False,all
2026-10-05,AHCO,5.739999771118164,2,0,False,-0.10421677253233419,-0.40145051438869783,0.10172739521892504,-0.5725986864716579,True,True,False,all
2026-10-05,APP,281.9700012207031,2,0,False,-0.14167988771652817,-0.3792481700495661,0.05670066365783444,-0.6179320097429974,False,True,False,all
2026-10-05,ARRY,3.9000000953674316,2,0,False,-0.16242508806177525,-0.47795356438714065,0.037234070547677245,-0.6811119998902067,False,True,False,all
2026-10-05,BOIL,20.260000228881836,2,1,False,0.009326061346560666,-0.3283595624444946,0.10649922554976388,-0.7837780054563608,False,False,False,all
2026-10-05,FLO,5.599999904632568,2,0,False,-0.1581732493892345,-0.33803017709470884,0.037037001061669184,-0.578313251714226,False,False,False,all
2026-10-05,FLUT,75.7300033569336,2,0,False,-0.20489260876416238,-0.36770130738280593,0.030340181726987714,-0.7061995635948607,False,True,False,all
2026-10-05,FNGD,23.68000030517578,2,0,False,-0.14141241187302922,-0.471151392122214,0.011965841504705699,-0.7289997591039119,False,True,False,all
2026-10-05,FUBO,8.619999885559082,2,0,False,-0.13932544939838298,-0.3945864020526826,0.08427674117842243,-0.8363705422243103,False,True,False,all
2026-10-05,HIMZ,27.350000381469727,2,1,False,-0.046752010391687415,-0.29780652837195043,1.2099223891297775,-0.9301547542792453,True,True,False,all
2026-10-05,IMSR,3.75,2,0,False,-0.24674594342382483,-0.44657615094635206,0.02459013990675496,-0.8809523809523809,False,True,False,all
2026-10-05,IPX,16.610000610351562,2,0,False,-0.21673847464611362,-0.4913146625265248,0.08279012028232735,-0.7296989356529175,False,True,False,all
2026-10-05,JDST,25.770000457763672,2,2,False,0.0029813311105049145,-0.24540234046263398,0.3598944285090533,-0.7448514806162012,False,True,False,all
2026-10-05,NAIL,26.6299991607666,2,0,False,-0.2576258748301705,-0.41796804051146397,0.02501923133114592,-0.6720443329851247,False,False,False,all
2026-10-05,NFXL,12.989999771118164,2,0,False,-0.22591026946157877,-0.43142400980001294,0.033412894708890306,-0.784237199966038,False,False,False,all
2026-10-05,PLAY,6.760000228881836,2,0,False,-0.23532869388392064,-0.4587182413578751,0.07987220155250863,-0.6941176419820372,False,True,False,all
2026-10-05,QS,4.619999885559082,2,0,False,-0.14460287311683007,-0.36668084937296885,0.03587440494251326,-0.7577346638965603,False,True,False,all
2026-10-05,REZI,18.559999465942383,2,0,False,-0.1349278527845852,-0.4121190013258088,0.05996568951087888,-0.5901965314472046,True,True,False,all
2026-10-05,ROL,29.690000534057617,2,0,False,-0.15418887347885546,-0.4001074805803986,0.01382962911919905,-0.5511037071659787,False,False,False,all
2026-10-05,TLRY,3.7200000286102295,2,0,False,-0.1387692698528905,-0.39228594765177205,0.05084747703301673,-0.8396551764535846,False,True,False,all
2026-10-05,UTI,19.170000076293945,2,1,False,-0.23336558792241824,-0.4166452378111436,0.06381795723178318,-0.6266069337881051,False,False,False,all
2026-10-05,CCOI,8.880000114440918,2,0,False,-0.10968517050867288,-0.4806485974210113,0.24544179129192378,-0.8056467414895053,False,False,False,all
2026-10-05,DFH,9.880000114440918,2,0,False,-0.25874796950147716,-0.36440745471743285,0.014894757357717614,-0.6366979141271588,False,False,False,all
2026-10-05,MNSO,8.890000343322754,2,0,False,-0.1515556147278193,-0.39002213966867405,0.03976609883077309,-0.6151515066443851,True,True,False,all
2026-10-05,MNST,43.5099983215332,2,0,False,-0.194039893324628,-0.424766718961082,0.059926897203246066,-0.566374328188979,False,False,False,all
2026-10-05,RUN,7.610000133514404,2,0,False,-0.15696417142404473,-0.43595472531001045,0.021476554140348325,-0.6608734424063599,False,True,False,all
2026-10-05,JOBY,5.78000020980835,2,0,False,-0.17296242658433625,-0.3938503925134621,0.010489584233828841,-0.7107106935818577,True,True,False,all
2026-10-05,PCT,4.090000152587891,2,0,False,-0.33464558149554036,-0.4806365505409911,0.05958556055513986,-0.7359586692690668,False,False,False,all
2026-10-05,IONS,43.5,2,0,False,-0.18912571117799248,-0.38046366828292477,0.020408137698487483,-0.4985012558068147,False,False,False,all
2026-10-05,RKLX,18.68000030517578,2,2,False,0.023853380340424835,-0.5170880429006128,0.4054623271747879,-0.8373247408577159,True,False,False,all
2026-10-05,OLMA,8.25,2,0,False,-0.20608953228049076,-0.4822912221506416,0.24060148596797326,-0.7724702761544644,False,False,False,all
2026-10-05,SQQQ,32.25,2,0,False,-0.15873222568495426,-0.3919631677555381,0.002798512220612892,-0.6445105867939489,False,False,False,all
2026-10-05,WHR,30.030000686645508,2,0,False,-0.19825498624901527,-0.4351206931780788,0.018311323150846937,-0.6832946553122093,False,False,False,all
2026-10-05,CWH,4.550000190734863,2,0,False,-0.2514230892794961,-0.42768372876240546,0.14754105655210648,-0.7346938605282143,False,False,False,all
2026-10-05,PHAT,6.699999809265137,2,0,False,-0.22265668073952682,-0.4102541135187202,0.00827687411534872,-0.6340797375921551,False,True,False,all
2026-10-05,XPEV,9.399999618530273,2,0,False,-0.1611636937953388,-0.39333118482588914,0.02396506601753101,-0.6670798861224735,False,True,False,all
2026-10-05,VITL,9.25,2,0,False,-0.15458716240289538,-0.4266392678233967,0.1635220404936122,-0.7951500332175618,False,False,False,all
2026-10-05,UAMY,3.950000047683716,2,0,False,-0.22794259840918696,-0.4761551014717498,0.02597406377356548,-0.7995941029345107,False,True,False,all
2026-10-05,WING,106.83999633789062,2,0,False,-0.0585249883107698,-0.39268101517652076,0.11500727069676309,-0.6471598393493345,False,True,False,all
2026-10-05,ALHC,8.5,1,0,False,-0.31093186555876584,-0.5267346227685542,0.15332430556139642,-0.6616242151264435,False,False,False,all
2026-10-05,ALIT,8.739999771118164,1,0,False,-0.36199724527008237,-0.5324152980564896,0.027075314228615976,-0.870901031534757,False,False,False,all
2026-10-05,AMDD,21.796600341796875,1,0,False,-0.21838814522468664,-0.6100581830898538,0.02379518104670697,-0.847362745966492,False,False,False,all
2026-10-05,APLX,6.994999885559082,1,0,False,-0.2368452768286159,-0.6401443596663415,0.09467919119163093,-0.8834166685740152,False,False,False,all
2026-10-05,ASTX,9.40999984741211,1,0,False,-0.18971516731176685,-0.7312133227805091,0.10966985322861511,-0.9175862688539023,True,False,False,all
2026-10-05,BETR,11.130000114440918,1,0,False,-0.22338902890722312,-0.5913954383740272,0.1345565380593321,-0.8799223236456735,False,False,False,all
2026-10-05,BIOA,6.360000133514404,1,0,False,-0.3792638865881145,-0.6185735416169857,0.2619047979468754,-0.7549605027081705,False,True,False,all
2026-10-05,BRBR,7.730000019073486,1,0,False,-0.2448812091304735,-0.48474738835012177,0.05457027278728699,-0.7861983050736583,False,False,False,all
2026-10-05,ETHD,24.059999465942383,1,0,False,-0.3845319647176656,-0.5831817564385506,0.05157344180323142,-0.7747191125614263,True,False,False,all
2026-10-05,EYPT,3.1500000953674316,1,0,False,-0.5394602038837955,-0.7473319378562255,0.03278693266050836,-0.8351648354390355,True,True,False,all
2026-10-05,FICO,689.6099853515625,1,0,False,-0.322232508195741,-0.43155139408741927,0.1767084714882341,-0.6344074184952169,False,False,False,all
2026-10-05,FLNC,7.650000095367432,1,0,False,-0.2857342866187079,-0.5465753043589077,0.09129812347918875,-0.7717099230514848,False,True,False,all
2026-10-05,GDXD,22.520000457763672,1,1,False,-0.05349516135585097,-0.44736669925571215,0.5803509093167489,-0.8919904054783517,False,True,False,all
2026-10-05,JKS,9.199999809265137,1,0,False,-0.3048839614947366,-0.5588228337391712,0.03139010432469913,-0.7114178151990921,False,False,False,all
2026-10-05,KRMN,33.02000045776367,1,0,False,-0.2662841673398262,-0.5188149552430539,0.04312114173145565,-0.7210677375918735,True,False,False,all
2026-10-05,LCID,4.170000076293945,1,1,False,-0.22179713380940647,-0.45225631322237936,0.759493788038831,-0.8347205647264024,True,True,False,all
2026-10-05,METC,7.994999885559082,1,0,False,-0.2540377216566484,-0.44729706755864274,0.01588310061215714,-0.8616782008461896,False,True,False,all
2026-10-05,MUD,9.09000015258789,1,0,False,-0.13550421734327533,-0.9309830480977258,0.04064115739710106,-0.9910266533538126,False,True,False,all
2026-10-05,PLTZ,7.739999771118164,1,0,False,-0.33866504820279486,-0.6932768877579174,0.0588235063891287,-0.8232473256611953,False,True,False,all
2026-10-05,PZZA,19.540000915527344,1,0,False,-0.1662826190516994,-0.3886662080894031,0.03276960025017317,-0.649443840560989,False,True,False,all
2026-10-05,RARE,14.5,1,0,False,-0.307614801172281,-0.39547565653100514,0.13904167489488595,-0.6365003704722345,True,False,False,all
2026-10-05,RGTX,8.6899995803833,1,0,False,-0.1883663098790418,-0.6329635254666461,0.13003894872847255,-0.9826823439781178,True,False,False,all
2026-10-05,SCO,19.579999923706055,1,0,False,-0.17351883285141279,-0.49090294768683007,0.019791622170145518,-0.7673479197753245,False,False,False,all
2026-10-05,SFBS,39.5099983215332,1,0,False,-0.3001443915067782,-0.464196922793617,0.020402817043499333,-0.5709166210267369,True,False,False,all
2026-10-05,SMST,11.510000228881836,1,0,False,-0.6477060409730468,-0.7826917010809936,0.07570097514537522,-0.9253368244210313,True,False,False,all
2026-10-05,SSG,9.729999542236328,1,0,False,-0.19237030020946588,-0.49790365357101496,0.008290147862020314,-0.7446864501074442,False,False,False,all
2026-10-05,SSTK,4.010000228881836,1,0,False,-0.23230075244582615,-0.695542066545515,0.06648942527996593,-0.8640677888514632,False,True,False,all
2026-10-05,TECS,48.06999969482422,1,0,False,-0.21981764286162242,-0.5883258242807368,0.009661816395201583,-0.8000415935304763,False,False,False,all
2026-10-05,TREE,24.510000228881836,1,0,False,-0.1639149557621039,-0.4003214849315557,0.04297873314390799,-0.6444218755205571,False,True,False,all
2026-10-05,CAPR,7.78000020980835,1,2,False,0.03774845567570173,-0.6558207354718479,1.6283784153863752,-0.8072826253244312,True,True,False,all
2026-10-05,CTVA,12.390000343322754,1,2,False,-0.8397609950719859,-0.8409178699614481,0.05536631898440669,-0.863801251213977,False,False,False,all
2026-10-05,BYND,8.0600004196167,1,0,False,-0.36284581663109094,-0.612266967541971,0.028061258003443834,-0.9650628499079479,False,False,False,all
2026-10-05,CRDU,10.680000305175781,1,1,False,-0.0980872109602936,-0.7143046223260213,0.9524681379926689,-0.9158259730740334,True,False,False,all
2026-10-05,FRMI,4.059999942779541,1,0,False,-0.25766109704267703,-0.419678760853998,0.035714250959391514,-0.874652669981924,False,True,False,all
2026-10-05,NVD,3.309999942779541,1,0,False,-0.19094643723364946,-0.41575434587751514,0.009146332820563874,-0.6608259040581534,False,False,False,all
2026-10-05,SOC,3.4700000286102295,1,1,False,-0.2221126214858451,-0.6312002440426716,0.20486107316834112,-0.8326904500046121,False,False,False,all
2026-10-05,SOFX,7.079999923706055,1,0,False,-0.20395952333084444,-0.4682734696434925,0.04966642606832372,-0.8723841469380762,False,False,False,all
2026-10-05,UVIX,35.16999816894531,1,0,False,-0.19679177957846095,-0.625689712617539,0.015886749105413767,-0.8799330992874543,False,False,False,all
2026-10-05,SMCZ,4.139999866485596,1,1,False,-0.13961871701204198,-0.8271882601990321,0.6428571023097651,-0.937931033644602,False,True,False,all
2026-10-05,RDTL,12.539999961853027,1,0,False,-0.12315418477853057,-0.44591642897097095,0.1515151117090623,-0.8070769236637996,False,True,False,all
2026-10-05,SION,4.849999904632568,1,0,False,-0.6646940140730455,-0.8556763488630053,0.2094762164103321,-0.9117700600885936,False,True,False,all
2026-10-05,WVE,3.75,1,0,False,-0.23823840123471174,-0.565265274482659,0.053370803447854165,-0.8274275159228065,False,False,False,all
2026-10-05,QFIN,6.554999828338623,1,0,False,-0.35012147237986746,-0.5216847340495823,0.04963970351646996,-0.7884801588657092,False,False,False,all
2026-10-05,CCB,40.95000076293945,1,0,False,-0.1372335721263066,-0.454955997473641,0.15157478013195025,-0.6588921305959112,False,True,False,all
2026-10-05,OI,5.570000171661377,1,0,False,-0.17785975788941477,-0.4616901018706008,0.05094339079430821,-0.6706090939135163,False,False,False,all
2026-10-05,VISN,6.199999809265137,1,0,False,-0.2960465285824494,-0.559764629877676,0.05084740831330814,-0.6982968350634362,True,True,False,all
2026-10-05,EOSE,3.2699999809265137,1,0,False,-0.11068806564516143,-0.5537648561569997,0.10472970904879042,-0.8353474380447852,False,False,False,all
2026-10-05,TTD,11.979999542236328,1,0,False,-0.16896741911877233,-0.46700659458617444,0.020442911055977397,-0.7875509900353801,False,True,False,all
2026-10-05,SOXS,29.6200008392334,1,0,False,-0.3359786410613558,-0.9893943019263798,0.04075902291204292,-0.9980828478421209,False,False,False,all
2026-10-05,CONI,23.5,1,0,False,-0.340014448432993,-0.5618319046438751,0.2176166284439256,-0.8340981220431719,True,False,False,all
2026-10-05,DFNS,6.78000020980835,1,1,False,-0.6678408106373754,-0.9487562220357204,0.8324324655219353,-0.9965208465889374,True,True,False,all
2026-10-05,LABX,15.59000015258789,1,3,False,0.2628185520979165,-0.6770906783062672,0.9987179194054745,-0.9334471711735842,False,True,False,all
2026-10-05,STUB,5.53000020980835,1,0,False,-0.19430033282450143,-0.4001453293255457,0.060402693768694116,-0.7426709972682046,True,False,False,all
2026-10-05,SPRY,4.289999961853027,1,0,False,-0.17984209744564872,-0.4687915066233268,0.0765370325686967,-0.6737642519922367,False,True,False,all
2026-10-05,UVXY,16.690000534057617,1,0,False,-0.14278374415216177,-0.4824148016313369,0.012128609200453111,-0.7635977210371265,False,False,False,all
2026-10-05,APPX,10.100000381469727,1,0,False,-0.31232166997691624,-0.7442087559375252,0.10989010528354415,-0.9266201654587531,False,False,False,all
2026-10-05,NVDQ,7.429999828338623,1,0,False,-0.19696512845388248,-0.4292704492567849,0.008825534180646688,-0.6387065579680473,False,False,False,all
2026-10-05,CABO,11.25,1,0,False,-0.5708662017160843,-0.8315442084241061,0.13636368015033762,-0.9377558943339442,False,False,False,all
